{"_wandb":{"runtime":149},"_runtime":149.389391267,"_timestamp":1.7293807963217897e+09,"train_loss":0.9200504276810623,"test_accuracy":0.5524691358024691,"_step":199,"epoch":199,"train_accuracy":0.5509259259259259,"LR":0.0001}