{"_wandb":{"runtime":40},"_timestamp":1.7293798729374511e+09,"_runtime":40.690786926,"_step":49,"train_loss":0.9445352249029206,"train_accuracy":0.5347222222222222,"test_accuracy":0.5617283950617284}