{"_runtime":150.242056356,"train_accuracy":0.5748456790123457,"train_loss":0.8881274708887426,"test_accuracy":0.5308641975308642,"_step":199,"LR":0.0001,"epoch":199,"_wandb":{"runtime":150},"_timestamp":1.7293811426849818e+09}