,cv,feature,class,weight
0,0,gene_length.meta,down,-0.08437797431079581
1,0,9mo.2mo.activity.log_ratio.count.0-5kb.enhancer_DMR,down,0.16493958064657718
2,0,18mo.2mo.activity.log_ratio.count.0-5kb.enhancer_DMR,down,0.40642394676285487
3,0,18mo.9mo.activity.log_ratio.count.0-5kb.enhancer_DMR,down,-0.3405067619565471
4,0,9mo.2mo.contact.log_ratio.count.0-5kb.enhancer_DMR,down,0.16493958064657718
5,0,18mo.2mo.contact.log_ratio.count.0-5kb.enhancer_DMR,down,0.40642394676285487
6,0,18mo.9mo.contact.log_ratio.count.0-5kb.enhancer_DMR,down,-0.3405067619565471
7,0,9mo.2mo.activity.log_ratio.mean.5kb-20kb.enhancer_DMR,down,0.054099648005877146
8,0,9mo.2mo.activity.log_ratio.median.5kb-20kb.enhancer_DMR,down,0.28755681687789364
9,0,9mo.2mo.activity.log_ratio.max.5kb-20kb.enhancer_DMR,down,-0.015340236683691543
10,0,9mo.2mo.activity.log_ratio.min.5kb-20kb.enhancer_DMR,down,0.04790970702345198
11,0,9mo.2mo.activity.log_ratio.count.5kb-20kb.enhancer_DMR,down,0.1312802795534481
12,0,18mo.2mo.activity.log_ratio.mean.5kb-20kb.enhancer_DMR,down,-0.02116996409146265
13,0,18mo.2mo.activity.log_ratio.median.5kb-20kb.enhancer_DMR,down,-0.25566930605462374
14,0,18mo.2mo.activity.log_ratio.max.5kb-20kb.enhancer_DMR,down,-0.2535606916954995
15,0,18mo.2mo.activity.log_ratio.min.5kb-20kb.enhancer_DMR,down,0.40208429843578414
16,0,18mo.2mo.activity.log_ratio.count.5kb-20kb.enhancer_DMR,down,0.017847191023565582
17,0,18mo.9mo.activity.log_ratio.mean.5kb-20kb.enhancer_DMR,down,0.1574745333261332
18,0,18mo.9mo.activity.log_ratio.median.5kb-20kb.enhancer_DMR,down,0.18414454842834016
19,0,18mo.9mo.activity.log_ratio.max.5kb-20kb.enhancer_DMR,down,-0.047067280955093445
20,0,18mo.9mo.activity.log_ratio.min.5kb-20kb.enhancer_DMR,down,-0.06520059298899902
21,0,18mo.9mo.activity.log_ratio.count.5kb-20kb.enhancer_DMR,down,-0.26977061400216984
22,0,9mo.2mo.contact.log_ratio.mean.5kb-20kb.enhancer_DMR,down,-0.08222749606655624
23,0,9mo.2mo.contact.log_ratio.median.5kb-20kb.enhancer_DMR,down,-0.21210919402634834
24,0,9mo.2mo.contact.log_ratio.max.5kb-20kb.enhancer_DMR,down,-0.34621116794202283
25,0,9mo.2mo.contact.log_ratio.min.5kb-20kb.enhancer_DMR,down,0.45935969767658197
26,0,9mo.2mo.contact.log_ratio.count.5kb-20kb.enhancer_DMR,down,0.1312802795534481
27,0,18mo.2mo.contact.log_ratio.mean.5kb-20kb.enhancer_DMR,down,0.09779499080609157
28,0,18mo.2mo.contact.log_ratio.median.5kb-20kb.enhancer_DMR,down,0.04629499327739444
29,0,18mo.2mo.contact.log_ratio.max.5kb-20kb.enhancer_DMR,down,0.2524465373816615
30,0,18mo.2mo.contact.log_ratio.min.5kb-20kb.enhancer_DMR,down,-0.11812626425605231
31,0,18mo.2mo.contact.log_ratio.count.5kb-20kb.enhancer_DMR,down,0.017847191023565582
32,0,18mo.9mo.contact.log_ratio.mean.5kb-20kb.enhancer_DMR,down,-0.053877056822066914
33,0,18mo.9mo.contact.log_ratio.median.5kb-20kb.enhancer_DMR,down,0.14765476034057687
34,0,18mo.9mo.contact.log_ratio.max.5kb-20kb.enhancer_DMR,down,-0.060125428212157384
35,0,18mo.9mo.contact.log_ratio.min.5kb-20kb.enhancer_DMR,down,-0.08385412715228975
36,0,18mo.9mo.contact.log_ratio.count.5kb-20kb.enhancer_DMR,down,-0.26977061400216984
37,0,9mo.2mo.activity.log_ratio.count.20kb-5Mb.enhancer_DMR,down,0.050901762050372494
38,0,18mo.2mo.activity.log_ratio.count.20kb-5Mb.enhancer_DMR,down,-0.18726462523462506
39,0,18mo.9mo.activity.log_ratio.count.20kb-5Mb.enhancer_DMR,down,0.07827184878027824
40,0,9mo.2mo.contact.log_ratio.count.20kb-5Mb.enhancer_DMR,down,0.050901762050372494
41,0,18mo.2mo.contact.log_ratio.count.20kb-5Mb.enhancer_DMR,down,-0.18726462523462506
42,0,18mo.9mo.contact.log_ratio.count.20kb-5Mb.enhancer_DMR,down,0.07827184878027824
43,0,count.enhancer_DMR,down,0.5015719076901872
44,0,9mo.2mo.activity.log_ratio.count.0-5kb.enhancer_peak,down,0.10861272827214717
45,0,18mo.2mo.activity.log_ratio.count.0-5kb.enhancer_peak,down,-0.14521745628689564
46,0,18mo.9mo.activity.log_ratio.count.0-5kb.enhancer_peak,down,-0.3277779961969252
47,0,9mo.2mo.contact.log_ratio.count.0-5kb.enhancer_peak,down,0.10861272827214717
48,0,18mo.2mo.contact.log_ratio.count.0-5kb.enhancer_peak,down,-0.14521745628689564
49,0,18mo.9mo.contact.log_ratio.count.0-5kb.enhancer_peak,down,-0.3277779961969252
50,0,9mo.2mo.activity.log_ratio.count.5kb-20kb.enhancer_peak,down,-0.04038175355503903
51,0,18mo.2mo.activity.log_ratio.count.5kb-20kb.enhancer_peak,down,0.3010164465691421
52,0,18mo.9mo.activity.log_ratio.count.5kb-20kb.enhancer_peak,down,-0.35804014972033116
53,0,9mo.2mo.contact.log_ratio.count.5kb-20kb.enhancer_peak,down,-0.04038175355503903
54,0,18mo.2mo.contact.log_ratio.count.5kb-20kb.enhancer_peak,down,0.3010164465691421
55,0,18mo.9mo.contact.log_ratio.count.5kb-20kb.enhancer_peak,down,-0.35804014972033116
56,0,9mo.2mo.activity.log_ratio.mean.20kb-5Mb.enhancer_peak,down,-0.24826539759543828
57,0,9mo.2mo.activity.log_ratio.median.20kb-5Mb.enhancer_peak,down,0.01016369032088548
58,0,9mo.2mo.activity.log_ratio.std.20kb-5Mb.enhancer_peak,down,-0.10804661707538968
59,0,9mo.2mo.activity.log_ratio.max.20kb-5Mb.enhancer_peak,down,0.17408169602499698
60,0,9mo.2mo.activity.log_ratio.min.20kb-5Mb.enhancer_peak,down,-0.15879728747474875
61,0,9mo.2mo.activity.log_ratio.count.20kb-5Mb.enhancer_peak,down,0.041694205055285684
62,0,18mo.2mo.activity.log_ratio.mean.20kb-5Mb.enhancer_peak,down,0.18924353922095893
63,0,18mo.2mo.activity.log_ratio.median.20kb-5Mb.enhancer_peak,down,-0.03751869545487093
64,0,18mo.2mo.activity.log_ratio.std.20kb-5Mb.enhancer_peak,down,-0.21768397353813418
65,0,18mo.2mo.activity.log_ratio.max.20kb-5Mb.enhancer_peak,down,0.31958158315087354
66,0,18mo.2mo.activity.log_ratio.min.20kb-5Mb.enhancer_peak,down,-0.3676265621441755
67,0,18mo.2mo.activity.log_ratio.count.20kb-5Mb.enhancer_peak,down,-0.12265273960862003
68,0,18mo.9mo.activity.log_ratio.mean.20kb-5Mb.enhancer_peak,down,-0.03223672166924478
69,0,18mo.9mo.activity.log_ratio.median.20kb-5Mb.enhancer_peak,down,0.2521679189636672
70,0,18mo.9mo.activity.log_ratio.std.20kb-5Mb.enhancer_peak,down,-0.09486578565090567
71,0,18mo.9mo.activity.log_ratio.max.20kb-5Mb.enhancer_peak,down,0.28672886567068745
72,0,18mo.9mo.activity.log_ratio.min.20kb-5Mb.enhancer_peak,down,-0.5141091003764984
73,0,18mo.9mo.activity.log_ratio.count.20kb-5Mb.enhancer_peak,down,-0.17021400857741098
74,0,9mo.2mo.contact.log_ratio.mean.20kb-5Mb.enhancer_peak,down,-0.04498533820817988
75,0,9mo.2mo.contact.log_ratio.median.20kb-5Mb.enhancer_peak,down,0.4385790750127587
76,0,9mo.2mo.contact.log_ratio.std.20kb-5Mb.enhancer_peak,down,-0.0010362440415024163
77,0,9mo.2mo.contact.log_ratio.max.20kb-5Mb.enhancer_peak,down,-0.31191274598408497
78,0,9mo.2mo.contact.log_ratio.min.20kb-5Mb.enhancer_peak,down,-0.12782665488196893
79,0,9mo.2mo.contact.log_ratio.count.20kb-5Mb.enhancer_peak,down,0.041694205055285684
80,0,18mo.2mo.contact.log_ratio.mean.20kb-5Mb.enhancer_peak,down,-0.0020687534343950737
81,0,18mo.2mo.contact.log_ratio.median.20kb-5Mb.enhancer_peak,down,0.0008216368736950364
82,0,18mo.2mo.contact.log_ratio.std.20kb-5Mb.enhancer_peak,down,0.3182121368311905
83,0,18mo.2mo.contact.log_ratio.max.20kb-5Mb.enhancer_peak,down,-0.2894703303189254
84,0,18mo.2mo.contact.log_ratio.min.20kb-5Mb.enhancer_peak,down,0.2659676606220203
85,0,18mo.2mo.contact.log_ratio.count.20kb-5Mb.enhancer_peak,down,-0.12265273960862003
86,0,18mo.9mo.contact.log_ratio.mean.20kb-5Mb.enhancer_peak,down,-0.027597919615367318
87,0,18mo.9mo.contact.log_ratio.median.20kb-5Mb.enhancer_peak,down,0.23988033304602613
88,0,18mo.9mo.contact.log_ratio.std.20kb-5Mb.enhancer_peak,down,0.15701840045843665
89,0,18mo.9mo.contact.log_ratio.max.20kb-5Mb.enhancer_peak,down,-0.5491619572170355
90,0,18mo.9mo.contact.log_ratio.min.20kb-5Mb.enhancer_peak,down,0.4944648497438427
91,0,18mo.9mo.contact.log_ratio.count.20kb-5Mb.enhancer_peak,down,-0.17021400857741098
92,0,count.enhancer_peak,down,-0.2770737612528947
93,0,rel_pos.DAR,down,0.11515970536353931
94,0,9mo.2mo.log_ratio.DAR,down,-0.07814750213103443
95,0,18mo.9mo.log_ratio.DAR,down,-0.028361026505076832
96,0,18mo.2mo.log_ratio.DAR,down,-0.09304332359287336
97,0,count.DAR,down,-0.156111869459859
98,0,size.log2.DMR,down,0.13496483794912995
99,0,rel_pos.DMR,down,-0.051131214141153944
100,0,9mo.2mo.log_ratio.DMR,down,0.03742138303847439
101,0,18mo.9mo.log_ratio.DMR,down,0.04326781861841276
102,0,18mo.2mo.log_ratio.DMR,down,0.04874308317512924
103,0,distance.log2.DMR,down,-0.22605627168912992
104,0,count.DMR,down,-0.032208021557575885
105,0,Qanova.mean.loops,down,0.3728332180381118
106,0,Qanova.median.loops,down,-0.11491908485513293
107,0,Qanova.std.loops,down,0.05880383074288406
108,0,Qanova.max.loops,down,0.11585430333881423
109,0,Qanova.min.loops,down,-0.44324056357148656
110,0,Tanova.mean.loops,down,-0.35525056661540133
111,0,Tanova.median.loops,down,-0.08574958514888689
112,0,Tanova.std.loops,down,0.10954825869716832
113,0,Tanova.max.loops,down,0.22090326501102464
114,0,Tanova.min.loops,down,0.4484937988103387
115,0,9mo.2mo.Q.mean.loops,down,0.06192542212003929
116,0,9mo.2mo.Q.median.loops,down,-0.12113093291552153
117,0,9mo.2mo.Q.std.loops,down,0.10809784032053767
118,0,9mo.2mo.Q.max.loops,down,-0.38181711665209994
119,0,9mo.2mo.Q.min.loops,down,0.0737752434957813
120,0,18mo.9mo.Q.mean.loops,down,0.25677615188483927
121,0,18mo.9mo.Q.median.loops,down,-0.12023713225842142
122,0,18mo.9mo.Q.std.loops,down,-0.22882398298648804
123,0,18mo.9mo.Q.max.loops,down,-0.1043650731593331
124,0,18mo.9mo.Q.min.loops,down,0.028709751819788056
125,0,18mo.2mo.Q.mean.loops,down,0.2758434703208603
126,0,18mo.2mo.Q.median.loops,down,0.006320743849033645
127,0,18mo.2mo.Q.std.loops,down,-0.5841873469490158
128,0,18mo.2mo.Q.max.loops,down,0.4711261876110945
129,0,18mo.2mo.Q.min.loops,down,0.3122375726188427
130,0,9mo.2mo.T.mean.loops,down,0.23566815353791418
131,0,9mo.2mo.T.median.loops,down,0.15790884657992107
132,0,9mo.2mo.T.std.loops,down,-0.8773092926208166
133,0,9mo.2mo.T.max.loops,down,0.45717226988339865
134,0,9mo.2mo.T.min.loops,down,-0.4862140180128959
135,0,18mo.9mo.T.mean.loops,down,0.025280145764804685
136,0,18mo.9mo.T.median.loops,down,0.1523545610977517
137,0,18mo.9mo.T.std.loops,down,0.19748662169211312
138,0,18mo.9mo.T.max.loops,down,-0.0824975050955494
139,0,18mo.9mo.T.min.loops,down,0.21456545114539244
140,0,18mo.2mo.T.mean.loops,down,0.2300672838020061
141,0,18mo.2mo.T.median.loops,down,-0.7199179103661522
142,0,18mo.2mo.T.std.loops,down,-0.2741875540525529
143,0,18mo.2mo.T.max.loops,down,-0.44910651612187774
144,0,18mo.2mo.T.min.loops,down,-0.3566370752384155
145,0,loop_size.log.mean.loops,down,0.24028271946013458
146,0,loop_size.log.median.loops,down,0.0766085487815883
147,0,loop_size.log.std.loops,down,0.11236842111670965
148,0,loop_size.log.max.loops,down,1.4879075713224095
149,0,loop_size.log.min.loops,down,-0.697200569789838
150,0,min_distance.log.mean.loops,down,-0.15909757631694116
151,0,min_distance.log.median.loops,down,-0.18991538731381
152,0,min_distance.log.std.loops,down,0.10059631814000154
153,0,min_distance.log.max.loops,down,-0.15505654411543585
154,0,min_distance.log.min.loops,down,0.20932648451518243
155,0,count.loops,down,-0.4297089387182695
156,0,9mo.2mo.log_ratio.mcg_genebody,down,0.33522120650571685
157,0,18mo.9mo.log_ratio.mcg_genebody,down,-0.06347654867471873
158,0,18mo.2mo.log_ratio.mcg_genebody,down,0.4236653275566818
159,0,9mo.2mo.log_ratio.mch_genebody,down,0.21972476485139283
160,0,18mo.9mo.log_ratio.mch_genebody,down,0.10549038963355531
161,0,18mo.2mo.log_ratio.mch_genebody,down,0.3556329910901423
162,0,9mo.2mo.log_ratio.mean.atac,down,-0.36003577317595886
163,0,18mo.9mo.log_ratio.mean.atac,down,0.2940157000317696
164,0,18mo.2mo.log_ratio.mean.atac,down,-0.27547706012903284
165,0,log2_distance.mean.atac,down,0.23660475021236274
166,0,9mo.2mo.log_ratio.std.atac,down,-0.24399701877672908
167,0,18mo.9mo.log_ratio.std.atac,down,-0.0725016390293157
168,0,18mo.2mo.log_ratio.std.atac,down,-0.006925174398022823
169,0,log2_distance.std.atac,down,0.21870362349442152
170,0,9mo.2mo.log_ratio.max.atac,down,0.04088213080438626
171,0,18mo.9mo.log_ratio.max.atac,down,-0.11396114210777719
172,0,18mo.2mo.log_ratio.max.atac,down,0.11071455562438148
173,0,log2_distance.max.atac,down,-0.503445911406638
174,0,9mo.2mo.log_ratio.min.atac,down,-0.2363799327384042
175,0,18mo.9mo.log_ratio.min.atac,down,-0.06803756564832199
176,0,18mo.2mo.log_ratio.min.atac,down,-0.17081495103888616
177,0,log2_distance.min.atac,down,-0.020179101062485775
178,0,count.atac,down,0.637235190527827
179,1,gene_length.meta,down,0.03330718480984318
180,1,9mo.2mo.activity.log_ratio.count.0-5kb.enhancer_DMR,down,0.09706958901125701
181,1,18mo.2mo.activity.log_ratio.count.0-5kb.enhancer_DMR,down,0.35981711684812856
182,1,18mo.9mo.activity.log_ratio.count.0-5kb.enhancer_DMR,down,-0.491414470035777
183,1,9mo.2mo.contact.log_ratio.count.0-5kb.enhancer_DMR,down,0.09706958901125701
184,1,18mo.2mo.contact.log_ratio.count.0-5kb.enhancer_DMR,down,0.35981711684812856
185,1,18mo.9mo.contact.log_ratio.count.0-5kb.enhancer_DMR,down,-0.491414470035777
186,1,9mo.2mo.activity.log_ratio.mean.5kb-20kb.enhancer_DMR,down,-0.042151431205846676
187,1,9mo.2mo.activity.log_ratio.median.5kb-20kb.enhancer_DMR,down,-0.031047988468761084
188,1,9mo.2mo.activity.log_ratio.max.5kb-20kb.enhancer_DMR,down,-0.0570897720995641
189,1,9mo.2mo.activity.log_ratio.min.5kb-20kb.enhancer_DMR,down,0.06695829182365037
190,1,9mo.2mo.activity.log_ratio.count.5kb-20kb.enhancer_DMR,down,0.12979885107492978
191,1,18mo.2mo.activity.log_ratio.mean.5kb-20kb.enhancer_DMR,down,-0.03227965272081517
192,1,18mo.2mo.activity.log_ratio.median.5kb-20kb.enhancer_DMR,down,-0.1351242578462194
193,1,18mo.2mo.activity.log_ratio.max.5kb-20kb.enhancer_DMR,down,-0.07775883084831609
194,1,18mo.2mo.activity.log_ratio.min.5kb-20kb.enhancer_DMR,down,0.2327508862488092
195,1,18mo.2mo.activity.log_ratio.count.5kb-20kb.enhancer_DMR,down,0.013806851196460457
196,1,18mo.9mo.activity.log_ratio.mean.5kb-20kb.enhancer_DMR,down,0.17449746090966942
197,1,18mo.9mo.activity.log_ratio.median.5kb-20kb.enhancer_DMR,down,0.6177314887851766
198,1,18mo.9mo.activity.log_ratio.max.5kb-20kb.enhancer_DMR,down,-0.3076837680679358
199,1,18mo.9mo.activity.log_ratio.min.5kb-20kb.enhancer_DMR,down,-0.29511253014781313
200,1,18mo.9mo.activity.log_ratio.count.5kb-20kb.enhancer_DMR,down,-0.17625388811081016
201,1,9mo.2mo.contact.log_ratio.mean.5kb-20kb.enhancer_DMR,down,-0.11595717057079274
202,1,9mo.2mo.contact.log_ratio.median.5kb-20kb.enhancer_DMR,down,-0.0852390834820293
203,1,9mo.2mo.contact.log_ratio.max.5kb-20kb.enhancer_DMR,down,-0.3023165221840881
204,1,9mo.2mo.contact.log_ratio.min.5kb-20kb.enhancer_DMR,down,0.2097392041250715
205,1,9mo.2mo.contact.log_ratio.count.5kb-20kb.enhancer_DMR,down,0.12979885107492978
206,1,18mo.2mo.contact.log_ratio.mean.5kb-20kb.enhancer_DMR,down,0.15535195736600063
207,1,18mo.2mo.contact.log_ratio.median.5kb-20kb.enhancer_DMR,down,0.17686047345672826
208,1,18mo.2mo.contact.log_ratio.max.5kb-20kb.enhancer_DMR,down,0.43669044609324903
209,1,18mo.2mo.contact.log_ratio.min.5kb-20kb.enhancer_DMR,down,-0.18174829903644846
210,1,18mo.2mo.contact.log_ratio.count.5kb-20kb.enhancer_DMR,down,0.013806851196460457
211,1,18mo.9mo.contact.log_ratio.mean.5kb-20kb.enhancer_DMR,down,-0.16873319317238816
212,1,18mo.9mo.contact.log_ratio.median.5kb-20kb.enhancer_DMR,down,0.10659855461276826
213,1,18mo.9mo.contact.log_ratio.max.5kb-20kb.enhancer_DMR,down,-0.20850544947594568
214,1,18mo.9mo.contact.log_ratio.min.5kb-20kb.enhancer_DMR,down,-0.09616448429319316
215,1,18mo.9mo.contact.log_ratio.count.5kb-20kb.enhancer_DMR,down,-0.17625388811081016
216,1,9mo.2mo.activity.log_ratio.count.20kb-5Mb.enhancer_DMR,down,-0.07678076653703607
217,1,18mo.2mo.activity.log_ratio.count.20kb-5Mb.enhancer_DMR,down,-0.1730507574553558
218,1,18mo.9mo.activity.log_ratio.count.20kb-5Mb.enhancer_DMR,down,0.05707015135128595
219,1,9mo.2mo.contact.log_ratio.count.20kb-5Mb.enhancer_DMR,down,-0.07678076653703607
220,1,18mo.2mo.contact.log_ratio.count.20kb-5Mb.enhancer_DMR,down,-0.1730507574553558
221,1,18mo.9mo.contact.log_ratio.count.20kb-5Mb.enhancer_DMR,down,0.05707015135128595
222,1,count.enhancer_DMR,down,0.5269908067509163
223,1,9mo.2mo.activity.log_ratio.count.0-5kb.enhancer_peak,down,0.03290937886142318
224,1,18mo.2mo.activity.log_ratio.count.0-5kb.enhancer_peak,down,-0.05042496904681576
225,1,18mo.9mo.activity.log_ratio.count.0-5kb.enhancer_peak,down,-0.22362701118749317
226,1,9mo.2mo.contact.log_ratio.count.0-5kb.enhancer_peak,down,0.03290937886142318
227,1,18mo.2mo.contact.log_ratio.count.0-5kb.enhancer_peak,down,-0.05042496904681576
228,1,18mo.9mo.contact.log_ratio.count.0-5kb.enhancer_peak,down,-0.22362701118749317
229,1,9mo.2mo.activity.log_ratio.count.5kb-20kb.enhancer_peak,down,-0.22339909509283992
230,1,18mo.2mo.activity.log_ratio.count.5kb-20kb.enhancer_peak,down,0.10286789518896797
231,1,18mo.9mo.activity.log_ratio.count.5kb-20kb.enhancer_peak,down,-0.07374359616123341
232,1,9mo.2mo.contact.log_ratio.count.5kb-20kb.enhancer_peak,down,-0.22339909509283992
233,1,18mo.2mo.contact.log_ratio.count.5kb-20kb.enhancer_peak,down,0.10286789518896797
234,1,18mo.9mo.contact.log_ratio.count.5kb-20kb.enhancer_peak,down,-0.07374359616123341
235,1,9mo.2mo.activity.log_ratio.mean.20kb-5Mb.enhancer_peak,down,-0.08083151029129544
236,1,9mo.2mo.activity.log_ratio.median.20kb-5Mb.enhancer_peak,down,0.46264419046100863
237,1,9mo.2mo.activity.log_ratio.std.20kb-5Mb.enhancer_peak,down,-0.37067083256472794
238,1,9mo.2mo.activity.log_ratio.max.20kb-5Mb.enhancer_peak,down,-0.11370490734706713
239,1,9mo.2mo.activity.log_ratio.min.20kb-5Mb.enhancer_peak,down,-0.36998177062841564
240,1,9mo.2mo.activity.log_ratio.count.20kb-5Mb.enhancer_peak,down,0.21032170604218242
241,1,18mo.2mo.activity.log_ratio.mean.20kb-5Mb.enhancer_peak,down,0.08899714211455338
242,1,18mo.2mo.activity.log_ratio.median.20kb-5Mb.enhancer_peak,down,-0.6287750920804631
243,1,18mo.2mo.activity.log_ratio.std.20kb-5Mb.enhancer_peak,down,-0.33268603521325485
244,1,18mo.2mo.activity.log_ratio.max.20kb-5Mb.enhancer_peak,down,0.7672121045376269
245,1,18mo.2mo.activity.log_ratio.min.20kb-5Mb.enhancer_peak,down,-0.11905984369568154
246,1,18mo.2mo.activity.log_ratio.count.20kb-5Mb.enhancer_peak,down,-0.2602635104129883
247,1,18mo.9mo.activity.log_ratio.mean.20kb-5Mb.enhancer_peak,down,-0.12566728225433307
248,1,18mo.9mo.activity.log_ratio.median.20kb-5Mb.enhancer_peak,down,-0.02903759524967906
249,1,18mo.9mo.activity.log_ratio.std.20kb-5Mb.enhancer_peak,down,-0.07968708586838077
250,1,18mo.9mo.activity.log_ratio.max.20kb-5Mb.enhancer_peak,down,0.387109941316429
251,1,18mo.9mo.activity.log_ratio.min.20kb-5Mb.enhancer_peak,down,-0.2508856318237031
252,1,18mo.9mo.activity.log_ratio.count.20kb-5Mb.enhancer_peak,down,-0.09740412331550528
253,1,9mo.2mo.contact.log_ratio.mean.20kb-5Mb.enhancer_peak,down,0.14781018602001036
254,1,9mo.2mo.contact.log_ratio.median.20kb-5Mb.enhancer_peak,down,0.41347117979559617
255,1,9mo.2mo.contact.log_ratio.std.20kb-5Mb.enhancer_peak,down,0.1582818793438642
256,1,9mo.2mo.contact.log_ratio.max.20kb-5Mb.enhancer_peak,down,-0.49285858792975645
257,1,9mo.2mo.contact.log_ratio.min.20kb-5Mb.enhancer_peak,down,-0.22833430246719166
258,1,9mo.2mo.contact.log_ratio.count.20kb-5Mb.enhancer_peak,down,0.21032170604218242
259,1,18mo.2mo.contact.log_ratio.mean.20kb-5Mb.enhancer_peak,down,-0.02792486832836909
260,1,18mo.2mo.contact.log_ratio.median.20kb-5Mb.enhancer_peak,down,0.6313883240085736
261,1,18mo.2mo.contact.log_ratio.std.20kb-5Mb.enhancer_peak,down,-0.07140588841633479
262,1,18mo.2mo.contact.log_ratio.max.20kb-5Mb.enhancer_peak,down,-0.09111538072396372
263,1,18mo.2mo.contact.log_ratio.min.20kb-5Mb.enhancer_peak,down,-0.39456454340744784
264,1,18mo.2mo.contact.log_ratio.count.20kb-5Mb.enhancer_peak,down,-0.2602635104129883
265,1,18mo.9mo.contact.log_ratio.mean.20kb-5Mb.enhancer_peak,down,0.2474678907923067
266,1,18mo.9mo.contact.log_ratio.median.20kb-5Mb.enhancer_peak,down,-0.09778844167568695
267,1,18mo.9mo.contact.log_ratio.std.20kb-5Mb.enhancer_peak,down,-0.6259827559521915
268,1,18mo.9mo.contact.log_ratio.max.20kb-5Mb.enhancer_peak,down,-0.11970102052009099
269,1,18mo.9mo.contact.log_ratio.min.20kb-5Mb.enhancer_peak,down,0.04021437374675837
270,1,18mo.9mo.contact.log_ratio.count.20kb-5Mb.enhancer_peak,down,-0.09740412331550528
271,1,count.enhancer_peak,down,-0.25447923222274066
272,1,rel_pos.DAR,down,-0.04662228535145173
273,1,9mo.2mo.log_ratio.DAR,down,-0.1002287481919644
274,1,18mo.9mo.log_ratio.DAR,down,0.055519839913224345
275,1,18mo.2mo.log_ratio.DAR,down,-0.08058921763753402
276,1,count.DAR,down,-0.008189984749392606
277,1,size.log2.DMR,down,0.10452558498609177
278,1,rel_pos.DMR,down,-0.14342037802012264
279,1,9mo.2mo.log_ratio.DMR,down,0.09538023444795758
280,1,18mo.9mo.log_ratio.DMR,down,0.1136926114449021
281,1,18mo.2mo.log_ratio.DMR,down,0.1450238287967324
282,1,distance.log2.DMR,down,-0.26674559413886945
283,1,count.DMR,down,0.13304729251608163
284,1,Qanova.mean.loops,down,0.4612321286102408
285,1,Qanova.median.loops,down,0.0705858571383433
286,1,Qanova.std.loops,down,-0.21012249423023974
287,1,Qanova.max.loops,down,0.09084758963161572
288,1,Qanova.min.loops,down,-0.30353349503013166
289,1,Tanova.mean.loops,down,-0.3278952720593699
290,1,Tanova.median.loops,down,-0.09096261155665954
291,1,Tanova.std.loops,down,-0.5471945898678838
292,1,Tanova.max.loops,down,0.5668831529872956
293,1,Tanova.min.loops,down,0.3801671907042851
294,1,9mo.2mo.Q.mean.loops,down,0.028736799516567768
295,1,9mo.2mo.Q.median.loops,down,-0.14069571443535342
296,1,9mo.2mo.Q.std.loops,down,0.15742618385704688
297,1,9mo.2mo.Q.max.loops,down,-0.2591642605973116
298,1,9mo.2mo.Q.min.loops,down,0.2868606875834312
299,1,18mo.9mo.Q.mean.loops,down,0.08722199703185339
300,1,18mo.9mo.Q.median.loops,down,0.1851504691221229
301,1,18mo.9mo.Q.std.loops,down,-0.1463213979251357
302,1,18mo.9mo.Q.max.loops,down,-0.1144499162292693
303,1,18mo.9mo.Q.min.loops,down,0.13590307581429098
304,1,18mo.2mo.Q.mean.loops,down,0.09976943372801579
305,1,18mo.2mo.Q.median.loops,down,-0.3699260098404622
306,1,18mo.2mo.Q.std.loops,down,0.32078431195251017
307,1,18mo.2mo.Q.max.loops,down,-0.1479640143874671
308,1,18mo.2mo.Q.min.loops,down,0.28647678865591736
309,1,9mo.2mo.T.mean.loops,down,0.42991409159162813
310,1,9mo.2mo.T.median.loops,down,-0.08884601779917016
311,1,9mo.2mo.T.std.loops,down,-0.7381113438521835
312,1,9mo.2mo.T.max.loops,down,0.5202378702446537
313,1,9mo.2mo.T.min.loops,down,-0.7862497780043693
314,1,18mo.9mo.T.mean.loops,down,-0.27946836121890145
315,1,18mo.9mo.T.median.loops,down,0.4943716750853726
316,1,18mo.9mo.T.std.loops,down,0.6394492258728173
317,1,18mo.9mo.T.max.loops,down,-0.509613648513711
318,1,18mo.9mo.T.min.loops,down,0.5854264654986086
319,1,18mo.2mo.T.mean.loops,down,0.11089915046731673
320,1,18mo.2mo.T.median.loops,down,0.036586824250072224
321,1,18mo.2mo.T.std.loops,down,0.04726754605942461
322,1,18mo.2mo.T.max.loops,down,-0.16899991330999511
323,1,18mo.2mo.T.min.loops,down,-0.29881370208976693
324,1,loop_size.log.mean.loops,down,0.30936773302412257
325,1,loop_size.log.median.loops,down,0.2966607637755211
326,1,loop_size.log.std.loops,down,0.27906588507630126
327,1,loop_size.log.max.loops,down,0.7465498134092522
328,1,loop_size.log.min.loops,down,-0.908287409320532
329,1,min_distance.log.mean.loops,down,-0.16252709101132223
330,1,min_distance.log.median.loops,down,-0.29153051332949587
331,1,min_distance.log.std.loops,down,0.24081204675330692
332,1,min_distance.log.max.loops,down,-0.20199938629488937
333,1,min_distance.log.min.loops,down,0.11495847920061013
334,1,count.loops,down,-0.35554308844859817
335,1,9mo.2mo.log_ratio.mcg_genebody,down,0.3567576646283385
336,1,18mo.9mo.log_ratio.mcg_genebody,down,-0.16241944237482087
337,1,18mo.2mo.log_ratio.mcg_genebody,down,0.36326637987258886
338,1,9mo.2mo.log_ratio.mch_genebody,down,0.20469860005429202
339,1,18mo.9mo.log_ratio.mch_genebody,down,0.0445759871823033
340,1,18mo.2mo.log_ratio.mch_genebody,down,0.30199708249336404
341,1,9mo.2mo.log_ratio.mean.atac,down,-0.2856566662153889
342,1,18mo.9mo.log_ratio.mean.atac,down,0.3341541457137614
343,1,18mo.2mo.log_ratio.mean.atac,down,-0.15699400494034077
344,1,log2_distance.mean.atac,down,0.38491345523780884
345,1,9mo.2mo.log_ratio.std.atac,down,0.3479043886809115
346,1,18mo.9mo.log_ratio.std.atac,down,-0.07434926305526805
347,1,18mo.2mo.log_ratio.std.atac,down,-0.3124353215428762
348,1,log2_distance.std.atac,down,0.23607494742392343
349,1,9mo.2mo.log_ratio.max.atac,down,-0.16953773175245243
350,1,18mo.9mo.log_ratio.max.atac,down,-0.2304564001568477
351,1,18mo.2mo.log_ratio.max.atac,down,0.15556654375479728
352,1,log2_distance.max.atac,down,-0.4224090004490891
353,1,9mo.2mo.log_ratio.min.atac,down,-0.17455937081589182
354,1,18mo.9mo.log_ratio.min.atac,down,-0.054023338771833865
355,1,18mo.2mo.log_ratio.min.atac,down,-0.19237208455461105
356,1,log2_distance.min.atac,down,-0.12603241856794078
357,1,count.atac,down,0.3816430338086269
358,2,gene_length.meta,down,-0.1065587801006699
359,2,9mo.2mo.activity.log_ratio.count.0-5kb.enhancer_DMR,down,0.03962650106114775
360,2,18mo.2mo.activity.log_ratio.count.0-5kb.enhancer_DMR,down,0.5328197845295405
361,2,18mo.9mo.activity.log_ratio.count.0-5kb.enhancer_DMR,down,-0.474616528711009
362,2,9mo.2mo.contact.log_ratio.count.0-5kb.enhancer_DMR,down,0.03962650106114775
363,2,18mo.2mo.contact.log_ratio.count.0-5kb.enhancer_DMR,down,0.5328197845295405
364,2,18mo.9mo.contact.log_ratio.count.0-5kb.enhancer_DMR,down,-0.474616528711009
365,2,9mo.2mo.activity.log_ratio.mean.5kb-20kb.enhancer_DMR,down,0.025951497901720688
366,2,9mo.2mo.activity.log_ratio.median.5kb-20kb.enhancer_DMR,down,0.06299642158826033
367,2,9mo.2mo.activity.log_ratio.max.5kb-20kb.enhancer_DMR,down,-0.2313259945124503
368,2,9mo.2mo.activity.log_ratio.min.5kb-20kb.enhancer_DMR,down,0.37821861941378965
369,2,9mo.2mo.activity.log_ratio.count.5kb-20kb.enhancer_DMR,down,0.2671521104608886
370,2,18mo.2mo.activity.log_ratio.mean.5kb-20kb.enhancer_DMR,down,-0.09660275336968334
371,2,18mo.2mo.activity.log_ratio.median.5kb-20kb.enhancer_DMR,down,0.16728923029083898
372,2,18mo.2mo.activity.log_ratio.max.5kb-20kb.enhancer_DMR,down,-0.4923299686690747
373,2,18mo.2mo.activity.log_ratio.min.5kb-20kb.enhancer_DMR,down,0.12109444714569298
374,2,18mo.2mo.activity.log_ratio.count.5kb-20kb.enhancer_DMR,down,0.04075934525499806
375,2,18mo.9mo.activity.log_ratio.mean.5kb-20kb.enhancer_DMR,down,0.07773419986995984
376,2,18mo.9mo.activity.log_ratio.median.5kb-20kb.enhancer_DMR,down,0.9732966557250273
377,2,18mo.9mo.activity.log_ratio.max.5kb-20kb.enhancer_DMR,down,-0.5706315548815044
378,2,18mo.9mo.activity.log_ratio.min.5kb-20kb.enhancer_DMR,down,-0.5529416311220826
379,2,18mo.9mo.activity.log_ratio.count.5kb-20kb.enhancer_DMR,down,-0.09156323869711415
380,2,9mo.2mo.contact.log_ratio.mean.5kb-20kb.enhancer_DMR,down,-0.05574778689184966
381,2,9mo.2mo.contact.log_ratio.median.5kb-20kb.enhancer_DMR,down,0.083302970044612
382,2,9mo.2mo.contact.log_ratio.max.5kb-20kb.enhancer_DMR,down,-0.472319262360528
383,2,9mo.2mo.contact.log_ratio.min.5kb-20kb.enhancer_DMR,down,0.401041572342104
384,2,9mo.2mo.contact.log_ratio.count.5kb-20kb.enhancer_DMR,down,0.2671521104608886
385,2,18mo.2mo.contact.log_ratio.mean.5kb-20kb.enhancer_DMR,down,0.03811473813199405
386,2,18mo.2mo.contact.log_ratio.median.5kb-20kb.enhancer_DMR,down,0.20954637056516887
387,2,18mo.2mo.contact.log_ratio.max.5kb-20kb.enhancer_DMR,down,-0.041016027848590875
388,2,18mo.2mo.contact.log_ratio.min.5kb-20kb.enhancer_DMR,down,-0.22609987098978232
389,2,18mo.2mo.contact.log_ratio.count.5kb-20kb.enhancer_DMR,down,0.04075934525499806
390,2,18mo.9mo.contact.log_ratio.mean.5kb-20kb.enhancer_DMR,down,-0.022983202766904888
391,2,18mo.9mo.contact.log_ratio.median.5kb-20kb.enhancer_DMR,down,-0.10369357083971961
392,2,18mo.9mo.contact.log_ratio.max.5kb-20kb.enhancer_DMR,down,-0.22771801600377856
393,2,18mo.9mo.contact.log_ratio.min.5kb-20kb.enhancer_DMR,down,0.2715677353483635
394,2,18mo.9mo.contact.log_ratio.count.5kb-20kb.enhancer_DMR,down,-0.09156323869711415
395,2,9mo.2mo.activity.log_ratio.count.20kb-5Mb.enhancer_DMR,down,-0.2774540759866257
396,2,18mo.2mo.activity.log_ratio.count.20kb-5Mb.enhancer_DMR,down,0.06169225837854588
397,2,18mo.9mo.activity.log_ratio.count.20kb-5Mb.enhancer_DMR,down,-0.04603545348746988
398,2,9mo.2mo.contact.log_ratio.count.20kb-5Mb.enhancer_DMR,down,-0.2774540759866257
399,2,18mo.2mo.contact.log_ratio.count.20kb-5Mb.enhancer_DMR,down,0.06169225837854588
400,2,18mo.9mo.contact.log_ratio.count.20kb-5Mb.enhancer_DMR,down,-0.04603545348746988
401,2,count.enhancer_DMR,down,0.2800439664529845
402,2,9mo.2mo.activity.log_ratio.count.0-5kb.enhancer_peak,down,0.10080864021236541
403,2,18mo.2mo.activity.log_ratio.count.0-5kb.enhancer_peak,down,-0.2601575471909073
404,2,18mo.9mo.activity.log_ratio.count.0-5kb.enhancer_peak,down,-0.1319910907638561
405,2,9mo.2mo.contact.log_ratio.count.0-5kb.enhancer_peak,down,0.10080864021236541
406,2,18mo.2mo.contact.log_ratio.count.0-5kb.enhancer_peak,down,-0.2601575471909073
407,2,18mo.9mo.contact.log_ratio.count.0-5kb.enhancer_peak,down,-0.1319910907638561
408,2,9mo.2mo.activity.log_ratio.count.5kb-20kb.enhancer_peak,down,-0.3150070017348569
409,2,18mo.2mo.activity.log_ratio.count.5kb-20kb.enhancer_peak,down,0.2319556986091647
410,2,18mo.9mo.activity.log_ratio.count.5kb-20kb.enhancer_peak,down,0.0009443777584224702
411,2,9mo.2mo.contact.log_ratio.count.5kb-20kb.enhancer_peak,down,-0.3150070017348569
412,2,18mo.2mo.contact.log_ratio.count.5kb-20kb.enhancer_peak,down,0.2319556986091647
413,2,18mo.9mo.contact.log_ratio.count.5kb-20kb.enhancer_peak,down,0.0009443777584224702
414,2,9mo.2mo.activity.log_ratio.mean.20kb-5Mb.enhancer_peak,down,-0.09727484979112487
415,2,9mo.2mo.activity.log_ratio.median.20kb-5Mb.enhancer_peak,down,0.15732541311903284
416,2,9mo.2mo.activity.log_ratio.std.20kb-5Mb.enhancer_peak,down,0.021485790599524428
417,2,9mo.2mo.activity.log_ratio.max.20kb-5Mb.enhancer_peak,down,0.05601728069433498
418,2,9mo.2mo.activity.log_ratio.min.20kb-5Mb.enhancer_peak,down,-0.3684805945974969
419,2,9mo.2mo.activity.log_ratio.count.20kb-5Mb.enhancer_peak,down,0.16332286314089403
420,2,18mo.2mo.activity.log_ratio.mean.20kb-5Mb.enhancer_peak,down,0.06107101866020212
421,2,18mo.2mo.activity.log_ratio.median.20kb-5Mb.enhancer_peak,down,-0.40236441723316513
422,2,18mo.2mo.activity.log_ratio.std.20kb-5Mb.enhancer_peak,down,-0.28519223207629396
423,2,18mo.2mo.activity.log_ratio.max.20kb-5Mb.enhancer_peak,down,0.47350455241157274
424,2,18mo.2mo.activity.log_ratio.min.20kb-5Mb.enhancer_peak,down,-0.10483659185310126
425,2,18mo.2mo.activity.log_ratio.count.20kb-5Mb.enhancer_peak,down,-0.3281055066591598
426,2,18mo.9mo.activity.log_ratio.mean.20kb-5Mb.enhancer_peak,down,0.17935011772765516
427,2,18mo.9mo.activity.log_ratio.median.20kb-5Mb.enhancer_peak,down,-0.25724513410094507
428,2,18mo.9mo.activity.log_ratio.std.20kb-5Mb.enhancer_peak,down,-0.47671205197032096
429,2,18mo.9mo.activity.log_ratio.max.20kb-5Mb.enhancer_peak,down,0.7031994299036348
430,2,18mo.9mo.activity.log_ratio.min.20kb-5Mb.enhancer_peak,down,-0.6423333982303939
431,2,18mo.9mo.activity.log_ratio.count.20kb-5Mb.enhancer_peak,down,0.03984235958048904
432,2,9mo.2mo.contact.log_ratio.mean.20kb-5Mb.enhancer_peak,down,0.08143479169805151
433,2,9mo.2mo.contact.log_ratio.median.20kb-5Mb.enhancer_peak,down,0.2986787995038806
434,2,9mo.2mo.contact.log_ratio.std.20kb-5Mb.enhancer_peak,down,-0.2385271452294832
435,2,9mo.2mo.contact.log_ratio.max.20kb-5Mb.enhancer_peak,down,-0.035047879049066005
436,2,9mo.2mo.contact.log_ratio.min.20kb-5Mb.enhancer_peak,down,-0.28176513724086505
437,2,9mo.2mo.contact.log_ratio.count.20kb-5Mb.enhancer_peak,down,0.16332286314089403
438,2,18mo.2mo.contact.log_ratio.mean.20kb-5Mb.enhancer_peak,down,-0.059203746140024285
439,2,18mo.2mo.contact.log_ratio.median.20kb-5Mb.enhancer_peak,down,-0.13865434553792103
440,2,18mo.2mo.contact.log_ratio.std.20kb-5Mb.enhancer_peak,down,0.11165741224714591
441,2,18mo.2mo.contact.log_ratio.max.20kb-5Mb.enhancer_peak,down,0.07162215988276857
442,2,18mo.2mo.contact.log_ratio.min.20kb-5Mb.enhancer_peak,down,-0.1360015342101651
443,2,18mo.2mo.contact.log_ratio.count.20kb-5Mb.enhancer_peak,down,-0.3281055066591598
444,2,18mo.9mo.contact.log_ratio.mean.20kb-5Mb.enhancer_peak,down,0.0006092783160331638
445,2,18mo.9mo.contact.log_ratio.median.20kb-5Mb.enhancer_peak,down,-0.1427982269909455
446,2,18mo.9mo.contact.log_ratio.std.20kb-5Mb.enhancer_peak,down,-0.10158596783700764
447,2,18mo.9mo.contact.log_ratio.max.20kb-5Mb.enhancer_peak,down,-0.26218606725603255
448,2,18mo.9mo.contact.log_ratio.min.20kb-5Mb.enhancer_peak,down,0.6563042260397326
449,2,18mo.9mo.contact.log_ratio.count.20kb-5Mb.enhancer_peak,down,0.03984235958048904
450,2,count.enhancer_peak,down,-0.25501996669580934
451,2,rel_pos.DAR,down,0.056274688413813535
452,2,9mo.2mo.log_ratio.DAR,down,-0.11695734543271061
453,2,18mo.9mo.log_ratio.DAR,down,0.1440517100923651
454,2,18mo.2mo.log_ratio.DAR,down,-0.06240369484389925
455,2,count.DAR,down,-0.05289926454557518
456,2,size.log2.DMR,down,0.007133713909715012
457,2,rel_pos.DMR,down,0.17520123186856845
458,2,9mo.2mo.log_ratio.DMR,down,0.07462147410298303
459,2,18mo.9mo.log_ratio.DMR,down,-0.013749144480083084
460,2,18mo.2mo.log_ratio.DMR,down,0.06233109420806673
461,2,distance.log2.DMR,down,-0.49544760539096955
462,2,count.DMR,down,0.2480795621633543
463,2,Qanova.mean.loops,down,0.521376557096116
464,2,Qanova.median.loops,down,-0.024115964868776846
465,2,Qanova.std.loops,down,-0.23324034847556793
466,2,Qanova.max.loops,down,0.3202064314207793
467,2,Qanova.min.loops,down,-0.08532739009057948
468,2,Tanova.mean.loops,down,-0.10919444687933244
469,2,Tanova.median.loops,down,-0.14009869560719662
470,2,Tanova.std.loops,down,-0.12092667367075345
471,2,Tanova.max.loops,down,0.26648690932737334
472,2,Tanova.min.loops,down,-0.04576062760596089
473,2,9mo.2mo.Q.mean.loops,down,-0.5437036557464892
474,2,9mo.2mo.Q.median.loops,down,0.20478368362690522
475,2,9mo.2mo.Q.std.loops,down,0.09106272802389624
476,2,9mo.2mo.Q.max.loops,down,-0.2607556160549661
477,2,9mo.2mo.Q.min.loops,down,0.2126844806633664
478,2,18mo.9mo.Q.mean.loops,down,0.13206177194248336
479,2,18mo.9mo.Q.median.loops,down,0.04653492900337346
480,2,18mo.9mo.Q.std.loops,down,-0.02703004982544163
481,2,18mo.9mo.Q.max.loops,down,-0.16977917097453996
482,2,18mo.9mo.Q.min.loops,down,-0.3091309520096827
483,2,18mo.2mo.Q.mean.loops,down,-0.2798697086569991
484,2,18mo.2mo.Q.median.loops,down,-0.15231565426106633
485,2,18mo.2mo.Q.std.loops,down,0.012029688731302642
486,2,18mo.2mo.Q.max.loops,down,0.12743529668404646
487,2,18mo.2mo.Q.min.loops,down,0.7513014081186178
488,2,9mo.2mo.T.mean.loops,down,0.08370553382858481
489,2,9mo.2mo.T.median.loops,down,-0.2489081029549383
490,2,9mo.2mo.T.std.loops,down,-0.8858473769076722
491,2,9mo.2mo.T.max.loops,down,0.5956445887940041
492,2,9mo.2mo.T.min.loops,down,-0.4648449996891184
493,2,18mo.9mo.T.mean.loops,down,0.0822610074195252
494,2,18mo.9mo.T.median.loops,down,-0.254372979091177
495,2,18mo.9mo.T.std.loops,down,0.3169355787689067
496,2,18mo.9mo.T.max.loops,down,-0.9808184986526646
497,2,18mo.9mo.T.min.loops,down,0.3839423743104764
498,2,18mo.2mo.T.mean.loops,down,0.14535505441221133
499,2,18mo.2mo.T.median.loops,down,0.25030385654733417
500,2,18mo.2mo.T.std.loops,down,0.23945338152731932
501,2,18mo.2mo.T.max.loops,down,-0.059161877698630544
502,2,18mo.2mo.T.min.loops,down,-0.0007860330481717723
503,2,loop_size.log.mean.loops,down,0.06086263232092793
504,2,loop_size.log.median.loops,down,0.07954907357565252
505,2,loop_size.log.std.loops,down,0.12604801494053203
506,2,loop_size.log.max.loops,down,0.8504888386586567
507,2,loop_size.log.min.loops,down,-0.6418192242819488
508,2,min_distance.log.mean.loops,down,0.09316237802908525
509,2,min_distance.log.median.loops,down,0.3266629334587534
510,2,min_distance.log.std.loops,down,0.2328019494590053
511,2,min_distance.log.max.loops,down,-0.2690037754581181
512,2,min_distance.log.min.loops,down,-0.11496221565513177
513,2,count.loops,down,-0.21146140424093693
514,2,9mo.2mo.log_ratio.mcg_genebody,down,0.2448477604184883
515,2,18mo.9mo.log_ratio.mcg_genebody,down,-0.08046957585037483
516,2,18mo.2mo.log_ratio.mcg_genebody,down,0.28267791301400524
517,2,9mo.2mo.log_ratio.mch_genebody,down,0.26478197725166064
518,2,18mo.9mo.log_ratio.mch_genebody,down,-0.06797231968121172
519,2,18mo.2mo.log_ratio.mch_genebody,down,0.3111391145792776
520,2,9mo.2mo.log_ratio.mean.atac,down,-0.19911685386404482
521,2,18mo.9mo.log_ratio.mean.atac,down,0.23181309543488615
522,2,18mo.2mo.log_ratio.mean.atac,down,-0.11575886659428336
523,2,log2_distance.mean.atac,down,0.37283039122535583
524,2,9mo.2mo.log_ratio.std.atac,down,0.4350883534403604
525,2,18mo.9mo.log_ratio.std.atac,down,-0.2762449439040545
526,2,18mo.2mo.log_ratio.std.atac,down,-0.41353289351443706
527,2,log2_distance.std.atac,down,0.5853900312455865
528,2,9mo.2mo.log_ratio.max.atac,down,-0.4831343381604778
529,2,18mo.9mo.log_ratio.max.atac,down,0.026657210612171193
530,2,18mo.2mo.log_ratio.max.atac,down,0.21499511927912676
531,2,log2_distance.max.atac,down,-0.5689233278820454
532,2,9mo.2mo.log_ratio.min.atac,down,0.17805346390072854
533,2,18mo.9mo.log_ratio.min.atac,down,-0.053814036909835404
534,2,18mo.2mo.log_ratio.min.atac,down,-0.4555094077396807
535,2,log2_distance.min.atac,down,0.21517650623438306
536,2,count.atac,down,0.3203773810323305
537,3,gene_length.meta,down,-0.020256634323964264
538,3,9mo.2mo.activity.log_ratio.count.0-5kb.enhancer_DMR,down,0.13956010503561944
539,3,18mo.2mo.activity.log_ratio.count.0-5kb.enhancer_DMR,down,0.20835673287901166
540,3,18mo.9mo.activity.log_ratio.count.0-5kb.enhancer_DMR,down,-0.1854286474002835
541,3,9mo.2mo.contact.log_ratio.count.0-5kb.enhancer_DMR,down,0.13956010503561944
542,3,18mo.2mo.contact.log_ratio.count.0-5kb.enhancer_DMR,down,0.20835673287901166
543,3,18mo.9mo.contact.log_ratio.count.0-5kb.enhancer_DMR,down,-0.1854286474002835
544,3,9mo.2mo.activity.log_ratio.mean.5kb-20kb.enhancer_DMR,down,0.02220605261520978
545,3,9mo.2mo.activity.log_ratio.median.5kb-20kb.enhancer_DMR,down,-0.1822837710751936
546,3,9mo.2mo.activity.log_ratio.max.5kb-20kb.enhancer_DMR,down,-0.018117471008455358
547,3,9mo.2mo.activity.log_ratio.min.5kb-20kb.enhancer_DMR,down,0.17140100217724583
548,3,9mo.2mo.activity.log_ratio.count.5kb-20kb.enhancer_DMR,down,0.18414517034957634
549,3,18mo.2mo.activity.log_ratio.mean.5kb-20kb.enhancer_DMR,down,-0.039810411469300866
550,3,18mo.2mo.activity.log_ratio.median.5kb-20kb.enhancer_DMR,down,0.03999268616989707
551,3,18mo.2mo.activity.log_ratio.max.5kb-20kb.enhancer_DMR,down,-0.42196087650744857
552,3,18mo.2mo.activity.log_ratio.min.5kb-20kb.enhancer_DMR,down,0.31124162724174503
553,3,18mo.2mo.activity.log_ratio.count.5kb-20kb.enhancer_DMR,down,0.031036614369960497
554,3,18mo.9mo.activity.log_ratio.mean.5kb-20kb.enhancer_DMR,down,0.12155407819809742
555,3,18mo.9mo.activity.log_ratio.median.5kb-20kb.enhancer_DMR,down,0.45603081488513847
556,3,18mo.9mo.activity.log_ratio.max.5kb-20kb.enhancer_DMR,down,-0.4868345760940597
557,3,18mo.9mo.activity.log_ratio.min.5kb-20kb.enhancer_DMR,down,-0.03416757141417003
558,3,18mo.9mo.activity.log_ratio.count.5kb-20kb.enhancer_DMR,down,-0.03858178111120005
559,3,9mo.2mo.contact.log_ratio.mean.5kb-20kb.enhancer_DMR,down,-0.08558120990488133
560,3,9mo.2mo.contact.log_ratio.median.5kb-20kb.enhancer_DMR,down,-0.13601131912023867
561,3,9mo.2mo.contact.log_ratio.max.5kb-20kb.enhancer_DMR,down,-0.3279683300436561
562,3,9mo.2mo.contact.log_ratio.min.5kb-20kb.enhancer_DMR,down,0.37511794905490875
563,3,9mo.2mo.contact.log_ratio.count.5kb-20kb.enhancer_DMR,down,0.18414517034957634
564,3,18mo.2mo.contact.log_ratio.mean.5kb-20kb.enhancer_DMR,down,0.11072927947151025
565,3,18mo.2mo.contact.log_ratio.median.5kb-20kb.enhancer_DMR,down,0.16636441856918327
566,3,18mo.2mo.contact.log_ratio.max.5kb-20kb.enhancer_DMR,down,0.32967504362526867
567,3,18mo.2mo.contact.log_ratio.min.5kb-20kb.enhancer_DMR,down,-0.17652625044963066
568,3,18mo.2mo.contact.log_ratio.count.5kb-20kb.enhancer_DMR,down,0.031036614369960497
569,3,18mo.9mo.contact.log_ratio.mean.5kb-20kb.enhancer_DMR,down,-0.13815006344758968
570,3,18mo.9mo.contact.log_ratio.median.5kb-20kb.enhancer_DMR,down,0.036611717424219564
571,3,18mo.9mo.contact.log_ratio.max.5kb-20kb.enhancer_DMR,down,-0.15812976596897896
572,3,18mo.9mo.contact.log_ratio.min.5kb-20kb.enhancer_DMR,down,-0.1391294438099591
573,3,18mo.9mo.contact.log_ratio.count.5kb-20kb.enhancer_DMR,down,-0.03858178111120005
574,3,9mo.2mo.activity.log_ratio.count.20kb-5Mb.enhancer_DMR,down,0.26697393187836815
575,3,18mo.2mo.activity.log_ratio.count.20kb-5Mb.enhancer_DMR,down,-0.2584478122588889
576,3,18mo.9mo.activity.log_ratio.count.20kb-5Mb.enhancer_DMR,down,-0.045359967292782806
577,3,9mo.2mo.contact.log_ratio.count.20kb-5Mb.enhancer_DMR,down,0.26697393187836815
578,3,18mo.2mo.contact.log_ratio.count.20kb-5Mb.enhancer_DMR,down,-0.2584478122588889
579,3,18mo.9mo.contact.log_ratio.count.20kb-5Mb.enhancer_DMR,down,-0.045359967292782806
580,3,count.enhancer_DMR,down,0.21645482845479702
581,3,9mo.2mo.activity.log_ratio.count.0-5kb.enhancer_peak,down,0.0916651505713657
582,3,18mo.2mo.activity.log_ratio.count.0-5kb.enhancer_peak,down,-0.0755205127163803
583,3,18mo.9mo.activity.log_ratio.count.0-5kb.enhancer_peak,down,-0.3123054928435035
584,3,9mo.2mo.contact.log_ratio.count.0-5kb.enhancer_peak,down,0.0916651505713657
585,3,18mo.2mo.contact.log_ratio.count.0-5kb.enhancer_peak,down,-0.0755205127163803
586,3,18mo.9mo.contact.log_ratio.count.0-5kb.enhancer_peak,down,-0.3123054928435035
587,3,9mo.2mo.activity.log_ratio.count.5kb-20kb.enhancer_peak,down,-0.19811808921013171
588,3,18mo.2mo.activity.log_ratio.count.5kb-20kb.enhancer_peak,down,0.09285902632176181
589,3,18mo.9mo.activity.log_ratio.count.5kb-20kb.enhancer_peak,down,-0.1056523592487633
590,3,9mo.2mo.contact.log_ratio.count.5kb-20kb.enhancer_peak,down,-0.19811808921013171
591,3,18mo.2mo.contact.log_ratio.count.5kb-20kb.enhancer_peak,down,0.09285902632176181
592,3,18mo.9mo.contact.log_ratio.count.5kb-20kb.enhancer_peak,down,-0.1056523592487633
593,3,9mo.2mo.activity.log_ratio.mean.20kb-5Mb.enhancer_peak,down,-0.02079538469620396
594,3,9mo.2mo.activity.log_ratio.median.20kb-5Mb.enhancer_peak,down,0.30448759961486216
595,3,9mo.2mo.activity.log_ratio.std.20kb-5Mb.enhancer_peak,down,0.0928212230982757
596,3,9mo.2mo.activity.log_ratio.max.20kb-5Mb.enhancer_peak,down,-0.24543685233976145
597,3,9mo.2mo.activity.log_ratio.min.20kb-5Mb.enhancer_peak,down,-0.03857089776008395
598,3,9mo.2mo.activity.log_ratio.count.20kb-5Mb.enhancer_peak,down,0.1254951710151544
599,3,18mo.2mo.activity.log_ratio.mean.20kb-5Mb.enhancer_peak,down,0.15869816083475777
600,3,18mo.2mo.activity.log_ratio.median.20kb-5Mb.enhancer_peak,down,-0.45277588255394785
601,3,18mo.2mo.activity.log_ratio.std.20kb-5Mb.enhancer_peak,down,-0.36209317620725573
602,3,18mo.2mo.activity.log_ratio.max.20kb-5Mb.enhancer_peak,down,0.29580148376408555
603,3,18mo.2mo.activity.log_ratio.min.20kb-5Mb.enhancer_peak,down,0.027820180129219156
604,3,18mo.2mo.activity.log_ratio.count.20kb-5Mb.enhancer_peak,down,-0.2034951920983508
605,3,18mo.9mo.activity.log_ratio.mean.20kb-5Mb.enhancer_peak,down,0.02681345819283458
606,3,18mo.9mo.activity.log_ratio.median.20kb-5Mb.enhancer_peak,down,0.18352138325827363
607,3,18mo.9mo.activity.log_ratio.std.20kb-5Mb.enhancer_peak,down,0.05629089168425781
608,3,18mo.9mo.activity.log_ratio.max.20kb-5Mb.enhancer_peak,down,-0.0023231786281445233
609,3,18mo.9mo.activity.log_ratio.min.20kb-5Mb.enhancer_peak,down,-0.004652640650611969
610,3,18mo.9mo.activity.log_ratio.count.20kb-5Mb.enhancer_peak,down,-0.02258823001333651
611,3,9mo.2mo.contact.log_ratio.mean.20kb-5Mb.enhancer_peak,down,0.1784368941511841
612,3,9mo.2mo.contact.log_ratio.median.20kb-5Mb.enhancer_peak,down,0.5484634399910359
613,3,9mo.2mo.contact.log_ratio.std.20kb-5Mb.enhancer_peak,down,-0.04556211330570327
614,3,9mo.2mo.contact.log_ratio.max.20kb-5Mb.enhancer_peak,down,-0.20589940009062047
615,3,9mo.2mo.contact.log_ratio.min.20kb-5Mb.enhancer_peak,down,-0.518128895162269
616,3,9mo.2mo.contact.log_ratio.count.20kb-5Mb.enhancer_peak,down,0.1254951710151544
617,3,18mo.2mo.contact.log_ratio.mean.20kb-5Mb.enhancer_peak,down,-0.20944874756773402
618,3,18mo.2mo.contact.log_ratio.median.20kb-5Mb.enhancer_peak,down,0.09957778210352379
619,3,18mo.2mo.contact.log_ratio.std.20kb-5Mb.enhancer_peak,down,0.0035430422055872037
620,3,18mo.2mo.contact.log_ratio.max.20kb-5Mb.enhancer_peak,down,0.010374799812258872
621,3,18mo.2mo.contact.log_ratio.min.20kb-5Mb.enhancer_peak,down,-0.04195281655907787
622,3,18mo.2mo.contact.log_ratio.count.20kb-5Mb.enhancer_peak,down,-0.2034951920983508
623,3,18mo.9mo.contact.log_ratio.mean.20kb-5Mb.enhancer_peak,down,0.07799276122956866
624,3,18mo.9mo.contact.log_ratio.median.20kb-5Mb.enhancer_peak,down,0.1046985306909264
625,3,18mo.9mo.contact.log_ratio.std.20kb-5Mb.enhancer_peak,down,-0.3198751289254777
626,3,18mo.9mo.contact.log_ratio.max.20kb-5Mb.enhancer_peak,down,0.027347237820808206
627,3,18mo.9mo.contact.log_ratio.min.20kb-5Mb.enhancer_peak,down,0.19445024690776586
628,3,18mo.9mo.contact.log_ratio.count.20kb-5Mb.enhancer_peak,down,-0.02258823001333651
629,3,count.enhancer_peak,down,0.03705787609718041
630,3,rel_pos.DAR,down,-0.01644491522567058
631,3,9mo.2mo.log_ratio.DAR,down,-0.04639955791111602
632,3,18mo.9mo.log_ratio.DAR,down,0.13227595367613665
633,3,18mo.2mo.log_ratio.DAR,down,-0.005929399872510665
634,3,count.DAR,down,0.02148019134283004
635,3,size.log2.DMR,down,0.18133940311911073
636,3,rel_pos.DMR,down,0.09313437770289856
637,3,9mo.2mo.log_ratio.DMR,down,0.06572655216609548
638,3,18mo.9mo.log_ratio.DMR,down,0.04502882954600538
639,3,18mo.2mo.log_ratio.DMR,down,0.08187331477022518
640,3,distance.log2.DMR,down,-0.31768709730994993
641,3,count.DMR,down,0.11520036810108633
642,3,Qanova.mean.loops,down,-0.0014603500458702041
643,3,Qanova.median.loops,down,0.2805812484068446
644,3,Qanova.std.loops,down,0.08125396709451793
645,3,Qanova.max.loops,down,-0.042273722043173305
646,3,Qanova.min.loops,down,-0.31600954288740335
647,3,Tanova.mean.loops,down,0.07834848004703418
648,3,Tanova.median.loops,down,-0.20298859431892335
649,3,Tanova.std.loops,down,-0.5062800226611912
650,3,Tanova.max.loops,down,0.4672141034484059
651,3,Tanova.min.loops,down,0.370996989371966
652,3,9mo.2mo.Q.mean.loops,down,-0.005372259987780039
653,3,9mo.2mo.Q.median.loops,down,-0.14072160433927883
654,3,9mo.2mo.Q.std.loops,down,-0.04938003902806694
655,3,9mo.2mo.Q.max.loops,down,-0.23795872469165602
656,3,9mo.2mo.Q.min.loops,down,-0.021545371353072107
657,3,18mo.9mo.Q.mean.loops,down,0.19244576991515427
658,3,18mo.9mo.Q.median.loops,down,0.06311556679782171
659,3,18mo.9mo.Q.std.loops,down,-0.33246649355120994
660,3,18mo.9mo.Q.max.loops,down,-0.08314656472053653
661,3,18mo.9mo.Q.min.loops,down,-0.13068814276791377
662,3,18mo.2mo.Q.mean.loops,down,0.17420803252802303
663,3,18mo.2mo.Q.median.loops,down,-0.16559502563410794
664,3,18mo.2mo.Q.std.loops,down,0.1534092423126108
665,3,18mo.2mo.Q.max.loops,down,0.1560419762222258
666,3,18mo.2mo.Q.min.loops,down,0.41476242660942647
667,3,9mo.2mo.T.mean.loops,down,0.4864528819921028
668,3,9mo.2mo.T.median.loops,down,-0.062299871836812
669,3,9mo.2mo.T.std.loops,down,-1.3739275397712416
670,3,9mo.2mo.T.max.loops,down,0.9490042222895074
671,3,9mo.2mo.T.min.loops,down,-0.7058549542977415
672,3,18mo.9mo.T.mean.loops,down,-0.15786980377685805
673,3,18mo.9mo.T.median.loops,down,0.17092566342331972
674,3,18mo.9mo.T.std.loops,down,-0.009270032740003096
675,3,18mo.9mo.T.max.loops,down,-0.08432350038174882
676,3,18mo.9mo.T.min.loops,down,0.6681871297966512
677,3,18mo.2mo.T.mean.loops,down,0.27530671395565576
678,3,18mo.2mo.T.median.loops,down,-0.6253885521558702
679,3,18mo.2mo.T.std.loops,down,0.1632901028154516
680,3,18mo.2mo.T.max.loops,down,-0.28034618827086194
681,3,18mo.2mo.T.min.loops,down,-0.23514764350491899
682,3,loop_size.log.mean.loops,down,0.22299988763775486
683,3,loop_size.log.median.loops,down,0.41242361144020223
684,3,loop_size.log.std.loops,down,0.043449901746900464
685,3,loop_size.log.max.loops,down,0.9678498425352055
686,3,loop_size.log.min.loops,down,-1.0226779193453022
687,3,min_distance.log.mean.loops,down,0.039757988072780755
688,3,min_distance.log.median.loops,down,0.17024538181225618
689,3,min_distance.log.std.loops,down,0.21444707391373988
690,3,min_distance.log.max.loops,down,-0.25390206906557294
691,3,min_distance.log.min.loops,down,-0.02365741322545969
692,3,count.loops,down,-0.4495118156325901
693,3,9mo.2mo.log_ratio.mcg_genebody,down,0.1845904904702883
694,3,18mo.9mo.log_ratio.mcg_genebody,down,-0.1414983943396571
695,3,18mo.2mo.log_ratio.mcg_genebody,down,0.1502461289523159
696,3,9mo.2mo.log_ratio.mch_genebody,down,0.30516375058076917
697,3,18mo.9mo.log_ratio.mch_genebody,down,-0.03371651638420618
698,3,18mo.2mo.log_ratio.mch_genebody,down,0.38314063551492905
699,3,9mo.2mo.log_ratio.mean.atac,down,0.026964984853526306
700,3,18mo.9mo.log_ratio.mean.atac,down,0.15647869826675975
701,3,18mo.2mo.log_ratio.mean.atac,down,0.11457331916353472
702,3,log2_distance.mean.atac,down,-0.021994724102935882
703,3,9mo.2mo.log_ratio.std.atac,down,0.0830937661384428
704,3,18mo.9mo.log_ratio.std.atac,down,0.31775356715659264
705,3,18mo.2mo.log_ratio.std.atac,down,-0.37699448876064867
706,3,log2_distance.std.atac,down,0.396757180825192
707,3,9mo.2mo.log_ratio.max.atac,down,-0.3567654844905181
708,3,18mo.9mo.log_ratio.max.atac,down,-0.24405885306400135
709,3,18mo.2mo.log_ratio.max.atac,down,0.02362059464889658
710,3,log2_distance.max.atac,down,-0.44976838195190616
711,3,9mo.2mo.log_ratio.min.atac,down,-0.24459321874534873
712,3,18mo.9mo.log_ratio.min.atac,down,0.24120138263801633
713,3,18mo.2mo.log_ratio.min.atac,down,-0.5901340526488471
714,3,log2_distance.min.atac,down,0.24566532504274885
715,3,count.atac,down,0.4230432971173934
716,4,gene_length.meta,down,-0.14728812086364235
717,4,9mo.2mo.activity.log_ratio.count.0-5kb.enhancer_DMR,down,0.1963491187458873
718,4,18mo.2mo.activity.log_ratio.count.0-5kb.enhancer_DMR,down,0.3443850193495186
719,4,18mo.9mo.activity.log_ratio.count.0-5kb.enhancer_DMR,down,-0.4260559093283355
720,4,9mo.2mo.contact.log_ratio.count.0-5kb.enhancer_DMR,down,0.1963491187458873
721,4,18mo.2mo.contact.log_ratio.count.0-5kb.enhancer_DMR,down,0.3443850193495186
722,4,18mo.9mo.contact.log_ratio.count.0-5kb.enhancer_DMR,down,-0.4260559093283355
723,4,9mo.2mo.activity.log_ratio.mean.5kb-20kb.enhancer_DMR,down,-0.03090808350177215
724,4,9mo.2mo.activity.log_ratio.median.5kb-20kb.enhancer_DMR,down,-0.10289300064498853
725,4,9mo.2mo.activity.log_ratio.max.5kb-20kb.enhancer_DMR,down,-0.06111488312118012
726,4,9mo.2mo.activity.log_ratio.min.5kb-20kb.enhancer_DMR,down,0.19893601231923716
727,4,9mo.2mo.activity.log_ratio.count.5kb-20kb.enhancer_DMR,down,0.2346871313452095
728,4,18mo.2mo.activity.log_ratio.mean.5kb-20kb.enhancer_DMR,down,-0.025915871855889294
729,4,18mo.2mo.activity.log_ratio.median.5kb-20kb.enhancer_DMR,down,0.09068505840218094
730,4,18mo.2mo.activity.log_ratio.max.5kb-20kb.enhancer_DMR,down,-0.18419142762935287
731,4,18mo.2mo.activity.log_ratio.min.5kb-20kb.enhancer_DMR,down,0.01942462433016969
732,4,18mo.2mo.activity.log_ratio.count.5kb-20kb.enhancer_DMR,down,-0.26918382424819365
733,4,18mo.9mo.activity.log_ratio.mean.5kb-20kb.enhancer_DMR,down,0.08785169234868966
734,4,18mo.9mo.activity.log_ratio.median.5kb-20kb.enhancer_DMR,down,0.5523514542132113
735,4,18mo.9mo.activity.log_ratio.max.5kb-20kb.enhancer_DMR,down,-0.3559736382678923
736,4,18mo.9mo.activity.log_ratio.min.5kb-20kb.enhancer_DMR,down,-0.31749264959211976
737,4,18mo.9mo.activity.log_ratio.count.5kb-20kb.enhancer_DMR,down,-0.013206823723518666
738,4,9mo.2mo.contact.log_ratio.mean.5kb-20kb.enhancer_DMR,down,-0.1492766246512568
739,4,9mo.2mo.contact.log_ratio.median.5kb-20kb.enhancer_DMR,down,-0.10466067915325421
740,4,9mo.2mo.contact.log_ratio.max.5kb-20kb.enhancer_DMR,down,-0.5971972654068112
741,4,9mo.2mo.contact.log_ratio.min.5kb-20kb.enhancer_DMR,down,0.4880315577205766
742,4,9mo.2mo.contact.log_ratio.count.5kb-20kb.enhancer_DMR,down,0.2346871313452095
743,4,18mo.2mo.contact.log_ratio.mean.5kb-20kb.enhancer_DMR,down,0.14393531520433556
744,4,18mo.2mo.contact.log_ratio.median.5kb-20kb.enhancer_DMR,down,0.0835456708363399
745,4,18mo.2mo.contact.log_ratio.max.5kb-20kb.enhancer_DMR,down,0.5381890738540885
746,4,18mo.2mo.contact.log_ratio.min.5kb-20kb.enhancer_DMR,down,-0.1788686946955006
747,4,18mo.2mo.contact.log_ratio.count.5kb-20kb.enhancer_DMR,down,-0.26918382424819365
748,4,18mo.9mo.contact.log_ratio.mean.5kb-20kb.enhancer_DMR,down,-0.15831524965097424
749,4,18mo.9mo.contact.log_ratio.median.5kb-20kb.enhancer_DMR,down,0.09332992676275803
750,4,18mo.9mo.contact.log_ratio.max.5kb-20kb.enhancer_DMR,down,-0.2711511574238986
751,4,18mo.9mo.contact.log_ratio.min.5kb-20kb.enhancer_DMR,down,-0.004406653387781189
752,4,18mo.9mo.contact.log_ratio.count.5kb-20kb.enhancer_DMR,down,-0.013206823723518666
753,4,9mo.2mo.activity.log_ratio.count.20kb-5Mb.enhancer_DMR,down,-0.07976267824374315
754,4,18mo.2mo.activity.log_ratio.count.20kb-5Mb.enhancer_DMR,down,-0.1446415851079982
755,4,18mo.9mo.activity.log_ratio.count.20kb-5Mb.enhancer_DMR,down,0.1379412888993652
756,4,9mo.2mo.contact.log_ratio.count.20kb-5Mb.enhancer_DMR,down,-0.07976267824374315
757,4,18mo.2mo.contact.log_ratio.count.20kb-5Mb.enhancer_DMR,down,-0.1446415851079982
758,4,18mo.9mo.contact.log_ratio.count.20kb-5Mb.enhancer_DMR,down,0.1379412888993652
759,4,count.enhancer_DMR,down,0.3855042895342914
760,4,9mo.2mo.activity.log_ratio.count.0-5kb.enhancer_peak,down,-0.0873019192261931
761,4,18mo.2mo.activity.log_ratio.count.0-5kb.enhancer_peak,down,-0.04558713217330625
762,4,18mo.9mo.activity.log_ratio.count.0-5kb.enhancer_peak,down,-0.10575503976812686
763,4,9mo.2mo.contact.log_ratio.count.0-5kb.enhancer_peak,down,-0.0873019192261931
764,4,18mo.2mo.contact.log_ratio.count.0-5kb.enhancer_peak,down,-0.04558713217330625
765,4,18mo.9mo.contact.log_ratio.count.0-5kb.enhancer_peak,down,-0.10575503976812686
766,4,9mo.2mo.activity.log_ratio.count.5kb-20kb.enhancer_peak,down,-0.03682780060144206
767,4,18mo.2mo.activity.log_ratio.count.5kb-20kb.enhancer_peak,down,0.05964843805956424
768,4,18mo.9mo.activity.log_ratio.count.5kb-20kb.enhancer_peak,down,-0.19267513821065474
769,4,9mo.2mo.contact.log_ratio.count.5kb-20kb.enhancer_peak,down,-0.03682780060144206
770,4,18mo.2mo.contact.log_ratio.count.5kb-20kb.enhancer_peak,down,0.05964843805956424
771,4,18mo.9mo.contact.log_ratio.count.5kb-20kb.enhancer_peak,down,-0.19267513821065474
772,4,9mo.2mo.activity.log_ratio.mean.20kb-5Mb.enhancer_peak,down,-0.18607658649345454
773,4,9mo.2mo.activity.log_ratio.median.20kb-5Mb.enhancer_peak,down,0.46324630521612264
774,4,9mo.2mo.activity.log_ratio.std.20kb-5Mb.enhancer_peak,down,-0.09301959641880439
775,4,9mo.2mo.activity.log_ratio.max.20kb-5Mb.enhancer_peak,down,-0.22062032746504048
776,4,9mo.2mo.activity.log_ratio.min.20kb-5Mb.enhancer_peak,down,-0.2722367241082291
777,4,9mo.2mo.activity.log_ratio.count.20kb-5Mb.enhancer_peak,down,0.18238997877848925
778,4,18mo.2mo.activity.log_ratio.mean.20kb-5Mb.enhancer_peak,down,0.13586008428868612
779,4,18mo.2mo.activity.log_ratio.median.20kb-5Mb.enhancer_peak,down,-0.4512733580436556
780,4,18mo.2mo.activity.log_ratio.std.20kb-5Mb.enhancer_peak,down,-0.13688722706001963
781,4,18mo.2mo.activity.log_ratio.max.20kb-5Mb.enhancer_peak,down,0.5061651970117425
782,4,18mo.2mo.activity.log_ratio.min.20kb-5Mb.enhancer_peak,down,-0.17505596696808726
783,4,18mo.2mo.activity.log_ratio.count.20kb-5Mb.enhancer_peak,down,-0.27309882946898983
784,4,18mo.9mo.activity.log_ratio.mean.20kb-5Mb.enhancer_peak,down,0.05233558335924135
785,4,18mo.9mo.activity.log_ratio.median.20kb-5Mb.enhancer_peak,down,0.07109650044705773
786,4,18mo.9mo.activity.log_ratio.std.20kb-5Mb.enhancer_peak,down,0.07494855122571766
787,4,18mo.9mo.activity.log_ratio.max.20kb-5Mb.enhancer_peak,down,0.15876241377621372
788,4,18mo.9mo.activity.log_ratio.min.20kb-5Mb.enhancer_peak,down,-0.3045984553133024
789,4,18mo.9mo.activity.log_ratio.count.20kb-5Mb.enhancer_peak,down,-0.09876175661299308
790,4,9mo.2mo.contact.log_ratio.mean.20kb-5Mb.enhancer_peak,down,0.06205930663252846
791,4,9mo.2mo.contact.log_ratio.median.20kb-5Mb.enhancer_peak,down,0.4350854734840044
792,4,9mo.2mo.contact.log_ratio.std.20kb-5Mb.enhancer_peak,down,-0.06805296109866185
793,4,9mo.2mo.contact.log_ratio.max.20kb-5Mb.enhancer_peak,down,-0.07420110150361602
794,4,9mo.2mo.contact.log_ratio.min.20kb-5Mb.enhancer_peak,down,-0.43003424473403057
795,4,9mo.2mo.contact.log_ratio.count.20kb-5Mb.enhancer_peak,down,0.18238997877848925
796,4,18mo.2mo.contact.log_ratio.mean.20kb-5Mb.enhancer_peak,down,-0.14607390205707968
797,4,18mo.2mo.contact.log_ratio.median.20kb-5Mb.enhancer_peak,down,-0.005730927730159414
798,4,18mo.2mo.contact.log_ratio.std.20kb-5Mb.enhancer_peak,down,-0.07423822256485282
799,4,18mo.2mo.contact.log_ratio.max.20kb-5Mb.enhancer_peak,down,0.03450181955253346
800,4,18mo.2mo.contact.log_ratio.min.20kb-5Mb.enhancer_peak,down,-0.09893766163200361
801,4,18mo.2mo.contact.log_ratio.count.20kb-5Mb.enhancer_peak,down,-0.27309882946898983
802,4,18mo.9mo.contact.log_ratio.mean.20kb-5Mb.enhancer_peak,down,0.12003064755281401
803,4,18mo.9mo.contact.log_ratio.median.20kb-5Mb.enhancer_peak,down,0.24405063099712568
804,4,18mo.9mo.contact.log_ratio.std.20kb-5Mb.enhancer_peak,down,-0.25359070414343726
805,4,18mo.9mo.contact.log_ratio.max.20kb-5Mb.enhancer_peak,down,-0.372173735287031
806,4,18mo.9mo.contact.log_ratio.min.20kb-5Mb.enhancer_peak,down,0.18465426103503862
807,4,18mo.9mo.contact.log_ratio.count.20kb-5Mb.enhancer_peak,down,-0.09876175661299308
808,4,count.enhancer_peak,down,-0.2535825351023952
809,4,rel_pos.DAR,down,0.04245277401805688
810,4,9mo.2mo.log_ratio.DAR,down,-0.012642298632470792
811,4,18mo.9mo.log_ratio.DAR,down,0.022473409523562613
812,4,18mo.2mo.log_ratio.DAR,down,-0.0034241283285536598
813,4,count.DAR,down,-0.04985314041075669
814,4,size.log2.DMR,down,0.1019066492176947
815,4,rel_pos.DMR,down,-0.12333505207752204
816,4,9mo.2mo.log_ratio.DMR,down,-0.008306833132515972
817,4,18mo.9mo.log_ratio.DMR,down,0.12288980639822354
818,4,18mo.2mo.log_ratio.DMR,down,0.06523391730423675
819,4,distance.log2.DMR,down,-0.05221671006119713
820,4,count.DMR,down,0.09359412846634048
821,4,Qanova.mean.loops,down,0.27337559648803317
822,4,Qanova.median.loops,down,-0.005348240225683367
823,4,Qanova.std.loops,down,-0.13400854403205473
824,4,Qanova.max.loops,down,0.1266104450929407
825,4,Qanova.min.loops,down,-0.24347722385594409
826,4,Tanova.mean.loops,down,-0.21619094734032618
827,4,Tanova.median.loops,down,-0.06614270572300897
828,4,Tanova.std.loops,down,-0.21179917289595065
829,4,Tanova.max.loops,down,0.29205365865374044
830,4,Tanova.min.loops,down,0.2980372711780565
831,4,9mo.2mo.Q.mean.loops,down,0.1444615976186417
832,4,9mo.2mo.Q.median.loops,down,-0.04353957824487056
833,4,9mo.2mo.Q.std.loops,down,-0.02629942494688873
834,4,9mo.2mo.Q.max.loops,down,-0.40890064932799364
835,4,9mo.2mo.Q.min.loops,down,-0.012361833864410593
836,4,18mo.9mo.Q.mean.loops,down,0.06410839379398896
837,4,18mo.9mo.Q.median.loops,down,0.26916683606313785
838,4,18mo.9mo.Q.std.loops,down,-0.17703597306089264
839,4,18mo.9mo.Q.max.loops,down,0.10024303579626896
840,4,18mo.9mo.Q.min.loops,down,-0.011403232860295237
841,4,18mo.2mo.Q.mean.loops,down,0.16613845389292617
842,4,18mo.2mo.Q.median.loops,down,-0.31239784509549595
843,4,18mo.2mo.Q.std.loops,down,0.43928467817895883
844,4,18mo.2mo.Q.max.loops,down,-0.509512787733272
845,4,18mo.2mo.Q.min.loops,down,0.6943132143946629
846,4,9mo.2mo.T.mean.loops,down,0.1488146249191427
847,4,9mo.2mo.T.median.loops,down,-0.03254705399066731
848,4,9mo.2mo.T.std.loops,down,-1.047009656823893
849,4,9mo.2mo.T.max.loops,down,0.8074537214793291
850,4,9mo.2mo.T.min.loops,down,-0.7336102597454741
851,4,18mo.9mo.T.mean.loops,down,-0.17771085055235739
852,4,18mo.9mo.T.median.loops,down,-0.022483294894231048
853,4,18mo.9mo.T.std.loops,down,0.15112111491239077
854,4,18mo.9mo.T.max.loops,down,-0.017288761039240423
855,4,18mo.9mo.T.min.loops,down,0.45667920856609256
856,4,18mo.2mo.T.mean.loops,down,-0.032110451726189114
857,4,18mo.2mo.T.median.loops,down,-0.06865990397172184
858,4,18mo.2mo.T.std.loops,down,0.024241565910834775
859,4,18mo.2mo.T.max.loops,down,-0.07398650284953337
860,4,18mo.2mo.T.min.loops,down,-0.17078797939654577
861,4,loop_size.log.mean.loops,down,0.12738364313204267
862,4,loop_size.log.median.loops,down,-0.14947159079649022
863,4,loop_size.log.std.loops,down,0.1859441953843562
864,4,loop_size.log.max.loops,down,0.899934789564071
865,4,loop_size.log.min.loops,down,-0.48722781141054383
866,4,min_distance.log.mean.loops,down,0.04145426145855792
867,4,min_distance.log.median.loops,down,0.20491896880414062
868,4,min_distance.log.std.loops,down,-0.06698011697626888
869,4,min_distance.log.max.loops,down,-0.3790480951318678
870,4,min_distance.log.min.loops,down,0.09905468276007107
871,4,count.loops,down,-0.05822590519439685
872,4,9mo.2mo.log_ratio.mcg_genebody,down,0.24461368681400109
873,4,18mo.9mo.log_ratio.mcg_genebody,down,-0.08000073481600126
874,4,18mo.2mo.log_ratio.mcg_genebody,down,0.284627985710819
875,4,9mo.2mo.log_ratio.mch_genebody,down,0.24451777102780844
876,4,18mo.9mo.log_ratio.mch_genebody,down,0.014151073309037733
877,4,18mo.2mo.log_ratio.mch_genebody,down,0.3337592779422754
878,4,9mo.2mo.log_ratio.mean.atac,down,-0.07604413365408759
879,4,18mo.9mo.log_ratio.mean.atac,down,0.021976080362323437
880,4,18mo.2mo.log_ratio.mean.atac,down,-0.0773675064929502
881,4,log2_distance.mean.atac,down,0.1880072594258612
882,4,9mo.2mo.log_ratio.std.atac,down,-0.017624319498272065
883,4,18mo.9mo.log_ratio.std.atac,down,0.10808288540791386
884,4,18mo.2mo.log_ratio.std.atac,down,-0.03528578205012226
885,4,log2_distance.std.atac,down,0.3580806616306562
886,4,9mo.2mo.log_ratio.max.atac,down,-0.10746367256893542
887,4,18mo.9mo.log_ratio.max.atac,down,0.010447044522826215
888,4,18mo.2mo.log_ratio.max.atac,down,-0.04755481677034066
889,4,log2_distance.max.atac,down,-0.35166401695637844
890,4,9mo.2mo.log_ratio.min.atac,down,-0.2259610131933086
891,4,18mo.9mo.log_ratio.min.atac,down,0.27717811249150204
892,4,18mo.2mo.log_ratio.min.atac,down,-0.25042968657330683
893,4,log2_distance.min.atac,down,0.16784697906128587
894,4,count.atac,down,0.2795180551762426
895,0,gene_length.meta,non,-0.2776492664343031
896,0,9mo.2mo.activity.log_ratio.count.0-5kb.enhancer_DMR,non,-0.03034202512252749
897,0,18mo.2mo.activity.log_ratio.count.0-5kb.enhancer_DMR,non,-0.23117485851906439
898,0,18mo.9mo.activity.log_ratio.count.0-5kb.enhancer_DMR,non,0.1114549347558383
899,0,9mo.2mo.contact.log_ratio.count.0-5kb.enhancer_DMR,non,-0.03034202512252749
900,0,18mo.2mo.contact.log_ratio.count.0-5kb.enhancer_DMR,non,-0.23117485851906439
901,0,18mo.9mo.contact.log_ratio.count.0-5kb.enhancer_DMR,non,0.1114549347558383
902,0,9mo.2mo.activity.log_ratio.mean.5kb-20kb.enhancer_DMR,non,0.09411279522851207
903,0,9mo.2mo.activity.log_ratio.median.5kb-20kb.enhancer_DMR,non,-0.11216889490203766
904,0,9mo.2mo.activity.log_ratio.max.5kb-20kb.enhancer_DMR,non,-0.19592577122895455
905,0,9mo.2mo.activity.log_ratio.min.5kb-20kb.enhancer_DMR,non,-0.03183521255947
906,0,9mo.2mo.activity.log_ratio.count.5kb-20kb.enhancer_DMR,non,0.029963265077479363
907,0,18mo.2mo.activity.log_ratio.mean.5kb-20kb.enhancer_DMR,non,-0.06420583871704581
908,0,18mo.2mo.activity.log_ratio.median.5kb-20kb.enhancer_DMR,non,0.3615090828500218
909,0,18mo.2mo.activity.log_ratio.max.5kb-20kb.enhancer_DMR,non,-0.013440899787919767
910,0,18mo.2mo.activity.log_ratio.min.5kb-20kb.enhancer_DMR,non,-0.25511170007881584
911,0,18mo.2mo.activity.log_ratio.count.5kb-20kb.enhancer_DMR,non,-0.026321255535941807
912,0,18mo.9mo.activity.log_ratio.mean.5kb-20kb.enhancer_DMR,non,-0.11858032324456097
913,0,18mo.9mo.activity.log_ratio.median.5kb-20kb.enhancer_DMR,non,-0.14696687206428666
914,0,18mo.9mo.activity.log_ratio.max.5kb-20kb.enhancer_DMR,non,0.023994097413039022
915,0,18mo.9mo.activity.log_ratio.min.5kb-20kb.enhancer_DMR,non,0.15196677668205136
916,0,18mo.9mo.activity.log_ratio.count.5kb-20kb.enhancer_DMR,non,0.1295115917049581
917,0,9mo.2mo.contact.log_ratio.mean.5kb-20kb.enhancer_DMR,non,-0.036454010135887845
918,0,9mo.2mo.contact.log_ratio.median.5kb-20kb.enhancer_DMR,non,0.4539612925062828
919,0,9mo.2mo.contact.log_ratio.max.5kb-20kb.enhancer_DMR,non,-0.07993301707709845
920,0,9mo.2mo.contact.log_ratio.min.5kb-20kb.enhancer_DMR,non,-0.31948455517040736
921,0,9mo.2mo.contact.log_ratio.count.5kb-20kb.enhancer_DMR,non,0.029963265077479363
922,0,18mo.2mo.contact.log_ratio.mean.5kb-20kb.enhancer_DMR,non,-0.12919097790053205
923,0,18mo.2mo.contact.log_ratio.median.5kb-20kb.enhancer_DMR,non,-0.05312099335684626
924,0,18mo.2mo.contact.log_ratio.max.5kb-20kb.enhancer_DMR,non,0.07957303711804707
925,0,18mo.2mo.contact.log_ratio.min.5kb-20kb.enhancer_DMR,non,0.03060656336985292
926,0,18mo.2mo.contact.log_ratio.count.5kb-20kb.enhancer_DMR,non,-0.026321255535941807
927,0,18mo.9mo.contact.log_ratio.mean.5kb-20kb.enhancer_DMR,non,0.045267854180668095
928,0,18mo.9mo.contact.log_ratio.median.5kb-20kb.enhancer_DMR,non,0.08797776169609958
929,0,18mo.9mo.contact.log_ratio.max.5kb-20kb.enhancer_DMR,non,-0.09509483924608532
930,0,18mo.9mo.contact.log_ratio.min.5kb-20kb.enhancer_DMR,non,-0.11790136032744404
931,0,18mo.9mo.contact.log_ratio.count.5kb-20kb.enhancer_DMR,non,0.1295115917049581
932,0,9mo.2mo.activity.log_ratio.count.20kb-5Mb.enhancer_DMR,non,0.0006917643966959096
933,0,18mo.2mo.activity.log_ratio.count.20kb-5Mb.enhancer_DMR,non,0.03044533758380671
934,0,18mo.9mo.activity.log_ratio.count.20kb-5Mb.enhancer_DMR,non,0.0007383825953297966
935,0,9mo.2mo.contact.log_ratio.count.20kb-5Mb.enhancer_DMR,non,0.0006917643966959096
936,0,18mo.2mo.contact.log_ratio.count.20kb-5Mb.enhancer_DMR,non,0.03044533758380671
937,0,18mo.9mo.contact.log_ratio.count.20kb-5Mb.enhancer_DMR,non,0.0007383825953297966
938,0,count.enhancer_DMR,non,-0.16245748995838397
939,0,9mo.2mo.activity.log_ratio.count.0-5kb.enhancer_peak,non,-0.0885066809758999
940,0,18mo.2mo.activity.log_ratio.count.0-5kb.enhancer_peak,non,-0.009079932862584388
941,0,18mo.9mo.activity.log_ratio.count.0-5kb.enhancer_peak,non,0.240682394302847
942,0,9mo.2mo.contact.log_ratio.count.0-5kb.enhancer_peak,non,-0.0885066809758999
943,0,18mo.2mo.contact.log_ratio.count.0-5kb.enhancer_peak,non,-0.009079932862584388
944,0,18mo.9mo.contact.log_ratio.count.0-5kb.enhancer_peak,non,0.240682394302847
945,0,9mo.2mo.activity.log_ratio.count.5kb-20kb.enhancer_peak,non,-0.028044892770059882
946,0,18mo.2mo.activity.log_ratio.count.5kb-20kb.enhancer_peak,non,-0.10961774205941345
947,0,18mo.9mo.activity.log_ratio.count.5kb-20kb.enhancer_peak,non,0.15596785002366556
948,0,9mo.2mo.contact.log_ratio.count.5kb-20kb.enhancer_peak,non,-0.028044892770059882
949,0,18mo.2mo.contact.log_ratio.count.5kb-20kb.enhancer_peak,non,-0.10961774205941345
950,0,18mo.9mo.contact.log_ratio.count.5kb-20kb.enhancer_peak,non,0.15596785002366556
951,0,9mo.2mo.activity.log_ratio.mean.20kb-5Mb.enhancer_peak,non,-0.05662185737287261
952,0,9mo.2mo.activity.log_ratio.median.20kb-5Mb.enhancer_peak,non,-0.015909712110220034
953,0,9mo.2mo.activity.log_ratio.std.20kb-5Mb.enhancer_peak,non,0.08885950377869008
954,0,9mo.2mo.activity.log_ratio.max.20kb-5Mb.enhancer_peak,non,-0.01742222740007246
955,0,9mo.2mo.activity.log_ratio.min.20kb-5Mb.enhancer_peak,non,0.16236522053564498
956,0,9mo.2mo.activity.log_ratio.count.20kb-5Mb.enhancer_peak,non,-0.17008084059476222
957,0,18mo.2mo.activity.log_ratio.mean.20kb-5Mb.enhancer_peak,non,0.25241356365680157
958,0,18mo.2mo.activity.log_ratio.median.20kb-5Mb.enhancer_peak,non,-0.28273887866837727
959,0,18mo.2mo.activity.log_ratio.std.20kb-5Mb.enhancer_peak,non,0.33152504413669126
960,0,18mo.2mo.activity.log_ratio.max.20kb-5Mb.enhancer_peak,non,-0.5026572952666888
961,0,18mo.2mo.activity.log_ratio.min.20kb-5Mb.enhancer_peak,non,0.42925612488559584
962,0,18mo.2mo.activity.log_ratio.count.20kb-5Mb.enhancer_peak,non,0.10511139457479261
963,0,18mo.9mo.activity.log_ratio.mean.20kb-5Mb.enhancer_peak,non,0.37119459334975596
964,0,18mo.9mo.activity.log_ratio.median.20kb-5Mb.enhancer_peak,non,-0.21106134880102523
965,0,18mo.9mo.activity.log_ratio.std.20kb-5Mb.enhancer_peak,non,0.04451559738925834
966,0,18mo.9mo.activity.log_ratio.max.20kb-5Mb.enhancer_peak,non,-0.17768489507221405
967,0,18mo.9mo.activity.log_ratio.min.20kb-5Mb.enhancer_peak,non,-0.0628725502283128
968,0,18mo.9mo.activity.log_ratio.count.20kb-5Mb.enhancer_peak,non,-0.04247376708939483
969,0,9mo.2mo.contact.log_ratio.mean.20kb-5Mb.enhancer_peak,non,0.21215236875553825
970,0,9mo.2mo.contact.log_ratio.median.20kb-5Mb.enhancer_peak,non,-0.4870538300842873
971,0,9mo.2mo.contact.log_ratio.std.20kb-5Mb.enhancer_peak,non,-0.06484528180757705
972,0,9mo.2mo.contact.log_ratio.max.20kb-5Mb.enhancer_peak,non,0.3733193259038523
973,0,9mo.2mo.contact.log_ratio.min.20kb-5Mb.enhancer_peak,non,-0.11635182766200401
974,0,9mo.2mo.contact.log_ratio.count.20kb-5Mb.enhancer_peak,non,-0.17008084059476222
975,0,18mo.2mo.contact.log_ratio.mean.20kb-5Mb.enhancer_peak,non,-0.020035002626165775
976,0,18mo.2mo.contact.log_ratio.median.20kb-5Mb.enhancer_peak,non,0.2745958061188612
977,0,18mo.2mo.contact.log_ratio.std.20kb-5Mb.enhancer_peak,non,-0.4966498496725534
978,0,18mo.2mo.contact.log_ratio.max.20kb-5Mb.enhancer_peak,non,0.23476148885311263
979,0,18mo.2mo.contact.log_ratio.min.20kb-5Mb.enhancer_peak,non,-0.48768320742540194
980,0,18mo.2mo.contact.log_ratio.count.20kb-5Mb.enhancer_peak,non,0.10511139457479261
981,0,18mo.9mo.contact.log_ratio.mean.20kb-5Mb.enhancer_peak,non,0.09395894616071021
982,0,18mo.9mo.contact.log_ratio.median.20kb-5Mb.enhancer_peak,non,-0.4222333663467593
983,0,18mo.9mo.contact.log_ratio.std.20kb-5Mb.enhancer_peak,non,-0.07893294746033214
984,0,18mo.9mo.contact.log_ratio.max.20kb-5Mb.enhancer_peak,non,0.44900391588424865
985,0,18mo.9mo.contact.log_ratio.min.20kb-5Mb.enhancer_peak,non,-0.22277050313360053
986,0,18mo.9mo.contact.log_ratio.count.20kb-5Mb.enhancer_peak,non,-0.04247376708939483
987,0,count.enhancer_peak,non,0.09781342974886088
988,0,rel_pos.DAR,non,0.16982863681315002
989,0,9mo.2mo.log_ratio.DAR,non,0.016440642550404744
990,0,18mo.9mo.log_ratio.DAR,non,0.017545870364235137
991,0,18mo.2mo.log_ratio.DAR,non,0.02424447244055781
992,0,count.DAR,non,-0.13746848193845085
993,0,size.log2.DMR,non,-0.1238651349021518
994,0,rel_pos.DMR,non,-0.007814953209422765
995,0,9mo.2mo.log_ratio.DMR,non,-0.03706762271056734
996,0,18mo.9mo.log_ratio.DMR,non,-0.03355711662727562
997,0,18mo.2mo.log_ratio.DMR,non,-0.04612054175551037
998,0,distance.log2.DMR,non,0.2603230222959058
999,0,count.DMR,non,0.050260579466671666
1000,0,Qanova.mean.loops,non,-0.0871886632533652
1001,0,Qanova.median.loops,non,0.046564945420025164
1002,0,Qanova.std.loops,non,-0.04817155949181448
1003,0,Qanova.max.loops,non,0.15983268185235688
1004,0,Qanova.min.loops,non,0.11432455898615437
1005,0,Tanova.mean.loops,non,0.4953485819249112
1006,0,Tanova.median.loops,non,-0.0031448208254314285
1007,0,Tanova.std.loops,non,-0.08611087797207578
1008,0,Tanova.max.loops,non,-0.582618838491975
1009,0,Tanova.min.loops,non,-0.14105999971448133
1010,0,9mo.2mo.Q.mean.loops,non,-0.21345357782012112
1011,0,9mo.2mo.Q.median.loops,non,0.12679971408282345
1012,0,9mo.2mo.Q.std.loops,non,0.02077058847476811
1013,0,9mo.2mo.Q.max.loops,non,0.29171844136190306
1014,0,9mo.2mo.Q.min.loops,non,0.049330779696065974
1015,0,18mo.9mo.Q.mean.loops,non,-0.0067364865045478565
1016,0,18mo.9mo.Q.median.loops,non,-0.016008166885458315
1017,0,18mo.9mo.Q.std.loops,non,0.21864575219604987
1018,0,18mo.9mo.Q.max.loops,non,-0.07800391929946006
1019,0,18mo.9mo.Q.min.loops,non,-0.010965575409069303
1020,0,18mo.2mo.Q.mean.loops,non,-0.15847753313286828
1021,0,18mo.2mo.Q.median.loops,non,-0.01307065045149639
1022,0,18mo.2mo.Q.std.loops,non,0.17244746453746598
1023,0,18mo.2mo.Q.max.loops,non,-0.42552008675293046
1024,0,18mo.2mo.Q.min.loops,non,-0.23373107052538575
1025,0,9mo.2mo.T.mean.loops,non,-0.3463615086612584
1026,0,9mo.2mo.T.median.loops,non,0.07939176538873977
1027,0,9mo.2mo.T.std.loops,non,0.5192834714884741
1028,0,9mo.2mo.T.max.loops,non,-0.09423290794847679
1029,0,9mo.2mo.T.min.loops,non,0.3430856051004784
1030,0,18mo.9mo.T.mean.loops,non,-0.21141210869813679
1031,0,18mo.9mo.T.median.loops,non,-0.007490149590308316
1032,0,18mo.9mo.T.std.loops,non,-0.3023960545800345
1033,0,18mo.9mo.T.max.loops,non,0.16637059950743147
1034,0,18mo.9mo.T.min.loops,non,-0.21271852560569543
1035,0,18mo.2mo.T.mean.loops,non,-0.5043588179032237
1036,0,18mo.2mo.T.median.loops,non,0.565483419252102
1037,0,18mo.2mo.T.std.loops,non,-0.05070231199151902
1038,0,18mo.2mo.T.max.loops,non,0.6655787817031332
1039,0,18mo.2mo.T.min.loops,non,0.25111168048435484
1040,0,loop_size.log.mean.loops,non,0.39696804693595567
1041,0,loop_size.log.median.loops,non,0.30853548618310994
1042,0,loop_size.log.std.loops,non,0.018885008965171902
1043,0,loop_size.log.max.loops,non,-0.7200281666159525
1044,0,loop_size.log.min.loops,non,0.1323415690855023
1045,0,min_distance.log.mean.loops,non,-0.025569282924084495
1046,0,min_distance.log.median.loops,non,0.02968785018653865
1047,0,min_distance.log.std.loops,non,-0.23860339582311468
1048,0,min_distance.log.max.loops,non,-0.09496785524576663
1049,0,min_distance.log.min.loops,non,-0.5322468174916271
1050,0,count.loops,non,0.3192545177812438
1051,0,9mo.2mo.log_ratio.mcg_genebody,non,-0.07745272506962882
1052,0,18mo.9mo.log_ratio.mcg_genebody,non,0.04065828363877152
1053,0,18mo.2mo.log_ratio.mcg_genebody,non,-0.0773231521652278
1054,0,9mo.2mo.log_ratio.mch_genebody,non,-0.05488493883527906
1055,0,18mo.9mo.log_ratio.mch_genebody,non,-0.1188349513427091
1056,0,18mo.2mo.log_ratio.mch_genebody,non,-0.14598311741043193
1057,0,9mo.2mo.log_ratio.mean.atac,non,0.2125971673011022
1058,0,18mo.9mo.log_ratio.mean.atac,non,-0.14636880835610033
1059,0,18mo.2mo.log_ratio.mean.atac,non,0.17740955218323554
1060,0,log2_distance.mean.atac,non,0.2666499736210981
1061,0,9mo.2mo.log_ratio.std.atac,non,0.3780606264596183
1062,0,18mo.9mo.log_ratio.std.atac,non,0.11679211585013782
1063,0,18mo.2mo.log_ratio.std.atac,non,-0.15562823136391896
1064,0,log2_distance.std.atac,non,-0.19550075763773347
1065,0,9mo.2mo.log_ratio.max.atac,non,-0.3995651483435638
1066,0,18mo.9mo.log_ratio.max.atac,non,0.05122967145732483
1067,0,18mo.2mo.log_ratio.max.atac,non,0.14346756531543403
1068,0,log2_distance.max.atac,non,-0.011860679864133614
1069,0,9mo.2mo.log_ratio.min.atac,non,0.48510006683811757
1070,0,18mo.9mo.log_ratio.min.atac,non,0.13902733105229848
1071,0,18mo.2mo.log_ratio.min.atac,non,-0.4362510776007898
1072,0,log2_distance.min.atac,non,-0.15058670256779405
1073,0,count.atac,non,-0.24665507275713494
1074,1,gene_length.meta,non,-0.3675574212002626
1075,1,9mo.2mo.activity.log_ratio.count.0-5kb.enhancer_DMR,non,-0.04351361924846762
1076,1,18mo.2mo.activity.log_ratio.count.0-5kb.enhancer_DMR,non,-0.1907709787309308
1077,1,18mo.9mo.activity.log_ratio.count.0-5kb.enhancer_DMR,non,0.24046058876047402
1078,1,9mo.2mo.contact.log_ratio.count.0-5kb.enhancer_DMR,non,-0.04351361924846762
1079,1,18mo.2mo.contact.log_ratio.count.0-5kb.enhancer_DMR,non,-0.1907709787309308
1080,1,18mo.9mo.contact.log_ratio.count.0-5kb.enhancer_DMR,non,0.24046058876047402
1081,1,9mo.2mo.activity.log_ratio.mean.5kb-20kb.enhancer_DMR,non,0.07508208565742412
1082,1,9mo.2mo.activity.log_ratio.median.5kb-20kb.enhancer_DMR,non,-0.033630546452399095
1083,1,9mo.2mo.activity.log_ratio.max.5kb-20kb.enhancer_DMR,non,-0.027670174468614417
1084,1,9mo.2mo.activity.log_ratio.min.5kb-20kb.enhancer_DMR,non,0.002354865920936179
1085,1,9mo.2mo.activity.log_ratio.count.5kb-20kb.enhancer_DMR,non,0.06949627853765973
1086,1,18mo.2mo.activity.log_ratio.mean.5kb-20kb.enhancer_DMR,non,-0.04970726759959411
1087,1,18mo.2mo.activity.log_ratio.median.5kb-20kb.enhancer_DMR,non,0.27707583952028786
1088,1,18mo.2mo.activity.log_ratio.max.5kb-20kb.enhancer_DMR,non,-0.1261655433480617
1089,1,18mo.2mo.activity.log_ratio.min.5kb-20kb.enhancer_DMR,non,-0.10233135680845053
1090,1,18mo.2mo.activity.log_ratio.count.5kb-20kb.enhancer_DMR,non,-0.03730739535414294
1091,1,18mo.9mo.activity.log_ratio.mean.5kb-20kb.enhancer_DMR,non,-0.26124168524986197
1092,1,18mo.9mo.activity.log_ratio.median.5kb-20kb.enhancer_DMR,non,-0.35535518565025603
1093,1,18mo.9mo.activity.log_ratio.max.5kb-20kb.enhancer_DMR,non,0.18554910709783004
1094,1,18mo.9mo.activity.log_ratio.min.5kb-20kb.enhancer_DMR,non,0.38608871573227665
1095,1,18mo.9mo.activity.log_ratio.count.5kb-20kb.enhancer_DMR,non,0.04341122153899039
1096,1,9mo.2mo.contact.log_ratio.mean.5kb-20kb.enhancer_DMR,non,0.09943815708179249
1097,1,9mo.2mo.contact.log_ratio.median.5kb-20kb.enhancer_DMR,non,0.12024975461977558
1098,1,9mo.2mo.contact.log_ratio.max.5kb-20kb.enhancer_DMR,non,0.04547421600499478
1099,1,9mo.2mo.contact.log_ratio.min.5kb-20kb.enhancer_DMR,non,-0.1630842692842591
1100,1,9mo.2mo.contact.log_ratio.count.5kb-20kb.enhancer_DMR,non,0.06949627853765973
1101,1,18mo.2mo.contact.log_ratio.mean.5kb-20kb.enhancer_DMR,non,0.01456019889468871
1102,1,18mo.2mo.contact.log_ratio.median.5kb-20kb.enhancer_DMR,non,0.1307247364272405
1103,1,18mo.2mo.contact.log_ratio.max.5kb-20kb.enhancer_DMR,non,-0.21673237517878774
1104,1,18mo.2mo.contact.log_ratio.min.5kb-20kb.enhancer_DMR,non,-0.16195354042809257
1105,1,18mo.2mo.contact.log_ratio.count.5kb-20kb.enhancer_DMR,non,-0.03730739535414294
1106,1,18mo.9mo.contact.log_ratio.mean.5kb-20kb.enhancer_DMR,non,0.22694728655484353
1107,1,18mo.9mo.contact.log_ratio.median.5kb-20kb.enhancer_DMR,non,-0.15186902193492194
1108,1,18mo.9mo.contact.log_ratio.max.5kb-20kb.enhancer_DMR,non,0.07081937953294817
1109,1,18mo.9mo.contact.log_ratio.min.5kb-20kb.enhancer_DMR,non,-0.016510226385338306
1110,1,18mo.9mo.contact.log_ratio.count.5kb-20kb.enhancer_DMR,non,0.04341122153899039
1111,1,9mo.2mo.activity.log_ratio.count.20kb-5Mb.enhancer_DMR,non,-0.007604710978840147
1112,1,18mo.2mo.activity.log_ratio.count.20kb-5Mb.enhancer_DMR,non,0.08904976984138696
1113,1,18mo.9mo.activity.log_ratio.count.20kb-5Mb.enhancer_DMR,non,0.052722378611853485
1114,1,9mo.2mo.contact.log_ratio.count.20kb-5Mb.enhancer_DMR,non,-0.007604710978840147
1115,1,18mo.2mo.contact.log_ratio.count.20kb-5Mb.enhancer_DMR,non,0.08904976984138696
1116,1,18mo.9mo.contact.log_ratio.count.20kb-5Mb.enhancer_DMR,non,0.052722378611853485
1117,1,count.enhancer_DMR,non,-0.2771291016058739
1118,1,9mo.2mo.activity.log_ratio.count.0-5kb.enhancer_peak,non,-0.03266492826856298
1119,1,18mo.2mo.activity.log_ratio.count.0-5kb.enhancer_peak,non,-0.032794517750633266
1120,1,18mo.9mo.activity.log_ratio.count.0-5kb.enhancer_peak,non,0.1406849945362128
1121,1,9mo.2mo.contact.log_ratio.count.0-5kb.enhancer_peak,non,-0.03266492826856298
1122,1,18mo.2mo.contact.log_ratio.count.0-5kb.enhancer_peak,non,-0.032794517750633266
1123,1,18mo.9mo.contact.log_ratio.count.0-5kb.enhancer_peak,non,0.1406849945362128
1124,1,9mo.2mo.activity.log_ratio.count.5kb-20kb.enhancer_peak,non,0.10981403706583313
1125,1,18mo.2mo.activity.log_ratio.count.5kb-20kb.enhancer_peak,non,-0.03670159961401754
1126,1,18mo.9mo.activity.log_ratio.count.5kb-20kb.enhancer_peak,non,0.0078390633210677
1127,1,9mo.2mo.contact.log_ratio.count.5kb-20kb.enhancer_peak,non,0.10981403706583313
1128,1,18mo.2mo.contact.log_ratio.count.5kb-20kb.enhancer_peak,non,-0.03670159961401754
1129,1,18mo.9mo.contact.log_ratio.count.5kb-20kb.enhancer_peak,non,0.0078390633210677
1130,1,9mo.2mo.activity.log_ratio.mean.20kb-5Mb.enhancer_peak,non,-0.11934953478234242
1131,1,9mo.2mo.activity.log_ratio.median.20kb-5Mb.enhancer_peak,non,-0.252921442730423
1132,1,9mo.2mo.activity.log_ratio.std.20kb-5Mb.enhancer_peak,non,0.2115979602161418
1133,1,9mo.2mo.activity.log_ratio.max.20kb-5Mb.enhancer_peak,non,0.1322348477339129
1134,1,9mo.2mo.activity.log_ratio.min.20kb-5Mb.enhancer_peak,non,0.17528821131559005
1135,1,9mo.2mo.activity.log_ratio.count.20kb-5Mb.enhancer_peak,non,-0.24718674779405111
1136,1,18mo.2mo.activity.log_ratio.mean.20kb-5Mb.enhancer_peak,non,0.25701939606029706
1137,1,18mo.2mo.activity.log_ratio.median.20kb-5Mb.enhancer_peak,non,0.13324446275160107
1138,1,18mo.2mo.activity.log_ratio.std.20kb-5Mb.enhancer_peak,non,0.3424073944799263
1139,1,18mo.2mo.activity.log_ratio.max.20kb-5Mb.enhancer_peak,non,-0.6512047923247999
1140,1,18mo.2mo.activity.log_ratio.min.20kb-5Mb.enhancer_peak,non,0.1587483447327416
1141,1,18mo.2mo.activity.log_ratio.count.20kb-5Mb.enhancer_peak,non,0.16076416484138253
1142,1,18mo.9mo.activity.log_ratio.mean.20kb-5Mb.enhancer_peak,non,0.2227738709020454
1143,1,18mo.9mo.activity.log_ratio.median.20kb-5Mb.enhancer_peak,non,-0.10977065114029838
1144,1,18mo.9mo.activity.log_ratio.std.20kb-5Mb.enhancer_peak,non,0.05605808395983803
1145,1,18mo.9mo.activity.log_ratio.max.20kb-5Mb.enhancer_peak,non,-0.21406444316304163
1146,1,18mo.9mo.activity.log_ratio.min.20kb-5Mb.enhancer_peak,non,0.1203365769443205
1147,1,18mo.9mo.activity.log_ratio.count.20kb-5Mb.enhancer_peak,non,0.015295728304350263
1148,1,9mo.2mo.contact.log_ratio.mean.20kb-5Mb.enhancer_peak,non,-0.13194326329972006
1149,1,9mo.2mo.contact.log_ratio.median.20kb-5Mb.enhancer_peak,non,-0.3908891860174931
1150,1,9mo.2mo.contact.log_ratio.std.20kb-5Mb.enhancer_peak,non,-0.17085752157032688
1151,1,9mo.2mo.contact.log_ratio.max.20kb-5Mb.enhancer_peak,non,0.6476688925212897
1152,1,9mo.2mo.contact.log_ratio.min.20kb-5Mb.enhancer_peak,non,0.06858628055075898
1153,1,9mo.2mo.contact.log_ratio.count.20kb-5Mb.enhancer_peak,non,-0.24718674779405111
1154,1,18mo.2mo.contact.log_ratio.mean.20kb-5Mb.enhancer_peak,non,-0.04371919995698102
1155,1,18mo.2mo.contact.log_ratio.median.20kb-5Mb.enhancer_peak,non,-0.3442325325337036
1156,1,18mo.2mo.contact.log_ratio.std.20kb-5Mb.enhancer_peak,non,-0.16408360777173892
1157,1,18mo.2mo.contact.log_ratio.max.20kb-5Mb.enhancer_peak,non,0.12594729717495742
1158,1,18mo.2mo.contact.log_ratio.min.20kb-5Mb.enhancer_peak,non,0.2501579392624749
1159,1,18mo.2mo.contact.log_ratio.count.20kb-5Mb.enhancer_peak,non,0.16076416484138253
1160,1,18mo.9mo.contact.log_ratio.mean.20kb-5Mb.enhancer_peak,non,-0.14024121656546862
1161,1,18mo.9mo.contact.log_ratio.median.20kb-5Mb.enhancer_peak,non,-0.1328645016305118
1162,1,18mo.9mo.contact.log_ratio.std.20kb-5Mb.enhancer_peak,non,0.3257564678933657
1163,1,18mo.9mo.contact.log_ratio.max.20kb-5Mb.enhancer_peak,non,0.22061163852191074
1164,1,18mo.9mo.contact.log_ratio.min.20kb-5Mb.enhancer_peak,non,0.05316172515358058
1165,1,18mo.9mo.contact.log_ratio.count.20kb-5Mb.enhancer_peak,non,0.015295728304350263
1166,1,count.enhancer_peak,non,0.11807833977265182
1167,1,rel_pos.DAR,non,0.20640096904972718
1168,1,9mo.2mo.log_ratio.DAR,non,0.040094341504764534
1169,1,18mo.9mo.log_ratio.DAR,non,0.0016309524827755784
1170,1,18mo.2mo.log_ratio.DAR,non,0.041713086549149486
1171,1,count.DAR,non,-0.21853754095063407
1172,1,size.log2.DMR,non,-0.10695165131087792
1173,1,rel_pos.DMR,non,0.028191734009474403
1174,1,9mo.2mo.log_ratio.DMR,non,-0.05403566033788932
1175,1,18mo.9mo.log_ratio.DMR,non,0.008938769868996208
1176,1,18mo.2mo.log_ratio.DMR,non,-0.04315688274646912
1177,1,distance.log2.DMR,non,0.21335460369571244
1178,1,count.DMR,non,-0.02581754605371519
1179,1,Qanova.mean.loops,non,0.07866292066455592
1180,1,Qanova.median.loops,non,-0.27953310968616835
1181,1,Qanova.std.loops,non,0.11371541855284113
1182,1,Qanova.max.loops,non,0.04539221237124527
1183,1,Qanova.min.loops,non,0.04262331144384624
1184,1,Tanova.mean.loops,non,0.5345440955109401
1185,1,Tanova.median.loops,non,-0.08140139302193063
1186,1,Tanova.std.loops,non,0.3547734476602528
1187,1,Tanova.max.loops,non,-0.7828602208515567
1188,1,Tanova.min.loops,non,-0.06623699571915762
1189,1,9mo.2mo.Q.mean.loops,non,-0.26272323057613195
1190,1,9mo.2mo.Q.median.loops,non,0.14937472088966564
1191,1,9mo.2mo.Q.std.loops,non,-0.27448640341403235
1192,1,9mo.2mo.Q.max.loops,non,0.24462951828027818
1193,1,9mo.2mo.Q.min.loops,non,-0.1507748149560733
1194,1,18mo.9mo.Q.mean.loops,non,-0.012321661069803667
1195,1,18mo.9mo.Q.median.loops,non,-0.1670352081619561
1196,1,18mo.9mo.Q.std.loops,non,0.23101390604714742
1197,1,18mo.9mo.Q.max.loops,non,-0.20467083511395365
1198,1,18mo.9mo.Q.min.loops,non,-0.12767536716206188
1199,1,18mo.2mo.Q.mean.loops,non,-0.20325785767603322
1200,1,18mo.2mo.Q.median.loops,non,0.3619904109961722
1201,1,18mo.2mo.Q.std.loops,non,-0.23732971347325324
1202,1,18mo.2mo.Q.max.loops,non,0.158784217092332
1203,1,18mo.2mo.Q.min.loops,non,-0.07678360997170343
1204,1,9mo.2mo.T.mean.loops,non,-0.5852337443255823
1205,1,9mo.2mo.T.median.loops,non,0.21797042118570623
1206,1,9mo.2mo.T.std.loops,non,0.45915139923923837
1207,1,9mo.2mo.T.max.loops,non,0.04045363509039172
1208,1,9mo.2mo.T.min.loops,non,0.5336388876423949
1209,1,18mo.9mo.T.mean.loops,non,0.12912307559179803
1210,1,18mo.9mo.T.median.loops,non,-0.28701190103358104
1211,1,18mo.9mo.T.std.loops,non,-0.5443258873849732
1212,1,18mo.9mo.T.max.loops,non,0.28933962475465685
1213,1,18mo.9mo.T.min.loops,non,-0.3566589628452401
1214,1,18mo.2mo.T.mean.loops,non,-0.38340282848648216
1215,1,18mo.2mo.T.median.loops,non,0.18603701162379316
1216,1,18mo.2mo.T.std.loops,non,-0.2806689248344955
1217,1,18mo.2mo.T.max.loops,non,0.4718754909790598
1218,1,18mo.2mo.T.min.loops,non,0.06863847020223264
1219,1,loop_size.log.mean.loops,non,-0.08643578307277915
1220,1,loop_size.log.median.loops,non,-0.0774423369790161
1221,1,loop_size.log.std.loops,non,-0.008860123017602084
1222,1,loop_size.log.max.loops,non,-0.40793983987971044
1223,1,loop_size.log.min.loops,non,0.8544791861883179
1224,1,min_distance.log.mean.loops,non,0.04778459589962763
1225,1,min_distance.log.median.loops,non,0.21419321525770527
1226,1,min_distance.log.std.loops,non,-0.3058956628406399
1227,1,min_distance.log.max.loops,non,-0.11995857736446874
1228,1,min_distance.log.min.loops,non,-0.47547819793854657
1229,1,count.loops,non,0.24070557585541028
1230,1,9mo.2mo.log_ratio.mcg_genebody,non,-0.15740701456409503
1231,1,18mo.9mo.log_ratio.mcg_genebody,non,0.11555067569756913
1232,1,18mo.2mo.log_ratio.mcg_genebody,non,-0.12327169725706279
1233,1,9mo.2mo.log_ratio.mch_genebody,non,-0.05895358286753749
1234,1,18mo.9mo.log_ratio.mch_genebody,non,-0.08712801156581292
1235,1,18mo.2mo.log_ratio.mch_genebody,non,-0.13463681742558967
1236,1,9mo.2mo.log_ratio.mean.atac,non,0.08589563976216778
1237,1,18mo.9mo.log_ratio.mean.atac,non,-0.12951525402986652
1238,1,18mo.2mo.log_ratio.mean.atac,non,0.03150977995918972
1239,1,log2_distance.mean.atac,non,0.18050372139636742
1240,1,9mo.2mo.log_ratio.std.atac,non,0.0592041674360821
1241,1,18mo.9mo.log_ratio.std.atac,non,0.08446849137634363
1242,1,18mo.2mo.log_ratio.std.atac,non,-0.11749935452893806
1243,1,log2_distance.std.atac,non,-0.1873914546162983
1244,1,9mo.2mo.log_ratio.max.atac,non,-0.18831006526624092
1245,1,18mo.9mo.log_ratio.max.atac,non,0.16181375178247667
1246,1,18mo.2mo.log_ratio.max.atac,non,0.16986144754644694
1247,1,log2_distance.max.atac,non,0.012834397996536597
1248,1,9mo.2mo.log_ratio.min.atac,non,0.5091745142339295
1249,1,18mo.9mo.log_ratio.min.atac,non,0.13738746193657103
1250,1,18mo.2mo.log_ratio.min.atac,non,-0.3767339874446041
1251,1,log2_distance.min.atac,non,-0.06893291769963505
1252,1,count.atac,non,-0.07197713290451808
1253,2,gene_length.meta,non,-0.2491202598501128
1254,2,9mo.2mo.activity.log_ratio.count.0-5kb.enhancer_DMR,non,0.04228894940004708
1255,2,18mo.2mo.activity.log_ratio.count.0-5kb.enhancer_DMR,non,-0.3810987390238547
1256,2,18mo.9mo.activity.log_ratio.count.0-5kb.enhancer_DMR,non,0.23840982180830964
1257,2,9mo.2mo.contact.log_ratio.count.0-5kb.enhancer_DMR,non,0.04228894940004708
1258,2,18mo.2mo.contact.log_ratio.count.0-5kb.enhancer_DMR,non,-0.3810987390238547
1259,2,18mo.9mo.contact.log_ratio.count.0-5kb.enhancer_DMR,non,0.23840982180830964
1260,2,9mo.2mo.activity.log_ratio.mean.5kb-20kb.enhancer_DMR,non,-0.010327667783714155
1261,2,9mo.2mo.activity.log_ratio.median.5kb-20kb.enhancer_DMR,non,0.15218055192085636
1262,2,9mo.2mo.activity.log_ratio.max.5kb-20kb.enhancer_DMR,non,-0.018990302947775307
1263,2,9mo.2mo.activity.log_ratio.min.5kb-20kb.enhancer_DMR,non,-0.24927897907032814
1264,2,9mo.2mo.activity.log_ratio.count.5kb-20kb.enhancer_DMR,non,0.0023133325204052475
1265,2,18mo.2mo.activity.log_ratio.mean.5kb-20kb.enhancer_DMR,non,0.009138677770440803
1266,2,18mo.2mo.activity.log_ratio.median.5kb-20kb.enhancer_DMR,non,-0.0036483768648128984
1267,2,18mo.2mo.activity.log_ratio.max.5kb-20kb.enhancer_DMR,non,0.07197681369269579
1268,2,18mo.2mo.activity.log_ratio.min.5kb-20kb.enhancer_DMR,non,0.030751290246969938
1269,2,18mo.2mo.activity.log_ratio.count.5kb-20kb.enhancer_DMR,non,0.01652824522238585
1270,2,18mo.9mo.activity.log_ratio.mean.5kb-20kb.enhancer_DMR,non,-0.06165689347919541
1271,2,18mo.9mo.activity.log_ratio.median.5kb-20kb.enhancer_DMR,non,-0.634492751267922
1272,2,18mo.9mo.activity.log_ratio.max.5kb-20kb.enhancer_DMR,non,0.35732077187130973
1273,2,18mo.9mo.activity.log_ratio.min.5kb-20kb.enhancer_DMR,non,0.4927378767656444
1274,2,18mo.9mo.activity.log_ratio.count.5kb-20kb.enhancer_DMR,non,-0.030027420425102855
1275,2,9mo.2mo.contact.log_ratio.mean.5kb-20kb.enhancer_DMR,non,0.023266701535497796
1276,2,9mo.2mo.contact.log_ratio.median.5kb-20kb.enhancer_DMR,non,-0.026661361152257156
1277,2,9mo.2mo.contact.log_ratio.max.5kb-20kb.enhancer_DMR,non,0.23185394426680872
1278,2,9mo.2mo.contact.log_ratio.min.5kb-20kb.enhancer_DMR,non,-0.2953121935942175
1279,2,9mo.2mo.contact.log_ratio.count.5kb-20kb.enhancer_DMR,non,0.0023133325204052475
1280,2,18mo.2mo.contact.log_ratio.mean.5kb-20kb.enhancer_DMR,non,-0.004646877988031357
1281,2,18mo.2mo.contact.log_ratio.median.5kb-20kb.enhancer_DMR,non,-0.1084055604182052
1282,2,18mo.2mo.contact.log_ratio.max.5kb-20kb.enhancer_DMR,non,0.040116057218838624
1283,2,18mo.2mo.contact.log_ratio.min.5kb-20kb.enhancer_DMR,non,0.13426681702561802
1284,2,18mo.2mo.contact.log_ratio.count.5kb-20kb.enhancer_DMR,non,0.01652824522238585
1285,2,18mo.9mo.contact.log_ratio.mean.5kb-20kb.enhancer_DMR,non,0.04539407378163869
1286,2,18mo.9mo.contact.log_ratio.median.5kb-20kb.enhancer_DMR,non,-0.04683253791630378
1287,2,18mo.9mo.contact.log_ratio.max.5kb-20kb.enhancer_DMR,non,0.08956640047572281
1288,2,18mo.9mo.contact.log_ratio.min.5kb-20kb.enhancer_DMR,non,-0.11154044246189589
1289,2,18mo.9mo.contact.log_ratio.count.5kb-20kb.enhancer_DMR,non,-0.030027420425102855
1290,2,9mo.2mo.activity.log_ratio.count.20kb-5Mb.enhancer_DMR,non,0.10154052701470133
1291,2,18mo.2mo.activity.log_ratio.count.20kb-5Mb.enhancer_DMR,non,-0.014945445497926889
1292,2,18mo.9mo.activity.log_ratio.count.20kb-5Mb.enhancer_DMR,non,0.11479641255740758
1293,2,9mo.2mo.contact.log_ratio.count.20kb-5Mb.enhancer_DMR,non,0.10154052701470133
1294,2,18mo.2mo.contact.log_ratio.count.20kb-5Mb.enhancer_DMR,non,-0.014945445497926889
1295,2,18mo.9mo.contact.log_ratio.count.20kb-5Mb.enhancer_DMR,non,0.11479641255740758
1296,2,count.enhancer_DMR,non,-0.22226042235143256
1297,2,9mo.2mo.activity.log_ratio.count.0-5kb.enhancer_peak,non,-0.04918750258201926
1298,2,18mo.2mo.activity.log_ratio.count.0-5kb.enhancer_peak,non,0.03794176601443426
1299,2,18mo.9mo.activity.log_ratio.count.0-5kb.enhancer_peak,non,0.12564651116940317
1300,2,9mo.2mo.contact.log_ratio.count.0-5kb.enhancer_peak,non,-0.04918750258201926
1301,2,18mo.2mo.contact.log_ratio.count.0-5kb.enhancer_peak,non,0.03794176601443426
1302,2,18mo.9mo.contact.log_ratio.count.0-5kb.enhancer_peak,non,0.12564651116940317
1303,2,9mo.2mo.activity.log_ratio.count.5kb-20kb.enhancer_peak,non,0.10509585463796683
1304,2,18mo.2mo.activity.log_ratio.count.5kb-20kb.enhancer_peak,non,-0.1384869411252921
1305,2,18mo.9mo.activity.log_ratio.count.5kb-20kb.enhancer_peak,non,0.035296036398038445
1306,2,9mo.2mo.contact.log_ratio.count.5kb-20kb.enhancer_peak,non,0.10509585463796683
1307,2,18mo.2mo.contact.log_ratio.count.5kb-20kb.enhancer_peak,non,-0.1384869411252921
1308,2,18mo.9mo.contact.log_ratio.count.5kb-20kb.enhancer_peak,non,0.035296036398038445
1309,2,9mo.2mo.activity.log_ratio.mean.20kb-5Mb.enhancer_peak,non,-0.03610788269401084
1310,2,9mo.2mo.activity.log_ratio.median.20kb-5Mb.enhancer_peak,non,-0.23906515464012207
1311,2,9mo.2mo.activity.log_ratio.std.20kb-5Mb.enhancer_peak,non,-0.0551335995844676
1312,2,9mo.2mo.activity.log_ratio.max.20kb-5Mb.enhancer_peak,non,0.0777653545362239
1313,2,9mo.2mo.activity.log_ratio.min.20kb-5Mb.enhancer_peak,non,0.31129574966332035
1314,2,9mo.2mo.activity.log_ratio.count.20kb-5Mb.enhancer_peak,non,-0.18588501779960062
1315,2,18mo.2mo.activity.log_ratio.mean.20kb-5Mb.enhancer_peak,non,0.07028132001057696
1316,2,18mo.2mo.activity.log_ratio.median.20kb-5Mb.enhancer_peak,non,0.382145213487709
1317,2,18mo.2mo.activity.log_ratio.std.20kb-5Mb.enhancer_peak,non,0.3858959937233185
1318,2,18mo.2mo.activity.log_ratio.max.20kb-5Mb.enhancer_peak,non,-0.6384586386519829
1319,2,18mo.2mo.activity.log_ratio.min.20kb-5Mb.enhancer_peak,non,0.02673275784778461
1320,2,18mo.2mo.activity.log_ratio.count.20kb-5Mb.enhancer_peak,non,0.1559513026585038
1321,2,18mo.9mo.activity.log_ratio.mean.20kb-5Mb.enhancer_peak,non,0.19256334522378427
1322,2,18mo.9mo.activity.log_ratio.median.20kb-5Mb.enhancer_peak,non,-0.11908877809698562
1323,2,18mo.9mo.activity.log_ratio.std.20kb-5Mb.enhancer_peak,non,0.3426276475954852
1324,2,18mo.9mo.activity.log_ratio.max.20kb-5Mb.enhancer_peak,non,-0.3771017062553657
1325,2,18mo.9mo.activity.log_ratio.min.20kb-5Mb.enhancer_peak,non,0.4160499899108606
1326,2,18mo.9mo.activity.log_ratio.count.20kb-5Mb.enhancer_peak,non,-0.049137150417879534
1327,2,9mo.2mo.contact.log_ratio.mean.20kb-5Mb.enhancer_peak,non,0.1979885789008404
1328,2,9mo.2mo.contact.log_ratio.median.20kb-5Mb.enhancer_peak,non,-0.7087963875544749
1329,2,9mo.2mo.contact.log_ratio.std.20kb-5Mb.enhancer_peak,non,0.2684935329883745
1330,2,9mo.2mo.contact.log_ratio.max.20kb-5Mb.enhancer_peak,non,0.2647749579024386
1331,2,9mo.2mo.contact.log_ratio.min.20kb-5Mb.enhancer_peak,non,0.3147091988838278
1332,2,9mo.2mo.contact.log_ratio.count.20kb-5Mb.enhancer_peak,non,-0.18588501779960062
1333,2,18mo.2mo.contact.log_ratio.mean.20kb-5Mb.enhancer_peak,non,0.016578556783912225
1334,2,18mo.2mo.contact.log_ratio.median.20kb-5Mb.enhancer_peak,non,0.31268810632889704
1335,2,18mo.2mo.contact.log_ratio.std.20kb-5Mb.enhancer_peak,non,-0.32632996308901924
1336,2,18mo.2mo.contact.log_ratio.max.20kb-5Mb.enhancer_peak,non,-0.043955218708485656
1337,2,18mo.2mo.contact.log_ratio.min.20kb-5Mb.enhancer_peak,non,-0.18361174660057134
1338,2,18mo.2mo.contact.log_ratio.count.20kb-5Mb.enhancer_peak,non,0.1559513026585038
1339,2,18mo.9mo.contact.log_ratio.mean.20kb-5Mb.enhancer_peak,non,0.17957070334847183
1340,2,18mo.9mo.contact.log_ratio.median.20kb-5Mb.enhancer_peak,non,-0.34700799451389397
1341,2,18mo.9mo.contact.log_ratio.std.20kb-5Mb.enhancer_peak,non,0.10974463137112056
1342,2,18mo.9mo.contact.log_ratio.max.20kb-5Mb.enhancer_peak,non,0.2982603942867899
1343,2,18mo.9mo.contact.log_ratio.min.20kb-5Mb.enhancer_peak,non,-0.18076369475442128
1344,2,18mo.9mo.contact.log_ratio.count.20kb-5Mb.enhancer_peak,non,-0.049137150417879534
1345,2,count.enhancer_peak,non,0.1130313872759976
1346,2,rel_pos.DAR,non,0.05018932570273453
1347,2,9mo.2mo.log_ratio.DAR,non,0.047290657427501354
1348,2,18mo.9mo.log_ratio.DAR,non,-0.09486990502484684
1349,2,18mo.2mo.log_ratio.DAR,non,0.01059665773520286
1350,2,count.DAR,non,-0.17043333684090547
1351,2,size.log2.DMR,non,0.05610410478116533
1352,2,rel_pos.DMR,non,-0.0760414348726757
1353,2,9mo.2mo.log_ratio.DMR,non,-0.08036304525548288
1354,2,18mo.9mo.log_ratio.DMR,non,0.07230467281998544
1355,2,18mo.2mo.log_ratio.DMR,non,-0.0401706006079758
1356,2,distance.log2.DMR,non,0.22653201999515113
1357,2,count.DMR,non,-0.10834264857687373
1358,2,Qanova.mean.loops,non,-0.13270527745003138
1359,2,Qanova.median.loops,non,-0.09997601678050595
1360,2,Qanova.std.loops,non,0.10281318626354524
1361,2,Qanova.max.loops,non,-0.09233839191451683
1362,2,Qanova.min.loops,non,0.026340893197822422
1363,2,Tanova.mean.loops,non,0.5828029545750547
1364,2,Tanova.median.loops,non,-0.11588769362988861
1365,2,Tanova.std.loops,non,0.008607137444033647
1366,2,Tanova.max.loops,non,-0.42931768686479255
1367,2,Tanova.min.loops,non,-0.016758747270893257
1368,2,9mo.2mo.Q.mean.loops,non,0.15083722776665204
1369,2,9mo.2mo.Q.median.loops,non,-0.052508670158012
1370,2,9mo.2mo.Q.std.loops,non,-0.02881423592018042
1371,2,9mo.2mo.Q.max.loops,non,0.15147506415831852
1372,2,9mo.2mo.Q.min.loops,non,-0.021516895016861333
1373,2,18mo.9mo.Q.mean.loops,non,-0.0803194125582409
1374,2,18mo.9mo.Q.median.loops,non,0.09810978105181638
1375,2,18mo.9mo.Q.std.loops,non,0.4282450054986841
1376,2,18mo.9mo.Q.max.loops,non,-0.2539104126662901
1377,2,18mo.9mo.Q.min.loops,non,0.21547854649298964
1378,2,18mo.2mo.Q.mean.loops,non,0.03666245038106605
1379,2,18mo.2mo.Q.median.loops,non,0.07232324606093961
1380,2,18mo.2mo.Q.std.loops,non,-0.2716771396276826
1381,2,18mo.2mo.Q.max.loops,non,-0.024861769095075547
1382,2,18mo.2mo.Q.min.loops,non,-0.45831752246066226
1383,2,9mo.2mo.T.mean.loops,non,-0.13637540127560696
1384,2,9mo.2mo.T.median.loops,non,0.19681949921620578
1385,2,9mo.2mo.T.std.loops,non,0.6156441987969583
1386,2,9mo.2mo.T.max.loops,non,-0.1745219785977757
1387,2,9mo.2mo.T.min.loops,non,0.3683022882476309
1388,2,18mo.9mo.T.mean.loops,non,-0.0960607480581742
1389,2,18mo.9mo.T.median.loops,non,0.2273772009018446
1390,2,18mo.9mo.T.std.loops,non,-0.3548651433516034
1391,2,18mo.9mo.T.max.loops,non,0.48076061879298065
1392,2,18mo.9mo.T.min.loops,non,-0.22807057910144093
1393,2,18mo.2mo.T.mean.loops,non,-0.20191972941373795
1394,2,18mo.2mo.T.median.loops,non,-0.06230294654206589
1395,2,18mo.2mo.T.std.loops,non,-0.21883617082876844
1396,2,18mo.2mo.T.max.loops,non,0.22997252828190978
1397,2,18mo.2mo.T.min.loops,non,-0.10043352215785337
1398,2,loop_size.log.mean.loops,non,0.2700405762081175
1399,2,loop_size.log.median.loops,non,0.24796201288206432
1400,2,loop_size.log.std.loops,non,0.10156045995738909
1401,2,loop_size.log.max.loops,non,-0.4419119905617975
1402,2,loop_size.log.min.loops,non,0.05436964528084718
1403,2,min_distance.log.mean.loops,non,-0.1316314729938001
1404,2,min_distance.log.median.loops,non,-0.06281905301994233
1405,2,min_distance.log.std.loops,non,-0.4034755142384002
1406,2,min_distance.log.max.loops,non,-0.0621610464927437
1407,2,min_distance.log.min.loops,non,-0.24645683825851766
1408,2,count.loops,non,0.1972682073556884
1409,2,9mo.2mo.log_ratio.mcg_genebody,non,-0.09637283935191635
1410,2,18mo.9mo.log_ratio.mcg_genebody,non,0.07140174013148357
1411,2,18mo.2mo.log_ratio.mcg_genebody,non,-0.0793475558931313
1412,2,9mo.2mo.log_ratio.mch_genebody,non,-0.08164812481898433
1413,2,18mo.9mo.log_ratio.mch_genebody,non,0.002105735829827762
1414,2,18mo.2mo.log_ratio.mch_genebody,non,-0.10768165082299118
1415,2,9mo.2mo.log_ratio.mean.atac,non,0.11233222360819174
1416,2,18mo.9mo.log_ratio.mean.atac,non,-0.06446304022970713
1417,2,18mo.2mo.log_ratio.mean.atac,non,0.09865177466314515
1418,2,log2_distance.mean.atac,non,-0.022092200370833592
1419,2,9mo.2mo.log_ratio.std.atac,non,-0.007093366912679779
1420,2,18mo.9mo.log_ratio.std.atac,non,0.23148232369740063
1421,2,18mo.2mo.log_ratio.std.atac,non,-0.0011821431105129927
1422,2,log2_distance.std.atac,non,-0.4863044791098584
1423,2,9mo.2mo.log_ratio.max.atac,non,4.244846799012043e-05
1424,2,18mo.9mo.log_ratio.max.atac,non,-0.04063511124958521
1425,2,18mo.2mo.log_ratio.max.atac,non,0.017364039700095896
1426,2,log2_distance.max.atac,non,0.28343927728105206
1427,2,9mo.2mo.log_ratio.min.atac,non,0.1596616394849828
1428,2,18mo.9mo.log_ratio.min.atac,non,0.06749469742013077
1429,2,18mo.2mo.log_ratio.min.atac,non,-0.23106073744214262
1430,2,log2_distance.min.atac,non,-0.26445265931009343
1431,2,count.atac,non,-0.043000064742293904
1432,3,gene_length.meta,non,-0.15102845041618415
1433,3,9mo.2mo.activity.log_ratio.count.0-5kb.enhancer_DMR,non,-0.11059962347678336
1434,3,18mo.2mo.activity.log_ratio.count.0-5kb.enhancer_DMR,non,-0.0969696677207582
1435,3,18mo.9mo.activity.log_ratio.count.0-5kb.enhancer_DMR,non,0.10674243945317505
1436,3,9mo.2mo.contact.log_ratio.count.0-5kb.enhancer_DMR,non,-0.11059962347678336
1437,3,18mo.2mo.contact.log_ratio.count.0-5kb.enhancer_DMR,non,-0.0969696677207582
1438,3,18mo.9mo.contact.log_ratio.count.0-5kb.enhancer_DMR,non,0.10674243945317505
1439,3,9mo.2mo.activity.log_ratio.mean.5kb-20kb.enhancer_DMR,non,0.11882795276838519
1440,3,9mo.2mo.activity.log_ratio.median.5kb-20kb.enhancer_DMR,non,0.03616573190026684
1441,3,9mo.2mo.activity.log_ratio.max.5kb-20kb.enhancer_DMR,non,-0.10086279262956428
1442,3,9mo.2mo.activity.log_ratio.min.5kb-20kb.enhancer_DMR,non,-0.09259579429563382
1443,3,9mo.2mo.activity.log_ratio.count.5kb-20kb.enhancer_DMR,non,0.02644494773045052
1444,3,18mo.2mo.activity.log_ratio.mean.5kb-20kb.enhancer_DMR,non,0.059671212888890275
1445,3,18mo.2mo.activity.log_ratio.median.5kb-20kb.enhancer_DMR,non,0.2624998418669053
1446,3,18mo.2mo.activity.log_ratio.max.5kb-20kb.enhancer_DMR,non,-0.026727661252118125
1447,3,18mo.2mo.activity.log_ratio.min.5kb-20kb.enhancer_DMR,non,-0.3121383587104446
1448,3,18mo.2mo.activity.log_ratio.count.5kb-20kb.enhancer_DMR,non,-0.05474247856759572
1449,3,18mo.9mo.activity.log_ratio.mean.5kb-20kb.enhancer_DMR,non,-0.05403958916897088
1450,3,18mo.9mo.activity.log_ratio.median.5kb-20kb.enhancer_DMR,non,-0.39735645019612503
1451,3,18mo.9mo.activity.log_ratio.max.5kb-20kb.enhancer_DMR,non,0.33348403131193843
1452,3,18mo.9mo.activity.log_ratio.min.5kb-20kb.enhancer_DMR,non,0.1610033599503118
1453,3,18mo.9mo.activity.log_ratio.count.5kb-20kb.enhancer_DMR,non,-0.061474176603863964
1454,3,9mo.2mo.contact.log_ratio.mean.5kb-20kb.enhancer_DMR,non,0.0690683935862973
1455,3,9mo.2mo.contact.log_ratio.median.5kb-20kb.enhancer_DMR,non,0.04758298697222935
1456,3,9mo.2mo.contact.log_ratio.max.5kb-20kb.enhancer_DMR,non,0.1380800678122811
1457,3,9mo.2mo.contact.log_ratio.min.5kb-20kb.enhancer_DMR,non,-0.20027269700654288
1458,3,9mo.2mo.contact.log_ratio.count.5kb-20kb.enhancer_DMR,non,0.02644494773045052
1459,3,18mo.2mo.contact.log_ratio.mean.5kb-20kb.enhancer_DMR,non,0.12004424626303997
1460,3,18mo.2mo.contact.log_ratio.median.5kb-20kb.enhancer_DMR,non,0.18294817297639077
1461,3,18mo.2mo.contact.log_ratio.max.5kb-20kb.enhancer_DMR,non,-0.27777059312284463
1462,3,18mo.2mo.contact.log_ratio.min.5kb-20kb.enhancer_DMR,non,-0.20104131766041958
1463,3,18mo.2mo.contact.log_ratio.count.5kb-20kb.enhancer_DMR,non,-0.05474247856759572
1464,3,18mo.9mo.contact.log_ratio.mean.5kb-20kb.enhancer_DMR,non,0.15867016212472485
1465,3,18mo.9mo.contact.log_ratio.median.5kb-20kb.enhancer_DMR,non,0.008078889602609851
1466,3,18mo.9mo.contact.log_ratio.max.5kb-20kb.enhancer_DMR,non,-0.03973371321449411
1467,3,18mo.9mo.contact.log_ratio.min.5kb-20kb.enhancer_DMR,non,0.013069798243186527
1468,3,18mo.9mo.contact.log_ratio.count.5kb-20kb.enhancer_DMR,non,-0.061474176603863964
1469,3,9mo.2mo.activity.log_ratio.count.20kb-5Mb.enhancer_DMR,non,-0.13924553345322427
1470,3,18mo.2mo.activity.log_ratio.count.20kb-5Mb.enhancer_DMR,non,0.11535037786257363
1471,3,18mo.9mo.activity.log_ratio.count.20kb-5Mb.enhancer_DMR,non,0.08108891395679645
1472,3,9mo.2mo.contact.log_ratio.count.20kb-5Mb.enhancer_DMR,non,-0.13924553345322427
1473,3,18mo.2mo.contact.log_ratio.count.20kb-5Mb.enhancer_DMR,non,0.11535037786257363
1474,3,18mo.9mo.contact.log_ratio.count.20kb-5Mb.enhancer_DMR,non,0.08108891395679645
1475,3,count.enhancer_DMR,non,-0.050356703848501196
1476,3,9mo.2mo.activity.log_ratio.count.0-5kb.enhancer_peak,non,0.02627248860807168
1477,3,18mo.2mo.activity.log_ratio.count.0-5kb.enhancer_peak,non,-0.0721484961067938
1478,3,18mo.9mo.activity.log_ratio.count.0-5kb.enhancer_peak,non,0.16189251883097822
1479,3,9mo.2mo.contact.log_ratio.count.0-5kb.enhancer_peak,non,0.02627248860807168
1480,3,18mo.2mo.contact.log_ratio.count.0-5kb.enhancer_peak,non,-0.0721484961067938
1481,3,18mo.9mo.contact.log_ratio.count.0-5kb.enhancer_peak,non,0.16189251883097822
1482,3,9mo.2mo.activity.log_ratio.count.5kb-20kb.enhancer_peak,non,0.03751669188275573
1483,3,18mo.2mo.activity.log_ratio.count.5kb-20kb.enhancer_peak,non,-0.008572998068327306
1484,3,18mo.9mo.activity.log_ratio.count.5kb-20kb.enhancer_peak,non,0.01157540647662337
1485,3,9mo.2mo.contact.log_ratio.count.5kb-20kb.enhancer_peak,non,0.03751669188275573
1486,3,18mo.2mo.contact.log_ratio.count.5kb-20kb.enhancer_peak,non,-0.008572998068327306
1487,3,18mo.9mo.contact.log_ratio.count.5kb-20kb.enhancer_peak,non,0.01157540647662337
1488,3,9mo.2mo.activity.log_ratio.mean.20kb-5Mb.enhancer_peak,non,-0.16415596766625798
1489,3,9mo.2mo.activity.log_ratio.median.20kb-5Mb.enhancer_peak,non,-0.4111132925573164
1490,3,9mo.2mo.activity.log_ratio.std.20kb-5Mb.enhancer_peak,non,-0.07080265674822049
1491,3,9mo.2mo.activity.log_ratio.max.20kb-5Mb.enhancer_peak,non,0.3420728992322575
1492,3,9mo.2mo.activity.log_ratio.min.20kb-5Mb.enhancer_peak,non,0.09162743135387924
1493,3,9mo.2mo.activity.log_ratio.count.20kb-5Mb.enhancer_peak,non,-0.23771197125954818
1494,3,18mo.2mo.activity.log_ratio.mean.20kb-5Mb.enhancer_peak,non,0.1574879992089327
1495,3,18mo.2mo.activity.log_ratio.median.20kb-5Mb.enhancer_peak,non,0.25522309249992225
1496,3,18mo.2mo.activity.log_ratio.std.20kb-5Mb.enhancer_peak,non,0.3890536347649454
1497,3,18mo.2mo.activity.log_ratio.max.20kb-5Mb.enhancer_peak,non,-0.5563719303887599
1498,3,18mo.2mo.activity.log_ratio.min.20kb-5Mb.enhancer_peak,non,0.10874879853743041
1499,3,18mo.2mo.activity.log_ratio.count.20kb-5Mb.enhancer_peak,non,0.15742560020627558
1500,3,18mo.9mo.activity.log_ratio.mean.20kb-5Mb.enhancer_peak,non,0.10315918639631098
1501,3,18mo.9mo.activity.log_ratio.median.20kb-5Mb.enhancer_peak,non,-0.1171884639930069
1502,3,18mo.9mo.activity.log_ratio.std.20kb-5Mb.enhancer_peak,non,-0.031127446322505255
1503,3,18mo.9mo.activity.log_ratio.max.20kb-5Mb.enhancer_peak,non,0.041907635939903445
1504,3,18mo.9mo.activity.log_ratio.min.20kb-5Mb.enhancer_peak,non,-0.08118800453279951
1505,3,18mo.9mo.activity.log_ratio.count.20kb-5Mb.enhancer_peak,non,-0.07851400036614349
1506,3,9mo.2mo.contact.log_ratio.mean.20kb-5Mb.enhancer_peak,non,0.16444009211873256
1507,3,9mo.2mo.contact.log_ratio.median.20kb-5Mb.enhancer_peak,non,-0.8774146320506213
1508,3,9mo.2mo.contact.log_ratio.std.20kb-5Mb.enhancer_peak,non,-0.03340500680216246
1509,3,9mo.2mo.contact.log_ratio.max.20kb-5Mb.enhancer_peak,non,0.5406114482391824
1510,3,9mo.2mo.contact.log_ratio.min.20kb-5Mb.enhancer_peak,non,0.25726715416225765
1511,3,9mo.2mo.contact.log_ratio.count.20kb-5Mb.enhancer_peak,non,-0.23771197125954818
1512,3,18mo.2mo.contact.log_ratio.mean.20kb-5Mb.enhancer_peak,non,0.1035915221340133
1513,3,18mo.2mo.contact.log_ratio.median.20kb-5Mb.enhancer_peak,non,0.1489466468330338
1514,3,18mo.2mo.contact.log_ratio.std.20kb-5Mb.enhancer_peak,non,-0.1258695516372444
1515,3,18mo.2mo.contact.log_ratio.max.20kb-5Mb.enhancer_peak,non,-0.09184849333085544
1516,3,18mo.2mo.contact.log_ratio.min.20kb-5Mb.enhancer_peak,non,-0.08826596032077187
1517,3,18mo.2mo.contact.log_ratio.count.20kb-5Mb.enhancer_peak,non,0.15742560020627558
1518,3,18mo.9mo.contact.log_ratio.mean.20kb-5Mb.enhancer_peak,non,-0.07557516532289799
1519,3,18mo.9mo.contact.log_ratio.median.20kb-5Mb.enhancer_peak,non,-0.32772954030393436
1520,3,18mo.9mo.contact.log_ratio.std.20kb-5Mb.enhancer_peak,non,0.22801681871485383
1521,3,18mo.9mo.contact.log_ratio.max.20kb-5Mb.enhancer_peak,non,0.11714658087774399
1522,3,18mo.9mo.contact.log_ratio.min.20kb-5Mb.enhancer_peak,non,0.08247851391068796
1523,3,18mo.9mo.contact.log_ratio.count.20kb-5Mb.enhancer_peak,non,-0.07851400036614349
1524,3,count.enhancer_peak,non,0.05816160233805142
1525,3,rel_pos.DAR,non,0.08390625097514962
1526,3,9mo.2mo.log_ratio.DAR,non,-0.006473741355561457
1527,3,18mo.9mo.log_ratio.DAR,non,0.00012932981557891318
1528,3,18mo.2mo.log_ratio.DAR,non,-0.006555328622947767
1529,3,count.DAR,non,-0.10627035591372813
1530,3,size.log2.DMR,non,-0.12271686276131036
1531,3,rel_pos.DMR,non,-0.04155836320963313
1532,3,9mo.2mo.log_ratio.DMR,non,-0.1294542549057678
1533,3,18mo.9mo.log_ratio.DMR,non,0.04359486070544028
1534,3,18mo.2mo.log_ratio.DMR,non,-0.09796341748949139
1535,3,distance.log2.DMR,non,0.254349806500272
1536,3,count.DMR,non,-0.02942247049295101
1537,3,Qanova.mean.loops,non,0.2066652327639806
1538,3,Qanova.median.loops,non,-0.34487431508326327
1539,3,Qanova.std.loops,non,-0.05547121211252676
1540,3,Qanova.max.loops,non,0.2210360326270277
1541,3,Qanova.min.loops,non,0.17053258157984788
1542,3,Tanova.mean.loops,non,0.16498075993404274
1543,3,Tanova.median.loops,non,0.15326220871093263
1544,3,Tanova.std.loops,non,0.38691710650349215
1545,3,Tanova.max.loops,non,-0.8038570825452688
1546,3,Tanova.min.loops,non,-0.05465640379164797
1547,3,9mo.2mo.Q.mean.loops,non,-0.11667371647709149
1548,3,9mo.2mo.Q.median.loops,non,0.04870278483028149
1549,3,9mo.2mo.Q.std.loops,non,-0.029038863482380054
1550,3,9mo.2mo.Q.max.loops,non,0.1913102158590559
1551,3,9mo.2mo.Q.min.loops,non,-0.011389448657724649
1552,3,18mo.9mo.Q.mean.loops,non,-0.17689868088964023
1553,3,18mo.9mo.Q.median.loops,non,0.05570319830571109
1554,3,18mo.9mo.Q.std.loops,non,0.24383649688437264
1555,3,18mo.9mo.Q.max.loops,non,-0.10196643277938457
1556,3,18mo.9mo.Q.min.loops,non,0.03851901573133781
1557,3,18mo.2mo.Q.mean.loops,non,-0.2522139128643047
1558,3,18mo.2mo.Q.median.loops,non,0.18997780641419432
1559,3,18mo.2mo.Q.std.loops,non,-0.20370804221241107
1560,3,18mo.2mo.Q.max.loops,non,-0.0006563485823107637
1561,3,18mo.2mo.Q.min.loops,non,-0.15058593505710433
1562,3,9mo.2mo.T.mean.loops,non,-0.10418480565857238
1563,3,9mo.2mo.T.median.loops,non,-0.13803709173856024
1564,3,9mo.2mo.T.std.loops,non,0.8014604527936267
1565,3,9mo.2mo.T.max.loops,non,-0.43103921558643693
1566,3,9mo.2mo.T.min.loops,non,0.2790106197242266
1567,3,18mo.9mo.T.mean.loops,non,-0.040364003385902104
1568,3,18mo.9mo.T.median.loops,non,0.0017038875539795051
1569,3,18mo.9mo.T.std.loops,non,0.0037883732140799706
1570,3,18mo.9mo.T.max.loops,non,-0.11243926269152134
1571,3,18mo.9mo.T.min.loops,non,-0.3484486019909292
1572,3,18mo.2mo.T.mean.loops,non,-0.1278244750880842
1573,3,18mo.2mo.T.median.loops,non,0.35123119591694063
1574,3,18mo.2mo.T.std.loops,non,-0.4205428853973346
1575,3,18mo.2mo.T.max.loops,non,0.43897231493190053
1576,3,18mo.2mo.T.min.loops,non,-0.08464705501687066
1577,3,loop_size.log.mean.loops,non,0.21013266601582153
1578,3,loop_size.log.median.loops,non,0.004521967400721052
1579,3,loop_size.log.std.loops,non,0.11347122919300066
1580,3,loop_size.log.max.loops,non,-0.4797221081055232
1581,3,loop_size.log.min.loops,non,0.5712235339415073
1582,3,min_distance.log.mean.loops,non,-0.16826166424210354
1583,3,min_distance.log.median.loops,non,-0.09325852572827768
1584,3,min_distance.log.std.loops,non,-0.33712108923700385
1585,3,min_distance.log.max.loops,non,-0.05095956406199552
1586,3,min_distance.log.min.loops,non,-0.376568946351279
1587,3,count.loops,non,0.2635052855158092
1588,3,9mo.2mo.log_ratio.mcg_genebody,non,-0.058755722238630036
1589,3,18mo.9mo.log_ratio.mcg_genebody,non,0.138939486142822
1590,3,18mo.2mo.log_ratio.mcg_genebody,non,0.026809106400571398
1591,3,9mo.2mo.log_ratio.mch_genebody,non,-0.09469208073811738
1592,3,18mo.9mo.log_ratio.mch_genebody,non,-0.056720669131910206
1593,3,18mo.2mo.log_ratio.mch_genebody,non,-0.16156011080875046
1594,3,9mo.2mo.log_ratio.mean.atac,non,0.004813446779286586
1595,3,18mo.9mo.log_ratio.mean.atac,non,-0.01616337043380341
1596,3,18mo.2mo.log_ratio.mean.atac,non,-0.0028057835045497614
1597,3,log2_distance.mean.atac,non,0.3540755367102663
1598,3,9mo.2mo.log_ratio.std.atac,non,0.16532650374522587
1599,3,18mo.9mo.log_ratio.std.atac,non,-0.2007997480982608
1600,3,18mo.2mo.log_ratio.std.atac,non,-0.0009223786912624065
1601,3,log2_distance.std.atac,non,-0.10734017109858887
1602,3,9mo.2mo.log_ratio.max.atac,non,-0.05212422807726921
1603,3,18mo.9mo.log_ratio.max.atac,non,0.2514926364052155
1604,3,18mo.2mo.log_ratio.max.atac,non,0.02082716496259147
1605,3,log2_distance.max.atac,non,-0.10480337682127494
1606,3,9mo.2mo.log_ratio.min.atac,non,0.5415064972979647
1607,3,18mo.9mo.log_ratio.min.atac,non,-0.0623818538992393
1608,3,18mo.2mo.log_ratio.min.atac,non,-0.2121962831758319
1609,3,log2_distance.min.atac,non,-0.07608669593344586
1610,3,count.atac,non,-0.1559852597721951
1611,4,gene_length.meta,non,-0.2002528377904244
1612,4,9mo.2mo.activity.log_ratio.count.0-5kb.enhancer_DMR,non,-0.09404708912575187
1613,4,18mo.2mo.activity.log_ratio.count.0-5kb.enhancer_DMR,non,-0.25199855593900333
1614,4,18mo.9mo.activity.log_ratio.count.0-5kb.enhancer_DMR,non,0.2620558709381317
1615,4,9mo.2mo.contact.log_ratio.count.0-5kb.enhancer_DMR,non,-0.09404708912575187
1616,4,18mo.2mo.contact.log_ratio.count.0-5kb.enhancer_DMR,non,-0.25199855593900333
1617,4,18mo.9mo.contact.log_ratio.count.0-5kb.enhancer_DMR,non,0.2620558709381317
1618,4,9mo.2mo.activity.log_ratio.mean.5kb-20kb.enhancer_DMR,non,0.034044471492755295
1619,4,9mo.2mo.activity.log_ratio.median.5kb-20kb.enhancer_DMR,non,-0.1175299498915679
1620,4,9mo.2mo.activity.log_ratio.max.5kb-20kb.enhancer_DMR,non,0.038154551728996663
1621,4,9mo.2mo.activity.log_ratio.min.5kb-20kb.enhancer_DMR,non,-0.06658469422032491
1622,4,9mo.2mo.activity.log_ratio.count.5kb-20kb.enhancer_DMR,non,-0.06082625153574689
1623,4,18mo.2mo.activity.log_ratio.mean.5kb-20kb.enhancer_DMR,non,0.07169500164439745
1624,4,18mo.2mo.activity.log_ratio.median.5kb-20kb.enhancer_DMR,non,0.11675689699590702
1625,4,18mo.2mo.activity.log_ratio.max.5kb-20kb.enhancer_DMR,non,-0.013761182439218315
1626,4,18mo.2mo.activity.log_ratio.min.5kb-20kb.enhancer_DMR,non,-0.0177738654391954
1627,4,18mo.2mo.activity.log_ratio.count.5kb-20kb.enhancer_DMR,non,0.12611503489467857
1628,4,18mo.9mo.activity.log_ratio.mean.5kb-20kb.enhancer_DMR,non,-0.09660174774220366
1629,4,18mo.9mo.activity.log_ratio.median.5kb-20kb.enhancer_DMR,non,-0.3797332846888192
1630,4,18mo.9mo.activity.log_ratio.max.5kb-20kb.enhancer_DMR,non,0.1585414723961079
1631,4,18mo.9mo.activity.log_ratio.min.5kb-20kb.enhancer_DMR,non,0.3457269487928391
1632,4,18mo.9mo.activity.log_ratio.count.5kb-20kb.enhancer_DMR,non,0.027580685971523026
1633,4,9mo.2mo.contact.log_ratio.mean.5kb-20kb.enhancer_DMR,non,0.19747308971214692
1634,4,9mo.2mo.contact.log_ratio.median.5kb-20kb.enhancer_DMR,non,0.07127801732859201
1635,4,9mo.2mo.contact.log_ratio.max.5kb-20kb.enhancer_DMR,non,0.3214148725351227
1636,4,9mo.2mo.contact.log_ratio.min.5kb-20kb.enhancer_DMR,non,-0.4679631864763908
1637,4,9mo.2mo.contact.log_ratio.count.5kb-20kb.enhancer_DMR,non,-0.06082625153574689
1638,4,18mo.2mo.contact.log_ratio.mean.5kb-20kb.enhancer_DMR,non,0.025246061870432955
1639,4,18mo.2mo.contact.log_ratio.median.5kb-20kb.enhancer_DMR,non,0.3245206284035095
1640,4,18mo.2mo.contact.log_ratio.max.5kb-20kb.enhancer_DMR,non,-0.6117438168322018
1641,4,18mo.2mo.contact.log_ratio.min.5kb-20kb.enhancer_DMR,non,0.0180114657388733
1642,4,18mo.2mo.contact.log_ratio.count.5kb-20kb.enhancer_DMR,non,0.12611503489467857
1643,4,18mo.9mo.contact.log_ratio.mean.5kb-20kb.enhancer_DMR,non,0.12951985191814872
1644,4,18mo.9mo.contact.log_ratio.median.5kb-20kb.enhancer_DMR,non,-0.08872266026857255
1645,4,18mo.9mo.contact.log_ratio.max.5kb-20kb.enhancer_DMR,non,0.0908657699392923
1646,4,18mo.9mo.contact.log_ratio.min.5kb-20kb.enhancer_DMR,non,-0.06570957028059922
1647,4,18mo.9mo.contact.log_ratio.count.5kb-20kb.enhancer_DMR,non,0.027580685971523026
1648,4,9mo.2mo.activity.log_ratio.count.20kb-5Mb.enhancer_DMR,non,0.06598713931347246
1649,4,18mo.2mo.activity.log_ratio.count.20kb-5Mb.enhancer_DMR,non,0.06841670485910513
1650,4,18mo.9mo.activity.log_ratio.count.20kb-5Mb.enhancer_DMR,non,-0.009082979890453428
1651,4,9mo.2mo.contact.log_ratio.count.20kb-5Mb.enhancer_DMR,non,0.06598713931347246
1652,4,18mo.2mo.contact.log_ratio.count.20kb-5Mb.enhancer_DMR,non,0.06841670485910513
1653,4,18mo.9mo.contact.log_ratio.count.20kb-5Mb.enhancer_DMR,non,-0.009082979890453428
1654,4,count.enhancer_DMR,non,-0.24430383536287834
1655,4,9mo.2mo.activity.log_ratio.count.0-5kb.enhancer_peak,non,0.08727145885215705
1656,4,18mo.2mo.activity.log_ratio.count.0-5kb.enhancer_peak,non,-0.07251670104926576
1657,4,18mo.9mo.activity.log_ratio.count.0-5kb.enhancer_peak,non,0.0689520633333974
1658,4,9mo.2mo.contact.log_ratio.count.0-5kb.enhancer_peak,non,0.08727145885215705
1659,4,18mo.2mo.contact.log_ratio.count.0-5kb.enhancer_peak,non,-0.07251670104926576
1660,4,18mo.9mo.contact.log_ratio.count.0-5kb.enhancer_peak,non,0.0689520633333974
1661,4,9mo.2mo.activity.log_ratio.count.5kb-20kb.enhancer_peak,non,-0.020649879818594355
1662,4,18mo.2mo.activity.log_ratio.count.5kb-20kb.enhancer_peak,non,-0.020316152942254577
1663,4,18mo.9mo.activity.log_ratio.count.5kb-20kb.enhancer_peak,non,0.07487607698040634
1664,4,9mo.2mo.contact.log_ratio.count.5kb-20kb.enhancer_peak,non,-0.020649879818594355
1665,4,18mo.2mo.contact.log_ratio.count.5kb-20kb.enhancer_peak,non,-0.020316152942254577
1666,4,18mo.9mo.contact.log_ratio.count.5kb-20kb.enhancer_peak,non,0.07487607698040634
1667,4,9mo.2mo.activity.log_ratio.mean.20kb-5Mb.enhancer_peak,non,0.08353007716322965
1668,4,9mo.2mo.activity.log_ratio.median.20kb-5Mb.enhancer_peak,non,-0.32840178514291657
1669,4,9mo.2mo.activity.log_ratio.std.20kb-5Mb.enhancer_peak,non,-0.012729340547868074
1670,4,9mo.2mo.activity.log_ratio.max.20kb-5Mb.enhancer_peak,non,0.29446346010080293
1671,4,9mo.2mo.activity.log_ratio.min.20kb-5Mb.enhancer_peak,non,0.029816460707421444
1672,4,9mo.2mo.activity.log_ratio.count.20kb-5Mb.enhancer_peak,non,-0.26354006457298024
1673,4,18mo.2mo.activity.log_ratio.mean.20kb-5Mb.enhancer_peak,non,0.05474979421073396
1674,4,18mo.2mo.activity.log_ratio.median.20kb-5Mb.enhancer_peak,non,0.16751172552921215
1675,4,18mo.2mo.activity.log_ratio.std.20kb-5Mb.enhancer_peak,non,0.3560764599186795
1676,4,18mo.2mo.activity.log_ratio.max.20kb-5Mb.enhancer_peak,non,-0.7250757036577345
1677,4,18mo.2mo.activity.log_ratio.min.20kb-5Mb.enhancer_peak,non,0.40327375836888574
1678,4,18mo.2mo.activity.log_ratio.count.20kb-5Mb.enhancer_peak,non,0.19704008675070087
1679,4,18mo.9mo.activity.log_ratio.mean.20kb-5Mb.enhancer_peak,non,-0.1583631945856914
1680,4,18mo.9mo.activity.log_ratio.median.20kb-5Mb.enhancer_peak,non,0.10615318712379201
1681,4,18mo.9mo.activity.log_ratio.std.20kb-5Mb.enhancer_peak,non,-0.1715318304811914
1682,4,18mo.9mo.activity.log_ratio.max.20kb-5Mb.enhancer_peak,non,0.0185191192452351
1683,4,18mo.9mo.activity.log_ratio.min.20kb-5Mb.enhancer_peak,non,0.03553396663763347
1684,4,18mo.9mo.activity.log_ratio.count.20kb-5Mb.enhancer_peak,non,0.015399259097090114
1685,4,9mo.2mo.contact.log_ratio.mean.20kb-5Mb.enhancer_peak,non,0.08381510460278602
1686,4,9mo.2mo.contact.log_ratio.median.20kb-5Mb.enhancer_peak,non,-0.49355893354192903
1687,4,9mo.2mo.contact.log_ratio.std.20kb-5Mb.enhancer_peak,non,-0.08400245480886871
1688,4,9mo.2mo.contact.log_ratio.max.20kb-5Mb.enhancer_peak,non,0.4357520662931117
1689,4,9mo.2mo.contact.log_ratio.min.20kb-5Mb.enhancer_peak,non,0.0814568873222748
1690,4,9mo.2mo.contact.log_ratio.count.20kb-5Mb.enhancer_peak,non,-0.26354006457298024
1691,4,18mo.2mo.contact.log_ratio.mean.20kb-5Mb.enhancer_peak,non,0.12181077379387914
1692,4,18mo.2mo.contact.log_ratio.median.20kb-5Mb.enhancer_peak,non,0.2823069954016292
1693,4,18mo.2mo.contact.log_ratio.std.20kb-5Mb.enhancer_peak,non,-0.23488762976681601
1694,4,18mo.2mo.contact.log_ratio.max.20kb-5Mb.enhancer_peak,non,-0.09025608385664247
1695,4,18mo.2mo.contact.log_ratio.min.20kb-5Mb.enhancer_peak,non,-0.2209319848503691
1696,4,18mo.2mo.contact.log_ratio.count.20kb-5Mb.enhancer_peak,non,0.19704008675070087
1697,4,18mo.9mo.contact.log_ratio.mean.20kb-5Mb.enhancer_peak,non,0.0655768382374645
1698,4,18mo.9mo.contact.log_ratio.median.20kb-5Mb.enhancer_peak,non,-0.4355050963917526
1699,4,18mo.9mo.contact.log_ratio.std.20kb-5Mb.enhancer_peak,non,0.18204810384305928
1700,4,18mo.9mo.contact.log_ratio.max.20kb-5Mb.enhancer_peak,non,0.33164117762868484
1701,4,18mo.9mo.contact.log_ratio.min.20kb-5Mb.enhancer_peak,non,-0.0010095669063217888
1702,4,18mo.9mo.contact.log_ratio.count.20kb-5Mb.enhancer_peak,non,0.015399259097090114
1703,4,count.enhancer_peak,non,0.0903630196751839
1704,4,rel_pos.DAR,non,0.08714193834657136
1705,4,9mo.2mo.log_ratio.DAR,non,-0.01346227338272751
1706,4,18mo.9mo.log_ratio.DAR,non,0.010972593530609087
1707,4,18mo.2mo.log_ratio.DAR,non,-0.008953750397866335
1708,4,count.DAR,non,-0.12272063641601995
1709,4,size.log2.DMR,non,-0.1390677446120363
1710,4,rel_pos.DMR,non,0.0961423418100503
1711,4,9mo.2mo.log_ratio.DMR,non,-0.030384481835882864
1712,4,18mo.9mo.log_ratio.DMR,non,-0.0301934904081863
1713,4,18mo.2mo.log_ratio.DMR,non,-0.044318770458661026
1714,4,distance.log2.DMR,non,0.08462891956108715
1715,4,count.DMR,non,-0.01690795377094416
1716,4,Qanova.mean.loops,non,0.05109920897589941
1717,4,Qanova.median.loops,non,-0.14093617280343382
1718,4,Qanova.std.loops,non,0.11898730462420662
1719,4,Qanova.max.loops,non,0.02216415647583658
1720,4,Qanova.min.loops,non,0.028528302435439423
1721,4,Tanova.mean.loops,non,0.4584071926376543
1722,4,Tanova.median.loops,non,-0.10831339618988917
1723,4,Tanova.std.loops,non,-0.029203963658556917
1724,4,Tanova.max.loops,non,-0.43523037620092103
1725,4,Tanova.min.loops,non,-0.07945417188918542
1726,4,9mo.2mo.Q.mean.loops,non,-0.2841469536607445
1727,4,9mo.2mo.Q.median.loops,non,0.13324215489220934
1728,4,9mo.2mo.Q.std.loops,non,-0.0833593981397442
1729,4,9mo.2mo.Q.max.loops,non,0.32028118385720006
1730,4,9mo.2mo.Q.min.loops,non,-0.02164720967098051
1731,4,18mo.9mo.Q.mean.loops,non,-0.034024335665458524
1732,4,18mo.9mo.Q.median.loops,non,-0.10572275783853693
1733,4,18mo.9mo.Q.std.loops,non,0.4496798054226762
1734,4,18mo.9mo.Q.max.loops,non,-0.3928131209125866
1735,4,18mo.9mo.Q.min.loops,non,0.06796220814352222
1736,4,18mo.2mo.Q.mean.loops,non,-0.24157834692337066
1737,4,18mo.2mo.Q.median.loops,non,0.24810813455416375
1738,4,18mo.2mo.Q.std.loops,non,-0.4270692761686163
1739,4,18mo.2mo.Q.max.loops,non,0.2678976934370957
1740,4,18mo.2mo.Q.min.loops,non,-0.26804832744937446
1741,4,9mo.2mo.T.mean.loops,non,-0.19708020808310797
1742,4,9mo.2mo.T.median.loops,non,0.14133686600847647
1743,4,9mo.2mo.T.std.loops,non,0.7570928183842731
1744,4,9mo.2mo.T.max.loops,non,-0.21872817603621228
1745,4,9mo.2mo.T.min.loops,non,0.5203330798271377
1746,4,18mo.9mo.T.mean.loops,non,-2.232339665085026e-05
1747,4,18mo.9mo.T.median.loops,non,0.14849496711121593
1748,4,18mo.9mo.T.std.loops,non,-0.10595341546522688
1749,4,18mo.9mo.T.max.loops,non,0.03353347863635524
1750,4,18mo.9mo.T.min.loops,non,-0.1135233570322457
1751,4,18mo.2mo.T.mean.loops,non,-0.17356765974744115
1752,4,18mo.2mo.T.median.loops,non,0.14477080500622586
1753,4,18mo.2mo.T.std.loops,non,-0.2735072081178481
1754,4,18mo.2mo.T.max.loops,non,0.24744291975828606
1755,4,18mo.2mo.T.min.loops,non,-0.18653654656366644
1756,4,loop_size.log.mean.loops,non,0.2651391602206828
1757,4,loop_size.log.median.loops,non,0.5469624570326602
1758,4,loop_size.log.std.loops,non,-0.0031464689616049653
1759,4,loop_size.log.max.loops,non,-0.4673034653802106
1760,4,loop_size.log.min.loops,non,0.0602778645096525
1761,4,min_distance.log.mean.loops,non,-0.16625053939623952
1762,4,min_distance.log.median.loops,non,-0.15903110978844673
1763,4,min_distance.log.std.loops,non,-0.14267835673024362
1764,4,min_distance.log.max.loops,non,-0.05233807459571234
1765,4,min_distance.log.min.loops,non,-0.3482701310228549
1766,4,count.loops,non,0.05478073513046935
1767,4,9mo.2mo.log_ratio.mcg_genebody,non,-0.0824341568717814
1768,4,18mo.9mo.log_ratio.mcg_genebody,non,0.04680978307007895
1769,4,18mo.2mo.log_ratio.mcg_genebody,non,-0.079081357744259
1770,4,9mo.2mo.log_ratio.mch_genebody,non,-0.08895691481585359
1771,4,18mo.9mo.log_ratio.mch_genebody,non,-0.06231264402524886
1772,4,18mo.2mo.log_ratio.mch_genebody,non,-0.15737609793448085
1773,4,9mo.2mo.log_ratio.mean.atac,non,0.017258752311874345
1774,4,18mo.9mo.log_ratio.mean.atac,non,0.09543176279060302
1775,4,18mo.2mo.log_ratio.mean.atac,non,0.07157276909127923
1776,4,log2_distance.mean.atac,non,0.21391516629679794
1777,4,9mo.2mo.log_ratio.std.atac,non,0.22059444354946356
1778,4,18mo.9mo.log_ratio.std.atac,non,-0.018903539894122003
1779,4,18mo.2mo.log_ratio.std.atac,non,-0.23955129213647788
1780,4,log2_distance.std.atac,non,-0.2520384935489765
1781,4,9mo.2mo.log_ratio.max.atac,non,-0.3193020192782573
1782,4,18mo.9mo.log_ratio.max.atac,non,0.00750330124792195
1783,4,18mo.2mo.log_ratio.max.atac,non,0.23881875147724205
1784,4,log2_distance.max.atac,non,0.043285397915820825
1785,4,9mo.2mo.log_ratio.min.atac,non,0.48713554962226346
1786,4,18mo.9mo.log_ratio.min.atac,non,-0.1441394866791012
1787,4,18mo.2mo.log_ratio.min.atac,non,-0.31215817128775436
1788,4,log2_distance.min.atac,non,-0.17757879574359076
1789,4,count.atac,non,-0.028636169486760604
1790,0,gene_length.meta,up,0.362027240745013
1791,0,9mo.2mo.activity.log_ratio.count.0-5kb.enhancer_DMR,up,-0.13459755552403788
1792,0,18mo.2mo.activity.log_ratio.count.0-5kb.enhancer_DMR,up,-0.1752490882437629
1793,0,18mo.9mo.activity.log_ratio.count.0-5kb.enhancer_DMR,up,0.229051827200702
1794,0,9mo.2mo.contact.log_ratio.count.0-5kb.enhancer_DMR,up,-0.13459755552403788
1795,0,18mo.2mo.contact.log_ratio.count.0-5kb.enhancer_DMR,up,-0.1752490882437629
1796,0,18mo.9mo.contact.log_ratio.count.0-5kb.enhancer_DMR,up,0.229051827200702
1797,0,9mo.2mo.activity.log_ratio.mean.5kb-20kb.enhancer_DMR,up,-0.14821244323439425
1798,0,9mo.2mo.activity.log_ratio.median.5kb-20kb.enhancer_DMR,up,-0.17538792197587635
1799,0,9mo.2mo.activity.log_ratio.max.5kb-20kb.enhancer_DMR,up,0.21126600791259872
1800,0,9mo.2mo.activity.log_ratio.min.5kb-20kb.enhancer_DMR,up,-0.016074494463954137
1801,0,9mo.2mo.activity.log_ratio.count.5kb-20kb.enhancer_DMR,up,-0.161243544630946
1802,0,18mo.2mo.activity.log_ratio.mean.5kb-20kb.enhancer_DMR,up,0.08537580280849306
1803,0,18mo.2mo.activity.log_ratio.median.5kb-20kb.enhancer_DMR,up,-0.105839776795418
1804,0,18mo.2mo.activity.log_ratio.max.5kb-20kb.enhancer_DMR,up,0.2670015914834097
1805,0,18mo.2mo.activity.log_ratio.min.5kb-20kb.enhancer_DMR,up,-0.1469725983570029
1806,0,18mo.2mo.activity.log_ratio.count.5kb-20kb.enhancer_DMR,up,0.008474064512387905
1807,0,18mo.9mo.activity.log_ratio.mean.5kb-20kb.enhancer_DMR,up,-0.038894210081578645
1808,0,18mo.9mo.activity.log_ratio.median.5kb-20kb.enhancer_DMR,up,-0.03717767636405381
1809,0,18mo.9mo.activity.log_ratio.max.5kb-20kb.enhancer_DMR,up,0.023073183542041166
1810,0,18mo.9mo.activity.log_ratio.min.5kb-20kb.enhancer_DMR,up,-0.08676618369309283
1811,0,18mo.9mo.activity.log_ratio.count.5kb-20kb.enhancer_DMR,up,0.1402590222972495
1812,0,9mo.2mo.contact.log_ratio.mean.5kb-20kb.enhancer_DMR,up,0.11868150620243734
1813,0,9mo.2mo.contact.log_ratio.median.5kb-20kb.enhancer_DMR,up,-0.24185209847995584
1814,0,9mo.2mo.contact.log_ratio.max.5kb-20kb.enhancer_DMR,up,0.4261441850191285
1815,0,9mo.2mo.contact.log_ratio.min.5kb-20kb.enhancer_DMR,up,-0.13987514250625857
1816,0,9mo.2mo.contact.log_ratio.count.5kb-20kb.enhancer_DMR,up,-0.161243544630946
1817,0,18mo.2mo.contact.log_ratio.mean.5kb-20kb.enhancer_DMR,up,0.03139598709442736
1818,0,18mo.2mo.contact.log_ratio.median.5kb-20kb.enhancer_DMR,up,0.006826000079529955
1819,0,18mo.2mo.contact.log_ratio.max.5kb-20kb.enhancer_DMR,up,-0.3320195744998044
1820,0,18mo.2mo.contact.log_ratio.min.5kb-20kb.enhancer_DMR,up,0.08751970088624236
1821,0,18mo.2mo.contact.log_ratio.count.5kb-20kb.enhancer_DMR,up,0.008474064512387905
1822,0,18mo.9mo.contact.log_ratio.mean.5kb-20kb.enhancer_DMR,up,0.008609202641435018
1823,0,18mo.9mo.contact.log_ratio.median.5kb-20kb.enhancer_DMR,up,-0.23563252203665663
1824,0,18mo.9mo.contact.log_ratio.max.5kb-20kb.enhancer_DMR,up,0.15522026745825887
1825,0,18mo.9mo.contact.log_ratio.min.5kb-20kb.enhancer_DMR,up,0.20175548747976402
1826,0,18mo.9mo.contact.log_ratio.count.5kb-20kb.enhancer_DMR,up,0.1402590222972495
1827,0,9mo.2mo.activity.log_ratio.count.20kb-5Mb.enhancer_DMR,up,-0.05159352644707486
1828,0,18mo.2mo.activity.log_ratio.count.20kb-5Mb.enhancer_DMR,up,0.15681928765084038
1829,0,18mo.9mo.activity.log_ratio.count.20kb-5Mb.enhancer_DMR,up,-0.07901023137556266
1830,0,9mo.2mo.contact.log_ratio.count.20kb-5Mb.enhancer_DMR,up,-0.05159352644707486
1831,0,18mo.2mo.contact.log_ratio.count.20kb-5Mb.enhancer_DMR,up,0.15681928765084038
1832,0,18mo.9mo.contact.log_ratio.count.20kb-5Mb.enhancer_DMR,up,-0.07901023137556266
1833,0,count.enhancer_DMR,up,-0.33911441773183293
1834,0,9mo.2mo.activity.log_ratio.count.0-5kb.enhancer_peak,up,-0.020106047296286587
1835,0,18mo.2mo.activity.log_ratio.count.0-5kb.enhancer_peak,up,0.1542973891494772
1836,0,18mo.9mo.activity.log_ratio.count.0-5kb.enhancer_peak,up,0.0870956018940705
1837,0,9mo.2mo.contact.log_ratio.count.0-5kb.enhancer_peak,up,-0.020106047296286587
1838,0,18mo.2mo.contact.log_ratio.count.0-5kb.enhancer_peak,up,0.1542973891494772
1839,0,18mo.9mo.contact.log_ratio.count.0-5kb.enhancer_peak,up,0.0870956018940705
1840,0,9mo.2mo.activity.log_ratio.count.5kb-20kb.enhancer_peak,up,0.06842664632505528
1841,0,18mo.2mo.activity.log_ratio.count.5kb-20kb.enhancer_peak,up,-0.1913987045097796
1842,0,18mo.9mo.activity.log_ratio.count.5kb-20kb.enhancer_peak,up,0.20207229969660664
1843,0,9mo.2mo.contact.log_ratio.count.5kb-20kb.enhancer_peak,up,0.06842664632505528
1844,0,18mo.2mo.contact.log_ratio.count.5kb-20kb.enhancer_peak,up,-0.1913987045097796
1845,0,18mo.9mo.contact.log_ratio.count.5kb-20kb.enhancer_peak,up,0.20207229969660664
1846,0,9mo.2mo.activity.log_ratio.mean.20kb-5Mb.enhancer_peak,up,0.30488725496830393
1847,0,9mo.2mo.activity.log_ratio.median.20kb-5Mb.enhancer_peak,up,0.005746021789343779
1848,0,9mo.2mo.activity.log_ratio.std.20kb-5Mb.enhancer_peak,up,0.01918711329667064
1849,0,9mo.2mo.activity.log_ratio.max.20kb-5Mb.enhancer_peak,up,-0.15665946862492477
1850,0,9mo.2mo.activity.log_ratio.min.20kb-5Mb.enhancer_peak,up,-0.0035679330608908684
1851,0,9mo.2mo.activity.log_ratio.count.20kb-5Mb.enhancer_peak,up,0.12838663553947988
1852,0,18mo.2mo.activity.log_ratio.mean.20kb-5Mb.enhancer_peak,up,-0.4416571028777563
1853,0,18mo.2mo.activity.log_ratio.median.20kb-5Mb.enhancer_peak,up,0.32025757412321765
1854,0,18mo.2mo.activity.log_ratio.std.20kb-5Mb.enhancer_peak,up,-0.11384107059856804
1855,0,18mo.2mo.activity.log_ratio.max.20kb-5Mb.enhancer_peak,up,0.1830757121158457
1856,0,18mo.2mo.activity.log_ratio.min.20kb-5Mb.enhancer_peak,up,-0.06162956274141941
1857,0,18mo.2mo.activity.log_ratio.count.20kb-5Mb.enhancer_peak,up,0.0175413450337924
1858,0,18mo.9mo.activity.log_ratio.mean.20kb-5Mb.enhancer_peak,up,-0.3389578716805171
1859,0,18mo.9mo.activity.log_ratio.median.20kb-5Mb.enhancer_peak,up,-0.041106570162666486
1860,0,18mo.9mo.activity.log_ratio.std.20kb-5Mb.enhancer_peak,up,0.05035018826163161
1861,0,18mo.9mo.activity.log_ratio.max.20kb-5Mb.enhancer_peak,up,-0.10904397059846986
1862,0,18mo.9mo.activity.log_ratio.min.20kb-5Mb.enhancer_peak,up,0.5769816506048032
1863,0,18mo.9mo.activity.log_ratio.count.20kb-5Mb.enhancer_peak,up,0.21268777566677594
1864,0,9mo.2mo.contact.log_ratio.mean.20kb-5Mb.enhancer_peak,up,-0.1671670305473569
1865,0,9mo.2mo.contact.log_ratio.median.20kb-5Mb.enhancer_peak,up,0.04847475507155128
1866,0,9mo.2mo.contact.log_ratio.std.20kb-5Mb.enhancer_peak,up,0.06588152584906379
1867,0,9mo.2mo.contact.log_ratio.max.20kb-5Mb.enhancer_peak,up,-0.061406579919757204
1868,0,9mo.2mo.contact.log_ratio.min.20kb-5Mb.enhancer_peak,up,0.24417848254401428
1869,0,9mo.2mo.contact.log_ratio.count.20kb-5Mb.enhancer_peak,up,0.12838663553947988
1870,0,18mo.2mo.contact.log_ratio.mean.20kb-5Mb.enhancer_peak,up,0.022103756060663858
1871,0,18mo.2mo.contact.log_ratio.median.20kb-5Mb.enhancer_peak,up,-0.275417442992541
1872,0,18mo.2mo.contact.log_ratio.std.20kb-5Mb.enhancer_peak,up,0.17843771284137475
1873,0,18mo.2mo.contact.log_ratio.max.20kb-5Mb.enhancer_peak,up,0.05470884146574975
1874,0,18mo.2mo.contact.log_ratio.min.20kb-5Mb.enhancer_peak,up,0.22171554680338382
1875,0,18mo.2mo.contact.log_ratio.count.20kb-5Mb.enhancer_peak,up,0.0175413450337924
1876,0,18mo.9mo.contact.log_ratio.mean.20kb-5Mb.enhancer_peak,up,-0.06636102654533857
1877,0,18mo.9mo.contact.log_ratio.median.20kb-5Mb.enhancer_peak,up,0.18235303330074765
1878,0,18mo.9mo.contact.log_ratio.std.20kb-5Mb.enhancer_peak,up,-0.0780854529981406
1879,0,18mo.9mo.contact.log_ratio.max.20kb-5Mb.enhancer_peak,up,0.10015804133278478
1880,0,18mo.9mo.contact.log_ratio.min.20kb-5Mb.enhancer_peak,up,-0.2716943466102323
1881,0,18mo.9mo.contact.log_ratio.count.20kb-5Mb.enhancer_peak,up,0.21268777566677594
1882,0,count.enhancer_peak,up,0.17926033150406542
1883,0,rel_pos.DAR,up,-0.2849883421767444
1884,0,9mo.2mo.log_ratio.DAR,up,0.061706859580647956
1885,0,18mo.9mo.log_ratio.DAR,up,0.010815156140858732
1886,0,18mo.2mo.log_ratio.DAR,up,0.06879885115233517
1887,0,count.DAR,up,0.2935803513983333
1888,0,size.log2.DMR,up,-0.011099703046939371
1889,0,rel_pos.DMR,up,0.05894616735051836
1890,0,9mo.2mo.log_ratio.DMR,up,-0.00035376032795582125
1891,0,18mo.9mo.log_ratio.DMR,up,-0.00971070199107836
1892,0,18mo.2mo.log_ratio.DMR,up,-0.0026225414196360177
1893,0,distance.log2.DMR,up,-0.034266750606812675
1894,0,count.DMR,up,-0.018052557909069022
1895,0,Qanova.mean.loops,up,-0.2856445547847309
1896,0,Qanova.median.loops,up,0.068354139435092
1897,0,Qanova.std.loops,up,-0.01063227125112539
1898,0,Qanova.max.loops,up,-0.27568698519115065
1899,0,Qanova.min.loops,up,0.3289160045852483
1900,0,Tanova.mean.loops,up,-0.1400980153096697
1901,0,Tanova.median.loops,up,0.0888944059743466
1902,0,Tanova.std.loops,up,-0.023437380725083223
1903,0,Tanova.max.loops,up,0.36171557348087213
1904,0,Tanova.min.loops,up,-0.30743379909574103
1905,0,9mo.2mo.Q.mean.loops,up,0.15152815570002334
1906,0,9mo.2mo.Q.median.loops,up,-0.005668781167240017
1907,0,9mo.2mo.Q.std.loops,up,-0.12886842879529048
1908,0,9mo.2mo.Q.max.loops,up,0.09009867529020187
1909,0,9mo.2mo.Q.min.loops,up,-0.1231060231917754
1910,0,18mo.9mo.Q.mean.loops,up,-0.2500396653803033
1911,0,18mo.9mo.Q.median.loops,up,0.13624529914390318
1912,0,18mo.9mo.Q.std.loops,up,0.010178230790466829
1913,0,18mo.9mo.Q.max.loops,up,0.18236899245879057
1914,0,18mo.9mo.Q.min.loops,up,-0.017744176410678256
1915,0,18mo.2mo.Q.mean.loops,up,-0.11736593718797428
1916,0,18mo.2mo.Q.median.loops,up,0.0067499066024780665
1917,0,18mo.2mo.Q.std.loops,up,0.4117398824114774
1918,0,18mo.2mo.Q.max.loops,up,-0.04560610085817626
1919,0,18mo.2mo.Q.min.loops,up,-0.07850650209345227
1920,0,9mo.2mo.T.mean.loops,up,0.11069335512345033
1921,0,9mo.2mo.T.median.loops,up,-0.23730061196860186
1922,0,9mo.2mo.T.std.loops,up,0.35802582113237885
1923,0,9mo.2mo.T.max.loops,up,-0.3629393619348514
1924,0,9mo.2mo.T.min.loops,up,0.14312841291242728
1925,0,18mo.9mo.T.mean.loops,up,0.1861319629331992
1926,0,18mo.9mo.T.median.loops,up,-0.1448644115074542
1927,0,18mo.9mo.T.std.loops,up,0.10490943288796876
1928,0,18mo.9mo.T.max.loops,up,-0.08387309441188086
1929,0,18mo.9mo.T.min.loops,up,-0.0018469255397018046
1930,0,18mo.2mo.T.mean.loops,up,0.27429153410123547
1931,0,18mo.2mo.T.median.loops,up,0.1544344911140056
1932,0,18mo.2mo.T.std.loops,up,0.3248898660440969
1933,0,18mo.2mo.T.max.loops,up,-0.2164722655812559
1934,0,18mo.2mo.T.min.loops,up,0.10552539475402885
1935,0,loop_size.log.mean.loops,up,-0.6372507663961218
1936,0,loop_size.log.median.loops,up,-0.3851440349646939
1937,0,loop_size.log.std.loops,up,-0.13125343008186707
1938,0,loop_size.log.max.loops,up,-0.7678794047063046
1939,0,loop_size.log.min.loops,up,0.5648590007043175
1940,0,min_distance.log.mean.loops,up,0.18466685924105877
1941,0,min_distance.log.median.loops,up,0.16022753712727736
1942,0,min_distance.log.std.loops,up,0.13800707768313517
1943,0,min_distance.log.max.loops,up,0.25002439936120285
1944,0,min_distance.log.min.loops,up,0.3229203329764226
1945,0,count.loops,up,0.11045442093702061
1946,0,9mo.2mo.log_ratio.mcg_genebody,up,-0.25776848143604014
1947,0,18mo.9mo.log_ratio.mcg_genebody,up,0.02281826503595868
1948,0,18mo.2mo.log_ratio.mcg_genebody,up,-0.3463421753914649
1949,0,9mo.2mo.log_ratio.mch_genebody,up,-0.16483982601607758
1950,0,18mo.9mo.log_ratio.mch_genebody,up,0.013344561709083503
1951,0,18mo.2mo.log_ratio.mch_genebody,up,-0.2096498736797842
1952,0,9mo.2mo.log_ratio.mean.atac,up,0.14743860587483826
1953,0,18mo.9mo.log_ratio.mean.atac,up,-0.14764689167564696
1954,0,18mo.2mo.log_ratio.mean.atac,up,0.09806750794574763
1955,0,log2_distance.mean.atac,up,-0.5032547238334835
1956,0,9mo.2mo.log_ratio.std.atac,up,-0.1340636076829248
1957,0,18mo.9mo.log_ratio.std.atac,up,-0.04429047682082652
1958,0,18mo.2mo.log_ratio.std.atac,up,0.16255340576195926
1959,0,log2_distance.std.atac,up,-0.02320286585669316
1960,0,9mo.2mo.log_ratio.max.atac,up,0.3586830175391818
1961,0,18mo.9mo.log_ratio.max.atac,up,0.06273147065041473
1962,0,18mo.2mo.log_ratio.max.atac,up,-0.2541821209398132
1963,0,log2_distance.max.atac,up,0.5153065912707493
1964,0,9mo.2mo.log_ratio.min.atac,up,-0.24872013409972013
1965,0,18mo.9mo.log_ratio.min.atac,up,-0.07098976540390523
1966,0,18mo.2mo.log_ratio.min.atac,up,0.6070660286396333
1967,0,log2_distance.min.atac,up,0.17076580363021798
1968,0,count.atac,up,-0.3905801177706684
1969,1,gene_length.meta,up,0.3342502363904535
1970,1,9mo.2mo.activity.log_ratio.count.0-5kb.enhancer_DMR,up,-0.05355596976277607
1971,1,18mo.2mo.activity.log_ratio.count.0-5kb.enhancer_DMR,up,-0.16904613811719538
1972,1,18mo.9mo.activity.log_ratio.count.0-5kb.enhancer_DMR,up,0.250953881275327
1973,1,9mo.2mo.contact.log_ratio.count.0-5kb.enhancer_DMR,up,-0.05355596976277607
1974,1,18mo.2mo.contact.log_ratio.count.0-5kb.enhancer_DMR,up,-0.16904613811719538
1975,1,18mo.9mo.contact.log_ratio.count.0-5kb.enhancer_DMR,up,0.250953881275327
1976,1,9mo.2mo.activity.log_ratio.mean.5kb-20kb.enhancer_DMR,up,-0.0329306544515943
1977,1,9mo.2mo.activity.log_ratio.median.5kb-20kb.enhancer_DMR,up,0.06467853492118728
1978,1,9mo.2mo.activity.log_ratio.max.5kb-20kb.enhancer_DMR,up,0.08475994656818488
1979,1,9mo.2mo.activity.log_ratio.min.5kb-20kb.enhancer_DMR,up,-0.06931315774459605
1980,1,9mo.2mo.activity.log_ratio.count.5kb-20kb.enhancer_DMR,up,-0.19929512961257076
1981,1,18mo.2mo.activity.log_ratio.mean.5kb-20kb.enhancer_DMR,up,0.08198692032042125
1982,1,18mo.2mo.activity.log_ratio.median.5kb-20kb.enhancer_DMR,up,-0.14195158167409744
1983,1,18mo.2mo.activity.log_ratio.max.5kb-20kb.enhancer_DMR,up,0.2039243741963811
1984,1,18mo.2mo.activity.log_ratio.min.5kb-20kb.enhancer_DMR,up,-0.1304195294403432
1985,1,18mo.2mo.activity.log_ratio.count.5kb-20kb.enhancer_DMR,up,0.023500544157687247
1986,1,18mo.9mo.activity.log_ratio.mean.5kb-20kb.enhancer_DMR,up,0.08674422434018543
1987,1,18mo.9mo.activity.log_ratio.median.5kb-20kb.enhancer_DMR,up,-0.2623763031349819
1988,1,18mo.9mo.activity.log_ratio.max.5kb-20kb.enhancer_DMR,up,0.1221346609701378
1989,1,18mo.9mo.activity.log_ratio.min.5kb-20kb.enhancer_DMR,up,-0.09097618558444644
1990,1,18mo.9mo.activity.log_ratio.count.5kb-20kb.enhancer_DMR,up,0.13284266657182603
1991,1,9mo.2mo.contact.log_ratio.mean.5kb-20kb.enhancer_DMR,up,0.016519013488998122
1992,1,9mo.2mo.contact.log_ratio.median.5kb-20kb.enhancer_DMR,up,-0.03501067113775576
1993,1,9mo.2mo.contact.log_ratio.max.5kb-20kb.enhancer_DMR,up,0.2568423061790839
1994,1,9mo.2mo.contact.log_ratio.min.5kb-20kb.enhancer_DMR,up,-0.046654934840789274
1995,1,9mo.2mo.contact.log_ratio.count.5kb-20kb.enhancer_DMR,up,-0.19929512961257076
1996,1,18mo.2mo.contact.log_ratio.mean.5kb-20kb.enhancer_DMR,up,-0.16991215626071632
1997,1,18mo.2mo.contact.log_ratio.median.5kb-20kb.enhancer_DMR,up,-0.3075852098840196
1998,1,18mo.2mo.contact.log_ratio.max.5kb-20kb.enhancer_DMR,up,-0.21995807091445604
1999,1,18mo.2mo.contact.log_ratio.min.5kb-20kb.enhancer_DMR,up,0.34370183946454375
2000,1,18mo.2mo.contact.log_ratio.count.5kb-20kb.enhancer_DMR,up,0.023500544157687247
2001,1,18mo.9mo.contact.log_ratio.mean.5kb-20kb.enhancer_DMR,up,-0.058214093382456485
2002,1,18mo.9mo.contact.log_ratio.median.5kb-20kb.enhancer_DMR,up,0.04527046732214982
2003,1,18mo.9mo.contact.log_ratio.max.5kb-20kb.enhancer_DMR,up,0.13768606994297342
2004,1,18mo.9mo.contact.log_ratio.min.5kb-20kb.enhancer_DMR,up,0.11267471067853806
2005,1,18mo.9mo.contact.log_ratio.count.5kb-20kb.enhancer_DMR,up,0.13284266657182603
2006,1,9mo.2mo.activity.log_ratio.count.20kb-5Mb.enhancer_DMR,up,0.08438547751586349
2007,1,18mo.2mo.activity.log_ratio.count.20kb-5Mb.enhancer_DMR,up,0.0840009876139849
2008,1,18mo.9mo.activity.log_ratio.count.20kb-5Mb.enhancer_DMR,up,-0.10979252996311892
2009,1,9mo.2mo.contact.log_ratio.count.20kb-5Mb.enhancer_DMR,up,0.08438547751586349
2010,1,18mo.2mo.contact.log_ratio.count.20kb-5Mb.enhancer_DMR,up,0.0840009876139849
2011,1,18mo.9mo.contact.log_ratio.count.20kb-5Mb.enhancer_DMR,up,-0.10979252996311892
2012,1,count.enhancer_DMR,up,-0.24986170514508002
2013,1,9mo.2mo.activity.log_ratio.count.0-5kb.enhancer_peak,up,-0.0002444505928661018
2014,1,18mo.2mo.activity.log_ratio.count.0-5kb.enhancer_peak,up,0.08321948679744225
2015,1,18mo.9mo.activity.log_ratio.count.0-5kb.enhancer_peak,up,0.08294201665125941
2016,1,9mo.2mo.contact.log_ratio.count.0-5kb.enhancer_peak,up,-0.0002444505928661018
2017,1,18mo.2mo.contact.log_ratio.count.0-5kb.enhancer_peak,up,0.08321948679744225
2018,1,18mo.9mo.contact.log_ratio.count.0-5kb.enhancer_peak,up,0.08294201665125941
2019,1,9mo.2mo.activity.log_ratio.count.5kb-20kb.enhancer_peak,up,0.11358505802700436
2020,1,18mo.2mo.activity.log_ratio.count.5kb-20kb.enhancer_peak,up,-0.06616629557496312
2021,1,18mo.9mo.activity.log_ratio.count.5kb-20kb.enhancer_peak,up,0.06590453284015947
2022,1,9mo.2mo.contact.log_ratio.count.5kb-20kb.enhancer_peak,up,0.11358505802700436
2023,1,18mo.2mo.contact.log_ratio.count.5kb-20kb.enhancer_peak,up,-0.06616629557496312
2024,1,18mo.9mo.contact.log_ratio.count.5kb-20kb.enhancer_peak,up,0.06590453284015947
2025,1,9mo.2mo.activity.log_ratio.mean.20kb-5Mb.enhancer_peak,up,0.20018104507364634
2026,1,9mo.2mo.activity.log_ratio.median.20kb-5Mb.enhancer_peak,up,-0.2097227477306154
2027,1,9mo.2mo.activity.log_ratio.std.20kb-5Mb.enhancer_peak,up,0.1590728723485797
2028,1,9mo.2mo.activity.log_ratio.max.20kb-5Mb.enhancer_peak,up,-0.018529940386841734
2029,1,9mo.2mo.activity.log_ratio.min.20kb-5Mb.enhancer_peak,up,0.1946935593127884
2030,1,9mo.2mo.activity.log_ratio.count.20kb-5Mb.enhancer_peak,up,0.036865041751920305
2031,1,18mo.2mo.activity.log_ratio.mean.20kb-5Mb.enhancer_peak,up,-0.34601653817484385
2032,1,18mo.2mo.activity.log_ratio.median.20kb-5Mb.enhancer_peak,up,0.4955306293289098
2033,1,18mo.2mo.activity.log_ratio.std.20kb-5Mb.enhancer_peak,up,-0.009721359266681086
2034,1,18mo.2mo.activity.log_ratio.max.20kb-5Mb.enhancer_peak,up,-0.1160073122128094
2035,1,18mo.2mo.activity.log_ratio.min.20kb-5Mb.enhancer_peak,up,-0.039688501037081554
2036,1,18mo.2mo.activity.log_ratio.count.20kb-5Mb.enhancer_peak,up,0.0994993455715707
2037,1,18mo.9mo.activity.log_ratio.mean.20kb-5Mb.enhancer_peak,up,-0.09710658864772334
2038,1,18mo.9mo.activity.log_ratio.median.20kb-5Mb.enhancer_peak,up,0.13880824638998113
2039,1,18mo.9mo.activity.log_ratio.std.20kb-5Mb.enhancer_peak,up,0.023629001908512606
2040,1,18mo.9mo.activity.log_ratio.max.20kb-5Mb.enhancer_peak,up,-0.1730454981533864
2041,1,18mo.9mo.activity.log_ratio.min.20kb-5Mb.enhancer_peak,up,0.13054905487940438
2042,1,18mo.9mo.activity.log_ratio.count.20kb-5Mb.enhancer_peak,up,0.08210839501113922
2043,1,9mo.2mo.contact.log_ratio.mean.20kb-5Mb.enhancer_peak,up,-0.015866922720294975
2044,1,9mo.2mo.contact.log_ratio.median.20kb-5Mb.enhancer_peak,up,-0.022581993778138628
2045,1,9mo.2mo.contact.log_ratio.std.20kb-5Mb.enhancer_peak,up,0.012575642226453217
2046,1,9mo.2mo.contact.log_ratio.max.20kb-5Mb.enhancer_peak,up,-0.15481030459153763
2047,1,9mo.2mo.contact.log_ratio.min.20kb-5Mb.enhancer_peak,up,0.1597480219164334
2048,1,9mo.2mo.contact.log_ratio.count.20kb-5Mb.enhancer_peak,up,0.036865041751920305
2049,1,18mo.2mo.contact.log_ratio.mean.20kb-5Mb.enhancer_peak,up,0.07164406828534019
2050,1,18mo.2mo.contact.log_ratio.median.20kb-5Mb.enhancer_peak,up,-0.28715579147489817
2051,1,18mo.2mo.contact.log_ratio.std.20kb-5Mb.enhancer_peak,up,0.2354894961880742
2052,1,18mo.2mo.contact.log_ratio.max.20kb-5Mb.enhancer_peak,up,-0.03483191645098771
2053,1,18mo.2mo.contact.log_ratio.min.20kb-5Mb.enhancer_peak,up,0.14440660414500686
2054,1,18mo.2mo.contact.log_ratio.count.20kb-5Mb.enhancer_peak,up,0.0994993455715707
2055,1,18mo.9mo.contact.log_ratio.mean.20kb-5Mb.enhancer_peak,up,-0.10722667422684978
2056,1,18mo.9mo.contact.log_ratio.median.20kb-5Mb.enhancer_peak,up,0.23065294330617578
2057,1,18mo.9mo.contact.log_ratio.std.20kb-5Mb.enhancer_peak,up,0.3002262880588187
2058,1,18mo.9mo.contact.log_ratio.max.20kb-5Mb.enhancer_peak,up,-0.10091061800178901
2059,1,18mo.9mo.contact.log_ratio.min.20kb-5Mb.enhancer_peak,up,-0.09337609890036747
2060,1,18mo.9mo.contact.log_ratio.count.20kb-5Mb.enhancer_peak,up,0.08210839501113922
2061,1,count.enhancer_peak,up,0.1364008924500386
2062,1,rel_pos.DAR,up,-0.1597786836982503
2063,1,9mo.2mo.log_ratio.DAR,up,0.060134406687196405
2064,1,18mo.9mo.log_ratio.DAR,up,-0.05715079239602593
2065,1,18mo.2mo.log_ratio.DAR,up,0.038876131088396694
2066,1,count.DAR,up,0.22672752570002958
2067,1,size.log2.DMR,up,0.0024260663247936266
2068,1,rel_pos.DMR,up,0.11522864401067774
2069,1,9mo.2mo.log_ratio.DMR,up,-0.04134457411006789
2070,1,18mo.9mo.log_ratio.DMR,up,-0.12263138131390952
2071,1,18mo.2mo.log_ratio.DMR,up,-0.10186694605020157
2072,1,distance.log2.DMR,up,0.053390990443174476
2073,1,count.DMR,up,-0.10722974646239215
2074,1,Qanova.mean.loops,up,-0.53989504927482
2075,1,Qanova.median.loops,up,0.20894725254782123
2076,1,Qanova.std.loops,up,0.09640707567742159
2077,1,Qanova.max.loops,up,-0.13623980200286676
2078,1,Qanova.min.loops,up,0.2609101835862662
2079,1,Tanova.mean.loops,up,-0.20664882345161886
2080,1,Tanova.median.loops,up,0.1723640045785907
2081,1,Tanova.std.loops,up,0.1924211422076676
2082,1,Tanova.max.loops,up,0.21597706786421494
2083,1,Tanova.min.loops,up,-0.31393019498511376
2084,1,9mo.2mo.Q.mean.loops,up,0.23398643105957626
2085,1,9mo.2mo.Q.median.loops,up,-0.008679006454332845
2086,1,9mo.2mo.Q.std.loops,up,0.11706021955692616
2087,1,9mo.2mo.Q.max.loops,up,0.014534742317039388
2088,1,9mo.2mo.Q.min.loops,up,-0.13608587262733232
2089,1,18mo.9mo.Q.mean.loops,up,-0.07490033596206837
2090,1,18mo.9mo.Q.median.loops,up,-0.018115260960160685
2091,1,18mo.9mo.Q.std.loops,up,-0.08469250812200939
2092,1,18mo.9mo.Q.max.loops,up,0.319120751343213
2093,1,18mo.9mo.Q.min.loops,up,-0.008227708652234848
2094,1,18mo.2mo.Q.mean.loops,up,0.103488423948023
2095,1,18mo.2mo.Q.median.loops,up,0.007935598844279478
2096,1,18mo.2mo.Q.std.loops,up,-0.08345459847927418
2097,1,18mo.2mo.Q.max.loops,up,-0.010820202704868899
2098,1,18mo.2mo.Q.min.loops,up,-0.2096931786842174
2099,1,9mo.2mo.T.mean.loops,up,0.1553196527339696
2100,1,9mo.2mo.T.median.loops,up,-0.12912440338653733
2101,1,9mo.2mo.T.std.loops,up,0.278959944612833
2102,1,9mo.2mo.T.max.loops,up,-0.5606915053350845
2103,1,9mo.2mo.T.min.loops,up,0.25261089036197837
2104,1,18mo.9mo.T.mean.loops,up,0.15034528562711397
2105,1,18mo.9mo.T.median.loops,up,-0.2073597740517971
2106,1,18mo.9mo.T.std.loops,up,-0.09512333848789088
2107,1,18mo.9mo.T.max.loops,up,0.22027402375911753
2108,1,18mo.9mo.T.min.loops,up,-0.22876750265336082
2109,1,18mo.2mo.T.mean.loops,up,0.27250367801918585
2110,1,18mo.2mo.T.median.loops,up,-0.22262383587383555
2111,1,18mo.2mo.T.std.loops,up,0.2334013787750791
2112,1,18mo.2mo.T.max.loops,up,-0.3028755776690491
2113,1,18mo.2mo.T.min.loops,up,0.23017523188750932
2114,1,loop_size.log.mean.loops,up,-0.22293194995135093
2115,1,loop_size.log.median.loops,up,-0.21921842679650824
2116,1,loop_size.log.std.loops,up,-0.2702057620586598
2117,1,loop_size.log.max.loops,up,-0.3386099735295715
2118,1,loop_size.log.min.loops,up,0.05380822313218476
2119,1,min_distance.log.mean.loops,up,0.11474249511171619
2120,1,min_distance.log.median.loops,up,0.07733729807178755
2121,1,min_distance.log.std.loops,up,0.06508361608732988
2122,1,min_distance.log.max.loops,up,0.32195796365932255
2123,1,min_distance.log.min.loops,up,0.3605197187379729
2124,1,count.loops,up,0.11483751259318081
2125,1,9mo.2mo.log_ratio.mcg_genebody,up,-0.19935065006418376
2126,1,18mo.9mo.log_ratio.mcg_genebody,up,0.04686876667722327
2127,1,18mo.2mo.log_ratio.mcg_genebody,up,-0.2399946826155368
2128,1,9mo.2mo.log_ratio.mch_genebody,up,-0.14574501718680316
2129,1,18mo.9mo.log_ratio.mch_genebody,up,0.04255202438352641
2130,1,18mo.2mo.log_ratio.mch_genebody,up,-0.16736026506784002
2131,1,9mo.2mo.log_ratio.mean.atac,up,0.19976102645321425
2132,1,18mo.9mo.log_ratio.mean.atac,up,-0.20463889168388455
2133,1,18mo.2mo.log_ratio.mean.atac,up,0.12548422498112088
2134,1,log2_distance.mean.atac,up,-0.5654171766341325
2135,1,9mo.2mo.log_ratio.std.atac,up,-0.4071085561170137
2136,1,18mo.9mo.log_ratio.std.atac,up,-0.010119228321092312
2137,1,18mo.2mo.log_ratio.std.atac,up,0.42993467607177915
2138,1,log2_distance.std.atac,up,-0.04868349280761649
2139,1,9mo.2mo.log_ratio.max.atac,up,0.3578477970187401
2140,1,18mo.9mo.log_ratio.max.atac,up,0.06864264837435013
2141,1,18mo.2mo.log_ratio.max.atac,up,-0.3254279913012399
2142,1,log2_distance.max.atac,up,0.4095746024525209
2143,1,9mo.2mo.log_ratio.min.atac,up,-0.33461514341800186
2144,1,18mo.9mo.log_ratio.min.atac,up,-0.08336412316473536
2145,1,18mo.2mo.log_ratio.min.atac,up,0.5691060719991815
2146,1,log2_distance.min.atac,up,0.19496533626758486
2147,1,count.atac,up,-0.3096659009041005
2148,2,gene_length.meta,up,0.35567903995074573
2149,2,9mo.2mo.activity.log_ratio.count.0-5kb.enhancer_DMR,up,-0.0819154504611665
2150,2,18mo.2mo.activity.log_ratio.count.0-5kb.enhancer_DMR,up,-0.15172104550562476
2151,2,18mo.9mo.activity.log_ratio.count.0-5kb.enhancer_DMR,up,0.23620670690270074
2152,2,9mo.2mo.contact.log_ratio.count.0-5kb.enhancer_DMR,up,-0.0819154504611665
2153,2,18mo.2mo.contact.log_ratio.count.0-5kb.enhancer_DMR,up,-0.15172104550562476
2154,2,18mo.9mo.contact.log_ratio.count.0-5kb.enhancer_DMR,up,0.23620670690270074
2155,2,9mo.2mo.activity.log_ratio.mean.5kb-20kb.enhancer_DMR,up,-0.015623830118008867
2156,2,9mo.2mo.activity.log_ratio.median.5kb-20kb.enhancer_DMR,up,-0.21517697350916545
2157,2,9mo.2mo.activity.log_ratio.max.5kb-20kb.enhancer_DMR,up,0.2503162974602312
2158,2,9mo.2mo.activity.log_ratio.min.5kb-20kb.enhancer_DMR,up,-0.12893964034345087
2159,2,9mo.2mo.activity.log_ratio.count.5kb-20kb.enhancer_DMR,up,-0.2694654429812421
2160,2,18mo.2mo.activity.log_ratio.mean.5kb-20kb.enhancer_DMR,up,0.08746407559923172
2161,2,18mo.2mo.activity.log_ratio.median.5kb-20kb.enhancer_DMR,up,-0.16364085342602616
2162,2,18mo.2mo.activity.log_ratio.max.5kb-20kb.enhancer_DMR,up,0.4203531549764119
2163,2,18mo.2mo.activity.log_ratio.min.5kb-20kb.enhancer_DMR,up,-0.1518457373926554
2164,2,18mo.2mo.activity.log_ratio.count.5kb-20kb.enhancer_DMR,up,-0.05728759047737118
2165,2,18mo.9mo.activity.log_ratio.mean.5kb-20kb.enhancer_DMR,up,-0.016077306390766606
2166,2,18mo.9mo.activity.log_ratio.median.5kb-20kb.enhancer_DMR,up,-0.3388039044570863
2167,2,18mo.9mo.activity.log_ratio.max.5kb-20kb.enhancer_DMR,up,0.21331078301018508
2168,2,18mo.9mo.activity.log_ratio.min.5kb-20kb.enhancer_DMR,up,0.060203754356423896
2169,2,18mo.9mo.activity.log_ratio.count.5kb-20kb.enhancer_DMR,up,0.12159065912223821
2170,2,9mo.2mo.contact.log_ratio.mean.5kb-20kb.enhancer_DMR,up,0.03248108535633818
2171,2,9mo.2mo.contact.log_ratio.median.5kb-20kb.enhancer_DMR,up,-0.05664160889235245
2172,2,9mo.2mo.contact.log_ratio.max.5kb-20kb.enhancer_DMR,up,0.24046531809372143
2173,2,9mo.2mo.contact.log_ratio.min.5kb-20kb.enhancer_DMR,up,-0.10572937874787741
2174,2,9mo.2mo.contact.log_ratio.count.5kb-20kb.enhancer_DMR,up,-0.2694654429812421
2175,2,18mo.2mo.contact.log_ratio.mean.5kb-20kb.enhancer_DMR,up,-0.033467860143961484
2176,2,18mo.2mo.contact.log_ratio.median.5kb-20kb.enhancer_DMR,up,-0.10114081014696547
2177,2,18mo.2mo.contact.log_ratio.max.5kb-20kb.enhancer_DMR,up,0.0008999706297625202
2178,2,18mo.2mo.contact.log_ratio.min.5kb-20kb.enhancer_DMR,up,0.09183305396417515
2179,2,18mo.2mo.contact.log_ratio.count.5kb-20kb.enhancer_DMR,up,-0.05728759047737118
2180,2,18mo.9mo.contact.log_ratio.mean.5kb-20kb.enhancer_DMR,up,-0.022410871014731222
2181,2,18mo.9mo.contact.log_ratio.median.5kb-20kb.enhancer_DMR,up,0.15052610875603234
2182,2,18mo.9mo.contact.log_ratio.max.5kb-20kb.enhancer_DMR,up,0.13815161552806077
2183,2,18mo.9mo.contact.log_ratio.min.5kb-20kb.enhancer_DMR,up,-0.1600272928864635
2184,2,18mo.9mo.contact.log_ratio.count.5kb-20kb.enhancer_DMR,up,0.12159065912223821
2185,2,9mo.2mo.activity.log_ratio.count.20kb-5Mb.enhancer_DMR,up,0.1759135489719213
2186,2,18mo.2mo.activity.log_ratio.count.20kb-5Mb.enhancer_DMR,up,-0.04674681288065567
2187,2,18mo.9mo.activity.log_ratio.count.20kb-5Mb.enhancer_DMR,up,-0.0687609590699217
2188,2,9mo.2mo.contact.log_ratio.count.20kb-5Mb.enhancer_DMR,up,0.1759135489719213
2189,2,18mo.2mo.contact.log_ratio.count.20kb-5Mb.enhancer_DMR,up,-0.04674681288065567
2190,2,18mo.9mo.contact.log_ratio.count.20kb-5Mb.enhancer_DMR,up,-0.0687609590699217
2191,2,count.enhancer_DMR,up,-0.05778354410150841
2192,2,9mo.2mo.activity.log_ratio.count.0-5kb.enhancer_peak,up,-0.05162113763031317
2193,2,18mo.2mo.activity.log_ratio.count.0-5kb.enhancer_peak,up,0.22221578117647692
2194,2,18mo.9mo.activity.log_ratio.count.0-5kb.enhancer_peak,up,0.006344579594454669
2195,2,9mo.2mo.contact.log_ratio.count.0-5kb.enhancer_peak,up,-0.05162113763031317
2196,2,18mo.2mo.contact.log_ratio.count.0-5kb.enhancer_peak,up,0.22221578117647692
2197,2,18mo.9mo.contact.log_ratio.count.0-5kb.enhancer_peak,up,0.006344579594454669
2198,2,9mo.2mo.activity.log_ratio.count.5kb-20kb.enhancer_peak,up,0.20991114709686887
2199,2,18mo.2mo.activity.log_ratio.count.5kb-20kb.enhancer_peak,up,-0.09346875748387583
2200,2,18mo.9mo.activity.log_ratio.count.5kb-20kb.enhancer_peak,up,-0.036240414156445154
2201,2,9mo.2mo.contact.log_ratio.count.5kb-20kb.enhancer_peak,up,0.20991114709686887
2202,2,18mo.2mo.contact.log_ratio.count.5kb-20kb.enhancer_peak,up,-0.09346875748387583
2203,2,18mo.9mo.contact.log_ratio.count.5kb-20kb.enhancer_peak,up,-0.036240414156445154
2204,2,9mo.2mo.activity.log_ratio.mean.20kb-5Mb.enhancer_peak,up,0.1333827324851374
2205,2,9mo.2mo.activity.log_ratio.median.20kb-5Mb.enhancer_peak,up,0.08173974152112742
2206,2,9mo.2mo.activity.log_ratio.std.20kb-5Mb.enhancer_peak,up,0.033647808984950275
2207,2,9mo.2mo.activity.log_ratio.max.20kb-5Mb.enhancer_peak,up,-0.13378263523054512
2208,2,9mo.2mo.activity.log_ratio.min.20kb-5Mb.enhancer_peak,up,0.05718484493419105
2209,2,9mo.2mo.activity.log_ratio.count.20kb-5Mb.enhancer_peak,up,0.022562154658723948
2210,2,18mo.2mo.activity.log_ratio.mean.20kb-5Mb.enhancer_peak,up,-0.13135233867077314
2211,2,18mo.2mo.activity.log_ratio.median.20kb-5Mb.enhancer_peak,up,0.020219203745447556
2212,2,18mo.2mo.activity.log_ratio.std.20kb-5Mb.enhancer_peak,up,-0.10070376164707164
2213,2,18mo.2mo.activity.log_ratio.max.20kb-5Mb.enhancer_peak,up,0.16495408624031493
2214,2,18mo.2mo.activity.log_ratio.min.20kb-5Mb.enhancer_peak,up,0.07810383400531186
2215,2,18mo.2mo.activity.log_ratio.count.20kb-5Mb.enhancer_peak,up,0.172154204000671
2216,2,18mo.9mo.activity.log_ratio.mean.20kb-5Mb.enhancer_peak,up,-0.37191346295141026
2217,2,18mo.9mo.activity.log_ratio.median.20kb-5Mb.enhancer_peak,up,0.3763339121979244
2218,2,18mo.9mo.activity.log_ratio.std.20kb-5Mb.enhancer_peak,up,0.1340844043748711
2219,2,18mo.9mo.activity.log_ratio.max.20kb-5Mb.enhancer_peak,up,-0.32609772364823775
2220,2,18mo.9mo.activity.log_ratio.min.20kb-5Mb.enhancer_peak,up,0.2262834083195367
2221,2,18mo.9mo.activity.log_ratio.count.20kb-5Mb.enhancer_peak,up,0.009294790837392642
2222,2,9mo.2mo.contact.log_ratio.mean.20kb-5Mb.enhancer_peak,up,-0.27942337059887656
2223,2,9mo.2mo.contact.log_ratio.median.20kb-5Mb.enhancer_peak,up,0.41011758805063436
2224,2,9mo.2mo.contact.log_ratio.std.20kb-5Mb.enhancer_peak,up,-0.02996638775893242
2225,2,9mo.2mo.contact.log_ratio.max.20kb-5Mb.enhancer_peak,up,-0.2297270788533959
2226,2,9mo.2mo.contact.log_ratio.min.20kb-5Mb.enhancer_peak,up,-0.03294406164300475
2227,2,9mo.2mo.contact.log_ratio.count.20kb-5Mb.enhancer_peak,up,0.022562154658723948
2228,2,18mo.2mo.contact.log_ratio.mean.20kb-5Mb.enhancer_peak,up,0.042625189356092726
2229,2,18mo.2mo.contact.log_ratio.median.20kb-5Mb.enhancer_peak,up,-0.1740337607909899
2230,2,18mo.2mo.contact.log_ratio.std.20kb-5Mb.enhancer_peak,up,0.21467255084185236
2231,2,18mo.2mo.contact.log_ratio.max.20kb-5Mb.enhancer_peak,up,-0.027666941174303922
2232,2,18mo.2mo.contact.log_ratio.min.20kb-5Mb.enhancer_peak,up,0.3196132808107132
2233,2,18mo.2mo.contact.log_ratio.count.20kb-5Mb.enhancer_peak,up,0.172154204000671
2234,2,18mo.9mo.contact.log_ratio.mean.20kb-5Mb.enhancer_peak,up,-0.18017998166449112
2235,2,18mo.9mo.contact.log_ratio.median.20kb-5Mb.enhancer_peak,up,0.48980622150484354
2236,2,18mo.9mo.contact.log_ratio.std.20kb-5Mb.enhancer_peak,up,-0.008158663534104429
2237,2,18mo.9mo.contact.log_ratio.max.20kb-5Mb.enhancer_peak,up,-0.036074327030812516
2238,2,18mo.9mo.contact.log_ratio.min.20kb-5Mb.enhancer_peak,up,-0.47554053128531304
2239,2,18mo.9mo.contact.log_ratio.count.20kb-5Mb.enhancer_peak,up,0.009294790837392642
2240,2,count.enhancer_peak,up,0.14198857941980875
2241,2,rel_pos.DAR,up,-0.10646401411655303
2242,2,9mo.2mo.log_ratio.DAR,up,0.0696666880052375
2243,2,18mo.9mo.log_ratio.DAR,up,-0.04918180506750273
2244,2,18mo.2mo.log_ratio.DAR,up,0.051807037108710575
2245,2,count.DAR,up,0.22333260138643676
2246,2,size.log2.DMR,up,-0.06323781869088883
2247,2,rel_pos.DMR,up,-0.09915979699586527
2248,2,9mo.2mo.log_ratio.DMR,up,0.005741571152503647
2249,2,18mo.9mo.log_ratio.DMR,up,-0.0585555283399198
2250,2,18mo.2mo.log_ratio.DMR,up,-0.022160493600070497
2251,2,distance.log2.DMR,up,0.26891558539584764
2252,2,count.DMR,up,-0.13973691358646836
2253,2,Qanova.mean.loops,up,-0.38867127964601905
2254,2,Qanova.median.loops,up,0.12409198164926064
2255,2,Qanova.std.loops,up,0.13042716221202316
2256,2,Qanova.max.loops,up,-0.22786803950625806
2257,2,Qanova.min.loops,up,0.058986496892756514
2258,2,Tanova.mean.loops,up,-0.4736085076956757
2259,2,Tanova.median.loops,up,0.2559863892371119
2260,2,Tanova.std.loops,up,0.1123195362267216
2261,2,Tanova.max.loops,up,0.16283077753742053
2262,2,Tanova.min.loops,up,0.06251937487686639
2263,2,9mo.2mo.Q.mean.loops,up,0.39286642797984106
2264,2,9mo.2mo.Q.median.loops,up,-0.1522750134688968
2265,2,9mo.2mo.Q.std.loops,up,-0.06224849210373189
2266,2,9mo.2mo.Q.max.loops,up,0.10928055189665771
2267,2,9mo.2mo.Q.min.loops,up,-0.19116758564650307
2268,2,18mo.9mo.Q.mean.loops,up,-0.05174235938421618
2269,2,18mo.9mo.Q.median.loops,up,-0.14464471005521148
2270,2,18mo.9mo.Q.std.loops,up,-0.40121495567325344
2271,2,18mo.9mo.Q.max.loops,up,0.42368958364082554
2272,2,18mo.9mo.Q.min.loops,up,0.09365240551672924
2273,2,18mo.2mo.Q.mean.loops,up,0.24320725827599451
2274,2,18mo.2mo.Q.median.loops,up,0.07999240820010821
2275,2,18mo.2mo.Q.std.loops,up,0.2596474508964005
2276,2,18mo.2mo.Q.max.loops,up,-0.1025735275889807
2277,2,18mo.2mo.Q.min.loops,up,-0.29298388565794026
2278,2,9mo.2mo.T.mean.loops,up,0.05266986744702543
2279,2,9mo.2mo.T.median.loops,up,0.0520886037387274
2280,2,9mo.2mo.T.std.loops,up,0.270203178110768
2281,2,9mo.2mo.T.max.loops,up,-0.4211226101962511
2282,2,9mo.2mo.T.min.loops,up,0.09654271144145413
2283,2,18mo.9mo.T.mean.loops,up,0.013799740638666659
2284,2,18mo.9mo.T.median.loops,up,0.02699577818932925
2285,2,18mo.9mo.T.std.loops,up,0.03792956458272916
2286,2,18mo.9mo.T.max.loops,up,0.5000578798596439
2287,2,18mo.9mo.T.min.loops,up,-0.15587179520902675
2288,2,18mo.2mo.T.mean.loops,up,0.056564675001487964
2289,2,18mo.2mo.T.median.loops,up,-0.18800091000527394
2290,2,18mo.2mo.T.std.loops,up,-0.020617210698547397
2291,2,18mo.2mo.T.max.loops,up,-0.1708106505832689
2292,2,18mo.2mo.T.min.loops,up,0.10121955520603407
2293,2,loop_size.log.mean.loops,up,-0.3309032085290328
2294,2,loop_size.log.median.loops,up,-0.3275110864577495
2295,2,loop_size.log.std.loops,up,-0.2276084748978684
2296,2,loop_size.log.max.loops,up,-0.4085768480968765
2297,2,loop_size.log.min.loops,up,0.5874495790010857
2298,2,min_distance.log.mean.loops,up,0.03846909496470045
2299,2,min_distance.log.median.loops,up,-0.26384388043883333
2300,2,min_distance.log.std.loops,up,0.17067356477941764
2301,2,min_distance.log.max.loops,up,0.33116482195084973
2302,2,min_distance.log.min.loops,up,0.36141905391364676
2303,2,count.loops,up,0.014193196885274042
2304,2,9mo.2mo.log_ratio.mcg_genebody,up,-0.1484749210665741
2305,2,18mo.9mo.log_ratio.mcg_genebody,up,0.009067835718913547
2306,2,18mo.2mo.log_ratio.mcg_genebody,up,-0.2033303571208404
2307,2,9mo.2mo.log_ratio.mch_genebody,up,-0.18313385243264707
2308,2,18mo.9mo.log_ratio.mch_genebody,up,0.06586658385137142
2309,2,18mo.2mo.log_ratio.mch_genebody,up,-0.20345746375627047
2310,2,9mo.2mo.log_ratio.mean.atac,up,0.08678463025581265
2311,2,18mo.9mo.log_ratio.mean.atac,up,-0.16735005520517537
2312,2,18mo.2mo.log_ratio.mean.atac,up,0.01710709193115531
2313,2,log2_distance.mean.atac,up,-0.35073819085450025
2314,2,9mo.2mo.log_ratio.std.atac,up,-0.4279949865276766
2315,2,18mo.9mo.log_ratio.std.atac,up,0.044762620206693776
2316,2,18mo.2mo.log_ratio.std.atac,up,0.41471503662495246
2317,2,log2_distance.std.atac,up,-0.0990855521357701
2318,2,9mo.2mo.log_ratio.max.atac,up,0.4830918896924745
2319,2,18mo.9mo.log_ratio.max.atac,up,0.013977900637411849
2320,2,18mo.2mo.log_ratio.max.atac,up,-0.23235915897923293
2321,2,log2_distance.max.atac,up,0.285484050600983
2322,2,9mo.2mo.log_ratio.min.atac,up,-0.33771510338563693
2323,2,18mo.9mo.log_ratio.min.atac,up,-0.013680660510295655
2324,2,18mo.2mo.log_ratio.min.atac,up,0.6865701451818469
2325,2,log2_distance.min.atac,up,0.04927615307572491
2326,2,count.atac,up,-0.2773773162900247
2327,3,gene_length.meta,up,0.17128508474017282
2328,3,9mo.2mo.activity.log_ratio.count.0-5kb.enhancer_DMR,up,-0.028960481558842715
2329,3,18mo.2mo.activity.log_ratio.count.0-5kb.enhancer_DMR,up,-0.11138706515823492
2330,3,18mo.9mo.activity.log_ratio.count.0-5kb.enhancer_DMR,up,0.07868620794712358
2331,3,9mo.2mo.contact.log_ratio.count.0-5kb.enhancer_DMR,up,-0.028960481558842715
2332,3,18mo.2mo.contact.log_ratio.count.0-5kb.enhancer_DMR,up,-0.11138706515823492
2333,3,18mo.9mo.contact.log_ratio.count.0-5kb.enhancer_DMR,up,0.07868620794712358
2334,3,9mo.2mo.activity.log_ratio.mean.5kb-20kb.enhancer_DMR,up,-0.14103400538360047
2335,3,9mo.2mo.activity.log_ratio.median.5kb-20kb.enhancer_DMR,up,0.14611803917492766
2336,3,9mo.2mo.activity.log_ratio.max.5kb-20kb.enhancer_DMR,up,0.11898026363800754
2337,3,9mo.2mo.activity.log_ratio.min.5kb-20kb.enhancer_DMR,up,-0.07880520788160489
2338,3,9mo.2mo.activity.log_ratio.count.5kb-20kb.enhancer_DMR,up,-0.2105901180800148
2339,3,18mo.2mo.activity.log_ratio.mean.5kb-20kb.enhancer_DMR,up,-0.019860801419606274
2340,3,18mo.2mo.activity.log_ratio.median.5kb-20kb.enhancer_DMR,up,-0.3024925280368018
2341,3,18mo.2mo.activity.log_ratio.max.5kb-20kb.enhancer_DMR,up,0.44868853775958845
2342,3,18mo.2mo.activity.log_ratio.min.5kb-20kb.enhancer_DMR,up,0.0008967314687342254
2343,3,18mo.2mo.activity.log_ratio.count.5kb-20kb.enhancer_DMR,up,0.02370586419764281
2344,3,18mo.9mo.activity.log_ratio.mean.5kb-20kb.enhancer_DMR,up,-0.06751448902913487
2345,3,18mo.9mo.activity.log_ratio.median.5kb-20kb.enhancer_DMR,up,-0.05867436468900555
2346,3,18mo.9mo.activity.log_ratio.max.5kb-20kb.enhancer_DMR,up,0.15335054478208476
2347,3,18mo.9mo.activity.log_ratio.min.5kb-20kb.enhancer_DMR,up,-0.12683578853616573
2348,3,18mo.9mo.activity.log_ratio.count.5kb-20kb.enhancer_DMR,up,0.100055957715081
2349,3,9mo.2mo.contact.log_ratio.mean.5kb-20kb.enhancer_DMR,up,0.016512816318575773
2350,3,9mo.2mo.contact.log_ratio.median.5kb-20kb.enhancer_DMR,up,0.08842833214800236
2351,3,9mo.2mo.contact.log_ratio.max.5kb-20kb.enhancer_DMR,up,0.18988826223141086
2352,3,9mo.2mo.contact.log_ratio.min.5kb-20kb.enhancer_DMR,up,-0.17484525204834292
2353,3,9mo.2mo.contact.log_ratio.count.5kb-20kb.enhancer_DMR,up,-0.2105901180800148
2354,3,18mo.2mo.contact.log_ratio.mean.5kb-20kb.enhancer_DMR,up,-0.2307735257345441
2355,3,18mo.2mo.contact.log_ratio.median.5kb-20kb.enhancer_DMR,up,-0.3493125915455543
2356,3,18mo.2mo.contact.log_ratio.max.5kb-20kb.enhancer_DMR,up,-0.051904450502406545
2357,3,18mo.2mo.contact.log_ratio.min.5kb-20kb.enhancer_DMR,up,0.3775675681100256
2358,3,18mo.2mo.contact.log_ratio.count.5kb-20kb.enhancer_DMR,up,0.02370586419764281
2359,3,18mo.9mo.contact.log_ratio.mean.5kb-20kb.enhancer_DMR,up,-0.020520098677127997
2360,3,18mo.9mo.contact.log_ratio.median.5kb-20kb.enhancer_DMR,up,-0.044690607026823814
2361,3,18mo.9mo.contact.log_ratio.max.5kb-20kb.enhancer_DMR,up,0.19786347918346242
2362,3,18mo.9mo.contact.log_ratio.min.5kb-20kb.enhancer_DMR,up,0.1260596455668025
2363,3,18mo.9mo.contact.log_ratio.count.5kb-20kb.enhancer_DMR,up,0.100055957715081
2364,3,9mo.2mo.activity.log_ratio.count.20kb-5Mb.enhancer_DMR,up,-0.1277283984251617
2365,3,18mo.2mo.activity.log_ratio.count.20kb-5Mb.enhancer_DMR,up,0.14309743439628192
2366,3,18mo.9mo.activity.log_ratio.count.20kb-5Mb.enhancer_DMR,up,-0.03572894666402545
2367,3,9mo.2mo.contact.log_ratio.count.20kb-5Mb.enhancer_DMR,up,-0.1277283984251617
2368,3,18mo.2mo.contact.log_ratio.count.20kb-5Mb.enhancer_DMR,up,0.14309743439628192
2369,3,18mo.9mo.contact.log_ratio.count.20kb-5Mb.enhancer_DMR,up,-0.03572894666402545
2370,3,count.enhancer_DMR,up,-0.16609812460628956
2371,3,9mo.2mo.activity.log_ratio.count.0-5kb.enhancer_peak,up,-0.11793763917941232
2372,3,18mo.2mo.activity.log_ratio.count.0-5kb.enhancer_peak,up,0.14766900882317743
2373,3,18mo.9mo.activity.log_ratio.count.0-5kb.enhancer_peak,up,0.15041297401254797
2374,3,9mo.2mo.contact.log_ratio.count.0-5kb.enhancer_peak,up,-0.11793763917941232
2375,3,18mo.2mo.contact.log_ratio.count.0-5kb.enhancer_peak,up,0.14766900882317743
2376,3,18mo.9mo.contact.log_ratio.count.0-5kb.enhancer_peak,up,0.15041297401254797
2377,3,9mo.2mo.activity.log_ratio.count.5kb-20kb.enhancer_peak,up,0.160601397327379
2378,3,18mo.2mo.activity.log_ratio.count.5kb-20kb.enhancer_peak,up,-0.08428602825341736
2379,3,18mo.9mo.activity.log_ratio.count.5kb-20kb.enhancer_peak,up,0.09407695277211499
2380,3,9mo.2mo.contact.log_ratio.count.5kb-20kb.enhancer_peak,up,0.160601397327379
2381,3,18mo.2mo.contact.log_ratio.count.5kb-20kb.enhancer_peak,up,-0.08428602825341736
2382,3,18mo.9mo.contact.log_ratio.count.5kb-20kb.enhancer_peak,up,0.09407695277211499
2383,3,9mo.2mo.activity.log_ratio.mean.20kb-5Mb.enhancer_peak,up,0.18495135236247764
2384,3,9mo.2mo.activity.log_ratio.median.20kb-5Mb.enhancer_peak,up,0.10662569294244689
2385,3,9mo.2mo.activity.log_ratio.std.20kb-5Mb.enhancer_peak,up,-0.02201856635005395
2386,3,9mo.2mo.activity.log_ratio.max.20kb-5Mb.enhancer_peak,up,-0.09663604689248534
2387,3,9mo.2mo.activity.log_ratio.min.20kb-5Mb.enhancer_peak,up,-0.05305653359375686
2388,3,9mo.2mo.activity.log_ratio.count.20kb-5Mb.enhancer_peak,up,0.11221680024430766
2389,3,18mo.2mo.activity.log_ratio.mean.20kb-5Mb.enhancer_peak,up,-0.31618616004370487
2390,3,18mo.2mo.activity.log_ratio.median.20kb-5Mb.enhancer_peak,up,0.1975527900540472
2391,3,18mo.2mo.activity.log_ratio.std.20kb-5Mb.enhancer_peak,up,-0.026960458557710544
2392,3,18mo.2mo.activity.log_ratio.max.20kb-5Mb.enhancer_peak,up,0.2605704466247035
2393,3,18mo.2mo.activity.log_ratio.min.20kb-5Mb.enhancer_peak,up,-0.13656897866669093
2394,3,18mo.2mo.activity.log_ratio.count.20kb-5Mb.enhancer_peak,up,0.04606959189202859
2395,3,18mo.9mo.activity.log_ratio.mean.20kb-5Mb.enhancer_peak,up,-0.12997264458915747
2396,3,18mo.9mo.activity.log_ratio.median.20kb-5Mb.enhancer_peak,up,-0.06633291926526862
2397,3,18mo.9mo.activity.log_ratio.std.20kb-5Mb.enhancer_peak,up,-0.025163445361791957
2398,3,18mo.9mo.activity.log_ratio.max.20kb-5Mb.enhancer_peak,up,-0.039584457311759316
2399,3,18mo.9mo.activity.log_ratio.min.20kb-5Mb.enhancer_peak,up,0.08584064518339646
2400,3,18mo.9mo.activity.log_ratio.count.20kb-5Mb.enhancer_peak,up,0.10110223037947498
2401,3,9mo.2mo.contact.log_ratio.mean.20kb-5Mb.enhancer_peak,up,-0.34287698626988083
2402,3,9mo.2mo.contact.log_ratio.median.20kb-5Mb.enhancer_peak,up,0.3289511920596069
2403,3,9mo.2mo.contact.log_ratio.std.20kb-5Mb.enhancer_peak,up,0.07896712010785076
2404,3,9mo.2mo.contact.log_ratio.max.20kb-5Mb.enhancer_peak,up,-0.3347120481485925
2405,3,9mo.2mo.contact.log_ratio.min.20kb-5Mb.enhancer_peak,up,0.26086174100002746
2406,3,9mo.2mo.contact.log_ratio.count.20kb-5Mb.enhancer_peak,up,0.11221680024430766
2407,3,18mo.2mo.contact.log_ratio.mean.20kb-5Mb.enhancer_peak,up,0.10585722543372783
2408,3,18mo.2mo.contact.log_ratio.median.20kb-5Mb.enhancer_peak,up,-0.2485244289365743
2409,3,18mo.2mo.contact.log_ratio.std.20kb-5Mb.enhancer_peak,up,0.12232650943166709
2410,3,18mo.2mo.contact.log_ratio.max.20kb-5Mb.enhancer_peak,up,0.08147369351860445
2411,3,18mo.2mo.contact.log_ratio.min.20kb-5Mb.enhancer_peak,up,0.13021877687988612
2412,3,18mo.2mo.contact.log_ratio.count.20kb-5Mb.enhancer_peak,up,0.04606959189202859
2413,3,18mo.9mo.contact.log_ratio.mean.20kb-5Mb.enhancer_peak,up,-0.0024175959066734523
2414,3,18mo.9mo.contact.log_ratio.median.20kb-5Mb.enhancer_peak,up,0.22303100961301175
2415,3,18mo.9mo.contact.log_ratio.std.20kb-5Mb.enhancer_peak,up,0.09185831021058243
2416,3,18mo.9mo.contact.log_ratio.max.20kb-5Mb.enhancer_peak,up,-0.14449381869854727
2417,3,18mo.9mo.contact.log_ratio.min.20kb-5Mb.enhancer_peak,up,-0.27692876081849294
2418,3,18mo.9mo.contact.log_ratio.count.20kb-5Mb.enhancer_peak,up,0.10110223037947498
2419,3,count.enhancer_peak,up,-0.09521947843526539
2420,3,rel_pos.DAR,up,-0.06746133574948186
2421,3,9mo.2mo.log_ratio.DAR,up,0.05287329926666164
2422,3,18mo.9mo.log_ratio.DAR,up,-0.13240528349171207
2423,3,18mo.2mo.log_ratio.DAR,up,0.01248472849546837
2424,3,count.DAR,up,0.08479016457091726
2425,3,size.log2.DMR,up,-0.058622540357821905
2426,3,rel_pos.DMR,up,-0.05157601449329325
2427,3,9mo.2mo.log_ratio.DMR,up,0.06372770273969149
2428,3,18mo.9mo.log_ratio.DMR,up,-0.08862369025143425
2429,3,18mo.2mo.log_ratio.DMR,up,0.016090102719264074
2430,3,distance.log2.DMR,up,0.06333729080967745
2431,3,count.DMR,up,-0.08577789760810958
2432,3,Qanova.mean.loops,up,-0.20520488271809745
2433,3,Qanova.median.loops,up,0.06429306667640348
2434,3,Qanova.std.loops,up,-0.025782754981994567
2435,3,Qanova.max.loops,up,-0.17876231058379918
2436,3,Qanova.min.loops,up,0.1454769613076183
2437,3,Tanova.mean.loops,up,-0.24332923998106418
2438,3,Tanova.median.loops,up,0.04972638560800131
2439,3,Tanova.std.loops,up,0.1193629161576783
2440,3,Tanova.max.loops,up,0.33664297909689406
2441,3,Tanova.min.loops,up,-0.31634058558032374
2442,3,9mo.2mo.Q.mean.loops,up,0.12204597646490545
2443,3,9mo.2mo.Q.median.loops,up,0.09201881950901379
2444,3,9mo.2mo.Q.std.loops,up,0.07841890251044159
2445,3,9mo.2mo.Q.max.loops,up,0.04664850883259904
2446,3,9mo.2mo.Q.min.loops,up,0.03293482001080374
2447,3,18mo.9mo.Q.mean.loops,up,-0.015547089025529212
2448,3,18mo.9mo.Q.median.loops,up,-0.11881876510349673
2449,3,18mo.9mo.Q.std.loops,up,0.08862999666681552
2450,3,18mo.9mo.Q.max.loops,up,0.18511299749990243
2451,3,18mo.9mo.Q.min.loops,up,0.09216912703658611
2452,3,18mo.2mo.Q.mean.loops,up,0.07800588033628336
2453,3,18mo.2mo.Q.median.loops,up,-0.02438278078007843
2454,3,18mo.2mo.Q.std.loops,up,0.0502987998998104
2455,3,18mo.2mo.Q.max.loops,up,-0.15538562763993952
2456,3,18mo.2mo.Q.min.loops,up,-0.2641764915523499
2457,3,9mo.2mo.T.mean.loops,up,-0.3822680763335371
2458,3,9mo.2mo.T.median.loops,up,0.2003369635753754
2459,3,9mo.2mo.T.std.loops,up,0.5724670869775224
2460,3,9mo.2mo.T.max.loops,up,-0.5179650067030914
2461,3,9mo.2mo.T.min.loops,up,0.42684433457356397
2462,3,18mo.9mo.T.mean.loops,up,0.1982338071627417
2463,3,18mo.9mo.T.median.loops,up,-0.17262955097730412
2464,3,18mo.9mo.T.std.loops,up,0.005481659525934632
2465,3,18mo.9mo.T.max.loops,up,0.19676276307326304
2466,3,18mo.9mo.T.min.loops,up,-0.3197385278057961
2467,3,18mo.2mo.T.mean.loops,up,-0.14748223886761982
2468,3,18mo.2mo.T.median.loops,up,0.2741573562389228
2469,3,18mo.2mo.T.std.loops,up,0.25725278258187023
2470,3,18mo.2mo.T.max.loops,up,-0.1586261266610643
2471,3,18mo.2mo.T.min.loops,up,0.3197946985217871
2472,3,loop_size.log.mean.loops,up,-0.4331325536536098
2473,3,loop_size.log.median.loops,up,-0.4169455788408912
2474,3,loop_size.log.std.loops,up,-0.15692113093991739
2475,3,loop_size.log.max.loops,up,-0.4881277344296718
2476,3,loop_size.log.min.loops,up,0.4514543854037352
2477,3,min_distance.log.mean.loops,up,0.128503676169313
2478,3,min_distance.log.median.loops,up,-0.07698685608398677
2479,3,min_distance.log.std.loops,up,0.12267401532331026
2480,3,min_distance.log.max.loops,up,0.3048616331275656
2481,3,min_distance.log.min.loops,up,0.4002263595767344
2482,3,count.loops,up,0.18600653011678683
2483,3,9mo.2mo.log_ratio.mcg_genebody,up,-0.125834768231687
2484,3,18mo.9mo.log_ratio.mcg_genebody,up,0.0025589081968122925
2485,3,18mo.2mo.log_ratio.mcg_genebody,up,-0.1770552353528888
2486,3,9mo.2mo.log_ratio.mch_genebody,up,-0.2104716698426287
2487,3,18mo.9mo.log_ratio.mch_genebody,up,0.09043718551612945
2488,3,18mo.2mo.log_ratio.mch_genebody,up,-0.221580524706109
2489,3,9mo.2mo.log_ratio.mean.atac,up,-0.03177843163282352
2490,3,18mo.9mo.log_ratio.mean.atac,up,-0.14031532783298323
2491,3,18mo.2mo.log_ratio.mean.atac,up,-0.11176753565900142
2492,3,log2_distance.mean.atac,up,-0.3320808126073358
2493,3,9mo.2mo.log_ratio.std.atac,up,-0.24842026988369262
2494,3,18mo.9mo.log_ratio.std.atac,up,-0.11695381905834137
2495,3,18mo.2mo.log_ratio.std.atac,up,0.3779168674519029
2496,3,log2_distance.std.atac,up,-0.28941700972657236
2497,3,9mo.2mo.log_ratio.max.atac,up,0.40888971256780837
2498,3,18mo.9mo.log_ratio.max.atac,up,-0.007433783341209471
2499,3,18mo.2mo.log_ratio.max.atac,up,-0.04444775961149965
2500,3,log2_distance.max.atac,up,0.5545717587732113
2501,3,9mo.2mo.log_ratio.min.atac,up,-0.29691327855268235
2502,3,18mo.9mo.log_ratio.min.atac,up,-0.17881952873876905
2503,3,18mo.2mo.log_ratio.min.atac,up,0.8023303358246526
2504,3,log2_distance.min.atac,up,-0.16957862910926216
2505,3,count.atac,up,-0.2670580373452033
2506,4,gene_length.meta,up,0.34754095865408213
2507,4,9mo.2mo.activity.log_ratio.count.0-5kb.enhancer_DMR,up,-0.10230202962012992
2508,4,18mo.2mo.activity.log_ratio.count.0-5kb.enhancer_DMR,up,-0.09238646341049853
2509,4,18mo.9mo.activity.log_ratio.count.0-5kb.enhancer_DMR,up,0.16400003839016697
2510,4,9mo.2mo.contact.log_ratio.count.0-5kb.enhancer_DMR,up,-0.10230202962012992
2511,4,18mo.2mo.contact.log_ratio.count.0-5kb.enhancer_DMR,up,-0.09238646341049853
2512,4,18mo.9mo.contact.log_ratio.count.0-5kb.enhancer_DMR,up,0.16400003839016697
2513,4,9mo.2mo.activity.log_ratio.mean.5kb-20kb.enhancer_DMR,up,-0.0031363879909810785
2514,4,9mo.2mo.activity.log_ratio.median.5kb-20kb.enhancer_DMR,up,0.22042295053654226
2515,4,9mo.2mo.activity.log_ratio.max.5kb-20kb.enhancer_DMR,up,0.022960331392193254
2516,4,9mo.2mo.activity.log_ratio.min.5kb-20kb.enhancer_DMR,up,-0.1323513180989034
2517,4,9mo.2mo.activity.log_ratio.count.5kb-20kb.enhancer_DMR,up,-0.17386087980945356
2518,4,18mo.2mo.activity.log_ratio.mean.5kb-20kb.enhancer_DMR,up,-0.04577912978850471
2519,4,18mo.2mo.activity.log_ratio.median.5kb-20kb.enhancer_DMR,up,-0.20744195539806798
2520,4,18mo.2mo.activity.log_ratio.max.5kb-20kb.enhancer_DMR,up,0.19795261006856887
2521,4,18mo.2mo.activity.log_ratio.min.5kb-20kb.enhancer_DMR,up,-0.0016507588909745164
2522,4,18mo.2mo.activity.log_ratio.count.5kb-20kb.enhancer_DMR,up,0.143068789353487
2523,4,18mo.9mo.activity.log_ratio.mean.5kb-20kb.enhancer_DMR,up,0.008750055393516785
2524,4,18mo.9mo.activity.log_ratio.median.5kb-20kb.enhancer_DMR,up,-0.17261816952436368
2525,4,18mo.9mo.activity.log_ratio.max.5kb-20kb.enhancer_DMR,up,0.19743216587179552
2526,4,18mo.9mo.activity.log_ratio.min.5kb-20kb.enhancer_DMR,up,-0.02823429920071742
2527,4,18mo.9mo.activity.log_ratio.count.5kb-20kb.enhancer_DMR,up,-0.014373862247983796
2528,4,9mo.2mo.contact.log_ratio.mean.5kb-20kb.enhancer_DMR,up,-0.04819646506088613
2529,4,9mo.2mo.contact.log_ratio.median.5kb-20kb.enhancer_DMR,up,0.03338266182465699
2530,4,9mo.2mo.contact.log_ratio.max.5kb-20kb.enhancer_DMR,up,0.2757823928717181
2531,4,9mo.2mo.contact.log_ratio.min.5kb-20kb.enhancer_DMR,up,-0.020068371244220132
2532,4,9mo.2mo.contact.log_ratio.count.5kb-20kb.enhancer_DMR,up,-0.17386087980945356
2533,4,18mo.2mo.contact.log_ratio.mean.5kb-20kb.enhancer_DMR,up,-0.16918137707473574
2534,4,18mo.2mo.contact.log_ratio.median.5kb-20kb.enhancer_DMR,up,-0.4080662992398894
2535,4,18mo.2mo.contact.log_ratio.max.5kb-20kb.enhancer_DMR,up,0.07355474297820891
2536,4,18mo.2mo.contact.log_ratio.min.5kb-20kb.enhancer_DMR,up,0.16085722895661808
2537,4,18mo.2mo.contact.log_ratio.count.5kb-20kb.enhancer_DMR,up,0.143068789353487
2538,4,18mo.9mo.contact.log_ratio.mean.5kb-20kb.enhancer_DMR,up,0.028795397732831664
2539,4,18mo.9mo.contact.log_ratio.median.5kb-20kb.enhancer_DMR,up,-0.004607266494179169
2540,4,18mo.9mo.contact.log_ratio.max.5kb-20kb.enhancer_DMR,up,0.18028538748459452
2541,4,18mo.9mo.contact.log_ratio.min.5kb-20kb.enhancer_DMR,up,0.07011622366837832
2542,4,18mo.9mo.contact.log_ratio.count.5kb-20kb.enhancer_DMR,up,-0.014373862247983796
2543,4,9mo.2mo.activity.log_ratio.count.20kb-5Mb.enhancer_DMR,up,0.013775538930251857
2544,4,18mo.2mo.activity.log_ratio.count.20kb-5Mb.enhancer_DMR,up,0.07622488024889164
2545,4,18mo.9mo.activity.log_ratio.count.20kb-5Mb.enhancer_DMR,up,-0.1288583090089072
2546,4,9mo.2mo.contact.log_ratio.count.20kb-5Mb.enhancer_DMR,up,0.013775538930251857
2547,4,18mo.2mo.contact.log_ratio.count.20kb-5Mb.enhancer_DMR,up,0.07622488024889164
2548,4,18mo.9mo.contact.log_ratio.count.20kb-5Mb.enhancer_DMR,up,-0.1288583090089072
2549,4,count.enhancer_DMR,up,-0.14120045417137286
2550,4,9mo.2mo.activity.log_ratio.count.0-5kb.enhancer_peak,up,3.0460374017027124e-05
2551,4,18mo.2mo.activity.log_ratio.count.0-5kb.enhancer_peak,up,0.11810383322259906
2552,4,18mo.9mo.activity.log_ratio.count.0-5kb.enhancer_peak,up,0.03680297643471494
2553,4,9mo.2mo.contact.log_ratio.count.0-5kb.enhancer_peak,up,3.0460374017027124e-05
2554,4,18mo.2mo.contact.log_ratio.count.0-5kb.enhancer_peak,up,0.11810383322259906
2555,4,18mo.9mo.contact.log_ratio.count.0-5kb.enhancer_peak,up,0.03680297643471494
2556,4,9mo.2mo.activity.log_ratio.count.5kb-20kb.enhancer_peak,up,0.05747768042005017
2557,4,18mo.2mo.activity.log_ratio.count.5kb-20kb.enhancer_peak,up,-0.03933228511732946
2558,4,18mo.9mo.activity.log_ratio.count.5kb-20kb.enhancer_peak,up,0.1177990612302408
2559,4,9mo.2mo.contact.log_ratio.count.5kb-20kb.enhancer_peak,up,0.05747768042005017
2560,4,18mo.2mo.contact.log_ratio.count.5kb-20kb.enhancer_peak,up,-0.03933228511732946
2561,4,18mo.9mo.contact.log_ratio.count.5kb-20kb.enhancer_peak,up,0.1177990612302408
2562,4,9mo.2mo.activity.log_ratio.mean.20kb-5Mb.enhancer_peak,up,0.10254650933022436
2563,4,9mo.2mo.activity.log_ratio.median.20kb-5Mb.enhancer_peak,up,-0.13484452007321432
2564,4,9mo.2mo.activity.log_ratio.std.20kb-5Mb.enhancer_peak,up,0.10574893696668754
2565,4,9mo.2mo.activity.log_ratio.max.20kb-5Mb.enhancer_peak,up,-0.07384313263578453
2566,4,9mo.2mo.activity.log_ratio.min.20kb-5Mb.enhancer_peak,up,0.24242026340084324
2567,4,9mo.2mo.activity.log_ratio.count.20kb-5Mb.enhancer_peak,up,0.08115008579449236
2568,4,18mo.2mo.activity.log_ratio.mean.20kb-5Mb.enhancer_peak,up,-0.19060987849941416
2569,4,18mo.2mo.activity.log_ratio.median.20kb-5Mb.enhancer_peak,up,0.28376163251447556
2570,4,18mo.2mo.activity.log_ratio.std.20kb-5Mb.enhancer_peak,up,-0.2191892328586712
2571,4,18mo.2mo.activity.log_ratio.max.20kb-5Mb.enhancer_peak,up,0.2189105066460013
2572,4,18mo.2mo.activity.log_ratio.min.20kb-5Mb.enhancer_peak,up,-0.22821779140084508
2573,4,18mo.2mo.activity.log_ratio.count.20kb-5Mb.enhancer_peak,up,0.07605874271832003
2574,4,18mo.9mo.activity.log_ratio.mean.20kb-5Mb.enhancer_peak,up,0.10602761122646004
2575,4,18mo.9mo.activity.log_ratio.median.20kb-5Mb.enhancer_peak,up,-0.17724968757085016
2576,4,18mo.9mo.activity.log_ratio.std.20kb-5Mb.enhancer_peak,up,0.09658327925548746
2577,4,18mo.9mo.activity.log_ratio.max.20kb-5Mb.enhancer_peak,up,-0.17728153302145466
2578,4,18mo.9mo.activity.log_ratio.min.20kb-5Mb.enhancer_peak,up,0.26906448867564314
2579,4,18mo.9mo.activity.log_ratio.count.20kb-5Mb.enhancer_peak,up,0.08336249751589953
2580,4,9mo.2mo.contact.log_ratio.mean.20kb-5Mb.enhancer_peak,up,-0.1458744112353108
2581,4,9mo.2mo.contact.log_ratio.median.20kb-5Mb.enhancer_peak,up,0.05847346005795694
2582,4,9mo.2mo.contact.log_ratio.std.20kb-5Mb.enhancer_peak,up,0.1520554159075269
2583,4,9mo.2mo.contact.log_ratio.max.20kb-5Mb.enhancer_peak,up,-0.3615509647894851
2584,4,9mo.2mo.contact.log_ratio.min.20kb-5Mb.enhancer_peak,up,0.34857735741171936
2585,4,9mo.2mo.contact.log_ratio.count.20kb-5Mb.enhancer_peak,up,0.08115008579449236
2586,4,18mo.2mo.contact.log_ratio.mean.20kb-5Mb.enhancer_peak,up,0.02426312826322149
2587,4,18mo.2mo.contact.log_ratio.median.20kb-5Mb.enhancer_peak,up,-0.27657606767153364
2588,4,18mo.2mo.contact.log_ratio.std.20kb-5Mb.enhancer_peak,up,0.3091258523316621
2589,4,18mo.2mo.contact.log_ratio.max.20kb-5Mb.enhancer_peak,up,0.05575426430406451
2590,4,18mo.2mo.contact.log_ratio.min.20kb-5Mb.enhancer_peak,up,0.3198696464823499
2591,4,18mo.2mo.contact.log_ratio.count.20kb-5Mb.enhancer_peak,up,0.07605874271832003
2592,4,18mo.9mo.contact.log_ratio.mean.20kb-5Mb.enhancer_peak,up,-0.18560748579027966
2593,4,18mo.9mo.contact.log_ratio.median.20kb-5Mb.enhancer_peak,up,0.19145446539458136
2594,4,18mo.9mo.contact.log_ratio.std.20kb-5Mb.enhancer_peak,up,0.07154260030040142
2595,4,18mo.9mo.contact.log_ratio.max.20kb-5Mb.enhancer_peak,up,0.04053255765832856
2596,4,18mo.9mo.contact.log_ratio.min.20kb-5Mb.enhancer_peak,up,-0.18364469412867346
2597,4,18mo.9mo.contact.log_ratio.count.20kb-5Mb.enhancer_peak,up,0.08336249751589953
2598,4,count.enhancer_peak,up,0.1632195154271777
2599,4,rel_pos.DAR,up,-0.12959471236460382
2600,4,9mo.2mo.log_ratio.DAR,up,0.026104572015189162
2601,4,18mo.9mo.log_ratio.DAR,up,-0.03344600305418167
2602,4,18mo.2mo.log_ratio.DAR,up,0.01237787872641168
2603,4,count.DAR,up,0.17257377682677078
2604,4,size.log2.DMR,up,0.03716109539433658
2605,4,rel_pos.DMR,up,0.02719271026744943
2606,4,9mo.2mo.log_ratio.DMR,up,0.03869131496838947
2607,4,18mo.9mo.log_ratio.DMR,up,-0.09269631599005294
2608,4,18mo.2mo.log_ratio.DMR,up,-0.020915146845582055
2609,4,distance.log2.DMR,up,-0.03241220949992527
2610,4,count.DMR,up,-0.07668617469539438
2611,4,Qanova.mean.loops,up,-0.3244748054639086
2612,4,Qanova.median.loops,up,0.1462844130291283
2613,4,Qanova.std.loops,up,0.015021239407869213
2614,4,Qanova.max.loops,up,-0.14877460156875658
2615,4,Qanova.min.loops,up,0.21494892142052457
2616,4,Tanova.mean.loops,up,-0.24221624529729593
2617,4,Tanova.median.loops,up,0.1744561019129132
2618,4,Tanova.std.loops,up,0.24100313655448094
2619,4,Tanova.max.loops,up,0.14317671754723993
2620,4,Tanova.min.loops,up,-0.21858309928890804
2621,4,9mo.2mo.Q.mean.loops,up,0.1396853560421138
2622,4,9mo.2mo.Q.median.loops,up,-0.08970257664735375
2623,4,9mo.2mo.Q.std.loops,up,0.10965882308663237
2624,4,9mo.2mo.Q.max.loops,up,0.0886194654708
2625,4,9mo.2mo.Q.min.loops,up,0.03400904353538929
2626,4,18mo.9mo.Q.mean.loops,up,-0.03008405812853126
2627,4,18mo.9mo.Q.median.loops,up,-0.16344407822459606
2628,4,18mo.9mo.Q.std.loops,up,-0.27264383236177503
2629,4,18mo.9mo.Q.max.loops,up,0.2925700851163135
2630,4,18mo.9mo.Q.min.loops,up,-0.0565589752831763
2631,4,18mo.2mo.Q.mean.loops,up,0.07543989303045205
2632,4,18mo.2mo.Q.median.loops,up,0.06428971054133188
2633,4,18mo.2mo.Q.std.loops,up,-0.012215402010418555
2634,4,18mo.2mo.Q.max.loops,up,0.24161509429614475
2635,4,18mo.2mo.Q.min.loops,up,-0.42626488694528725
2636,4,9mo.2mo.T.mean.loops,up,0.04826558316394202
2637,4,9mo.2mo.T.median.loops,up,-0.10878981201781132
2638,4,9mo.2mo.T.std.loops,up,0.28991683843957206
2639,4,9mo.2mo.T.max.loops,up,-0.5887255454430861
2640,4,9mo.2mo.T.min.loops,up,0.21327717991827913
2641,4,18mo.9mo.T.mean.loops,up,0.17773317394902996
2642,4,18mo.9mo.T.median.loops,up,-0.12601167221697246
2643,4,18mo.9mo.T.std.loops,up,-0.04516769944714644
2644,4,18mo.9mo.T.max.loops,up,-0.016244717597080016
2645,4,18mo.9mo.T.min.loops,up,-0.3431558515338493
2646,4,18mo.2mo.T.mean.loops,up,0.20567811147361317
2647,4,18mo.2mo.T.median.loops,up,-0.07611090103448857
2648,4,18mo.2mo.T.std.loops,up,0.24926564220699066
2649,4,18mo.2mo.T.max.loops,up,-0.17345641690874974
2650,4,18mo.2mo.T.min.loops,up,0.35732452596023695
2651,4,loop_size.log.mean.loops,up,-0.3925228033527201
2652,4,loop_size.log.median.loops,up,-0.3974908662361763
2653,4,loop_size.log.std.loops,up,-0.18279772642274528
2654,4,loop_size.log.max.loops,up,-0.4326313241838028
2655,4,loop_size.log.min.loops,up,0.4269499469009019
2656,4,min_distance.log.mean.loops,up,0.12479627793769026
2657,4,min_distance.log.median.loops,up,-0.045887859015691985
2658,4,min_distance.log.std.loops,up,0.2096584737065267
2659,4,min_distance.log.max.loops,up,0.43138616972757704
2660,4,min_distance.log.min.loops,up,0.24921544826278874
2661,4,count.loops,up,0.003445170063913235
2662,4,9mo.2mo.log_ratio.mcg_genebody,up,-0.162179529942197
2663,4,18mo.9mo.log_ratio.mcg_genebody,up,0.033190951745928156
2664,4,18mo.2mo.log_ratio.mcg_genebody,up,-0.20554662796660347
2665,4,9mo.2mo.log_ratio.mch_genebody,up,-0.15556085621191915
2666,4,18mo.9mo.log_ratio.mch_genebody,up,0.048161570716174884
2667,4,18mo.2mo.log_ratio.mch_genebody,up,-0.17638318000783568
2668,4,9mo.2mo.log_ratio.mean.atac,up,0.05878538134219772
2669,4,18mo.9mo.log_ratio.mean.atac,up,-0.11740784315293436
2670,4,18mo.2mo.log_ratio.mean.atac,up,0.005794737401659075
2671,4,log2_distance.mean.atac,up,-0.40192242572260456
2672,4,9mo.2mo.log_ratio.std.atac,up,-0.20297012405121023
2673,4,18mo.9mo.log_ratio.std.atac,up,-0.0891793455138101
2674,4,18mo.2mo.log_ratio.std.atac,up,0.2748370741865764
2675,4,log2_distance.std.atac,up,-0.10604216808166504
2676,4,9mo.2mo.log_ratio.max.atac,up,0.4267656918472548
2677,4,18mo.9mo.log_ratio.max.atac,up,-0.017950345770759258
2678,4,18mo.2mo.log_ratio.max.atac,up,-0.19126393470690528
2679,4,log2_distance.max.atac,up,0.30837861904057323
2680,4,9mo.2mo.log_ratio.min.atac,up,-0.2611745364289764
2681,4,18mo.9mo.log_ratio.min.atac,up,-0.133038625812411
2682,4,18mo.2mo.log_ratio.min.atac,up,0.5625878578611067
2683,4,log2_distance.min.atac,up,0.00973181668233106
2684,4,count.atac,up,-0.250881885689451
