,cv,feature,class,weight
0,0,gene_length.meta,down,-0.49780350048863414
1,0,9mo.2mo.activity.log_ratio.mean.5kb-20kb.enhancer_DMR,down,-0.048457879123962336
2,0,9mo.2mo.activity.log_ratio.median.5kb-20kb.enhancer_DMR,down,0.22745093106497047
3,0,9mo.2mo.activity.log_ratio.max.5kb-20kb.enhancer_DMR,down,-0.08356687259070937
4,0,9mo.2mo.activity.log_ratio.min.5kb-20kb.enhancer_DMR,down,-0.20457967914706246
5,0,9mo.2mo.activity.log_ratio.count.5kb-20kb.enhancer_DMR,down,-0.1103561334750522
6,0,18mo.2mo.activity.log_ratio.mean.5kb-20kb.enhancer_DMR,down,0.007721083416845849
7,0,18mo.2mo.activity.log_ratio.median.5kb-20kb.enhancer_DMR,down,0.03529971509581585
8,0,18mo.2mo.activity.log_ratio.max.5kb-20kb.enhancer_DMR,down,0.025536828613684753
9,0,18mo.2mo.activity.log_ratio.min.5kb-20kb.enhancer_DMR,down,-0.026791058914810175
10,0,18mo.2mo.activity.log_ratio.count.5kb-20kb.enhancer_DMR,down,0.17295669877401557
11,0,18mo.9mo.activity.log_ratio.mean.5kb-20kb.enhancer_DMR,down,-0.0029025360816486508
12,0,18mo.9mo.activity.log_ratio.median.5kb-20kb.enhancer_DMR,down,-0.13635124496766066
13,0,18mo.9mo.activity.log_ratio.max.5kb-20kb.enhancer_DMR,down,0.09784726185193561
14,0,18mo.9mo.activity.log_ratio.min.5kb-20kb.enhancer_DMR,down,0.08352747551924071
15,0,18mo.9mo.activity.log_ratio.count.5kb-20kb.enhancer_DMR,down,-0.056370844624347195
16,0,9mo.2mo.contact.log_ratio.mean.5kb-20kb.enhancer_DMR,down,0.0298624787017516
17,0,9mo.2mo.contact.log_ratio.median.5kb-20kb.enhancer_DMR,down,-0.04537248833065647
18,0,9mo.2mo.contact.log_ratio.max.5kb-20kb.enhancer_DMR,down,0.010864865654706467
19,0,9mo.2mo.contact.log_ratio.min.5kb-20kb.enhancer_DMR,down,0.15866319500930845
20,0,9mo.2mo.contact.log_ratio.count.5kb-20kb.enhancer_DMR,down,-0.1103561334750522
21,0,18mo.2mo.contact.log_ratio.mean.5kb-20kb.enhancer_DMR,down,-0.01408889700879757
22,0,18mo.2mo.contact.log_ratio.median.5kb-20kb.enhancer_DMR,down,-0.0141050474443429
23,0,18mo.2mo.contact.log_ratio.max.5kb-20kb.enhancer_DMR,down,-0.15173141910746593
24,0,18mo.2mo.contact.log_ratio.min.5kb-20kb.enhancer_DMR,down,0.08746529697040202
25,0,18mo.2mo.contact.log_ratio.count.5kb-20kb.enhancer_DMR,down,0.17295669877401557
26,0,18mo.9mo.contact.log_ratio.mean.5kb-20kb.enhancer_DMR,down,-0.000672011571621866
27,0,18mo.9mo.contact.log_ratio.median.5kb-20kb.enhancer_DMR,down,0.06621562785052429
28,0,18mo.9mo.contact.log_ratio.max.5kb-20kb.enhancer_DMR,down,0.2669697402458136
29,0,18mo.9mo.contact.log_ratio.min.5kb-20kb.enhancer_DMR,down,-0.19552673512219698
30,0,18mo.9mo.contact.log_ratio.count.5kb-20kb.enhancer_DMR,down,-0.056370844624347195
31,0,9mo.2mo.activity.log_ratio.mean.20kb-5Mb.enhancer_DMR,down,0.04085340990577328
32,0,9mo.2mo.activity.log_ratio.median.20kb-5Mb.enhancer_DMR,down,-0.10988889434034205
33,0,9mo.2mo.activity.log_ratio.max.20kb-5Mb.enhancer_DMR,down,0.06328003641746187
34,0,9mo.2mo.activity.log_ratio.min.20kb-5Mb.enhancer_DMR,down,0.10203781441772547
35,0,9mo.2mo.activity.log_ratio.count.20kb-5Mb.enhancer_DMR,down,-0.005083887075221887
36,0,18mo.2mo.activity.log_ratio.mean.20kb-5Mb.enhancer_DMR,down,-0.00535215925265786
37,0,18mo.2mo.activity.log_ratio.median.20kb-5Mb.enhancer_DMR,down,0.09807149620302817
38,0,18mo.2mo.activity.log_ratio.max.20kb-5Mb.enhancer_DMR,down,-0.07329809849911367
39,0,18mo.2mo.activity.log_ratio.min.20kb-5Mb.enhancer_DMR,down,0.01108788691788816
40,0,18mo.2mo.activity.log_ratio.count.20kb-5Mb.enhancer_DMR,down,0.01662356699300842
41,0,18mo.9mo.activity.log_ratio.mean.20kb-5Mb.enhancer_DMR,down,0.047603929041509625
42,0,18mo.9mo.activity.log_ratio.median.20kb-5Mb.enhancer_DMR,down,0.11174785077703916
43,0,18mo.9mo.activity.log_ratio.max.20kb-5Mb.enhancer_DMR,down,0.01225785014920716
44,0,18mo.9mo.activity.log_ratio.min.20kb-5Mb.enhancer_DMR,down,-0.12947886761461488
45,0,18mo.9mo.activity.log_ratio.count.20kb-5Mb.enhancer_DMR,down,0.06407921690653132
46,0,9mo.2mo.contact.log_ratio.mean.20kb-5Mb.enhancer_DMR,down,0.012190615821613852
47,0,9mo.2mo.contact.log_ratio.median.20kb-5Mb.enhancer_DMR,down,0.017603514535719338
48,0,9mo.2mo.contact.log_ratio.max.20kb-5Mb.enhancer_DMR,down,0.11619044107064476
49,0,9mo.2mo.contact.log_ratio.min.20kb-5Mb.enhancer_DMR,down,-0.013598142270678732
50,0,9mo.2mo.contact.log_ratio.count.20kb-5Mb.enhancer_DMR,down,-0.005083887075221887
51,0,18mo.2mo.contact.log_ratio.mean.20kb-5Mb.enhancer_DMR,down,-0.043078898283515826
52,0,18mo.2mo.contact.log_ratio.median.20kb-5Mb.enhancer_DMR,down,0.1729295038331763
53,0,18mo.2mo.contact.log_ratio.max.20kb-5Mb.enhancer_DMR,down,-0.031162137914495333
54,0,18mo.2mo.contact.log_ratio.min.20kb-5Mb.enhancer_DMR,down,-0.22602598249471165
55,0,18mo.2mo.contact.log_ratio.count.20kb-5Mb.enhancer_DMR,down,0.01662356699300842
56,0,18mo.9mo.contact.log_ratio.mean.20kb-5Mb.enhancer_DMR,down,0.03188084062960829
57,0,18mo.9mo.contact.log_ratio.median.20kb-5Mb.enhancer_DMR,down,-0.1565124036314484
58,0,18mo.9mo.contact.log_ratio.max.20kb-5Mb.enhancer_DMR,down,-0.12238887621728184
59,0,18mo.9mo.contact.log_ratio.min.20kb-5Mb.enhancer_DMR,down,0.2939220892378878
60,0,18mo.9mo.contact.log_ratio.count.20kb-5Mb.enhancer_DMR,down,0.06407921690653132
61,0,count.enhancer_DMR,down,-0.05847827971405578
62,0,9mo.2mo.activity.log_ratio.count.0-5kb.enhancer_peak,down,0.041432413089194306
63,0,18mo.2mo.activity.log_ratio.count.0-5kb.enhancer_peak,down,1.9382565297360605e-07
64,0,18mo.9mo.activity.log_ratio.count.0-5kb.enhancer_peak,down,-0.011386676132858702
65,0,9mo.2mo.contact.log_ratio.count.0-5kb.enhancer_peak,down,0.041432413089194306
66,0,18mo.2mo.contact.log_ratio.count.0-5kb.enhancer_peak,down,1.9382565297360605e-07
67,0,18mo.9mo.contact.log_ratio.count.0-5kb.enhancer_peak,down,-0.011386676132858702
68,0,9mo.2mo.activity.log_ratio.count.5kb-20kb.enhancer_peak,down,-0.007987004009290602
69,0,18mo.2mo.activity.log_ratio.mean.5kb-20kb.enhancer_peak,down,-0.014906378086859545
70,0,18mo.2mo.activity.log_ratio.median.5kb-20kb.enhancer_peak,down,0.05789527106774244
71,0,18mo.2mo.activity.log_ratio.max.5kb-20kb.enhancer_peak,down,-0.013366824797981415
72,0,18mo.2mo.activity.log_ratio.min.5kb-20kb.enhancer_peak,down,-0.1293052170865568
73,0,18mo.2mo.activity.log_ratio.count.5kb-20kb.enhancer_peak,down,-0.006332452068960315
74,0,18mo.9mo.activity.log_ratio.mean.5kb-20kb.enhancer_peak,down,-0.02864003342964668
75,0,18mo.9mo.activity.log_ratio.median.5kb-20kb.enhancer_peak,down,-0.08667938283465863
76,0,18mo.9mo.activity.log_ratio.max.5kb-20kb.enhancer_peak,down,0.0009207762501485681
77,0,18mo.9mo.activity.log_ratio.min.5kb-20kb.enhancer_peak,down,0.08108712902655694
78,0,18mo.9mo.activity.log_ratio.count.5kb-20kb.enhancer_peak,down,-5.291458486279044e-08
79,0,9mo.2mo.contact.log_ratio.count.5kb-20kb.enhancer_peak,down,-0.007987004009290602
80,0,18mo.2mo.contact.log_ratio.mean.5kb-20kb.enhancer_peak,down,0.026053462691793903
81,0,18mo.2mo.contact.log_ratio.median.5kb-20kb.enhancer_peak,down,0.025899725292166918
82,0,18mo.2mo.contact.log_ratio.max.5kb-20kb.enhancer_peak,down,-0.01493556705075066
83,0,18mo.2mo.contact.log_ratio.min.5kb-20kb.enhancer_peak,down,-0.019141027990727276
84,0,18mo.2mo.contact.log_ratio.count.5kb-20kb.enhancer_peak,down,-0.006332452068960315
85,0,18mo.9mo.contact.log_ratio.mean.5kb-20kb.enhancer_peak,down,-0.0004498627513934632
86,0,18mo.9mo.contact.log_ratio.median.5kb-20kb.enhancer_peak,down,0.05394354418109641
87,0,18mo.9mo.contact.log_ratio.max.5kb-20kb.enhancer_peak,down,-0.023139346638249462
88,0,18mo.9mo.contact.log_ratio.min.5kb-20kb.enhancer_peak,down,0.06245891737963784
89,0,18mo.9mo.contact.log_ratio.count.5kb-20kb.enhancer_peak,down,-5.291458486279044e-08
90,0,9mo.2mo.activity.log_ratio.mean.20kb-5Mb.enhancer_peak,down,0.036943964335474776
91,0,9mo.2mo.activity.log_ratio.median.20kb-5Mb.enhancer_peak,down,0.09346232116679411
92,0,9mo.2mo.activity.log_ratio.std.20kb-5Mb.enhancer_peak,down,0.09514221836390556
93,0,9mo.2mo.activity.log_ratio.max.20kb-5Mb.enhancer_peak,down,-0.06214402637999028
94,0,9mo.2mo.activity.log_ratio.min.20kb-5Mb.enhancer_peak,down,0.08941565563763952
95,0,9mo.2mo.activity.log_ratio.count.20kb-5Mb.enhancer_peak,down,0.017662726284651736
96,0,18mo.2mo.activity.log_ratio.mean.20kb-5Mb.enhancer_peak,down,0.0798115583170622
97,0,18mo.2mo.activity.log_ratio.median.20kb-5Mb.enhancer_peak,down,0.14328713326093745
98,0,18mo.2mo.activity.log_ratio.std.20kb-5Mb.enhancer_peak,down,0.08203280491125084
99,0,18mo.2mo.activity.log_ratio.max.20kb-5Mb.enhancer_peak,down,-0.045149592019098836
100,0,18mo.2mo.activity.log_ratio.min.20kb-5Mb.enhancer_peak,down,-0.01787554428555855
101,0,18mo.2mo.activity.log_ratio.count.20kb-5Mb.enhancer_peak,down,-0.047087022091112186
102,0,18mo.9mo.activity.log_ratio.mean.20kb-5Mb.enhancer_peak,down,-0.08539350029830962
103,0,18mo.9mo.activity.log_ratio.median.20kb-5Mb.enhancer_peak,down,0.0426630114659905
104,0,18mo.9mo.activity.log_ratio.std.20kb-5Mb.enhancer_peak,down,0.006641784594171466
105,0,18mo.9mo.activity.log_ratio.max.20kb-5Mb.enhancer_peak,down,0.0
106,0,18mo.9mo.activity.log_ratio.min.20kb-5Mb.enhancer_peak,down,0.04503763148051611
107,0,18mo.9mo.activity.log_ratio.count.20kb-5Mb.enhancer_peak,down,-0.030669806961556148
108,0,9mo.2mo.contact.log_ratio.mean.20kb-5Mb.enhancer_peak,down,-0.003347209331528643
109,0,9mo.2mo.contact.log_ratio.median.20kb-5Mb.enhancer_peak,down,-0.08724131621823755
110,0,9mo.2mo.contact.log_ratio.std.20kb-5Mb.enhancer_peak,down,-0.23505837971759375
111,0,9mo.2mo.contact.log_ratio.max.20kb-5Mb.enhancer_peak,down,0.3088914856553308
112,0,9mo.2mo.contact.log_ratio.min.20kb-5Mb.enhancer_peak,down,-0.042093232265952726
113,0,9mo.2mo.contact.log_ratio.count.20kb-5Mb.enhancer_peak,down,0.017662726284651736
114,0,18mo.2mo.contact.log_ratio.mean.20kb-5Mb.enhancer_peak,down,-0.07027081802598703
115,0,18mo.2mo.contact.log_ratio.median.20kb-5Mb.enhancer_peak,down,0.10942419857068575
116,0,18mo.2mo.contact.log_ratio.std.20kb-5Mb.enhancer_peak,down,-0.02813877047085958
117,0,18mo.2mo.contact.log_ratio.max.20kb-5Mb.enhancer_peak,down,0.048424097293494985
118,0,18mo.2mo.contact.log_ratio.min.20kb-5Mb.enhancer_peak,down,-0.11884055790636279
119,0,18mo.2mo.contact.log_ratio.count.20kb-5Mb.enhancer_peak,down,-0.047087022091112186
120,0,18mo.9mo.contact.log_ratio.mean.20kb-5Mb.enhancer_peak,down,-0.09824392954262047
121,0,18mo.9mo.contact.log_ratio.median.20kb-5Mb.enhancer_peak,down,0.060683158447458835
122,0,18mo.9mo.contact.log_ratio.std.20kb-5Mb.enhancer_peak,down,-0.08080570962800832
123,0,18mo.9mo.contact.log_ratio.max.20kb-5Mb.enhancer_peak,down,0.1730174904793098
124,0,18mo.9mo.contact.log_ratio.min.20kb-5Mb.enhancer_peak,down,-0.013962814660988141
125,0,18mo.9mo.contact.log_ratio.count.20kb-5Mb.enhancer_peak,down,-0.030669806961556148
126,0,count.enhancer_peak,down,-0.025924624452228238
127,0,rel_pos.DAR,down,-0.07609618532090914
128,0,9mo.2mo.log_ratio.DAR,down,-0.035453997697905304
129,0,18mo.9mo.log_ratio.DAR,down,0.005215220142997698
130,0,18mo.2mo.log_ratio.DAR,down,-0.015031355953796148
131,0,count.DAR,down,0.06250454048160355
132,0,size.log2.DMR,down,0.13857999908545593
133,0,rel_pos.DMR,down,-0.10286356840615651
134,0,9mo.2mo.log_ratio.DMR,down,-0.024679571794869314
135,0,18mo.9mo.log_ratio.DMR,down,0.0
136,0,18mo.2mo.log_ratio.DMR,down,-0.010527080326409925
137,0,distance.log2.DMR,down,0.00428291166113421
138,0,count.DMR,down,-0.05192214895551956
139,0,Qanova.mean.loops,down,-0.09139452838474964
140,0,Qanova.median.loops,down,0.16107732147220793
141,0,Qanova.std.loops,down,-0.10083562452611909
142,0,Qanova.max.loops,down,-0.07973249813764498
143,0,Qanova.min.loops,down,0.05775881686936807
144,0,Tanova.mean.loops,down,-0.09293644106971402
145,0,Tanova.median.loops,down,0.0351396220889348
146,0,Tanova.std.loops,down,0.0156129538365351
147,0,Tanova.max.loops,down,-0.10877627850337047
148,0,Tanova.min.loops,down,-0.06817314810692865
149,0,9mo.2mo.Q.mean.loops,down,-0.4519387636345197
150,0,9mo.2mo.Q.median.loops,down,0.25657190667055507
151,0,9mo.2mo.Q.std.loops,down,0.09575640523452776
152,0,9mo.2mo.Q.max.loops,down,0.11159438269267494
153,0,9mo.2mo.Q.min.loops,down,0.11086333687869478
154,0,18mo.9mo.Q.mean.loops,down,0.03286946161673116
155,0,18mo.9mo.Q.median.loops,down,-0.07442621013713827
156,0,18mo.9mo.Q.std.loops,down,-0.01271864201032525
157,0,18mo.9mo.Q.max.loops,down,0.10358508992394184
158,0,18mo.9mo.Q.min.loops,down,-0.20652134164418617
159,0,18mo.2mo.Q.mean.loops,down,-0.26735866370590466
160,0,18mo.2mo.Q.median.loops,down,0.3035956147989682
161,0,18mo.2mo.Q.std.loops,down,0.07153943131609629
162,0,18mo.2mo.Q.max.loops,down,0.07503064211264115
163,0,18mo.2mo.Q.min.loops,down,0.08491945495553338
164,0,9mo.2mo.T.mean.loops,down,0.07843813302713423
165,0,9mo.2mo.T.median.loops,down,-0.02308474862409973
166,0,9mo.2mo.T.std.loops,down,0.05547624577375231
167,0,9mo.2mo.T.max.loops,down,-0.08360672383083206
168,0,9mo.2mo.T.min.loops,down,0.016506067362535105
169,0,18mo.9mo.T.mean.loops,down,0.05695284959752162
170,0,18mo.9mo.T.median.loops,down,-0.029512715556536024
171,0,18mo.9mo.T.std.loops,down,0.17211942455675316
172,0,18mo.9mo.T.max.loops,down,0.04164983140132601
173,0,18mo.9mo.T.min.loops,down,0.11002257576327439
174,0,18mo.2mo.T.mean.loops,down,0.1270592033281258
175,0,18mo.2mo.T.median.loops,down,-0.2627370012401351
176,0,18mo.2mo.T.std.loops,down,-0.042362831456484375
177,0,18mo.2mo.T.max.loops,down,0.0465788547465023
178,0,18mo.2mo.T.min.loops,down,0.1089523280158703
179,0,loop_size.log.mean.loops,down,0.1392992426952946
180,0,loop_size.log.median.loops,down,-0.0022587384330560204
181,0,loop_size.log.std.loops,down,0.07108439696842107
182,0,loop_size.log.max.loops,down,0.146056445784544
183,0,loop_size.log.min.loops,down,0.0023878109510026635
184,0,min_distance.log.mean.loops,down,-0.10196611920119131
185,0,min_distance.log.median.loops,down,-0.15081862015306507
186,0,min_distance.log.std.loops,down,-0.18035162447499795
187,0,min_distance.log.max.loops,down,-0.13678075222923122
188,0,min_distance.log.min.loops,down,0.017295544103418367
189,0,count.loops,down,0.19492836476301237
190,0,9mo.2mo.log_ratio.mcg_genebody,down,0.06649357468191529
191,0,18mo.9mo.log_ratio.mcg_genebody,down,-0.060043852169601376
192,0,18mo.2mo.log_ratio.mcg_genebody,down,0.04986264869373765
193,0,9mo.2mo.log_ratio.mch_genebody,down,0.024018408473557035
194,0,18mo.9mo.log_ratio.mch_genebody,down,0.0010430629773852465
195,0,18mo.2mo.log_ratio.mch_genebody,down,0.04734925169172968
196,0,9mo.2mo.log_ratio.mean.atac,down,-0.29530109862147363
197,0,18mo.9mo.log_ratio.mean.atac,down,-0.004961507473403054
198,0,18mo.2mo.log_ratio.mean.atac,down,-0.2821084489683836
199,0,log2_distance.mean.atac,down,0.20205928791712485
200,0,9mo.2mo.log_ratio.std.atac,down,0.04039023294705652
201,0,18mo.9mo.log_ratio.std.atac,down,-0.038051195885724934
202,0,18mo.2mo.log_ratio.std.atac,down,-0.0765793604081227
203,0,log2_distance.std.atac,down,-0.16764083302972377
204,0,9mo.2mo.log_ratio.max.atac,down,-0.015784629176496798
205,0,18mo.9mo.log_ratio.max.atac,down,0.022793924751830025
206,0,18mo.2mo.log_ratio.max.atac,down,6.791905955257362e-07
207,0,log2_distance.max.atac,down,-0.03231554334564348
208,0,9mo.2mo.log_ratio.min.atac,down,0.19090331254161425
209,0,18mo.9mo.log_ratio.min.atac,down,-0.07589453457127712
210,0,18mo.2mo.log_ratio.min.atac,down,-0.13109353996770146
211,0,log2_distance.min.atac,down,-0.11316489757436257
212,0,count.atac,down,0.3288861115032594
213,1,gene_length.meta,down,-0.6478248318860489
214,1,9mo.2mo.activity.log_ratio.mean.5kb-20kb.enhancer_DMR,down,-0.001861853149374428
215,1,9mo.2mo.activity.log_ratio.median.5kb-20kb.enhancer_DMR,down,0.23351653701474934
216,1,9mo.2mo.activity.log_ratio.max.5kb-20kb.enhancer_DMR,down,-0.0787305493974951
217,1,9mo.2mo.activity.log_ratio.min.5kb-20kb.enhancer_DMR,down,-0.024921760828045248
218,1,9mo.2mo.activity.log_ratio.count.5kb-20kb.enhancer_DMR,down,-0.052329041790339995
219,1,18mo.2mo.activity.log_ratio.mean.5kb-20kb.enhancer_DMR,down,-0.06699179817685874
220,1,18mo.2mo.activity.log_ratio.median.5kb-20kb.enhancer_DMR,down,0.009118446711588327
221,1,18mo.2mo.activity.log_ratio.max.5kb-20kb.enhancer_DMR,down,-0.05059784541762081
222,1,18mo.2mo.activity.log_ratio.min.5kb-20kb.enhancer_DMR,down,-0.036433525268354146
223,1,18mo.2mo.activity.log_ratio.count.5kb-20kb.enhancer_DMR,down,0.1569313553938539
224,1,18mo.9mo.activity.log_ratio.mean.5kb-20kb.enhancer_DMR,down,0.10606458996457978
225,1,18mo.9mo.activity.log_ratio.median.5kb-20kb.enhancer_DMR,down,0.05194569022240607
226,1,18mo.9mo.activity.log_ratio.max.5kb-20kb.enhancer_DMR,down,0.04565260368221353
227,1,18mo.9mo.activity.log_ratio.min.5kb-20kb.enhancer_DMR,down,-0.05254002643662301
228,1,18mo.9mo.activity.log_ratio.count.5kb-20kb.enhancer_DMR,down,-0.0990886768023653
229,1,9mo.2mo.contact.log_ratio.mean.5kb-20kb.enhancer_DMR,down,-0.0027046724654142856
230,1,9mo.2mo.contact.log_ratio.median.5kb-20kb.enhancer_DMR,down,-0.11494934252760781
231,1,9mo.2mo.contact.log_ratio.max.5kb-20kb.enhancer_DMR,down,0.020569189349580824
232,1,9mo.2mo.contact.log_ratio.min.5kb-20kb.enhancer_DMR,down,0.17481036319407503
233,1,9mo.2mo.contact.log_ratio.count.5kb-20kb.enhancer_DMR,down,-0.052329041790339995
234,1,18mo.2mo.contact.log_ratio.mean.5kb-20kb.enhancer_DMR,down,0.0018399192038259474
235,1,18mo.2mo.contact.log_ratio.median.5kb-20kb.enhancer_DMR,down,0.1695576935869193
236,1,18mo.2mo.contact.log_ratio.max.5kb-20kb.enhancer_DMR,down,-0.129436565888158
237,1,18mo.2mo.contact.log_ratio.min.5kb-20kb.enhancer_DMR,down,0.0006806365199619815
238,1,18mo.2mo.contact.log_ratio.count.5kb-20kb.enhancer_DMR,down,0.1569313553938539
239,1,18mo.9mo.contact.log_ratio.mean.5kb-20kb.enhancer_DMR,down,-0.000469405735301439
240,1,18mo.9mo.contact.log_ratio.median.5kb-20kb.enhancer_DMR,down,0.12586929128544594
241,1,18mo.9mo.contact.log_ratio.max.5kb-20kb.enhancer_DMR,down,0.07715535649340828
242,1,18mo.9mo.contact.log_ratio.min.5kb-20kb.enhancer_DMR,down,-0.15683311839361125
243,1,18mo.9mo.contact.log_ratio.count.5kb-20kb.enhancer_DMR,down,-0.0990886768023653
244,1,9mo.2mo.activity.log_ratio.mean.20kb-5Mb.enhancer_DMR,down,0.0945470622841859
245,1,9mo.2mo.activity.log_ratio.median.20kb-5Mb.enhancer_DMR,down,-0.08196655002020584
246,1,9mo.2mo.activity.log_ratio.max.20kb-5Mb.enhancer_DMR,down,-0.05397959429752618
247,1,9mo.2mo.activity.log_ratio.min.20kb-5Mb.enhancer_DMR,down,0.10945640158225735
248,1,9mo.2mo.activity.log_ratio.count.20kb-5Mb.enhancer_DMR,down,-0.03855106668138256
249,1,18mo.2mo.activity.log_ratio.mean.20kb-5Mb.enhancer_DMR,down,0.1564464689100921
250,1,18mo.2mo.activity.log_ratio.median.20kb-5Mb.enhancer_DMR,down,-0.0948513006202945
251,1,18mo.2mo.activity.log_ratio.max.20kb-5Mb.enhancer_DMR,down,-0.03318973320771467
252,1,18mo.2mo.activity.log_ratio.min.20kb-5Mb.enhancer_DMR,down,-0.02844737438532856
253,1,18mo.2mo.activity.log_ratio.count.20kb-5Mb.enhancer_DMR,down,0.010137963742813857
254,1,18mo.9mo.activity.log_ratio.mean.20kb-5Mb.enhancer_DMR,down,0.10426717594009556
255,1,18mo.9mo.activity.log_ratio.median.20kb-5Mb.enhancer_DMR,down,0.04238806625730137
256,1,18mo.9mo.activity.log_ratio.max.20kb-5Mb.enhancer_DMR,down,0.026274136235168038
257,1,18mo.9mo.activity.log_ratio.min.20kb-5Mb.enhancer_DMR,down,-0.09579347796624721
258,1,18mo.9mo.activity.log_ratio.count.20kb-5Mb.enhancer_DMR,down,0.09605664644422264
259,1,9mo.2mo.contact.log_ratio.mean.20kb-5Mb.enhancer_DMR,down,0.16345961504088055
260,1,9mo.2mo.contact.log_ratio.median.20kb-5Mb.enhancer_DMR,down,0.1509024749378529
261,1,9mo.2mo.contact.log_ratio.max.20kb-5Mb.enhancer_DMR,down,-0.09215398342318622
262,1,9mo.2mo.contact.log_ratio.min.20kb-5Mb.enhancer_DMR,down,-0.19528888984649798
263,1,9mo.2mo.contact.log_ratio.count.20kb-5Mb.enhancer_DMR,down,-0.03855106668138256
264,1,18mo.2mo.contact.log_ratio.mean.20kb-5Mb.enhancer_DMR,down,-0.009534626789633962
265,1,18mo.2mo.contact.log_ratio.median.20kb-5Mb.enhancer_DMR,down,0.06394722226995694
266,1,18mo.2mo.contact.log_ratio.max.20kb-5Mb.enhancer_DMR,down,-0.027362468458587384
267,1,18mo.2mo.contact.log_ratio.min.20kb-5Mb.enhancer_DMR,down,-0.10935607944593805
268,1,18mo.2mo.contact.log_ratio.count.20kb-5Mb.enhancer_DMR,down,0.010137963742813857
269,1,18mo.9mo.contact.log_ratio.mean.20kb-5Mb.enhancer_DMR,down,0.0030224946728866667
270,1,18mo.9mo.contact.log_ratio.median.20kb-5Mb.enhancer_DMR,down,-0.21545463461883252
271,1,18mo.9mo.contact.log_ratio.max.20kb-5Mb.enhancer_DMR,down,0.013119883429905686
272,1,18mo.9mo.contact.log_ratio.min.20kb-5Mb.enhancer_DMR,down,0.19276561796986144
273,1,18mo.9mo.contact.log_ratio.count.20kb-5Mb.enhancer_DMR,down,0.09605664644422264
274,1,count.enhancer_DMR,down,-0.033632214534533036
275,1,9mo.2mo.activity.log_ratio.count.0-5kb.enhancer_peak,down,0.049036637679261086
276,1,18mo.2mo.activity.log_ratio.count.0-5kb.enhancer_peak,down,-0.01761173554849355
277,1,18mo.9mo.activity.log_ratio.count.0-5kb.enhancer_peak,down,-0.026273434897051025
278,1,9mo.2mo.contact.log_ratio.count.0-5kb.enhancer_peak,down,0.049036637679261086
279,1,18mo.2mo.contact.log_ratio.count.0-5kb.enhancer_peak,down,-0.01761173554849355
280,1,18mo.9mo.contact.log_ratio.count.0-5kb.enhancer_peak,down,-0.026273434897051025
281,1,9mo.2mo.activity.log_ratio.count.5kb-20kb.enhancer_peak,down,0.01059538740040868
282,1,18mo.2mo.activity.log_ratio.mean.5kb-20kb.enhancer_peak,down,-0.012658120087355416
283,1,18mo.2mo.activity.log_ratio.median.5kb-20kb.enhancer_peak,down,-0.0029881684078984596
284,1,18mo.2mo.activity.log_ratio.max.5kb-20kb.enhancer_peak,down,0.042911143386551526
285,1,18mo.2mo.activity.log_ratio.min.5kb-20kb.enhancer_peak,down,-0.03651789379196664
286,1,18mo.2mo.activity.log_ratio.count.5kb-20kb.enhancer_peak,down,-0.001455633803659511
287,1,18mo.9mo.activity.log_ratio.mean.5kb-20kb.enhancer_peak,down,1.2347895651678334e-05
288,1,18mo.9mo.activity.log_ratio.median.5kb-20kb.enhancer_peak,down,-0.21458443440418506
289,1,18mo.9mo.activity.log_ratio.max.5kb-20kb.enhancer_peak,down,0.13074642657907373
290,1,18mo.9mo.activity.log_ratio.min.5kb-20kb.enhancer_peak,down,0.04092686147949027
291,1,18mo.9mo.activity.log_ratio.count.5kb-20kb.enhancer_peak,down,-0.07188381278820086
292,1,9mo.2mo.contact.log_ratio.count.5kb-20kb.enhancer_peak,down,0.01059538740040868
293,1,18mo.2mo.contact.log_ratio.mean.5kb-20kb.enhancer_peak,down,0.025313968236173833
294,1,18mo.2mo.contact.log_ratio.median.5kb-20kb.enhancer_peak,down,0.054125771397410975
295,1,18mo.2mo.contact.log_ratio.max.5kb-20kb.enhancer_peak,down,0.031431465871413995
296,1,18mo.2mo.contact.log_ratio.min.5kb-20kb.enhancer_peak,down,-0.09938532971893221
297,1,18mo.2mo.contact.log_ratio.count.5kb-20kb.enhancer_peak,down,-0.001455633803659511
298,1,18mo.9mo.contact.log_ratio.mean.5kb-20kb.enhancer_peak,down,-0.0017888957116817018
299,1,18mo.9mo.contact.log_ratio.median.5kb-20kb.enhancer_peak,down,0.03304722949900957
300,1,18mo.9mo.contact.log_ratio.max.5kb-20kb.enhancer_peak,down,-0.061209469300743606
301,1,18mo.9mo.contact.log_ratio.min.5kb-20kb.enhancer_peak,down,0.015236431956703406
302,1,18mo.9mo.contact.log_ratio.count.5kb-20kb.enhancer_peak,down,-0.07188381278820086
303,1,9mo.2mo.activity.log_ratio.mean.20kb-5Mb.enhancer_peak,down,-0.04829315533839433
304,1,9mo.2mo.activity.log_ratio.median.20kb-5Mb.enhancer_peak,down,-0.07521588041782336
305,1,9mo.2mo.activity.log_ratio.std.20kb-5Mb.enhancer_peak,down,0.20909665794411483
306,1,9mo.2mo.activity.log_ratio.max.20kb-5Mb.enhancer_peak,down,0.07234296330460879
307,1,9mo.2mo.activity.log_ratio.min.20kb-5Mb.enhancer_peak,down,0.21950353247007082
308,1,9mo.2mo.activity.log_ratio.count.20kb-5Mb.enhancer_peak,down,-0.010415480338089917
309,1,18mo.2mo.activity.log_ratio.mean.20kb-5Mb.enhancer_peak,down,0.05852464568668406
310,1,18mo.2mo.activity.log_ratio.median.20kb-5Mb.enhancer_peak,down,-0.026314716206502695
311,1,18mo.2mo.activity.log_ratio.std.20kb-5Mb.enhancer_peak,down,-0.010513796185613896
312,1,18mo.2mo.activity.log_ratio.max.20kb-5Mb.enhancer_peak,down,0.03856918585894593
313,1,18mo.2mo.activity.log_ratio.min.20kb-5Mb.enhancer_peak,down,0.007202787452041076
314,1,18mo.2mo.activity.log_ratio.count.20kb-5Mb.enhancer_peak,down,0.035306512301904666
315,1,18mo.9mo.activity.log_ratio.mean.20kb-5Mb.enhancer_peak,down,-0.00339682698830068
316,1,18mo.9mo.activity.log_ratio.median.20kb-5Mb.enhancer_peak,down,-0.007966767350799209
317,1,18mo.9mo.activity.log_ratio.std.20kb-5Mb.enhancer_peak,down,0.09669919223409595
318,1,18mo.9mo.activity.log_ratio.max.20kb-5Mb.enhancer_peak,down,-0.11078436213369684
319,1,18mo.9mo.activity.log_ratio.min.20kb-5Mb.enhancer_peak,down,0.14320225715207663
320,1,18mo.9mo.activity.log_ratio.count.20kb-5Mb.enhancer_peak,down,-0.03380250884944627
321,1,9mo.2mo.contact.log_ratio.mean.20kb-5Mb.enhancer_peak,down,0.034619571878088826
322,1,9mo.2mo.contact.log_ratio.median.20kb-5Mb.enhancer_peak,down,-0.16739483329553753
323,1,9mo.2mo.contact.log_ratio.std.20kb-5Mb.enhancer_peak,down,-0.19998953416968035
324,1,9mo.2mo.contact.log_ratio.max.20kb-5Mb.enhancer_peak,down,0.24161295242507896
325,1,9mo.2mo.contact.log_ratio.min.20kb-5Mb.enhancer_peak,down,-0.0006849029552577253
326,1,9mo.2mo.contact.log_ratio.count.20kb-5Mb.enhancer_peak,down,-0.010415480338089917
327,1,18mo.2mo.contact.log_ratio.mean.20kb-5Mb.enhancer_peak,down,-0.06209605535739292
328,1,18mo.2mo.contact.log_ratio.median.20kb-5Mb.enhancer_peak,down,0.00020391488610688074
329,1,18mo.2mo.contact.log_ratio.std.20kb-5Mb.enhancer_peak,down,0.07874382598108165
330,1,18mo.2mo.contact.log_ratio.max.20kb-5Mb.enhancer_peak,down,0.011707714716460024
331,1,18mo.2mo.contact.log_ratio.min.20kb-5Mb.enhancer_peak,down,0.05056517497020287
332,1,18mo.2mo.contact.log_ratio.count.20kb-5Mb.enhancer_peak,down,0.035306512301904666
333,1,18mo.9mo.contact.log_ratio.mean.20kb-5Mb.enhancer_peak,down,-0.14229321036583018
334,1,18mo.9mo.contact.log_ratio.median.20kb-5Mb.enhancer_peak,down,-0.08085042987106471
335,1,18mo.9mo.contact.log_ratio.std.20kb-5Mb.enhancer_peak,down,-0.032550703606759324
336,1,18mo.9mo.contact.log_ratio.max.20kb-5Mb.enhancer_peak,down,0.27634148292741767
337,1,18mo.9mo.contact.log_ratio.min.20kb-5Mb.enhancer_peak,down,0.09364350867952415
338,1,18mo.9mo.contact.log_ratio.count.20kb-5Mb.enhancer_peak,down,-0.03380250884944627
339,1,count.enhancer_peak,down,-0.02183736469549165
340,1,rel_pos.DAR,down,-0.003743741915723221
341,1,9mo.2mo.log_ratio.DAR,down,-0.05107795837713212
342,1,18mo.9mo.log_ratio.DAR,down,-0.00837013423274092
343,1,18mo.2mo.log_ratio.DAR,down,-0.044548304342454915
344,1,count.DAR,down,-0.010115611888117146
345,1,size.log2.DMR,down,0.3553200752146736
346,1,rel_pos.DMR,down,-0.11271453433962336
347,1,9mo.2mo.log_ratio.DMR,down,-0.02834229030097801
348,1,18mo.9mo.log_ratio.DMR,down,0.00012754748781782025
349,1,18mo.2mo.log_ratio.DMR,down,-0.006753005933094245
350,1,distance.log2.DMR,down,-0.2117977661764086
351,1,count.DMR,down,-0.10001586552447066
352,1,Qanova.mean.loops,down,-0.07696259789402617
353,1,Qanova.median.loops,down,0.16914138049327607
354,1,Qanova.std.loops,down,-0.17864022649652445
355,1,Qanova.max.loops,down,-0.01514377004078356
356,1,Qanova.min.loops,down,0.10376423782587729
357,1,Tanova.mean.loops,down,-0.016362574768844763
358,1,Tanova.median.loops,down,-0.02403535371171476
359,1,Tanova.std.loops,down,-0.019956195289714342
360,1,Tanova.max.loops,down,-0.08283401431676174
361,1,Tanova.min.loops,down,-0.1305705602173001
362,1,9mo.2mo.Q.mean.loops,down,-0.4711782544035105
363,1,9mo.2mo.Q.median.loops,down,0.333809405951418
364,1,9mo.2mo.Q.std.loops,down,-0.017878852953404068
365,1,9mo.2mo.Q.max.loops,down,0.06598859303171681
366,1,9mo.2mo.Q.min.loops,down,0.04393536208666098
367,1,18mo.9mo.Q.mean.loops,down,-0.023337225629080582
368,1,18mo.9mo.Q.median.loops,down,-0.019338446174657156
369,1,18mo.9mo.Q.std.loops,down,-0.09092884034563058
370,1,18mo.9mo.Q.max.loops,down,0.1791956822793667
371,1,18mo.9mo.Q.min.loops,down,-0.1413955621608773
372,1,18mo.2mo.Q.mean.loops,down,-0.3913370976955376
373,1,18mo.2mo.Q.median.loops,down,0.312859494626826
374,1,18mo.2mo.Q.std.loops,down,0.1181674666908187
375,1,18mo.2mo.Q.max.loops,down,0.07293257728594892
376,1,18mo.2mo.Q.min.loops,down,0.11435043830013306
377,1,9mo.2mo.T.mean.loops,down,0.189675775877642
378,1,9mo.2mo.T.median.loops,down,-0.12360582627414839
379,1,9mo.2mo.T.std.loops,down,0.18267415573858517
380,1,9mo.2mo.T.max.loops,down,-0.09158980940927518
381,1,9mo.2mo.T.min.loops,down,0.0335854259794062
382,1,18mo.9mo.T.mean.loops,down,0.03563147737064627
383,1,18mo.9mo.T.median.loops,down,0.06540602034392155
384,1,18mo.9mo.T.std.loops,down,0.10958925855183474
385,1,18mo.9mo.T.max.loops,down,-0.030960960456311446
386,1,18mo.9mo.T.min.loops,down,0.16157530107252094
387,1,18mo.2mo.T.mean.loops,down,0.17883450096751327
388,1,18mo.2mo.T.median.loops,down,-0.3348486789788112
389,1,18mo.2mo.T.std.loops,down,0.08183228819815737
390,1,18mo.2mo.T.max.loops,down,0.008718036266141581
391,1,18mo.2mo.T.min.loops,down,0.1047956600113138
392,1,loop_size.log.mean.loops,down,0.06393938915595226
393,1,loop_size.log.median.loops,down,-0.035988448110856185
394,1,loop_size.log.std.loops,down,0.13747526282508707
395,1,loop_size.log.max.loops,down,0.1347528873569119
396,1,loop_size.log.min.loops,down,0.0125325975565355
397,1,min_distance.log.mean.loops,down,-0.04488646591007749
398,1,min_distance.log.median.loops,down,-0.05803779998940431
399,1,min_distance.log.std.loops,down,-0.1132293837362846
400,1,min_distance.log.max.loops,down,-0.1699860958341025
401,1,min_distance.log.min.loops,down,-0.012497842565503547
402,1,count.loops,down,0.05561403340871074
403,1,9mo.2mo.log_ratio.mcg_genebody,down,0.07196638098382892
404,1,18mo.9mo.log_ratio.mcg_genebody,down,-0.07614170765377
405,1,18mo.2mo.log_ratio.mcg_genebody,down,0.04736761660765225
406,1,9mo.2mo.log_ratio.mch_genebody,down,0.013295713547368696
407,1,18mo.9mo.log_ratio.mch_genebody,down,0.0036126207901356357
408,1,18mo.2mo.log_ratio.mch_genebody,down,0.03536554099062078
409,1,9mo.2mo.log_ratio.mean.atac,down,-0.2134125284281854
410,1,18mo.9mo.log_ratio.mean.atac,down,-0.014340858327915238
411,1,18mo.2mo.log_ratio.mean.atac,down,-0.20667887809110663
412,1,log2_distance.mean.atac,down,0.2474573971956816
413,1,9mo.2mo.log_ratio.std.atac,down,0.04831640115643294
414,1,18mo.9mo.log_ratio.std.atac,down,-0.07030763000092287
415,1,18mo.2mo.log_ratio.std.atac,down,-0.05731476662626133
416,1,log2_distance.std.atac,down,-0.12494951890462147
417,1,9mo.2mo.log_ratio.max.atac,down,-0.21156358929151806
418,1,18mo.9mo.log_ratio.max.atac,down,-0.08373615011189944
419,1,18mo.2mo.log_ratio.max.atac,down,0.14602275772230994
420,1,log2_distance.max.atac,down,-0.07879161508837662
421,1,9mo.2mo.log_ratio.min.atac,down,0.012340417905630001
422,1,18mo.9mo.log_ratio.min.atac,down,-0.11153616796232645
423,1,18mo.2mo.log_ratio.min.atac,down,-0.00012254402891672043
424,1,log2_distance.min.atac,down,-0.14447607687298172
425,1,count.atac,down,0.6203893443723226
426,2,gene_length.meta,down,-0.6596360806308212
427,2,9mo.2mo.activity.log_ratio.mean.5kb-20kb.enhancer_DMR,down,0.0
428,2,9mo.2mo.activity.log_ratio.median.5kb-20kb.enhancer_DMR,down,0.16411161440872127
429,2,9mo.2mo.activity.log_ratio.max.5kb-20kb.enhancer_DMR,down,-0.1400600154913725
430,2,9mo.2mo.activity.log_ratio.min.5kb-20kb.enhancer_DMR,down,-0.07611939641692114
431,2,9mo.2mo.activity.log_ratio.count.5kb-20kb.enhancer_DMR,down,-0.05311358759754047
432,2,18mo.2mo.activity.log_ratio.mean.5kb-20kb.enhancer_DMR,down,-0.0023558643741288204
433,2,18mo.2mo.activity.log_ratio.median.5kb-20kb.enhancer_DMR,down,-0.004523823202056401
434,2,18mo.2mo.activity.log_ratio.max.5kb-20kb.enhancer_DMR,down,0.05129834577214989
435,2,18mo.2mo.activity.log_ratio.min.5kb-20kb.enhancer_DMR,down,-0.017729526380375178
436,2,18mo.2mo.activity.log_ratio.count.5kb-20kb.enhancer_DMR,down,0.07607208770871755
437,2,18mo.9mo.activity.log_ratio.mean.5kb-20kb.enhancer_DMR,down,0.015335530389622213
438,2,18mo.9mo.activity.log_ratio.median.5kb-20kb.enhancer_DMR,down,-0.04169001988237823
439,2,18mo.9mo.activity.log_ratio.max.5kb-20kb.enhancer_DMR,down,0.04002296170898472
440,2,18mo.9mo.activity.log_ratio.min.5kb-20kb.enhancer_DMR,down,0.0
441,2,18mo.9mo.activity.log_ratio.count.5kb-20kb.enhancer_DMR,down,-0.04107835325232785
442,2,9mo.2mo.contact.log_ratio.mean.5kb-20kb.enhancer_DMR,down,0.009577719724734961
443,2,9mo.2mo.contact.log_ratio.median.5kb-20kb.enhancer_DMR,down,-0.1034395954986418
444,2,9mo.2mo.contact.log_ratio.max.5kb-20kb.enhancer_DMR,down,0.06150626371352554
445,2,9mo.2mo.contact.log_ratio.min.5kb-20kb.enhancer_DMR,down,0.08810150868241359
446,2,9mo.2mo.contact.log_ratio.count.5kb-20kb.enhancer_DMR,down,-0.05311358759754047
447,2,18mo.2mo.contact.log_ratio.mean.5kb-20kb.enhancer_DMR,down,-0.011166296559598787
448,2,18mo.2mo.contact.log_ratio.median.5kb-20kb.enhancer_DMR,down,0.002485885824320541
449,2,18mo.2mo.contact.log_ratio.max.5kb-20kb.enhancer_DMR,down,-0.13677749837616673
450,2,18mo.2mo.contact.log_ratio.min.5kb-20kb.enhancer_DMR,down,0.12766348560006432
451,2,18mo.2mo.contact.log_ratio.count.5kb-20kb.enhancer_DMR,down,0.07607208770871755
452,2,18mo.9mo.contact.log_ratio.mean.5kb-20kb.enhancer_DMR,down,-0.00019708854562174225
453,2,18mo.9mo.contact.log_ratio.median.5kb-20kb.enhancer_DMR,down,0.09289599326637353
454,2,18mo.9mo.contact.log_ratio.max.5kb-20kb.enhancer_DMR,down,0.076211835530363
455,2,18mo.9mo.contact.log_ratio.min.5kb-20kb.enhancer_DMR,down,-0.13191494689640534
456,2,18mo.9mo.contact.log_ratio.count.5kb-20kb.enhancer_DMR,down,-0.04107835325232785
457,2,9mo.2mo.activity.log_ratio.mean.20kb-5Mb.enhancer_DMR,down,0.09752968331230612
458,2,9mo.2mo.activity.log_ratio.median.20kb-5Mb.enhancer_DMR,down,-0.05259616989868491
459,2,9mo.2mo.activity.log_ratio.max.20kb-5Mb.enhancer_DMR,down,-0.01992499167817863
460,2,9mo.2mo.activity.log_ratio.min.20kb-5Mb.enhancer_DMR,down,-0.01793076854346987
461,2,9mo.2mo.activity.log_ratio.count.20kb-5Mb.enhancer_DMR,down,-0.11114752020718272
462,2,18mo.2mo.activity.log_ratio.mean.20kb-5Mb.enhancer_DMR,down,0.16110039821365943
463,2,18mo.2mo.activity.log_ratio.median.20kb-5Mb.enhancer_DMR,down,-0.08644468831785665
464,2,18mo.2mo.activity.log_ratio.max.20kb-5Mb.enhancer_DMR,down,-0.027453081657141658
465,2,18mo.2mo.activity.log_ratio.min.20kb-5Mb.enhancer_DMR,down,-0.013978597943599699
466,2,18mo.2mo.activity.log_ratio.count.20kb-5Mb.enhancer_DMR,down,-0.007191291274644478
467,2,18mo.9mo.activity.log_ratio.mean.20kb-5Mb.enhancer_DMR,down,0.06250932407567904
468,2,18mo.9mo.activity.log_ratio.median.20kb-5Mb.enhancer_DMR,down,0.046117876590594485
469,2,18mo.9mo.activity.log_ratio.max.20kb-5Mb.enhancer_DMR,down,-0.022601904476007535
470,2,18mo.9mo.activity.log_ratio.min.20kb-5Mb.enhancer_DMR,down,-0.09995049689980627
471,2,18mo.9mo.activity.log_ratio.count.20kb-5Mb.enhancer_DMR,down,0.14283733344973398
472,2,9mo.2mo.contact.log_ratio.mean.20kb-5Mb.enhancer_DMR,down,0.19903407842012966
473,2,9mo.2mo.contact.log_ratio.median.20kb-5Mb.enhancer_DMR,down,0.16502623673304312
474,2,9mo.2mo.contact.log_ratio.max.20kb-5Mb.enhancer_DMR,down,-0.0026629145862960583
475,2,9mo.2mo.contact.log_ratio.min.20kb-5Mb.enhancer_DMR,down,-0.3123121090162765
476,2,9mo.2mo.contact.log_ratio.count.20kb-5Mb.enhancer_DMR,down,-0.11114752020718272
477,2,18mo.2mo.contact.log_ratio.mean.20kb-5Mb.enhancer_DMR,down,-6.529122377125159e-07
478,2,18mo.2mo.contact.log_ratio.median.20kb-5Mb.enhancer_DMR,down,0.0929535838869039
479,2,18mo.2mo.contact.log_ratio.max.20kb-5Mb.enhancer_DMR,down,-0.09198470288855862
480,2,18mo.2mo.contact.log_ratio.min.20kb-5Mb.enhancer_DMR,down,-0.07947331106749617
481,2,18mo.2mo.contact.log_ratio.count.20kb-5Mb.enhancer_DMR,down,-0.007191291274644478
482,2,18mo.9mo.contact.log_ratio.mean.20kb-5Mb.enhancer_DMR,down,0.011424538855781504
483,2,18mo.9mo.contact.log_ratio.median.20kb-5Mb.enhancer_DMR,down,-0.1771481768301435
484,2,18mo.9mo.contact.log_ratio.max.20kb-5Mb.enhancer_DMR,down,-0.04401742603205642
485,2,18mo.9mo.contact.log_ratio.min.20kb-5Mb.enhancer_DMR,down,0.24650919792738016
486,2,18mo.9mo.contact.log_ratio.count.20kb-5Mb.enhancer_DMR,down,0.14283733344973398
487,2,count.enhancer_DMR,down,0.00013236095917625309
488,2,9mo.2mo.activity.log_ratio.count.0-5kb.enhancer_peak,down,0.08909287945175048
489,2,18mo.2mo.activity.log_ratio.count.0-5kb.enhancer_peak,down,0.016672877235646765
490,2,18mo.9mo.activity.log_ratio.count.0-5kb.enhancer_peak,down,-0.10742451039207904
491,2,9mo.2mo.contact.log_ratio.count.0-5kb.enhancer_peak,down,0.08909287945175048
492,2,18mo.2mo.contact.log_ratio.count.0-5kb.enhancer_peak,down,0.016672877235646765
493,2,18mo.9mo.contact.log_ratio.count.0-5kb.enhancer_peak,down,-0.10742451039207904
494,2,9mo.2mo.activity.log_ratio.count.5kb-20kb.enhancer_peak,down,0.011648468442133254
495,2,18mo.2mo.activity.log_ratio.mean.5kb-20kb.enhancer_peak,down,0.021686322333190143
496,2,18mo.2mo.activity.log_ratio.median.5kb-20kb.enhancer_peak,down,0.1100982710596463
497,2,18mo.2mo.activity.log_ratio.max.5kb-20kb.enhancer_peak,down,0.10252616977510454
498,2,18mo.2mo.activity.log_ratio.min.5kb-20kb.enhancer_peak,down,-0.16996673116735989
499,2,18mo.2mo.activity.log_ratio.count.5kb-20kb.enhancer_peak,down,0.001435380777585069
500,2,18mo.9mo.activity.log_ratio.mean.5kb-20kb.enhancer_peak,down,-0.0064090418235417486
501,2,18mo.9mo.activity.log_ratio.median.5kb-20kb.enhancer_peak,down,-0.22689978380996084
502,2,18mo.9mo.activity.log_ratio.max.5kb-20kb.enhancer_peak,down,0.002262415331506035
503,2,18mo.9mo.activity.log_ratio.min.5kb-20kb.enhancer_peak,down,0.15774213972954212
504,2,18mo.9mo.activity.log_ratio.count.5kb-20kb.enhancer_peak,down,-0.054103838022323936
505,2,9mo.2mo.contact.log_ratio.count.5kb-20kb.enhancer_peak,down,0.011648468442133254
506,2,18mo.2mo.contact.log_ratio.mean.5kb-20kb.enhancer_peak,down,0.03332896767026777
507,2,18mo.2mo.contact.log_ratio.median.5kb-20kb.enhancer_peak,down,0.09190413132259363
508,2,18mo.2mo.contact.log_ratio.max.5kb-20kb.enhancer_peak,down,0.012115252205336241
509,2,18mo.2mo.contact.log_ratio.min.5kb-20kb.enhancer_peak,down,-0.07935771682207293
510,2,18mo.2mo.contact.log_ratio.count.5kb-20kb.enhancer_peak,down,0.001435380777585069
511,2,18mo.9mo.contact.log_ratio.mean.5kb-20kb.enhancer_peak,down,-0.011114748613856315
512,2,18mo.9mo.contact.log_ratio.median.5kb-20kb.enhancer_peak,down,0.08514429426650429
513,2,18mo.9mo.contact.log_ratio.max.5kb-20kb.enhancer_peak,down,-0.02042357997855197
514,2,18mo.9mo.contact.log_ratio.min.5kb-20kb.enhancer_peak,down,-0.036054986203738995
515,2,18mo.9mo.contact.log_ratio.count.5kb-20kb.enhancer_peak,down,-0.054103838022323936
516,2,9mo.2mo.activity.log_ratio.mean.20kb-5Mb.enhancer_peak,down,-0.006450709276802798
517,2,9mo.2mo.activity.log_ratio.median.20kb-5Mb.enhancer_peak,down,-0.2096392410672237
518,2,9mo.2mo.activity.log_ratio.std.20kb-5Mb.enhancer_peak,down,0.22578817428138587
519,2,9mo.2mo.activity.log_ratio.max.20kb-5Mb.enhancer_peak,down,0.0390797362091903
520,2,9mo.2mo.activity.log_ratio.min.20kb-5Mb.enhancer_peak,down,0.34322054814475134
521,2,9mo.2mo.activity.log_ratio.count.20kb-5Mb.enhancer_peak,down,-0.0054166580452884175
522,2,18mo.2mo.activity.log_ratio.mean.20kb-5Mb.enhancer_peak,down,0.007747253478844103
523,2,18mo.2mo.activity.log_ratio.median.20kb-5Mb.enhancer_peak,down,-0.015752792257458896
524,2,18mo.2mo.activity.log_ratio.std.20kb-5Mb.enhancer_peak,down,0.08742324886914633
525,2,18mo.2mo.activity.log_ratio.max.20kb-5Mb.enhancer_peak,down,0.010772433903116331
526,2,18mo.2mo.activity.log_ratio.min.20kb-5Mb.enhancer_peak,down,0.053821790798454734
527,2,18mo.2mo.activity.log_ratio.count.20kb-5Mb.enhancer_peak,down,0.034941390341155884
528,2,18mo.9mo.activity.log_ratio.mean.20kb-5Mb.enhancer_peak,down,-0.049392843970105245
529,2,18mo.9mo.activity.log_ratio.median.20kb-5Mb.enhancer_peak,down,-0.07854455857413054
530,2,18mo.9mo.activity.log_ratio.std.20kb-5Mb.enhancer_peak,down,0.05380855259804589
531,2,18mo.9mo.activity.log_ratio.max.20kb-5Mb.enhancer_peak,down,-0.010436600887158832
532,2,18mo.9mo.activity.log_ratio.min.20kb-5Mb.enhancer_peak,down,0.10323876029686622
533,2,18mo.9mo.activity.log_ratio.count.20kb-5Mb.enhancer_peak,down,-0.04306930448431995
534,2,9mo.2mo.contact.log_ratio.mean.20kb-5Mb.enhancer_peak,down,-0.04948085563750197
535,2,9mo.2mo.contact.log_ratio.median.20kb-5Mb.enhancer_peak,down,-0.1459683418156657
536,2,9mo.2mo.contact.log_ratio.std.20kb-5Mb.enhancer_peak,down,-0.1340209454657196
537,2,9mo.2mo.contact.log_ratio.max.20kb-5Mb.enhancer_peak,down,0.30315311432205255
538,2,9mo.2mo.contact.log_ratio.min.20kb-5Mb.enhancer_peak,down,0.02073597863908694
539,2,9mo.2mo.contact.log_ratio.count.20kb-5Mb.enhancer_peak,down,-0.0054166580452884175
540,2,18mo.2mo.contact.log_ratio.mean.20kb-5Mb.enhancer_peak,down,-0.11392345178375674
541,2,18mo.2mo.contact.log_ratio.median.20kb-5Mb.enhancer_peak,down,0.09209266459069891
542,2,18mo.2mo.contact.log_ratio.std.20kb-5Mb.enhancer_peak,down,0.07474905852839268
543,2,18mo.2mo.contact.log_ratio.max.20kb-5Mb.enhancer_peak,down,-0.08056162405172945
544,2,18mo.2mo.contact.log_ratio.min.20kb-5Mb.enhancer_peak,down,0.07875127237890912
545,2,18mo.2mo.contact.log_ratio.count.20kb-5Mb.enhancer_peak,down,0.034941390341155884
546,2,18mo.9mo.contact.log_ratio.mean.20kb-5Mb.enhancer_peak,down,-0.07134697911356443
547,2,18mo.9mo.contact.log_ratio.median.20kb-5Mb.enhancer_peak,down,-0.022006466658346154
548,2,18mo.9mo.contact.log_ratio.std.20kb-5Mb.enhancer_peak,down,0.007255190891888555
549,2,18mo.9mo.contact.log_ratio.max.20kb-5Mb.enhancer_peak,down,0.17797663546436954
550,2,18mo.9mo.contact.log_ratio.min.20kb-5Mb.enhancer_peak,down,0.07436193711472257
551,2,18mo.9mo.contact.log_ratio.count.20kb-5Mb.enhancer_peak,down,-0.04306930448431995
552,2,count.enhancer_peak,down,-0.07849550948548854
553,2,rel_pos.DAR,down,-0.03810736382353025
554,2,9mo.2mo.log_ratio.DAR,down,-0.10698249841036284
555,2,18mo.9mo.log_ratio.DAR,down,3.809070017485153e-07
556,2,18mo.2mo.log_ratio.DAR,down,-0.08515825343821964
557,2,count.DAR,down,-0.047179610291957254
558,2,size.log2.DMR,down,0.32045539478431084
559,2,rel_pos.DMR,down,-0.09865935988557989
560,2,9mo.2mo.log_ratio.DMR,down,6.87962444842225e-08
561,2,18mo.9mo.log_ratio.DMR,down,0.06456848611187206
562,2,18mo.2mo.log_ratio.DMR,down,0.02066899274265371
563,2,distance.log2.DMR,down,-0.16629885282386378
564,2,count.DMR,down,-0.03362426328618165
565,2,Qanova.mean.loops,down,-0.1818097546472125
566,2,Qanova.median.loops,down,0.23450603937060338
567,2,Qanova.std.loops,down,-0.03192053668936427
568,2,Qanova.max.loops,down,-0.0929762496183672
569,2,Qanova.min.loops,down,0.09095069746318572
570,2,Tanova.mean.loops,down,-0.0836464157081831
571,2,Tanova.median.loops,down,-0.15477571390877132
572,2,Tanova.std.loops,down,0.18332472088289903
573,2,Tanova.max.loops,down,-0.18799615713113177
574,2,Tanova.min.loops,down,0.028828457678818052
575,2,9mo.2mo.Q.mean.loops,down,-0.3107373982033721
576,2,9mo.2mo.Q.median.loops,down,0.24008126409855332
577,2,9mo.2mo.Q.std.loops,down,0.18824735224406147
578,2,9mo.2mo.Q.max.loops,down,-0.012385320046850437
579,2,9mo.2mo.Q.min.loops,down,0.13492237612854124
580,2,18mo.9mo.Q.mean.loops,down,-0.07362455111561923
581,2,18mo.9mo.Q.median.loops,down,-0.01663490614040537
582,2,18mo.9mo.Q.std.loops,down,0.05448068178166955
583,2,18mo.9mo.Q.max.loops,down,0.06764186582712858
584,2,18mo.9mo.Q.min.loops,down,-0.17284201120295864
585,2,18mo.2mo.Q.mean.loops,down,-0.3596395765584952
586,2,18mo.2mo.Q.median.loops,down,0.33879339803977376
587,2,18mo.2mo.Q.std.loops,down,-0.08058856696629037
588,2,18mo.2mo.Q.max.loops,down,0.1709305539077141
589,2,18mo.2mo.Q.min.loops,down,0.0469402782787509
590,2,9mo.2mo.T.mean.loops,down,0.06866857927385446
591,2,9mo.2mo.T.median.loops,down,-0.05245654347946602
592,2,9mo.2mo.T.std.loops,down,0.03660026074795955
593,2,9mo.2mo.T.max.loops,down,-0.054035558193989634
594,2,9mo.2mo.T.min.loops,down,0.02729964054053243
595,2,18mo.9mo.T.mean.loops,down,0.058852650450238644
596,2,18mo.9mo.T.median.loops,down,0.24897701041808992
597,2,18mo.9mo.T.std.loops,down,0.07973691937010292
598,2,18mo.9mo.T.max.loops,down,-0.07840388723339778
599,2,18mo.9mo.T.min.loops,down,0.03498728492766187
600,2,18mo.2mo.T.mean.loops,down,0.11571727257968796
601,2,18mo.2mo.T.median.loops,down,-0.3249014506680784
602,2,18mo.2mo.T.std.loops,down,0.1884300461044902
603,2,18mo.2mo.T.max.loops,down,-0.050897425471237386
604,2,18mo.2mo.T.min.loops,down,0.2056389338432398
605,2,loop_size.log.mean.loops,down,0.03502374313915444
606,2,loop_size.log.median.loops,down,-4.5452364069862905e-06
607,2,loop_size.log.std.loops,down,0.12285131051337284
608,2,loop_size.log.max.loops,down,0.09678134577289531
609,2,loop_size.log.min.loops,down,-0.04961825460324151
610,2,min_distance.log.mean.loops,down,-0.03319403796528079
611,2,min_distance.log.median.loops,down,-0.051587189384717444
612,2,min_distance.log.std.loops,down,-0.05471948412561514
613,2,min_distance.log.max.loops,down,-0.1096024474288163
614,2,min_distance.log.min.loops,down,0.012143511181465096
615,2,count.loops,down,0.17102722214581495
616,2,9mo.2mo.log_ratio.mcg_genebody,down,0.08294465122208038
617,2,18mo.9mo.log_ratio.mcg_genebody,down,-0.14026843830113556
618,2,18mo.2mo.log_ratio.mcg_genebody,down,0.019402868950042104
619,2,9mo.2mo.log_ratio.mch_genebody,down,5.154308169689428e-09
620,2,18mo.9mo.log_ratio.mch_genebody,down,-0.006351212384778434
621,2,18mo.2mo.log_ratio.mch_genebody,down,-1.9838865615669433e-06
622,2,9mo.2mo.log_ratio.mean.atac,down,-0.26082468572697487
623,2,18mo.9mo.log_ratio.mean.atac,down,-0.05630106872051221
624,2,18mo.2mo.log_ratio.mean.atac,down,-0.2687284407985154
625,2,log2_distance.mean.atac,down,0.13433806456877992
626,2,9mo.2mo.log_ratio.std.atac,down,-0.00269372480400928
627,2,18mo.9mo.log_ratio.std.atac,down,0.06270042493071531
628,2,18mo.2mo.log_ratio.std.atac,down,0.061711458709408716
629,2,log2_distance.std.atac,down,-0.16377002860988463
630,2,9mo.2mo.log_ratio.max.atac,down,-0.1512175349145657
631,2,18mo.9mo.log_ratio.max.atac,down,-0.14016837573243146
632,2,18mo.2mo.log_ratio.max.atac,down,0.2226071829580518
633,2,log2_distance.max.atac,down,0.03504235663854611
634,2,9mo.2mo.log_ratio.min.atac,down,0.10266716016993076
635,2,18mo.9mo.log_ratio.min.atac,down,0.02536217291124974
636,2,18mo.2mo.log_ratio.min.atac,down,0.016680836453096995
637,2,log2_distance.min.atac,down,-0.058699845340330604
638,2,count.atac,down,0.5619515871505484
639,3,gene_length.meta,down,-0.6493452340111868
640,3,9mo.2mo.activity.log_ratio.mean.5kb-20kb.enhancer_DMR,down,-0.011195165336165283
641,3,9mo.2mo.activity.log_ratio.median.5kb-20kb.enhancer_DMR,down,0.14579762161151294
642,3,9mo.2mo.activity.log_ratio.max.5kb-20kb.enhancer_DMR,down,-0.12507104164211993
643,3,9mo.2mo.activity.log_ratio.min.5kb-20kb.enhancer_DMR,down,-0.047435765375950595
644,3,9mo.2mo.activity.log_ratio.count.5kb-20kb.enhancer_DMR,down,-0.06622070506887116
645,3,18mo.2mo.activity.log_ratio.mean.5kb-20kb.enhancer_DMR,down,-0.022931748516055506
646,3,18mo.2mo.activity.log_ratio.median.5kb-20kb.enhancer_DMR,down,0.016040265569916688
647,3,18mo.2mo.activity.log_ratio.max.5kb-20kb.enhancer_DMR,down,0.07566614544448144
648,3,18mo.2mo.activity.log_ratio.min.5kb-20kb.enhancer_DMR,down,0.010641286674719001
649,3,18mo.2mo.activity.log_ratio.count.5kb-20kb.enhancer_DMR,down,0.09856298173616962
650,3,18mo.9mo.activity.log_ratio.mean.5kb-20kb.enhancer_DMR,down,-0.007451931098102334
651,3,18mo.9mo.activity.log_ratio.median.5kb-20kb.enhancer_DMR,down,-0.044195165677594184
652,3,18mo.9mo.activity.log_ratio.max.5kb-20kb.enhancer_DMR,down,0.005799958453655337
653,3,18mo.9mo.activity.log_ratio.min.5kb-20kb.enhancer_DMR,down,0.03352595297296016
654,3,18mo.9mo.activity.log_ratio.count.5kb-20kb.enhancer_DMR,down,0.0038774644190200306
655,3,9mo.2mo.contact.log_ratio.mean.5kb-20kb.enhancer_DMR,down,-0.06149741066802241
656,3,9mo.2mo.contact.log_ratio.median.5kb-20kb.enhancer_DMR,down,0.08867343467900474
657,3,9mo.2mo.contact.log_ratio.max.5kb-20kb.enhancer_DMR,down,0.20479783323474773
658,3,9mo.2mo.contact.log_ratio.min.5kb-20kb.enhancer_DMR,down,-0.10204172572157758
659,3,9mo.2mo.contact.log_ratio.count.5kb-20kb.enhancer_DMR,down,-0.06622070506887116
660,3,18mo.2mo.contact.log_ratio.mean.5kb-20kb.enhancer_DMR,down,-0.12073905349327417
661,3,18mo.2mo.contact.log_ratio.median.5kb-20kb.enhancer_DMR,down,-0.011677284955231071
662,3,18mo.2mo.contact.log_ratio.max.5kb-20kb.enhancer_DMR,down,-0.19723993365865425
663,3,18mo.2mo.contact.log_ratio.min.5kb-20kb.enhancer_DMR,down,0.2277128634630909
664,3,18mo.2mo.contact.log_ratio.count.5kb-20kb.enhancer_DMR,down,0.09856298173616962
665,3,18mo.9mo.contact.log_ratio.mean.5kb-20kb.enhancer_DMR,down,-0.07900568446590614
666,3,18mo.9mo.contact.log_ratio.median.5kb-20kb.enhancer_DMR,down,0.24980964937885017
667,3,18mo.9mo.contact.log_ratio.max.5kb-20kb.enhancer_DMR,down,0.11302034559264143
668,3,18mo.9mo.contact.log_ratio.min.5kb-20kb.enhancer_DMR,down,-0.11730226598099171
669,3,18mo.9mo.contact.log_ratio.count.5kb-20kb.enhancer_DMR,down,0.0038774644190200306
670,3,9mo.2mo.activity.log_ratio.mean.20kb-5Mb.enhancer_DMR,down,0.3612234534873611
671,3,9mo.2mo.activity.log_ratio.median.20kb-5Mb.enhancer_DMR,down,-0.1960731973199122
672,3,9mo.2mo.activity.log_ratio.max.20kb-5Mb.enhancer_DMR,down,-0.03073822846199455
673,3,9mo.2mo.activity.log_ratio.min.20kb-5Mb.enhancer_DMR,down,0.00197606365636871
674,3,9mo.2mo.activity.log_ratio.count.20kb-5Mb.enhancer_DMR,down,-0.11139706717806232
675,3,18mo.2mo.activity.log_ratio.mean.20kb-5Mb.enhancer_DMR,down,0.2672558379967752
676,3,18mo.2mo.activity.log_ratio.median.20kb-5Mb.enhancer_DMR,down,-0.1593563919394352
677,3,18mo.2mo.activity.log_ratio.max.20kb-5Mb.enhancer_DMR,down,-0.11738071854226478
678,3,18mo.2mo.activity.log_ratio.min.20kb-5Mb.enhancer_DMR,down,-0.05136789642123149
679,3,18mo.2mo.activity.log_ratio.count.20kb-5Mb.enhancer_DMR,down,0.026151012876586312
680,3,18mo.9mo.activity.log_ratio.mean.20kb-5Mb.enhancer_DMR,down,0.05773101057111641
681,3,18mo.9mo.activity.log_ratio.median.20kb-5Mb.enhancer_DMR,down,0.09400073615446136
682,3,18mo.9mo.activity.log_ratio.max.20kb-5Mb.enhancer_DMR,down,-0.01745957153017917
683,3,18mo.9mo.activity.log_ratio.min.20kb-5Mb.enhancer_DMR,down,-0.08884602846137885
684,3,18mo.9mo.activity.log_ratio.count.20kb-5Mb.enhancer_DMR,down,0.17743136209490573
685,3,9mo.2mo.contact.log_ratio.mean.20kb-5Mb.enhancer_DMR,down,0.3000467735234718
686,3,9mo.2mo.contact.log_ratio.median.20kb-5Mb.enhancer_DMR,down,0.3839854787088641
687,3,9mo.2mo.contact.log_ratio.max.20kb-5Mb.enhancer_DMR,down,-0.1726284539185473
688,3,9mo.2mo.contact.log_ratio.min.20kb-5Mb.enhancer_DMR,down,-0.5428430604014581
689,3,9mo.2mo.contact.log_ratio.count.20kb-5Mb.enhancer_DMR,down,-0.11139706717806232
690,3,18mo.2mo.contact.log_ratio.mean.20kb-5Mb.enhancer_DMR,down,-0.007685232957680636
691,3,18mo.2mo.contact.log_ratio.median.20kb-5Mb.enhancer_DMR,down,0.16015709101463352
692,3,18mo.2mo.contact.log_ratio.max.20kb-5Mb.enhancer_DMR,down,-0.09963853561352769
693,3,18mo.2mo.contact.log_ratio.min.20kb-5Mb.enhancer_DMR,down,-0.18558743344676498
694,3,18mo.2mo.contact.log_ratio.count.20kb-5Mb.enhancer_DMR,down,0.026151012876586312
695,3,18mo.9mo.contact.log_ratio.mean.20kb-5Mb.enhancer_DMR,down,0.18967757118667572
696,3,18mo.9mo.contact.log_ratio.median.20kb-5Mb.enhancer_DMR,down,-0.4108605577187925
697,3,18mo.9mo.contact.log_ratio.max.20kb-5Mb.enhancer_DMR,down,-0.0334561841627544
698,3,18mo.9mo.contact.log_ratio.min.20kb-5Mb.enhancer_DMR,down,0.2578978451965781
699,3,18mo.9mo.contact.log_ratio.count.20kb-5Mb.enhancer_DMR,down,0.17743136209490573
700,3,count.enhancer_DMR,down,-0.039160173000139575
701,3,9mo.2mo.activity.log_ratio.count.0-5kb.enhancer_peak,down,0.08128394532136313
702,3,18mo.2mo.activity.log_ratio.count.0-5kb.enhancer_peak,down,0.0032989649826807407
703,3,18mo.9mo.activity.log_ratio.count.0-5kb.enhancer_peak,down,-0.02969105694028388
704,3,9mo.2mo.contact.log_ratio.count.0-5kb.enhancer_peak,down,0.08128394532136313
705,3,18mo.2mo.contact.log_ratio.count.0-5kb.enhancer_peak,down,0.0032989649826807407
706,3,18mo.9mo.contact.log_ratio.count.0-5kb.enhancer_peak,down,-0.02969105694028388
707,3,9mo.2mo.activity.log_ratio.count.5kb-20kb.enhancer_peak,down,0.04752864039692385
708,3,18mo.2mo.activity.log_ratio.mean.5kb-20kb.enhancer_peak,down,-0.00785098610797114
709,3,18mo.2mo.activity.log_ratio.median.5kb-20kb.enhancer_peak,down,-0.012138551582351808
710,3,18mo.2mo.activity.log_ratio.max.5kb-20kb.enhancer_peak,down,0.03943248399979507
711,3,18mo.2mo.activity.log_ratio.min.5kb-20kb.enhancer_peak,down,-0.131199310164783
712,3,18mo.2mo.activity.log_ratio.count.5kb-20kb.enhancer_peak,down,-0.03332846176371295
713,3,18mo.9mo.activity.log_ratio.mean.5kb-20kb.enhancer_peak,down,-0.013279454320685584
714,3,18mo.9mo.activity.log_ratio.median.5kb-20kb.enhancer_peak,down,-0.3735941647174418
715,3,18mo.9mo.activity.log_ratio.max.5kb-20kb.enhancer_peak,down,0.13328558079920227
716,3,18mo.9mo.activity.log_ratio.min.5kb-20kb.enhancer_peak,down,0.1790113698261816
717,3,18mo.9mo.activity.log_ratio.count.5kb-20kb.enhancer_peak,down,-0.024603590637609137
718,3,9mo.2mo.contact.log_ratio.count.5kb-20kb.enhancer_peak,down,0.04752864039692385
719,3,18mo.2mo.contact.log_ratio.mean.5kb-20kb.enhancer_peak,down,-0.0037378985976635045
720,3,18mo.2mo.contact.log_ratio.median.5kb-20kb.enhancer_peak,down,-0.04773667950710766
721,3,18mo.2mo.contact.log_ratio.max.5kb-20kb.enhancer_peak,down,0.1260979821367557
722,3,18mo.2mo.contact.log_ratio.min.5kb-20kb.enhancer_peak,down,-0.0018360773246292193
723,3,18mo.2mo.contact.log_ratio.count.5kb-20kb.enhancer_peak,down,-0.03332846176371295
724,3,18mo.9mo.contact.log_ratio.mean.5kb-20kb.enhancer_peak,down,-0.027425917462695383
725,3,18mo.9mo.contact.log_ratio.median.5kb-20kb.enhancer_peak,down,0.0005579221365389236
726,3,18mo.9mo.contact.log_ratio.max.5kb-20kb.enhancer_peak,down,0.0038479522995704014
727,3,18mo.9mo.contact.log_ratio.min.5kb-20kb.enhancer_peak,down,0.026779402388707248
728,3,18mo.9mo.contact.log_ratio.count.5kb-20kb.enhancer_peak,down,-0.024603590637609137
729,3,9mo.2mo.activity.log_ratio.mean.20kb-5Mb.enhancer_peak,down,-0.19270610508152167
730,3,9mo.2mo.activity.log_ratio.median.20kb-5Mb.enhancer_peak,down,0.04793255818656786
731,3,9mo.2mo.activity.log_ratio.std.20kb-5Mb.enhancer_peak,down,0.20622220717401046
732,3,9mo.2mo.activity.log_ratio.max.20kb-5Mb.enhancer_peak,down,-0.06080832341488678
733,3,9mo.2mo.activity.log_ratio.min.20kb-5Mb.enhancer_peak,down,0.37517100177740237
734,3,9mo.2mo.activity.log_ratio.count.20kb-5Mb.enhancer_peak,down,0.005577711284209016
735,3,18mo.2mo.activity.log_ratio.mean.20kb-5Mb.enhancer_peak,down,-0.0036838251082115608
736,3,18mo.2mo.activity.log_ratio.median.20kb-5Mb.enhancer_peak,down,0.02855281656727742
737,3,18mo.2mo.activity.log_ratio.std.20kb-5Mb.enhancer_peak,down,0.04952914809203526
738,3,18mo.2mo.activity.log_ratio.max.20kb-5Mb.enhancer_peak,down,-0.035356085869719306
739,3,18mo.2mo.activity.log_ratio.min.20kb-5Mb.enhancer_peak,down,0.11610947028000634
740,3,18mo.2mo.activity.log_ratio.count.20kb-5Mb.enhancer_peak,down,-0.017114503477173974
741,3,18mo.9mo.activity.log_ratio.mean.20kb-5Mb.enhancer_peak,down,-0.0863532227437968
742,3,18mo.9mo.activity.log_ratio.median.20kb-5Mb.enhancer_peak,down,0.035499563538845647
743,3,18mo.9mo.activity.log_ratio.std.20kb-5Mb.enhancer_peak,down,0.09817349210185616
744,3,18mo.9mo.activity.log_ratio.max.20kb-5Mb.enhancer_peak,down,0.010922858152797097
745,3,18mo.9mo.activity.log_ratio.min.20kb-5Mb.enhancer_peak,down,0.031178395891009104
746,3,18mo.9mo.activity.log_ratio.count.20kb-5Mb.enhancer_peak,down,-0.010355638506713359
747,3,9mo.2mo.contact.log_ratio.mean.20kb-5Mb.enhancer_peak,down,-0.1568191942643722
748,3,9mo.2mo.contact.log_ratio.median.20kb-5Mb.enhancer_peak,down,-0.012072600793819405
749,3,9mo.2mo.contact.log_ratio.std.20kb-5Mb.enhancer_peak,down,-0.16824603907983482
750,3,9mo.2mo.contact.log_ratio.max.20kb-5Mb.enhancer_peak,down,0.2752571844855709
751,3,9mo.2mo.contact.log_ratio.min.20kb-5Mb.enhancer_peak,down,0.083242975413199
752,3,9mo.2mo.contact.log_ratio.count.20kb-5Mb.enhancer_peak,down,0.005577711284209016
753,3,18mo.2mo.contact.log_ratio.mean.20kb-5Mb.enhancer_peak,down,-0.4369755452031249
754,3,18mo.2mo.contact.log_ratio.median.20kb-5Mb.enhancer_peak,down,0.17840451292688037
755,3,18mo.2mo.contact.log_ratio.std.20kb-5Mb.enhancer_peak,down,0.155780357884497
756,3,18mo.2mo.contact.log_ratio.max.20kb-5Mb.enhancer_peak,down,0.06924748178150722
757,3,18mo.2mo.contact.log_ratio.min.20kb-5Mb.enhancer_peak,down,0.2493008235539765
758,3,18mo.2mo.contact.log_ratio.count.20kb-5Mb.enhancer_peak,down,-0.017114503477173974
759,3,18mo.9mo.contact.log_ratio.mean.20kb-5Mb.enhancer_peak,down,-0.11525080028887995
760,3,18mo.9mo.contact.log_ratio.median.20kb-5Mb.enhancer_peak,down,0.06520214880413688
761,3,18mo.9mo.contact.log_ratio.std.20kb-5Mb.enhancer_peak,down,-0.14552200584763053
762,3,18mo.9mo.contact.log_ratio.max.20kb-5Mb.enhancer_peak,down,0.213252927091138
763,3,18mo.9mo.contact.log_ratio.min.20kb-5Mb.enhancer_peak,down,-0.043965425641563916
764,3,18mo.9mo.contact.log_ratio.count.20kb-5Mb.enhancer_peak,down,-0.010355638506713359
765,3,count.enhancer_peak,down,0.008862914554915214
766,3,rel_pos.DAR,down,-0.001182801234021527
767,3,9mo.2mo.log_ratio.DAR,down,-0.0809470796178778
768,3,18mo.9mo.log_ratio.DAR,down,0.042916088051555216
769,3,18mo.2mo.log_ratio.DAR,down,-0.012906008334662981
770,3,count.DAR,down,-0.054778344959698085
771,3,size.log2.DMR,down,0.46523195545344936
772,3,rel_pos.DMR,down,-0.07302440784609726
773,3,9mo.2mo.log_ratio.DMR,down,0.0669436083804039
774,3,18mo.9mo.log_ratio.DMR,down,-0.004066038524328253
775,3,18mo.2mo.log_ratio.DMR,down,0.008389191421883624
776,3,distance.log2.DMR,down,-0.22897134627845456
777,3,count.DMR,down,-0.0871501529958029
778,3,Qanova.mean.loops,down,0.003674295248573329
779,3,Qanova.median.loops,down,0.14043957340151558
780,3,Qanova.std.loops,down,-0.13334340907066883
781,3,Qanova.max.loops,down,0.007250073019867265
782,3,Qanova.min.loops,down,-0.00466872973500892
783,3,Tanova.mean.loops,down,0.06217234738345933
784,3,Tanova.median.loops,down,-0.05048754705460672
785,3,Tanova.std.loops,down,-0.06411834220986329
786,3,Tanova.max.loops,down,-0.07177066880920498
787,3,Tanova.min.loops,down,-0.04019174462096284
788,3,9mo.2mo.Q.mean.loops,down,-0.7083625552841025
789,3,9mo.2mo.Q.median.loops,down,0.587472555407264
790,3,9mo.2mo.Q.std.loops,down,0.11725636068744141
791,3,9mo.2mo.Q.max.loops,down,0.018325932417679384
792,3,9mo.2mo.Q.min.loops,down,0.20561971598648812
793,3,18mo.9mo.Q.mean.loops,down,-0.0010471771154697365
794,3,18mo.9mo.Q.median.loops,down,0.0025767462321145303
795,3,18mo.9mo.Q.std.loops,down,-0.18923216642977356
796,3,18mo.9mo.Q.max.loops,down,0.14127617987176447
797,3,18mo.9mo.Q.min.loops,down,-0.10253079395640784
798,3,18mo.2mo.Q.mean.loops,down,-0.5808410562886132
799,3,18mo.2mo.Q.median.loops,down,0.49059229087231554
800,3,18mo.2mo.Q.std.loops,down,0.24167462075040294
801,3,18mo.2mo.Q.max.loops,down,-0.020945466152432562
802,3,18mo.2mo.Q.min.loops,down,0.08847370337494094
803,3,9mo.2mo.T.mean.loops,down,0.22752893258776793
804,3,9mo.2mo.T.median.loops,down,-0.018001226756133987
805,3,9mo.2mo.T.std.loops,down,-0.022049090944067474
806,3,9mo.2mo.T.max.loops,down,-0.04139154038180454
807,3,9mo.2mo.T.min.loops,down,-0.014841408914727362
808,3,18mo.9mo.T.mean.loops,down,0.13139373468298235
809,3,18mo.9mo.T.median.loops,down,0.16532885393155683
810,3,18mo.9mo.T.std.loops,down,0.20394276396244146
811,3,18mo.9mo.T.max.loops,down,-0.07148713721938126
812,3,18mo.9mo.T.min.loops,down,0.12541771908766125
813,3,18mo.2mo.T.mean.loops,down,0.34209524182468076
814,3,18mo.2mo.T.median.loops,down,-0.5580288125655029
815,3,18mo.2mo.T.std.loops,down,0.03119425550811257
816,3,18mo.2mo.T.max.loops,down,-0.06493418423377081
817,3,18mo.2mo.T.min.loops,down,-0.011704043048295852
818,3,loop_size.log.mean.loops,down,0.1707397924430643
819,3,loop_size.log.median.loops,down,-0.02136579472357876
820,3,loop_size.log.std.loops,down,0.08610070684123913
821,3,loop_size.log.max.loops,down,0.16953601930843756
822,3,loop_size.log.min.loops,down,-0.2982926120864418
823,3,min_distance.log.mean.loops,down,-0.0032600761803930913
824,3,min_distance.log.median.loops,down,0.008247369061729175
825,3,min_distance.log.std.loops,down,-0.09129384794940879
826,3,min_distance.log.max.loops,down,-0.18994831562092968
827,3,min_distance.log.min.loops,down,0.16385207062045534
828,3,count.loops,down,0.19509465056633613
829,3,9mo.2mo.log_ratio.mcg_genebody,down,0.04255488886423616
830,3,18mo.9mo.log_ratio.mcg_genebody,down,-0.1260505458845835
831,3,18mo.2mo.log_ratio.mcg_genebody,down,0.0017349640223463991
832,3,9mo.2mo.log_ratio.mch_genebody,down,0.012122513557925107
833,3,18mo.9mo.log_ratio.mch_genebody,down,0.001769401673855642
834,3,18mo.2mo.log_ratio.mch_genebody,down,0.0439506928816951
835,3,9mo.2mo.log_ratio.mean.atac,down,-0.17871538066480244
836,3,18mo.9mo.log_ratio.mean.atac,down,-0.05878568887343316
837,3,18mo.2mo.log_ratio.mean.atac,down,-0.20714769156813462
838,3,log2_distance.mean.atac,down,0.2037545805724902
839,3,9mo.2mo.log_ratio.std.atac,down,0.01218992750319448
840,3,18mo.9mo.log_ratio.std.atac,down,-0.08310300673666444
841,3,18mo.2mo.log_ratio.std.atac,down,-0.025441024923471674
842,3,log2_distance.std.atac,down,-0.1774736752971198
843,3,9mo.2mo.log_ratio.max.atac,down,-0.09119753875031472
844,3,18mo.9mo.log_ratio.max.atac,down,-0.02048955566171687
845,3,18mo.2mo.log_ratio.max.atac,down,-0.0009883445438451457
846,3,log2_distance.max.atac,down,0.06915789240240953
847,3,9mo.2mo.log_ratio.min.atac,down,0.0047881031279801865
848,3,18mo.9mo.log_ratio.min.atac,down,-0.0008829476605628721
849,3,18mo.2mo.log_ratio.min.atac,down,0.0022478082017205643
850,3,log2_distance.min.atac,down,-0.17919630698181063
851,3,count.atac,down,0.5063750144092035
852,4,gene_length.meta,down,-0.6782079994790702
853,4,9mo.2mo.activity.log_ratio.mean.5kb-20kb.enhancer_DMR,down,-0.02133040563502443
854,4,9mo.2mo.activity.log_ratio.median.5kb-20kb.enhancer_DMR,down,0.2612331392795514
855,4,9mo.2mo.activity.log_ratio.max.5kb-20kb.enhancer_DMR,down,-0.11682809094181541
856,4,9mo.2mo.activity.log_ratio.min.5kb-20kb.enhancer_DMR,down,-0.18100977789014983
857,4,9mo.2mo.activity.log_ratio.count.5kb-20kb.enhancer_DMR,down,-0.0207313322346657
858,4,18mo.2mo.activity.log_ratio.mean.5kb-20kb.enhancer_DMR,down,-0.026285488892800586
859,4,18mo.2mo.activity.log_ratio.median.5kb-20kb.enhancer_DMR,down,0.0022496095228894245
860,4,18mo.2mo.activity.log_ratio.max.5kb-20kb.enhancer_DMR,down,-0.058742639721772856
861,4,18mo.2mo.activity.log_ratio.min.5kb-20kb.enhancer_DMR,down,0.03779632839899447
862,4,18mo.2mo.activity.log_ratio.count.5kb-20kb.enhancer_DMR,down,0.08262272155034149
863,4,18mo.9mo.activity.log_ratio.mean.5kb-20kb.enhancer_DMR,down,0.07555004680115483
864,4,18mo.9mo.activity.log_ratio.median.5kb-20kb.enhancer_DMR,down,-0.11817050046033489
865,4,18mo.9mo.activity.log_ratio.max.5kb-20kb.enhancer_DMR,down,0.11099869027018042
866,4,18mo.9mo.activity.log_ratio.min.5kb-20kb.enhancer_DMR,down,0.01767431033220658
867,4,18mo.9mo.activity.log_ratio.count.5kb-20kb.enhancer_DMR,down,-0.057444432117184294
868,4,9mo.2mo.contact.log_ratio.mean.5kb-20kb.enhancer_DMR,down,0.002151460892310666
869,4,9mo.2mo.contact.log_ratio.median.5kb-20kb.enhancer_DMR,down,-0.004544014637450201
870,4,9mo.2mo.contact.log_ratio.max.5kb-20kb.enhancer_DMR,down,0.05424228997657329
871,4,9mo.2mo.contact.log_ratio.min.5kb-20kb.enhancer_DMR,down,0.06242240189781824
872,4,9mo.2mo.contact.log_ratio.count.5kb-20kb.enhancer_DMR,down,-0.0207313322346657
873,4,18mo.2mo.contact.log_ratio.mean.5kb-20kb.enhancer_DMR,down,-0.002600555466075177
874,4,18mo.2mo.contact.log_ratio.median.5kb-20kb.enhancer_DMR,down,0.12055732005955307
875,4,18mo.2mo.contact.log_ratio.max.5kb-20kb.enhancer_DMR,down,-0.21221176415056697
876,4,18mo.2mo.contact.log_ratio.min.5kb-20kb.enhancer_DMR,down,0.05683124682439069
877,4,18mo.2mo.contact.log_ratio.count.5kb-20kb.enhancer_DMR,down,0.08262272155034149
878,4,18mo.9mo.contact.log_ratio.mean.5kb-20kb.enhancer_DMR,down,-0.01612557191078848
879,4,18mo.9mo.contact.log_ratio.median.5kb-20kb.enhancer_DMR,down,0.13803102098564887
880,4,18mo.9mo.contact.log_ratio.max.5kb-20kb.enhancer_DMR,down,0.0035477495293388906
881,4,18mo.9mo.contact.log_ratio.min.5kb-20kb.enhancer_DMR,down,-0.07976957883521311
882,4,18mo.9mo.contact.log_ratio.count.5kb-20kb.enhancer_DMR,down,-0.057444432117184294
883,4,9mo.2mo.activity.log_ratio.mean.20kb-5Mb.enhancer_DMR,down,0.028978618535944797
884,4,9mo.2mo.activity.log_ratio.median.20kb-5Mb.enhancer_DMR,down,0.08843379357068153
885,4,9mo.2mo.activity.log_ratio.max.20kb-5Mb.enhancer_DMR,down,-0.08615848140892675
886,4,9mo.2mo.activity.log_ratio.min.20kb-5Mb.enhancer_DMR,down,0.05385656031799561
887,4,9mo.2mo.activity.log_ratio.count.20kb-5Mb.enhancer_DMR,down,-0.05549741268578766
888,4,18mo.2mo.activity.log_ratio.mean.20kb-5Mb.enhancer_DMR,down,0.06396241472314092
889,4,18mo.2mo.activity.log_ratio.median.20kb-5Mb.enhancer_DMR,down,-0.13696018716176225
890,4,18mo.2mo.activity.log_ratio.max.20kb-5Mb.enhancer_DMR,down,0.15192719537951874
891,4,18mo.2mo.activity.log_ratio.min.20kb-5Mb.enhancer_DMR,down,-0.09724728998769694
892,4,18mo.2mo.activity.log_ratio.count.20kb-5Mb.enhancer_DMR,down,0.012211821708048624
893,4,18mo.9mo.activity.log_ratio.mean.20kb-5Mb.enhancer_DMR,down,0.10536697332804193
894,4,18mo.9mo.activity.log_ratio.median.20kb-5Mb.enhancer_DMR,down,-0.06781473181799014
895,4,18mo.9mo.activity.log_ratio.max.20kb-5Mb.enhancer_DMR,down,0.10631267091618866
896,4,18mo.9mo.activity.log_ratio.min.20kb-5Mb.enhancer_DMR,down,-0.0274240968472563
897,4,18mo.9mo.activity.log_ratio.count.20kb-5Mb.enhancer_DMR,down,0.0026828511176276715
898,4,9mo.2mo.contact.log_ratio.mean.20kb-5Mb.enhancer_DMR,down,0.09624104644369971
899,4,9mo.2mo.contact.log_ratio.median.20kb-5Mb.enhancer_DMR,down,0.14518067613293287
900,4,9mo.2mo.contact.log_ratio.max.20kb-5Mb.enhancer_DMR,down,0.021550225861356187
901,4,9mo.2mo.contact.log_ratio.min.20kb-5Mb.enhancer_DMR,down,-0.18368005482814723
902,4,9mo.2mo.contact.log_ratio.count.20kb-5Mb.enhancer_DMR,down,-0.05549741268578766
903,4,18mo.2mo.contact.log_ratio.mean.20kb-5Mb.enhancer_DMR,down,5.6679246430547264e-05
904,4,18mo.2mo.contact.log_ratio.median.20kb-5Mb.enhancer_DMR,down,0.03955253390230074
905,4,18mo.2mo.contact.log_ratio.max.20kb-5Mb.enhancer_DMR,down,-0.11356986359194886
906,4,18mo.2mo.contact.log_ratio.min.20kb-5Mb.enhancer_DMR,down,-0.04127241775855578
907,4,18mo.2mo.contact.log_ratio.count.20kb-5Mb.enhancer_DMR,down,0.012211821708048624
908,4,18mo.9mo.contact.log_ratio.mean.20kb-5Mb.enhancer_DMR,down,0.06322838671115545
909,4,18mo.9mo.contact.log_ratio.median.20kb-5Mb.enhancer_DMR,down,-0.2089341626968032
910,4,18mo.9mo.contact.log_ratio.max.20kb-5Mb.enhancer_DMR,down,0.023298524276735195
911,4,18mo.9mo.contact.log_ratio.min.20kb-5Mb.enhancer_DMR,down,0.16324565193949347
912,4,18mo.9mo.contact.log_ratio.count.20kb-5Mb.enhancer_DMR,down,0.0026828511176276715
913,4,count.enhancer_DMR,down,0.0676588077232724
914,4,9mo.2mo.activity.log_ratio.count.0-5kb.enhancer_peak,down,2.0808659767902573e-06
915,4,18mo.2mo.activity.log_ratio.count.0-5kb.enhancer_peak,down,0.04780087318097323
916,4,18mo.9mo.activity.log_ratio.count.0-5kb.enhancer_peak,down,-0.059928839148443894
917,4,9mo.2mo.contact.log_ratio.count.0-5kb.enhancer_peak,down,2.0808659767902573e-06
918,4,18mo.2mo.contact.log_ratio.count.0-5kb.enhancer_peak,down,0.04780087318097323
919,4,18mo.9mo.contact.log_ratio.count.0-5kb.enhancer_peak,down,-0.059928839148443894
920,4,9mo.2mo.activity.log_ratio.count.5kb-20kb.enhancer_peak,down,0.018007526048256197
921,4,18mo.2mo.activity.log_ratio.mean.5kb-20kb.enhancer_peak,down,-0.0035161863666598016
922,4,18mo.2mo.activity.log_ratio.median.5kb-20kb.enhancer_peak,down,0.005446836333745382
923,4,18mo.2mo.activity.log_ratio.max.5kb-20kb.enhancer_peak,down,0.06168072204853906
924,4,18mo.2mo.activity.log_ratio.min.5kb-20kb.enhancer_peak,down,-0.11971710168193367
925,4,18mo.2mo.activity.log_ratio.count.5kb-20kb.enhancer_peak,down,0.010241133442133366
926,4,18mo.9mo.activity.log_ratio.mean.5kb-20kb.enhancer_peak,down,0.007119694770421236
927,4,18mo.9mo.activity.log_ratio.median.5kb-20kb.enhancer_peak,down,-0.29806519373566265
928,4,18mo.9mo.activity.log_ratio.max.5kb-20kb.enhancer_peak,down,0.16564876196250555
929,4,18mo.9mo.activity.log_ratio.min.5kb-20kb.enhancer_peak,down,0.12081287161877834
930,4,18mo.9mo.activity.log_ratio.count.5kb-20kb.enhancer_peak,down,-0.06902186365567822
931,4,9mo.2mo.contact.log_ratio.count.5kb-20kb.enhancer_peak,down,0.018007526048256197
932,4,18mo.2mo.contact.log_ratio.mean.5kb-20kb.enhancer_peak,down,0.03527274004406575
933,4,18mo.2mo.contact.log_ratio.median.5kb-20kb.enhancer_peak,down,0.02594849544808759
934,4,18mo.2mo.contact.log_ratio.max.5kb-20kb.enhancer_peak,down,0.03345168613977567
935,4,18mo.2mo.contact.log_ratio.min.5kb-20kb.enhancer_peak,down,-0.032767981342133004
936,4,18mo.2mo.contact.log_ratio.count.5kb-20kb.enhancer_peak,down,0.010241133442133366
937,4,18mo.9mo.contact.log_ratio.mean.5kb-20kb.enhancer_peak,down,-0.007452684970314598
938,4,18mo.9mo.contact.log_ratio.median.5kb-20kb.enhancer_peak,down,0.08222868404625028
939,4,18mo.9mo.contact.log_ratio.max.5kb-20kb.enhancer_peak,down,-0.11902673708884111
940,4,18mo.9mo.contact.log_ratio.min.5kb-20kb.enhancer_peak,down,-0.000244832083007948
941,4,18mo.9mo.contact.log_ratio.count.5kb-20kb.enhancer_peak,down,-0.06902186365567822
942,4,9mo.2mo.activity.log_ratio.mean.20kb-5Mb.enhancer_peak,down,-0.006561551692305134
943,4,9mo.2mo.activity.log_ratio.median.20kb-5Mb.enhancer_peak,down,-0.131397729177681
944,4,9mo.2mo.activity.log_ratio.std.20kb-5Mb.enhancer_peak,down,0.10214083015225545
945,4,9mo.2mo.activity.log_ratio.max.20kb-5Mb.enhancer_peak,down,0.12342527667787331
946,4,9mo.2mo.activity.log_ratio.min.20kb-5Mb.enhancer_peak,down,0.28934770741111543
947,4,9mo.2mo.activity.log_ratio.count.20kb-5Mb.enhancer_peak,down,0.027322720821115396
948,4,18mo.2mo.activity.log_ratio.mean.20kb-5Mb.enhancer_peak,down,-0.004116064226671273
949,4,18mo.2mo.activity.log_ratio.median.20kb-5Mb.enhancer_peak,down,0.07458594035247974
950,4,18mo.2mo.activity.log_ratio.std.20kb-5Mb.enhancer_peak,down,0.06629654790901618
951,4,18mo.2mo.activity.log_ratio.max.20kb-5Mb.enhancer_peak,down,-0.024794129263652424
952,4,18mo.2mo.activity.log_ratio.min.20kb-5Mb.enhancer_peak,down,-0.01080250796377041
953,4,18mo.2mo.activity.log_ratio.count.20kb-5Mb.enhancer_peak,down,-0.015174676403880552
954,4,18mo.9mo.activity.log_ratio.mean.20kb-5Mb.enhancer_peak,down,-0.02091866969292328
955,4,18mo.9mo.activity.log_ratio.median.20kb-5Mb.enhancer_peak,down,0.09925744198821079
956,4,18mo.9mo.activity.log_ratio.std.20kb-5Mb.enhancer_peak,down,0.02488997496923732
957,4,18mo.9mo.activity.log_ratio.max.20kb-5Mb.enhancer_peak,down,-0.08045440960905591
958,4,18mo.9mo.activity.log_ratio.min.20kb-5Mb.enhancer_peak,down,-0.0036334720035299324
959,4,18mo.9mo.activity.log_ratio.count.20kb-5Mb.enhancer_peak,down,-0.049559439092417557
960,4,9mo.2mo.contact.log_ratio.mean.20kb-5Mb.enhancer_peak,down,0.05524068832091612
961,4,9mo.2mo.contact.log_ratio.median.20kb-5Mb.enhancer_peak,down,-0.194786155450673
962,4,9mo.2mo.contact.log_ratio.std.20kb-5Mb.enhancer_peak,down,-0.10284774354185898
963,4,9mo.2mo.contact.log_ratio.max.20kb-5Mb.enhancer_peak,down,0.17004125164303696
964,4,9mo.2mo.contact.log_ratio.min.20kb-5Mb.enhancer_peak,down,0.028554471673002145
965,4,9mo.2mo.contact.log_ratio.count.20kb-5Mb.enhancer_peak,down,0.027322720821115396
966,4,18mo.2mo.contact.log_ratio.mean.20kb-5Mb.enhancer_peak,down,-0.10764579934620222
967,4,18mo.2mo.contact.log_ratio.median.20kb-5Mb.enhancer_peak,down,0.0969562701150413
968,4,18mo.2mo.contact.log_ratio.std.20kb-5Mb.enhancer_peak,down,0.08860915415480827
969,4,18mo.2mo.contact.log_ratio.max.20kb-5Mb.enhancer_peak,down,0.007845766501478486
970,4,18mo.2mo.contact.log_ratio.min.20kb-5Mb.enhancer_peak,down,0.008907134861903787
971,4,18mo.2mo.contact.log_ratio.count.20kb-5Mb.enhancer_peak,down,-0.015174676403880552
972,4,18mo.9mo.contact.log_ratio.mean.20kb-5Mb.enhancer_peak,down,-0.0743752701338395
973,4,18mo.9mo.contact.log_ratio.median.20kb-5Mb.enhancer_peak,down,0.055594679224108386
974,4,18mo.9mo.contact.log_ratio.std.20kb-5Mb.enhancer_peak,down,-0.024066837987411157
975,4,18mo.9mo.contact.log_ratio.max.20kb-5Mb.enhancer_peak,down,0.08951861613155168
976,4,18mo.9mo.contact.log_ratio.min.20kb-5Mb.enhancer_peak,down,0.06088202643737725
977,4,18mo.9mo.contact.log_ratio.count.20kb-5Mb.enhancer_peak,down,-0.049559439092417557
978,4,count.enhancer_peak,down,-0.023232939369906478
979,4,rel_pos.DAR,down,-0.012518861518206735
980,4,9mo.2mo.log_ratio.DAR,down,-0.048256019618118644
981,4,18mo.9mo.log_ratio.DAR,down,-6.390218048232342e-05
982,4,18mo.2mo.log_ratio.DAR,down,-0.03765023449997751
983,4,count.DAR,down,0.0017001371109762518
984,4,size.log2.DMR,down,0.30131574944748385
985,4,rel_pos.DMR,down,-0.054669554623062624
986,4,9mo.2mo.log_ratio.DMR,down,-0.07253977022742919
987,4,18mo.9mo.log_ratio.DMR,down,0.09454063390227832
988,4,18mo.2mo.log_ratio.DMR,down,0.000667358569098552
989,4,distance.log2.DMR,down,-0.13652876320760252
990,4,count.DMR,down,-0.09224049060128227
991,4,Qanova.mean.loops,down,-0.002965497205137706
992,4,Qanova.median.loops,down,0.14343212393581098
993,4,Qanova.std.loops,down,-0.09073232814395694
994,4,Qanova.max.loops,down,-0.031230757145183103
995,4,Qanova.min.loops,down,-4.719820239514536e-08
996,4,Tanova.mean.loops,down,0.010214932330482974
997,4,Tanova.median.loops,down,-0.1360394310384022
998,4,Tanova.std.loops,down,0.030485022434225698
999,4,Tanova.max.loops,down,-0.05147726289069907
1000,4,Tanova.min.loops,down,-0.012010074250758224
1001,4,9mo.2mo.Q.mean.loops,down,-0.3677790794127432
1002,4,9mo.2mo.Q.median.loops,down,0.31024528062798246
1003,4,9mo.2mo.Q.std.loops,down,0.04299801195891326
1004,4,9mo.2mo.Q.max.loops,down,0.13525217692222502
1005,4,9mo.2mo.Q.min.loops,down,0.08881106618565436
1006,4,18mo.9mo.Q.mean.loops,down,-0.019850092961877435
1007,4,18mo.9mo.Q.median.loops,down,-0.02444311325300989
1008,4,18mo.9mo.Q.std.loops,down,0.030405675037788266
1009,4,18mo.9mo.Q.max.loops,down,0.2868861470254444
1010,4,18mo.9mo.Q.min.loops,down,-0.019115435458321547
1011,4,18mo.2mo.Q.mean.loops,down,-0.3142197265435061
1012,4,18mo.2mo.Q.median.loops,down,0.24736307807067298
1013,4,18mo.2mo.Q.std.loops,down,-0.020972084921591142
1014,4,18mo.2mo.Q.max.loops,down,-0.049889233594285584
1015,4,18mo.2mo.Q.min.loops,down,0.05041529165695713
1016,4,9mo.2mo.T.mean.loops,down,0.09177726476804454
1017,4,9mo.2mo.T.median.loops,down,-0.17211038390879027
1018,4,9mo.2mo.T.std.loops,down,0.027905919030153114
1019,4,9mo.2mo.T.max.loops,down,-0.06534371524725145
1020,4,9mo.2mo.T.min.loops,down,0.030283166413830886
1021,4,18mo.9mo.T.mean.loops,down,0.05338175166581036
1022,4,18mo.9mo.T.median.loops,down,0.022786145121995092
1023,4,18mo.9mo.T.std.loops,down,0.18303818149053178
1024,4,18mo.9mo.T.max.loops,down,-0.2538018202124595
1025,4,18mo.9mo.T.min.loops,down,0.00024120653548217428
1026,4,18mo.2mo.T.mean.loops,down,0.12993404961891974
1027,4,18mo.2mo.T.median.loops,down,-0.16102402399074398
1028,4,18mo.2mo.T.std.loops,down,-0.08100916945184682
1029,4,18mo.2mo.T.max.loops,down,-0.004957271793342986
1030,4,18mo.2mo.T.min.loops,down,0.06783890474869558
1031,4,loop_size.log.mean.loops,down,0.10300947339806933
1032,4,loop_size.log.median.loops,down,-0.0093692451907154
1033,4,loop_size.log.std.loops,down,0.12182053249367675
1034,4,loop_size.log.max.loops,down,0.1542935618019569
1035,4,loop_size.log.min.loops,down,0.04124476699232983
1036,4,min_distance.log.mean.loops,down,-0.08486295391895703
1037,4,min_distance.log.median.loops,down,-0.1462345258887221
1038,4,min_distance.log.std.loops,down,-0.09496914029984578
1039,4,min_distance.log.max.loops,down,-0.08049758612980724
1040,4,min_distance.log.min.loops,down,0.07387913357615623
1041,4,count.loops,down,0.16191613979505282
1042,4,9mo.2mo.log_ratio.mcg_genebody,down,0.05818559602270935
1043,4,18mo.9mo.log_ratio.mcg_genebody,down,-0.07835950786425107
1044,4,18mo.2mo.log_ratio.mcg_genebody,down,0.026178769139593806
1045,4,9mo.2mo.log_ratio.mch_genebody,down,1.2116923181969244e-06
1046,4,18mo.9mo.log_ratio.mch_genebody,down,0.019970929651080552
1047,4,18mo.2mo.log_ratio.mch_genebody,down,0.016762402176937745
1048,4,9mo.2mo.log_ratio.mean.atac,down,-0.2944259296904578
1049,4,18mo.9mo.log_ratio.mean.atac,down,-0.015264814879564348
1050,4,18mo.2mo.log_ratio.mean.atac,down,-0.28317605449258965
1051,4,log2_distance.mean.atac,down,0.2817792271409661
1052,4,9mo.2mo.log_ratio.std.atac,down,0.015667506811363224
1053,4,18mo.9mo.log_ratio.std.atac,down,0.11584309298399356
1054,4,18mo.2mo.log_ratio.std.atac,down,-0.025756642015679114
1055,4,log2_distance.std.atac,down,-0.22722410496437995
1056,4,9mo.2mo.log_ratio.max.atac,down,-0.04904917887745596
1057,4,18mo.9mo.log_ratio.max.atac,down,-0.09541631620551519
1058,4,18mo.2mo.log_ratio.max.atac,down,0.004232131247467015
1059,4,log2_distance.max.atac,down,0.0372882729605578
1060,4,9mo.2mo.log_ratio.min.atac,down,0.15796234274453153
1061,4,18mo.9mo.log_ratio.min.atac,down,0.03383165925359388
1062,4,18mo.2mo.log_ratio.min.atac,down,-0.028065601224493895
1063,4,log2_distance.min.atac,down,-0.21049129881629763
1064,4,count.atac,down,0.5072021394693368
1065,0,gene_length.meta,non,-0.20958878706700113
1066,0,9mo.2mo.activity.log_ratio.mean.5kb-20kb.enhancer_DMR,non,-0.05400695457237586
1067,0,9mo.2mo.activity.log_ratio.median.5kb-20kb.enhancer_DMR,non,0.1336751145754438
1068,0,9mo.2mo.activity.log_ratio.max.5kb-20kb.enhancer_DMR,non,-0.017644140127649553
1069,0,9mo.2mo.activity.log_ratio.min.5kb-20kb.enhancer_DMR,non,-0.22185938801048152
1070,0,9mo.2mo.activity.log_ratio.count.5kb-20kb.enhancer_DMR,non,-0.279112282935078
1071,0,18mo.2mo.activity.log_ratio.mean.5kb-20kb.enhancer_DMR,non,-0.11532933022773918
1072,0,18mo.2mo.activity.log_ratio.median.5kb-20kb.enhancer_DMR,non,0.3126712464879954
1073,0,18mo.2mo.activity.log_ratio.max.5kb-20kb.enhancer_DMR,non,0.16809391973620413
1074,0,18mo.2mo.activity.log_ratio.min.5kb-20kb.enhancer_DMR,non,-0.1610035470510203
1075,0,18mo.2mo.activity.log_ratio.count.5kb-20kb.enhancer_DMR,non,0.18928746659065976
1076,0,18mo.9mo.activity.log_ratio.mean.5kb-20kb.enhancer_DMR,non,-0.0875819682793917
1077,0,18mo.9mo.activity.log_ratio.median.5kb-20kb.enhancer_DMR,non,-0.17873066188227515
1078,0,18mo.9mo.activity.log_ratio.max.5kb-20kb.enhancer_DMR,non,0.01646668432560788
1079,0,18mo.9mo.activity.log_ratio.min.5kb-20kb.enhancer_DMR,non,0.23158763484002184
1080,0,18mo.9mo.activity.log_ratio.count.5kb-20kb.enhancer_DMR,non,0.03204725980549152
1081,0,9mo.2mo.contact.log_ratio.mean.5kb-20kb.enhancer_DMR,non,-1.3975212456460693e-07
1082,0,9mo.2mo.contact.log_ratio.median.5kb-20kb.enhancer_DMR,non,-0.04195645518549257
1083,0,9mo.2mo.contact.log_ratio.max.5kb-20kb.enhancer_DMR,non,0.12443307412058836
1084,0,9mo.2mo.contact.log_ratio.min.5kb-20kb.enhancer_DMR,non,0.058719622023708895
1085,0,9mo.2mo.contact.log_ratio.count.5kb-20kb.enhancer_DMR,non,-0.279112282935078
1086,0,18mo.2mo.contact.log_ratio.mean.5kb-20kb.enhancer_DMR,non,-0.0032345971977723997
1087,0,18mo.2mo.contact.log_ratio.median.5kb-20kb.enhancer_DMR,non,-0.37950085967537855
1088,0,18mo.2mo.contact.log_ratio.max.5kb-20kb.enhancer_DMR,non,-0.04091197390138016
1089,0,18mo.2mo.contact.log_ratio.min.5kb-20kb.enhancer_DMR,non,0.4157375926490156
1090,0,18mo.2mo.contact.log_ratio.count.5kb-20kb.enhancer_DMR,non,0.18928746659065976
1091,0,18mo.9mo.contact.log_ratio.mean.5kb-20kb.enhancer_DMR,non,0.09208029431531631
1092,0,18mo.9mo.contact.log_ratio.median.5kb-20kb.enhancer_DMR,non,-0.07802801078115505
1093,0,18mo.9mo.contact.log_ratio.max.5kb-20kb.enhancer_DMR,non,0.39866107883721064
1094,0,18mo.9mo.contact.log_ratio.min.5kb-20kb.enhancer_DMR,non,-0.2809085309136428
1095,0,18mo.9mo.contact.log_ratio.count.5kb-20kb.enhancer_DMR,non,0.03204725980549152
1096,0,9mo.2mo.activity.log_ratio.mean.20kb-5Mb.enhancer_DMR,non,-0.006147750176928002
1097,0,9mo.2mo.activity.log_ratio.median.20kb-5Mb.enhancer_DMR,non,-0.03585284951740607
1098,0,9mo.2mo.activity.log_ratio.max.20kb-5Mb.enhancer_DMR,non,0.13564658139955785
1099,0,9mo.2mo.activity.log_ratio.min.20kb-5Mb.enhancer_DMR,non,0.01891085236322365
1100,0,9mo.2mo.activity.log_ratio.count.20kb-5Mb.enhancer_DMR,non,0.03355477278357916
1101,0,18mo.2mo.activity.log_ratio.mean.20kb-5Mb.enhancer_DMR,non,-0.09113240367386287
1102,0,18mo.2mo.activity.log_ratio.median.20kb-5Mb.enhancer_DMR,non,0.09515193268146845
1103,0,18mo.2mo.activity.log_ratio.max.20kb-5Mb.enhancer_DMR,non,-0.11450682184746444
1104,0,18mo.2mo.activity.log_ratio.min.20kb-5Mb.enhancer_DMR,non,0.06251140568933004
1105,0,18mo.2mo.activity.log_ratio.count.20kb-5Mb.enhancer_DMR,non,0.08469533511276532
1106,0,18mo.9mo.activity.log_ratio.mean.20kb-5Mb.enhancer_DMR,non,-0.012180244173559323
1107,0,18mo.9mo.activity.log_ratio.median.20kb-5Mb.enhancer_DMR,non,0.03885823750322762
1108,0,18mo.9mo.activity.log_ratio.max.20kb-5Mb.enhancer_DMR,non,0.09790798826909856
1109,0,18mo.9mo.activity.log_ratio.min.20kb-5Mb.enhancer_DMR,non,-0.06963241456399277
1110,0,18mo.9mo.activity.log_ratio.count.20kb-5Mb.enhancer_DMR,non,-0.08480503833517343
1111,0,9mo.2mo.contact.log_ratio.mean.20kb-5Mb.enhancer_DMR,non,0.0543155325976261
1112,0,9mo.2mo.contact.log_ratio.median.20kb-5Mb.enhancer_DMR,non,-0.19035553087373555
1113,0,9mo.2mo.contact.log_ratio.max.20kb-5Mb.enhancer_DMR,non,0.1172171901083113
1114,0,9mo.2mo.contact.log_ratio.min.20kb-5Mb.enhancer_DMR,non,0.11983047899434843
1115,0,9mo.2mo.contact.log_ratio.count.20kb-5Mb.enhancer_DMR,non,0.03355477278357916
1116,0,18mo.2mo.contact.log_ratio.mean.20kb-5Mb.enhancer_DMR,non,0.0032701646163320326
1117,0,18mo.2mo.contact.log_ratio.median.20kb-5Mb.enhancer_DMR,non,0.12166354281141553
1118,0,18mo.2mo.contact.log_ratio.max.20kb-5Mb.enhancer_DMR,non,0.038666000505846024
1119,0,18mo.2mo.contact.log_ratio.min.20kb-5Mb.enhancer_DMR,non,-0.2644609599804034
1120,0,18mo.2mo.contact.log_ratio.count.20kb-5Mb.enhancer_DMR,non,0.08469533511276532
1121,0,18mo.9mo.contact.log_ratio.mean.20kb-5Mb.enhancer_DMR,non,0.003917384675125734
1122,0,18mo.9mo.contact.log_ratio.median.20kb-5Mb.enhancer_DMR,non,0.0950393807366341
1123,0,18mo.9mo.contact.log_ratio.max.20kb-5Mb.enhancer_DMR,non,-0.13819380930513367
1124,0,18mo.9mo.contact.log_ratio.min.20kb-5Mb.enhancer_DMR,non,0.09225186762728348
1125,0,18mo.9mo.contact.log_ratio.count.20kb-5Mb.enhancer_DMR,non,-0.08480503833517343
1126,0,count.enhancer_DMR,non,-0.07879869753375963
1127,0,9mo.2mo.activity.log_ratio.count.0-5kb.enhancer_peak,non,-0.07940350418616729
1128,0,18mo.2mo.activity.log_ratio.count.0-5kb.enhancer_peak,non,0.0730066200433422
1129,0,18mo.9mo.activity.log_ratio.count.0-5kb.enhancer_peak,non,0.06989980393372534
1130,0,9mo.2mo.contact.log_ratio.count.0-5kb.enhancer_peak,non,-0.07940350418616729
1131,0,18mo.2mo.contact.log_ratio.count.0-5kb.enhancer_peak,non,0.0730066200433422
1132,0,18mo.9mo.contact.log_ratio.count.0-5kb.enhancer_peak,non,0.06989980393372534
1133,0,9mo.2mo.activity.log_ratio.count.5kb-20kb.enhancer_peak,non,0.06137338059110172
1134,0,18mo.2mo.activity.log_ratio.mean.5kb-20kb.enhancer_peak,non,-0.047122611908734506
1135,0,18mo.2mo.activity.log_ratio.median.5kb-20kb.enhancer_peak,non,-0.13614531509568695
1136,0,18mo.2mo.activity.log_ratio.max.5kb-20kb.enhancer_peak,non,0.041116118094598406
1137,0,18mo.2mo.activity.log_ratio.min.5kb-20kb.enhancer_peak,non,0.0
1138,0,18mo.2mo.activity.log_ratio.count.5kb-20kb.enhancer_peak,non,-0.07027733176640034
1139,0,18mo.9mo.activity.log_ratio.mean.5kb-20kb.enhancer_peak,non,0.0
1140,0,18mo.9mo.activity.log_ratio.median.5kb-20kb.enhancer_peak,non,0.2271565760113902
1141,0,18mo.9mo.activity.log_ratio.max.5kb-20kb.enhancer_peak,non,-0.18284014220642106
1142,0,18mo.9mo.activity.log_ratio.min.5kb-20kb.enhancer_peak,non,-0.05733936191500233
1143,0,18mo.9mo.activity.log_ratio.count.5kb-20kb.enhancer_peak,non,0.08447774826905581
1144,0,9mo.2mo.contact.log_ratio.count.5kb-20kb.enhancer_peak,non,0.06137338059110172
1145,0,18mo.2mo.contact.log_ratio.mean.5kb-20kb.enhancer_peak,non,0.028411891000662597
1146,0,18mo.2mo.contact.log_ratio.median.5kb-20kb.enhancer_peak,non,0.1450295574799209
1147,0,18mo.2mo.contact.log_ratio.max.5kb-20kb.enhancer_peak,non,-0.24482850286251875
1148,0,18mo.2mo.contact.log_ratio.min.5kb-20kb.enhancer_peak,non,-0.00032405537663481054
1149,0,18mo.2mo.contact.log_ratio.count.5kb-20kb.enhancer_peak,non,-0.07027733176640034
1150,0,18mo.9mo.contact.log_ratio.mean.5kb-20kb.enhancer_peak,non,0.032803023136191774
1151,0,18mo.9mo.contact.log_ratio.median.5kb-20kb.enhancer_peak,non,-0.20935044737234093
1152,0,18mo.9mo.contact.log_ratio.max.5kb-20kb.enhancer_peak,non,0.1796999690826859
1153,0,18mo.9mo.contact.log_ratio.min.5kb-20kb.enhancer_peak,non,0.07046424532911376
1154,0,18mo.9mo.contact.log_ratio.count.5kb-20kb.enhancer_peak,non,0.08447774826905581
1155,0,9mo.2mo.activity.log_ratio.mean.20kb-5Mb.enhancer_peak,non,0.023362708170497595
1156,0,9mo.2mo.activity.log_ratio.median.20kb-5Mb.enhancer_peak,non,-0.0157487399786764
1157,0,9mo.2mo.activity.log_ratio.std.20kb-5Mb.enhancer_peak,non,0.09518009719829673
1158,0,9mo.2mo.activity.log_ratio.max.20kb-5Mb.enhancer_peak,non,-0.09792448450387045
1159,0,9mo.2mo.activity.log_ratio.min.20kb-5Mb.enhancer_peak,non,0.0633861618884718
1160,0,9mo.2mo.activity.log_ratio.count.20kb-5Mb.enhancer_peak,non,0.08481199071583366
1161,0,18mo.2mo.activity.log_ratio.mean.20kb-5Mb.enhancer_peak,non,-0.016415353008116175
1162,0,18mo.2mo.activity.log_ratio.median.20kb-5Mb.enhancer_peak,non,0.31278560295133934
1163,0,18mo.2mo.activity.log_ratio.std.20kb-5Mb.enhancer_peak,non,0.02380355658163763
1164,0,18mo.2mo.activity.log_ratio.max.20kb-5Mb.enhancer_peak,non,-0.049682885081507686
1165,0,18mo.2mo.activity.log_ratio.min.20kb-5Mb.enhancer_peak,non,-0.10069041021670008
1166,0,18mo.2mo.activity.log_ratio.count.20kb-5Mb.enhancer_peak,non,-0.044742604774986774
1167,0,18mo.9mo.activity.log_ratio.mean.20kb-5Mb.enhancer_peak,non,-0.1113715735262676
1168,0,18mo.9mo.activity.log_ratio.median.20kb-5Mb.enhancer_peak,non,-0.010929640520982359
1169,0,18mo.9mo.activity.log_ratio.std.20kb-5Mb.enhancer_peak,non,0.26575811357336265
1170,0,18mo.9mo.activity.log_ratio.max.20kb-5Mb.enhancer_peak,non,-0.184610331922052
1171,0,18mo.9mo.activity.log_ratio.min.20kb-5Mb.enhancer_peak,non,0.3235550361799952
1172,0,18mo.9mo.activity.log_ratio.count.20kb-5Mb.enhancer_peak,non,0.0
1173,0,9mo.2mo.contact.log_ratio.mean.20kb-5Mb.enhancer_peak,non,-0.15813172822585198
1174,0,9mo.2mo.contact.log_ratio.median.20kb-5Mb.enhancer_peak,non,0.08711456202174953
1175,0,9mo.2mo.contact.log_ratio.std.20kb-5Mb.enhancer_peak,non,0.03023503881962143
1176,0,9mo.2mo.contact.log_ratio.max.20kb-5Mb.enhancer_peak,non,0.049086840093109
1177,0,9mo.2mo.contact.log_ratio.min.20kb-5Mb.enhancer_peak,non,0.1444215806469475
1178,0,9mo.2mo.contact.log_ratio.count.20kb-5Mb.enhancer_peak,non,0.08481199071583366
1179,0,18mo.2mo.contact.log_ratio.mean.20kb-5Mb.enhancer_peak,non,0.034693645327763874
1180,0,18mo.2mo.contact.log_ratio.median.20kb-5Mb.enhancer_peak,non,0.0
1181,0,18mo.2mo.contact.log_ratio.std.20kb-5Mb.enhancer_peak,non,-0.13536230738633998
1182,0,18mo.2mo.contact.log_ratio.max.20kb-5Mb.enhancer_peak,non,0.18682315733834495
1183,0,18mo.2mo.contact.log_ratio.min.20kb-5Mb.enhancer_peak,non,-0.18869690487185892
1184,0,18mo.2mo.contact.log_ratio.count.20kb-5Mb.enhancer_peak,non,-0.044742604774986774
1185,0,18mo.9mo.contact.log_ratio.mean.20kb-5Mb.enhancer_peak,non,0.050765365815917333
1186,0,18mo.9mo.contact.log_ratio.median.20kb-5Mb.enhancer_peak,non,-0.04739143482816861
1187,0,18mo.9mo.contact.log_ratio.std.20kb-5Mb.enhancer_peak,non,-0.01643259228069922
1188,0,18mo.9mo.contact.log_ratio.max.20kb-5Mb.enhancer_peak,non,0.01251627203729844
1189,0,18mo.9mo.contact.log_ratio.min.20kb-5Mb.enhancer_peak,non,-0.03648482861797525
1190,0,18mo.9mo.contact.log_ratio.count.20kb-5Mb.enhancer_peak,non,0.0
1191,0,count.enhancer_peak,non,-0.017233363544821946
1192,0,rel_pos.DAR,non,-0.09039481939739415
1193,0,9mo.2mo.log_ratio.DAR,non,-0.04324313031884625
1194,0,18mo.9mo.log_ratio.DAR,non,0.03251600784482222
1195,0,18mo.2mo.log_ratio.DAR,non,-0.010671843662978575
1196,0,count.DAR,non,-0.1606133666938574
1197,0,size.log2.DMR,non,-0.08657329612887621
1198,0,rel_pos.DMR,non,-0.06951109279923479
1199,0,9mo.2mo.log_ratio.DMR,non,1.5093071670547182e-07
1200,0,18mo.9mo.log_ratio.DMR,non,-0.039397942535638594
1201,0,18mo.2mo.log_ratio.DMR,non,-0.00503577950992628
1202,0,distance.log2.DMR,non,0.2889402922116939
1203,0,count.DMR,non,-0.11594569338375575
1204,0,Qanova.mean.loops,non,0.04653054340788493
1205,0,Qanova.median.loops,non,0.20714037959186074
1206,0,Qanova.std.loops,non,-0.13864014526504617
1207,0,Qanova.max.loops,non,-0.15792961067784186
1208,0,Qanova.min.loops,non,0.014738357074454464
1209,0,Tanova.mean.loops,non,0.0610619847173235
1210,0,Tanova.median.loops,non,0.02718407092315951
1211,0,Tanova.std.loops,non,-0.1601895181531157
1212,0,Tanova.max.loops,non,-0.10152425967621426
1213,0,Tanova.min.loops,non,-0.0005292364232927095
1214,0,9mo.2mo.Q.mean.loops,non,-0.10429476451120824
1215,0,9mo.2mo.Q.median.loops,non,0.014084060990263532
1216,0,9mo.2mo.Q.std.loops,non,0.09405888059882864
1217,0,9mo.2mo.Q.max.loops,non,0.10754239811419751
1218,0,9mo.2mo.Q.min.loops,non,-0.007773002289653713
1219,0,18mo.9mo.Q.mean.loops,non,-0.0721222194089045
1220,0,18mo.9mo.Q.median.loops,non,-0.05116771335713331
1221,0,18mo.9mo.Q.std.loops,non,-0.00945430139286753
1222,0,18mo.9mo.Q.max.loops,non,0.14374070588855384
1223,0,18mo.9mo.Q.min.loops,non,-0.17235877125598895
1224,0,18mo.2mo.Q.mean.loops,non,-0.20251811251951948
1225,0,18mo.2mo.Q.median.loops,non,0.13019143775760925
1226,0,18mo.2mo.Q.std.loops,non,0.18221959372355795
1227,0,18mo.2mo.Q.max.loops,non,0.013426196489575817
1228,0,18mo.2mo.Q.min.loops,non,0.057702521059594086
1229,0,9mo.2mo.T.mean.loops,non,0.2782648569948087
1230,0,9mo.2mo.T.median.loops,non,-0.17315024358730413
1231,0,9mo.2mo.T.std.loops,non,-0.11395176753928
1232,0,9mo.2mo.T.max.loops,non,-0.017742539793721684
1233,0,9mo.2mo.T.min.loops,non,-0.2147868153822734
1234,0,18mo.9mo.T.mean.loops,non,-0.15158682337027932
1235,0,18mo.9mo.T.median.loops,non,0.12227729739978517
1236,0,18mo.9mo.T.std.loops,non,-0.04104206083963725
1237,0,18mo.9mo.T.max.loops,non,0.19276546640378364
1238,0,18mo.9mo.T.min.loops,non,0.018049924380551263
1239,0,18mo.2mo.T.mean.loops,non,0.012126257047364093
1240,0,18mo.2mo.T.median.loops,non,-0.26134428958362105
1241,0,18mo.2mo.T.std.loops,non,-0.020912587338904602
1242,0,18mo.2mo.T.max.loops,non,0.1274862330555215
1243,0,18mo.2mo.T.min.loops,non,0.12371985238138054
1244,0,loop_size.log.mean.loops,non,0.10941910018047146
1245,0,loop_size.log.median.loops,non,0.02788508689170285
1246,0,loop_size.log.std.loops,non,0.0005718038909962547
1247,0,loop_size.log.max.loops,non,0.16713774037570003
1248,0,loop_size.log.min.loops,non,0.1540974384704885
1249,0,min_distance.log.mean.loops,non,-0.08086131734060834
1250,0,min_distance.log.median.loops,non,-0.08392757685212177
1251,0,min_distance.log.std.loops,non,-0.05542246189139272
1252,0,min_distance.log.max.loops,non,-0.2534065786817446
1253,0,min_distance.log.min.loops,non,-0.18063194379811054
1254,0,count.loops,non,0.013262843835447765
1255,0,9mo.2mo.log_ratio.mcg_genebody,non,0.011462270597690715
1256,0,18mo.9mo.log_ratio.mcg_genebody,non,0.08332047072932003
1257,0,18mo.2mo.log_ratio.mcg_genebody,non,0.09626531165715323
1258,0,9mo.2mo.log_ratio.mch_genebody,non,0.028173460313750533
1259,0,18mo.9mo.log_ratio.mch_genebody,non,0.005830224743820701
1260,0,18mo.2mo.log_ratio.mch_genebody,non,0.056923639396815794
1261,0,9mo.2mo.log_ratio.mean.atac,non,-0.07301118803256126
1262,0,18mo.9mo.log_ratio.mean.atac,non,0.03618779151589524
1263,0,18mo.2mo.log_ratio.mean.atac,non,-0.04721210030103544
1264,0,log2_distance.mean.atac,non,0.06138081297800423
1265,0,9mo.2mo.log_ratio.std.atac,non,3.2463796776462152e-06
1266,0,18mo.9mo.log_ratio.std.atac,non,0.1913938989079659
1267,0,18mo.2mo.log_ratio.std.atac,non,0.06574008715090306
1268,0,log2_distance.std.atac,non,-0.055613872059723686
1269,0,9mo.2mo.log_ratio.max.atac,non,-0.023658575430546756
1270,0,18mo.9mo.log_ratio.max.atac,non,-0.1502916593574932
1271,0,18mo.2mo.log_ratio.max.atac,non,-0.023338241375357133
1272,0,log2_distance.max.atac,non,-0.11743034954741967
1273,0,9mo.2mo.log_ratio.min.atac,non,0.0866112828744921
1274,0,18mo.9mo.log_ratio.min.atac,non,0.013502459722210978
1275,0,18mo.2mo.log_ratio.min.atac,non,0.052096926211912385
1276,0,log2_distance.min.atac,non,0.038085104019125814
1277,0,count.atac,non,0.4650548603175282
1278,1,gene_length.meta,non,-0.2765108247678344
1279,1,9mo.2mo.activity.log_ratio.mean.5kb-20kb.enhancer_DMR,non,0.03068069299728373
1280,1,9mo.2mo.activity.log_ratio.median.5kb-20kb.enhancer_DMR,non,0.15678048049082738
1281,1,9mo.2mo.activity.log_ratio.max.5kb-20kb.enhancer_DMR,non,-0.19801014283855695
1282,1,9mo.2mo.activity.log_ratio.min.5kb-20kb.enhancer_DMR,non,-0.1117955244782079
1283,1,9mo.2mo.activity.log_ratio.count.5kb-20kb.enhancer_DMR,non,-0.16727482030140656
1284,1,18mo.2mo.activity.log_ratio.mean.5kb-20kb.enhancer_DMR,non,-0.005998056386488974
1285,1,18mo.2mo.activity.log_ratio.median.5kb-20kb.enhancer_DMR,non,0.11866979066036099
1286,1,18mo.2mo.activity.log_ratio.max.5kb-20kb.enhancer_DMR,non,0.17673013306842136
1287,1,18mo.2mo.activity.log_ratio.min.5kb-20kb.enhancer_DMR,non,-0.12179824236502473
1288,1,18mo.2mo.activity.log_ratio.count.5kb-20kb.enhancer_DMR,non,0.14532945685021528
1289,1,18mo.9mo.activity.log_ratio.mean.5kb-20kb.enhancer_DMR,non,-0.032656969281065915
1290,1,18mo.9mo.activity.log_ratio.median.5kb-20kb.enhancer_DMR,non,-0.0842127153553079
1291,1,18mo.9mo.activity.log_ratio.max.5kb-20kb.enhancer_DMR,non,-0.06077003722125809
1292,1,18mo.9mo.activity.log_ratio.min.5kb-20kb.enhancer_DMR,non,0.16602200115566218
1293,1,18mo.9mo.activity.log_ratio.count.5kb-20kb.enhancer_DMR,non,-0.007444045026211338
1294,1,9mo.2mo.contact.log_ratio.mean.5kb-20kb.enhancer_DMR,non,-0.01785422759311705
1295,1,9mo.2mo.contact.log_ratio.median.5kb-20kb.enhancer_DMR,non,0.00026591771617853505
1296,1,9mo.2mo.contact.log_ratio.max.5kb-20kb.enhancer_DMR,non,0.09322798038857587
1297,1,9mo.2mo.contact.log_ratio.min.5kb-20kb.enhancer_DMR,non,0.02539412694295087
1298,1,9mo.2mo.contact.log_ratio.count.5kb-20kb.enhancer_DMR,non,-0.16727482030140656
1299,1,18mo.2mo.contact.log_ratio.mean.5kb-20kb.enhancer_DMR,non,0.02344006066854628
1300,1,18mo.2mo.contact.log_ratio.median.5kb-20kb.enhancer_DMR,non,0.0004567165491456155
1301,1,18mo.2mo.contact.log_ratio.max.5kb-20kb.enhancer_DMR,non,-0.20421999216803666
1302,1,18mo.2mo.contact.log_ratio.min.5kb-20kb.enhancer_DMR,non,0.2220698636216597
1303,1,18mo.2mo.contact.log_ratio.count.5kb-20kb.enhancer_DMR,non,0.14532945685021528
1304,1,18mo.9mo.contact.log_ratio.mean.5kb-20kb.enhancer_DMR,non,0.10694442098533756
1305,1,18mo.9mo.contact.log_ratio.median.5kb-20kb.enhancer_DMR,non,0.14168221425507035
1306,1,18mo.9mo.contact.log_ratio.max.5kb-20kb.enhancer_DMR,non,0.14331962094414324
1307,1,18mo.9mo.contact.log_ratio.min.5kb-20kb.enhancer_DMR,non,-0.29542281305370865
1308,1,18mo.9mo.contact.log_ratio.count.5kb-20kb.enhancer_DMR,non,-0.007444045026211338
1309,1,9mo.2mo.activity.log_ratio.mean.20kb-5Mb.enhancer_DMR,non,-0.030347766037100758
1310,1,9mo.2mo.activity.log_ratio.median.20kb-5Mb.enhancer_DMR,non,0.008156366070115318
1311,1,9mo.2mo.activity.log_ratio.max.20kb-5Mb.enhancer_DMR,non,0.046486129761123915
1312,1,9mo.2mo.activity.log_ratio.min.20kb-5Mb.enhancer_DMR,non,-0.02309505342680416
1313,1,9mo.2mo.activity.log_ratio.count.20kb-5Mb.enhancer_DMR,non,-0.017584280860338784
1314,1,18mo.2mo.activity.log_ratio.mean.20kb-5Mb.enhancer_DMR,non,-0.012481826840125214
1315,1,18mo.2mo.activity.log_ratio.median.20kb-5Mb.enhancer_DMR,non,-0.028193763228598186
1316,1,18mo.2mo.activity.log_ratio.max.20kb-5Mb.enhancer_DMR,non,-0.05870039351900337
1317,1,18mo.2mo.activity.log_ratio.min.20kb-5Mb.enhancer_DMR,non,0.046995948121726444
1318,1,18mo.2mo.activity.log_ratio.count.20kb-5Mb.enhancer_DMR,non,0.07362011764402039
1319,1,18mo.9mo.activity.log_ratio.mean.20kb-5Mb.enhancer_DMR,non,0.06558243518601749
1320,1,18mo.9mo.activity.log_ratio.median.20kb-5Mb.enhancer_DMR,non,-0.0007073941017392146
1321,1,18mo.9mo.activity.log_ratio.max.20kb-5Mb.enhancer_DMR,non,0.0563851541442346
1322,1,18mo.9mo.activity.log_ratio.min.20kb-5Mb.enhancer_DMR,non,-0.06094205794118496
1323,1,18mo.9mo.activity.log_ratio.count.20kb-5Mb.enhancer_DMR,non,9.684550125156217e-05
1324,1,9mo.2mo.contact.log_ratio.mean.20kb-5Mb.enhancer_DMR,non,0.12472798694049507
1325,1,9mo.2mo.contact.log_ratio.median.20kb-5Mb.enhancer_DMR,non,-0.0927973930579197
1326,1,9mo.2mo.contact.log_ratio.max.20kb-5Mb.enhancer_DMR,non,-0.04708210985009809
1327,1,9mo.2mo.contact.log_ratio.min.20kb-5Mb.enhancer_DMR,non,0.01290973046267125
1328,1,9mo.2mo.contact.log_ratio.count.20kb-5Mb.enhancer_DMR,non,-0.017584280860338784
1329,1,18mo.2mo.contact.log_ratio.mean.20kb-5Mb.enhancer_DMR,non,0.05181415806841955
1330,1,18mo.2mo.contact.log_ratio.median.20kb-5Mb.enhancer_DMR,non,0.060090981208049475
1331,1,18mo.2mo.contact.log_ratio.max.20kb-5Mb.enhancer_DMR,non,-0.0261515388815655
1332,1,18mo.2mo.contact.log_ratio.min.20kb-5Mb.enhancer_DMR,non,-0.16940019105392523
1333,1,18mo.2mo.contact.log_ratio.count.20kb-5Mb.enhancer_DMR,non,0.07362011764402039
1334,1,18mo.9mo.contact.log_ratio.mean.20kb-5Mb.enhancer_DMR,non,-0.031390018427877905
1335,1,18mo.9mo.contact.log_ratio.median.20kb-5Mb.enhancer_DMR,non,-0.08694329324119031
1336,1,18mo.9mo.contact.log_ratio.max.20kb-5Mb.enhancer_DMR,non,-0.052326034441518565
1337,1,18mo.9mo.contact.log_ratio.min.20kb-5Mb.enhancer_DMR,non,0.11151583637835266
1338,1,18mo.9mo.contact.log_ratio.count.20kb-5Mb.enhancer_DMR,non,9.684550125156217e-05
1339,1,count.enhancer_DMR,non,-0.0018625152600755862
1340,1,9mo.2mo.activity.log_ratio.count.0-5kb.enhancer_peak,non,-0.022318227754111377
1341,1,18mo.2mo.activity.log_ratio.count.0-5kb.enhancer_peak,non,0.047709515193055586
1342,1,18mo.9mo.activity.log_ratio.count.0-5kb.enhancer_peak,non,0.05002576716194121
1343,1,9mo.2mo.contact.log_ratio.count.0-5kb.enhancer_peak,non,-0.022318227754111377
1344,1,18mo.2mo.contact.log_ratio.count.0-5kb.enhancer_peak,non,0.047709515193055586
1345,1,18mo.9mo.contact.log_ratio.count.0-5kb.enhancer_peak,non,0.05002576716194121
1346,1,9mo.2mo.activity.log_ratio.count.5kb-20kb.enhancer_peak,non,0.08754059708187487
1347,1,18mo.2mo.activity.log_ratio.mean.5kb-20kb.enhancer_peak,non,-0.023751279889159364
1348,1,18mo.2mo.activity.log_ratio.median.5kb-20kb.enhancer_peak,non,-0.12460376077530717
1349,1,18mo.2mo.activity.log_ratio.max.5kb-20kb.enhancer_peak,non,0.06375236862405866
1350,1,18mo.2mo.activity.log_ratio.min.5kb-20kb.enhancer_peak,non,0.005827168893598911
1351,1,18mo.2mo.activity.log_ratio.count.5kb-20kb.enhancer_peak,non,-0.020972416884841007
1352,1,18mo.9mo.activity.log_ratio.mean.5kb-20kb.enhancer_peak,non,-0.0001139617789839625
1353,1,18mo.9mo.activity.log_ratio.median.5kb-20kb.enhancer_peak,non,0.09848274807299826
1354,1,18mo.9mo.activity.log_ratio.max.5kb-20kb.enhancer_peak,non,-0.001323337107129826
1355,1,18mo.9mo.activity.log_ratio.min.5kb-20kb.enhancer_peak,non,-0.13320316620647896
1356,1,18mo.9mo.activity.log_ratio.count.5kb-20kb.enhancer_peak,non,-0.042295692933098615
1357,1,9mo.2mo.contact.log_ratio.count.5kb-20kb.enhancer_peak,non,0.08754059708187487
1358,1,18mo.2mo.contact.log_ratio.mean.5kb-20kb.enhancer_peak,non,0.015420410103481944
1359,1,18mo.2mo.contact.log_ratio.median.5kb-20kb.enhancer_peak,non,0.08348763998003092
1360,1,18mo.2mo.contact.log_ratio.max.5kb-20kb.enhancer_peak,non,-0.13339971591936764
1361,1,18mo.2mo.contact.log_ratio.min.5kb-20kb.enhancer_peak,non,-0.008465361824901376
1362,1,18mo.2mo.contact.log_ratio.count.5kb-20kb.enhancer_peak,non,-0.020972416884841007
1363,1,18mo.9mo.contact.log_ratio.mean.5kb-20kb.enhancer_peak,non,-0.0044428908062707235
1364,1,18mo.9mo.contact.log_ratio.median.5kb-20kb.enhancer_peak,non,-0.03026984315638424
1365,1,18mo.9mo.contact.log_ratio.max.5kb-20kb.enhancer_peak,non,-0.04727456283100399
1366,1,18mo.9mo.contact.log_ratio.min.5kb-20kb.enhancer_peak,non,0.02975647760517896
1367,1,18mo.9mo.contact.log_ratio.count.5kb-20kb.enhancer_peak,non,-0.042295692933098615
1368,1,9mo.2mo.activity.log_ratio.mean.20kb-5Mb.enhancer_peak,non,-0.04518751166356593
1369,1,9mo.2mo.activity.log_ratio.median.20kb-5Mb.enhancer_peak,non,-0.1171764513789444
1370,1,9mo.2mo.activity.log_ratio.std.20kb-5Mb.enhancer_peak,non,0.2694783615082423
1371,1,9mo.2mo.activity.log_ratio.max.20kb-5Mb.enhancer_peak,non,-0.14279630303644492
1372,1,9mo.2mo.activity.log_ratio.min.20kb-5Mb.enhancer_peak,non,0.2822489084150896
1373,1,9mo.2mo.activity.log_ratio.count.20kb-5Mb.enhancer_peak,non,0.04407645778123281
1374,1,18mo.2mo.activity.log_ratio.mean.20kb-5Mb.enhancer_peak,non,-0.0015050102600127834
1375,1,18mo.2mo.activity.log_ratio.median.20kb-5Mb.enhancer_peak,non,0.16657270904692117
1376,1,18mo.2mo.activity.log_ratio.std.20kb-5Mb.enhancer_peak,non,-0.032664617051988455
1377,1,18mo.2mo.activity.log_ratio.max.20kb-5Mb.enhancer_peak,non,-0.06087391228325463
1378,1,18mo.2mo.activity.log_ratio.min.20kb-5Mb.enhancer_peak,non,0.0006083188238006061
1379,1,18mo.2mo.activity.log_ratio.count.20kb-5Mb.enhancer_peak,non,0.09443426960625477
1380,1,18mo.9mo.activity.log_ratio.mean.20kb-5Mb.enhancer_peak,non,-0.07257115194205713
1381,1,18mo.9mo.activity.log_ratio.median.20kb-5Mb.enhancer_peak,non,-0.036163245390828984
1382,1,18mo.9mo.activity.log_ratio.std.20kb-5Mb.enhancer_peak,non,0.258035668871186
1383,1,18mo.9mo.activity.log_ratio.max.20kb-5Mb.enhancer_peak,non,-0.15266400901931892
1384,1,18mo.9mo.activity.log_ratio.min.20kb-5Mb.enhancer_peak,non,0.3069203704795873
1385,1,18mo.9mo.activity.log_ratio.count.20kb-5Mb.enhancer_peak,non,-0.040389544533385606
1386,1,9mo.2mo.contact.log_ratio.mean.20kb-5Mb.enhancer_peak,non,-0.20092469242619346
1387,1,9mo.2mo.contact.log_ratio.median.20kb-5Mb.enhancer_peak,non,0.14757118835065272
1388,1,9mo.2mo.contact.log_ratio.std.20kb-5Mb.enhancer_peak,non,-0.02243430627050691
1389,1,9mo.2mo.contact.log_ratio.max.20kb-5Mb.enhancer_peak,non,0.07863894188014689
1390,1,9mo.2mo.contact.log_ratio.min.20kb-5Mb.enhancer_peak,non,0.07056203168344638
1391,1,9mo.2mo.contact.log_ratio.count.20kb-5Mb.enhancer_peak,non,0.04407645778123281
1392,1,18mo.2mo.contact.log_ratio.mean.20kb-5Mb.enhancer_peak,non,-0.06213066144904978
1393,1,18mo.2mo.contact.log_ratio.median.20kb-5Mb.enhancer_peak,non,-0.06299682907168223
1394,1,18mo.2mo.contact.log_ratio.std.20kb-5Mb.enhancer_peak,non,-0.15147468120287255
1395,1,18mo.2mo.contact.log_ratio.max.20kb-5Mb.enhancer_peak,non,0.2530775943008444
1396,1,18mo.2mo.contact.log_ratio.min.20kb-5Mb.enhancer_peak,non,-0.09985865797234521
1397,1,18mo.2mo.contact.log_ratio.count.20kb-5Mb.enhancer_peak,non,0.09443426960625477
1398,1,18mo.9mo.contact.log_ratio.mean.20kb-5Mb.enhancer_peak,non,-0.0005006352046579464
1399,1,18mo.9mo.contact.log_ratio.median.20kb-5Mb.enhancer_peak,non,-0.13339197572218425
1400,1,18mo.9mo.contact.log_ratio.std.20kb-5Mb.enhancer_peak,non,0.005265510407457221
1401,1,18mo.9mo.contact.log_ratio.max.20kb-5Mb.enhancer_peak,non,0.073501086335011
1402,1,18mo.9mo.contact.log_ratio.min.20kb-5Mb.enhancer_peak,non,0.06493181857402308
1403,1,18mo.9mo.contact.log_ratio.count.20kb-5Mb.enhancer_peak,non,-0.040389544533385606
1404,1,count.enhancer_peak,non,-0.0008879647788091116
1405,1,rel_pos.DAR,non,-0.009557431402667982
1406,1,9mo.2mo.log_ratio.DAR,non,-0.05498256081539096
1407,1,18mo.9mo.log_ratio.DAR,non,0.04023661630289624
1408,1,18mo.2mo.log_ratio.DAR,non,-0.020013459824105465
1409,1,count.DAR,non,-0.24679668926339832
1410,1,size.log2.DMR,non,0.07887159349356496
1411,1,rel_pos.DMR,non,-0.07991302051101445
1412,1,9mo.2mo.log_ratio.DMR,non,0.008760395479164997
1413,1,18mo.9mo.log_ratio.DMR,non,-0.028631321811389936
1414,1,18mo.2mo.log_ratio.DMR,non,0.0009853391752121397
1415,1,distance.log2.DMR,non,0.052111369138261913
1416,1,count.DMR,non,-0.06388759117105025
1417,1,Qanova.mean.loops,non,0.022268103120664257
1418,1,Qanova.median.loops,non,0.15545902324062258
1419,1,Qanova.std.loops,non,-0.07234379069784574
1420,1,Qanova.max.loops,non,-0.12111421678351464
1421,1,Qanova.min.loops,non,0.017415721771032757
1422,1,Tanova.mean.loops,non,0.13186544276092055
1423,1,Tanova.median.loops,non,-0.0666915142609423
1424,1,Tanova.std.loops,non,0.00586831682084525
1425,1,Tanova.max.loops,non,-0.1781686701331834
1426,1,Tanova.min.loops,non,0.0016748723336102093
1427,1,9mo.2mo.Q.mean.loops,non,-0.0064544087244344924
1428,1,9mo.2mo.Q.median.loops,non,-0.10445842724974026
1429,1,9mo.2mo.Q.std.loops,non,0.022989680542722928
1430,1,9mo.2mo.Q.max.loops,non,0.03422323338959161
1431,1,9mo.2mo.Q.min.loops,non,-0.129776492984254
1432,1,18mo.9mo.Q.mean.loops,non,-0.16827270743034137
1433,1,18mo.9mo.Q.median.loops,non,-0.05854595774609728
1434,1,18mo.9mo.Q.std.loops,non,-0.03470616960025786
1435,1,18mo.9mo.Q.max.loops,non,-0.0034608444567715856
1436,1,18mo.9mo.Q.min.loops,non,-0.10304362000490778
1437,1,18mo.2mo.Q.mean.loops,non,-0.23896236735810633
1438,1,18mo.2mo.Q.median.loops,non,0.15269158040962313
1439,1,18mo.2mo.Q.std.loops,non,0.1713596451345555
1440,1,18mo.2mo.Q.max.loops,non,0.045761613205668586
1441,1,18mo.2mo.Q.min.loops,non,0.17732841525220272
1442,1,9mo.2mo.T.mean.loops,non,0.1728240570389327
1443,1,9mo.2mo.T.median.loops,non,-0.17007075364178825
1444,1,9mo.2mo.T.std.loops,non,-0.023910413175718945
1445,1,9mo.2mo.T.max.loops,non,-0.008896952319123446
1446,1,9mo.2mo.T.min.loops,non,-0.12778974629991396
1447,1,18mo.9mo.T.mean.loops,non,-0.1436794636557129
1448,1,18mo.9mo.T.median.loops,non,0.09173675230304999
1449,1,18mo.9mo.T.std.loops,non,-0.17756396532654517
1450,1,18mo.9mo.T.max.loops,non,0.2111205729321065
1451,1,18mo.9mo.T.min.loops,non,-0.022022811879607064
1452,1,18mo.2mo.T.mean.loops,non,-0.030782728322738474
1453,1,18mo.2mo.T.median.loops,non,-0.13205053453697269
1454,1,18mo.2mo.T.std.loops,non,0.061999879683697384
1455,1,18mo.2mo.T.max.loops,non,0.08035007090317528
1456,1,18mo.2mo.T.min.loops,non,0.0671017145747306
1457,1,loop_size.log.mean.loops,non,0.14895612237522896
1458,1,loop_size.log.median.loops,non,0.1480241907131932
1459,1,loop_size.log.std.loops,non,-0.0018011704522764688
1460,1,loop_size.log.max.loops,non,0.09205055292233152
1461,1,loop_size.log.min.loops,non,0.11898644654824726
1462,1,min_distance.log.mean.loops,non,-0.08921630305213214
1463,1,min_distance.log.median.loops,non,-0.07316686164813867
1464,1,min_distance.log.std.loops,non,0.04384098139725642
1465,1,min_distance.log.max.loops,non,-0.22772311814913423
1466,1,min_distance.log.min.loops,non,-0.1568716818597127
1467,1,count.loops,non,0.05165298622563952
1468,1,9mo.2mo.log_ratio.mcg_genebody,non,-0.008509953957602172
1469,1,18mo.9mo.log_ratio.mcg_genebody,non,0.1061258526898035
1470,1,18mo.2mo.log_ratio.mcg_genebody,non,0.03677102129920642
1471,1,9mo.2mo.log_ratio.mch_genebody,non,0.025110198733420883
1472,1,18mo.9mo.log_ratio.mch_genebody,non,0.003011017300375599
1473,1,18mo.2mo.log_ratio.mch_genebody,non,0.04775149631012637
1474,1,9mo.2mo.log_ratio.mean.atac,non,-0.04855517612625267
1475,1,18mo.9mo.log_ratio.mean.atac,non,-0.04701014896399923
1476,1,18mo.2mo.log_ratio.mean.atac,non,-0.06598641492438073
1477,1,log2_distance.mean.atac,non,0.08452144547343556
1478,1,9mo.2mo.log_ratio.std.atac,non,0.0017113641041469837
1479,1,18mo.9mo.log_ratio.std.atac,non,0.0989588809786485
1480,1,18mo.2mo.log_ratio.std.atac,non,0.10815499081769521
1481,1,log2_distance.std.atac,non,-0.04067263550329189
1482,1,9mo.2mo.log_ratio.max.atac,non,-0.12391641543459973
1483,1,18mo.9mo.log_ratio.max.atac,non,-0.08917540778545684
1484,1,18mo.2mo.log_ratio.max.atac,non,0.012307710433189683
1485,1,log2_distance.max.atac,non,-0.05917443174103045
1486,1,9mo.2mo.log_ratio.min.atac,non,-0.06379219963399595
1487,1,18mo.9mo.log_ratio.min.atac,non,-0.044874627421744105
1488,1,18mo.2mo.log_ratio.min.atac,non,0.3658414588286994
1489,1,log2_distance.min.atac,non,-0.027009285886085418
1490,1,count.atac,non,0.5393908173432771
1491,2,gene_length.meta,non,-0.2731488208863084
1492,2,9mo.2mo.activity.log_ratio.mean.5kb-20kb.enhancer_DMR,non,0.027570560634835702
1493,2,9mo.2mo.activity.log_ratio.median.5kb-20kb.enhancer_DMR,non,0.14472653272065364
1494,2,9mo.2mo.activity.log_ratio.max.5kb-20kb.enhancer_DMR,non,-0.1333370309131098
1495,2,9mo.2mo.activity.log_ratio.min.5kb-20kb.enhancer_DMR,non,-0.11229482056429486
1496,2,9mo.2mo.activity.log_ratio.count.5kb-20kb.enhancer_DMR,non,-0.0955729689018957
1497,2,18mo.2mo.activity.log_ratio.mean.5kb-20kb.enhancer_DMR,non,-0.06581916401922668
1498,2,18mo.2mo.activity.log_ratio.median.5kb-20kb.enhancer_DMR,non,0.027338125371202292
1499,2,18mo.2mo.activity.log_ratio.max.5kb-20kb.enhancer_DMR,non,0.1769680099711922
1500,2,18mo.2mo.activity.log_ratio.min.5kb-20kb.enhancer_DMR,non,-0.07843898371753497
1501,2,18mo.2mo.activity.log_ratio.count.5kb-20kb.enhancer_DMR,non,0.07509770864278494
1502,2,18mo.9mo.activity.log_ratio.mean.5kb-20kb.enhancer_DMR,non,-0.08879999743161551
1503,2,18mo.9mo.activity.log_ratio.median.5kb-20kb.enhancer_DMR,non,0.081529154306279
1504,2,18mo.9mo.activity.log_ratio.max.5kb-20kb.enhancer_DMR,non,-0.10008462514807762
1505,2,18mo.9mo.activity.log_ratio.min.5kb-20kb.enhancer_DMR,non,0.1066080227446008
1506,2,18mo.9mo.activity.log_ratio.count.5kb-20kb.enhancer_DMR,non,-4.6163849091161786e-05
1507,2,9mo.2mo.contact.log_ratio.mean.5kb-20kb.enhancer_DMR,non,-0.0303797473597736
1508,2,9mo.2mo.contact.log_ratio.median.5kb-20kb.enhancer_DMR,non,-0.06186388653572212
1509,2,9mo.2mo.contact.log_ratio.max.5kb-20kb.enhancer_DMR,non,0.11448941202900974
1510,2,9mo.2mo.contact.log_ratio.min.5kb-20kb.enhancer_DMR,non,0.05671961335490254
1511,2,9mo.2mo.contact.log_ratio.count.5kb-20kb.enhancer_DMR,non,-0.0955729689018957
1512,2,18mo.2mo.contact.log_ratio.mean.5kb-20kb.enhancer_DMR,non,-1.1477354839475365e-06
1513,2,18mo.2mo.contact.log_ratio.median.5kb-20kb.enhancer_DMR,non,-0.013058474011329186
1514,2,18mo.2mo.contact.log_ratio.max.5kb-20kb.enhancer_DMR,non,-0.21784878170179003
1515,2,18mo.2mo.contact.log_ratio.min.5kb-20kb.enhancer_DMR,non,0.23958735026371794
1516,2,18mo.2mo.contact.log_ratio.count.5kb-20kb.enhancer_DMR,non,0.07509770864278494
1517,2,18mo.9mo.contact.log_ratio.mean.5kb-20kb.enhancer_DMR,non,0.07558578317712551
1518,2,18mo.9mo.contact.log_ratio.median.5kb-20kb.enhancer_DMR,non,0.022754168427256697
1519,2,18mo.9mo.contact.log_ratio.max.5kb-20kb.enhancer_DMR,non,0.1538289034923343
1520,2,18mo.9mo.contact.log_ratio.min.5kb-20kb.enhancer_DMR,non,-0.2368288721987576
1521,2,18mo.9mo.contact.log_ratio.count.5kb-20kb.enhancer_DMR,non,-4.6163849091161786e-05
1522,2,9mo.2mo.activity.log_ratio.mean.20kb-5Mb.enhancer_DMR,non,-0.0242898038369902
1523,2,9mo.2mo.activity.log_ratio.median.20kb-5Mb.enhancer_DMR,non,0.017152820147265057
1524,2,9mo.2mo.activity.log_ratio.max.20kb-5Mb.enhancer_DMR,non,0.06665788831195339
1525,2,9mo.2mo.activity.log_ratio.min.20kb-5Mb.enhancer_DMR,non,-0.058193568608368884
1526,2,9mo.2mo.activity.log_ratio.count.20kb-5Mb.enhancer_DMR,non,-0.0495846289934934
1527,2,18mo.2mo.activity.log_ratio.mean.20kb-5Mb.enhancer_DMR,non,0.06239353255387906
1528,2,18mo.2mo.activity.log_ratio.median.20kb-5Mb.enhancer_DMR,non,-0.05845571678659545
1529,2,18mo.2mo.activity.log_ratio.max.20kb-5Mb.enhancer_DMR,non,-0.07014825145266429
1530,2,18mo.2mo.activity.log_ratio.min.20kb-5Mb.enhancer_DMR,non,0.06796247348458281
1531,2,18mo.2mo.activity.log_ratio.count.20kb-5Mb.enhancer_DMR,non,0.07054528490845431
1532,2,18mo.9mo.activity.log_ratio.mean.20kb-5Mb.enhancer_DMR,non,0.03672148900549549
1533,2,18mo.9mo.activity.log_ratio.median.20kb-5Mb.enhancer_DMR,non,0.03920477683569404
1534,2,18mo.9mo.activity.log_ratio.max.20kb-5Mb.enhancer_DMR,non,-0.00030733765927007465
1535,2,18mo.9mo.activity.log_ratio.min.20kb-5Mb.enhancer_DMR,non,-0.12342835230682991
1536,2,18mo.9mo.activity.log_ratio.count.20kb-5Mb.enhancer_DMR,non,-0.033716826315611854
1537,2,9mo.2mo.contact.log_ratio.mean.20kb-5Mb.enhancer_DMR,non,0.11747481632006655
1538,2,9mo.2mo.contact.log_ratio.median.20kb-5Mb.enhancer_DMR,non,-0.017315000204095442
1539,2,9mo.2mo.contact.log_ratio.max.20kb-5Mb.enhancer_DMR,non,-0.021397550363974567
1540,2,9mo.2mo.contact.log_ratio.min.20kb-5Mb.enhancer_DMR,non,-0.05039734981101616
1541,2,9mo.2mo.contact.log_ratio.count.20kb-5Mb.enhancer_DMR,non,-0.0495846289934934
1542,2,18mo.2mo.contact.log_ratio.mean.20kb-5Mb.enhancer_DMR,non,0.056901201160749586
1543,2,18mo.2mo.contact.log_ratio.median.20kb-5Mb.enhancer_DMR,non,-0.006993494872773231
1544,2,18mo.2mo.contact.log_ratio.max.20kb-5Mb.enhancer_DMR,non,0.08856199925685004
1545,2,18mo.2mo.contact.log_ratio.min.20kb-5Mb.enhancer_DMR,non,-0.1946614810844247
1546,2,18mo.2mo.contact.log_ratio.count.20kb-5Mb.enhancer_DMR,non,0.07054528490845431
1547,2,18mo.9mo.contact.log_ratio.mean.20kb-5Mb.enhancer_DMR,non,-0.005514947420292198
1548,2,18mo.9mo.contact.log_ratio.median.20kb-5Mb.enhancer_DMR,non,-0.05087965163839721
1549,2,18mo.9mo.contact.log_ratio.max.20kb-5Mb.enhancer_DMR,non,-0.05386369646293012
1550,2,18mo.9mo.contact.log_ratio.min.20kb-5Mb.enhancer_DMR,non,0.1124045933208652
1551,2,18mo.9mo.contact.log_ratio.count.20kb-5Mb.enhancer_DMR,non,-0.033716826315611854
1552,2,count.enhancer_DMR,non,0.03227602446914386
1553,2,9mo.2mo.activity.log_ratio.count.0-5kb.enhancer_peak,non,-0.05508915556220678
1554,2,18mo.2mo.activity.log_ratio.count.0-5kb.enhancer_peak,non,0.1381354075132447
1555,2,18mo.9mo.activity.log_ratio.count.0-5kb.enhancer_peak,non,-0.018887116941742204
1556,2,9mo.2mo.contact.log_ratio.count.0-5kb.enhancer_peak,non,-0.05508915556220678
1557,2,18mo.2mo.contact.log_ratio.count.0-5kb.enhancer_peak,non,0.1381354075132447
1558,2,18mo.9mo.contact.log_ratio.count.0-5kb.enhancer_peak,non,-0.018887116941742204
1559,2,9mo.2mo.activity.log_ratio.count.5kb-20kb.enhancer_peak,non,0.1693902187472764
1560,2,18mo.2mo.activity.log_ratio.mean.5kb-20kb.enhancer_peak,non,-0.031187710782678138
1561,2,18mo.2mo.activity.log_ratio.median.5kb-20kb.enhancer_peak,non,-0.1803122304045657
1562,2,18mo.2mo.activity.log_ratio.max.5kb-20kb.enhancer_peak,non,0.17525422730435491
1563,2,18mo.2mo.activity.log_ratio.min.5kb-20kb.enhancer_peak,non,0.00576747025521061
1564,2,18mo.2mo.activity.log_ratio.count.5kb-20kb.enhancer_peak,non,-0.0887701409617135
1565,2,18mo.9mo.activity.log_ratio.mean.5kb-20kb.enhancer_peak,non,-0.00948013962984272
1566,2,18mo.9mo.activity.log_ratio.median.5kb-20kb.enhancer_peak,non,0.12888651097973272
1567,2,18mo.9mo.activity.log_ratio.max.5kb-20kb.enhancer_peak,non,-0.14062574325739008
1568,2,18mo.9mo.activity.log_ratio.min.5kb-20kb.enhancer_peak,non,-0.030389183909122718
1569,2,18mo.9mo.activity.log_ratio.count.5kb-20kb.enhancer_peak,non,-0.04029785695602397
1570,2,9mo.2mo.contact.log_ratio.count.5kb-20kb.enhancer_peak,non,0.1693902187472764
1571,2,18mo.2mo.contact.log_ratio.mean.5kb-20kb.enhancer_peak,non,0.03000780115000127
1572,2,18mo.2mo.contact.log_ratio.median.5kb-20kb.enhancer_peak,non,0.07106315101273662
1573,2,18mo.2mo.contact.log_ratio.max.5kb-20kb.enhancer_peak,non,-0.11233693113570904
1574,2,18mo.2mo.contact.log_ratio.min.5kb-20kb.enhancer_peak,non,-0.00899934366000881
1575,2,18mo.2mo.contact.log_ratio.count.5kb-20kb.enhancer_peak,non,-0.0887701409617135
1576,2,18mo.9mo.contact.log_ratio.mean.5kb-20kb.enhancer_peak,non,0.004035389857827179
1577,2,18mo.9mo.contact.log_ratio.median.5kb-20kb.enhancer_peak,non,-0.20414740724179503
1578,2,18mo.9mo.contact.log_ratio.max.5kb-20kb.enhancer_peak,non,0.04345702415586612
1579,2,18mo.9mo.contact.log_ratio.min.5kb-20kb.enhancer_peak,non,0.1279212464607497
1580,2,18mo.9mo.contact.log_ratio.count.5kb-20kb.enhancer_peak,non,-0.04029785695602397
1581,2,9mo.2mo.activity.log_ratio.mean.20kb-5Mb.enhancer_peak,non,-5.7598989046870783e-05
1582,2,9mo.2mo.activity.log_ratio.median.20kb-5Mb.enhancer_peak,non,-0.0754276565214735
1583,2,9mo.2mo.activity.log_ratio.std.20kb-5Mb.enhancer_peak,non,0.24210493823686613
1584,2,9mo.2mo.activity.log_ratio.max.20kb-5Mb.enhancer_peak,non,-0.1409799602780121
1585,2,9mo.2mo.activity.log_ratio.min.20kb-5Mb.enhancer_peak,non,0.19874579577912052
1586,2,9mo.2mo.activity.log_ratio.count.20kb-5Mb.enhancer_peak,non,0.074635033072744
1587,2,18mo.2mo.activity.log_ratio.mean.20kb-5Mb.enhancer_peak,non,-0.01102692890233998
1588,2,18mo.2mo.activity.log_ratio.median.20kb-5Mb.enhancer_peak,non,0.06009895375032368
1589,2,18mo.2mo.activity.log_ratio.std.20kb-5Mb.enhancer_peak,non,-0.04115209271047341
1590,2,18mo.2mo.activity.log_ratio.max.20kb-5Mb.enhancer_peak,non,6.537257283921362e-07
1591,2,18mo.2mo.activity.log_ratio.min.20kb-5Mb.enhancer_peak,non,0.001983877459202385
1592,2,18mo.2mo.activity.log_ratio.count.20kb-5Mb.enhancer_peak,non,0.03920240947758585
1593,2,18mo.9mo.activity.log_ratio.mean.20kb-5Mb.enhancer_peak,non,-0.1292878759161005
1594,2,18mo.9mo.activity.log_ratio.median.20kb-5Mb.enhancer_peak,non,-0.06458212123682788
1595,2,18mo.9mo.activity.log_ratio.std.20kb-5Mb.enhancer_peak,non,0.2540554610278252
1596,2,18mo.9mo.activity.log_ratio.max.20kb-5Mb.enhancer_peak,non,-0.13201438372880267
1597,2,18mo.9mo.activity.log_ratio.min.20kb-5Mb.enhancer_peak,non,0.34548307878248635
1598,2,18mo.9mo.activity.log_ratio.count.20kb-5Mb.enhancer_peak,non,-0.004825633999908237
1599,2,9mo.2mo.contact.log_ratio.mean.20kb-5Mb.enhancer_peak,non,-0.28117348484649396
1600,2,9mo.2mo.contact.log_ratio.median.20kb-5Mb.enhancer_peak,non,0.11606977527868104
1601,2,9mo.2mo.contact.log_ratio.std.20kb-5Mb.enhancer_peak,non,0.17234713767675844
1602,2,9mo.2mo.contact.log_ratio.max.20kb-5Mb.enhancer_peak,non,0.010060292810128688
1603,2,9mo.2mo.contact.log_ratio.min.20kb-5Mb.enhancer_peak,non,0.30958560210749486
1604,2,9mo.2mo.contact.log_ratio.count.20kb-5Mb.enhancer_peak,non,0.074635033072744
1605,2,18mo.2mo.contact.log_ratio.mean.20kb-5Mb.enhancer_peak,non,-0.0157183709494205
1606,2,18mo.2mo.contact.log_ratio.median.20kb-5Mb.enhancer_peak,non,-0.06853811919081394
1607,2,18mo.2mo.contact.log_ratio.std.20kb-5Mb.enhancer_peak,non,-0.2674455135830233
1608,2,18mo.2mo.contact.log_ratio.max.20kb-5Mb.enhancer_peak,non,0.23758982394069322
1609,2,18mo.2mo.contact.log_ratio.min.20kb-5Mb.enhancer_peak,non,-0.14564329561250616
1610,2,18mo.2mo.contact.log_ratio.count.20kb-5Mb.enhancer_peak,non,0.03920240947758585
1611,2,18mo.9mo.contact.log_ratio.mean.20kb-5Mb.enhancer_peak,non,0.0794525329141037
1612,2,18mo.9mo.contact.log_ratio.median.20kb-5Mb.enhancer_peak,non,-0.07818453152672018
1613,2,18mo.9mo.contact.log_ratio.std.20kb-5Mb.enhancer_peak,non,0.09645171524030455
1614,2,18mo.9mo.contact.log_ratio.max.20kb-5Mb.enhancer_peak,non,-0.028663303018306937
1615,2,18mo.9mo.contact.log_ratio.min.20kb-5Mb.enhancer_peak,non,0.03704230906223006
1616,2,18mo.9mo.contact.log_ratio.count.20kb-5Mb.enhancer_peak,non,-0.004825633999908237
1617,2,count.enhancer_peak,non,-0.015250560280164112
1618,2,rel_pos.DAR,non,-0.055825578605205144
1619,2,9mo.2mo.log_ratio.DAR,non,-0.08915332514580282
1620,2,18mo.9mo.log_ratio.DAR,non,0.04082314740051074
1621,2,18mo.2mo.log_ratio.DAR,non,-0.04592631354181058
1622,2,count.DAR,non,-0.19134159504430512
1623,2,size.log2.DMR,non,0.08129055246159866
1624,2,rel_pos.DMR,non,-0.09501179683427903
1625,2,9mo.2mo.log_ratio.DMR,non,-0.0010284320369039694
1626,2,18mo.9mo.log_ratio.DMR,non,0.02984570374360649
1627,2,18mo.2mo.log_ratio.DMR,non,0.0028359637814934693
1628,2,distance.log2.DMR,non,0.12497711046696992
1629,2,count.DMR,non,-0.07529365927361768
1630,2,Qanova.mean.loops,non,-0.005758349085918365
1631,2,Qanova.median.loops,non,0.1011733873021537
1632,2,Qanova.std.loops,non,-0.018612323547876126
1633,2,Qanova.max.loops,non,-0.1523971125251786
1634,2,Qanova.min.loops,non,-0.029228280970175866
1635,2,Tanova.mean.loops,non,0.12187243017050532
1636,2,Tanova.median.loops,non,-0.14252871406584258
1637,2,Tanova.std.loops,non,-0.07034826166926547
1638,2,Tanova.max.loops,non,-0.04372074569633197
1639,2,Tanova.min.loops,non,0.09380246145504922
1640,2,9mo.2mo.Q.mean.loops,non,0.04738299160899566
1641,2,9mo.2mo.Q.median.loops,non,-0.06673843217130927
1642,2,9mo.2mo.Q.std.loops,non,0.13791357765506637
1643,2,9mo.2mo.Q.max.loops,non,-0.04162543908108669
1644,2,9mo.2mo.Q.min.loops,non,-0.058355842080606395
1645,2,18mo.9mo.Q.mean.loops,non,-0.25359944775726034
1646,2,18mo.9mo.Q.median.loops,non,0.10797998289621391
1647,2,18mo.9mo.Q.std.loops,non,0.053123200351470404
1648,2,18mo.9mo.Q.max.loops,non,-0.02285441231439016
1649,2,18mo.9mo.Q.min.loops,non,-0.1089412704307641
1650,2,18mo.2mo.Q.mean.loops,non,-0.3197994065339063
1651,2,18mo.2mo.Q.median.loops,non,0.17522699186618967
1652,2,18mo.2mo.Q.std.loops,non,0.023920206781673736
1653,2,18mo.2mo.Q.max.loops,non,0.13750402042300586
1654,2,18mo.2mo.Q.min.loops,non,0.09452487207675152
1655,2,9mo.2mo.T.mean.loops,non,0.15090944557733532
1656,2,9mo.2mo.T.median.loops,non,-0.07730721098829615
1657,2,9mo.2mo.T.std.loops,non,-0.039270729873026676
1658,2,9mo.2mo.T.max.loops,non,0.027838750194860564
1659,2,9mo.2mo.T.min.loops,non,-0.08369561837868092
1660,2,18mo.9mo.T.mean.loops,non,-0.10795676638131674
1661,2,18mo.9mo.T.median.loops,non,0.3372559766467641
1662,2,18mo.9mo.T.std.loops,non,-0.019498160359222205
1663,2,18mo.9mo.T.max.loops,non,0.08579248607261149
1664,2,18mo.9mo.T.min.loops,non,-0.021123455866338143
1665,2,18mo.2mo.T.mean.loops,non,-0.006643667488581247
1666,2,18mo.2mo.T.median.loops,non,-0.26772212206597773
1667,2,18mo.2mo.T.std.loops,non,0.21955714630480902
1668,2,18mo.2mo.T.max.loops,non,-0.049910514457178104
1669,2,18mo.2mo.T.min.loops,non,0.14585097324638507
1670,2,loop_size.log.mean.loops,non,0.11348543777727026
1671,2,loop_size.log.median.loops,non,0.12304163860241515
1672,2,loop_size.log.std.loops,non,7.649854120535475e-07
1673,2,loop_size.log.max.loops,non,0.11045739647875553
1674,2,loop_size.log.min.loops,non,-0.04036376290986346
1675,2,min_distance.log.mean.loops,non,-0.07635940893279175
1676,2,min_distance.log.median.loops,non,-0.03424322246415339
1677,2,min_distance.log.std.loops,non,0.012055828946198294
1678,2,min_distance.log.max.loops,non,-0.16517315545411987
1679,2,min_distance.log.min.loops,non,-0.1316661162958756
1680,2,count.loops,non,0.07856105747675851
1681,2,9mo.2mo.log_ratio.mcg_genebody,non,1.3759639488119024e-06
1682,2,18mo.9mo.log_ratio.mcg_genebody,non,0.07559501736572877
1683,2,18mo.2mo.log_ratio.mcg_genebody,non,0.035949981142209715
1684,2,9mo.2mo.log_ratio.mch_genebody,non,0.027700971090659197
1685,2,18mo.9mo.log_ratio.mch_genebody,non,-0.04820181344014042
1686,2,18mo.2mo.log_ratio.mch_genebody,non,-0.004752500293252233
1687,2,9mo.2mo.log_ratio.mean.atac,non,-0.05201075161075677
1688,2,18mo.9mo.log_ratio.mean.atac,non,0.02849694190563589
1689,2,18mo.2mo.log_ratio.mean.atac,non,-0.031604018754004155
1690,2,log2_distance.mean.atac,non,-0.025270229982058703
1691,2,9mo.2mo.log_ratio.std.atac,non,-0.09937848838190069
1692,2,18mo.9mo.log_ratio.std.atac,non,0.2105758650127136
1693,2,18mo.2mo.log_ratio.std.atac,non,0.19717702654660468
1694,2,log2_distance.std.atac,non,-0.030208701971169934
1695,2,9mo.2mo.log_ratio.max.atac,non,0.011433916582094054
1696,2,18mo.9mo.log_ratio.max.atac,non,-0.22244083208085763
1697,2,18mo.2mo.log_ratio.max.atac,non,-0.018020626206896755
1698,2,log2_distance.max.atac,non,4.2006415617579585e-06
1699,2,9mo.2mo.log_ratio.min.atac,non,-0.010649308308125098
1700,2,18mo.9mo.log_ratio.min.atac,non,0.02682339788708947
1701,2,18mo.2mo.log_ratio.min.atac,non,0.19708433666324454
1702,2,log2_distance.min.atac,non,0.08604474125919832
1703,2,count.atac,non,0.43860710949714954
1704,3,gene_length.meta,non,-0.1702901819283641
1705,3,9mo.2mo.activity.log_ratio.mean.5kb-20kb.enhancer_DMR,non,0.09573863704268418
1706,3,9mo.2mo.activity.log_ratio.median.5kb-20kb.enhancer_DMR,non,-0.0013156096929469508
1707,3,9mo.2mo.activity.log_ratio.max.5kb-20kb.enhancer_DMR,non,-0.10554783401093246
1708,3,9mo.2mo.activity.log_ratio.min.5kb-20kb.enhancer_DMR,non,-0.04438121773939022
1709,3,9mo.2mo.activity.log_ratio.count.5kb-20kb.enhancer_DMR,non,-0.1979871151517026
1710,3,18mo.2mo.activity.log_ratio.mean.5kb-20kb.enhancer_DMR,non,-0.2485725686671426
1711,3,18mo.2mo.activity.log_ratio.median.5kb-20kb.enhancer_DMR,non,0.162945863495699
1712,3,18mo.2mo.activity.log_ratio.max.5kb-20kb.enhancer_DMR,non,0.2648243022143704
1713,3,18mo.2mo.activity.log_ratio.min.5kb-20kb.enhancer_DMR,non,0.0012411359856002737
1714,3,18mo.2mo.activity.log_ratio.count.5kb-20kb.enhancer_DMR,non,0.12250239717339195
1715,3,18mo.9mo.activity.log_ratio.mean.5kb-20kb.enhancer_DMR,non,-0.15934859646301652
1716,3,18mo.9mo.activity.log_ratio.median.5kb-20kb.enhancer_DMR,non,-0.020212310927814475
1717,3,18mo.9mo.activity.log_ratio.max.5kb-20kb.enhancer_DMR,non,0.02784978418158953
1718,3,18mo.9mo.activity.log_ratio.min.5kb-20kb.enhancer_DMR,non,0.15933154252171275
1719,3,18mo.9mo.activity.log_ratio.count.5kb-20kb.enhancer_DMR,non,0.015728359969031755
1720,3,9mo.2mo.contact.log_ratio.mean.5kb-20kb.enhancer_DMR,non,-0.0859513346591699
1721,3,9mo.2mo.contact.log_ratio.median.5kb-20kb.enhancer_DMR,non,0.09529863691809749
1722,3,9mo.2mo.contact.log_ratio.max.5kb-20kb.enhancer_DMR,non,0.2526266013531337
1723,3,9mo.2mo.contact.log_ratio.min.5kb-20kb.enhancer_DMR,non,-0.20828860143981345
1724,3,9mo.2mo.contact.log_ratio.count.5kb-20kb.enhancer_DMR,non,-0.1979871151517026
1725,3,18mo.2mo.contact.log_ratio.mean.5kb-20kb.enhancer_DMR,non,-0.04075946729353217
1726,3,18mo.2mo.contact.log_ratio.median.5kb-20kb.enhancer_DMR,non,-0.1624372953316233
1727,3,18mo.2mo.contact.log_ratio.max.5kb-20kb.enhancer_DMR,non,-0.1535730299924701
1728,3,18mo.2mo.contact.log_ratio.min.5kb-20kb.enhancer_DMR,non,0.383300339526226
1729,3,18mo.2mo.contact.log_ratio.count.5kb-20kb.enhancer_DMR,non,0.12250239717339195
1730,3,18mo.9mo.contact.log_ratio.mean.5kb-20kb.enhancer_DMR,non,0.237526637842157
1731,3,18mo.9mo.contact.log_ratio.median.5kb-20kb.enhancer_DMR,non,0.0027561805939784285
1732,3,18mo.9mo.contact.log_ratio.max.5kb-20kb.enhancer_DMR,non,0.06015791212399741
1733,3,18mo.9mo.contact.log_ratio.min.5kb-20kb.enhancer_DMR,non,-0.23622666810197973
1734,3,18mo.9mo.contact.log_ratio.count.5kb-20kb.enhancer_DMR,non,0.015728359969031755
1735,3,9mo.2mo.activity.log_ratio.mean.20kb-5Mb.enhancer_DMR,non,-0.05038259019833238
1736,3,9mo.2mo.activity.log_ratio.median.20kb-5Mb.enhancer_DMR,non,0.09701486549529294
1737,3,9mo.2mo.activity.log_ratio.max.20kb-5Mb.enhancer_DMR,non,0.21492260960416226
1738,3,9mo.2mo.activity.log_ratio.min.20kb-5Mb.enhancer_DMR,non,-0.06536258347593256
1739,3,9mo.2mo.activity.log_ratio.count.20kb-5Mb.enhancer_DMR,non,-0.10489691354285116
1740,3,18mo.2mo.activity.log_ratio.mean.20kb-5Mb.enhancer_DMR,non,0.07930445232188266
1741,3,18mo.2mo.activity.log_ratio.median.20kb-5Mb.enhancer_DMR,non,-0.1139862976215667
1742,3,18mo.2mo.activity.log_ratio.max.20kb-5Mb.enhancer_DMR,non,-0.1368207203562954
1743,3,18mo.2mo.activity.log_ratio.min.20kb-5Mb.enhancer_DMR,non,0.04128277072502963
1744,3,18mo.2mo.activity.log_ratio.count.20kb-5Mb.enhancer_DMR,non,0.11531218344041921
1745,3,18mo.9mo.activity.log_ratio.mean.20kb-5Mb.enhancer_DMR,non,0.01171705417792197
1746,3,18mo.9mo.activity.log_ratio.median.20kb-5Mb.enhancer_DMR,non,0.15407733707863663
1747,3,18mo.9mo.activity.log_ratio.max.20kb-5Mb.enhancer_DMR,non,-0.052283402588995304
1748,3,18mo.9mo.activity.log_ratio.min.20kb-5Mb.enhancer_DMR,non,-0.1018828933506229
1749,3,18mo.9mo.activity.log_ratio.count.20kb-5Mb.enhancer_DMR,non,0.017301553925825948
1750,3,9mo.2mo.contact.log_ratio.mean.20kb-5Mb.enhancer_DMR,non,0.3701857883502167
1751,3,9mo.2mo.contact.log_ratio.median.20kb-5Mb.enhancer_DMR,non,0.03410521816408251
1752,3,9mo.2mo.contact.log_ratio.max.20kb-5Mb.enhancer_DMR,non,-0.13231408950795234
1753,3,9mo.2mo.contact.log_ratio.min.20kb-5Mb.enhancer_DMR,non,-0.2631038821143962
1754,3,9mo.2mo.contact.log_ratio.count.20kb-5Mb.enhancer_DMR,non,-0.10489691354285116
1755,3,18mo.2mo.contact.log_ratio.mean.20kb-5Mb.enhancer_DMR,non,0.07399166515358008
1756,3,18mo.2mo.contact.log_ratio.median.20kb-5Mb.enhancer_DMR,non,0.08912359963913066
1757,3,18mo.2mo.contact.log_ratio.max.20kb-5Mb.enhancer_DMR,non,-0.007713507857773747
1758,3,18mo.2mo.contact.log_ratio.min.20kb-5Mb.enhancer_DMR,non,-0.2950547878195856
1759,3,18mo.2mo.contact.log_ratio.count.20kb-5Mb.enhancer_DMR,non,0.11531218344041921
1760,3,18mo.9mo.contact.log_ratio.mean.20kb-5Mb.enhancer_DMR,non,-0.11334691797961141
1761,3,18mo.9mo.contact.log_ratio.median.20kb-5Mb.enhancer_DMR,non,-0.1368539015099428
1762,3,18mo.9mo.contact.log_ratio.max.20kb-5Mb.enhancer_DMR,non,0.015362936596934787
1763,3,18mo.9mo.contact.log_ratio.min.20kb-5Mb.enhancer_DMR,non,0.26851124951770433
1764,3,18mo.9mo.contact.log_ratio.count.20kb-5Mb.enhancer_DMR,non,0.017301553925825948
1765,3,count.enhancer_DMR,non,0.10248305472153854
1766,3,9mo.2mo.activity.log_ratio.count.0-5kb.enhancer_peak,non,0.006269000510168336
1767,3,18mo.2mo.activity.log_ratio.count.0-5kb.enhancer_peak,non,0.09883576698489671
1768,3,18mo.9mo.activity.log_ratio.count.0-5kb.enhancer_peak,non,-0.019348562091254976
1769,3,9mo.2mo.contact.log_ratio.count.0-5kb.enhancer_peak,non,0.006269000510168336
1770,3,18mo.2mo.contact.log_ratio.count.0-5kb.enhancer_peak,non,0.09883576698489671
1771,3,18mo.9mo.contact.log_ratio.count.0-5kb.enhancer_peak,non,-0.019348562091254976
1772,3,9mo.2mo.activity.log_ratio.count.5kb-20kb.enhancer_peak,non,0.11400140703366429
1773,3,18mo.2mo.activity.log_ratio.mean.5kb-20kb.enhancer_peak,non,-0.09121867128083597
1774,3,18mo.2mo.activity.log_ratio.median.5kb-20kb.enhancer_peak,non,-0.2412649536680683
1775,3,18mo.2mo.activity.log_ratio.max.5kb-20kb.enhancer_peak,non,0.12941416445609147
1776,3,18mo.2mo.activity.log_ratio.min.5kb-20kb.enhancer_peak,non,-0.00456094226020827
1777,3,18mo.2mo.activity.log_ratio.count.5kb-20kb.enhancer_peak,non,-0.037113058467922
1778,3,18mo.9mo.activity.log_ratio.mean.5kb-20kb.enhancer_peak,non,-0.008912199851820929
1779,3,18mo.9mo.activity.log_ratio.median.5kb-20kb.enhancer_peak,non,-0.06785263300867814
1780,3,18mo.9mo.activity.log_ratio.max.5kb-20kb.enhancer_peak,non,-0.006891592078072461
1781,3,18mo.9mo.activity.log_ratio.min.5kb-20kb.enhancer_peak,non,0.029620306105541186
1782,3,18mo.9mo.activity.log_ratio.count.5kb-20kb.enhancer_peak,non,-0.024224703727178526
1783,3,9mo.2mo.contact.log_ratio.count.5kb-20kb.enhancer_peak,non,0.11400140703366429
1784,3,18mo.2mo.contact.log_ratio.mean.5kb-20kb.enhancer_peak,non,0.0014509752387111014
1785,3,18mo.2mo.contact.log_ratio.median.5kb-20kb.enhancer_peak,non,0.17545302380356578
1786,3,18mo.2mo.contact.log_ratio.max.5kb-20kb.enhancer_peak,non,-0.20331640365234552
1787,3,18mo.2mo.contact.log_ratio.min.5kb-20kb.enhancer_peak,non,-0.04602571206003207
1788,3,18mo.2mo.contact.log_ratio.count.5kb-20kb.enhancer_peak,non,-0.037113058467922
1789,3,18mo.9mo.contact.log_ratio.mean.5kb-20kb.enhancer_peak,non,0.005153782593900276
1790,3,18mo.9mo.contact.log_ratio.median.5kb-20kb.enhancer_peak,non,-0.08230756861070056
1791,3,18mo.9mo.contact.log_ratio.max.5kb-20kb.enhancer_peak,non,0.07145555493031946
1792,3,18mo.9mo.contact.log_ratio.min.5kb-20kb.enhancer_peak,non,0.01561457319929479
1793,3,18mo.9mo.contact.log_ratio.count.5kb-20kb.enhancer_peak,non,-0.024224703727178526
1794,3,9mo.2mo.activity.log_ratio.mean.20kb-5Mb.enhancer_peak,non,0.012640272879367934
1795,3,9mo.2mo.activity.log_ratio.median.20kb-5Mb.enhancer_peak,non,0.01097342457233751
1796,3,9mo.2mo.activity.log_ratio.std.20kb-5Mb.enhancer_peak,non,0.3625917558377475
1797,3,9mo.2mo.activity.log_ratio.max.20kb-5Mb.enhancer_peak,non,-0.46692707377258696
1798,3,9mo.2mo.activity.log_ratio.min.20kb-5Mb.enhancer_peak,non,0.39342244005299953
1799,3,9mo.2mo.activity.log_ratio.count.20kb-5Mb.enhancer_peak,non,0.06909780102042912
1800,3,18mo.2mo.activity.log_ratio.mean.20kb-5Mb.enhancer_peak,non,0.043348447701028636
1801,3,18mo.2mo.activity.log_ratio.median.20kb-5Mb.enhancer_peak,non,0.06440173157828219
1802,3,18mo.2mo.activity.log_ratio.std.20kb-5Mb.enhancer_peak,non,-0.005921032937671213
1803,3,18mo.2mo.activity.log_ratio.max.20kb-5Mb.enhancer_peak,non,-0.08277489908198023
1804,3,18mo.2mo.activity.log_ratio.min.20kb-5Mb.enhancer_peak,non,0.09912723537004275
1805,3,18mo.2mo.activity.log_ratio.count.20kb-5Mb.enhancer_peak,non,0.03377116388849629
1806,3,18mo.9mo.activity.log_ratio.mean.20kb-5Mb.enhancer_peak,non,-0.0906599019784336
1807,3,18mo.9mo.activity.log_ratio.median.20kb-5Mb.enhancer_peak,non,-0.00619038611452804
1808,3,18mo.9mo.activity.log_ratio.std.20kb-5Mb.enhancer_peak,non,0.2784153153120306
1809,3,18mo.9mo.activity.log_ratio.max.20kb-5Mb.enhancer_peak,non,-0.1214324900782807
1810,3,18mo.9mo.activity.log_ratio.min.20kb-5Mb.enhancer_peak,non,0.251009178104912
1811,3,18mo.9mo.activity.log_ratio.count.20kb-5Mb.enhancer_peak,non,-0.012521024344166127
1812,3,9mo.2mo.contact.log_ratio.mean.20kb-5Mb.enhancer_peak,non,-0.5003819951933911
1813,3,9mo.2mo.contact.log_ratio.median.20kb-5Mb.enhancer_peak,non,0.25476691501915594
1814,3,9mo.2mo.contact.log_ratio.std.20kb-5Mb.enhancer_peak,non,0.07755664270118973
1815,3,9mo.2mo.contact.log_ratio.max.20kb-5Mb.enhancer_peak,non,0.10065018299007049
1816,3,9mo.2mo.contact.log_ratio.min.20kb-5Mb.enhancer_peak,non,0.3371839150738152
1817,3,9mo.2mo.contact.log_ratio.count.20kb-5Mb.enhancer_peak,non,0.06909780102042912
1818,3,18mo.2mo.contact.log_ratio.mean.20kb-5Mb.enhancer_peak,non,-0.03845646212073753
1819,3,18mo.2mo.contact.log_ratio.median.20kb-5Mb.enhancer_peak,non,-0.02685814308554821
1820,3,18mo.2mo.contact.log_ratio.std.20kb-5Mb.enhancer_peak,non,-0.12225881828481669
1821,3,18mo.2mo.contact.log_ratio.max.20kb-5Mb.enhancer_peak,non,0.22569455895644835
1822,3,18mo.2mo.contact.log_ratio.min.20kb-5Mb.enhancer_peak,non,-0.10270677015889883
1823,3,18mo.2mo.contact.log_ratio.count.20kb-5Mb.enhancer_peak,non,0.03377116388849629
1824,3,18mo.9mo.contact.log_ratio.mean.20kb-5Mb.enhancer_peak,non,-0.10497391771694892
1825,3,18mo.9mo.contact.log_ratio.median.20kb-5Mb.enhancer_peak,non,0.0216106207695672
1826,3,18mo.9mo.contact.log_ratio.std.20kb-5Mb.enhancer_peak,non,-0.08695496048922378
1827,3,18mo.9mo.contact.log_ratio.max.20kb-5Mb.enhancer_peak,non,0.12812999635672004
1828,3,18mo.9mo.contact.log_ratio.min.20kb-5Mb.enhancer_peak,non,-0.015709019185680427
1829,3,18mo.9mo.contact.log_ratio.count.20kb-5Mb.enhancer_peak,non,-0.012521024344166127
1830,3,count.enhancer_peak,non,0.0626117938824844
1831,3,rel_pos.DAR,non,-0.04458649660077828
1832,3,9mo.2mo.log_ratio.DAR,non,-0.05066541906563835
1833,3,18mo.9mo.log_ratio.DAR,non,0.03995668189289238
1834,3,18mo.2mo.log_ratio.DAR,non,-0.00832700640740723
1835,3,count.DAR,non,-0.19047975568040035
1836,3,size.log2.DMR,non,0.27703153113956824
1837,3,rel_pos.DMR,non,-0.07874688356086841
1838,3,9mo.2mo.log_ratio.DMR,non,0.0712764485648081
1839,3,18mo.9mo.log_ratio.DMR,non,-0.006007217409622614
1840,3,18mo.2mo.log_ratio.DMR,non,0.008690450979668989
1841,3,distance.log2.DMR,non,-0.01274395199646458
1842,3,count.DMR,non,-0.07128363605827644
1843,3,Qanova.mean.loops,non,-0.069598092000868
1844,3,Qanova.median.loops,non,0.1718395943399943
1845,3,Qanova.std.loops,non,0.00016793640909602817
1846,3,Qanova.max.loops,non,-0.10604493973375403
1847,3,Qanova.min.loops,non,-0.014805086886321026
1848,3,Tanova.mean.loops,non,0.6227542020702166
1849,3,Tanova.median.loops,non,-0.4146945781793651
1850,3,Tanova.std.loops,non,-0.13595940427155584
1851,3,Tanova.max.loops,non,-0.2812436042567752
1852,3,Tanova.min.loops,non,-0.01619906767338058
1853,3,9mo.2mo.Q.mean.loops,non,-0.0247315455701033
1854,3,9mo.2mo.Q.median.loops,non,0.10270067849961367
1855,3,9mo.2mo.Q.std.loops,non,0.02517550031078457
1856,3,9mo.2mo.Q.max.loops,non,-0.004004450501031758
1857,3,9mo.2mo.Q.min.loops,non,-0.06444933296370678
1858,3,18mo.9mo.Q.mean.loops,non,-0.25364610221334855
1859,3,18mo.9mo.Q.median.loops,non,0.1953412933758573
1860,3,18mo.9mo.Q.std.loops,non,-0.0009767517960613645
1861,3,18mo.9mo.Q.max.loops,non,0.09146481964620129
1862,3,18mo.9mo.Q.min.loops,non,-0.012930846307532181
1863,3,18mo.2mo.Q.mean.loops,non,-0.3873890992265243
1864,3,18mo.2mo.Q.median.loops,non,0.2588404956622118
1865,3,18mo.2mo.Q.std.loops,non,0.35370936463195773
1866,3,18mo.2mo.Q.max.loops,non,-0.20572785613281055
1867,3,18mo.2mo.Q.min.loops,non,0.11829477297927903
1868,3,9mo.2mo.T.mean.loops,non,0.3660545147657345
1869,3,9mo.2mo.T.median.loops,non,-0.10554366327616009
1870,3,9mo.2mo.T.std.loops,non,-0.14446501551680618
1871,3,9mo.2mo.T.max.loops,non,0.0073529313520915235
1872,3,9mo.2mo.T.min.loops,non,-0.16265487931963
1873,3,18mo.9mo.T.mean.loops,non,-0.25943234373902463
1874,3,18mo.9mo.T.median.loops,non,0.5044718161398303
1875,3,18mo.9mo.T.std.loops,non,-0.19656525026901908
1876,3,18mo.9mo.T.max.loops,non,0.4304786729835086
1877,3,18mo.9mo.T.min.loops,non,-0.023845913893962036
1878,3,18mo.2mo.T.mean.loops,non,-0.011108027706989855
1879,3,18mo.2mo.T.median.loops,non,-0.3905694065312231
1880,3,18mo.2mo.T.std.loops,non,0.003967251544496242
1881,3,18mo.2mo.T.max.loops,non,-0.053226666616804925
1882,3,18mo.2mo.T.min.loops,non,-0.006772201684145319
1883,3,loop_size.log.mean.loops,non,0.3366567689253162
1884,3,loop_size.log.median.loops,non,0.39838415559327234
1885,3,loop_size.log.std.loops,non,-0.07025957434950325
1886,3,loop_size.log.max.loops,non,0.4098498141073162
1887,3,loop_size.log.min.loops,non,-0.3814335142998173
1888,3,min_distance.log.mean.loops,non,-0.07782117531692408
1889,3,min_distance.log.median.loops,non,-0.12661277832221132
1890,3,min_distance.log.std.loops,non,0.02390849623969861
1891,3,min_distance.log.max.loops,non,-0.32450370269352496
1892,3,min_distance.log.min.loops,non,-0.07184949757929696
1893,3,count.loops,non,-0.016616718972253974
1894,3,9mo.2mo.log_ratio.mcg_genebody,non,0.004161035645197803
1895,3,18mo.9mo.log_ratio.mcg_genebody,non,0.06141152175164938
1896,3,18mo.2mo.log_ratio.mcg_genebody,non,0.03265988659184202
1897,3,9mo.2mo.log_ratio.mch_genebody,non,0.04558588448422081
1898,3,18mo.9mo.log_ratio.mch_genebody,non,-0.0064065784274374435
1899,3,18mo.2mo.log_ratio.mch_genebody,non,0.007076293209967562
1900,3,9mo.2mo.log_ratio.mean.atac,non,-0.024137913030429496
1901,3,18mo.9mo.log_ratio.mean.atac,non,-0.0017391183636038877
1902,3,18mo.2mo.log_ratio.mean.atac,non,-0.019627703788508043
1903,3,log2_distance.mean.atac,non,0.0789775402905246
1904,3,9mo.2mo.log_ratio.std.atac,non,-0.028858889725305602
1905,3,18mo.9mo.log_ratio.std.atac,non,0.21817075615749418
1906,3,18mo.2mo.log_ratio.std.atac,non,0.08653184985112228
1907,3,log2_distance.std.atac,non,-0.06181811553455444
1908,3,9mo.2mo.log_ratio.max.atac,non,-0.045546196020410594
1909,3,18mo.9mo.log_ratio.max.atac,non,-0.22669359180621465
1910,3,18mo.2mo.log_ratio.max.atac,non,0.0024256083857861553
1911,3,log2_distance.max.atac,non,-0.08840485397427454
1912,3,9mo.2mo.log_ratio.min.atac,non,-0.12106351976516927
1913,3,18mo.9mo.log_ratio.min.atac,non,0.05835419616572656
1914,3,18mo.2mo.log_ratio.min.atac,non,0.2410284774995822
1915,3,log2_distance.min.atac,non,0.033660962595828
1916,3,count.atac,non,0.5500160270618704
1917,4,gene_length.meta,non,-0.2439477386328858
1918,4,9mo.2mo.activity.log_ratio.mean.5kb-20kb.enhancer_DMR,non,0.05049406555407426
1919,4,9mo.2mo.activity.log_ratio.median.5kb-20kb.enhancer_DMR,non,0.07564544022226438
1920,4,9mo.2mo.activity.log_ratio.max.5kb-20kb.enhancer_DMR,non,-0.05624021312690104
1921,4,9mo.2mo.activity.log_ratio.min.5kb-20kb.enhancer_DMR,non,-0.07019955676094956
1922,4,9mo.2mo.activity.log_ratio.count.5kb-20kb.enhancer_DMR,non,-0.0841529829696272
1923,4,18mo.2mo.activity.log_ratio.mean.5kb-20kb.enhancer_DMR,non,-0.06309888617108608
1924,4,18mo.2mo.activity.log_ratio.median.5kb-20kb.enhancer_DMR,non,0.09635518607063562
1925,4,18mo.2mo.activity.log_ratio.max.5kb-20kb.enhancer_DMR,non,0.08260939887999667
1926,4,18mo.2mo.activity.log_ratio.min.5kb-20kb.enhancer_DMR,non,-0.09279778122888085
1927,4,18mo.2mo.activity.log_ratio.count.5kb-20kb.enhancer_DMR,non,0.0617176306396642
1928,4,18mo.9mo.activity.log_ratio.mean.5kb-20kb.enhancer_DMR,non,-0.06617899852165242
1929,4,18mo.9mo.activity.log_ratio.median.5kb-20kb.enhancer_DMR,non,-0.0035252398349704638
1930,4,18mo.9mo.activity.log_ratio.max.5kb-20kb.enhancer_DMR,non,0.02950222436431469
1931,4,18mo.9mo.activity.log_ratio.min.5kb-20kb.enhancer_DMR,non,0.12011938769097655
1932,4,18mo.9mo.activity.log_ratio.count.5kb-20kb.enhancer_DMR,non,-0.03710386076825272
1933,4,9mo.2mo.contact.log_ratio.mean.5kb-20kb.enhancer_DMR,non,-0.0009896434691829402
1934,4,9mo.2mo.contact.log_ratio.median.5kb-20kb.enhancer_DMR,non,-1.213821766519875e-06
1935,4,9mo.2mo.contact.log_ratio.max.5kb-20kb.enhancer_DMR,non,0.11486573912472367
1936,4,9mo.2mo.contact.log_ratio.min.5kb-20kb.enhancer_DMR,non,-0.034927075972915896
1937,4,9mo.2mo.contact.log_ratio.count.5kb-20kb.enhancer_DMR,non,-0.0841529829696272
1938,4,18mo.2mo.contact.log_ratio.mean.5kb-20kb.enhancer_DMR,non,0.022573998797370907
1939,4,18mo.2mo.contact.log_ratio.median.5kb-20kb.enhancer_DMR,non,0.02417626764101559
1940,4,18mo.2mo.contact.log_ratio.max.5kb-20kb.enhancer_DMR,non,-0.12192012181628613
1941,4,18mo.2mo.contact.log_ratio.min.5kb-20kb.enhancer_DMR,non,0.148860536503256
1942,4,18mo.2mo.contact.log_ratio.count.5kb-20kb.enhancer_DMR,non,0.0617176306396642
1943,4,18mo.9mo.contact.log_ratio.mean.5kb-20kb.enhancer_DMR,non,0.07807060398728936
1944,4,18mo.9mo.contact.log_ratio.median.5kb-20kb.enhancer_DMR,non,0.029186186943134126
1945,4,18mo.9mo.contact.log_ratio.max.5kb-20kb.enhancer_DMR,non,0.05887679531547998
1946,4,18mo.9mo.contact.log_ratio.min.5kb-20kb.enhancer_DMR,non,-0.19745776189900824
1947,4,18mo.9mo.contact.log_ratio.count.5kb-20kb.enhancer_DMR,non,-0.03710386076825272
1948,4,9mo.2mo.activity.log_ratio.mean.20kb-5Mb.enhancer_DMR,non,0.011461441565217239
1949,4,9mo.2mo.activity.log_ratio.median.20kb-5Mb.enhancer_DMR,non,0.10202446269047658
1950,4,9mo.2mo.activity.log_ratio.max.20kb-5Mb.enhancer_DMR,non,-0.004970953874622619
1951,4,9mo.2mo.activity.log_ratio.min.20kb-5Mb.enhancer_DMR,non,-0.08834269244461056
1952,4,9mo.2mo.activity.log_ratio.count.20kb-5Mb.enhancer_DMR,non,-0.053089950595590435
1953,4,18mo.2mo.activity.log_ratio.mean.20kb-5Mb.enhancer_DMR,non,0.03318350611701749
1954,4,18mo.2mo.activity.log_ratio.median.20kb-5Mb.enhancer_DMR,non,-0.11175883016209133
1955,4,18mo.2mo.activity.log_ratio.max.20kb-5Mb.enhancer_DMR,non,0.04402096218892709
1956,4,18mo.2mo.activity.log_ratio.min.20kb-5Mb.enhancer_DMR,non,-0.0436130661446518
1957,4,18mo.2mo.activity.log_ratio.count.20kb-5Mb.enhancer_DMR,non,0.09937552466348318
1958,4,18mo.9mo.activity.log_ratio.mean.20kb-5Mb.enhancer_DMR,non,0.05907251598319943
1959,4,18mo.9mo.activity.log_ratio.median.20kb-5Mb.enhancer_DMR,non,0.0006894803062107846
1960,4,18mo.9mo.activity.log_ratio.max.20kb-5Mb.enhancer_DMR,non,0.05489787654451291
1961,4,18mo.9mo.activity.log_ratio.min.20kb-5Mb.enhancer_DMR,non,-0.09158697372270003
1962,4,18mo.9mo.activity.log_ratio.count.20kb-5Mb.enhancer_DMR,non,-0.07615938670046779
1963,4,9mo.2mo.contact.log_ratio.mean.20kb-5Mb.enhancer_DMR,non,0.1432061590359007
1964,4,9mo.2mo.contact.log_ratio.median.20kb-5Mb.enhancer_DMR,non,0.008168346691966014
1965,4,9mo.2mo.contact.log_ratio.max.20kb-5Mb.enhancer_DMR,non,-0.0576454240049522
1966,4,9mo.2mo.contact.log_ratio.min.20kb-5Mb.enhancer_DMR,non,-0.07052335556227884
1967,4,9mo.2mo.contact.log_ratio.count.20kb-5Mb.enhancer_DMR,non,-0.053089950595590435
1968,4,18mo.2mo.contact.log_ratio.mean.20kb-5Mb.enhancer_DMR,non,3.979153828239338e-05
1969,4,18mo.2mo.contact.log_ratio.median.20kb-5Mb.enhancer_DMR,non,0.04368787400575776
1970,4,18mo.2mo.contact.log_ratio.max.20kb-5Mb.enhancer_DMR,non,-0.024973336022882292
1971,4,18mo.2mo.contact.log_ratio.min.20kb-5Mb.enhancer_DMR,non,-0.13498048985202543
1972,4,18mo.2mo.contact.log_ratio.count.20kb-5Mb.enhancer_DMR,non,0.09937552466348318
1973,4,18mo.9mo.contact.log_ratio.mean.20kb-5Mb.enhancer_DMR,non,-6.491930660025092e-06
1974,4,18mo.9mo.contact.log_ratio.median.20kb-5Mb.enhancer_DMR,non,-0.19702235978544447
1975,4,18mo.9mo.contact.log_ratio.max.20kb-5Mb.enhancer_DMR,non,0.07391153177235123
1976,4,18mo.9mo.contact.log_ratio.min.20kb-5Mb.enhancer_DMR,non,0.14913551500755007
1977,4,18mo.9mo.contact.log_ratio.count.20kb-5Mb.enhancer_DMR,non,-0.07615938670046779
1978,4,count.enhancer_DMR,non,0.029546990795198232
1979,4,9mo.2mo.activity.log_ratio.count.0-5kb.enhancer_peak,non,-0.06138371916595187
1980,4,18mo.2mo.activity.log_ratio.count.0-5kb.enhancer_peak,non,0.11724544788276124
1981,4,18mo.9mo.activity.log_ratio.count.0-5kb.enhancer_peak,non,-0.029309304527480942
1982,4,9mo.2mo.contact.log_ratio.count.0-5kb.enhancer_peak,non,-0.06138371916595187
1983,4,18mo.2mo.contact.log_ratio.count.0-5kb.enhancer_peak,non,0.11724544788276124
1984,4,18mo.9mo.contact.log_ratio.count.0-5kb.enhancer_peak,non,-0.029309304527480942
1985,4,9mo.2mo.activity.log_ratio.count.5kb-20kb.enhancer_peak,non,0.10026181645706668
1986,4,18mo.2mo.activity.log_ratio.mean.5kb-20kb.enhancer_peak,non,-0.04081478597418368
1987,4,18mo.2mo.activity.log_ratio.median.5kb-20kb.enhancer_peak,non,-0.21960132399452592
1988,4,18mo.2mo.activity.log_ratio.max.5kb-20kb.enhancer_peak,non,0.15350514699736342
1989,4,18mo.2mo.activity.log_ratio.min.5kb-20kb.enhancer_peak,non,0.0003888514658360158
1990,4,18mo.2mo.activity.log_ratio.count.5kb-20kb.enhancer_peak,non,-0.013699907432546858
1991,4,18mo.9mo.activity.log_ratio.mean.5kb-20kb.enhancer_peak,non,8.871795464014353e-05
1992,4,18mo.9mo.activity.log_ratio.median.5kb-20kb.enhancer_peak,non,-0.040382728079935815
1993,4,18mo.9mo.activity.log_ratio.max.5kb-20kb.enhancer_peak,non,0.028438731978162435
1994,4,18mo.9mo.activity.log_ratio.min.5kb-20kb.enhancer_peak,non,0.010018110876463386
1995,4,18mo.9mo.activity.log_ratio.count.5kb-20kb.enhancer_peak,non,-0.022737411096047717
1996,4,9mo.2mo.contact.log_ratio.count.5kb-20kb.enhancer_peak,non,0.10026181645706668
1997,4,18mo.2mo.contact.log_ratio.mean.5kb-20kb.enhancer_peak,non,0.024414764950770836
1998,4,18mo.2mo.contact.log_ratio.median.5kb-20kb.enhancer_peak,non,0.07581724698524145
1999,4,18mo.2mo.contact.log_ratio.max.5kb-20kb.enhancer_peak,non,-0.18348114791722595
2000,4,18mo.2mo.contact.log_ratio.min.5kb-20kb.enhancer_peak,non,0.02485539906041229
2001,4,18mo.2mo.contact.log_ratio.count.5kb-20kb.enhancer_peak,non,-0.013699907432546858
2002,4,18mo.9mo.contact.log_ratio.mean.5kb-20kb.enhancer_peak,non,1.1763771646449987e-06
2003,4,18mo.9mo.contact.log_ratio.median.5kb-20kb.enhancer_peak,non,-0.024733641139578565
2004,4,18mo.9mo.contact.log_ratio.max.5kb-20kb.enhancer_peak,non,-0.0700066827338347
2005,4,18mo.9mo.contact.log_ratio.min.5kb-20kb.enhancer_peak,non,0.035781666222488406
2006,4,18mo.9mo.contact.log_ratio.count.5kb-20kb.enhancer_peak,non,-0.022737411096047717
2007,4,9mo.2mo.activity.log_ratio.mean.20kb-5Mb.enhancer_peak,non,0.07060933559358212
2008,4,9mo.2mo.activity.log_ratio.median.20kb-5Mb.enhancer_peak,non,-0.1731445227496636
2009,4,9mo.2mo.activity.log_ratio.std.20kb-5Mb.enhancer_peak,non,0.22847175826390315
2010,4,9mo.2mo.activity.log_ratio.max.20kb-5Mb.enhancer_peak,non,-0.06745403760666041
2011,4,9mo.2mo.activity.log_ratio.min.20kb-5Mb.enhancer_peak,non,0.3128834991975157
2012,4,9mo.2mo.activity.log_ratio.count.20kb-5Mb.enhancer_peak,non,0.1035976796364604
2013,4,18mo.2mo.activity.log_ratio.mean.20kb-5Mb.enhancer_peak,non,0.0281276608429727
2014,4,18mo.2mo.activity.log_ratio.median.20kb-5Mb.enhancer_peak,non,0.10883038589461003
2015,4,18mo.2mo.activity.log_ratio.std.20kb-5Mb.enhancer_peak,non,-0.0161835745171324
2016,4,18mo.2mo.activity.log_ratio.max.20kb-5Mb.enhancer_peak,non,-0.10340434060580647
2017,4,18mo.2mo.activity.log_ratio.min.20kb-5Mb.enhancer_peak,non,-0.047401892908286
2018,4,18mo.2mo.activity.log_ratio.count.20kb-5Mb.enhancer_peak,non,0.031004771951286456
2019,4,18mo.9mo.activity.log_ratio.mean.20kb-5Mb.enhancer_peak,non,0.062163930754289234
2020,4,18mo.9mo.activity.log_ratio.median.20kb-5Mb.enhancer_peak,non,-0.006460773265949844
2021,4,18mo.9mo.activity.log_ratio.std.20kb-5Mb.enhancer_peak,non,0.05879001774481146
2022,4,18mo.9mo.activity.log_ratio.max.20kb-5Mb.enhancer_peak,non,-0.12472527856569578
2023,4,18mo.9mo.activity.log_ratio.min.20kb-5Mb.enhancer_peak,non,0.10401881680472148
2024,4,18mo.9mo.activity.log_ratio.count.20kb-5Mb.enhancer_peak,non,-0.07255979081872567
2025,4,9mo.2mo.contact.log_ratio.mean.20kb-5Mb.enhancer_peak,non,-0.24477586714883617
2026,4,9mo.2mo.contact.log_ratio.median.20kb-5Mb.enhancer_peak,non,0.12158799092212888
2027,4,9mo.2mo.contact.log_ratio.std.20kb-5Mb.enhancer_peak,non,0.09685048402772643
2028,4,9mo.2mo.contact.log_ratio.max.20kb-5Mb.enhancer_peak,non,0.028145133887602012
2029,4,9mo.2mo.contact.log_ratio.min.20kb-5Mb.enhancer_peak,non,0.2590705330005265
2030,4,9mo.2mo.contact.log_ratio.count.20kb-5Mb.enhancer_peak,non,0.1035976796364604
2031,4,18mo.2mo.contact.log_ratio.mean.20kb-5Mb.enhancer_peak,non,-5.201153464171588e-06
2032,4,18mo.2mo.contact.log_ratio.median.20kb-5Mb.enhancer_peak,non,-0.10547801842167803
2033,4,18mo.2mo.contact.log_ratio.std.20kb-5Mb.enhancer_peak,non,-0.11562647997030419
2034,4,18mo.2mo.contact.log_ratio.max.20kb-5Mb.enhancer_peak,non,0.2225689766495106
2035,4,18mo.2mo.contact.log_ratio.min.20kb-5Mb.enhancer_peak,non,-0.09522516353565223
2036,4,18mo.2mo.contact.log_ratio.count.20kb-5Mb.enhancer_peak,non,0.031004771951286456
2037,4,18mo.9mo.contact.log_ratio.mean.20kb-5Mb.enhancer_peak,non,-0.0007988176269743763
2038,4,18mo.9mo.contact.log_ratio.median.20kb-5Mb.enhancer_peak,non,-0.07533871723411954
2039,4,18mo.9mo.contact.log_ratio.std.20kb-5Mb.enhancer_peak,non,0.06030903896009844
2040,4,18mo.9mo.contact.log_ratio.max.20kb-5Mb.enhancer_peak,non,0.05489794398690535
2041,4,18mo.9mo.contact.log_ratio.min.20kb-5Mb.enhancer_peak,non,0.09009614756799317
2042,4,18mo.9mo.contact.log_ratio.count.20kb-5Mb.enhancer_peak,non,-0.07255979081872567
2043,4,count.enhancer_peak,non,0.049512065365924694
2044,4,rel_pos.DAR,non,-0.06454989484350923
2045,4,9mo.2mo.log_ratio.DAR,non,0.0019535095122179508
2046,4,18mo.9mo.log_ratio.DAR,non,0.016600528382809978
2047,4,18mo.2mo.log_ratio.DAR,non,0.009253431959484297
2048,4,count.DAR,non,-0.14769884643073072
2049,4,size.log2.DMR,non,0.1340623275652638
2050,4,rel_pos.DMR,non,-0.06427675021595981
2051,4,9mo.2mo.log_ratio.DMR,non,-0.052841402964244014
2052,4,18mo.9mo.log_ratio.DMR,non,0.09748972740351149
2053,4,18mo.2mo.log_ratio.DMR,non,0.00998688946797584
2054,4,distance.log2.DMR,non,0.13769866519292795
2055,4,count.DMR,non,-0.13894382690543164
2056,4,Qanova.mean.loops,non,0.049793641378044984
2057,4,Qanova.median.loops,non,0.15221696637660087
2058,4,Qanova.std.loops,non,-0.0778577377529631
2059,4,Qanova.max.loops,non,-0.005739699223336854
2060,4,Qanova.min.loops,non,-0.03532043878227641
2061,4,Tanova.mean.loops,non,0.09787152769340933
2062,4,Tanova.median.loops,non,-0.04883647778253841
2063,4,Tanova.std.loops,non,-0.07426513433368936
2064,4,Tanova.max.loops,non,-0.05143987332843198
2065,4,Tanova.min.loops,non,-0.02601347911235405
2066,4,9mo.2mo.Q.mean.loops,non,0.03603675119798578
2067,4,9mo.2mo.Q.median.loops,non,-0.05275894977090611
2068,4,9mo.2mo.Q.std.loops,non,0.03085126721927676
2069,4,9mo.2mo.Q.max.loops,non,0.04417449587375125
2070,4,9mo.2mo.Q.min.loops,non,-0.09076137007760035
2071,4,18mo.9mo.Q.mean.loops,non,-0.184255434260364
2072,4,18mo.9mo.Q.median.loops,non,0.015490361554519067
2073,4,18mo.9mo.Q.std.loops,non,0.128449609640951
2074,4,18mo.9mo.Q.max.loops,non,0.10638239822639922
2075,4,18mo.9mo.Q.min.loops,non,-0.03863774011578684
2076,4,18mo.2mo.Q.mean.loops,non,-0.22805420146010785
2077,4,18mo.2mo.Q.median.loops,non,0.1383673364431878
2078,4,18mo.2mo.Q.std.loops,non,-0.0005029344903923219
2079,4,18mo.2mo.Q.max.loops,non,-0.06237113811897682
2080,4,18mo.2mo.Q.min.loops,non,0.12222073966001161
2081,4,9mo.2mo.T.mean.loops,non,0.1414474922854028
2082,4,9mo.2mo.T.median.loops,non,-0.18760835595866795
2083,4,9mo.2mo.T.std.loops,non,-0.014475740896045664
2084,4,9mo.2mo.T.max.loops,non,-0.002973623307328304
2085,4,9mo.2mo.T.min.loops,non,-0.11591198939969591
2086,4,18mo.9mo.T.mean.loops,non,-0.07741995461617528
2087,4,18mo.9mo.T.median.loops,non,0.05001549165534178
2088,4,18mo.9mo.T.std.loops,non,-0.09488470581009581
2089,4,18mo.9mo.T.max.loops,non,0.00788961716511191
2090,4,18mo.9mo.T.min.loops,non,-0.10226728876189621
2091,4,18mo.2mo.T.mean.loops,non,0.005053992592651903
2092,4,18mo.2mo.T.median.loops,non,-0.12851180540059745
2093,4,18mo.2mo.T.std.loops,non,-0.05896885301912205
2094,4,18mo.2mo.T.max.loops,non,0.1144943582969301
2095,4,18mo.2mo.T.min.loops,non,0.05802054972094949
2096,4,loop_size.log.mean.loops,non,0.1654466496976986
2097,4,loop_size.log.median.loops,non,0.08799023820776683
2098,4,loop_size.log.std.loops,non,-4.028500962998973e-06
2099,4,loop_size.log.max.loops,non,0.2586911720532025
2100,4,loop_size.log.min.loops,non,0.14548691389086635
2101,4,min_distance.log.mean.loops,non,-0.1189898870206605
2102,4,min_distance.log.median.loops,non,-0.11027210785891137
2103,4,min_distance.log.std.loops,non,-0.006579109615116824
2104,4,min_distance.log.max.loops,non,-0.2585246223328913
2105,4,min_distance.log.min.loops,non,-0.11927695204960824
2106,4,count.loops,non,-0.009953527745387217
2107,4,9mo.2mo.log_ratio.mcg_genebody,non,-1.637215385703536e-08
2108,4,18mo.9mo.log_ratio.mcg_genebody,non,0.10052468819008768
2109,4,18mo.2mo.log_ratio.mcg_genebody,non,0.05977840191415417
2110,4,9mo.2mo.log_ratio.mch_genebody,non,0.031241960870398777
2111,4,18mo.9mo.log_ratio.mch_genebody,non,0.00877828067701326
2112,4,18mo.2mo.log_ratio.mch_genebody,non,0.058557361645025
2113,4,9mo.2mo.log_ratio.mean.atac,non,-0.11505109830314882
2114,4,18mo.9mo.log_ratio.mean.atac,non,0.07751945550075054
2115,4,18mo.2mo.log_ratio.mean.atac,non,-0.07350935992548993
2116,4,log2_distance.mean.atac,non,0.010904349291473093
2117,4,9mo.2mo.log_ratio.std.atac,non,0.0454617740751319
2118,4,18mo.9mo.log_ratio.std.atac,non,0.31180891957425794
2119,4,18mo.2mo.log_ratio.std.atac,non,0.030105140736699443
2120,4,log2_distance.std.atac,non,-0.008038183157022634
2121,4,9mo.2mo.log_ratio.max.atac,non,-0.08268034917748286
2122,4,18mo.9mo.log_ratio.max.atac,non,-0.2468512038464899
2123,4,18mo.2mo.log_ratio.max.atac,non,0.01667080423478596
2124,4,log2_distance.max.atac,non,-0.10802409707525594
2125,4,9mo.2mo.log_ratio.min.atac,non,0.18179478510740407
2126,4,18mo.9mo.log_ratio.min.atac,non,0.07938676877384138
2127,4,18mo.2mo.log_ratio.min.atac,non,0.041362169766840005
2128,4,log2_distance.min.atac,non,0.10462167710660354
2129,4,count.atac,non,0.5587538433116304
2130,0,gene_length.meta,up,0.7258365401495258
2131,0,9mo.2mo.activity.log_ratio.mean.5kb-20kb.enhancer_DMR,up,0.12067999951519273
2132,0,9mo.2mo.activity.log_ratio.median.5kb-20kb.enhancer_DMR,up,-0.3786994723951092
2133,0,9mo.2mo.activity.log_ratio.max.5kb-20kb.enhancer_DMR,up,0.10987833191851593
2134,0,9mo.2mo.activity.log_ratio.min.5kb-20kb.enhancer_DMR,up,0.4448131586599758
2135,0,9mo.2mo.activity.log_ratio.count.5kb-20kb.enhancer_DMR,up,0.4073143001382104
2136,0,18mo.2mo.activity.log_ratio.mean.5kb-20kb.enhancer_DMR,up,0.09202173887335237
2137,0,18mo.2mo.activity.log_ratio.median.5kb-20kb.enhancer_DMR,up,-0.35552817106314794
2138,0,18mo.2mo.activity.log_ratio.max.5kb-20kb.enhancer_DMR,up,-0.20794931605590544
2139,0,18mo.2mo.activity.log_ratio.min.5kb-20kb.enhancer_DMR,up,0.20081153535790883
2140,0,18mo.2mo.activity.log_ratio.count.5kb-20kb.enhancer_DMR,up,-0.3806698640565546
2141,0,18mo.9mo.activity.log_ratio.mean.5kb-20kb.enhancer_DMR,up,0.08849109577456488
2142,0,18mo.9mo.activity.log_ratio.median.5kb-20kb.enhancer_DMR,up,0.3330576354797364
2143,0,18mo.9mo.activity.log_ratio.max.5kb-20kb.enhancer_DMR,up,-0.11409467646442678
2144,0,18mo.9mo.activity.log_ratio.min.5kb-20kb.enhancer_DMR,up,-0.3323499110146008
2145,0,18mo.9mo.activity.log_ratio.count.5kb-20kb.enhancer_DMR,up,0.012760427510605769
2146,0,9mo.2mo.contact.log_ratio.mean.5kb-20kb.enhancer_DMR,up,-0.047262435435051355
2147,0,9mo.2mo.contact.log_ratio.median.5kb-20kb.enhancer_DMR,up,0.10245345047912295
2148,0,9mo.2mo.contact.log_ratio.max.5kb-20kb.enhancer_DMR,up,-0.135880717167564
2149,0,9mo.2mo.contact.log_ratio.min.5kb-20kb.enhancer_DMR,up,-0.23582754179211693
2150,0,9mo.2mo.contact.log_ratio.count.5kb-20kb.enhancer_DMR,up,0.4073143001382104
2151,0,18mo.2mo.contact.log_ratio.mean.5kb-20kb.enhancer_DMR,up,0.031821572419099296
2152,0,18mo.2mo.contact.log_ratio.median.5kb-20kb.enhancer_DMR,up,0.3963213418398207
2153,0,18mo.2mo.contact.log_ratio.max.5kb-20kb.enhancer_DMR,up,0.20773725536927898
2154,0,18mo.2mo.contact.log_ratio.min.5kb-20kb.enhancer_DMR,up,-0.5215780298482544
2155,0,18mo.2mo.contact.log_ratio.count.5kb-20kb.enhancer_DMR,up,-0.3806698640565546
2156,0,18mo.9mo.contact.log_ratio.mean.5kb-20kb.enhancer_DMR,up,-0.09709472953967808
2157,0,18mo.9mo.contact.log_ratio.median.5kb-20kb.enhancer_DMR,up,0.002030529972049921
2158,0,18mo.9mo.contact.log_ratio.max.5kb-20kb.enhancer_DMR,up,-0.6831246468402901
2159,0,18mo.9mo.contact.log_ratio.min.5kb-20kb.enhancer_DMR,up,0.49467146359880254
2160,0,18mo.9mo.contact.log_ratio.count.5kb-20kb.enhancer_DMR,up,0.012760427510605769
2161,0,9mo.2mo.activity.log_ratio.mean.20kb-5Mb.enhancer_DMR,up,-0.0321812080700052
2162,0,9mo.2mo.activity.log_ratio.median.20kb-5Mb.enhancer_DMR,up,0.15662485010456648
2163,0,9mo.2mo.activity.log_ratio.max.20kb-5Mb.enhancer_DMR,up,-0.2173739732052523
2164,0,9mo.2mo.activity.log_ratio.min.20kb-5Mb.enhancer_DMR,up,-0.1234672910351066
2165,0,9mo.2mo.activity.log_ratio.count.20kb-5Mb.enhancer_DMR,up,-0.015217142842040962
2166,0,18mo.2mo.activity.log_ratio.mean.20kb-5Mb.enhancer_DMR,up,0.10663301831369033
2167,0,18mo.2mo.activity.log_ratio.median.20kb-5Mb.enhancer_DMR,up,-0.21068349289054555
2168,0,18mo.2mo.activity.log_ratio.max.20kb-5Mb.enhancer_DMR,up,0.20427136528753345
2169,0,18mo.2mo.activity.log_ratio.min.20kb-5Mb.enhancer_DMR,up,-0.08375520418286615
2170,0,18mo.2mo.activity.log_ratio.count.20kb-5Mb.enhancer_DMR,up,-0.1157115226726764
2171,0,18mo.9mo.activity.log_ratio.mean.20kb-5Mb.enhancer_DMR,up,-0.019346102987048697
2172,0,18mo.9mo.activity.log_ratio.median.20kb-5Mb.enhancer_DMR,up,-0.16879537305352355
2173,0,18mo.9mo.activity.log_ratio.max.20kb-5Mb.enhancer_DMR,up,-0.1280955793744907
2174,0,18mo.9mo.activity.log_ratio.min.20kb-5Mb.enhancer_DMR,up,0.21755465790593675
2175,0,18mo.9mo.activity.log_ratio.count.20kb-5Mb.enhancer_DMR,up,0.009746619706755394
2176,0,9mo.2mo.contact.log_ratio.mean.20kb-5Mb.enhancer_DMR,up,-0.08491997911610047
2177,0,9mo.2mo.contact.log_ratio.median.20kb-5Mb.enhancer_DMR,up,0.15975830606066516
2178,0,9mo.2mo.contact.log_ratio.max.20kb-5Mb.enhancer_DMR,up,-0.2518315127633795
2179,0,9mo.2mo.contact.log_ratio.min.20kb-5Mb.enhancer_DMR,up,-0.08864212691173853
2180,0,9mo.2mo.contact.log_ratio.count.20kb-5Mb.enhancer_DMR,up,-0.015217142842040962
2181,0,18mo.2mo.contact.log_ratio.mean.20kb-5Mb.enhancer_DMR,up,0.039948813358777514
2182,0,18mo.2mo.contact.log_ratio.median.20kb-5Mb.enhancer_DMR,up,-0.31170064704920186
2183,0,18mo.2mo.contact.log_ratio.max.20kb-5Mb.enhancer_DMR,up,-0.009333575940636048
2184,0,18mo.2mo.contact.log_ratio.min.20kb-5Mb.enhancer_DMR,up,0.5088665019786224
2185,0,18mo.2mo.contact.log_ratio.count.20kb-5Mb.enhancer_DMR,up,-0.1157115226726764
2186,0,18mo.9mo.contact.log_ratio.mean.20kb-5Mb.enhancer_DMR,up,-0.054146188110697005
2187,0,18mo.9mo.contact.log_ratio.median.20kb-5Mb.enhancer_DMR,up,0.04800781086111484
2188,0,18mo.9mo.contact.log_ratio.max.20kb-5Mb.enhancer_DMR,up,0.2788334090711433
2189,0,18mo.9mo.contact.log_ratio.min.20kb-5Mb.enhancer_DMR,up,-0.4045775972770731
2190,0,18mo.9mo.contact.log_ratio.count.20kb-5Mb.enhancer_DMR,up,0.009746619706755394
2191,0,count.enhancer_DMR,up,0.1557034891694305
2192,0,9mo.2mo.activity.log_ratio.count.0-5kb.enhancer_peak,up,0.021380028941988354
2193,0,18mo.2mo.activity.log_ratio.count.0-5kb.enhancer_peak,up,-0.0845114210489907
2194,0,18mo.9mo.activity.log_ratio.count.0-5kb.enhancer_peak,up,-0.040642612564101864
2195,0,9mo.2mo.contact.log_ratio.count.0-5kb.enhancer_peak,up,0.021380028941988354
2196,0,18mo.2mo.contact.log_ratio.count.0-5kb.enhancer_peak,up,-0.0845114210489907
2197,0,18mo.9mo.contact.log_ratio.count.0-5kb.enhancer_peak,up,-0.040642612564101864
2198,0,9mo.2mo.activity.log_ratio.count.5kb-20kb.enhancer_peak,up,-0.035023681159915984
2199,0,18mo.2mo.activity.log_ratio.mean.5kb-20kb.enhancer_peak,up,0.08045678196622949
2200,0,18mo.2mo.activity.log_ratio.median.5kb-20kb.enhancer_peak,up,0.0635739258246061
2201,0,18mo.2mo.activity.log_ratio.max.5kb-20kb.enhancer_peak,up,-0.015100064105383526
2202,0,18mo.2mo.activity.log_ratio.min.5kb-20kb.enhancer_peak,up,0.13892839171845464
2203,0,18mo.2mo.activity.log_ratio.count.5kb-20kb.enhancer_peak,up,0.07851021306630585
2204,0,18mo.9mo.activity.log_ratio.mean.5kb-20kb.enhancer_peak,up,0.03653491321634305
2205,0,18mo.9mo.activity.log_ratio.median.5kb-20kb.enhancer_peak,up,-0.12216356717962894
2206,0,18mo.9mo.activity.log_ratio.max.5kb-20kb.enhancer_peak,up,0.18539071422385223
2207,0,18mo.9mo.activity.log_ratio.min.5kb-20kb.enhancer_peak,up,-0.010632866279295383
2208,0,18mo.9mo.activity.log_ratio.count.5kb-20kb.enhancer_peak,up,-0.07551160237174714
2209,0,9mo.2mo.contact.log_ratio.count.5kb-20kb.enhancer_peak,up,-0.035023681159915984
2210,0,18mo.2mo.contact.log_ratio.mean.5kb-20kb.enhancer_peak,up,-0.06680020910580137
2211,0,18mo.2mo.contact.log_ratio.median.5kb-20kb.enhancer_peak,up,-0.1864790680342563
2212,0,18mo.2mo.contact.log_ratio.max.5kb-20kb.enhancer_peak,up,0.27189028964351686
2213,0,18mo.2mo.contact.log_ratio.min.5kb-20kb.enhancer_peak,up,0.022963750771510437
2214,0,18mo.2mo.contact.log_ratio.count.5kb-20kb.enhancer_peak,up,0.07851021306630585
2215,0,18mo.9mo.contact.log_ratio.mean.5kb-20kb.enhancer_peak,up,-0.046045363165193885
2216,0,18mo.9mo.contact.log_ratio.median.5kb-20kb.enhancer_peak,up,0.14349359508530088
2217,0,18mo.9mo.contact.log_ratio.max.5kb-20kb.enhancer_peak,up,-0.14445077180506255
2218,0,18mo.9mo.contact.log_ratio.min.5kb-20kb.enhancer_peak,up,-0.1513732836238627
2219,0,18mo.9mo.contact.log_ratio.count.5kb-20kb.enhancer_peak,up,-0.07551160237174714
2220,0,9mo.2mo.activity.log_ratio.mean.20kb-5Mb.enhancer_peak,up,-0.07702761214907565
2221,0,9mo.2mo.activity.log_ratio.median.20kb-5Mb.enhancer_peak,up,-0.05970602153380633
2222,0,9mo.2mo.activity.log_ratio.std.20kb-5Mb.enhancer_peak,up,-0.2087638700688642
2223,0,9mo.2mo.activity.log_ratio.max.20kb-5Mb.enhancer_peak,up,0.17122395442721489
2224,0,9mo.2mo.activity.log_ratio.min.20kb-5Mb.enhancer_peak,up,-0.16563204010861474
2225,0,9mo.2mo.activity.log_ratio.count.20kb-5Mb.enhancer_peak,up,-0.1171746239272764
2226,0,18mo.2mo.activity.log_ratio.mean.20kb-5Mb.enhancer_peak,up,-0.06836421884783114
2227,0,18mo.2mo.activity.log_ratio.median.20kb-5Mb.enhancer_peak,up,-0.4745076803152624
2228,0,18mo.2mo.activity.log_ratio.std.20kb-5Mb.enhancer_peak,up,-0.12361525943458142
2229,0,18mo.2mo.activity.log_ratio.max.20kb-5Mb.enhancer_peak,up,0.10350511925270287
2230,0,18mo.2mo.activity.log_ratio.min.20kb-5Mb.enhancer_peak,up,0.13100692721392598
2231,0,18mo.2mo.activity.log_ratio.count.20kb-5Mb.enhancer_peak,up,0.1082108925824959
2232,0,18mo.9mo.activity.log_ratio.mean.20kb-5Mb.enhancer_peak,up,0.2148896547774139
2233,0,18mo.9mo.activity.log_ratio.median.20kb-5Mb.enhancer_peak,up,-0.0324231721865082
2234,0,18mo.9mo.activity.log_ratio.std.20kb-5Mb.enhancer_peak,up,-0.2662620725836563
2235,0,18mo.9mo.activity.log_ratio.max.20kb-5Mb.enhancer_peak,up,0.16982772194043852
2236,0,18mo.9mo.activity.log_ratio.min.20kb-5Mb.enhancer_peak,up,-0.3866889094026569
2237,0,18mo.9mo.activity.log_ratio.count.20kb-5Mb.enhancer_peak,up,0.042021633363848114
2238,0,9mo.2mo.contact.log_ratio.mean.20kb-5Mb.enhancer_peak,up,0.1550739108555999
2239,0,9mo.2mo.contact.log_ratio.median.20kb-5Mb.enhancer_peak,up,-0.009355938698429673
2240,0,9mo.2mo.contact.log_ratio.std.20kb-5Mb.enhancer_peak,up,0.18660630840109374
2241,0,9mo.2mo.contact.log_ratio.max.20kb-5Mb.enhancer_peak,up,-0.3763601104327391
2242,0,9mo.2mo.contact.log_ratio.min.20kb-5Mb.enhancer_peak,up,-0.09680899874115685
2243,0,9mo.2mo.contact.log_ratio.count.20kb-5Mb.enhancer_peak,up,-0.1171746239272764
2244,0,18mo.2mo.contact.log_ratio.mean.20kb-5Mb.enhancer_peak,up,0.020964795266050346
2245,0,18mo.2mo.contact.log_ratio.median.20kb-5Mb.enhancer_peak,up,-0.12627971929015075
2246,0,18mo.2mo.contact.log_ratio.std.20kb-5Mb.enhancer_peak,up,0.17405366244034048
2247,0,18mo.2mo.contact.log_ratio.max.20kb-5Mb.enhancer_peak,up,-0.2536902254656328
2248,0,18mo.2mo.contact.log_ratio.min.20kb-5Mb.enhancer_peak,up,0.32586431943634514
2249,0,18mo.2mo.contact.log_ratio.count.20kb-5Mb.enhancer_peak,up,0.1082108925824959
2250,0,18mo.9mo.contact.log_ratio.mean.20kb-5Mb.enhancer_peak,up,0.03333611402198383
2251,0,18mo.9mo.contact.log_ratio.median.20kb-5Mb.enhancer_peak,up,-0.014030520929906939
2252,0,18mo.9mo.contact.log_ratio.std.20kb-5Mb.enhancer_peak,up,0.09885412544568599
2253,0,18mo.9mo.contact.log_ratio.max.20kb-5Mb.enhancer_peak,up,-0.20397767755756627
2254,0,18mo.9mo.contact.log_ratio.min.20kb-5Mb.enhancer_peak,up,0.06307593792710346
2255,0,18mo.9mo.contact.log_ratio.count.20kb-5Mb.enhancer_peak,up,0.042021633363848114
2256,0,count.enhancer_peak,up,0.06157937346811956
2257,0,rel_pos.DAR,up,0.18451999006392253
2258,0,9mo.2mo.log_ratio.DAR,up,0.09704220911951887
2259,0,18mo.9mo.log_ratio.DAR,up,-0.055341485603184734
2260,0,18mo.2mo.log_ratio.DAR,up,0.04405380329251826
2261,0,count.DAR,up,0.07975591306758174
2262,0,size.log2.DMR,up,-0.03387536527429536
2263,0,rel_pos.DMR,up,0.1905656084449861
2264,0,9mo.2mo.log_ratio.DMR,up,0.010653932522073582
2265,0,18mo.9mo.log_ratio.DMR,up,0.045590113180158716
2266,0,18mo.2mo.log_ratio.DMR,up,0.03377486838665241
2267,0,distance.log2.DMR,up,-0.2825317604906282
2268,0,count.DMR,up,0.1862988679812851
2269,0,Qanova.mean.loops,up,0.0381441199465201
2270,0,Qanova.median.loops,up,-0.3866153984110342
2271,0,Qanova.std.loops,up,0.25732849106611944
2272,0,Qanova.max.loops,up,0.2557224882106167
2273,0,Qanova.min.loops,up,-0.09060779226969717
2274,0,Tanova.mean.loops,up,0.017408762349311924
2275,0,Tanova.median.loops,up,-0.07574882259513757
2276,0,Tanova.std.loops,up,0.12997840825242812
2277,0,Tanova.max.loops,up,0.22868967306903826
2278,0,Tanova.min.loops,up,0.08047607610839126
2279,0,9mo.2mo.Q.mean.loops,up,0.5745997796774173
2280,0,9mo.2mo.Q.median.loops,up,-0.2638391441900906
2281,0,9mo.2mo.Q.std.loops,up,-0.2082616968884603
2282,0,9mo.2mo.Q.max.loops,up,-0.23753266642105444
2283,0,9mo.2mo.Q.min.loops,up,-0.09258757130793603
2284,0,18mo.9mo.Q.mean.loops,up,0.021097822303315833
2285,0,18mo.9mo.Q.median.loops,up,0.1394866218502618
2286,0,18mo.9mo.Q.std.loops,up,0.02286840790276273
2287,0,18mo.9mo.Q.max.loops,up,-0.26573132736935345
2288,0,18mo.9mo.Q.min.loops,up,0.39728760185806444
2289,0,18mo.2mo.Q.mean.loops,up,0.4883253455913796
2290,0,18mo.2mo.Q.median.loops,up,-0.4452977780304233
2291,0,18mo.2mo.Q.std.loops,up,-0.26531095942644056
2292,0,18mo.2mo.Q.max.loops,up,-0.10367271310654827
2293,0,18mo.2mo.Q.min.loops,up,-0.15726839165692302
2294,0,9mo.2mo.T.mean.loops,up,-0.3713833650217888
2295,0,9mo.2mo.T.median.loops,up,0.21467937971985418
2296,0,9mo.2mo.T.std.loops,up,0.043220713121983445
2297,0,9mo.2mo.T.max.loops,up,0.1195081706113964
2298,0,9mo.2mo.T.min.loops,up,0.17999072681117065
2299,0,18mo.9mo.T.mean.loops,up,0.07918156771153542
2300,0,18mo.9mo.T.median.loops,up,-0.07757812432478055
2301,0,18mo.9mo.T.std.loops,up,-0.11393705980804239
2302,0,18mo.9mo.T.max.loops,up,-0.2528380326108217
2303,0,18mo.9mo.T.min.loops,up,-0.13135881672428545
2304,0,18mo.2mo.T.mean.loops,up,-0.14691955724213854
2305,0,18mo.2mo.T.median.loops,up,0.5425285783690743
2306,0,18mo.2mo.T.std.loops,up,0.08170773067647534
2307,0,18mo.2mo.T.max.loops,up,-0.18967787763386496
2308,0,18mo.2mo.T.min.loops,up,-0.25111521859416314
2309,0,loop_size.log.mean.loops,up,-0.26707108085704495
2310,0,loop_size.log.median.loops,up,-0.036873264686485656
2311,0,loop_size.log.std.loops,up,-0.06577355713578106
2312,0,loop_size.log.max.loops,up,-0.3315615248510492
2313,0,loop_size.log.min.loops,up,-0.1746075207176915
2314,0,min_distance.log.mean.loops,up,0.201201867804465
2315,0,min_distance.log.median.loops,up,0.2531190094811382
2316,0,min_distance.log.std.loops,up,0.25422387002458297
2317,0,min_distance.log.max.loops,up,0.4085867896415428
2318,0,min_distance.log.min.loops,up,0.15141092918779517
2319,0,count.loops,up,-0.22625673022206627
2320,0,9mo.2mo.log_ratio.mcg_genebody,up,-0.09538811193050811
2321,0,18mo.9mo.log_ratio.mcg_genebody,up,-0.008976048720227642
2322,0,18mo.2mo.log_ratio.mcg_genebody,up,-0.16457646243130342
2323,0,9mo.2mo.log_ratio.mch_genebody,up,-0.07047952715958182
2324,0,18mo.9mo.log_ratio.mch_genebody,up,-0.0253087714543039
2325,0,18mo.2mo.log_ratio.mch_genebody,up,-0.12267666807411462
2326,0,9mo.2mo.log_ratio.mean.atac,up,0.3848342614312635
2327,0,18mo.9mo.log_ratio.mean.atac,up,-0.024894174928211305
2328,0,18mo.2mo.log_ratio.mean.atac,up,0.3475232990365275
2329,0,log2_distance.mean.atac,up,-0.28131326207830637
2330,0,9mo.2mo.log_ratio.std.atac,up,-0.033076954785929584
2331,0,18mo.9mo.log_ratio.std.atac,up,-0.13490425180889032
2332,0,18mo.2mo.log_ratio.std.atac,up,0.006274195822825449
2333,0,log2_distance.std.atac,up,0.24170118360941953
2334,0,9mo.2mo.log_ratio.max.atac,up,0.05789346042469851
2335,0,18mo.9mo.log_ratio.max.atac,up,0.1097071270863429
2336,0,18mo.2mo.log_ratio.max.atac,up,0.03695888981850135
2337,0,log2_distance.max.atac,up,0.15451204643119118
2338,0,9mo.2mo.log_ratio.min.atac,up,-0.2934402626809736
2339,0,18mo.9mo.log_ratio.min.atac,up,0.05118301132087992
2340,0,18mo.2mo.log_ratio.min.atac,up,0.06060734286621608
2341,0,log2_distance.min.atac,up,0.05923312332769022
2342,0,count.atac,up,-0.812376050550417
2343,1,gene_length.meta,up,0.9395800002528647
2344,1,9mo.2mo.activity.log_ratio.mean.5kb-20kb.enhancer_DMR,up,-0.027486716118941733
2345,1,9mo.2mo.activity.log_ratio.median.5kb-20kb.enhancer_DMR,up,-0.40531771255580556
2346,1,9mo.2mo.activity.log_ratio.max.5kb-20kb.enhancer_DMR,up,0.2917908129199559
2347,1,9mo.2mo.activity.log_ratio.min.5kb-20kb.enhancer_DMR,up,0.14358656676838552
2348,1,9mo.2mo.activity.log_ratio.count.5kb-20kb.enhancer_DMR,up,0.2343741578918373
2349,1,18mo.2mo.activity.log_ratio.mean.5kb-20kb.enhancer_DMR,up,0.06673716639468047
2350,1,18mo.2mo.activity.log_ratio.median.5kb-20kb.enhancer_DMR,up,-0.12526213827857147
2351,1,18mo.2mo.activity.log_ratio.max.5kb-20kb.enhancer_DMR,up,-0.11111715660276944
2352,1,18mo.2mo.activity.log_ratio.min.5kb-20kb.enhancer_DMR,up,0.1731062953572231
2353,1,18mo.2mo.activity.log_ratio.count.5kb-20kb.enhancer_DMR,up,-0.31727558588650606
2354,1,18mo.9mo.activity.log_ratio.mean.5kb-20kb.enhancer_DMR,up,-0.05884504972697218
2355,1,18mo.9mo.activity.log_ratio.median.5kb-20kb.enhancer_DMR,up,0.022427263349734033
2356,1,18mo.9mo.activity.log_ratio.max.5kb-20kb.enhancer_DMR,up,0.0005505890610139369
2357,1,18mo.9mo.activity.log_ratio.min.5kb-20kb.enhancer_DMR,up,-0.0985087346068494
2358,1,18mo.9mo.activity.log_ratio.count.5kb-20kb.enhancer_DMR,up,0.12165623969661327
2359,1,9mo.2mo.contact.log_ratio.mean.5kb-20kb.enhancer_DMR,up,0.02987989036385581
2360,1,9mo.2mo.contact.log_ratio.median.5kb-20kb.enhancer_DMR,up,0.12251059324585754
2361,1,9mo.2mo.contact.log_ratio.max.5kb-20kb.enhancer_DMR,up,-0.11475243969470163
2362,1,9mo.2mo.contact.log_ratio.min.5kb-20kb.enhancer_DMR,up,-0.21544548822387632
2363,1,9mo.2mo.contact.log_ratio.count.5kb-20kb.enhancer_DMR,up,0.2343741578918373
2364,1,18mo.2mo.contact.log_ratio.mean.5kb-20kb.enhancer_DMR,up,-0.04052042003395634
2365,1,18mo.2mo.contact.log_ratio.median.5kb-20kb.enhancer_DMR,up,-0.180450559275884
2366,1,18mo.2mo.contact.log_ratio.max.5kb-20kb.enhancer_DMR,up,0.34688161068443313
2367,1,18mo.2mo.contact.log_ratio.min.5kb-20kb.enhancer_DMR,up,-0.22593194602205502
2368,1,18mo.2mo.contact.log_ratio.count.5kb-20kb.enhancer_DMR,up,-0.31727558588650606
2369,1,18mo.9mo.contact.log_ratio.mean.5kb-20kb.enhancer_DMR,up,-0.10101966297573788
2370,1,18mo.9mo.contact.log_ratio.median.5kb-20kb.enhancer_DMR,up,-0.28254941715974513
2371,1,18mo.9mo.contact.log_ratio.max.5kb-20kb.enhancer_DMR,up,-0.23377763063109613
2372,1,18mo.9mo.contact.log_ratio.min.5kb-20kb.enhancer_DMR,up,0.46736075851698194
2373,1,18mo.9mo.contact.log_ratio.count.5kb-20kb.enhancer_DMR,up,0.12165623969661327
2374,1,9mo.2mo.activity.log_ratio.mean.20kb-5Mb.enhancer_DMR,up,-0.04915889851556794
2375,1,9mo.2mo.activity.log_ratio.median.20kb-5Mb.enhancer_DMR,up,0.0625171912750719
2376,1,9mo.2mo.activity.log_ratio.max.20kb-5Mb.enhancer_DMR,up,-0.0014143400714507692
2377,1,9mo.2mo.activity.log_ratio.min.20kb-5Mb.enhancer_DMR,up,-0.07141815604040919
2378,1,9mo.2mo.activity.log_ratio.count.20kb-5Mb.enhancer_DMR,up,0.07118079915553659
2379,1,18mo.2mo.activity.log_ratio.mean.20kb-5Mb.enhancer_DMR,up,-0.13211152355978462
2380,1,18mo.2mo.activity.log_ratio.median.20kb-5Mb.enhancer_DMR,up,0.13820008928231822
2381,1,18mo.2mo.activity.log_ratio.max.20kb-5Mb.enhancer_DMR,up,0.09953581260875845
2382,1,18mo.2mo.activity.log_ratio.min.20kb-5Mb.enhancer_DMR,up,-0.004154444207961917
2383,1,18mo.2mo.activity.log_ratio.count.20kb-5Mb.enhancer_DMR,up,-0.09900005499978713
2384,1,18mo.9mo.activity.log_ratio.mean.20kb-5Mb.enhancer_DMR,up,-0.185057430768979
2385,1,18mo.9mo.activity.log_ratio.median.20kb-5Mb.enhancer_DMR,up,-0.05369832794865914
2386,1,18mo.9mo.activity.log_ratio.max.20kb-5Mb.enhancer_DMR,up,-0.09786369322332672
2387,1,18mo.9mo.activity.log_ratio.min.20kb-5Mb.enhancer_DMR,up,0.17137340062875597
2388,1,18mo.9mo.activity.log_ratio.count.20kb-5Mb.enhancer_DMR,up,-0.0966542898645636
2389,1,9mo.2mo.contact.log_ratio.mean.20kb-5Mb.enhancer_DMR,up,-0.3029461099394553
2390,1,9mo.2mo.contact.log_ratio.median.20kb-5Mb.enhancer_DMR,up,-0.04305338988797043
2391,1,9mo.2mo.contact.log_ratio.max.20kb-5Mb.enhancer_DMR,up,0.1534187882492243
2392,1,9mo.2mo.contact.log_ratio.min.20kb-5Mb.enhancer_DMR,up,0.16738972032439878
2393,1,9mo.2mo.contact.log_ratio.count.20kb-5Mb.enhancer_DMR,up,0.07118079915553659
2394,1,18mo.2mo.contact.log_ratio.mean.20kb-5Mb.enhancer_DMR,up,-0.033371344426496856
2395,1,18mo.2mo.contact.log_ratio.median.20kb-5Mb.enhancer_DMR,up,-0.13525623081191213
2396,1,18mo.2mo.contact.log_ratio.max.20kb-5Mb.enhancer_DMR,up,0.0686858546999738
2397,1,18mo.2mo.contact.log_ratio.min.20kb-5Mb.enhancer_DMR,up,0.2938537202900317
2398,1,18mo.2mo.contact.log_ratio.count.20kb-5Mb.enhancer_DMR,up,-0.09900005499978713
2399,1,18mo.9mo.contact.log_ratio.mean.20kb-5Mb.enhancer_DMR,up,0.01507322004163757
2400,1,18mo.9mo.contact.log_ratio.median.20kb-5Mb.enhancer_DMR,up,0.31756900246172
2401,1,18mo.9mo.contact.log_ratio.max.20kb-5Mb.enhancer_DMR,up,0.02434025265701843
2402,1,18mo.9mo.contact.log_ratio.min.20kb-5Mb.enhancer_DMR,up,-0.31931072696037593
2403,1,18mo.9mo.contact.log_ratio.count.20kb-5Mb.enhancer_DMR,up,-0.0966542898645636
2404,1,count.enhancer_DMR,up,0.05066894899173068
2405,1,9mo.2mo.activity.log_ratio.count.0-5kb.enhancer_peak,up,-0.01368294934589065
2406,1,18mo.2mo.activity.log_ratio.count.0-5kb.enhancer_peak,up,-0.016218810835120445
2407,1,18mo.9mo.activity.log_ratio.count.0-5kb.enhancer_peak,up,-0.008702437945775065
2408,1,9mo.2mo.contact.log_ratio.count.0-5kb.enhancer_peak,up,-0.01368294934589065
2409,1,18mo.2mo.contact.log_ratio.count.0-5kb.enhancer_peak,up,-0.016218810835120445
2410,1,18mo.9mo.contact.log_ratio.count.0-5kb.enhancer_peak,up,-0.008702437945775065
2411,1,9mo.2mo.activity.log_ratio.count.5kb-20kb.enhancer_peak,up,-0.09769806648165165
2412,1,18mo.2mo.activity.log_ratio.mean.5kb-20kb.enhancer_peak,up,0.051410613064118135
2413,1,18mo.2mo.activity.log_ratio.median.5kb-20kb.enhancer_peak,up,0.12954492666066025
2414,1,18mo.2mo.activity.log_ratio.max.5kb-20kb.enhancer_peak,up,-0.11996217613357277
2415,1,18mo.2mo.activity.log_ratio.min.5kb-20kb.enhancer_peak,up,0.03756276011094493
2416,1,18mo.2mo.activity.log_ratio.count.5kb-20kb.enhancer_peak,up,0.017283780235711903
2417,1,18mo.9mo.activity.log_ratio.mean.5kb-20kb.enhancer_peak,up,-0.0006652846629077047
2418,1,18mo.9mo.activity.log_ratio.median.5kb-20kb.enhancer_peak,up,0.10109780515531146
2419,1,18mo.9mo.activity.log_ratio.max.5kb-20kb.enhancer_peak,up,-0.13639932296506616
2420,1,18mo.9mo.activity.log_ratio.min.5kb-20kb.enhancer_peak,up,0.07894480735691353
2421,1,18mo.9mo.activity.log_ratio.count.5kb-20kb.enhancer_peak,up,0.12488192074979641
2422,1,9mo.2mo.contact.log_ratio.count.5kb-20kb.enhancer_peak,up,-0.09769806648165165
2423,1,18mo.2mo.contact.log_ratio.mean.5kb-20kb.enhancer_peak,up,-0.05251305372315995
2424,1,18mo.2mo.contact.log_ratio.median.5kb-20kb.enhancer_peak,up,-0.15247910162754522
2425,1,18mo.2mo.contact.log_ratio.max.5kb-20kb.enhancer_peak,up,0.08713102270771478
2426,1,18mo.2mo.contact.log_ratio.min.5kb-20kb.enhancer_peak,up,0.10352964798439161
2427,1,18mo.2mo.contact.log_ratio.count.5kb-20kb.enhancer_peak,up,0.017283780235711903
2428,1,18mo.9mo.contact.log_ratio.mean.5kb-20kb.enhancer_peak,up,0.02106403960421211
2429,1,18mo.9mo.contact.log_ratio.median.5kb-20kb.enhancer_peak,up,-0.0006016544525175345
2430,1,18mo.9mo.contact.log_ratio.max.5kb-20kb.enhancer_peak,up,0.12319606901151478
2431,1,18mo.9mo.contact.log_ratio.min.5kb-20kb.enhancer_peak,up,-0.050128399119739736
2432,1,18mo.9mo.contact.log_ratio.count.5kb-20kb.enhancer_peak,up,0.12488192074979641
2433,1,9mo.2mo.activity.log_ratio.mean.20kb-5Mb.enhancer_peak,up,0.10369378742887204
2434,1,9mo.2mo.activity.log_ratio.median.20kb-5Mb.enhancer_peak,up,0.20548585307264244
2435,1,9mo.2mo.activity.log_ratio.std.20kb-5Mb.enhancer_peak,up,-0.4938146235919185
2436,1,9mo.2mo.activity.log_ratio.max.20kb-5Mb.enhancer_peak,up,0.07193505541051776
2437,1,9mo.2mo.activity.log_ratio.min.20kb-5Mb.enhancer_peak,up,-0.5168039158416674
2438,1,9mo.2mo.activity.log_ratio.count.20kb-5Mb.enhancer_peak,up,-0.01850518833816011
2439,1,18mo.2mo.activity.log_ratio.mean.20kb-5Mb.enhancer_peak,up,-0.06731750149201295
2440,1,18mo.2mo.activity.log_ratio.median.20kb-5Mb.enhancer_peak,up,-0.12604625457619884
2441,1,18mo.2mo.activity.log_ratio.std.20kb-5Mb.enhancer_peak,up,0.0535581107158197
2442,1,18mo.2mo.activity.log_ratio.max.20kb-5Mb.enhancer_peak,up,0.024143318911092768
2443,1,18mo.2mo.activity.log_ratio.min.20kb-5Mb.enhancer_peak,up,-0.023023804406592328
2444,1,18mo.2mo.activity.log_ratio.count.20kb-5Mb.enhancer_peak,up,-0.14130939585191857
2445,1,18mo.9mo.activity.log_ratio.mean.20kb-5Mb.enhancer_peak,up,0.08630264420578489
2446,1,18mo.9mo.activity.log_ratio.median.20kb-5Mb.enhancer_peak,up,0.044378507437056125
2447,1,18mo.9mo.activity.log_ratio.std.20kb-5Mb.enhancer_peak,up,-0.3650241720675784
2448,1,18mo.9mo.activity.log_ratio.max.20kb-5Mb.enhancer_peak,up,0.2782996156947689
2449,1,18mo.9mo.activity.log_ratio.min.20kb-5Mb.enhancer_peak,up,-0.4652444902763887
2450,1,18mo.9mo.activity.log_ratio.count.20kb-5Mb.enhancer_peak,up,0.08739353553085694
2451,1,9mo.2mo.contact.log_ratio.mean.20kb-5Mb.enhancer_peak,up,0.15474519165030007
2452,1,9mo.2mo.contact.log_ratio.median.20kb-5Mb.enhancer_peak,up,0.005989246158320244
2453,1,9mo.2mo.contact.log_ratio.std.20kb-5Mb.enhancer_peak,up,0.22886401686731894
2454,1,9mo.2mo.contact.log_ratio.max.20kb-5Mb.enhancer_peak,up,-0.3318742360092306
2455,1,9mo.2mo.contact.log_ratio.min.20kb-5Mb.enhancer_peak,up,-0.08481485644011558
2456,1,9mo.2mo.contact.log_ratio.count.20kb-5Mb.enhancer_peak,up,-0.01850518833816011
2457,1,18mo.2mo.contact.log_ratio.mean.20kb-5Mb.enhancer_peak,up,0.1384475207070873
2458,1,18mo.2mo.contact.log_ratio.median.20kb-5Mb.enhancer_peak,up,0.07074308346911945
2459,1,18mo.2mo.contact.log_ratio.std.20kb-5Mb.enhancer_peak,up,0.06670624417547959
2460,1,18mo.2mo.contact.log_ratio.max.20kb-5Mb.enhancer_peak,up,-0.2800189886909357
2461,1,18mo.2mo.contact.log_ratio.min.20kb-5Mb.enhancer_peak,up,0.04290021055374141
2462,1,18mo.2mo.contact.log_ratio.count.20kb-5Mb.enhancer_peak,up,-0.14130939585191857
2463,1,18mo.9mo.contact.log_ratio.mean.20kb-5Mb.enhancer_peak,up,0.14353583166324896
2464,1,18mo.9mo.contact.log_ratio.median.20kb-5Mb.enhancer_peak,up,0.22858863608422023
2465,1,18mo.9mo.contact.log_ratio.std.20kb-5Mb.enhancer_peak,up,0.023510860651367996
2466,1,18mo.9mo.contact.log_ratio.max.20kb-5Mb.enhancer_peak,up,-0.3650298261608002
2467,1,18mo.9mo.contact.log_ratio.min.20kb-5Mb.enhancer_peak,up,-0.17330052271237026
2468,1,18mo.9mo.contact.log_ratio.count.20kb-5Mb.enhancer_peak,up,0.08739353553085694
2469,1,count.enhancer_peak,up,0.034216188488642364
2470,1,rel_pos.DAR,up,0.02641687661093176
2471,1,9mo.2mo.log_ratio.DAR,up,0.12105191707080676
2472,1,18mo.9mo.log_ratio.DAR,up,-0.017404803224932583
2473,1,18mo.2mo.log_ratio.DAR,up,0.07903119781457144
2474,1,count.DAR,up,0.2592966311883391
2475,1,size.log2.DMR,up,-0.4492407418032902
2476,1,rel_pos.DMR,up,0.20786876200277254
2477,1,9mo.2mo.log_ratio.DMR,up,0.00576526465346433
2478,1,18mo.9mo.log_ratio.DMR,up,0.020215308165310062
2479,1,18mo.2mo.log_ratio.DMR,up,0.016777782861365095
2480,1,distance.log2.DMR,up,0.14513737814606517
2481,1,count.DMR,up,0.17883742060852584
2482,1,Qanova.mean.loops,up,0.047440605881572534
2483,1,Qanova.median.loops,up,-0.33982056011599804
2484,1,Qanova.std.loops,up,0.2661442275541903
2485,1,Qanova.max.loops,up,0.15141177943508605
2486,1,Qanova.min.loops,up,-0.13566252232163517
2487,1,Tanova.mean.loops,up,-0.10313499002760194
2488,1,Tanova.median.loops,up,0.1029393277340378
2489,1,Tanova.std.loops,up,0.022083128088911427
2490,1,Tanova.max.loops,up,0.276213568975069
2491,1,Tanova.min.loops,up,0.12436887428489328
2492,1,9mo.2mo.Q.mean.loops,up,0.47052370953185385
2493,1,9mo.2mo.Q.median.loops,up,-0.21414065781142066
2494,1,9mo.2mo.Q.std.loops,up,-0.004946634192699375
2495,1,9mo.2mo.Q.max.loops,up,-0.11532741190344861
2496,1,9mo.2mo.Q.min.loops,up,0.07733711418665205
2497,1,18mo.9mo.Q.mean.loops,up,0.2050196610237206
2498,1,18mo.9mo.Q.median.loops,up,0.08088202806760378
2499,1,18mo.9mo.Q.std.loops,up,0.13798049113643482
2500,1,18mo.9mo.Q.max.loops,up,-0.161086579651185
2501,1,18mo.9mo.Q.min.loops,up,0.2593484966794321
2502,1,18mo.2mo.Q.mean.loops,up,0.6452367947440624
2503,1,18mo.2mo.Q.median.loops,up,-0.4735936472910295
2504,1,18mo.2mo.Q.std.loops,up,-0.3014909233116674
2505,1,18mo.2mo.Q.max.loops,up,-0.1313361847935424
2506,1,18mo.2mo.Q.min.loops,up,-0.30567281040540983
2507,1,9mo.2mo.T.mean.loops,up,-0.3765008184213759
2508,1,9mo.2mo.T.median.loops,up,0.3087874934600804
2509,1,9mo.2mo.T.std.loops,up,-0.1447855782650138
2510,1,9mo.2mo.T.max.loops,up,0.10103270644908098
2511,1,9mo.2mo.T.min.loops,up,0.08064834016918299
2512,1,18mo.9mo.T.mean.loops,up,0.09385722504286932
2513,1,18mo.9mo.T.median.loops,up,-0.17053856011412166
2514,1,18mo.9mo.T.std.loops,up,0.052966100745833064
2515,1,18mo.9mo.T.max.loops,up,-0.16554806602611155
2516,1,18mo.9mo.T.min.loops,up,-0.12453886204056949
2517,1,18mo.2mo.T.mean.loops,up,-0.13411566883727716
2518,1,18mo.2mo.T.median.loops,up,0.4820605384494265
2519,1,18mo.2mo.T.std.loops,up,-0.1550574865610172
2520,1,18mo.2mo.T.max.loops,up,-0.10344447846777714
2521,1,18mo.2mo.T.min.loops,up,-0.18700682365132815
2522,1,loop_size.log.mean.loops,up,-0.22802845293104473
2523,1,loop_size.log.median.loops,up,-0.10358042516584233
2524,1,loop_size.log.std.loops,up,-0.12073488371002727
2525,1,loop_size.log.max.loops,up,-0.2419212567508356
2526,1,loop_size.log.min.loops,up,-0.14477580337829515
2527,1,min_distance.log.mean.loops,up,0.1487174924090048
2528,1,min_distance.log.median.loops,up,0.14576199794782582
2529,1,min_distance.log.std.loops,up,0.054454329565542886
2530,1,min_distance.log.max.loops,up,0.4128732930955861
2531,1,min_distance.log.min.loops,up,0.18368474699958298
2532,1,count.loops,up,-0.11970104076374313
2533,1,9mo.2mo.log_ratio.mcg_genebody,up,-0.04826282778724839
2534,1,18mo.9mo.log_ratio.mcg_genebody,up,-0.021679681469933196
2535,1,18mo.2mo.log_ratio.mcg_genebody,up,-0.09886815849847017
2536,1,9mo.2mo.log_ratio.mch_genebody,up,-0.05360864413367976
2537,1,18mo.9mo.log_ratio.mch_genebody,up,-0.021555254578170868
2538,1,18mo.2mo.log_ratio.mch_genebody,up,-0.09831419288112338
2539,1,9mo.2mo.log_ratio.mean.atac,up,0.2768742521184186
2540,1,18mo.9mo.log_ratio.mean.atac,up,0.07659235388069736
2541,1,18mo.2mo.log_ratio.mean.atac,up,0.28787771394104383
2542,1,log2_distance.mean.atac,up,-0.3449687576769568
2543,1,9mo.2mo.log_ratio.std.atac,up,-0.06087582696598239
2544,1,18mo.9mo.log_ratio.std.atac,up,-0.013503384308567169
2545,1,18mo.2mo.log_ratio.std.atac,up,-0.039717112975180206
2546,1,log2_distance.std.atac,up,0.18072113716629312
2547,1,9mo.2mo.log_ratio.max.atac,up,0.35057250628986825
2548,1,18mo.9mo.log_ratio.max.atac,up,0.18665921895134532
2549,1,18mo.2mo.log_ratio.max.atac,up,-0.16639170851056953
2550,1,log2_distance.max.atac,up,0.14996579565815527
2551,1,9mo.2mo.log_ratio.min.atac,up,0.04437942572575501
2552,1,18mo.9mo.log_ratio.min.atac,up,0.17163534438697042
2553,1,18mo.2mo.log_ratio.min.atac,up,-0.3557221975165729
2554,1,log2_distance.min.atac,up,0.18265419055206514
2555,1,count.atac,up,-1.174996067851829
2556,2,gene_length.meta,up,0.9478802927478724
2557,2,9mo.2mo.activity.log_ratio.mean.5kb-20kb.enhancer_DMR,up,-0.01783093037804031
2558,2,9mo.2mo.activity.log_ratio.median.5kb-20kb.enhancer_DMR,up,-0.32374957562660583
2559,2,9mo.2mo.activity.log_ratio.max.5kb-20kb.enhancer_DMR,up,0.2883096147428844
2560,2,9mo.2mo.activity.log_ratio.min.5kb-20kb.enhancer_DMR,up,0.20225711151177814
2561,2,9mo.2mo.activity.log_ratio.count.5kb-20kb.enhancer_DMR,up,0.16376068524782503
2562,2,18mo.2mo.activity.log_ratio.mean.5kb-20kb.enhancer_DMR,up,0.07846543939446901
2563,2,18mo.2mo.activity.log_ratio.median.5kb-20kb.enhancer_DMR,up,-0.015006772210915861
2564,2,18mo.2mo.activity.log_ratio.max.5kb-20kb.enhancer_DMR,up,-0.240652852787514
2565,2,18mo.2mo.activity.log_ratio.min.5kb-20kb.enhancer_DMR,up,0.11002006846529543
2566,2,18mo.2mo.activity.log_ratio.count.5kb-20kb.enhancer_DMR,up,-0.1656050069805707
2567,2,18mo.9mo.activity.log_ratio.mean.5kb-20kb.enhancer_DMR,up,0.06041352303117628
2568,2,18mo.9mo.activity.log_ratio.median.5kb-20kb.enhancer_DMR,up,-0.02761214408123316
2569,2,18mo.9mo.activity.log_ratio.max.5kb-20kb.enhancer_DMR,up,0.04523958972597878
2570,2,18mo.9mo.activity.log_ratio.min.5kb-20kb.enhancer_DMR,up,-0.115283442310776
2571,2,18mo.9mo.activity.log_ratio.count.5kb-20kb.enhancer_DMR,up,0.03984774158762787
2572,2,9mo.2mo.contact.log_ratio.mean.5kb-20kb.enhancer_DMR,up,0.01083015417964773
2573,2,9mo.2mo.contact.log_ratio.median.5kb-20kb.enhancer_DMR,up,0.17848049500384192
2574,2,9mo.2mo.contact.log_ratio.max.5kb-20kb.enhancer_DMR,up,-0.18526577734662847
2575,2,9mo.2mo.contact.log_ratio.min.5kb-20kb.enhancer_DMR,up,-0.1598981978891524
2576,2,9mo.2mo.contact.log_ratio.count.5kb-20kb.enhancer_DMR,up,0.16376068524782503
2577,2,18mo.2mo.contact.log_ratio.mean.5kb-20kb.enhancer_DMR,up,0.01714478945743534
2578,2,18mo.2mo.contact.log_ratio.median.5kb-20kb.enhancer_DMR,up,-8.309682085097872e-06
2579,2,18mo.2mo.contact.log_ratio.max.5kb-20kb.enhancer_DMR,up,0.3693911962529885
2580,2,18mo.2mo.contact.log_ratio.min.5kb-20kb.enhancer_DMR,up,-0.38233905431882237
2581,2,18mo.2mo.contact.log_ratio.count.5kb-20kb.enhancer_DMR,up,-0.1656050069805707
2582,2,18mo.9mo.contact.log_ratio.mean.5kb-20kb.enhancer_DMR,up,-0.06290319314594159
2583,2,18mo.9mo.contact.log_ratio.median.5kb-20kb.enhancer_DMR,up,-0.1245728376471476
2584,2,18mo.9mo.contact.log_ratio.max.5kb-20kb.enhancer_DMR,up,-0.24420814487470427
2585,2,18mo.9mo.contact.log_ratio.min.5kb-20kb.enhancer_DMR,up,0.3837641026739225
2586,2,18mo.9mo.contact.log_ratio.count.5kb-20kb.enhancer_DMR,up,0.03984774158762787
2587,2,9mo.2mo.activity.log_ratio.mean.20kb-5Mb.enhancer_DMR,up,-0.06252098943127767
2588,2,9mo.2mo.activity.log_ratio.median.20kb-5Mb.enhancer_DMR,up,0.022757339114704123
2589,2,9mo.2mo.activity.log_ratio.max.20kb-5Mb.enhancer_DMR,up,-0.0400521477346644
2590,2,9mo.2mo.activity.log_ratio.min.20kb-5Mb.enhancer_DMR,up,0.08255717952501423
2591,2,9mo.2mo.activity.log_ratio.count.20kb-5Mb.enhancer_DMR,up,0.17582641838388463
2592,2,18mo.2mo.activity.log_ratio.mean.20kb-5Mb.enhancer_DMR,up,-0.23657059480806444
2593,2,18mo.2mo.activity.log_ratio.median.20kb-5Mb.enhancer_DMR,up,0.1597478016711158
2594,2,18mo.2mo.activity.log_ratio.max.20kb-5Mb.enhancer_DMR,up,0.10329629554426059
2595,2,18mo.2mo.activity.log_ratio.min.20kb-5Mb.enhancer_DMR,up,-0.04037666588924751
2596,2,18mo.2mo.activity.log_ratio.count.20kb-5Mb.enhancer_DMR,up,-0.04885969839671165
2597,2,18mo.9mo.activity.log_ratio.mean.20kb-5Mb.enhancer_DMR,up,-0.11376809391762008
2598,2,18mo.9mo.activity.log_ratio.median.20kb-5Mb.enhancer_DMR,up,-0.1002797744989
2599,2,18mo.9mo.activity.log_ratio.max.20kb-5Mb.enhancer_DMR,up,0.015747055284386753
2600,2,18mo.9mo.activity.log_ratio.min.20kb-5Mb.enhancer_DMR,up,0.238347277122436
2601,2,18mo.9mo.activity.log_ratio.count.20kb-5Mb.enhancer_DMR,up,-0.0941369252217263
2602,2,9mo.2mo.contact.log_ratio.mean.20kb-5Mb.enhancer_DMR,up,-0.3314846477613611
2603,2,9mo.2mo.contact.log_ratio.median.20kb-5Mb.enhancer_DMR,up,-0.1329067751684693
2604,2,9mo.2mo.contact.log_ratio.max.20kb-5Mb.enhancer_DMR,up,0.020241276245277606
2605,2,9mo.2mo.contact.log_ratio.min.20kb-5Mb.enhancer_DMR,up,0.365776802657474
2606,2,9mo.2mo.contact.log_ratio.count.20kb-5Mb.enhancer_DMR,up,0.17582641838388463
2607,2,18mo.2mo.contact.log_ratio.mean.20kb-5Mb.enhancer_DMR,up,-0.04687478548786618
2608,2,18mo.2mo.contact.log_ratio.median.20kb-5Mb.enhancer_DMR,up,-0.0727252008955356
2609,2,18mo.2mo.contact.log_ratio.max.20kb-5Mb.enhancer_DMR,up,1.1881941031145876e-07
2610,2,18mo.2mo.contact.log_ratio.min.20kb-5Mb.enhancer_DMR,up,0.2892129639624654
2611,2,18mo.2mo.contact.log_ratio.count.20kb-5Mb.enhancer_DMR,up,-0.04885969839671165
2612,2,18mo.9mo.contact.log_ratio.mean.20kb-5Mb.enhancer_DMR,up,9.472620558831184e-06
2613,2,18mo.9mo.contact.log_ratio.median.20kb-5Mb.enhancer_DMR,up,0.24276279997628472
2614,2,18mo.9mo.contact.log_ratio.max.20kb-5Mb.enhancer_DMR,up,0.11233133537124006
2615,2,18mo.9mo.contact.log_ratio.min.20kb-5Mb.enhancer_DMR,up,-0.373999768965712
2616,2,18mo.9mo.contact.log_ratio.count.20kb-5Mb.enhancer_DMR,up,-0.0941369252217263
2617,2,count.enhancer_DMR,up,-0.031463250707776794
2618,2,9mo.2mo.activity.log_ratio.count.0-5kb.enhancer_peak,up,-0.01952811445558778
2619,2,18mo.2mo.activity.log_ratio.count.0-5kb.enhancer_peak,up,-0.16984305226322985
2620,2,18mo.9mo.activity.log_ratio.count.0-5kb.enhancer_peak,up,0.13943135911924529
2621,2,9mo.2mo.contact.log_ratio.count.0-5kb.enhancer_peak,up,-0.01952811445558778
2622,2,18mo.2mo.contact.log_ratio.count.0-5kb.enhancer_peak,up,-0.16984305226322985
2623,2,18mo.9mo.contact.log_ratio.count.0-5kb.enhancer_peak,up,0.13943135911924529
2624,2,9mo.2mo.activity.log_ratio.count.5kb-20kb.enhancer_peak,up,-0.18131340414588795
2625,2,18mo.2mo.activity.log_ratio.mean.5kb-20kb.enhancer_peak,up,7.790239072251389e-05
2626,2,18mo.2mo.activity.log_ratio.median.5kb-20kb.enhancer_peak,up,0.05533536243018508
2627,2,18mo.2mo.activity.log_ratio.max.5kb-20kb.enhancer_peak,up,-0.2919304950326324
2628,2,18mo.2mo.activity.log_ratio.min.5kb-20kb.enhancer_peak,up,0.16905399579604996
2629,2,18mo.2mo.activity.log_ratio.count.5kb-20kb.enhancer_peak,up,0.07949750441930915
2630,2,18mo.9mo.activity.log_ratio.mean.5kb-20kb.enhancer_peak,up,0.0308200863193526
2631,2,18mo.9mo.activity.log_ratio.median.5kb-20kb.enhancer_peak,up,0.08293503378876259
2632,2,18mo.9mo.activity.log_ratio.max.5kb-20kb.enhancer_peak,up,0.1477816392088293
2633,2,18mo.9mo.activity.log_ratio.min.5kb-20kb.enhancer_peak,up,-0.11267369473032869
2634,2,18mo.9mo.activity.log_ratio.count.5kb-20kb.enhancer_peak,up,0.1072154125911834
2635,2,9mo.2mo.contact.log_ratio.count.5kb-20kb.enhancer_peak,up,-0.18131340414588795
2636,2,18mo.2mo.contact.log_ratio.mean.5kb-20kb.enhancer_peak,up,-0.07613756605267621
2637,2,18mo.2mo.contact.log_ratio.median.5kb-20kb.enhancer_peak,up,-0.1764128866349704
2638,2,18mo.2mo.contact.log_ratio.max.5kb-20kb.enhancer_peak,up,0.08538599637578415
2639,2,18mo.2mo.contact.log_ratio.min.5kb-20kb.enhancer_peak,up,0.08249075837962934
2640,2,18mo.2mo.contact.log_ratio.count.5kb-20kb.enhancer_peak,up,0.07949750441930915
2641,2,18mo.9mo.contact.log_ratio.mean.5kb-20kb.enhancer_peak,up,-1.7458985787388412e-06
2642,2,18mo.9mo.contact.log_ratio.median.5kb-20kb.enhancer_peak,up,0.10658942449969051
2643,2,18mo.9mo.contact.log_ratio.max.5kb-20kb.enhancer_peak,up,-0.011078310643510794
2644,2,18mo.9mo.contact.log_ratio.min.5kb-20kb.enhancer_peak,up,-0.0778548686335147
2645,2,18mo.9mo.contact.log_ratio.count.5kb-20kb.enhancer_peak,up,0.1072154125911834
2646,2,9mo.2mo.activity.log_ratio.mean.20kb-5Mb.enhancer_peak,up,0.013915481428967631
2647,2,9mo.2mo.activity.log_ratio.median.20kb-5Mb.enhancer_peak,up,0.2992553072206582
2648,2,9mo.2mo.activity.log_ratio.std.20kb-5Mb.enhancer_peak,up,-0.482989162634877
2649,2,9mo.2mo.activity.log_ratio.max.20kb-5Mb.enhancer_peak,up,0.09632917707005785
2650,2,9mo.2mo.activity.log_ratio.min.20kb-5Mb.enhancer_peak,up,-0.5565873167899417
2651,2,9mo.2mo.activity.log_ratio.count.20kb-5Mb.enhancer_peak,up,-0.05457465867431473
2652,2,18mo.2mo.activity.log_ratio.mean.20kb-5Mb.enhancer_peak,up,0.0002681181112987195
2653,2,18mo.2mo.activity.log_ratio.median.20kb-5Mb.enhancer_peak,up,-0.04251114473323158
2654,2,18mo.2mo.activity.log_ratio.std.20kb-5Mb.enhancer_peak,up,-0.03133207224246803
2655,2,18mo.2mo.activity.log_ratio.max.20kb-5Mb.enhancer_peak,up,-0.017790341311235195
2656,2,18mo.2mo.activity.log_ratio.min.20kb-5Mb.enhancer_peak,up,-0.07015383468695427
2657,2,18mo.2mo.activity.log_ratio.count.20kb-5Mb.enhancer_peak,up,-0.08425333839101004
2658,2,18mo.9mo.activity.log_ratio.mean.20kb-5Mb.enhancer_peak,up,0.19368242767602983
2659,2,18mo.9mo.activity.log_ratio.median.20kb-5Mb.enhancer_peak,up,0.15813339295642084
2660,2,18mo.9mo.activity.log_ratio.std.20kb-5Mb.enhancer_peak,up,-0.31963067859027655
2661,2,18mo.9mo.activity.log_ratio.max.20kb-5Mb.enhancer_peak,up,0.1446744763773473
2662,2,18mo.9mo.activity.log_ratio.min.20kb-5Mb.enhancer_peak,up,-0.46370480555523247
2663,2,18mo.9mo.activity.log_ratio.count.20kb-5Mb.enhancer_peak,up,0.06256498147840721
2664,2,9mo.2mo.contact.log_ratio.mean.20kb-5Mb.enhancer_peak,up,0.34062799525167875
2665,2,9mo.2mo.contact.log_ratio.median.20kb-5Mb.enhancer_peak,up,0.015709333915825578
2666,2,9mo.2mo.contact.log_ratio.std.20kb-5Mb.enhancer_peak,up,-0.0238883870649049
2667,2,9mo.2mo.contact.log_ratio.max.20kb-5Mb.enhancer_peak,up,-0.30576115113361746
2668,2,9mo.2mo.contact.log_ratio.min.20kb-5Mb.enhancer_peak,up,-0.34526997866683157
2669,2,9mo.2mo.contact.log_ratio.count.20kb-5Mb.enhancer_peak,up,-0.05457465867431473
2670,2,18mo.2mo.contact.log_ratio.mean.20kb-5Mb.enhancer_peak,up,0.14435111004059645
2671,2,18mo.2mo.contact.log_ratio.median.20kb-5Mb.enhancer_peak,up,-0.024393294362498232
2672,2,18mo.2mo.contact.log_ratio.std.20kb-5Mb.enhancer_peak,up,0.17772548837918012
2673,2,18mo.2mo.contact.log_ratio.max.20kb-5Mb.enhancer_peak,up,-0.14244402415449384
2674,2,18mo.2mo.contact.log_ratio.min.20kb-5Mb.enhancer_peak,up,0.05827375743037943
2675,2,18mo.2mo.contact.log_ratio.count.20kb-5Mb.enhancer_peak,up,-0.08425333839101004
2676,2,18mo.9mo.contact.log_ratio.mean.20kb-5Mb.enhancer_peak,up,3.465222483240151e-07
2677,2,18mo.9mo.contact.log_ratio.median.20kb-5Mb.enhancer_peak,up,0.11404216148961302
2678,2,18mo.9mo.contact.log_ratio.std.20kb-5Mb.enhancer_peak,up,-0.1185388465041445
2679,2,18mo.9mo.contact.log_ratio.max.20kb-5Mb.enhancer_peak,up,-0.1381107701620824
2680,2,18mo.9mo.contact.log_ratio.min.20kb-5Mb.enhancer_peak,up,-0.1264774173536987
2681,2,18mo.9mo.contact.log_ratio.count.20kb-5Mb.enhancer_peak,up,0.06256498147840721
2682,2,count.enhancer_peak,up,0.10880231976242788
2683,2,rel_pos.DAR,up,0.1089704014484124
2684,2,9mo.2mo.log_ratio.DAR,up,0.21119103999652034
2685,2,18mo.9mo.log_ratio.DAR,up,-0.026847433719392425
2686,2,18mo.2mo.log_ratio.DAR,up,0.14612710929763337
2687,2,count.DAR,up,0.24962861992346386
2688,2,size.log2.DMR,up,-0.41654588704157625
2689,2,rel_pos.DMR,up,0.2085773427400416
2690,2,9mo.2mo.log_ratio.DMR,up,0.014078133990207867
2691,2,18mo.9mo.log_ratio.DMR,up,-0.10761142923868842
2692,2,18mo.2mo.log_ratio.DMR,up,-0.03532510892786274
2693,2,distance.log2.DMR,up,0.02645549111323367
2694,2,count.DMR,up,0.12367478000764087
2695,2,Qanova.mean.loops,up,0.20026712249824488
2696,2,Qanova.median.loops,up,-0.35073442543597044
2697,2,Qanova.std.loops,up,0.06552525209758155
2698,2,Qanova.max.loops,up,0.2603412960121223
2699,2,Qanova.min.loops,up,-0.05175703688673366
2700,2,Tanova.mean.loops,up,-0.03681980586136043
2701,2,Tanova.median.loops,up,0.31054727819468203
2702,2,Tanova.std.loops,up,-0.10047843553470909
2703,2,Tanova.max.loops,up,0.24652087224528343
2704,2,Tanova.min.loops,up,-0.12790914783118817
2705,2,9mo.2mo.Q.mean.loops,up,0.2508967586366018
2706,2,9mo.2mo.Q.median.loops,up,-0.15941853438128417
2707,2,9mo.2mo.Q.std.loops,up,-0.3409491730816459
2708,2,9mo.2mo.Q.max.loops,up,0.06527258678607414
2709,2,9mo.2mo.Q.min.loops,up,-0.06762735841326023
2710,2,18mo.9mo.Q.mean.loops,up,0.3410234113337686
2711,2,18mo.9mo.Q.median.loops,up,-0.09146072897531565
2712,2,18mo.9mo.Q.std.loops,up,-0.1223518069894693
2713,2,18mo.9mo.Q.max.loops,up,-0.03793728656987901
2714,2,18mo.9mo.Q.min.loops,up,0.296761422606833
2715,2,18mo.2mo.Q.mean.loops,up,0.694326298948296
2716,2,18mo.2mo.Q.median.loops,up,-0.5264702042925122
2717,2,18mo.2mo.Q.std.loops,up,0.045025950051462656
2718,2,18mo.2mo.Q.max.loops,up,-0.3211478692477509
2719,2,18mo.2mo.Q.min.loops,up,-0.15584934618516172
2720,2,9mo.2mo.T.mean.loops,up,-0.22783473806646865
2721,2,9mo.2mo.T.median.loops,up,0.14485596872329468
2722,2,9mo.2mo.T.std.loops,up,0.006407806250541021
2723,2,9mo.2mo.T.max.loops,up,0.011693976255248135
2724,2,9mo.2mo.T.min.loops,up,0.04158072141773558
2725,2,18mo.9mo.T.mean.loops,up,0.04533944585400895
2726,2,18mo.9mo.T.median.loops,up,-0.6012867666181895
2727,2,18mo.9mo.T.std.loops,up,-0.05349683333478915
2728,2,18mo.9mo.T.max.loops,up,-0.01515395310416739
2729,2,18mo.9mo.T.min.loops,up,-0.012712555929685728
2730,2,18mo.2mo.T.mean.loops,up,-0.09576182497335352
2731,2,18mo.2mo.T.median.loops,up,0.6077088686072791
2732,2,18mo.2mo.T.std.loops,up,-0.42214375566352724
2733,2,18mo.2mo.T.max.loops,up,0.10946623383291544
2734,2,18mo.2mo.T.min.loops,up,-0.36624600651025274
2735,2,loop_size.log.mean.loops,up,-0.16326985786060993
2736,2,loop_size.log.median.loops,up,-0.13302019020822387
2737,2,loop_size.log.std.loops,up,-0.13172814552309745
2738,2,loop_size.log.max.loops,up,-0.22211767135034713
2739,2,loop_size.log.min.loops,up,0.10047977123805249
2740,2,min_distance.log.mean.loops,up,0.12453309751311294
2741,2,min_distance.log.median.loops,up,0.10077922603919105
2742,2,min_distance.log.std.loops,up,0.0398831643532912
2743,2,min_distance.log.max.loops,up,0.2898143817614687
2744,2,min_distance.log.min.loops,up,0.11089577398078504
2745,2,count.loops,up,-0.2643652283848141
2746,2,9mo.2mo.log_ratio.mcg_genebody,up,-0.07411661762414014
2747,2,18mo.9mo.log_ratio.mcg_genebody,up,0.04963135214738108
2748,2,18mo.2mo.log_ratio.mcg_genebody,up,-0.07018570578802337
2749,2,9mo.2mo.log_ratio.mch_genebody,up,-0.038980863110602636
2750,2,18mo.9mo.log_ratio.mch_genebody,up,0.06871563530585859
2751,2,18mo.2mo.log_ratio.mch_genebody,up,0.013563863048687886
2752,2,9mo.2mo.log_ratio.mean.atac,up,0.3263550081121021
2753,2,18mo.9mo.log_ratio.mean.atac,up,0.016348866977287248
2754,2,18mo.2mo.log_ratio.mean.atac,up,0.3152952471353294
2755,2,log2_distance.mean.atac,up,-0.09421848359379975
2756,2,9mo.2mo.log_ratio.std.atac,up,0.11716730438393493
2757,2,18mo.9mo.log_ratio.std.atac,up,-0.2853223769961976
2758,2,18mo.2mo.log_ratio.std.atac,up,-0.27306801550011806
2759,2,log2_distance.std.atac,up,0.20902504673867256
2760,2,9mo.2mo.log_ratio.max.atac,up,0.1393378392587099
2761,2,18mo.9mo.log_ratio.max.atac,up,0.37767504333656915
2762,2,18mo.2mo.log_ratio.max.atac,up,-0.1911141620006132
2763,2,log2_distance.max.atac,up,-0.02686601375398952
2764,2,9mo.2mo.log_ratio.min.atac,up,-0.09739934160447751
2765,2,18mo.9mo.log_ratio.min.atac,up,-0.06270526815585478
2766,2,18mo.2mo.log_ratio.min.atac,up,-0.22150749689822732
2767,2,log2_distance.min.atac,up,-0.013289880390575633
2768,2,count.atac,up,-1.0155801434400127
2769,3,gene_length.meta,up,0.8788476582381737
2770,3,9mo.2mo.activity.log_ratio.mean.5kb-20kb.enhancer_DMR,up,-0.06175967857190237
2771,3,9mo.2mo.activity.log_ratio.median.5kb-20kb.enhancer_DMR,up,-0.18899669040501882
2772,3,9mo.2mo.activity.log_ratio.max.5kb-20kb.enhancer_DMR,up,0.2879184535058928
2773,3,9mo.2mo.activity.log_ratio.min.5kb-20kb.enhancer_DMR,up,0.1471788035933936
2774,3,9mo.2mo.activity.log_ratio.count.5kb-20kb.enhancer_DMR,up,0.3171472286835472
2775,3,18mo.2mo.activity.log_ratio.mean.5kb-20kb.enhancer_DMR,up,0.30425239408843957
2776,3,18mo.2mo.activity.log_ratio.median.5kb-20kb.enhancer_DMR,up,-0.20611365369711832
2777,3,18mo.2mo.activity.log_ratio.max.5kb-20kb.enhancer_DMR,up,-0.39607522901261755
2778,3,18mo.2mo.activity.log_ratio.min.5kb-20kb.enhancer_DMR,up,0.007183753002803754
2779,3,18mo.2mo.activity.log_ratio.count.5kb-20kb.enhancer_DMR,up,-0.27986123901749604
2780,3,18mo.9mo.activity.log_ratio.mean.5kb-20kb.enhancer_DMR,up,0.1858445219095307
2781,3,18mo.9mo.activity.log_ratio.median.5kb-20kb.enhancer_DMR,up,0.12152852425401739
2782,3,18mo.9mo.activity.log_ratio.max.5kb-20kb.enhancer_DMR,up,-0.051687972332482256
2783,3,18mo.9mo.activity.log_ratio.min.5kb-20kb.enhancer_DMR,up,-0.25018400157931364
2784,3,18mo.9mo.activity.log_ratio.count.5kb-20kb.enhancer_DMR,up,-0.028153881029626033
2785,3,9mo.2mo.contact.log_ratio.mean.5kb-20kb.enhancer_DMR,up,0.1986570677301504
2786,3,9mo.2mo.contact.log_ratio.median.5kb-20kb.enhancer_DMR,up,-0.2416086535710992
2787,3,9mo.2mo.contact.log_ratio.max.5kb-20kb.enhancer_DMR,up,-0.5165880960683363
2788,3,9mo.2mo.contact.log_ratio.min.5kb-20kb.enhancer_DMR,up,0.36604347571294393
2789,3,9mo.2mo.contact.log_ratio.count.5kb-20kb.enhancer_DMR,up,0.3171472286835472
2790,3,18mo.2mo.contact.log_ratio.mean.5kb-20kb.enhancer_DMR,up,0.21328213448560698
2791,3,18mo.2mo.contact.log_ratio.median.5kb-20kb.enhancer_DMR,up,0.20009624721861158
2792,3,18mo.2mo.contact.log_ratio.max.5kb-20kb.enhancer_DMR,up,0.40704667959715957
2793,3,18mo.2mo.contact.log_ratio.min.5kb-20kb.enhancer_DMR,up,-0.6697851485914018
2794,3,18mo.2mo.contact.log_ratio.count.5kb-20kb.enhancer_DMR,up,-0.27986123901749604
2795,3,18mo.9mo.contact.log_ratio.mean.5kb-20kb.enhancer_DMR,up,-0.11361923697506923
2796,3,18mo.9mo.contact.log_ratio.median.5kb-20kb.enhancer_DMR,up,-0.2912534407105216
2797,3,18mo.9mo.contact.log_ratio.max.5kb-20kb.enhancer_DMR,up,-0.2322219207157066
2798,3,18mo.9mo.contact.log_ratio.min.5kb-20kb.enhancer_DMR,up,0.4122152071736362
2799,3,18mo.9mo.contact.log_ratio.count.5kb-20kb.enhancer_DMR,up,-0.028153881029626033
2800,3,9mo.2mo.activity.log_ratio.mean.20kb-5Mb.enhancer_DMR,up,-0.2590826824622643
2801,3,9mo.2mo.activity.log_ratio.median.20kb-5Mb.enhancer_DMR,up,0.050844324568143646
2802,3,9mo.2mo.activity.log_ratio.max.20kb-5Mb.enhancer_DMR,up,-0.13264094687709072
2803,3,9mo.2mo.activity.log_ratio.min.20kb-5Mb.enhancer_DMR,up,0.036144727080982056
2804,3,9mo.2mo.activity.log_ratio.count.20kb-5Mb.enhancer_DMR,up,0.2750209475557099
2805,3,18mo.2mo.activity.log_ratio.mean.20kb-5Mb.enhancer_DMR,up,-0.3929772762690575
2806,3,18mo.2mo.activity.log_ratio.median.20kb-5Mb.enhancer_DMR,up,0.33099823560669794
2807,3,18mo.2mo.activity.log_ratio.max.20kb-5Mb.enhancer_DMR,up,0.31032660627699143
2808,3,18mo.2mo.activity.log_ratio.min.20kb-5Mb.enhancer_DMR,up,0.004222052542326671
2809,3,18mo.2mo.activity.log_ratio.count.20kb-5Mb.enhancer_DMR,up,-0.2001033107608062
2810,3,18mo.9mo.activity.log_ratio.mean.20kb-5Mb.enhancer_DMR,up,-0.12832383356739382
2811,3,18mo.9mo.activity.log_ratio.median.20kb-5Mb.enhancer_DMR,up,-0.30716293179979465
2812,3,18mo.9mo.activity.log_ratio.max.20kb-5Mb.enhancer_DMR,up,0.11140314858159972
2813,3,18mo.9mo.activity.log_ratio.min.20kb-5Mb.enhancer_DMR,up,0.24970941307853697
2814,3,18mo.9mo.activity.log_ratio.count.20kb-5Mb.enhancer_DMR,up,-0.23061253097099063
2815,3,9mo.2mo.contact.log_ratio.mean.20kb-5Mb.enhancer_DMR,up,-0.7292629187494065
2816,3,9mo.2mo.contact.log_ratio.median.20kb-5Mb.enhancer_DMR,up,-0.4753533209860238
2817,3,9mo.2mo.contact.log_ratio.max.20kb-5Mb.enhancer_DMR,up,0.3595768016201158
2818,3,9mo.2mo.contact.log_ratio.min.20kb-5Mb.enhancer_DMR,up,0.8572542735880412
2819,3,9mo.2mo.contact.log_ratio.count.20kb-5Mb.enhancer_DMR,up,0.2750209475557099
2820,3,18mo.2mo.contact.log_ratio.mean.20kb-5Mb.enhancer_DMR,up,-0.033957724984201756
2821,3,18mo.2mo.contact.log_ratio.median.20kb-5Mb.enhancer_DMR,up,-0.307731565361421
2822,3,18mo.2mo.contact.log_ratio.max.20kb-5Mb.enhancer_DMR,up,0.15529290254627462
2823,3,18mo.2mo.contact.log_ratio.min.20kb-5Mb.enhancer_DMR,up,0.5396800448012983
2824,3,18mo.2mo.contact.log_ratio.count.20kb-5Mb.enhancer_DMR,up,-0.2001033107608062
2825,3,18mo.9mo.contact.log_ratio.mean.20kb-5Mb.enhancer_DMR,up,-0.02749481090659296
2826,3,18mo.9mo.contact.log_ratio.median.20kb-5Mb.enhancer_DMR,up,0.6012987951155974
2827,3,18mo.9mo.contact.log_ratio.max.20kb-5Mb.enhancer_DMR,up,0.01639033318914318
2828,3,18mo.9mo.contact.log_ratio.min.20kb-5Mb.enhancer_DMR,up,-0.5852308384649021
2829,3,18mo.9mo.contact.log_ratio.count.20kb-5Mb.enhancer_DMR,up,-0.23061253097099063
2830,3,count.enhancer_DMR,up,-0.006786783234884252
2831,3,9mo.2mo.activity.log_ratio.count.0-5kb.enhancer_peak,up,-0.0973463649339791
2832,3,18mo.2mo.activity.log_ratio.count.0-5kb.enhancer_peak,up,-0.05769854591073517
2833,3,18mo.9mo.activity.log_ratio.count.0-5kb.enhancer_peak,up,0.10525739786618672
2834,3,9mo.2mo.contact.log_ratio.count.0-5kb.enhancer_peak,up,-0.0973463649339791
2835,3,18mo.2mo.contact.log_ratio.count.0-5kb.enhancer_peak,up,-0.05769854591073517
2836,3,18mo.9mo.contact.log_ratio.count.0-5kb.enhancer_peak,up,0.10525739786618672
2837,3,9mo.2mo.activity.log_ratio.count.5kb-20kb.enhancer_peak,up,-0.22053946456817547
2838,3,18mo.2mo.activity.log_ratio.mean.5kb-20kb.enhancer_peak,up,0.11809988001018774
2839,3,18mo.2mo.activity.log_ratio.median.5kb-20kb.enhancer_peak,up,0.25526747446435893
2840,3,18mo.2mo.activity.log_ratio.max.5kb-20kb.enhancer_peak,up,-0.22541017748462822
2841,3,18mo.2mo.activity.log_ratio.min.5kb-20kb.enhancer_peak,up,0.13167723704317283
2842,3,18mo.2mo.activity.log_ratio.count.5kb-20kb.enhancer_peak,up,0.12666107391787074
2843,3,18mo.9mo.activity.log_ratio.mean.5kb-20kb.enhancer_peak,up,0.030144450043850975
2844,3,18mo.9mo.activity.log_ratio.median.5kb-20kb.enhancer_peak,up,0.4689006716108451
2845,3,18mo.9mo.activity.log_ratio.max.5kb-20kb.enhancer_peak,up,-0.1049152417302012
2846,3,18mo.9mo.activity.log_ratio.min.5kb-20kb.enhancer_peak,up,-0.25061191239817665
2847,3,18mo.9mo.activity.log_ratio.count.5kb-20kb.enhancer_peak,up,0.10530404240722856
2848,3,9mo.2mo.contact.log_ratio.count.5kb-20kb.enhancer_peak,up,-0.22053946456817547
2849,3,18mo.2mo.contact.log_ratio.mean.5kb-20kb.enhancer_peak,up,-0.000832067609487718
2850,3,18mo.2mo.contact.log_ratio.median.5kb-20kb.enhancer_peak,up,-0.0705858323475185
2851,3,18mo.2mo.contact.log_ratio.max.5kb-20kb.enhancer_peak,up,0.0349290592252968
2852,3,18mo.2mo.contact.log_ratio.min.5kb-20kb.enhancer_peak,up,0.10053078606944178
2853,3,18mo.2mo.contact.log_ratio.count.5kb-20kb.enhancer_peak,up,0.12666107391787074
2854,3,18mo.9mo.contact.log_ratio.mean.5kb-20kb.enhancer_peak,up,0.07291072674664158
2855,3,18mo.9mo.contact.log_ratio.median.5kb-20kb.enhancer_peak,up,0.09500684907401913
2856,3,18mo.9mo.contact.log_ratio.max.5kb-20kb.enhancer_peak,up,-0.06785177803472824
2857,3,18mo.9mo.contact.log_ratio.min.5kb-20kb.enhancer_peak,up,-0.04078201473176132
2858,3,18mo.9mo.contact.log_ratio.count.5kb-20kb.enhancer_peak,up,0.10530404240722856
2859,3,9mo.2mo.activity.log_ratio.mean.20kb-5Mb.enhancer_peak,up,0.14036342644745126
2860,3,9mo.2mo.activity.log_ratio.median.20kb-5Mb.enhancer_peak,up,-0.08492729646642483
2861,3,9mo.2mo.activity.log_ratio.std.20kb-5Mb.enhancer_peak,up,-0.627959679950907
2862,3,9mo.2mo.activity.log_ratio.max.20kb-5Mb.enhancer_peak,up,0.5642691126293397
2863,3,9mo.2mo.activity.log_ratio.min.20kb-5Mb.enhancer_peak,up,-0.8277110703973095
2864,3,9mo.2mo.activity.log_ratio.count.20kb-5Mb.enhancer_peak,up,-0.12230412225240087
2865,3,18mo.2mo.activity.log_ratio.mean.20kb-5Mb.enhancer_peak,up,-0.06239439809318884
2866,3,18mo.2mo.activity.log_ratio.median.20kb-5Mb.enhancer_peak,up,-0.13253699288955814
2867,3,18mo.2mo.activity.log_ratio.std.20kb-5Mb.enhancer_peak,up,-0.06042730967204748
2868,3,18mo.2mo.activity.log_ratio.max.20kb-5Mb.enhancer_peak,up,0.16478550075630388
2869,3,18mo.2mo.activity.log_ratio.min.20kb-5Mb.enhancer_peak,up,-0.274001922946771
2870,3,18mo.2mo.activity.log_ratio.count.20kb-5Mb.enhancer_peak,up,-0.0207851314526392
2871,3,18mo.9mo.activity.log_ratio.mean.20kb-5Mb.enhancer_peak,up,0.23566811946820754
2872,3,18mo.9mo.activity.log_ratio.median.20kb-5Mb.enhancer_peak,up,-0.030743623827151022
2873,3,18mo.9mo.activity.log_ratio.std.20kb-5Mb.enhancer_peak,up,-0.43557627226490087
2874,3,18mo.9mo.activity.log_ratio.max.20kb-5Mb.enhancer_peak,up,0.06539258598049669
2875,3,18mo.9mo.activity.log_ratio.min.20kb-5Mb.enhancer_peak,up,-0.33372599148960097
2876,3,18mo.9mo.activity.log_ratio.count.20kb-5Mb.enhancer_peak,up,0.0785331825735454
2877,3,9mo.2mo.contact.log_ratio.mean.20kb-5Mb.enhancer_peak,up,0.7081580451876699
2878,3,9mo.2mo.contact.log_ratio.median.20kb-5Mb.enhancer_peak,up,-0.19995093496003152
2879,3,9mo.2mo.contact.log_ratio.std.20kb-5Mb.enhancer_peak,up,0.03581859330906812
2880,3,9mo.2mo.contact.log_ratio.max.20kb-5Mb.enhancer_peak,up,-0.4136139211023662
2881,3,9mo.2mo.contact.log_ratio.min.20kb-5Mb.enhancer_peak,up,-0.479377380412205
2882,3,9mo.2mo.contact.log_ratio.count.20kb-5Mb.enhancer_peak,up,-0.12230412225240087
2883,3,18mo.2mo.contact.log_ratio.mean.20kb-5Mb.enhancer_peak,up,0.5312740829570656
2884,3,18mo.2mo.contact.log_ratio.median.20kb-5Mb.enhancer_peak,up,-0.10577427566211177
2885,3,18mo.2mo.contact.log_ratio.std.20kb-5Mb.enhancer_peak,up,-0.00890693173243535
2886,3,18mo.2mo.contact.log_ratio.max.20kb-5Mb.enhancer_peak,up,-0.3220029409186154
2887,3,18mo.2mo.contact.log_ratio.min.20kb-5Mb.enhancer_peak,up,-0.09211715623041139
2888,3,18mo.2mo.contact.log_ratio.count.20kb-5Mb.enhancer_peak,up,-0.0207851314526392
2889,3,18mo.9mo.contact.log_ratio.mean.20kb-5Mb.enhancer_peak,up,0.2746963835761638
2890,3,18mo.9mo.contact.log_ratio.median.20kb-5Mb.enhancer_peak,up,-0.12639935670881772
2891,3,18mo.9mo.contact.log_ratio.std.20kb-5Mb.enhancer_peak,up,0.2899392472051942
2892,3,18mo.9mo.contact.log_ratio.max.20kb-5Mb.enhancer_peak,up,-0.40028917431211714
2893,3,18mo.9mo.contact.log_ratio.min.20kb-5Mb.enhancer_peak,up,0.09398346838100538
2894,3,18mo.9mo.contact.log_ratio.count.20kb-5Mb.enhancer_peak,up,0.0785331825735454
2895,3,count.enhancer_peak,up,-0.12831358280254396
2896,3,rel_pos.DAR,up,0.060999741259272586
2897,3,9mo.2mo.log_ratio.DAR,up,0.19082504265187933
2898,3,18mo.9mo.log_ratio.DAR,up,-0.1414462701390826
2899,3,18mo.2mo.log_ratio.DAR,up,0.06084646924059955
2900,3,count.DAR,up,0.30447049377322105
2901,3,size.log2.DMR,up,-0.8011947472748568
2902,3,rel_pos.DMR,up,0.21096632799321752
2903,3,9mo.2mo.log_ratio.DMR,up,-0.1968726081719086
2904,3,18mo.9mo.log_ratio.DMR,up,0.04138042159467833
2905,3,18mo.2mo.log_ratio.DMR,up,-0.045413609888215384
2906,3,distance.log2.DMR,up,0.2963882206007401
2907,3,count.DMR,up,0.2174410646646626
2908,3,Qanova.mean.loops,up,0.06755345772419999
2909,3,Qanova.median.loops,up,-0.3713391636962079
2910,3,Qanova.std.loops,up,0.1912006719573952
2911,3,Qanova.max.loops,up,0.10087813518867489
2912,3,Qanova.min.loops,up,0.02670939640464502
2913,3,Tanova.mean.loops,up,-0.7394545499715632
2914,3,Tanova.median.loops,up,0.5206458601853226
2915,3,Tanova.std.loops,up,0.25921637043970425
2916,3,Tanova.max.loops,up,0.4122265153647188
2917,3,Tanova.min.loops,up,0.06735286443231062
2918,3,9mo.2mo.Q.mean.loops,up,0.7260476332255387
2919,3,9mo.2mo.Q.median.loops,up,-0.7470421319723923
2920,3,9mo.2mo.Q.std.loops,up,-0.20129547383732133
2921,3,9mo.2mo.Q.max.loops,up,-0.046855487326220614
2922,3,9mo.2mo.Q.min.loops,up,-0.1040670849284912
2923,3,18mo.9mo.Q.mean.loops,up,0.3036899834318455
2924,3,18mo.9mo.Q.median.loops,up,-0.22772272464860308
2925,3,18mo.9mo.Q.std.loops,up,0.1877212485218448
2926,3,18mo.9mo.Q.max.loops,up,-0.29136233408457757
2927,3,18mo.9mo.Q.min.loops,up,0.17114844520047318
2928,3,18mo.2mo.Q.mean.loops,up,1.0268039959838104
2929,3,18mo.2mo.Q.median.loops,up,-0.8086444254042428
2930,3,18mo.2mo.Q.std.loops,up,-0.6450820987298139
2931,3,18mo.2mo.Q.max.loops,up,0.2656998574867522
2932,3,18mo.2mo.Q.min.loops,up,-0.24635300823369516
2933,3,9mo.2mo.T.mean.loops,up,-0.6488153468480106
2934,3,9mo.2mo.T.median.loops,up,0.1449305597770002
2935,3,9mo.2mo.T.std.loops,up,0.21647454877044028
2936,3,9mo.2mo.T.max.loops,up,0.024047415191802254
2937,3,9mo.2mo.T.min.loops,up,0.21071322270474696
2938,3,18mo.9mo.T.mean.loops,up,0.08264182609905513
2939,3,18mo.9mo.T.median.loops,up,-0.7288073736899099
2940,3,18mo.9mo.T.std.loops,up,0.0065207297195842735
2941,3,18mo.9mo.T.max.loops,up,-0.30030192781182274
2942,3,18mo.9mo.T.min.loops,up,-0.051956916110725775
2943,3,18mo.2mo.T.mean.loops,up,-0.2880977937406053
2944,3,18mo.2mo.T.median.loops,up,1.0077920525068793
2945,3,18mo.2mo.T.std.loops,up,-0.06401794775254344
2946,3,18mo.2mo.T.max.loops,up,0.16454907803588764
2947,3,18mo.2mo.T.min.loops,up,0.03506757045625331
2948,3,loop_size.log.mean.loops,up,-0.5659859748483509
2949,3,loop_size.log.median.loops,up,-0.3214258079697585
2950,3,loop_size.log.std.loops,up,0.011781327959020501
2951,3,loop_size.log.max.loops,up,-0.6384530613234155
2952,3,loop_size.log.min.loops,up,0.7342319598013122
2953,3,min_distance.log.mean.loops,up,0.10349027621310018
2954,3,min_distance.log.median.loops,up,0.06874818742818696
2955,3,min_distance.log.std.loops,up,0.038592776767919175
2956,3,min_distance.log.max.loops,up,0.5730275305117559
2957,3,min_distance.log.min.loops,up,-0.06288062307132092
2958,3,count.loops,up,-0.1320651966671888
2959,3,9mo.2mo.log_ratio.mcg_genebody,up,-0.04631373157528579
2960,3,18mo.9mo.log_ratio.mcg_genebody,up,0.022280619771182848
2961,3,18mo.2mo.log_ratio.mcg_genebody,up,-0.04894861294085677
2962,3,9mo.2mo.log_ratio.mch_genebody,up,-0.11651612010419213
2963,3,18mo.9mo.log_ratio.mch_genebody,up,0.003907349377901435
2964,3,18mo.2mo.log_ratio.mch_genebody,up,-0.10989826327227925
2965,3,9mo.2mo.log_ratio.mean.atac,up,0.25824735837513757
2966,3,18mo.9mo.log_ratio.mean.atac,up,0.03446307893343345
2967,3,18mo.2mo.log_ratio.mean.atac,up,0.2706772718194699
2968,3,log2_distance.mean.atac,up,-0.34083173278246764
2969,3,9mo.2mo.log_ratio.std.atac,up,0.015996943306978605
2970,3,18mo.9mo.log_ratio.std.atac,up,-0.07950580481352061
2971,3,18mo.2mo.log_ratio.std.atac,up,-0.023488361933909786
2972,3,log2_distance.std.atac,up,0.2985046364690477
2973,3,9mo.2mo.log_ratio.max.atac,up,0.19562225803278088
2974,3,18mo.9mo.log_ratio.max.atac,up,0.30591189845091393
2975,3,18mo.2mo.log_ratio.max.atac,up,-0.022361153698914484
2976,3,log2_distance.max.atac,up,0.024169241029907477
2977,3,9mo.2mo.log_ratio.min.atac,up,0.08820648599168636
2978,3,18mo.9mo.log_ratio.min.atac,up,-0.03432308313810367
2979,3,18mo.2mo.log_ratio.min.atac,up,-0.19699534686365536
2980,3,log2_distance.min.atac,up,0.08800398420391409
2981,3,count.atac,up,-1.115526346185157
2982,4,gene_length.meta,up,0.935431812675492
2983,4,9mo.2mo.activity.log_ratio.mean.5kb-20kb.enhancer_DMR,up,-0.01781146126265554
2984,4,9mo.2mo.activity.log_ratio.median.5kb-20kb.enhancer_DMR,up,-0.348067330912534
2985,4,9mo.2mo.activity.log_ratio.max.5kb-20kb.enhancer_DMR,up,0.1833773447338578
2986,4,9mo.2mo.activity.log_ratio.min.5kb-20kb.enhancer_DMR,up,0.26395090221657025
2987,4,9mo.2mo.activity.log_ratio.count.5kb-20kb.enhancer_DMR,up,0.116844923439326
2988,4,18mo.2mo.activity.log_ratio.mean.5kb-20kb.enhancer_DMR,up,0.10123356581204464
2989,4,18mo.2mo.activity.log_ratio.median.5kb-20kb.enhancer_DMR,up,-0.09797662124376766
2990,4,18mo.2mo.activity.log_ratio.max.5kb-20kb.enhancer_DMR,up,-0.02055243555259272
2991,4,18mo.2mo.activity.log_ratio.min.5kb-20kb.enhancer_DMR,up,0.04281268350056262
2992,4,18mo.2mo.activity.log_ratio.count.5kb-20kb.enhancer_DMR,up,-0.1562767346253654
2993,4,18mo.9mo.activity.log_ratio.mean.5kb-20kb.enhancer_DMR,up,0.0008785313686341268
2994,4,18mo.9mo.activity.log_ratio.median.5kb-20kb.enhancer_DMR,up,0.134639234991911
2995,4,18mo.9mo.activity.log_ratio.max.5kb-20kb.enhancer_DMR,up,-0.1423618556105718
2996,4,18mo.9mo.activity.log_ratio.min.5kb-20kb.enhancer_DMR,up,-0.15105273431902927
2997,4,18mo.9mo.activity.log_ratio.count.5kb-20kb.enhancer_DMR,up,0.10632209439156609
2998,4,9mo.2mo.contact.log_ratio.mean.5kb-20kb.enhancer_DMR,up,7.578335667244768e-05
2999,4,9mo.2mo.contact.log_ratio.median.5kb-20kb.enhancer_DMR,up,0.004606292027872404
3000,4,9mo.2mo.contact.log_ratio.max.5kb-20kb.enhancer_DMR,up,-0.17653958963642796
3001,4,9mo.2mo.contact.log_ratio.min.5kb-20kb.enhancer_DMR,up,-0.015176285807710374
3002,4,9mo.2mo.contact.log_ratio.count.5kb-20kb.enhancer_DMR,up,0.116844923439326
3003,4,18mo.2mo.contact.log_ratio.mean.5kb-20kb.enhancer_DMR,up,-0.014710878047184768
3004,4,18mo.2mo.contact.log_ratio.median.5kb-20kb.enhancer_DMR,up,-0.15800987612534068
3005,4,18mo.2mo.contact.log_ratio.max.5kb-20kb.enhancer_DMR,up,0.345683301658434
3006,4,18mo.2mo.contact.log_ratio.min.5kb-20kb.enhancer_DMR,up,-0.21896742985022521
3007,4,18mo.2mo.contact.log_ratio.count.5kb-20kb.enhancer_DMR,up,-0.1562767346253654
3008,4,18mo.9mo.contact.log_ratio.mean.5kb-20kb.enhancer_DMR,up,-0.05155020636357998
3009,4,18mo.9mo.contact.log_ratio.median.5kb-20kb.enhancer_DMR,up,-0.17286705186200488
3010,4,18mo.9mo.contact.log_ratio.max.5kb-20kb.enhancer_DMR,up,-0.05844533544750277
3011,4,18mo.9mo.contact.log_ratio.min.5kb-20kb.enhancer_DMR,up,0.2880947739125707
3012,4,18mo.9mo.contact.log_ratio.count.5kb-20kb.enhancer_DMR,up,0.10632209439156609
3013,4,9mo.2mo.activity.log_ratio.mean.20kb-5Mb.enhancer_DMR,up,-0.05347327530895742
3014,4,9mo.2mo.activity.log_ratio.median.20kb-5Mb.enhancer_DMR,up,-0.2037146413629226
3015,4,9mo.2mo.activity.log_ratio.max.20kb-5Mb.enhancer_DMR,up,0.08685805121039276
3016,4,9mo.2mo.activity.log_ratio.min.20kb-5Mb.enhancer_DMR,up,0.02481618775172334
3017,4,9mo.2mo.activity.log_ratio.count.20kb-5Mb.enhancer_DMR,up,0.12162284226314013
3018,4,18mo.2mo.activity.log_ratio.mean.20kb-5Mb.enhancer_DMR,up,-0.10478044280520625
3019,4,18mo.2mo.activity.log_ratio.median.20kb-5Mb.enhancer_DMR,up,0.26181996312151046
3020,4,18mo.2mo.activity.log_ratio.max.20kb-5Mb.enhancer_DMR,up,-0.20894817785508343
3021,4,18mo.2mo.activity.log_ratio.min.20kb-5Mb.enhancer_DMR,up,0.15382670420521163
3022,4,18mo.2mo.activity.log_ratio.count.20kb-5Mb.enhancer_DMR,up,-0.1227749815372389
3023,4,18mo.9mo.activity.log_ratio.mean.20kb-5Mb.enhancer_DMR,up,-0.1772426377863431
3024,4,18mo.9mo.activity.log_ratio.median.20kb-5Mb.enhancer_DMR,up,0.05705071757612375
3025,4,18mo.9mo.activity.log_ratio.max.20kb-5Mb.enhancer_DMR,up,-0.17366110961956632
3026,4,18mo.9mo.activity.log_ratio.min.20kb-5Mb.enhancer_DMR,up,0.13099942977301768
3027,4,18mo.9mo.activity.log_ratio.count.20kb-5Mb.enhancer_DMR,up,0.06116705370037009
3028,4,9mo.2mo.contact.log_ratio.mean.20kb-5Mb.enhancer_DMR,up,-0.2527180740082476
3029,4,9mo.2mo.contact.log_ratio.median.20kb-5Mb.enhancer_DMR,up,-0.1659647521092887
3030,4,9mo.2mo.contact.log_ratio.max.20kb-5Mb.enhancer_DMR,up,0.02464961576382008
3031,4,9mo.2mo.contact.log_ratio.min.20kb-5Mb.enhancer_DMR,up,0.26244937958515874
3032,4,9mo.2mo.contact.log_ratio.count.20kb-5Mb.enhancer_DMR,up,0.12162284226314013
3033,4,18mo.2mo.contact.log_ratio.mean.20kb-5Mb.enhancer_DMR,up,0.005492691835493467
3034,4,18mo.2mo.contact.log_ratio.median.20kb-5Mb.enhancer_DMR,up,-0.09609421452407181
3035,4,18mo.2mo.contact.log_ratio.max.20kb-5Mb.enhancer_DMR,up,0.15178747676296644
3036,4,18mo.2mo.contact.log_ratio.min.20kb-5Mb.enhancer_DMR,up,0.18873601024682427
3037,4,18mo.2mo.contact.log_ratio.count.20kb-5Mb.enhancer_DMR,up,-0.1227749815372389
3038,4,18mo.9mo.contact.log_ratio.mean.20kb-5Mb.enhancer_DMR,up,-0.06308465799163758
3039,4,18mo.9mo.contact.log_ratio.median.20kb-5Mb.enhancer_DMR,up,0.4189974994867156
3040,4,18mo.9mo.contact.log_ratio.max.20kb-5Mb.enhancer_DMR,up,-0.10886704626523952
3041,4,18mo.9mo.contact.log_ratio.min.20kb-5Mb.enhancer_DMR,up,-0.3254390732206208
3042,4,18mo.9mo.contact.log_ratio.count.20kb-5Mb.enhancer_DMR,up,0.06116705370037009
3043,4,count.enhancer_DMR,up,-0.107711840593095
3044,4,9mo.2mo.activity.log_ratio.count.0-5kb.enhancer_peak,up,0.05362211801219149
3045,4,18mo.2mo.activity.log_ratio.count.0-5kb.enhancer_peak,up,-0.1783031443127668
3046,4,18mo.9mo.activity.log_ratio.count.0-5kb.enhancer_peak,up,0.10210145144653897
3047,4,9mo.2mo.contact.log_ratio.count.0-5kb.enhancer_peak,up,0.05362211801219149
3048,4,18mo.2mo.contact.log_ratio.count.0-5kb.enhancer_peak,up,-0.1783031443127668
3049,4,18mo.9mo.contact.log_ratio.count.0-5kb.enhancer_peak,up,0.10210145144653897
3050,4,9mo.2mo.activity.log_ratio.count.5kb-20kb.enhancer_peak,up,-0.12068501853687809
3051,4,18mo.2mo.activity.log_ratio.mean.5kb-20kb.enhancer_peak,up,0.05760469441709492
3052,4,18mo.2mo.activity.log_ratio.median.5kb-20kb.enhancer_peak,up,0.20395206946836078
3053,4,18mo.2mo.activity.log_ratio.max.5kb-20kb.enhancer_peak,up,-0.2271681365573024
3054,4,18mo.2mo.activity.log_ratio.min.5kb-20kb.enhancer_peak,up,0.1322308556783586
3055,4,18mo.2mo.activity.log_ratio.count.5kb-20kb.enhancer_peak,up,0.0035023033820201313
3056,4,18mo.9mo.activity.log_ratio.mean.5kb-20kb.enhancer_peak,up,-0.012706291994995953
3057,4,18mo.9mo.activity.log_ratio.median.5kb-20kb.enhancer_peak,up,0.34910486116487854
3058,4,18mo.9mo.activity.log_ratio.max.5kb-20kb.enhancer_peak,up,-0.20413708184814558
3059,4,18mo.9mo.activity.log_ratio.min.5kb-20kb.enhancer_peak,up,-0.12692229271192698
3060,4,18mo.9mo.activity.log_ratio.count.5kb-20kb.enhancer_peak,up,0.09811483294168742
3061,4,9mo.2mo.contact.log_ratio.count.5kb-20kb.enhancer_peak,up,-0.12068501853687809
3062,4,18mo.2mo.contact.log_ratio.mean.5kb-20kb.enhancer_peak,up,-0.06731700027854286
3063,4,18mo.2mo.contact.log_ratio.median.5kb-20kb.enhancer_peak,up,-0.11223866887431935
3064,4,18mo.2mo.contact.log_ratio.max.5kb-20kb.enhancer_peak,up,0.13687103189689512
3065,4,18mo.2mo.contact.log_ratio.min.5kb-20kb.enhancer_peak,up,0.013795393986604367
3066,4,18mo.2mo.contact.log_ratio.count.5kb-20kb.enhancer_peak,up,0.0035023033820201313
3067,4,18mo.9mo.contact.log_ratio.mean.5kb-20kb.enhancer_peak,up,0.013890480309338657
3068,4,18mo.9mo.contact.log_ratio.median.5kb-20kb.enhancer_peak,up,-0.05168674945097736
3069,4,18mo.9mo.contact.log_ratio.max.5kb-20kb.enhancer_peak,up,0.20222371064348618
3070,4,18mo.9mo.contact.log_ratio.min.5kb-20kb.enhancer_peak,up,-0.03323142346304165
3071,4,18mo.9mo.contact.log_ratio.count.5kb-20kb.enhancer_peak,up,0.09811483294168742
3072,4,9mo.2mo.activity.log_ratio.mean.20kb-5Mb.enhancer_peak,up,-0.07309496852876521
3073,4,9mo.2mo.activity.log_ratio.median.20kb-5Mb.enhancer_peak,up,0.3159475586562154
3074,4,9mo.2mo.activity.log_ratio.std.20kb-5Mb.enhancer_peak,up,-0.34388887684148467
3075,4,9mo.2mo.activity.log_ratio.max.20kb-5Mb.enhancer_peak,up,-0.05016181778260385
3076,4,9mo.2mo.activity.log_ratio.min.20kb-5Mb.enhancer_peak,up,-0.6153352058943529
3077,4,9mo.2mo.activity.log_ratio.count.20kb-5Mb.enhancer_peak,up,-0.14192724038707336
3078,4,18mo.2mo.activity.log_ratio.mean.20kb-5Mb.enhancer_peak,up,-0.015573035349501163
3079,4,18mo.2mo.activity.log_ratio.median.20kb-5Mb.enhancer_peak,up,-0.18974641381219817
3080,4,18mo.2mo.activity.log_ratio.std.20kb-5Mb.enhancer_peak,up,-0.03715628179346217
3081,4,18mo.2mo.activity.log_ratio.max.20kb-5Mb.enhancer_peak,up,0.12900173718168514
3082,4,18mo.2mo.activity.log_ratio.min.20kb-5Mb.enhancer_peak,up,0.06013424454295837
3083,4,18mo.2mo.activity.log_ratio.count.20kb-5Mb.enhancer_peak,up,-0.0027121742906512972
3084,4,18mo.9mo.activity.log_ratio.mean.20kb-5Mb.enhancer_peak,up,-0.02865762192865252
3085,4,18mo.9mo.activity.log_ratio.median.20kb-5Mb.enhancer_peak,up,-0.08040630922970408
3086,4,18mo.9mo.activity.log_ratio.std.20kb-5Mb.enhancer_peak,up,-0.09100480824074071
3087,4,18mo.9mo.activity.log_ratio.max.20kb-5Mb.enhancer_peak,up,0.21769055387312397
3088,4,18mo.9mo.activity.log_ratio.min.20kb-5Mb.enhancer_peak,up,-0.08720859573011104
3089,4,18mo.9mo.activity.log_ratio.count.20kb-5Mb.enhancer_peak,up,0.13501415247587598
3090,4,9mo.2mo.contact.log_ratio.mean.20kb-5Mb.enhancer_peak,up,0.17834547305838122
3091,4,9mo.2mo.contact.log_ratio.median.20kb-5Mb.enhancer_peak,up,0.06113468132518588
3092,4,9mo.2mo.contact.log_ratio.std.20kb-5Mb.enhancer_peak,up,1.5780951221072255e-05
3093,4,9mo.2mo.contact.log_ratio.max.20kb-5Mb.enhancer_peak,up,-0.20580438927914532
3094,4,9mo.2mo.contact.log_ratio.min.20kb-5Mb.enhancer_peak,up,-0.3008354809238801
3095,4,9mo.2mo.contact.log_ratio.count.20kb-5Mb.enhancer_peak,up,-0.14192724038707336
3096,4,18mo.2mo.contact.log_ratio.mean.20kb-5Mb.enhancer_peak,up,0.11825807921283693
3097,4,18mo.2mo.contact.log_ratio.median.20kb-5Mb.enhancer_peak,up,-0.002937101227108823
3098,4,18mo.2mo.contact.log_ratio.std.20kb-5Mb.enhancer_peak,up,0.028568680750321394
3099,4,18mo.2mo.contact.log_ratio.max.20kb-5Mb.enhancer_peak,up,-0.24047810033739506
3100,4,18mo.2mo.contact.log_ratio.min.20kb-5Mb.enhancer_peak,up,0.08185679549327801
3101,4,18mo.2mo.contact.log_ratio.count.20kb-5Mb.enhancer_peak,up,-0.0027121742906512972
3102,4,18mo.9mo.contact.log_ratio.mean.20kb-5Mb.enhancer_peak,up,0.08174259855604883
3103,4,18mo.9mo.contact.log_ratio.median.20kb-5Mb.enhancer_peak,up,0.009196558580928675
3104,4,18mo.9mo.contact.log_ratio.std.20kb-5Mb.enhancer_peak,up,-0.02355807076512328
3105,4,18mo.9mo.contact.log_ratio.max.20kb-5Mb.enhancer_peak,up,-0.15634008575684694
3106,4,18mo.9mo.contact.log_ratio.min.20kb-5Mb.enhancer_peak,up,-0.16405051056817943
3107,4,18mo.9mo.contact.log_ratio.count.20kb-5Mb.enhancer_peak,up,0.13501415247587598
3108,4,count.enhancer_peak,up,-0.01702371624303971
3109,4,rel_pos.DAR,up,0.08849245300966502
3110,4,9mo.2mo.log_ratio.DAR,up,0.03338550725379134
3111,4,18mo.9mo.log_ratio.DAR,up,-0.009159086978628727
3112,4,18mo.2mo.log_ratio.DAR,up,0.015331337714757616
3113,4,count.DAR,up,0.13284255489083133
3114,4,size.log2.DMR,up,-0.4486296860042336
3115,4,rel_pos.DMR,up,0.13178458952956246
3116,4,9mo.2mo.log_ratio.DMR,up,0.13844595384125447
3117,4,18mo.9mo.log_ratio.DMR,up,-0.20516774920175707
3118,4,18mo.2mo.log_ratio.DMR,up,-0.018810089350429233
3119,4,distance.log2.DMR,up,-0.006529332084173832
3120,4,count.DMR,up,0.24440556245935674
3121,4,Qanova.mean.loops,up,-0.04411684097265733
3122,4,Qanova.median.loops,up,-0.3086841645782718
3123,4,Qanova.std.loops,up,0.18141146468550903
3124,4,Qanova.max.loops,up,0.043034764803259504
3125,4,Qanova.min.loops,up,0.024503648208374838
3126,4,Tanova.mean.loops,up,-0.11495568379990971
3127,4,Tanova.median.loops,up,0.19052141648915089
3128,4,Tanova.std.loops,up,0.03334427210815625
3129,4,Tanova.max.loops,up,0.11618900424172943
3130,4,Tanova.min.loops,up,0.05088987936395333
3131,4,9mo.2mo.Q.mean.loops,up,0.32216365132657576
3132,4,9mo.2mo.Q.median.loops,up,-0.2443902917384031
3133,4,9mo.2mo.Q.std.loops,up,-0.08700703371305264
3134,4,9mo.2mo.Q.max.loops,up,-0.1919846321070669
3135,4,9mo.2mo.Q.min.loops,up,-0.0028522831204151862
3136,4,18mo.9mo.Q.mean.loops,up,0.2144135741644256
3137,4,18mo.9mo.Q.median.loops,up,0.0006740962160454207
3138,4,18mo.9mo.Q.std.loops,up,-0.1721308602335749
3139,4,18mo.9mo.Q.max.loops,up,-0.406066864758798
3140,4,18mo.9mo.Q.min.loops,up,0.07029360849843408
3141,4,18mo.2mo.Q.mean.loops,up,0.5547722909693054
3142,4,18mo.2mo.Q.median.loops,up,-0.3940665083475653
3143,4,18mo.2mo.Q.std.loops,up,0.03465370466768427
3144,4,18mo.2mo.Q.max.loops,up,0.12544237724977741
3145,4,18mo.2mo.Q.min.loops,up,-0.18583238006374064
3146,4,9mo.2mo.T.mean.loops,up,-0.24358393546704665
3147,4,9mo.2mo.T.median.loops,up,0.3729942441340299
3148,4,9mo.2mo.T.std.loops,up,-0.009619536978839778
3149,4,9mo.2mo.T.max.loops,up,0.0630300563029011
3150,4,9mo.2mo.T.min.loops,up,0.07276111220838198
3151,4,18mo.9mo.T.mean.loops,up,0.011615962610025699
3152,4,18mo.9mo.T.median.loops,up,-0.08414843627006238
3153,4,18mo.9mo.T.std.loops,up,-0.07705859891793125
3154,4,18mo.9mo.T.max.loops,up,0.24777110125565316
3155,4,18mo.9mo.T.min.loops,up,0.11223745720791754
3156,4,18mo.2mo.T.mean.loops,up,-0.13918237779759282
3157,4,18mo.2mo.T.median.loops,up,0.30281033563400206
3158,4,18mo.2mo.T.std.loops,up,0.1530659889156002
3159,4,18mo.2mo.T.max.loops,up,-0.0998322859660222
3160,4,18mo.2mo.T.min.loops,up,-0.13904624672578203
3161,4,loop_size.log.mean.loops,up,-0.2817283480778415
3162,4,loop_size.log.median.loops,up,-0.08523796836571938
3163,4,loop_size.log.std.loops,up,-0.11124872027810874
3164,4,loop_size.log.max.loops,up,-0.4262550340217794
3165,4,loop_size.log.min.loops,up,-0.19994278202591934
3166,4,min_distance.log.mean.loops,up,0.21632445241246614
3167,4,min_distance.log.median.loops,up,0.2690615117080457
3168,4,min_distance.log.std.loops,up,0.11481334292795932
3169,4,min_distance.log.max.loops,up,0.3518109530008718
3170,4,min_distance.log.min.loops,up,0.03483059074574719
3171,4,count.loops,up,-0.1531883724385242
3172,4,9mo.2mo.log_ratio.mcg_genebody,up,-0.05281127259734609
3173,4,18mo.9mo.log_ratio.mcg_genebody,up,-0.012727996215698877
3174,4,18mo.2mo.log_ratio.mcg_genebody,up,-0.09898435358956709
3175,4,9mo.2mo.log_ratio.mch_genebody,up,-0.026834930185339945
3176,4,18mo.9mo.log_ratio.mch_genebody,up,-0.04190340782171214
3177,4,18mo.2mo.log_ratio.mch_genebody,up,-0.08843896997598803
3178,4,9mo.2mo.log_ratio.mean.atac,up,0.4223198927193668
3179,4,18mo.9mo.log_ratio.mean.atac,up,-0.05711304200845783
3180,4,18mo.2mo.log_ratio.mean.atac,up,0.36988459903297305
3181,4,log2_distance.mean.atac,up,-0.2880384897084347
3182,4,9mo.2mo.log_ratio.std.atac,up,-0.06390359497948424
3183,4,18mo.9mo.log_ratio.std.atac,up,-0.44018233638698634
3184,4,18mo.2mo.log_ratio.std.atac,up,0.0025031423749643893
3185,4,log2_distance.std.atac,up,0.2485382913982314
3186,4,9mo.2mo.log_ratio.max.atac,up,0.14500317851705175
3187,4,18mo.9mo.log_ratio.max.atac,up,0.3537458051217606
3188,4,18mo.2mo.log_ratio.max.atac,up,-0.02070251689736238
3189,4,log2_distance.max.atac,up,0.057514358610213555
3190,4,9mo.2mo.log_ratio.min.atac,up,-0.3497269115839657
3191,4,18mo.9mo.log_ratio.min.atac,up,-0.12238022976837579
3192,4,18mo.2mo.log_ratio.min.atac,up,-0.004209570380407577
3193,4,log2_distance.min.atac,up,0.0975623804956756
3194,4,count.atac,up,-1.0791602652257313
