{"_step":49,"train_loss":0.9137379032809559,"train_accuracy":0.5609567901234568,"test_accuracy":0.5277777777777778,"_wandb":{"runtime":53},"_timestamp":1.7293797760603962e+09,"_runtime":53.621562171}