gene_name,gene_length.meta,9mo.2mo.activity.log_ratio.max.20kb-5Mb.enhancer_peak,18mo.2mo.contact.log_ratio.min.20kb-5Mb.enhancer_peak,9mo.2mo.activity.log_ratio.std.20kb-5Mb.enhancer_peak,rel_pos.DAR,9mo.2mo.log_ratio.DAR,18mo.2mo.log_ratio.DMR,18mo.9mo.Q.mean.loops,9mo.2mo.Q.mean.loops,loop_size.log.mean.loops,18mo.2mo.Q.std.loops,18mo.2mo.log_ratio.mcg_genebody,9mo.2mo.log_ratio.mcg_genebody,18mo.9mo.log_ratio.mcg_genebody,9mo.2mo.log_ratio.mch_genebody,18mo.2mo.log_ratio.mch_genebody,18mo.9mo.log_ratio.mean.atac,18mo.2mo.log_ratio.max.atac,18mo.2mo.log_ratio.mean.atac,9mo.2mo.log_ratio.min.atac,18mo.9mo.log_ratio.min.atac,9mo.2mo.log_ratio.mean.atac,DEG,pred
St6galnac3,-0.4384715189272538,0.036750111090950666,-0.01173972483491525,-0.04812736020423472,-0.144282778641209,-0.0022866563126444817,-0.021529940420296042,-0.027977624526247382,-0.04234592395834625,-0.0031708087027072906,0.02899233401985839,0.04169155944138765,0.06386434973683208,-0.023801867145812138,0.06605791098205373,-0.0057543516554869716,-0.006447345502674579,0.013688343167304993,0.029751360174268483,0.00325546401552856,-0.0210754058760358,0.01328285581432283,1.0,0.0
Nap1l1,0.18206148395547644,0.1029448767658323,-0.042703363061882556,0.08763761788024567,-0.0007359802280552685,0.000755838118493557,-0.07703210843261331,0.026548816151916982,0.08682981736958027,-0.003834088114090264,0.020357842012308537,0.033644285900518295,0.0656032510008663,-0.004771053805598058,-0.062014374630525705,-0.010284769653808326,-0.005213372027501464,0.011958753713406623,-0.01225070608779788,0.005288328668102622,0.07023182118311525,-0.0349166405107826,1.0,1.0
AI987944,0.19826786596444435,-0.035369054372422395,0.0010560505371540784,0.09214551034849137,0.0022482286067679524,0.0005636882781982422,0.00012008029967546464,0.058361050467938186,0.09979221474379302,-0.017261422513984145,0.019791787499561907,0.006880921619012952,0.04204773778910749,-0.0316425021662144,0.006380439745262265,0.054365370871964844,0.0017963531333953142,0.009974508099257946,-0.042796647772192956,-0.004969876827672124,-0.011981755520682782,-0.021811735825613143,1.0,1.0
Ephb1,-0.49383387979120014,0.003772752387449145,-0.0046290662419050934,-0.059622090756893155,0.0067770147789269685,0.000755838118493557,-0.017263534797821195,-0.02884707032935694,0.037823272896930576,-0.0032869410142302513,0.011564808012917639,0.04833805529400706,0.049636528338305654,-0.0017273050174117087,0.07595512817613781,0.005876410282216966,-0.00373498878441751,-0.13551379439421,0.0036020236648619175,0.016213388983160257,-0.10637515214446466,0.01666071865707636,1.0,2.0
Acvr1,-0.27781781964935365,-0.06843169620260596,-0.016298533193767072,0.2432890525367111,-0.004010956170968711,-0.0003970609977841377,-0.004056679508648813,-0.036271589326206596,-0.07700755250640214,-0.01572499659843743,0.020969916540198027,0.013548708986490965,-0.12840028330450878,0.04313841435709037,-0.07125995153095573,0.01797058113384992,-0.025662830416113138,0.004045718293637038,-0.02106585119967349,0.007944611804559827,0.025949023137800394,-0.030595509307458996,1.0,0.0
Pfdn1,0.15362660243641585,-0.015578977959230543,-0.006159805660136044,-0.02144435591995716,0.020223918864503504,0.000755838118493557,-0.00030835728161036967,0.07470804067095742,0.09638081477954984,-0.009180045826360584,0.017721138270571826,0.002455441448837519,0.12998317522928118,-0.0068423838104354215,0.012139986869879067,0.09149471349548549,5.336827598512173e-05,0.012203864064067602,-0.014886182174086571,-0.00464020274579525,0.09005311786197126,0.03243776742368937,1.0,2.0
Ap1s2,0.20927955983672292,0.1050730186747387,0.0922507025487721,0.08684832567465492,0.006294655622914433,0.000755838118493557,-0.0007378817722201348,0.06602646311512217,0.07302346644923091,-0.01689911934081465,0.03091761869378388,0.0161829979903996,0.09119702251045965,-0.055554250318091365,0.09442435678094625,0.001671542248222977,-0.003956746272742748,0.007626056410372257,-0.007936835456639528,-0.005283440216444433,0.0094468299834989,-0.02291993980295956,1.0,1.0
Blm,0.12220597526058555,0.002831719438545406,0.0003646439826115966,-0.03413993984460831,0.004488617852330208,0.000755838118493557,0.0004201019601896405,-0.024527252496918662,0.07258856032975018,-0.007047809483483433,0.03086782112251967,0.0023223284073174,0.05257633106317371,0.020960214181104674,-0.045405541537329557,0.08384587166132405,0.007721645385026931,0.026448324518278242,-0.002051874888129532,0.0008711053524166346,-0.1250378009211272,0.03456378161907196,1.0,2.0
Pqbp1,-0.29392227420117706,0.04049408461432904,-0.011221342762000859,0.02188304563052952,0.011857638130895793,0.0008519130572676659,-0.0009085802733898163,0.05664962153648958,0.003991819582879543,-0.019347854643128812,0.017998549873009324,-0.08690065922215581,0.10837177189067006,-0.014470507189980709,-0.021763651203364133,0.016311493893153964,0.00708812584169209,0.009156234748661517,-0.03027424164582044,-0.012272387319244444,-0.028139240639284253,-0.003687989814206958,1.0,0.0
Pygo1,0.10243007155135274,-0.09913681962527335,-0.005809541502967477,0.12512886730837636,0.0005204928922466934,0.0005636882781982422,0.0004784926120191813,0.1166829194035381,0.047103338930755856,-0.007079042876139283,0.014494313066825271,-0.1392161151021719,-0.09732521671801805,-0.006731233880855143,-0.18356448310427367,-0.24588320538401603,-0.03590770450420678,-0.004014556407928467,0.005909274080768228,-0.003108764858916402,0.029633367378264667,-0.057861969880759714,1.0,0.0
Mcm9,0.1047887674625963,0.07615584217011928,-0.04614572838880122,-0.03732814415358007,0.007173740486614406,0.000755838118493557,-0.001125107454136014,0.06939046801067889,0.051386658614501354,-0.0076699110958725215,0.022848455961793662,0.005634317100048065,0.11291681529022753,-0.006847546135541052,0.1155242672143504,0.012319945290219039,5.336827598512173e-05,0.01548819335643202,-0.030312246978282928,-0.04320336701348424,-0.0019531974708661437,-0.08378872068598867,1.0,1.0
Atpaf1,0.21459670984186233,-0.07288191404193639,-0.018168308050371708,-0.02541270650923252,-0.16182275008875877,0.0005636882781982422,-0.001027080798521638,-0.035708725027507174,0.1119353073835373,-0.02165234464686364,-0.03627783861942589,0.04650872679892928,0.11282645647414029,-0.0616733264020877,0.026474308604374528,0.0781839901371859,-0.008095619743689894,0.005366516076028347,-0.012945446823723615,-0.011261547412723304,0.0995120420632884,-0.02321964661590755,1.0,1.0
Mtss1,-0.41932935793418435,0.0009141903510317207,0.08650799177587032,-0.06084085563197732,-0.003652365077286959,0.000755838118493557,0.0002481546485796571,-0.06336413632147014,0.039000082015991214,-0.007936219400726259,0.01789259205106646,0.022801569607108833,0.05942195951472968,-0.016543014640919864,-0.046851204405538735,0.03682005521375686,-0.001332616014406085,0.017380806896835566,-0.052926063206978145,0.01103286588564515,-0.07723800443287474,-0.08854440019465983,1.0,2.0
Sil1,-0.424860943518579,0.02511704129166901,-0.02480769287329167,-0.07347237040754408,-0.06580757034011185,0.0005636882781982422,-0.009610507844481617,-0.021485379775986076,-0.013922867514193058,-0.004633519537746906,0.018258797046728434,0.03415229825302959,0.05498083353508264,-0.011082051629200578,-0.04247176277451217,0.005812736195512116,-0.006447345502674579,0.017311276867985725,-0.015139165176078677,0.022448673918843268,-0.05846934241708368,0.017040092125535013,1.0,0.0
Pcsk5,-0.4735067962156609,-0.01827100174501538,-0.00756769091822207,-0.055074068773537876,0.005402452796697616,0.000755838118493557,0.00028765482362359763,-0.03884762672707438,-0.01616461339406669,-0.004900332167744636,0.018363953926600517,-0.017575106853619217,-0.07204629774671048,0.045883349901414475,-0.029519620693754405,0.04346380404662341,0.00827991807833314,0.013577294982969761,-0.035712512333411724,0.008599735721945763,-0.08171992988034617,-0.07428128299303353,1.0,2.0
Ppp2r2a,0.016182982926256955,-0.0543679402442649,-0.02611275021918118,-0.034045620234683154,-0.008435730496421457,-0.0003970609977841377,-0.003129549561999738,-0.045215608524158596,-0.06743140311446041,0.06642653612419963,0.047740848106332126,0.010442671226337552,-0.0048602179158478975,-0.035569297675974665,-0.2683587364433333,-0.04840935932938009,-0.004965465012937784,0.01414110355079174,0.03614278806373477,0.002335941484197974,-0.034866356370039285,0.03398391298018396,1.0,2.0
Idh2,0.1578333792835474,-0.033636670960113406,0.0012316003767773509,0.08462892957497388,-5.0351256504654884e-05,0.00046761334873735906,0.0012418852699920535,0.03575112815247849,-0.09502088113687933,-0.01677828072104603,0.03429380696732551,-0.08615578541066497,0.014954131217673422,-0.0062703511159634216,-0.02288705953862518,0.027402034576516597,0.04053505036979914,0.01576928183436394,-0.009027201933786273,-0.009715208765119315,-0.019958351626992225,0.009674518052488566,1.0,1.0
Rnf40,0.2116540023125708,-0.08419863426126539,0.002884315587580204,-0.028204447721363976,-0.0063427069736644625,0.00046761334873735906,0.00463387843221426,0.06939197102561594,-0.18867968939244747,-0.005783968577161431,-0.042664866973645986,0.03480606563389301,0.07348993348889053,0.050533320761751384,-0.05810331234708428,-0.04817647517193109,0.0385566557943821,0.00860484605655074,-0.010300168795511126,-0.000489558894187212,0.043787782108411194,0.014145252760499716,1.0,2.0
Bbs7,0.14217644049786032,0.10930257191415876,-0.057863687491044404,0.07949300139211118,-0.00010292774066329003,0.0008519130572676659,-0.0004733734531328082,0.06222441164776683,0.015432647448033094,0.073847158937715,0.030465958141721785,-0.06672718243440613,0.0520298965414986,0.023875317835481837,-0.1648866410064511,0.02026888550957665,-0.020664823520928622,0.01806117941159755,2.8871512040495872e-05,0.014900926621630789,-0.07788812492974102,-0.05387345587834716,1.0,1.0
1700037C18Rik,0.14800348497927188,-0.018812203034758567,0.007721736072562635,0.0713417539699003,0.00583424218930304,0.00046761334873735906,0.0010817057685926557,-0.0359163928788621,-0.1747812400199473,-0.0040199610451236364,-0.055805212422274056,0.04546317063271999,0.08606507936492562,0.051271536774002015,0.013063577949069441,0.08637190033914521,0.03754026731476188,0.007489325469359756,0.03810661466559395,0.018124686358496546,0.05589573927689344,0.029040541406720875,1.0,1.0
Ell2,-0.020661038383841514,0.10071281981188804,-0.05174344576895237,-0.0608725911937654,-0.00873285970184952,0.000755838118493557,-0.007437912300229072,0.016531296418979765,0.031218321807682515,-0.010451300907880068,0.01942420404404402,0.013272089005913585,-0.07465978662483394,0.04633355244994163,-0.23902896279701963,-0.09779976927908138,-0.03302545678801835,0.017948621683754027,-0.08828892332036048,-0.05676614301279187,-0.07358516564127057,-0.08635225990787149,1.0,0.0
Cwc22,0.08763981140218675,0.0823138333298266,-0.05145041367970407,-0.02623537300620228,0.00792415344156325,0.000755838118493557,-0.0002293569315224886,-0.03295408251695335,-0.10131265777163208,-0.0047450007218867545,-0.06921678596176208,0.003987954016774892,0.09142169799655676,0.07980664855684154,0.19835708287311718,0.01105782754952088,0.009665902368724347,0.0360863850498572,0.02126546115614474,0.01561962079256773,-0.09712498740758747,0.02476639430038631,1.0,2.0
Aagab,0.15155711520463228,-0.01149338420946151,-0.014145561610348523,-0.031329132644459606,0.01392736190930009,0.000755838118493557,-0.0012146825063973664,-0.022777373346034437,0.0965119961462915,-0.010812700181268155,0.03140692067798227,0.04770202638581395,0.08663178848102689,0.005787564283236861,0.07588786869775505,0.04806089058984071,-0.005213372027501464,0.010630168560892344,0.0022302185371518134,-0.012678771484643222,0.0995120420632884,0.03176901806145906,1.0,1.0
Kdm4d,0.2335747961141169,0.15736018904019147,0.005335004525259137,-0.04298320811241865,0.006503345454111695,0.0008519130572676659,-0.0006687805894762277,0.07282518329331651,0.06463087459094823,-0.02140828694216907,0.03111118750181049,-0.07510763903148472,0.0973396765626967,0.013229249028954655,0.10465755617246032,0.016133830642793327,0.018111710157245397,0.025763702969998123,0.014246612088754773,-0.004819455873221159,0.07506386285182089,-0.0246980853471905,1.0,1.0
Atat1,0.229061379727209,-0.05641764002852142,0.005964547973126173,-0.04013225412927568,-0.001989466673694551,-0.0003970609977841377,-0.01802376631181687,-0.04157434722641483,-0.20090567503124476,-0.020713428845629097,-0.05934436355251819,0.01695494746789336,0.052415053797885774,-0.07444696542574093,0.10330449988716282,0.07068858301034198,-0.025884587904438375,0.004820976573973894,0.0608352012000978,-0.0003423095913603902,-0.015243732846574858,0.030910971015691756,1.0,2.0
D330041H03Rik,0.2520191128971055,-0.05031250193715096,0.03127328600268811,0.0280019780958537,0.0017931074602529407,0.000755838118493557,9.638019371777774e-05,-0.012703886411618442,0.08193964496254921,-0.0016544350702315568,0.019037765683606267,0.015946444235742093,0.10739813853055238,-0.0150238432304468,0.12269425934413448,0.10610815410735086,0.006705256905406714,0.00898572606034577,0.0413018318451941,0.03215441907756031,0.09158482111990451,0.03982994152233005,1.0,1.0
Nrg3,-0.4629826266644523,0.004170071883127093,-0.023694712929427625,-0.04628860796801746,-0.14713312312029303,0.000755838118493557,0.0035017820028588175,-0.027977624526247382,0.0365839541144669,0.023854490537196398,0.02452213055687025,-0.0248868390545249,0.05622549905441701,-0.047652822252130134,0.03447267735144124,-0.016436669833492488,-0.001332616014406085,-0.04615614386275411,0.03470315411686897,0.007645967928692698,-0.0978795895120129,0.036425005029886964,1.0,2.0
Ndel1,0.08928781469352544,-0.04047534784767777,-0.003413644703105092,-0.05005465012975037,0.002514626234769821,0.00046761334873735906,-0.00012792305555194616,-0.029089038409292698,-0.10641248161904514,-0.020878498423844576,0.04645093280822039,0.029549640589393675,0.05840811336413026,-0.051575416194973515,0.062110188980586824,0.00615893239621073,0.03516619382426143,0.01745784539729357,0.005312992101535201,-0.008363601472228765,-0.03643965014722198,0.026535227447748184,1.0,2.0
Akap9,-0.34647099901922046,0.04206684252712876,-0.019490319825708865,-0.07695328324101865,0.001281902026385069,0.0005636882781982422,0.0035017820028588175,-0.060374964171787726,-0.047873350717127325,-0.004039910980500281,-0.021107057784684004,0.031550377551466224,0.08455559918656945,0.06076758996816352,0.10338515462819486,0.011614376869983971,-0.008849718272686005,0.02498880511149764,0.020554383909329774,0.009812407242134214,-0.04520547584164888,-0.055057084383443,1.0,2.0
Pfdn6,-0.1785533056827262,-0.012396327641326935,-0.04121676680631935,-0.04336896662600338,-0.0008806328615173697,0.000755838118493557,-6.752140820026397e-05,-0.02433260003803298,0.0204961253143847,-0.023177330126054586,-0.020373836201615633,-0.0875055155158043,0.01183608551044017,-0.031545782106695695,-0.011111348106060176,0.03320964297978207,0.005839151674881578,0.006782976519316435,0.04988626797799953,0.05148899618070572,-0.05640695427544415,0.017855140240862967,1.0,0.0
Mars2,0.26023101990111175,0.1068019592622295,0.01031417473219335,0.05794442318729125,-0.0037671412783674895,0.000755838118493557,0.00022055955138057472,0.030712086409330368,0.07639339320361614,0.10405483807902784,0.030465958141721785,0.027549657840281724,-0.07799736827611924,0.007927211980568245,0.01246446415549144,0.017202219392638652,5.336827598512173e-05,0.019007795359939336,0.03659209659323096,0.014678705716505647,0.07191120004281401,-0.03667291804216802,1.0,1.0
Tbl1x,-0.21492129972204566,-0.00398860520683229,-0.01577353434637189,-0.05632598591968417,0.0015873767249286175,0.000755838118493557,-0.0041356798587366935,0.24171619330765678,0.03325743698980659,-0.021807926073670388,0.024706084411591292,0.006373674366623163,-0.07153965581557714,-0.043269125833176075,-0.1599582599196583,-0.027225414905697107,-0.005527528468519449,0.00578659450635314,0.03679514667019248,-0.0018203653628006578,-0.037747082749847324,0.0016754995938390493,1.0,2.0
Mest,0.1860015822481364,-0.016558374501764773,-0.025586078152991833,-0.016837985990568995,0.007553808060474693,0.0008519130572676659,0.00035324652679264546,0.07132509039482102,0.05464653944596648,-0.006144158593378961,0.020239222883246838,0.05691197892650962,0.07823501637671143,0.11222014060709626,-0.0629183883802034,0.09253355085849763,0.004262948129326105,0.02433836678043008,0.019108896246179938,-0.0034198129549622537,-0.13849131163675338,0.025740701453760267,1.0,1.0
Tfg,0.26476936753839253,0.14146468648687005,-0.00046297015622258185,-0.015159359388053417,-0.0002475722972303629,0.0005636882781982422,-0.0026270538102835415,-0.02232404863461852,-0.10471148882992566,0.06812079295050352,0.04862771184183657,0.029425328355282544,-0.09455849091522396,0.08661167582962662,0.05412698154104874,0.052073772656731306,-0.010328101515769959,-0.0006457583885639906,-0.05700855421833694,0.020402907216921447,0.05408741569146514,-0.02538458692841232,1.0,1.0
Hsbp1,0.04117691355291754,-0.05240259737009183,-0.01536273943260312,-0.01697551615536213,0.001484895977191627,0.00046761334873735906,0.0013485359167680145,0.051380271343514326,-0.003608847502619028,0.10082566511817276,0.030800303546711802,0.004406130742281676,0.09120444433763623,-0.008230349185760133,0.1109811438061297,0.05048088101902977,-0.005733885718509555,0.006711102444678545,-0.03866588965523988,0.002325881076976657,0.07104119369760156,-0.0013346389122307302,1.0,0.0
Sprtn,0.22059964888729156,-0.027538550891913472,0.012539284434169531,0.016904758727177976,-0.005102551863528788,0.000755838118493557,0.0010542835621163249,0.025442949004936963,0.08402087099850178,-0.013086534258909523,-0.01664953526575118,-0.1511976814456284,0.042025303998962045,0.04037462633568793,-0.01828771362779662,-0.009034186622593553,0.020554018933326007,0.006867308169603348,0.07850440165027976,0.03043460166081786,0.07740993106737733,0.03081973744556308,1.0,1.0
Nle1,0.20052180239465087,-0.07763819846790283,0.028288285592570902,-0.0334835090721026,-0.005807773941196501,0.0007174081448465586,0.0004546804027631879,0.012651542923413217,-0.10706633490510285,0.041183877759613095,0.030657525896094738,-0.09422292217612266,0.0864628162421286,-0.02725996094988659,0.09255701251560822,-0.023612907708156855,0.01632617451250553,0.004997684042900801,0.055453680409118536,0.013958709659054875,0.06590876888483763,0.029338080957531928,1.0,1.0
Unkl,0.10486273100599647,-0.041035741013474764,-0.012749159107916058,-0.023716821810230614,0.010897438582032919,-0.0003970609977841377,0.0004201019601896405,-0.04166843730257824,-0.16012117804959417,-0.005614370075054467,-0.05726406087633222,-0.009956767112016677,0.083126918124035,0.07205543371324893,0.04816933350404724,0.092948866894003,-0.022890861835330723,-0.07167851017788053,0.014304371825419366,0.0032731630466878415,-0.047651317724958064,0.025601242622360586,1.0,2.0
Ints4,0.12703493669163435,-0.019068162171170116,-0.025306822839193045,-0.017808066727593542,0.01408434446901083,0.0008519130572676659,-0.00030835728161036967,0.04423430843977258,0.08520824740640819,-0.005015500183217228,-0.016709390059113503,0.002220718301832676,-0.05662096483167261,0.06390065120242071,-0.02050986421993002,0.0666168508073315,0.004262948129326105,0.014270882792770863,-0.0028674576431512834,0.007045928984880447,-0.17279403139837085,0.032310047335922715,1.0,2.0
Prr3,0.03841869089752436,-0.08508343876339496,0.0006326573947444558,-0.03788324165623635,0.006844682958908379,0.0008519130572676659,-0.004130859095603227,0.06920043036574498,0.08540929812937975,-0.013492946256883442,0.014184900030959397,0.03987033635377884,-0.271081273118034,-0.007361172665841877,-0.058518639318645004,0.0399695532140322,0.0037269342970103025,0.007392828650772572,-0.045600970033556225,0.00435252221301198,0.05644883526489139,0.02326431602239609,1.0,0.0
Slc35f3,-0.2895905068423599,-0.012303891452029347,-0.021938650985248387,-0.07781377164181322,-0.06790986965410412,0.0005636882781982422,-0.004056679508648813,-0.06262952601537108,-0.011630458943545818,-0.005471006594598293,-0.02402378822211176,0.026420519780367614,-0.08635519695468247,-0.025965228538261727,-0.14692602671217173,-0.10740155930863693,-0.015872038677334787,-0.022797027276828884,0.008260336900129915,0.021775615829974414,-0.04717006956692785,0.019859752263873817,1.0,0.0
Zfp955b,0.2889715766871814,-0.012255964544601738,-0.0062423366028815505,-0.020614907778799534,0.00329813536722213,0.0005636882781982422,0.0011054058745503426,-0.023387075643986465,0.10556006435304881,-0.005594747783616186,0.03338590573519468,-0.0009581678919494152,0.09752262312802486,0.06824441844306421,0.18953816758934408,0.14506453453563153,-0.006838993988931179,0.017778917644172908,0.01449926033616066,0.008445403627119959,-0.007616758455988019,-0.019775212528184056,1.0,1.0
Ankrd45,0.19836096915882082,0.13405736367218196,-0.04090651072561741,0.017425206935731696,-0.0015714051388204097,0.0005636882781982422,0.000590323694050312,0.17039811899885535,-0.06614617383107543,-0.005992102390155196,-0.056988341556862,0.025314826825633643,0.07341225148178637,-0.007232733062119223,-0.17571796896867453,-0.018716619729530065,-0.005061361212283373,0.009348489926196635,-0.014368726829998195,-0.004075939999893308,0.05747644721530378,-0.059432318424806,1.0,1.0
Npy1r,0.24309157294221223,0.08699544481001795,-0.015565657382830977,-0.012136579724028707,0.005030662408098578,0.000755838118493557,0.0014987516030669213,0.01063898142427206,0.0712221404723823,0.020907830405049024,0.015028582173399627,0.03965213857591152,0.13701485214754938,0.0549569226638414,0.18122948142467066,0.08931928139179945,-0.005213372027501464,0.028371692355722188,-0.024466213863343002,0.017937816744670272,0.09023385438136756,-0.040993801411241294,1.0,1.0
Ndufab1,0.1435580264311284,-0.012517913756892086,0.004841934498399496,0.08433303248602897,0.000314153004437685,0.000755838118493557,0.005362337674014271,0.02155536868609488,0.08739823774434625,-0.003981726206839085,-0.01582200648263097,0.05058280143886804,0.05224607636220753,-0.00830430690664798,0.13014605480711908,-0.2613911790633574,0.011195846009068191,0.012589469514787198,-0.001793556020129472,0.0225534542882815,-0.05836500601843,0.019834720715880393,1.0,1.0
Dnajc12,0.26600035656243565,0.06906538762152195,0.0028987670806236566,-0.018062271821545437,-0.0014019576041027903,0.000755838118493557,0.004352475889027119,0.07540236257947981,0.055320588275790214,-0.004539177855476737,0.020239222883246838,0.006030957140028477,-0.0074332644417881965,0.019529750891961156,-0.05339298455044627,0.030551572889089586,5.336827598512173e-05,0.008638685513287782,0.006962893968448043,0.015091110691428185,-0.09027808277867734,-0.019106463165953755,1.0,1.0
Rangap1,0.043737658569589256,-0.03984915289562196,-0.012604669295251369,-0.011454953579232097,-0.009067652085795998,0.00046761334873735906,-0.00012792305555194616,-0.054132092334330084,-0.19495027928613126,-0.0164180907048285,-0.05834225998260081,0.03053666960913688,0.03917047364637256,-0.035876632472500204,-0.09064051365945489,0.0037482722103595735,0.03618258230388165,0.009755918886512518,-0.00043011646717786787,-0.008757640840485692,0.061073471778072416,0.021456351932138205,1.0,2.0
Rab5c,0.26582145296037196,-0.004564236993901432,0.003245231304317713,-0.017127297171391546,0.007296573803760111,0.000755838118493557,0.0014987516030669213,0.07470804067095742,0.09555078195407987,-0.005989791443571448,0.017787351314909758,0.06364625129848718,0.11532334800809622,0.06330516192829236,0.20395195395918564,0.05924984747776762,-0.005213372027501464,0.014634941630065441,0.040281004877761005,0.00460160719230771,0.09281457545235754,0.040498690884560345,1.0,1.0
Rsu1,-0.393227175148204,-0.009640224929898977,-0.004678583608474582,-0.04907271785661578,0.0067770147789269685,0.0008519130572676659,0.0005458052782341837,-0.03918575307354331,0.04481533193960786,-0.0038604980939999224,0.023888688581064344,0.011889784298837185,0.08048077431507408,-0.015783597440458833,0.0742060622619465,0.007850896129384636,0.0028769638389348983,0.01736841314006597,-0.006560152368620038,-0.031768379481509325,-0.02441795707854908,0.035726314065977934,1.0,2.0
Tom1,0.15988586857449263,-0.034692139206454156,-0.02631473705172539,0.05808783193584532,0.00694462631829083,0.000755838118493557,-0.001027080798521638,0.04598112979670987,0.08853597321547568,-0.016947879223152995,-0.01938330374658108,0.05475047437939793,0.043024732526391746,-0.09653139906411524,0.08764228565152735,0.07119629668304697,0.007721645385026931,0.01862616652622819,0.0044099867809563875,-0.002097908044233918,-0.16532689725514502,0.01778017823584378,1.0,1.0
2810455O05Rik,-0.07511256357654929,0.11174066951498389,-0.0074718260206282135,0.09265602811705322,-0.0007517767744138837,0.0007174081448465586,0.004578723860904574,-0.028312483098125084,-0.006220722002908587,-0.004454453820362687,-0.02301381023833528,-0.03545219379011542,-0.11958665375597775,0.06525498394388705,0.054426085860468446,-0.024708658694289624,0.01197370644658804,0.004702774211764336,-0.0505778789636679,-0.001256646541878581,0.022989652194082735,0.009265227830037475,1.0,0.0
Bmpr1b,-0.49940473736263813,-0.046627957299351694,-0.015746720088645815,-0.05860021714121103,-0.1738946097716689,-0.001998431533575058,-0.00019367869012057782,-0.03884762672707438,0.026102644735947252,0.028168431378435343,0.014468340133316816,-0.009811545191332698,0.06433422188740223,0.027470192949404008,0.0012104817340150475,0.049529014914296565,0.0028769638389348983,0.02339305615052581,-0.04543766838032752,-0.02687447506003082,-0.010271074908669107,-0.08854440019465983,1.0,2.0
Bcan,0.06146768263191916,-0.08542669617570936,-0.008766376031562686,0.08876541908248328,0.0005204928922466934,0.0005636882781982422,-0.0006433123582974076,0.11410582852549851,0.04815481849014759,-0.007213787734508514,0.012148055706638843,-0.14228834465146065,-0.18134274400072173,-0.004731774216052145,-0.18189098211936652,-0.17175795849179848,-0.03590770450420678,-0.004014556407928467,-0.0037790216179564595,-0.008223692635074258,0.015543521926738323,-0.05634922990109772,1.0,0.0
Ift74,0.16526572439819576,0.1025959696015343,0.0016555376816540957,-0.03393133263103664,0.005748764835298062,0.000755838118493557,0.00042660285253077747,0.026059950171038508,0.07407665840350092,0.026630979301407932,0.020624670390971003,0.006483278535306454,0.11338140305131673,-0.00238118241133634,0.1318086127564311,0.02027953397715464,5.336827598512173e-05,0.030140308998525142,-0.009433084833435714,-0.07794194724410772,0.0757790297223255,-0.08393012051470577,1.0,1.0
Hyal1,-0.14503604474943133,-0.020960551630705596,0.029235707027837635,0.06475240165484138,0.0005342417676001787,0.0008519130572676659,0.0008052045432850719,0.045460556431207805,0.009737358894199133,-0.004136093356646597,0.014551488030701876,0.05706870671361685,0.05243848556187004,0.027272509024478496,-0.00737665229709819,-0.03858443556819111,0.00821752340067178,0.010855734422802925,0.007657862803898752,0.00558239642996341,0.05521948819980025,0.02100674878805876,1.0,1.0
Ubtd1,0.12072368461638688,-0.018437603856436908,0.13427377716638147,-0.020098875007824972,-0.00778244364541024,0.0005636882781982422,-0.0014981875848025083,-0.036383635484380644,0.11715726182796062,-0.016831746911630033,-0.03898204429075122,-0.0014135687798261642,0.07984094550833105,-0.015458001354709268,-0.03582843894604593,-0.016801154953427613,-0.008095619743689894,0.019141078237444164,-0.009573187474161386,-0.008682794841006399,-0.1163322613062337,0.026923039508983494,1.0,2.0
C2cd2,0.06307184404227882,-0.03251251447014511,-0.023233117796480657,0.1382313578762114,-0.047566984705626966,0.00046761334873735906,0.005130228267516941,-0.03831869968562387,-0.13131755766458808,-0.005187244983389973,-0.06357131051365286,-0.03091869892552495,0.05832863637711853,-0.009796657864935696,0.08246017397847026,-0.02309990370646119,0.03618258230388165,-0.0472530691511929,-0.00013864345848560333,-0.010174864763393998,-0.10803029149305075,0.015754323545843364,1.0,2.0
Dcaf12,0.23113908403553068,0.10495081039145589,-0.007796232623513788,-0.014970078216865659,0.006835397663526237,0.0005636882781982422,0.00463387843221426,-0.04004889197996817,-0.13846049485728146,-0.00566783626563847,-0.05321446803864092,0.04176123479381204,0.09408746268600225,0.07682454016758129,0.12046940432628617,0.06633462036959827,-0.005061361212283373,0.008571113380603491,0.020414063138887287,-0.000489558894187212,0.06552337634377181,0.010884695276618004,1.0,1.0
Nfyc,0.1368335807765834,-0.004900143472477794,0.0003123353468254209,-0.026692807264626025,0.168124750838615,0.005124239623546601,-0.05785485562402755,-0.023092815097188576,0.11385945096611977,-0.0049393770284950735,0.03086782112251967,0.05033475581556559,0.07056192651856691,0.060554585846839475,0.10836250168271362,0.019691727727185936,-0.006894433358684182,0.012106109745800495,0.010579746752046048,-0.0050607103668153285,0.07748868513386696,0.028221213850192727,1.0,1.0
Cmtr1,0.09001427300740034,-0.003505088472738862,-0.013433957900851966,0.12508813689462842,0.0014121172064915299,0.0005636882781982422,0.0030714242020621896,0.009090832965448499,0.07051732679829001,-0.004538016719743609,0.017799682996701448,0.03731746325269342,0.04654593082144856,0.0033547710918355733,-0.33802512821741404,0.013392119228374213,-0.002828879440203309,0.011938618049025535,0.020423639328218997,0.0002844910230487585,0.045814342605881395,0.02719281871803105,1.0,1.0
Flcn,0.14717147620860488,-0.03820540877059102,-0.008279782999306918,0.07006193186622113,-0.00016073009930551053,0.00046761334873735906,0.005362337674014271,-0.019529315032996236,-0.1483172192890197,-0.0037759033404290675,0.048006544332019986,0.04678366670385003,0.0761116701271385,0.043287176038138565,0.11941037748474628,-0.04557551943231374,0.03516619382426143,0.008855497799813747,0.004012838373892009,0.019776208596304058,0.06020426046103239,0.012231812933459879,1.0,1.0
Hars,0.16693987464532256,-0.06823695421684534,-0.002909453371539712,0.06309010858181864,0.005707922084257007,0.00046761334873735906,0.0013485359167680145,0.026539532633032648,-0.11414323278702795,0.07883709538262337,0.035287460181862115,-0.09752147258725018,0.11460987236350775,-0.024668977925903165,0.10395419112872333,0.06363108273362741,0.029719826690852644,0.006077187117189169,0.006571464724838733,0.0030143198277801275,0.05246835121884942,0.005332352565601468,1.0,1.0
Smarcal1,0.14004255372099578,0.0433420786075294,-0.02428377702832222,-0.0427539672004059,0.0014468964654952288,0.000755838118493557,-0.057859723051078615,-0.03547895192168653,0.10071189966052771,-0.004281435771845281,-0.04475612528854981,0.038950271420180795,0.06437144099734723,-0.03312245968147181,-0.09389695156598464,0.010440621108282358,-0.005213372027501464,0.010554186645895242,0.020710837966762482,0.010455333590507508,0.08264880448114127,-0.0061421793140470984,1.0,1.0
Clp1,0.06803626378998161,-0.002430085492087528,-0.01055926265195012,-0.026423187162727117,-0.0038072838680818675,0.000755838118493557,-0.0002500787330791354,-0.011562813026830553,-0.04013339009135961,-0.018433939153328537,0.043479221514426174,0.0032456732518039645,0.043180549087701366,0.028040344195906074,-0.056034897402860225,0.02466131323715672,-0.006773329293355346,0.01448060169350356,-0.025814000384416433,0.028486194033175708,-0.08206746463431046,-0.02538458692841232,1.0,0.0
Glrx5,0.21076312734745442,0.08579993703402579,-0.002463149828836322,-0.030242451447993517,-0.0032208933169022205,0.0008519130572676659,0.000590323694050312,0.019172610491514207,0.08580895747989416,-0.010336377853527666,0.028739555976353585,0.008261744119226932,0.09850356659851968,-0.02214486440701876,-0.02679863109253347,-0.023060584974009545,0.004262948129326105,0.009311156254261732,-0.04114588137716055,-0.010907165855169296,0.08378687988035381,0.02514958441257477,1.0,1.0
Jph3,0.0312569038476795,-0.01984555331990123,-0.018674591346643864,0.14555888589005916,0.00015254052821546792,-0.0003970609977841377,-0.0037255616672337054,-0.12991470698732882,-0.09766893768217415,-0.01709664118476212,0.044609286389313635,0.021048803748562932,-0.12033928179182113,0.0010059581208042801,-0.21531309712212532,0.012415091479197145,-0.021874473355710508,0.005251305531710386,0.008982095543760806,-0.00831319903023541,0.03342217550147325,0.015401657158508896,1.0,2.0
Doc2g,-0.1168404540186748,-0.012501076166518032,-0.0021698128059506414,-0.019917414491064846,0.007388972756452858,0.0009095580130815506,0.00463387843221426,0.06117065134458244,0.021308875046670436,-0.005989791443571448,0.016112732817418873,-0.012374576721340418,0.11408461520448326,-0.026204490007366986,0.10916366173885762,-0.05854444444179535,0.0020552304200828074,0.009316283538937568,-0.04729049396701157,0.06846059301868081,0.07259154228493571,0.02326431602239609,1.0,0.0
Dna2,0.17637665782123804,-0.08367832035757601,-0.013673033746890724,0.07846029547508807,0.01010970068629831,-0.0003970609977841377,0.010076802079565824,-0.03473662414588034,-0.15570415647700428,-0.0035028410283848644,0.04636518391314894,0.012394869225099683,0.12730672473087906,0.030175063547794707,0.1376673441240564,0.12277212747372687,-0.027141213659197094,0.009883794765919447,-0.08291752272751182,-0.11703735332936048,0.06296591243706644,-0.02019853362813592,1.0,1.0
Extl2,0.14386275032535195,0.09439384935423732,0.037828949997201565,0.07054430384188891,-0.0041803634259849785,0.000755838118493557,-0.004697889816015959,0.013364908675430342,0.02850119151175022,0.009563517412170769,0.015100800050422549,-0.15206388799473644,-0.1599337270576507,-0.015083842639578507,-0.16700453602941706,-0.18672302548075095,-0.03302545678801835,0.013611589968204498,-0.042399394726380706,-0.08122372303158044,0.03686627983115613,-0.02437527504749596,1.0,0.0
Tob1,-0.1694667354505509,-0.029926065618637948,0.009249371718615293,0.09541273363051005,-0.0005133405048400164,0.0008519130572676659,0.0004546804027631879,0.00424112289911136,0.014887267481535673,-0.005462313871830702,-0.02096744721289724,-0.16746174541302025,0.06612682326696813,-0.05987599020823836,0.06994316522032022,0.023002882732544094,-0.020184448873624205,0.010759180560708046,-0.016579018167685717,-0.01045664762146771,0.050346440114080904,0.006865627085790038,1.0,0.0
5031439G07Rik,0.0882824687147513,-0.09170463431160897,0.04568875992204994,-0.04843189884908497,-0.0011180240102112292,-0.0003970609977841377,-0.0005821266723796725,-0.031314445193856955,-0.13815928960219026,-0.020762366112321615,0.04645093280822039,-0.002366555385524407,0.010679951747879385,-0.07841258991975338,0.04955990829039365,0.05957910989876836,-0.021874473355710508,0.012476113736629485,-0.02134648071601987,-0.009934383668005467,-0.04338708196301013,0.023740463890135288,1.0,2.0
Gm1673,-0.15467915010638536,-0.042124664187431334,0.004080436574295163,-0.04423125480301678,0.0045956771401688455,0.000755838118493557,-0.002985354019328952,0.026297762368340045,-0.021443834332749247,-0.024189676754176617,-0.026111231413669885,-0.106996878774371,-0.1843582250829786,-0.021961117004975675,0.021325715554412455,-0.031231157346628607,-0.0015065889898687602,0.0002380891889333725,-0.0412906797695905,-0.01442095784470439,0.02568053073482588,0.007339186575263739,1.0,0.0
Nrd1,0.10280845710076392,0.02544097424019128,0.03188843740615994,-0.02776351351174526,-0.0022067887894809245,0.0008519130572676659,0.0022639646101742985,-0.03864821555907838,0.08443865668028593,-0.0058155929762870075,-0.04916685679461807,0.037979764519259336,0.07843749668449164,0.021338709570118228,-0.07408667761599645,0.038174270724412054,0.004262948129326105,0.021087033674120903,0.017153859715908767,-0.00026473959907889364,-0.08361129728611559,0.023938009263947607,1.0,2.0
Sipa1l1,-0.15029433831572533,-0.040060204770416025,-0.021714620799757542,-0.06672857963014395,0.11799928357824684,0.000755838118493557,-0.004056679508648813,-0.03968870711512864,0.01668270987458527,-0.005471006594598293,-0.013549728826619685,-0.09268837107345462,-0.09250390758155845,-0.01598883864702657,-0.1748593883542344,-0.12470629727933556,0.0030101347621530293,0.004405986238270998,-0.011085503287613391,0.02510197812691331,-0.03573624427779578,0.015904366755858063,1.0,0.0
Znrf1,0.08290900215040892,-0.03846838998608291,-0.013742800569161773,-0.04627777289133519,-0.0004706049431115389,0.000755838118493557,-0.007169187143445015,-0.04022122322581709,0.09051284012384712,-0.007987502133473753,-0.05280218580272049,0.03863971760496497,-0.13148496160283685,-0.025695434159133584,-0.1012789937807247,0.0006836806377395987,5.336827598512173e-05,0.01253559036180377,0.016832185317762195,0.02479948239400983,-0.08678320787381381,0.032794948471710085,1.0,2.0
Map3k12,0.12374375682324171,0.004659836916252971,-0.008693419471383095,0.08718192690517754,-0.0005043241148814559,0.0005636882781982422,-0.0026270538102835415,-0.02651816914207302,-0.06536520515102894,-0.01961313672363758,0.03573003796394914,-0.15002909248694776,-0.24071350139565767,-0.10239599865395575,0.04650891736149788,0.005457514983136207,-0.005061361212283373,-0.00519695982336998,-0.018978097327053547,-0.008757640840485692,0.04121176511049271,0.004162623407319188,1.0,2.0
Kcnip3,0.10550119025632738,0.060630456961225716,-0.018900918434374036,-0.03838168422691524,-0.09630288773216307,0.000755838118493557,-0.0012936828564852475,-0.04684876659652218,0.08806394702754915,-0.02159427849110216,-0.03527573504950851,0.016497904197312892,0.06589263102039694,0.006303366768406704,0.023329446178395302,0.043050393350422385,-0.005213372027501464,-0.09908206352498382,0.004445292591117323,-0.011392374616116285,0.113075344087556,0.02457043298520148,1.0,2.0
Cacul1,0.1709210013691336,-0.03358420747332275,0.0006001079734414816,-0.04592836463358253,-0.004437697310931981,0.0005636882781982422,0.002826769547536969,0.043817845130106434,0.1260597313567996,0.02434510828461498,-0.015560210719704627,0.05350598949939012,0.10740198800340295,0.04253405081399251,0.1268647092813626,0.008133512015920132,-0.008095619743689894,-0.009654927179217338,0.021094241752289234,4.3056784197688105e-05,0.10509824979584664,0.026247871313244103,1.0,1.0
Slc25a16,0.3121192063577473,0.06760540843009949,-0.0017065434996038674,0.009601929867640137,0.0045575058041140435,0.000755838118493557,0.0008717262372374535,0.04679203166626394,0.09596458898857235,-0.005875970078632236,-0.019911720734089613,0.010531870722770691,0.09764051998034119,-0.03088211137801409,0.039540593111887574,0.0283518548309803,5.336827598512173e-05,0.009429791774600745,-0.0023815348744392396,-0.005059936987236142,0.08097379211336374,0.017831047140061854,1.0,1.0
Traf3,0.004398595723323524,-0.009192075682803988,-0.008324463865719736,-0.03790124531835318,0.016102717323228717,0.000755838118493557,0.00028765482362359763,0.01845598023151979,0.07615534423850477,-0.00871648087631911,0.013630384136922658,-0.001714362632483244,0.09623000546358526,-0.018171836431720295,-0.004297513021156192,0.08685395784908906,5.336827598512173e-05,0.019637100929394365,0.014856363688595593,-0.00464020274579525,-0.08497492238879203,0.03227966966107488,1.0,2.0
Tmed10,0.12787795926444231,-0.060241874838247896,0.005712903081439435,0.09662957840133458,0.007246505920775235,0.0005636882781982422,-0.004167560636997223,0.09917998036369681,0.11171812081709503,-0.019729269035160542,0.020422336333431303,0.03367087829858065,-0.20472134676761924,0.06592860675649717,0.11373131472617387,0.007558740449603647,-0.002828879440203309,0.00808013040572405,0.01525051320437342,-0.008757640840485692,0.060963867981918156,0.015323233334347605,1.0,1.0
Mir99ahg,-0.35961740707047285,-0.06102387998718768,-0.005566817901562899,-0.07325336807873101,-0.11185133880935609,0.000755838118493557,-0.00432540466543287,-0.06548970777308569,0.023161506489850582,-0.00828320230357349,0.00983919221907854,0.016564044300466776,-0.08482353567145764,-0.05775177190080285,-0.13342152079101652,-0.023270424995571373,-0.01075730918906629,0.008535062805749475,-0.055107223717495796,-0.046417460311204195,-0.056090594343841074,-0.07358694360591471,1.0,0.0
Ndufs6,0.23241415910422802,0.10999597704969347,0.010053503941744566,-0.011793013829737901,0.005141556295566261,0.0008519130572676659,0.005110688111744821,0.011532139545306564,0.066660978179425,0.03882281065918505,0.01644808676559478,0.02089112830348313,0.13515003331005573,-0.00916051194013562,0.11048798754811287,0.11869437430985272,0.004262948129326105,0.027691705524921416,0.024134974582120775,0.006586015000939369,0.07965794567018747,-0.019775212528184056,1.0,1.0
Ttll12,0.2804828049521893,-0.0004857273539528251,-0.034855907848104835,-0.018301131995394827,0.004224917977117002,0.0005636882781982422,0.0022272108448669315,0.05295141447102651,0.12765119735151528,-0.005254180058836937,-0.01567639298737049,0.0058326705545187,0.08985051415860652,0.09535243890073616,0.17729173781583085,0.1327092362451367,-0.0038452679198235275,0.018047125954180957,0.012094254200346767,0.02054144650697708,0.08732348371297122,0.02711233395151794,1.0,1.0
Copb1,0.09433558255434037,-0.06575777859892697,-0.048043508008122446,-0.039782746015116575,-0.0014434999274089933,0.000755838118493557,-0.0009501831326633692,-0.044525734316557646,0.0696777745615691,0.08432390143163503,-0.03950382390990853,0.039798527327366176,0.06395501088351012,0.0040890392754226925,-0.2745619935542345,-0.06298334437655286,0.011195846009068191,0.01690829321742058,0.005061417021788656,0.01840636652428657,-0.09601090117823333,0.022998842634260653,1.0,2.0
Bcl7c,0.07493661276064813,-0.020691549852490426,0.10558759732637554,-0.046784712811931965,-0.00231060367077589,0.00046761334873735906,-0.001668886123225093,0.04277937859063968,-0.1292499866615981,-0.02140828694216907,-0.040854114098474385,0.0125008543767035,0.019619620814919473,-0.12241566115990281,0.12203308620257303,0.05918895197566599,0.03516619382426143,0.013924591233953834,0.014271193519234657,-0.006818796470761299,-0.11060999774839729,0.0242511154897511,1.0,2.0
Npm1,0.2579320040810853,-0.0187033706670627,-0.017362179355695843,-0.02372784646227956,0.0005875873565673828,0.0005636882781982422,-0.000436046221293509,0.0076006260607391594,-0.05391939009539783,0.12840581956785171,0.035481028989888724,0.02337899001315236,-0.037099995836615565,-0.016654630983248354,-0.16445787836797535,0.03117708835983649,-0.005061361212283373,0.05392986699473113,-0.019668968836776914,0.00880170206539333,0.04382268792949617,-0.028505417285487056,1.0,1.0
Zfp84,0.21916772161610423,-0.05724131413735449,0.012461846498772501,-0.029711307073011995,-0.0051862977119162676,-0.0003970609977841377,0.0016001854790374636,0.032299617109820246,-0.13198007695376873,-0.004792456114664674,0.03690053358208388,0.043628856055438515,0.04142871572636068,-0.005463491515256464,0.09733878079801798,0.03545359542127699,-0.021874473355710508,0.016023654118180276,0.019386638589203357,0.024355040583759546,-0.10463313126936555,0.011609135596081614,1.0,1.0
Cand1,0.11261311723850667,0.002850509360432625,-0.01712058413773775,-0.024823330342769623,0.002544976291246712,0.0005636882781982422,0.0032887787418439986,0.034392725210636854,-0.04361272989306599,0.03173849380109459,0.03528323501348495,0.036484754197299483,0.05906460818834603,0.032343212543055416,-0.2350362731516361,0.01815293594263494,-0.005061361212283373,0.01995615176856518,0.012990074786357582,0.01337655602954328,-0.04423616372514516,-0.0033547518867999317,1.0,1.0
2610203C22Rik,0.0942537165619433,0.06529450533445924,-0.002265770030207932,-0.04780913676135242,0.007335399044677615,0.000755838118493557,-0.0009353826474398374,-0.04319886369630695,0.06596307575702667,-0.004027121826075017,-0.03430077264085412,0.009741326672956347,0.10886676255613566,0.06143990427255631,0.021885215339716525,0.05028405184159055,-0.005213372027501464,0.02864663111977279,-0.04687903853598982,-0.05954753628000617,-0.128110683048144,-0.07011857553385198,1.0,2.0
Lrp3,0.19601409426890315,-0.058183905938640236,-0.008097274703904986,-0.0230490154447034,-0.0018841871898621322,0.000755838118493557,-0.0026270538102835415,0.028954340477939697,-0.13547785060480236,0.08365219600033015,0.04512283265590668,0.01802238157019019,-0.13431854801718146,-0.05489322563400492,0.04504576148465276,-0.002004005394410342,0.011023587379604578,0.0013036509416997433,-0.01152497368864715,0.015057008368894459,0.054816705994308,0.014567012488842011,1.0,1.0
Ddx51,0.18623295573983342,0.009948832832742482,0.005217113890685141,0.10544518151786178,0.00028069288935512305,0.0007174081448465586,0.0008165716659277678,-0.05356212568236515,-0.15052080379799007,-0.013404894722625613,-0.04178851842880249,-0.008742837123572827,-0.07926573646254838,-0.002545694025466219,0.04377820340683684,0.03486533847404644,0.01197370644658804,0.004933554921299219,0.08737493016873486,0.0313921697344631,0.06375783897005022,0.04649270445108414,1.0,1.0
Zbbx,-0.4723152199946344,0.08228923324029892,0.10961151260882616,-0.06531319804373198,-0.010148766995407642,0.000755838118493557,0.0006124967802315951,-0.02567178601399064,0.045171609418466686,0.03372517767595127,0.015101782109122724,0.005864410754293203,0.06942517685063648,-0.012508606374030933,-0.031930225281976164,-0.0009659471572376788,-0.001332616014406085,0.027605542615056038,0.030720094065181912,-0.041600611456669864,0.033054471309296785,-0.06255119525827467,1.0,1.0
B4galnt1,0.20727697023190558,-0.04722305753151886,-0.0002591752726584673,-0.03038522753980942,-0.009223573845811189,0.00046761334873735906,-0.0021259616781026127,-0.05987865673843771,-0.08609010909684002,-0.010632575526833533,-0.02383202366065234,-0.10063371260650456,-0.13052624059375376,0.021759324874728918,0.0026665963046252727,-0.039102413409855215,-0.0022596850944682956,-0.0003363853320479393,-0.006389881528448314,0.0019067473756149411,0.0389133982360363,0.011213289760053157,1.0,0.0
Gm21887,0.08234557751566171,-0.00984488937072456,-0.01010926048271358,-0.01587384017184377,0.007352013173513115,0.000755838118493557,0.00037694663275033235,0.05887750857276842,0.08465206232853234,-0.011335963541641831,0.018065385334193707,-0.01036016296595335,0.11135820744559169,0.015200121556408703,-0.012767103086225688,0.0071707828715443615,-0.003956746272742748,0.010117612089961767,-0.021582795847207306,-0.0011660021217539908,-0.041475888956338164,-0.019106463165953755,1.0,1.0
Pnisr,0.3075158723536879,0.12504124570172281,0.00489759842865169,-0.024825101067544892,-0.0048508979426696896,0.000755838118493557,-0.0002500787330791354,-0.017734840754419567,0.08682981736958027,-0.005340857179835439,0.04425787035375833,0.029474481819197536,0.06663771248771809,0.004329585037776269,-0.047716754251159725,0.005780028116423637,-0.005213372027501464,0.023382036853581666,0.024044790640473365,0.029735041186213493,-0.01959793622372672,-0.04235403097234666,1.0,1.0
Fstl1,0.08752707356587053,-0.024989767614752054,-0.02661349680274725,0.04615164084360004,0.01729821919463575,0.000755838118493557,-0.014690440860576928,0.026464337713550775,-0.10073424029164016,-0.007230165363289416,0.030532656814903022,-0.011452686935663224,0.07863962761126458,-0.030925389642943626,0.019452205020934345,0.06521957674529404,0.009665902368724347,-0.046874539591372014,0.009690849371254443,-0.00020379527471959592,-0.15647903688717635,0.013952700207009911,1.0,2.0
Tmeff1,-0.006486655329354107,-0.02505345068639144,-0.03253908454207703,-0.05493446495383978,-0.004309174697846174,0.0005636882781982422,-0.007437912300229072,-0.01603140062186867,-0.07912713255267591,-0.0073210788797587155,-0.043854242661036553,0.01761216905899346,-0.144801692715846,-0.016975655265850945,-0.2717958585359156,-0.17827746660914273,-0.03814018627628684,-0.0018620469002053142,-0.052988307735649866,-0.053635920863598585,0.0031225546076893806,-0.053563635060563684,1.0,0.0
Ankrd26,0.14033577620983123,-0.027624244042672216,-0.018994223871268333,-0.03240721286274493,-0.1349728095345199,0.006443473948165774,-0.00030835728161036967,-0.022041428176453336,0.07275094794109464,-0.007935255104675888,0.03086782112251967,0.002455441448837519,0.1113664537249133,-0.02010375735699199,-0.009222228140570223,0.06709895448060706,-0.004233407657593489,0.011141285598278046,-0.0012610025750473142,0.005455943364650011,0.09576482855714857,0.03456378161907196,1.0,2.0
Gm16153,0.25050218548160047,0.05873144567711279,0.04565090857911855,0.05804119635489769,0.005747900130227208,0.000755838118493557,0.0005535549810156226,-0.020813569074962287,0.08423350548371672,0.031946527902036906,0.03077917912043631,0.014901191163808107,0.10137474382761866,-0.04746754129475448,-0.034651401597075165,0.08566076057963073,-0.005213372027501464,0.010757450833916665,0.00038462903816252944,0.003489079773426056,0.07893055418506265,0.014826104780659079,1.0,1.0
Impact,0.20382529613561928,0.12463752215728163,-0.0015154706593602896,-0.027167292586527766,-0.023868388533592223,0.0008519130572676659,0.0028119690623134375,0.07274314883165062,0.07384510464966297,-0.004861133033409714,0.018819718291051685,0.035962353786453606,0.07280942592769861,0.0012618265999481083,-0.04925450630486011,0.058364149462431666,0.008219737280160188,0.0348513612896204,0.017593440813943744,0.014859240017831326,0.07887096107471735,-0.040116558698937294,1.0,1.0
2410018L13Rik,0.14021012634504587,-0.037572035267949104,0.007843624977394938,0.1288258859841153,0.10139619833324104,-0.0547329967841506,0.0022244644351303577,0.03986840236932039,0.10840851236134767,-0.004919245294295251,0.017101378347724676,0.008425944559276104,0.08367605792242103,0.015669674933888017,-0.03742870700079948,-0.07445333729498088,-0.01465594538487494,0.012347792512737215,-0.021980978674255313,0.0018102541845291852,0.0015907284221611917,-0.0354274088004604,1.0,1.0
Zmat4,-0.501774277202785,-0.014852809207513928,-0.011466050753369927,-0.05123340632766485,-0.17456956564448775,0.0005636882781982422,0.0003666551737114787,-0.02884707032935694,-0.049352294229902324,-0.004397568083368242,0.016035011475905775,-0.036878650384023784,0.050676775397732854,0.04248206491756719,0.08164564405102283,0.05827512669377029,-0.008849718272686005,-0.1969725794531405,-0.0015382779017090798,0.010111458729952574,-0.08815248064871412,0.01688570315949619,1.0,2.0
Mtmr14,0.06089296713471413,0.09180207628523931,-0.019133169325068592,-0.06523850147612392,-0.0039297967916354535,0.0005636882781982422,-0.0014191872347146272,-0.09675719420425594,-0.15118543312884866,-0.02123408847488463,-0.06204856922384352,-0.017522969809360803,0.06833926886320114,0.021140865341294557,-0.09802083435002715,0.00729433810338378,-0.008349706940352917,0.0075142054073512555,0.005802916260436177,-0.010303979478776456,0.06364664051216096,0.02178780909627676,1.0,2.0
Ppp2r5a,0.11372847615741194,-0.02380119661334902,-0.02090075266547501,0.14497705162037164,-0.08768232689239085,-0.0003970609977841377,-0.001668886123225093,-0.038833883770275864,-0.20122397216036916,-0.015820292341522872,-0.05648399943485856,0.015483621880412102,0.04598585855215788,-0.061599512742832305,0.037496360545046625,0.038334659682586786,-0.027141213659197094,0.004251331277191639,0.005661173462867737,0.0011504771187901496,0.07283472347073257,0.012089524576440453,1.0,2.0
Polg,0.16778278723359108,-0.027861959026195107,0.004628307968378067,0.08400698107900098,0.14063043350121007,0.005316389463841915,0.005174735966138541,-0.013929986376315356,0.11948752408847213,-0.004538016719743609,-0.03658320901915431,0.034264672556892035,0.019816197976469992,-0.016414143157890068,-0.004049332430586219,-0.04505580752622336,0.006797655858099461,0.011025797850452363,-0.020412039152579383,0.004507820783182979,0.07992626146413385,-0.03596316570416093,1.0,1.0
Dync1i2,0.04975381745025516,-0.09285161534324288,-0.020119400047697127,0.12429619185626507,0.004585436363704502,0.000755838118493557,-0.007169187143445015,-0.010486356653273106,0.043872170550748706,0.0631153577938676,0.018778974683955313,0.039928302336484194,-0.11263421693816782,0.016118489881046118,-0.3451151045318693,-0.1712651936011389,0.024630653727799653,0.004758418519049883,0.017290510814636947,0.002335941484197974,-0.06795757302548737,0.027232046108692884,1.0,0.0
Mfap1b,0.23941068993881345,-0.020120632154867053,-0.0020350679382681847,-0.02757298129145056,0.007388972756452858,0.0008519130572676659,0.0008717262372374535,0.07697500800713897,0.08143731707707047,-0.02140828694216907,0.03007882052566856,-0.01811705545987934,0.09582544351462274,-0.02561623927205801,0.03871365568600595,0.010342018825467677,0.018111710157245397,0.006715822108089924,-0.014256881223991514,-0.009934383668005467,0.07987927886657417,0.015144528280943632,1.0,1.0
Dtnbos,0.0555979896010831,-0.03299130340572447,-0.007460304964333773,0.09324511522776448,-0.0014495264808647335,0.00046761334873735906,0.005362337674014271,-0.030791182164102794,-0.21293275960721075,-0.004216061541810632,-0.04490945688448846,-0.0025283145159482956,0.028359554619528354,0.02639980651438236,-0.061934581440873444,-0.05469950610771775,0.03516619382426143,0.008974133320152759,-0.04987710749730468,0.0015475887339562178,0.05392251215875149,0.012391122980043292,1.0,1.0
Tnfaip1,0.23455404451582582,-0.04643665341194719,-0.0077751285210251805,-0.027058734688907862,-0.00649167278315872,0.00046761334873735906,0.00545505067333579,0.04130616127513349,-0.1398938397411257,0.030254736912902445,0.034440126856788995,0.03775488156825304,0.03452648458071053,0.004467770142946392,-0.04943969942629337,-0.04042621003929526,0.03516619382426143,0.008855497799813747,0.007262847046367824,0.006497867051512003,0.05078435782343149,0.0156267861276865,1.0,1.0
6230400D17Rik,0.17431535448879004,-0.013000647509470583,0.0104571573715657,0.08722183987963944,-0.0003162983665242791,0.000755838118493557,0.0008165716659277678,-0.07257065244950354,0.08615773609839379,-0.006605393597856164,-0.025344604314304887,0.03351653015241027,-0.15970468762912787,-0.02138125813798979,0.08249287166632711,-0.0015791060891933739,0.007721645385026931,0.018229416902177036,-0.09637059122789651,-0.003980826633051038,-0.059315543904085645,0.014985414827242494,1.0,0.0
Slc18b1,0.2315180809237063,0.16693719540722668,-0.044968598280102016,-0.015625572698190808,-0.05880455289036036,-0.0022866563126444817,0.0001373948808759451,0.0419539440702647,-0.10085910231806337,0.013124618642032147,0.01918131222948432,0.004148660078644752,0.07677250733599067,-0.00466492933279369,0.10453666699584574,-0.022135389207396657,-0.010328101515769959,0.008439236744306982,-0.03995178351411596,-0.07924158539623022,0.0784978138981387,-0.02195962330326438,1.0,1.0
Orc3,0.10655496862251311,0.10285842798184604,-0.0032320134993642567,-0.04924642159603536,-0.006734695159830153,0.000755838118493557,0.00281977463979274,0.030187019128352404,0.05611226756125689,0.03180706774350256,0.021258112366776914,0.027410552864894272,0.0791790879238397,-0.035595231930492445,-0.08532089171232655,0.017673287780489773,5.336827598512173e-05,0.035545839741826055,0.016183486939407885,0.01063187375664711,-0.0836186121078208,-0.08393012051470577,1.0,1.0
Astn2,-0.47929834386333825,0.09126323929522187,-0.015602320549078286,-0.07406995483208448,-0.06343662183731795,-0.002094506472349167,0.0005458052782341837,-0.02970662759616971,0.036380493910983205,-0.00351210115943104,0.015101782109122724,0.011157897133380175,0.0637687419448048,-0.02420706577482633,-0.009190540441777558,0.0009547900944016874,-0.00373498878441751,-0.0015605292469263077,-0.027737508709542454,-0.06685654081404209,-0.0693775355553953,-0.08854440019465983,1.0,0.0
Szt2,0.17893694119993597,-0.02538623380474746,-0.019695024169050158,-0.022679904690012336,0.013764697667211294,0.000755838118493557,-0.00030835728161036967,0.029136302906554192,0.09758499095216394,-0.006144158593378961,0.017721138270571826,0.006807909347116947,0.09753216253127903,0.07909368486085441,0.0062144216778688135,0.07943416066234932,0.006705256905406714,0.012799372002482413,0.007071970603428781,0.0032731630466878415,0.08833096497692168,0.035913908770307895,1.0,1.0
Polr2m,0.14422244161833078,-0.00495538579300046,0.0016079544322565198,-0.016641414249315856,0.006365559049881995,0.0008519130572676659,0.0010817057685926557,0.058288361846935005,0.0872339354082942,-0.005614370075054467,0.01644808676559478,0.05724729660898447,0.08595033705234528,0.0886740429699421,-0.006706360254902392,0.11969423378817737,0.004743322776630521,0.012233767993748187,0.02752303487621248,0.002973846793174744,0.08232132846489548,0.02030643912963569,1.0,1.0
Zfp846,0.25395146803581153,-0.019226148412562906,-0.0068476116377860306,0.019862659024074674,0.0030665577668696643,0.0005636882781982422,0.00047838050872087476,-0.034910591813968495,0.11402031637728215,-0.01643670325167477,-0.03609717439860106,-0.06131562232971191,0.09008787948987447,-0.05369149805570487,0.10450240778271108,0.08948754565557465,0.0017963531333953142,0.009038170464336873,-0.0075867698201909665,-0.009127236651256681,0.010768286783713847,-0.024870823556557297,1.0,1.0
Pgk1,0.28889970091171563,0.15327432616148143,0.004817681950516999,-0.0037982153717894106,-0.009337961655110121,-0.001998431533575058,-0.0006320790480822324,0.07282518329331651,0.06511016125790775,-0.015820292341522872,0.03111118750181049,-0.07798811598680913,0.0827850335277617,0.04163959063822403,-0.02323090552352369,0.02605547577375546,0.018111710157245397,0.02953226614743471,0.011451848652213811,0.0066350008081644775,0.0746733219595626,-0.027492848755791784,1.0,1.0
Chst2,0.11285110674332827,0.13697114366106689,0.08776274946983903,-0.019141974452650173,0.003935419144108891,0.0008519130572676659,-0.004049060111865402,0.05701191330561414,0.05255205096676946,-0.008575241449289023,0.017818422238342464,0.026677599046379327,-0.21531753825605848,-0.033741388225462285,0.044744671522639695,0.028671637100633234,-0.0040604727901518345,0.022054030653089286,0.012109696301631629,0.025521245114505292,0.001833180648391135,-0.038405160130932925,1.0,0.0
Exosc9,0.21499175672419368,0.16048961458494887,-0.03996677151881158,0.06135007891221903,-0.0013329714839346706,0.000755838118493557,0.001067133373580873,-0.021333957631140946,0.05754382463172078,0.03305759960319847,0.030893989708274602,0.015291718393564224,0.08631908212788403,-0.01962987890059594,-0.2568834451818839,-0.06307893939549103,0.016962376618757845,0.010046442677266896,0.0018059350224211813,0.0024896578211337328,0.06615103014744818,-0.03979374839924276,1.0,1.0
Fkbp9,0.09322320547886193,0.024187140404246747,-0.020646709608845414,0.21122352643869818,0.007690926226787269,0.000755838118493557,0.00281977463979274,0.01656520784832537,0.04202457025647163,0.03192320005502552,0.02052563026547432,0.03626546133309603,0.09008924124063925,-0.00800116236670874,-0.36911197609966623,0.016014636063482614,-0.005213372027501464,0.009885929841548204,-0.004761646375991404,0.005686905421316624,0.05707311854232103,-0.046770194992423055,1.0,1.0
Slc26a2,0.28947170669212935,-0.025985585497692226,-0.0071214428916573525,-0.019417964266613127,0.005413166987709701,0.0008519130572676659,0.00035324652679264546,0.043471489471849055,0.10674534363672138,-0.006144158593378961,-0.01567639298737049,0.05631192814558744,0.11145863974932581,0.07761850971495733,-0.036916755561251194,0.10235573190730066,0.008219737280160188,0.010436419378966093,0.009122401969507336,-0.002141081131994724,0.07861967707518489,0.016661912286654115,1.0,1.0
Cacna1g,0.10178538591135293,-0.04699433013331145,-0.0003667348530143499,0.15877934611868114,0.005173654416576028,-0.0003970609977841377,-0.005475839120335877,-0.04236579486518167,-0.18414999313652516,-0.016463477690704168,-0.053467403668910264,0.02854525077622384,0.04470142499078065,-0.008669074406498112,0.03678936594165862,0.02931458896957338,-0.027141213659197094,-0.07801554755307734,0.017779253828339277,-0.010663507007993758,0.0846483619697392,0.014466624511405825,2.0,2.0
Grin2a,-0.28850024435203525,-0.09222490852698684,0.036350669860839846,-0.06576816448941827,-0.07820577268954367,-0.0003970609977841377,-0.0041356798587366935,-0.029390857848338784,-0.053324464629404246,-0.016542915711179374,0.012066786768846214,-0.06321006941609085,-0.092518387142336,-0.0022623804491013286,-0.09047967485617846,-0.133497102628462,-0.018917706869542597,0.0031438828818500042,-0.009045221414417028,0.02588453369215131,-0.04249596794950776,0.014323927676305175,0.0,0.0
Pcbp3,-0.4636274150200188,-0.03638785967603326,-0.01854019456077367,-0.05374615892767906,-0.17456956564448775,0.0008519130572676659,-0.0179089061380364,-0.05597396285505965,0.03948279475793243,-0.005455433498136699,-0.015995174846611917,-0.026059925742447376,0.039517314354889095,0.05782883089908864,0.03266998378559947,0.052781132671516386,0.006833752989768982,-0.13106048136018217,0.016979322344996037,-0.0033852370828390123,-0.10379048256669193,0.030267614759504794,2.0,2.0
Uqcrb,-0.20712775776162742,-0.05583679572213441,-0.005362948230467737,0.010201584384776651,0.0023728210339322687,0.0008519130572676659,-0.0006320790480822324,0.06161036313744262,0.0212447639554739,-0.017308069239370526,0.02622084894683212,0.011006455775350333,0.0859843599703163,0.04769460210110992,-0.07418128947727382,-0.039138189984951166,0.008700111927464605,0.009258785415440798,-0.04495014595799148,-0.015746587943285702,0.07155803556554019,0.02326431602239609,0.0,0.0
Kdm2a,0.04869291231967509,-0.12263820112682879,-0.025650344672612846,-0.0680838265363127,-0.009227068992331625,-0.0003970609977841377,-0.004542763903737068,-0.04294466369319707,-0.2001245696982369,-0.013117767665535211,-0.06204856922384352,0.0316449873894453,-0.0802202226407826,-0.033542075586738065,-0.053056564591825006,-0.010198996134568006,-0.022890861835330723,0.00235999871045351,0.005992584987543523,-0.009146156925708056,0.05213017633650452,0.02277610138989985,2.0,2.0
Kndc1,0.10935940845869481,-0.017949478649534285,-3.0113691464066507e-05,0.18282079256605357,0.012119400026276707,0.00046761334873735906,-0.0005652236146852374,-0.04003978242399171,-0.08915174035355448,-0.013086534258909523,-0.0011529038986191154,-0.06287562851328403,0.06198440251406282,0.0199334090919001,0.04271073737414554,0.04800798822659999,0.03951866189017892,-0.08155496180057525,0.06728747656568884,0.023129876330494882,-0.02137878145556897,0.03085875518620014,2.0,2.0
Snd1,-0.4438925745058805,0.09623484840150923,-0.015768379082437604,-0.07846214681398124,-0.06299320589285344,0.0005636882781982422,0.024345393141265957,-0.05451268416829407,-0.046738230264745655,-0.004517387226223945,0.024586581084877254,0.033057495318353176,0.01047444143332541,-0.0009585052670445293,-0.05925127401947975,-0.0004126854264177382,-0.008849718272686005,-0.05539462214335799,0.010783436270430683,0.023150014921557157,-0.08331329235981684,-0.07157495615072548,0.0,2.0
Erbb4,-0.5056775672826916,-0.022477806322276594,-0.01476763326441869,-0.06158206636086106,-0.05742269592359662,-0.001998431533575058,-0.00026037019211798905,-0.03884762672707438,0.033125260239467026,-0.0046837895596399904,0.014468340133316816,-0.009811545191332698,0.08192475015297532,-0.015905739130103028,0.009279474266804755,0.07000738046597689,0.0028769638389348983,0.015634975307621063,-0.04511720816371963,-0.0008587643597275018,-0.03324203456926625,-0.08854440019465983,2.0,2.0
Tbc1d1,-0.26153391477651894,-0.05861509153619408,-0.021987035842612385,-0.07556874909903855,-0.11185133880935609,0.000755838118493557,-0.004056679508648813,-0.035881907332222907,0.016664959397166966,-0.016542915711179374,0.0128047818178311,-0.09780960778705776,-0.13662027142301666,-0.08815323405200616,-0.15801301793660968,-0.1521565578598529,-0.01075730918906629,-0.003677357733249664,0.017169764540158214,0.022558171395212413,0.003059271974489093,-0.0746863420214504,0.0,0.0
Mgat5,-0.5153383720899001,-0.0012936499435454607,-0.0123985704802908,-0.05837526001036167,-0.16302240111865104,0.000755838118493557,0.00028765482362359763,-0.029507948330137878,0.029032970266416668,-0.007471690154634416,0.011564808012917639,-0.030071924198418854,0.046133618885651234,0.008951446744031272,-0.026863059636671096,0.052431302170734856,-0.001332616014406085,-0.16614129752852022,-0.020417258120141925,0.004377551786601544,-0.09693835169717203,0.022047726502642036,2.0,2.0
Sphkap,-0.33745213218964637,-0.05410081083420664,-0.028648031973280013,-0.07556874909903855,-0.10723367840982974,-0.0022866563126444817,-0.004056679508648813,-0.07290923811262473,0.04232858144212514,-0.01689131264574826,0.016936715170741082,0.013174564316868783,-0.06944929808145389,0.005913654426112771,-0.15575725899077952,-0.09952948905527592,0.00012788704596459867,-0.022183977207168935,-0.007728161183185875,0.030868634507060053,-0.05281774979550392,-0.08940612440928816,0.0,0.0
Slc9a4,0.1268230085168034,-0.0344369253097102,0.010720407697372139,-0.010274734632112086,0.018879266194999217,0.0008519130572676659,-0.0002293569315224886,-0.046942847818136214,0.06308344588615,-0.0050037071015685795,-0.04916685679461807,-0.09694437517318874,-0.020561194508336485,0.08156459835532587,0.1828583226306364,0.06223868691828102,-0.020664823520928622,0.022301236777566374,-0.03507152980659157,0.02078374329954386,-0.14090953342150897,0.024694963106885553,2.0,2.0
Myo18a,0.028641060247900897,0.0004402962327003479,-0.006282908576540649,0.25829790757852605,-0.06133694981690496,-0.0003970609977841377,0.0055761972488835455,-0.04978607506025583,-0.13852511947508903,-0.012491009496152401,-0.06019030867610127,0.011996406838297844,0.0003038123110309243,-0.03303425912279636,0.02705329763237387,0.0017288949084468186,-0.025884587904438375,-0.048759640138596294,0.014360149302519857,0.025990862832404673,-0.07893920456524939,0.014466624511405825,2.0,2.0
Lingo2,-0.4137719441205263,-0.01987643743865192,-0.00716873440425843,-0.03930326125584543,0.2858187582343817,0.005412464402616024,0.0006914971303194761,-0.014810302052646876,0.018822331046685577,0.02297140409471467,0.014468340133316816,-0.09876967867603526,-0.02269720426760614,0.0007954296056414023,0.0569395572738722,0.03837048112181947,-0.022272565294988455,-0.05858276799321174,-0.04962507859338075,-0.04126885914709419,-0.04809029921132606,-0.04607532142661512,2.0,2.0
Pfkm,0.2426161663606763,-0.02877077775541693,-0.0048573376564309,-0.019071347303688525,0.00445299634244293,0.0005636882781982422,0.003821830847300589,-0.038224262142321094,0.1275027074292302,-0.005343870613723993,-0.03627783861942589,-0.0020385877788066864,0.07818114520981907,0.048414137249346824,0.13617130506783723,0.03361585859209299,-0.008095619743689894,0.009566935282200574,0.0006456426344811916,-0.001091025397181511,0.09693887332919986,0.021549885682761668,2.0,1.0
Ociad2,0.1629655713122338,-0.0415094258915633,-0.006033187424764037,0.06736063602846115,-0.05302417868981138,0.000755838118493557,0.0004784926120191813,0.0058113702340051535,-0.06423527064733207,-0.007079042876139283,0.03582988570909947,0.02082545223645866,-0.0808403161400929,0.001922895509051159,-0.013158994575496763,-0.2259287489624694,0.02894898420199752,0.006003644871525466,-0.02082765900413506,0.009287533340975642,0.014865006934851408,-0.02019853362813592,0.0,0.0
Zfyve26,0.11359834983944893,0.05438271971419453,0.1413804581668228,-0.039646381394704805,0.0023239335604012014,0.0008519130572676659,0.002826769547536969,-0.018704282612306996,0.0848598357103765,-0.0044811116997152565,-0.020563183631747962,0.002875602897256613,0.07535248656757176,0.05435169329517521,-0.028994022326078266,-0.1871505275252275,0.021171956472098828,0.015851023569703103,-0.01988081485033035,0.007300279438495636,-0.10700192882213741,0.023453107755631208,2.0,2.0
Rplp1,-0.1184466429753229,-0.059060948379337785,-0.0032118167448788883,-0.031168982656672596,0.00422850604634732,0.0008519130572676659,0.00022055955138057472,0.017395769907161594,-0.009468780141323805,0.08425479620695114,0.018194771290291102,-0.1262119584530592,-0.2131092740315944,-0.03191722390940413,0.07212943249382078,0.017308451989665626,0.006015055254101754,-0.0034517308883368967,0.016875116592273115,-0.013196395812556147,0.02800372603582218,0.009145829202607274,0.0,0.0
Dgke,0.15339054889045656,-0.04636847957968712,0.012150829914025963,-0.027459215391427278,0.0059703708300367,0.000755838118493557,5.967865232378244e-05,0.06673846885561943,0.07245737892575561,-0.010271118581295013,0.032530692094005643,0.04032602239400149,0.032041034516878425,-0.0018777917791157961,0.09096443759277463,-0.02030655781272799,0.007721645385026931,0.01928943639155477,-0.065120740076527,-0.010534263122826815,-0.14351573954802008,0.02581833377480507,2.0,1.0
Gm17171,0.2468791343853809,-0.008586957231163978,-0.018273022430948912,-0.012791553875431419,0.009793035341426731,0.0005636882781982422,0.0005535549810156226,0.02423465929925442,-0.12903986369259657,0.052239683978259566,0.0338637304212898,0.00924386023543775,0.09241621653432958,-0.016382380915456452,-0.002601213245652616,0.12511446801014245,-0.010328101515769959,0.0181984356418252,-0.039966152384877204,0.01004985741339624,-0.006221351504791528,-0.02369054090231657,0.0,1.0
Rpl21,0.09139589792583137,-0.03485066017135978,0.004468598160892725,-0.037811464448459446,0.0010615161200985311,0.000755838118493557,-0.002985354019328952,0.019195765883196145,-0.0005781493615359068,-0.024088533036410807,0.02834843197837472,0.014781286460347473,-0.11265058673918248,-0.04827357392467093,0.032543499721214175,0.04933698455570266,-0.00551670353859663,0.006857335474342108,0.019829234527423977,0.05399136913474649,0.050877865133807064,0.014567012488842011,0.0,1.0
Fam13b,0.1771553609985858,-0.045861059753224256,-0.021202790034003556,-0.024638950410299003,-0.16806306257843973,0.006443473948165774,-0.0012936828564852475,0.04423430843977258,0.0781209112983197,-0.01663821145426482,-0.03275691001676023,0.03795225676614791,0.10808273298665881,-0.02759648343489971,0.02741776259150356,0.04689826396759599,0.001033332645893097,-0.04582565821707249,0.023106713723391296,0.02481469669379294,-0.09485372244380415,0.033493639435619116,2.0,2.0
Gm13944,0.20530635697767138,0.015499723986722528,-0.009247959731146694,0.04833881730679423,0.011013061134144663,0.000755838118493557,0.00463387843221426,-0.03817243515746668,-0.14452211727388203,-0.004511514725163579,-0.05682467481587082,-0.003798253554850817,0.13576586470007895,0.006986849407549016,0.1220658127265051,0.12217323434539139,0.008649513889104128,0.007316046915948391,0.001639205999672413,0.01954433790408075,0.07642943209037184,0.012468755301088095,0.0,1.0
Cdc14b,0.07719256202690303,0.07035930478479713,-0.011830370433162898,-0.036167851202189925,-0.08991296807304025,0.0005636882781982422,0.007990393335931004,-0.02698452559649013,-0.039674988482147455,-0.015640258020721377,0.04645093280822039,-0.005442355847917497,0.09499797901138664,-0.09338966595707461,0.13850342056015508,0.04326173755340278,-0.010328101515769959,-0.022009103521704675,0.02504378109239042,0.026947473790496588,-0.03962061865255237,0.026535227447748184,2.0,2.0
L1cam,0.1639143885113299,0.032924868618138134,-0.007963137798942626,-0.04098064485937357,0.016867235135287047,0.000755838118493557,-0.0012936828564852475,0.07503026205813512,0.07357607590034604,-0.02142689948901534,0.030584118394181133,0.030177493975497783,0.14209763435530476,-0.0777603685943177,0.13710599078331143,0.06298593192826957,-0.003956746272742748,0.013518009576946497,0.03376429131720215,-0.004915378042496741,0.010648342303466053,0.0018193572666496038,2.0,1.0
Tox,-0.5392544625513256,0.08878581252880395,-0.011537563488818705,-0.06234319909475744,-0.09970233331434429,-0.001998431533575058,0.0005458052782341837,-0.031995820347219706,0.024827087577432395,-0.003409189726226032,0.015101782109122724,-0.06504195725079626,-0.07774982342030853,0.013597069036914036,0.045217863821890206,-0.003569396783132106,0.01672572586685419,-0.007718424908816814,-0.006237567006610334,-0.03444791616871953,-0.024588312871637753,-0.07583225368522108,2.0,2.0
Fras1,-0.4255613871011883,-0.0394020711351186,-0.02323120682965964,-0.04350944010540843,-0.17456956564448775,0.0008519130572676659,0.00028765482362359763,-0.0494508229685016,0.012277878802269698,-0.004551935233175755,0.027312940498813987,-0.12089016068261117,-0.012335907793603837,0.03413534682185855,-0.005135808621998876,0.048520199097692965,-0.02205080781131983,-0.06898750220425427,0.034934826176613566,0.008155405335128308,-0.09459945956245065,0.026089797234162687,2.0,2.0
Rreb1,-0.48283133818767965,0.0053543108189478515,-0.005620851442217827,-0.06157159153372049,0.0067770147789269685,0.000755838118493557,0.0003666551737114787,-0.053363579923752694,0.038464788012206555,-0.005526226493529975,0.015528159486129879,0.04016030915081501,0.07026327914558352,0.036591291499789805,0.13533172000199556,-0.002842183045577258,-0.00373498878441751,-0.19111534639261663,0.008765237987972796,-0.00035428307950496673,-0.07833415256347508,0.022017348809167742,2.0,2.0
Zfp871,0.20948799708858132,-0.039999947063624856,-0.00326364625710994,0.047684356137178835,-0.0002264960575848818,-0.0003970609977841377,0.005362337674014271,0.03904232107801363,-0.17155747318640352,0.01826080976985395,0.03267650839872658,0.04431245617568493,0.0420178340934217,0.044993398427031935,0.10292118967976421,0.08808760706335306,-0.027141213659197094,0.007489325469359756,0.018754253885708748,0.001086620818823576,0.059411835316568615,0.007466299971565604,0.0,1.0
Efr3b,0.11632972196675836,-0.015191634646616875,-0.00027255887631326913,-0.013608101578429342,0.004488617852330208,0.00046761334873735906,-0.0005652236146852374,-0.04166843730257824,-0.1000771597865969,-0.005822503888048232,-0.05834225998260081,-0.074854164137505,0.046479536052793265,-0.0003469046327518299,-0.007997871586121618,0.07026988431811333,0.029719826690852644,0.01720752998255193,-0.00657165639102459,-0.011132432753220201,-0.09133860776666552,0.018993045538663864,2.0,2.0
Lsm14a,0.10478433975949883,-0.08788471108768135,-0.0025329795852303506,-0.04088271557353437,0.008815332818776368,-0.0003970609977841377,0.00290576989762485,-0.03553120249300264,-0.15495072482153774,-0.005873659132048487,-0.05726406087633222,0.0380927068926394,0.11013831658288836,0.02936892878031358,0.13680725384037942,0.003879530532285571,-0.021874473355710508,0.017164035867899656,3.3628144301474094e-05,-0.0007214295864105225,-0.029834566242061555,0.021456351932138205,2.0,2.0
Lrsam1,0.15316839047241956,-0.01900157844182104,-0.014338067416101694,0.07634368342813104,0.010098306471481919,0.00046761334873735906,-0.0003776219068095088,0.03379802108509466,-0.14297566373832524,-0.0021307573979720473,0.03429380696732551,0.005478643719106913,0.07416293824091554,0.02312334431509953,0.027213192263152452,0.09613336569396778,0.03516619382426143,0.007207949813455343,0.006648906958289445,0.03176760802045465,0.07479331270791591,0.013302309261634946,2.0,1.0
Bche,0.12232887130230666,0.16291232354473323,-0.0003353754198178649,0.19889283542521297,0.000844525727443397,0.0005636882781982422,0.002740774289704859,0.028016653154045345,-0.0481997169367969,0.044503106959164145,0.030555046882946045,-0.0025616486370563505,0.06506856764783152,-0.027578082986874506,-0.21317372233374043,-0.10635658456245438,-0.03814018627628684,0.03618777396157384,0.03184009175281972,-0.0030580097809433937,-0.0290897593065165,-0.029800750948488712,0.0,1.0
Pde1c,-0.5088373375590891,-0.01687259412370622,-0.010351882986724377,-0.055134271811693905,0.009600383266806602,0.000755838118493557,0.0005458052782341837,-0.03884762672707438,0.03784431096166372,-0.0038604980939999224,0.014468340133316816,-0.015017487918958067,0.08771155627444387,0.040870641944347884,0.06931880384217948,0.07234000555705279,-0.00373498878441751,0.02339305615052581,-0.07274772895034402,-0.06730098262429238,-0.053603004991891794,-0.08854440019465983,2.0,2.0
Pde11a,-0.48693782912567257,0.02782095084898174,-0.011993729819077998,-0.05934187509119511,-0.06345701607875526,0.004368255361914635,-0.01506489353487268,-0.05562556592049077,0.031930934190750125,-0.00837518841959536,-0.014845995507203042,-0.026985622439533473,0.05641097332816571,-0.021479423242271877,0.004633263319265097,0.07246067849220708,0.001685634609311819,-0.13892622194252907,-0.005214280723594129,-0.005884358733892441,-0.10692777781456243,0.016938473293557764,2.0,2.0
Mpdz,-0.21059815315005836,-0.012696362929418684,-0.0051791813271120195,-0.0167274128831923,0.014504368752241134,0.0008519130572676659,0.00043334667570888997,0.2101585137215443,0.021729316227138043,0.05075909608276561,0.023888688581064344,-0.11989256487693638,-0.0402961888583377,-0.027011945502017624,-0.04865251296199858,0.03528091988991946,-0.02205080781131983,0.010311870323494076,0.04298133349046111,0.005396924493834376,-0.0757293322001351,0.03363569088280201,2.0,2.0
Ankrd6,-0.47853892082348465,0.02587267561815679,-0.00826547542354092,-0.06269161370582879,0.008456047726795077,0.000755838118493557,0.0035017820028588175,-0.02362132247770205,0.04682804746553302,-0.00392377866897732,-0.012133058244362473,-0.0020868716575205325,0.11539824506267905,0.005149457156076096,0.09725299935555086,0.08042295144638047,-0.00373498878441751,0.007902951017022132,-0.013098142183152958,0.004697479447349906,0.01652705994900316,0.022085843374952674,2.0,2.0
Cdh8,-0.4230978853954002,-0.01087557451799512,-0.02152236660011113,-0.07933611595537514,-0.029615153362974524,0.000755838118493557,-0.0023101293761283157,-0.019965488598681986,0.03141766259912401,0.02297140409471467,0.015285735963843763,0.02830041308887303,0.0009933699975954368,-0.002100946647115052,-0.14226309708086773,-0.15507927183993162,-0.01075730918906629,0.009147909893654287,-0.07397890482563525,-0.08083870626986027,-0.044950364897958936,-0.0975725165847689,0.0,0.0
Cdc26,0.29232876510825007,-0.0008387133944779635,-0.0022439529560506345,0.0032941649702843277,-0.011482201269827783,0.000755838118493557,0.0008717262372374535,0.07099691957235336,0.082608198877424,-0.015460102325305343,0.019404649883508682,0.044681046735495326,0.12011743089184165,-0.04222413064679131,0.12122801162302493,0.018116035896819083,5.336827598512173e-05,0.00844925994053483,-0.0052766936225816605,0.0024776409287005662,0.09427444067783654,0.01775242137722671,2.0,1.0
Sppl3,0.0472581456718035,0.04252473586238921,-0.009288586820475756,0.12454577021300793,0.0007334973150864243,0.00046761334873735906,-0.01569771525450051,0.045545218740589914,-0.07738824076484889,-0.015115739800967276,0.03100978680420667,0.006230566380545497,-0.030259120017290114,-0.0549067545728758,-0.09505909893661738,-0.05784606646746397,0.05546566413715482,-0.05297218918800354,-8.060385007411242e-05,0.00046402180567383766,-0.0648142581852153,0.014920544037595391,2.0,0.0
Gm12339,0.15461177387740463,-0.03327723472379148,0.005046385466121137,-0.03881240081042051,0.002769150431267917,-0.0003970609977841377,-0.0007239351607859134,-0.07799388647777959,-0.15703219136223198,-0.010500128390267491,-0.060907752215862275,-0.0026316141895949842,-0.13245201098383405,-0.03651450855308212,0.06298234395449981,-0.01869593347655609,-0.022890861835330723,0.013074606079608203,0.06285455622826702,-0.001863807886838913,-0.019422940461081454,0.030910971015691756,0.0,2.0
Sgcd,-0.3957560033677146,-0.015806378992274404,-0.01233399607706815,-0.039006225331686434,0.28644707111176104,0.005316389463841915,-0.0066831039288081226,-0.015561551852151752,0.03303767573088408,0.013310579652898013,0.014468340133316816,-0.05454716846346855,-0.041761373430490495,0.01366813285218086,0.011620437568053603,0.037874449472874404,0.006563539481721819,-0.03976481998339296,-0.07671920108608901,-0.060690120696090165,-0.08338703051209449,-0.04878164830617607,2.0,2.0
Asxl1,0.1427948845922947,-0.04044475313741714,-0.011833037855103612,-0.04145133592188358,-0.140626620054245,0.004368255361914635,-0.0008563822973519564,-0.04166118570952676,0.09766786951571703,-0.010452510165050626,-0.03898204429075122,-0.00546175530180335,0.1215371603704989,-0.032599810900865125,0.11650671618059277,-0.007384470079559832,0.003071618899703026,-0.006921180542558431,0.011863785432651638,-0.010716939121484756,0.10791917630005628,0.03227966966107488,2.0,2.0
Bptf,0.06169734819792211,0.07041788873029872,-0.03323236910160631,-0.02379686535336077,0.011156457476317883,0.0005636882781982422,-0.0012146825063973664,0.07707498756004498,-0.07600796151906251,0.04129027407616377,0.03330424995627254,0.03410680141299963,0.06342520629987121,-0.026731845203321426,0.1200959602277726,0.0382917395583354,-0.005061361212283373,-0.05893172884825617,-0.004572455827146768,-0.0017717648297548294,-0.15600503470283,0.025728962710127236,2.0,2.0
Jdp2,0.03393447683192789,0.05843706905841827,-0.02351274052169174,-0.0538789205532521,-0.006662495047785342,0.0005636882781982422,-0.007169187143445015,-0.04264392843004316,-0.1291976916277781,-0.018943278938531875,-0.05619605959393084,0.007531858338043093,-0.15376566647086293,-0.026336961460765453,-0.0841136172041297,0.009093381529673934,-0.010328101515769959,0.0027553090266883374,-0.011164200052153319,0.025847110692411662,0.037507171002216635,-0.03636184971779585,0.0,0.0
Mrps9,0.019788602767512202,-0.001991723417304456,-0.029779974760022015,-0.05910377463325858,-0.005048412289470434,0.000755838118493557,0.03213328463025391,0.004263734975829721,0.052290247865021226,0.04062566391658038,-0.018246650928631425,0.035145645793527365,-0.07219946523196995,-0.02862913641962223,-0.3572814324358478,-0.09580564209958538,-0.03302545678801835,-0.0007175115495920182,0.006487628226168453,0.0010325842071324588,0.05098256166558713,-0.07053307910449803,0.0,0.0
Slc12a5,0.10193969388492405,-0.022387954303994775,0.13414736503735183,0.0021072142745833843,-0.007868443038314582,-0.0003970609977841377,-0.0014595412835478783,-0.06630415374878794,-0.08052029390004463,-0.01721277349628508,-0.04093096589669585,-0.05462860926985741,-0.10160365961957724,0.058613320909207685,-0.0838112474209629,-0.009072792914230377,-0.021874473355710508,0.0017731921374797822,0.041577499043196436,-0.008090978125110268,0.029968781438656153,0.015301745627075434,2.0,2.0
Senp1,0.08346840910846368,-0.021242534825578332,-0.026001053294166923,-0.036614449890330435,0.012006272431463003,0.00046761334873735906,-0.008319851723499597,-0.04006658952101134,-0.1324939292948693,-0.009607918616384268,-0.05834225998260081,0.033137337621301416,0.06616867741569876,-0.035209825404454026,0.15382971039041876,0.07846856348915025,0.03516619382426143,0.019026100803166628,0.010073657236061991,-0.008683895859867334,-0.1254057537810877,0.02277610138989985,2.0,2.0
Caskin1,0.2799832276441157,0.02725769161246717,-0.0027157598501071334,-0.035243222514400256,-0.07423457319382579,0.000755838118493557,0.0012418852699920535,0.055624368947464975,0.06538807145319879,-0.021137544722296297,-0.018789692735299467,-0.17816542686428874,0.04743415453005582,0.0103258245048346,-0.0273720302968286,0.0479866487509571,-0.018222514744848012,0.006545929163694382,0.06890587391331791,0.005135077740997076,-0.012179791741073132,0.03081973744556308,2.0,1.0
Cdc40,-0.009228461645543575,0.01438926937058568,-0.05445210243109613,-0.03423924149130471,0.2669614634278696,0.005316389463841915,-0.007169187143445015,-0.03924003392457962,0.02886681240051985,-0.018943278938531875,0.032262022937647995,-0.1550366226769984,-0.16605441576801241,-0.03946176777360961,-0.2978514515911229,0.01900058956583962,-0.004012185642495752,0.002309590787626803,0.0271178377000615,0.031461456473916766,0.03687518796417862,-0.045962892090901736,0.0,0.0
Porcn,0.21459431172930635,-0.02500488089164719,-0.01701587826013565,0.08462421236094088,0.0025306919496506453,0.0005636882781982422,-0.00701679531019181,0.06666360263479873,0.1040462406910956,-0.005663282298482955,0.020243448051624,0.04468313813209534,0.05925740387290716,0.0019646467780694366,0.12507127263932488,0.06247802258469164,-0.006838993988931179,0.010209060311317443,0.01948950357735157,-0.004969065985642373,0.013294999290956185,-0.020668602641671897,2.0,1.0
Rfx7,0.09020071865990759,-0.017489985185675322,-0.015154921682551503,0.0500796642433852,0.011430009817704558,0.0005636882781982422,-0.0002293569315224886,-0.034728259997209535,0.0956016577873379,-0.007577598001807928,-0.03341747450176626,-0.007725691366940737,0.09037505098618567,-0.011706059427233413,0.014415506459772586,0.06555627804249525,-0.008095619743689894,-0.1371913333889097,0.0027766266372054814,0.0002398551721125841,-0.09429817953612656,0.012408842071890832,2.0,2.0
Celf3,0.14740092359483242,-0.07449162110686303,0.020386379733681678,0.046748686728533356,0.14906311351805926,0.005028164694085718,-0.0037725588865578173,0.029894228185294195,-0.13488056494854392,-0.007634112117812037,0.0334071858949028,0.021873988322913648,-0.16546413151547312,-0.06496469675330445,0.018067696653306483,0.02396966756088659,0.03763266626745462,0.007359419935382903,-0.05422454829793424,0.0022441743034869433,0.03092094776686281,-0.016611314399633557,2.0,0.0
Rps14,0.14605159556958824,-0.03429575792513788,-0.006113996310159564,0.10987875369377434,0.005179791925475002,0.000755838118493557,-0.004167560636997223,-0.041205857060849664,0.09057796981185674,-0.01858988907188177,-0.03577455971390009,0.03173073636367917,-0.0692075249645859,0.01586101809516549,0.02506041598971933,0.05460198090178892,5.336827598512173e-05,0.023027701894752683,-0.09238022784935311,0.007592568947002292,0.07491468973923475,-0.03596316570416093,0.0,1.0
Nisch,0.06919639012776316,0.010723869437351824,0.009316186811774969,0.11907137153553776,8.591268211603164e-05,-0.0003970609977841377,0.010689124511554838,-0.05097732037887909,-0.12924469383433462,-0.016603516698814928,0.000531782116740942,0.00676075673662126,-0.023148456932976843,-0.05127337460871786,0.008019969267770648,0.00985778636764735,-0.021874473355710508,0.011387417707592249,0.0009696718957275152,-0.009945034617558121,-0.0630077456915751,0.011777311451733113,2.0,2.0
Gm11906,-0.2882301054894924,-0.03532736492343247,-0.023975525982677937,-0.09078044021967799,-0.028774709152057768,-0.002094506472349167,-0.00432540466543287,-0.0679449708852917,0.034376067174598575,-0.005152980275452137,-0.014631387246772647,0.020067935204133393,-0.12109965514275245,-0.025958048002794384,-0.15544735885690897,-0.13758974211290478,-0.01075730918906629,0.007269615340046585,-0.07957464874722063,-0.04360457243397832,-0.038744467556243764,-0.07358694360591471,0.0,0.0
1700111E14Rik,0.002916739471256733,0.10442000553943216,-0.04773478916846216,-0.0516337795346044,-0.006653749558608979,0.000755838118493557,0.008741745762526988,-0.026722067471127958,0.05914759876206517,-0.003234991258941591,-0.020666420329362153,0.031599325761199,0.05564694861881435,0.0533692398655694,-0.2787759199808352,-0.07014130901778116,-0.03302545678801835,0.024250345062464474,-0.035751713467761875,-0.04810971774160862,-0.07473905671853572,-0.07254071492701769,0.0,0.0
Ptpn5,0.07729330159723759,-0.020109790223650635,-0.0002758661424741149,-0.0646712074521929,0.0075777144357562064,0.00046761334873735906,-0.00012792305555194616,-0.0288737459667027,-0.14587532677687703,-0.00970544559881091,0.04645093280822039,0.008563060443266294,0.08157087848987431,-0.026777622877270913,0.0555043889163062,0.09669394485885277,0.03516619382426143,0.008864288637414574,-0.00251948919321876,0.005310090258717537,0.055258677317760886,0.026535227447748184,2.0,2.0
Gm27153,0.24708605845458806,-0.032265245467424396,-0.005574560938403011,-0.005236566375242546,0.0005443447735160589,0.000755838118493557,-0.004405464553274214,0.05163544345647097,0.0750883469171822,-0.018724633930251002,0.027686935584060848,0.020065159406512975,-0.08752185451448895,0.025576557561289518,7.474092766642571e-05,-0.11449541351525112,-0.03302545678801835,0.009094506311230361,-0.02043690030928701,-0.006192427957430482,-0.029512442040722817,-0.042911322107538584,0.0,0.0
Ube2r2,0.15019781751558184,0.0408650380698964,-0.001075720484368503,-0.03587599494494498,0.0010009363712742926,0.000755838118493557,0.002826769547536969,-0.037985659324331206,-0.09872456551529467,-0.0047450007218867545,-0.058733107149600984,-0.024435190297663213,0.09537368237506598,-0.014250841583125293,0.10942825887817889,-0.026147533976472914,0.009665902368724347,0.01728267138823867,-0.020066375271417202,0.008556918371468783,-0.11091704088728875,0.012599412389099597,2.0,2.0
Arhgap23,0.006483123269863427,0.010325477248989046,-0.0015954765770584344,0.10974967028363608,-0.06034663466271013,0.05104145515710115,-0.0037255616672337054,-0.11602850467432291,-0.1121202827943489,-0.01709664118476212,-0.05699614400044083,0.017950671780854462,-0.07154069032636472,-0.0055148257873952385,-0.0351775328675285,0.010830679412465542,-0.011922945342957974,-0.07637335846200585,0.02155757202534005,-0.009258063840679825,-0.056238792245276274,0.014466624511405825,2.0,2.0
Itch,0.07524801205378026,0.02599294072482735,-0.016638245596550406,-0.03977408767677844,0.004733850657939911,0.000755838118493557,-0.011644889083690942,0.07995101139880717,0.08634364934638143,-0.0047425473714247345,0.018260237826034427,0.038214487666264174,0.0482701182551682,-0.0015754184365505352,-0.09631910623749718,0.04316375758731738,5.336827598512173e-05,0.011895142961293459,-0.013854470066726209,0.0231905650626868,0.08311724010389299,0.03243776742368937,2.0,1.0
Osbpl7,0.15142173947766424,-0.04093545941170305,0.012659812150523066,0.10933355829096399,-0.003155351679306477,-0.0003970609977841377,0.0016001854790374636,-0.05304811595007777,-0.24186299033463002,-0.0016544350702315568,-0.0772478960454464,-0.011038209795951843,0.023284801892004908,-0.00014995216275565326,-0.06713043623138219,-0.038984240707941355,-0.022890861835330723,0.005453851893544197,0.04073400555644184,0.029128141766414047,0.057361508356407284,0.02886892057955265,2.0,2.0
Tnrc6a,0.07427585830911994,-0.004334048614837229,0.0057995318295434115,-0.013380925552919507,-0.045796892996877434,0.000755838118493557,0.0004991023102775216,-0.043591045489301906,0.08651954011060298,-0.0077282711025327445,-0.034197535943239925,0.0019049414433538914,0.06627762206830085,-0.024098658555885777,-0.014558534389361739,0.0965837150416337,0.007721645385026931,0.019972084322944283,0.013729896773584186,-0.004618279160931707,-0.14868248492013664,0.03227966966107488,2.0,2.0
Dennd5b,-0.1664221658022143,-0.06396932255942374,-0.013997260625474154,0.2177869255002588,0.0011289745243266225,-0.0003970609977841377,0.002938977065496147,-0.05120453670620918,-0.05145498028025031,-0.004039910980500281,-0.02083635282702744,0.02796133639290929,0.07362985731568188,-0.0009395909658633173,-0.13980306911747903,0.005619498169980943,-0.025662830416113138,0.006852276548743248,0.002459577415138483,0.0056814764346927405,0.028065274921245872,-0.024662235123105346,2.0,0.0
Rbm33,-0.03959443739149719,0.003977958727627993,-0.010058653098531068,-0.041144155161455274,0.009636999294161796,0.0005636882781982422,-0.0005519788991659879,-0.0028308861632831395,-0.12903986369259657,0.035369324723724276,0.03620778207667172,-0.008538447674363852,0.08172654501919169,-0.021315478564356453,-0.007868734430521726,0.016179135944694282,-0.010328101515769959,0.009439309723675252,0.020637410613708197,0.014424072140827774,0.0501249117590487,-0.06696067647077143,2.0,2.0
Supt5,0.22022660612128675,-0.040596249355003236,-0.01080119795165956,-0.029731236509978772,-0.007088664039038121,0.000755838118493557,0.004352475889027119,0.005286851590499282,0.05633717505261302,-0.005783968577161431,0.019970704396255316,0.04281212460249662,0.06363349500112235,0.030211284252582116,-0.34449936863966285,-0.0384531337255612,0.010662046056240796,0.010599690154194832,0.05026835396420211,0.011219785241410136,0.046688282247632745,0.04174755507148802,2.0,1.0
Setx,0.11542650958523154,-0.01250990256201476,0.001698849592357874,-0.012241738410666584,0.018786867242306472,0.000755838118493557,-0.0002293569315224886,-0.03694229142041877,0.08717838636599481,-0.004655310166999698,-0.033048356603831056,0.04728463942185044,0.1451920719258487,0.09709167984081432,0.22151304769329727,0.07271367488196119,-0.005213372027501464,-0.002225063843652606,0.024231117484159768,0.015299219824373721,0.008654327956028282,0.035104810893535614,2.0,1.0
Zdhhc1,0.24340400577522814,0.0361139027075842,0.00013601401122286915,-0.025985678213182838,0.008904598886147141,0.0008519130572676659,-0.0009085802733898163,-0.02178663869970478,0.035023482739925386,-0.02165234464686364,0.03127377860248089,-0.14679040354676545,0.0984459851263091,0.004407510257442482,-0.005892330657225102,0.04238193630706519,-0.020664823520928622,-0.051121387910097835,0.008737488551996648,-0.012079345444217324,-0.0829050310421735,0.02890850303694606,2.0,1.0
H2afj,-0.3176170653477311,0.015310685611329972,-0.007791857158299536,-0.015938083361834287,0.0056461485987529154,0.0008519130572676659,0.00463387843221426,-0.0107122886297293,0.016701635196805,-0.00566783626563847,0.019805503222160042,0.03911053666844964,0.1143106540897861,0.07123241754714399,0.05939634229755029,0.054317693524062634,-0.0040604727901518345,0.008753580520860851,0.01577394506894052,-0.011967881340533495,0.05278777225874364,-0.01752387536689639,0.0,0.0
3110021N24Rik,0.15806404158473014,-0.035976319801993666,-0.028265178967267275,0.09039099843241274,0.013992703491821886,0.0005636882781982422,-0.0008563822973519564,-0.043833052867557856,0.09504433919675648,-0.015343970013782382,-0.03341747450176626,-0.06469695308012888,0.06712688355240971,0.006628160205436871,0.0781706033158116,0.025524731841869652,0.0017963531333953142,0.017947362922132015,-0.005541352307191118,0.002108045117929578,-0.14667958431877196,0.011998291006311773,0.0,2.0
Mfsd11,0.2866931996867061,-0.04165039831772446,-0.002523582470603287,-0.03434287658543326,-0.09800713163334876,0.006443473948165774,0.03679530536755919,-0.03916098492452875,0.10185837933793664,-0.02206467465031892,-0.03627783861942589,0.016455063675530256,-0.07037820229306817,-0.026704655073117464,-0.015770812712144106,0.052926569778937844,1.6944166272878647e-05,0.00436575903557241,0.05818031519651413,-0.002038820404559374,0.07819852979388088,0.03893952518701553,2.0,2.0
Ndufb9,-0.2145436364458874,0.06707819321192801,0.101147197233513,0.002361043938435614,-0.007865404831245542,0.0008519130572676659,-0.004130859095603227,0.012291981959715486,-0.00313217680901289,-0.01860168215353042,0.015150431545916944,0.019668109212070704,-0.2731429460737854,0.020201765506062657,0.0036405608570203186,-0.011639154660515487,-0.0040604727901518345,0.011202797079458832,0.009564944515004755,-0.0044242120627313855,0.026269118087366223,-0.03784786899574101,0.0,0.0
Ddx24,0.2564225759077817,0.0396687143901363,-0.014573041768744587,-0.027730869730003178,-0.0004969602823257447,0.000755838118493557,-0.0026270538102835415,0.07718336690217256,0.08174862103536724,-0.013117767665535211,0.03007882052566856,0.05392490172758699,-0.13362870501819998,-0.016753421479952523,0.08205396197736263,0.0008382409601472318,5.336827598512173e-05,0.0026203654892742634,0.014236946292221546,-0.010716939121484756,0.08088447608053684,0.023186683701351286,0.0,1.0
Foxg1,-0.10674682207405567,-0.08214472166262567,-0.00040639348328113555,-0.016730659442255272,-0.09159789198078215,-0.0019407865777611732,-4.816560540348292e-05,0.010439112160820514,-0.000351039981469512,0.05950571908149868,0.02725321592297405,-0.07967038939706982,-0.08051652405411006,0.004013827862218022,0.025200472762808204,0.003321709220763296,0.016920380927622318,0.0222779638459906,-0.0846582164335996,-0.06715408680960536,0.03657282929867506,-0.026935557620599865,0.0,0.0
Mapt,0.007687862471211702,-0.0398410243820399,-0.019307112419046462,-0.06604573305696249,-0.0003348283562809229,-0.0003970609977841377,-0.004427092312835157,-0.026232399519067258,-0.13154575135558844,-0.02096103681717068,0.030032374556176366,0.010911442283540964,-0.09555693660513498,-0.08317981617758051,0.0772622264456004,-0.08619200411019846,-0.054953298419713976,0.011927140224725009,0.0011621316336095334,-0.02488385614939034,-0.04512876699038316,0.02277610138989985,2.0,2.0
Cck,-0.23390764920506626,0.0030046534969005736,0.0061117389611899855,0.11132251070230267,-0.0012134128925390543,0.000755838118493557,0.012683834955096245,0.09411386227235198,0.008817626424133777,-0.016603516698814928,0.014156246408820152,-0.12092812565155327,-0.16986631116829812,0.07769654204370453,0.03977473035920411,-0.005884745235089212,-0.005309446956962347,-0.00024515176191926004,-0.023486297064227984,-0.01515861582942307,0.00849960358813405,-0.008671195609495044,0.0,0.0
Swt1,0.12106342181097716,0.06398403161671012,-0.04084157541859895,-0.019792006630450488,0.19132294490467758,0.005316389463841915,-0.0003795726178213954,-0.01965770497918129,0.07472209576517344,0.029415111117996277,0.03431045279838145,0.009980683755129576,0.09567093496210873,-0.031201572963618675,0.10805812550010159,0.019281670486088844,-0.0008706212509423494,0.01614414889831096,0.007401849115267396,0.008996661370620131,0.095487462435849,-0.05826053508557379,2.0,1.0
Colgalt1,0.2826994106452912,-0.027443450707942248,-0.005600942187011242,0.0027820568985771387,-0.008077780320309102,0.000755838118493557,-0.031774673294275996,-0.07157261989079416,0.11169857528060674,-0.016487384387291967,-0.038549045957624914,0.03526059773750603,-0.042102741349954155,-0.06874305345118045,0.015792861180379987,0.03307265354087576,0.006705256905406714,0.006334901470690966,-0.012660557720810175,-0.008351334314793348,0.07693879245780408,0.023342941785231233,2.0,2.0
Lpcat4,0.08867171429097652,0.07344497325830161,0.0012699982756748795,0.0745121591957286,0.007605309863574803,0.0008519130572676659,-0.0026270538102835415,0.05668339902535081,0.05255205096676946,-0.01824149213731289,0.014572037647012622,0.029311917945742606,-0.294457883220166,0.04832143342355266,0.07930894568795338,-0.0016687182011082768,-0.0040604727901518345,0.009201890537515283,-0.05727728156372905,0.007222973136231303,0.05543919023126364,-0.03723020917735994,2.0,0.0
Rps16,-0.037201522868126634,-0.014107760982587933,0.04477824519854039,0.11683167401817628,-0.0007478288840502501,0.0007174081448465586,-0.000963734844699502,0.03710024434374645,-0.019521848177537323,-0.013881217050366103,-0.006513458113186061,-0.012230626395903528,-0.033632381302304566,-0.003840830155531876,-0.05523139997385442,0.0342229097825475,0.01434777993708849,0.006079893782734871,0.022725753621198237,0.07488510167226195,0.012399140160996467,0.011634545717388391,0.0,0.0
B230110G15Rik,0.20142923263832926,0.04819530881941318,-0.041483608707785606,-0.02155066339299083,-0.0061682312143966555,0.000755838118493557,0.0004784926120191813,0.08627273490652441,0.039390759021043775,-0.007642522845417261,0.015813268518541007,0.024145567482337357,-0.1397244063159451,-0.01665153509529773,-0.20352045605890454,-0.2761002420610748,-0.03302545678801835,0.005206327089108526,-0.01710046569351107,0.001613798290491104,0.01568014178890735,-0.07621515937149524,0.0,0.0
Zswim8,0.24428274390287696,-0.04674560369923711,-0.004293610528111458,0.1089368687325623,0.002879924022126943,0.0005636882781982422,2.7518756687641145e-05,0.029800070906057952,0.07696976065635681,-0.013256132761016488,0.02992396547924727,0.018244444732554255,0.048524875999428334,0.11862401381717064,-0.27031759419711304,0.0018478973745368421,-0.0038452679198235275,0.006448209155350924,0.06600912933237851,0.029561658455058933,0.0583898086939007,0.038849710430949924,2.0,1.0
Ctxn1,-0.17734123655129225,-0.021572408515494315,0.004770539053715765,0.07822916041244753,0.00017863996326923371,0.0008519130572676659,-0.004407360320910812,0.006578447127249092,-0.00010192111134529114,-0.009133682218380273,0.031182868329342455,-0.008945009829476476,-0.20291115251835434,-0.00015272643649950625,-0.020323003507219255,-0.00015816713450476528,0.006015055254101754,0.008746232129633427,-0.03124480683123693,-0.016072453390806915,0.019110690152738242,0.006925503509119153,0.0,0.0
Ccdc73,-0.4631357142655179,-0.012246125270612538,-0.007815064825117589,-0.067977784415707,0.004601626172661782,0.000755838118493557,-0.00026037019211798905,-0.03680633160285652,0.04443950801156461,-0.0052070766175165775,0.01669212570413947,0.005181973557919264,0.08861343573778868,-0.021929252506233753,0.06587404392194003,-0.01449057892896235,-0.00373498878441751,0.012720219097100199,-0.017266454533673824,0.02937756950035691,0.05076820020098239,-0.08865585842169821,0.0,0.0
Gabra3,-0.34391358981025405,-0.009537450890056788,-0.007195382043719291,-0.01896739749237895,0.01870229922235012,0.000755838118493557,0.0002481546485796571,0.21570142758777366,0.03928042748942971,-0.005815338501706719,0.023888688581064344,-0.08829046279657632,-0.0016479083534795792,0.05506029501731973,0.016957151440437884,0.06718293975107371,0.006618978856131434,0.007869464317336679,0.03366392441093922,-0.0006626978889107704,-0.0006871733791194856,0.015218985499814153,2.0,2.0
Zkscan3,0.2704755020607263,0.00043908586259931324,-0.003624481540173292,-0.019662668900564312,-0.003374361442402005,0.0005636882781982422,0.004352475889027119,-0.012361115459352732,-0.16402418999001384,-0.004861133033409714,0.04701041327323765,-0.11097145554609597,0.013103799168020487,0.014555367312859745,-0.05664601681753993,0.03840900108218193,-0.008349706940352917,0.017989741223864257,0.003224521204829216,0.014489644207060337,0.04882590898312628,-0.022237028758972884,2.0,1.0
Edf1,-0.07622184467967599,0.05827905858983286,-0.0026906675565987826,0.11275341607048177,-0.0027508882735855877,0.000755838118493557,-0.0009618390770629048,0.030463656550273298,0.013253495283424854,-0.015676944749429822,0.026065993900410832,0.016374312853440643,-0.04909381119185127,-0.060538259682944046,-0.010585127242375165,-0.015928079292643817,-0.004052821202203631,0.006334901470690966,0.06065407057292759,0.07774608817417175,-0.11445219125365838,0.03740075347945094,0.0,1.0
Taf1,0.12822320773266255,-0.0004909835383296013,-0.021818227022886275,-0.03629023466259241,0.003960648057982325,0.000755838118493557,0.0022639646101742985,0.07883979549631476,0.09159839832223952,-0.005918713435530663,0.030678460814524442,-0.008556777853518724,0.016051723490236328,0.024517362634651364,-0.09478538749273867,-0.013755901819095015,-0.003956746272742748,0.009599917279556393,0.029825260629877448,0.0034290835401043296,0.009526819181628525,0.0025378506444394587,2.0,2.0
Dhx30,0.20628819982521235,0.1265841125836596,-0.016722408337518573,-0.018681180672720076,0.009423677292652428,0.0005636882781982422,-0.004167560636997223,-0.026863638557260858,-0.1167964443936944,-0.024015478286892177,0.050047216434031726,0.02218410262838006,-0.12205005931667984,-0.05743583367671817,0.07797179854474962,0.05101150445174426,-0.005061361212283373,0.004018422327935696,0.008236175663769245,-0.004819455873221159,0.05678111937362701,0.01386047275736928,2.0,1.0
Tubb2a,0.02840701232198626,-0.025577341187745333,0.0043848265521228315,0.10612453831825405,0.00012066559866070747,0.00046761334873735906,0.005362337674014271,0.010343620406929403,-0.056259290585294365,0.017029545614495874,-0.02568785284180194,0.03819737182930112,0.07179340186528861,0.016239675497636198,0.09577936303336174,-0.05324525943025946,-0.005733885718509555,0.009833538900129496,-0.044992692144587634,-0.0008437911421060562,0.0558086621016264,-0.019488781481049954,0.0,0.0
Elp4,-0.4107173116260674,0.07825197809375822,0.08598336080554873,-0.03765736913308501,-0.0010518654342740773,0.000755838118493557,0.0002481546485796571,0.21201435286551715,0.03710711114108563,0.043703175908885894,0.014468340133316816,-0.10224720003083348,-0.012700636126101016,-0.019518143658642656,-0.04583535739453509,0.018431892672087998,0.006156984092667699,0.009346343632787467,-0.0020263766311109065,0.01032705427147448,0.04185354657005519,-0.06988154533319176,2.0,2.0
Taok2,0.2798494396265596,-0.03881426971871406,0.02438962803222239,-0.04786854543141089,-0.0066445393534377215,0.000755838118493557,0.0004546804027631879,0.0544177561160177,0.07420092601329088,-0.020777354706078766,0.03007882052566856,-0.12224297331180424,0.046639807457104325,0.074854048587149,0.05721535939024761,0.006168747583869844,-0.018222514744848012,0.0058038107305765155,0.06416872533969581,0.0060926457121968265,0.05818471680860966,0.03171015378087759,2.0,1.0
Mapkbp1,0.130755412732251,-0.01816637421026826,0.0028994419192895295,-0.0189574830327183,0.01408434446901083,0.0008519130572676659,-0.00030835728161036967,0.0037681544362567366,0.0692608345206827,-0.009180045826360584,0.017721138270571826,0.0026381052657961845,0.09026268311310559,0.051442119539133274,-0.042050735959783196,0.012566284930799157,0.004262948129326105,0.026113341124728323,0.008151902933605015,-0.005918934661895037,-0.12289267151616513,0.03738892287015915,2.0,2.0
Dach1,-0.40200322468881494,-0.024043990625068547,-0.00848383535631001,-0.031811638064682485,0.016526910616084932,0.000755838118493557,-0.01941880355589092,0.20591090593487024,0.04408706272020936,0.02664848945569247,0.014468340133316816,0.016628400543704628,0.09784683617122937,0.04180373319773935,0.17693815276492386,0.07231810307595879,-0.00373498878441751,0.0204354248335585,-0.03228692019358277,0.017140112975612284,0.03594761537853628,-0.0880063455272466,2.0,1.0
Nsg2,0.02196493005845696,-0.10997674443759024,-0.02907855069730431,0.2393135273817461,-0.02165707590524107,-0.0003970609977841377,-0.007169187143445015,-0.036046288679353895,-0.0812720769410953,-0.007169582871720195,0.035997673962265254,0.03257121559232473,-0.10569090803153813,-0.010242946373764425,-0.21095010831952096,-0.07202936688438058,-0.054953298419713976,0.003168805241584778,0.005731074386276304,-0.006752762766554951,0.046842655311338605,-0.029800750948488712,0.0,0.0
P2ry14,0.1804504726547748,-0.013116319929249585,-0.02137995426543057,-0.026985867908224465,0.001845744252204895,0.000755838118493557,0.0028119690623134375,-0.03582734885625541,0.10951999195851386,-0.004655310166999698,-0.0357566443644464,-0.019382146755233406,0.03852621142752469,-0.02348934188950807,-0.08062088043428957,-0.06339185568504035,0.00994534115307033,0.0058573246095329524,0.0049227589485235515,0.015535552501678467,0.08912178557831794,-0.022268476784229278,0.0,1.0
Rps5,-0.16240257349796594,-0.035540552611928435,-9.338814299553633e-05,-0.03717991076875478,0.005903423014096916,0.0009095580130815506,-0.004130859095603227,0.020653607540298255,0.00738018698990345,-0.024448723052628338,0.014118064569775015,0.03096318794414401,-0.25444467277266086,0.030764944218099118,-0.05113916475092992,0.006130113329272717,0.006012019570916891,0.00602665632031858,0.1015838644374162,-0.008070199582725764,0.029180536083877086,0.03982994152233005,0.0,0.0
Ndufb8,0.09803260744549334,-0.029898699820041657,-0.00258717380464077,-0.021955188661813736,0.004224917977117002,0.0008519130572676659,0.0008717262372374535,0.017490323276724666,0.08321869093924761,0.08432390143163503,-0.016582699832506476,0.04652566615957767,0.13117234410718084,-0.02728007133293431,0.08540236977860331,0.11346104280790315,0.0037269342970103025,0.00878424333408475,0.015445479471236468,0.016487025050446392,0.09648593848571181,0.021705150324851274,0.0,1.0
1810013L24Rik,0.17522033780813218,-0.022436120035126805,0.0042927155271172525,-0.03707221413962543,-0.004539616168476641,0.00046761334873735906,0.0008165716659277678,-0.027849295614287256,-0.10645765076391399,-0.021673181215301155,0.017222387692891063,0.022050678702071308,-0.10508511111722328,0.033699220018461346,0.08883805312681943,-0.029056069876533003,0.05309159064665437,0.014963634628802538,0.006327983066439629,-0.010783527195453644,-0.04318728979968,0.013676596153527499,0.0,2.0
Osbp2,-0.3010360851418227,0.012078495230525732,0.13266321048140525,-0.08992690091836267,-0.015056441095657647,0.0005636882781982422,-0.0041356798587366935,-0.05941057768999599,0.06141578230075538,-0.021673181215301155,-0.014528150549158453,0.010601454610005022,-0.09642546905786731,-0.08462918727658689,-0.13563429481349887,-0.029908843769226222,-0.013639556905254722,0.013079283945262431,0.009635910489596427,-0.013148476965725422,-0.03478905136988033,0.02788830643519759,0.0,0.0
Lpp,-0.3454138779640198,0.037050763415172695,-0.03256193861365318,-0.08248938176315278,-0.029615153362974524,0.000755838118493557,-1.699965912848711e-05,-0.03520516328047961,0.029566457220353184,-0.0033959688479080798,0.015285735963843763,0.03654573183506727,0.06692426053807139,-0.004322810651501641,-0.14768718593521044,-0.03224107363028452,-0.01075730918906629,0.015311621222645044,0.028986076707951725,-0.022792259766720235,-0.06307910856325179,-0.08940612440928816,0.0,0.0
Nfkb1,-0.031586056069936606,-0.0023501974064856768,0.15922260394785553,-0.032805651400703933,0.2786854175338522,0.005316389463841915,-0.01889840265503153,-0.030943027129396797,0.04916142555885017,-0.01593769327737391,0.02327648752834648,0.018379194494336844,-0.008200739747844637,-0.008066018214449286,-0.24045280671911315,-0.16559415545780212,-0.011773697668686509,0.009079860630445183,-0.009025954701937735,0.026508623752743005,-0.05467303717508912,-0.06138136544264853,2.0,0.0
Pfkp,0.1794837554404512,-0.012481275675818325,0.000321434426587075,0.05887338234577328,0.009158660499379039,0.000755838118493557,-0.000393510265275836,0.029631330659613014,0.06410865816287696,0.07361319422954693,0.022203226601704956,0.014550474910065532,0.0558626252040267,0.016578252711333334,0.028582598804496227,0.0025783743942156432,0.011678434535861015,0.015863514845259486,-0.0256305006891489,0.013585430392995477,-0.06799455889966338,-0.015522930370643735,2.0,1.0
Cdon,0.07304345567245037,-0.024017952922731636,-0.018464035596698524,-0.04698827074375003,-0.000563003895804286,0.0005636882781982422,-0.004542763903737068,-0.04294466369319707,-0.11807059340644628,-0.007987502133473753,-0.07701789007522165,0.026380380373448132,-0.08436333225108683,-0.025695434159133584,-0.0533625175524503,0.0030437388364225625,-0.010328101515769959,0.011968214437365532,0.01712124180048704,0.023985444772988557,-0.045678243092261255,0.010351490220054984,2.0,2.0
Gsg1l,-0.4550402309186757,-0.033629516111686825,-0.012827487913891673,-0.0735619569150731,-0.10757365088909865,0.006443473948165774,-0.012259784846100956,-0.05072312499396503,0.03503669999539852,-0.0038509639725089074,-0.019630503854714335,0.03828383097425103,0.033434442118741574,-0.020341583722038193,-0.029965841798111795,0.003363048827741295,-0.002755024414509535,-0.10563049091957509,0.0696960614901036,0.012772618792951107,-0.07744547829672228,0.01973323685117066,2.0,2.0
Stard13,-0.4220295854471624,0.04348007133230567,-0.021236466220580043,-0.07030418884940445,-0.06361307728104293,0.0005636882781982422,-0.018709188608918337,-0.04984292775392532,-0.06590910712257028,-0.004633519537746906,0.021683048964478077,0.029290881622582674,0.0701242709485814,-0.0025649397063534705,0.04290761936455965,0.007335188568104059,-0.008849718272686005,-0.008415998518466949,0.001491516784299165,0.023542607920244336,0.06132208107504994,0.015254548666998744,2.0,2.0
Rpl22l1,-0.2727034397609532,-0.0495470279827714,-0.007536100205034018,-0.018793524289503694,0.007145834900438785,0.0008519130572676659,-0.004130859095603227,0.05031052054837346,0.01162242265418172,-0.01976799820084125,0.01657904528081417,0.02364133244380355,-0.06846296983305365,-0.055225721127353605,-0.036686554588377475,0.004434318935964256,0.001206267513334751,0.05380951734259724,-0.02034565856680274,0.02389824539422989,0.0487324370094575,-0.042911322107538584,0.0,0.0
Uqcc2,0.19970230900216848,-0.021191623052582143,0.0006431490555405617,-0.03167657268233597,0.001194420442916453,0.000755838118493557,-0.0032836595829576253,-0.04555823517031968,0.039548981589032334,-0.024189676754176617,-0.03561064387205988,-0.16447206457145513,-0.17488279453013092,0.08991046131006442,-0.20848283873172477,0.01801939372206107,-0.005213372027501464,-0.0022857655957341195,0.08461061883717776,-0.009637316763401032,0.03667467504739761,0.032268694397062064,0.0,0.0
Phkg2,0.22590772821335123,-0.05125528655946255,0.05443142446689308,-0.020295182139379905,0.0028607699228450655,0.00046761334873735906,7.674530148506164e-05,-0.015645305926445873,-0.15811391976661981,-0.006144158593378961,-0.04039389682002366,-0.000491038728505373,0.09316365825012327,0.00993492131761741,0.011978407362475992,0.12135434869909659,0.03516619382426143,0.006306590540334583,0.060648482600227,0.013197291549295187,0.07647414761595428,0.031379627622663976,2.0,1.0
Zfp592,0.07852629681117833,0.041640379587188366,-0.0144306201627478,-0.043333381796255704,0.009093768037855625,0.0005636882781982422,-0.004542763903737068,-0.01634628826053813,-0.10444819825701415,-0.024189676754176617,0.03541696753818542,0.014863649681210518,-0.15055527981370687,-0.10848207546165213,0.08821796629345044,-0.08129874276230112,-0.03814018627628684,0.00024293357506394387,-0.0016155087715014815,-0.02371938057243824,0.05714647135231644,0.005676840720698237,2.0,2.0
Cttn,0.2469244620250538,0.04604599602520466,-0.008571366919204593,-0.020622876421548426,0.0033501070132479073,0.0005636882781982422,-0.0007239351607859134,0.04177442632382736,0.11513345170766115,-0.016542915711179374,0.019404649883508682,0.03315950892865658,-0.05224111042916775,-0.1030455324635841,0.0679927798267454,0.03546100251143798,-0.008095619743689894,0.004383211135864258,-0.001313398377969861,0.02540266888216138,0.09036824623588473,0.022517934339120985,0.0,1.0
Rpl24,-0.13161703343503178,-0.03901862384285778,-0.0036768512055277824,0.013695096727460623,0.01076111039146781,0.000755838118493557,0.0005134260281920433,0.04861047158949077,0.01711246185936034,-0.017656466173939407,0.01657904528081417,0.023610462751239538,0.13845674263313412,-0.03980114571924787,0.001095848111435771,0.0611599113070406,-0.005309446956962347,0.010019434429705144,-0.034915868444368246,-0.011001256005838513,0.07344981755129992,-0.042911322107538584,0.0,0.0
Cox6c,0.25039096266031263,0.10178557564504445,-0.052780577698722485,0.010311682121828198,0.0045575058041140435,0.0008519130572676659,0.0008717262372374535,0.024898987049236893,0.056824455428868534,-0.005992102390155196,0.032530692094005643,0.019902507681399582,0.0836793236900121,-0.01123973895853851,0.052531976541504266,-0.0066395533108152445,0.004262948129326105,0.023370100357569753,0.010606052582152187,-0.003980826633051038,-0.12898954899981618,0.021889026928693055,0.0,1.0
Gpr137c,-0.00545595983043313,0.030682111349888144,-0.05367597829550505,-0.036364570865407585,-0.003106768364086747,0.000755838118493557,0.05597376869991422,0.12084257384762168,0.026256689727306368,-0.01585744373500347,0.01569108816795051,-0.1559211265668273,-0.12821446399670094,-0.021337671757210047,-0.22196622377028688,-0.1697365199937485,-0.03302545678801835,-0.0017794558731839061,0.016726188301108776,-0.007134682713076473,0.07120959421619773,-0.1039254217594862,0.0,0.0
Cct3,0.24919464736245572,-0.053226586608216164,-0.006241452009417117,-0.014605770502239466,0.00422850604634732,0.0008519130572676659,-0.04449496139772236,-0.03770847990177572,0.10497900890186429,-0.006387132853269577,-0.038549045957624914,0.05657580871134996,-0.12943127581849695,0.009203650844283403,0.08344077391084284,0.07792269996367394,0.004262948129326105,0.005272934716194868,0.020496052652597428,-8.525429293513299e-05,0.07668377527967095,0.017831047140061854,2.0,1.0
Cdc25b,0.1359700108412653,-0.08639609197620303,0.0809888064302504,0.07515481688082218,-0.0036172692291438577,-0.0003970609977841377,0.003935430054552853,-0.05082798938034103,-0.13776775551959872,-0.003981726206839085,0.05811466046143323,-0.007546274904161692,0.03485091543290764,0.013866749602602795,-0.16227549606002867,-0.023018539622426032,-0.025884587904438375,0.007360682170838117,0.018625879478640854,0.012507624817080796,0.05107448257040233,-0.01094503128901124,2.0,1.0
Nup160,0.032767658196389673,0.0682018049992621,-0.01673202123492956,-0.048042519884184,-0.0017826060391962527,0.000755838118493557,0.0022639646101742985,-0.029633308546617627,0.06026889898814261,-0.004879745580255985,-0.020666420329362153,-0.03773124502040446,0.02718876669940073,-0.0011227817309554667,-0.3795219192816876,-0.11538994581671431,-0.023133483910933138,0.023493197616189718,0.038470070473849774,0.001613798290491104,0.04904640945140273,-0.05511460575275123,2.0,2.0
Herc4,0.09579790741205216,0.016219389424659312,-0.043956285840831694,0.14961593460757286,-0.14029555754736067,0.0008519130572676659,-0.00030835728161036967,-0.04310917863622308,0.05403660384938121,-0.004657843080349266,-0.032390893744304775,0.013661725083366036,-0.058497974765487015,0.04465416577004362,-0.023512280797585845,0.02681498991092667,0.004262948129326105,0.014806251395493747,-0.018432567089330405,0.008485154705122113,-0.17581993100233376,-0.04104623781517148,2.0,2.0
Snrnp48,0.22512628933414816,0.07998006567824632,0.009112438336014748,-0.018391998875886204,0.002218794045038521,0.0008519130572676659,0.00463387843221426,-0.035096638891845944,0.08290956227108837,-0.004539177855476737,-0.03935769526287913,0.045758542735129595,0.0576267561595887,0.07134262991545257,-0.03557316190563142,-0.018968717458192258,0.004262948129326105,0.024979287162423133,-0.00808857623487711,0.015535552501678467,-0.08915883434005081,0.023342941785231233,2.0,1.0
Mark4,0.18315011262893677,0.047062192948069424,-0.0018590818252414464,-0.05869164764415473,-0.007822007746435702,0.0005636882781982422,-0.0007239351607859134,-0.027251902408897875,0.092601980259642,-0.010616260701790453,0.03050685209222138,0.04213189514353871,-0.02381807180587202,0.003424708436941728,-0.051102710850536824,-0.21416659691371023,0.0006453211838379502,0.004011460542678833,0.05128464459441602,0.008319206959567964,-0.05439305296633393,0.03982994152233005,2.0,2.0
Ehmt2,0.2334938807785511,-0.003900561835616827,0.004436980974860489,0.082512001930736,0.0009747367817908526,0.000755838118493557,0.005362337674014271,-0.03728560829535127,0.1097167019546032,-0.003981726206839085,-0.03273868748918176,0.053004713319242,0.0530546873062849,0.00022370642283931375,0.13378606530372053,0.07571784913772717,0.010662046056240796,0.0081833253800869,0.04210998798254877,0.009620209401473402,0.10466614881530405,0.03689747475087643,2.0,1.0
Nrg3os,0.17573922022245825,-0.005098296366631985,-0.029419974680058657,-0.02112984536215663,0.014962550792843103,0.0008519130572676659,-0.0003795726178213954,0.033982608716469256,0.04431060900911689,0.029415111117996277,0.030584118394181133,-0.0629643941973336,0.09790528530720621,-0.029616710150730797,0.09447008330607787,0.07715847383718938,0.018111710157245397,-0.04728694988414645,0.04621343119069934,0.003972010547295212,-0.19227734628599136,0.03381116278469563,0.0,2.0
Tmsb10,-0.21800225147861055,0.0261963257053867,-0.047526494087651375,0.054072765270248055,-0.09756115534575656,0.0008519130572676659,0.0032306709187105297,-0.010925334608182312,0.023279966432601214,-0.006659393645823002,0.016744459900073706,0.00190115537494421,0.06455906859482638,-0.034386901152902286,0.01661893159383908,-0.05096273149596527,-0.031872557550668715,0.02309491439256817,-0.0029800233617424967,-0.011433383049443364,-0.09001061745453626,-0.0349166405107826,0.0,0.0
Usp50,0.14807371167000383,-0.014840841791592538,-0.004272090392187238,-0.02599854035768658,0.013283517844974994,0.0008519130572676659,0.00290576989762485,-0.012218316048383714,0.07522751410491764,-0.004861133033409714,-0.050245055900886654,0.009023963920772076,0.12069198333658278,0.009812589098000899,0.13371694115456192,0.005895659499801695,0.008219737280160188,0.02064472661819309,0.013984014671295881,0.014859240017831326,-0.06981737732421607,-0.006840870277956128,0.0,2.0
Dip2a,0.0903118446143344,0.05447259585838765,0.005504820391070098,-0.01818528476636857,0.01408434446901083,0.000755838118493557,-0.00030835728161036967,-0.03678465334000066,-0.1036505451798439,-0.006028026281856,-0.07094055497087538,-0.013769949190318584,-0.04738993590231985,0.05864521986048203,-0.027935341042466463,0.05801750414771959,0.012039975859224797,0.010955072659999131,0.00870099175721407,-0.002141081131994724,-0.11997039414010942,0.024786196677014233,2.0,2.0
Gm16152,0.12410652928054333,0.031420352086424824,-0.025863604377955197,0.012895204246742651,-0.0080825638724491,0.000755838118493557,-0.022206988353282213,0.017197754206135868,0.06785090165212751,-0.016603516698814928,-0.019505773219279945,0.021716048950329424,-0.1309959913790226,-0.0551072242599912,-0.27732189545873553,-0.031335191649850457,0.024630653727799653,0.005552168916910887,-0.0005538516724482178,-0.010549039132893085,0.0521332086250186,0.019280004091560842,0.0,0.0
Taf15,0.24041612759232522,-0.013904445390217006,-0.0016477965377271176,-0.011926415441557765,0.013423353820107876,0.000755838118493557,-0.001027080798521638,0.02914228497771546,0.08734869183041155,0.08906332254875451,0.021856521451845766,0.04374235987663269,0.0950348217971623,-0.03161672755260952,0.12400032284669578,0.029269371156115085,5.336827598512173e-05,0.00822825012728572,0.005717207938432694,0.00990206497721374,0.09180625766050071,-0.01999812898226082,2.0,1.0
Epha5,-0.22896901363972574,0.06352125199045985,-0.011795046608895063,-0.04659200713504106,0.3398226569965482,-0.05454084694385528,-0.0037558819889090956,-0.015539124649949372,0.01995456459466368,0.047992319222539666,0.0128047818178311,-0.08290947505272925,-0.10218024772591888,0.003343748326878995,-0.14587778744054958,-0.14940432973904536,-0.006543916994705796,-0.018065717089921236,-0.04804336267523467,-0.10040900588035584,-0.0001719162706285715,-0.047524278378114106,0.0,0.0
Gm26954,0.2740901096723974,0.0722478434164077,-0.022823340836912395,-0.007656486184569076,0.008112769266590476,0.000755838118493557,0.0016779017075896263,0.07467166643589734,0.05513578260317445,-0.003618009043857455,0.018819718291051685,0.01976235747744795,0.09862656762823463,0.025652222917997278,-0.037125016711652276,0.11315131137613207,5.336827598512173e-05,0.023457082714885474,-0.05060730036813766,-0.07216301765292883,-0.052620766144245865,-0.042911322107538584,0.0,1.0
Zkscan16,0.2639828864997253,-0.0424972260883078,-0.03930472679901868,-0.01970044557005167,0.010751354605890811,0.0005636882781982422,0.00035324652679264546,0.0705622714268975,0.1127740233577788,-0.006144158593378961,0.017787351314909758,0.0110880090855062,0.09142680549994112,0.052762050798046405,-0.018374399617314338,0.12524482355220243,-0.002828879440203309,0.008087564883753657,0.01127584327943623,-0.002141081131994724,0.1035948419990018,0.028002750277519226,2.0,1.0
Bbs4,0.23608657368458807,-0.055562187945470215,0.00663969564717263,-0.013317372924648225,0.0011026803404092789,0.0005636882781982422,-0.00012075557373464107,-0.03768953160615638,0.12700212499126792,-0.0046658818749710914,-0.03316453887149692,0.0009528501890599727,0.10435050288215279,0.028831507919821888,0.026494248444214462,0.019199483112897722,-0.006838993988931179,0.008750358000397682,0.031195499245077373,0.01884071104694158,0.07640596975106746,0.03749694738537073,2.0,1.0
Srcap,-0.016906836316920817,-0.06652726342435926,-0.025461190650239586,-0.07259132345207035,-0.009544564438983797,-0.0003970609977841377,-0.0038580088037997486,-0.07690056183375418,-0.14556636809371412,-0.02140828694216907,-0.06204856922384352,-0.0063745017489418385,-0.006094907457008958,-0.0645146223437041,-0.30420475447084755,-0.002185631769243628,-0.027141213659197094,0.0034526658058166505,0.008995613218285143,-0.009637316763401032,0.05290967700537294,0.025700072441250086,2.0,2.0
Gpr22,0.266378546692431,-0.02838609090540558,-0.004642691258341074,-0.002548246543155983,0.002076102960854769,0.000755838118493557,0.0008717262372374535,0.002935904935002327,0.10203881199471652,-0.015808499259874223,0.016645880741998555,0.026564061461249365,0.05924555222503841,-0.027626461244071834,-0.0024322829488664867,0.04303239717381075,-4.270665347576141e-05,0.014122981000691653,-0.0318169360072352,0.007592568947002292,0.08464515514671803,-0.04235403097234666,0.0,1.0
Myo5b,-0.5236109791696072,-0.03138678898103535,-0.011862420542165637,-0.05765045837499201,-0.14713312312029303,0.000755838118493557,-0.05723235408077017,-0.027253602587152273,0.0423183477576822,-0.004172407938167453,0.011564808012917639,-0.04030522530898452,0.05761251429561526,-0.012840975006110967,0.0388310758350417,0.009391575390473007,-0.001332616014406085,-0.07083970703184604,-0.012026715707033873,0.0053579587489366535,-0.09931119131098967,0.02704328015446663,2.0,2.0
Rogdi,0.1775281940540299,-0.022720708737615496,-0.00021323977038264274,0.006769838221371174,-0.005778463245369494,0.0007174081448465586,0.0010817057685926557,-0.01800041458918713,0.008989862967282533,-0.0040199610451236364,-0.011539095169864596,0.059385003224015236,0.057736501209437845,0.05585448869387619,0.011164577864110469,-0.010685513601638377,0.01197370644658804,0.0075905234180390834,0.08107109510339797,0.0010918073263019323,0.058241738537326455,0.031379627622663976,2.0,1.0
Gm26827,0.1304271137714386,-0.00353326465934515,0.002882943167351186,-0.03330317703075707,0.014019760861992836,0.000755838118493557,-0.0012146825063973664,0.02873830872355029,0.0594039430655539,-0.010812700181268155,0.018260237826034427,0.04353222230449319,0.059856300316751,-0.003206063099205494,0.04954056538175791,0.04485185061115771,5.336827598512173e-05,0.020492156222462653,-0.0014633695222437382,-0.012309175673872233,-0.14909481949638576,0.03176901806145906,0.0,2.0
Mink1,0.11124834232032299,0.00011427268385887146,0.0004067989997565746,-0.01349464084021747,3.228806890547276e-05,0.0005636882781982422,-0.0010991384275257587,-0.06528106183512136,0.10252725993283093,-0.013521027034148574,-0.035787879615090785,0.030794252790510655,-0.13735883364570328,-0.01933124951319769,0.04903646688675508,-0.005256616056431085,-0.006838993988931179,0.015650935918092728,0.02605300521478057,0.026121690017171205,-0.06188627399329562,0.03227966966107488,2.0,2.0
Gap43,0.11151490541175008,-0.0014200338069349527,-0.005317602371796966,-0.011302594868466258,-0.14002962879836559,0.0008519130572676659,-0.00030835728161036967,0.029484699841123074,0.04849231019616127,-0.004899367871694267,0.030045018838718532,-0.012536900602281093,-0.0350535358209163,0.0492601086338982,0.01900652673561126,0.015736238455865532,0.004262948129326105,0.015805147141218185,0.014907189812511205,0.013439588528126479,-0.08010424378328025,0.040583312613889574,2.0,2.0
Garnl3,-0.3404364016558975,0.008721363907679915,-0.008578330380842089,-0.04939838886260986,0.11341047258116305,0.0005636882781982422,-0.004853337577078492,-3.56458337046206e-05,-0.006730496152304113,-0.004993709553964436,-0.016567114815115927,0.028394492706283928,0.023689598124474288,0.01334349773125723,0.02755692715989426,0.031161052559036763,-0.008849718272686005,-0.11340410359203816,0.019495250289328397,0.02272637132089585,-0.06844372136518359,0.018625558316707612,2.0,2.0
Ubr4,-0.39693728133570405,-0.055946442922577264,-0.018668534052558243,-0.07442022556439042,-0.155832594120875,0.0005636882781982422,-0.00026037019211798905,-0.007683140898589045,0.052509043496102095,-0.009887801478616893,-0.013282237583771348,-0.010092026349157094,0.06689931940287351,-0.02808970986458007,0.07038034718949347,0.0544604306598194,-0.004492060588672757,-0.1383361060731113,0.012470977832563221,0.00664803221821785,-0.11042724123690277,0.15224874851293863,2.0,2.0
Cul1,0.09121702427975834,0.11302743143867701,0.09898628408554941,-0.041370382457971575,-0.0019061032682657242,0.0005636882781982422,-0.0012936828564852475,-0.03328527603298426,-0.1270728383678943,-0.016161889126524328,-0.058445496680215,0.01980725223198533,0.09960951963439584,-0.061814454882405695,0.13675169387366623,0.012660341360606253,-0.005061361212283373,0.013506758706644178,0.022610306693241,0.032431997656822205,0.0661805663490668,-0.05044280470348895,2.0,2.0
Nek9,0.08701927133835852,-0.06042947036679834,-0.004546335246413946,0.006536332070827484,-0.0090468987589702,0.00046761334873735906,-0.0009501831326633692,-0.052615894749760625,-0.15509271304123104,-0.013140000449493528,-0.07767374742776155,0.03096294537652284,0.03034561931155622,-0.008254339531995357,-0.06711313923820854,-0.0325965521321632,0.03516619382426143,0.01566774755716324,-0.0016178860422223806,0.029910697331652046,-0.07558216484729201,0.013521331511437893,2.0,2.0
Rnf170,0.24277533072046936,0.17506605825386942,0.07699507049284876,-0.028567851027473806,0.005126909902319312,0.0005636882781982422,-0.0007477809395641089,-0.02254014684469439,-0.10317510541528463,-0.02129215463064611,0.059301882483996454,-0.07291223553009331,0.09645800903439522,0.030369723220355808,0.10001617875881492,0.010469604509416967,-0.008349706940352917,0.007164618419483304,-0.00010209184139966965,-0.005189051683992148,0.05252675849478692,-0.022237028758972884,2.0,1.0
Gm14330,0.012025752272456884,-0.04720404380001128,-0.013237155829556287,0.05417247442994267,0.0003885158430784941,0.00046761334873735906,-0.0026270538102835415,0.01840594773180783,-0.09210640716832132,0.0025039699533954264,0.016191063763108103,-0.12752997189760207,-0.2857068024110049,-0.01635664123808965,0.08040073195006699,0.034698298862203956,0.03516619382426143,-0.0021700114011764526,-0.036984823206439615,0.010661576958373189,0.03749960787594318,0.009596885731443763,0.0,1.0
Smyd3,-0.5359681816818193,-0.0018973175738938152,-0.02920660764910281,-0.05765045837499201,-0.14713312312029303,0.000755838118493557,0.0035017820028588175,-0.02696834959089756,0.026583990678191186,-0.004281435771845281,0.011564808012917639,-0.04558339022099972,0.04147095619700849,-0.02233146538026631,0.07169789152219891,0.0035402430733665825,-0.00373498878441751,-0.13872382602654398,-0.015538705992512405,0.009390258882194757,-0.11042724123690277,0.020542334709316493,2.0,2.0
Mrpl57,-0.05556747529655695,0.04766813418827951,0.004171505020931363,0.08738491985481232,0.0011705928528681396,0.000755838118493557,-0.0026270538102835415,-0.026414346962701528,0.013173159202560783,-0.008599293734878301,0.013880909667350352,-0.13368748975917696,-0.10964440391398966,0.029014230143511666,0.05129120047669858,-0.022010330052580684,0.0004718055855482817,0.005729712750762701,-0.016111373864114285,-0.01045664762146771,0.03820271470583975,0.004493554262444377,0.0,0.0
Rpl23,0.06523632432334125,-0.0037507811468094586,-0.005484556616283953,0.02118184613995254,-0.0064458741853013635,0.0007174081448465586,-0.0006872336193919182,-0.05592771154595539,-0.00646575728431344,-0.01745683120097965,-0.04813386517576873,0.036084603741765024,-0.1565036242408678,-0.032773626174312086,-0.03334557212190702,-0.014803732705768197,0.01197370644658804,0.006079893782734871,0.03220440492033958,-0.014175805747509002,0.03703329427167773,0.013676596153527499,0.0,0.0
Gm16070,0.12697688257321715,0.10524393211351707,-0.006337505457922816,-0.049483254281803966,-0.006310425838455558,0.000755838118493557,0.00042660285253077747,-0.02579911908134818,0.0873824268206954,0.02433259063400328,0.034404795218724755,0.012595748640596866,0.07457455640658736,-0.02466965763713233,-0.0663658311869949,0.01078348653158173,-0.005213372027501464,0.02628243960440159,-0.005376784685067832,-0.08016548957675695,0.07444217593874783,-0.08393012051470577,2.0,1.0
Med24,0.2810538457054645,-0.003958547138608992,0.004016147539950907,0.016566569440765306,0.13815765394712798,0.015846201526001094,0.001412583771161735,0.06743494304595515,0.09642778377048672,-0.005462313871830702,0.019404649883508682,0.05342210028320551,0.04241553752683103,0.01098307172069326,0.11373653624439611,0.0595243413397111,-0.0017553456919267773,0.007335200365632772,0.041990054184570906,-0.008339009820483625,0.10048487538471818,0.038400994976982475,2.0,1.0
Galnt11,0.022513924529775978,-0.02366986418142915,-0.02585404970450327,-0.05783760682679713,-0.000563003895804286,0.0008519130572676659,-0.007169187143445015,-0.005656046522781253,0.05889662466943264,-0.013117767665535211,-0.019292593570426106,0.04082190554589033,-0.12285607852041722,-0.04562907886574976,-0.3898379978374578,-0.21870490699773654,0.021171956472098828,-0.00047699907794594763,-0.014440693813376128,-0.011343861743807793,0.017253389586694538,0.030933863054960965,0.0,0.0
Rps24,0.15845451592467724,-0.044631008207798,-0.0008711437787860632,-0.021123002031818033,0.0012868193956092,0.000755838118493557,0.00022055955138057472,0.04260891987942159,0.1000419556349516,0.08425479620695114,0.019237926830537617,0.024552883827127517,-0.1884064390603453,0.08680945425992831,0.05679108499549329,0.0085091536748223,0.007721645385026931,0.007511464171111584,0.019793257173150777,0.0036619271989911796,0.06030498536303639,0.021889026928693055,0.0,1.0
Dynll1,0.09521143631543964,0.04345978131517768,0.004858414568006992,-0.020759008085587994,-0.024672083309851586,0.0007174081448465586,0.0008165716659277678,0.03251138272928074,0.0172018563747406,-0.010616260701790453,0.026919818243477493,0.03969104260206222,-0.24018152913544327,-0.07439962161239237,0.003117789439857006,-0.0001454124436713755,0.01197370644658804,0.006164225433021784,0.015330081842839717,0.04976059027016163,-0.001451944736763835,0.014567012488842011,0.0,0.0
Ppfibp1,-0.318345897346735,0.008796395328827202,-0.016350666577927768,-0.04646794624160975,0.002772894063964486,0.000755838118493557,0.00028765482362359763,-0.05629454366280697,-0.05469637039117515,-0.007471690154634416,-0.03834416780155152,-0.016056833807379007,0.07245413316879422,-0.01709106739726849,-0.04620639424305409,0.056822709734551606,0.00827991807833314,0.018024789821356534,0.02100726612843573,0.01103286588564515,-0.07016741294413804,0.02062788913026452,2.0,2.0
Snta1,0.23417264750692993,-0.027902797143906356,-0.007724852873943746,0.0038532938761636614,0.017448041853494942,0.0008519130572676659,-0.001106081148609519,0.07470804067095742,0.06989333054050803,-0.006352292406372726,0.019404649883508682,-0.06287393741309642,0.12439080469310283,0.020224545164383018,0.03621929295361042,0.11055654987692833,-0.020664823520928622,0.005739860208705067,0.0030882103648036717,-0.011132432753220201,0.09005311786197126,0.015144528280943632,2.0,1.0
Nrxn3,-0.3092303421720862,-0.04745325991883874,-0.019438279615715145,-0.07204494340810924,-0.10984143844805658,0.000755838118493557,-1.699965912848711e-05,-0.04899255019146949,0.027710177940316497,-0.0038604980939999224,0.013695392368827015,0.02830041308887303,0.06610450610984117,-0.01436923909932375,-0.1402043522382155,-0.15773118312004952,-0.01075730918906629,0.0114527847757563,-0.047004916439764205,-0.03475753745995462,-0.0163197606819449,-0.0901048153731972,0.0,0.0
Slc2a13,-0.5133994698151946,-0.00897495255805552,-0.02339603483211249,-0.058541790731251236,-0.058097651889547706,0.000755838118493557,0.0005542568815872074,-0.02985634526470676,0.04977350974455476,-0.005526226493529975,0.011564808012917639,-0.02677427129819989,0.0838306413218379,0.09027172712318134,0.1420275292126462,0.08411883363034577,-0.001332616014406085,0.033540861234068874,-0.005449815336614847,0.003784869983792305,-0.04962248893920332,0.026931821927428247,2.0,2.0
Brsk1,0.24366170414723456,0.05997069160453975,0.09866739167831838,-0.04637989093316719,-0.006742969912011176,0.0005636882781982422,-0.01119066403247416,0.10710757898516021,0.11253147983923555,-0.020962780700065197,0.017976036148611457,0.022792974589392542,-0.1230714772734791,-0.0550830473867245,-0.007179667539894581,0.012881169642787427,-0.0038452679198235275,-0.013084377571940422,0.04002603282220662,-0.0022457280196249486,0.0854241700982675,0.040498690884560345,2.0,1.0
Fmnl2,-0.39420918023213747,0.06635118916165084,-0.032079985979944464,-0.06645717352628708,-0.09680646826978773,0.000755838118493557,0.00028765482362359763,-0.050773448022082446,-0.04023132997564972,-0.004435802921652794,-0.022399884541518988,0.010984953446313738,0.06718555094208568,0.037587359417811966,-0.013714631367474795,0.03530862140702084,0.00827991807833314,-0.0772368287295103,-0.011787407772499137,0.0083380813524127,-0.08927152659744024,-0.057064720205962656,2.0,2.0
Dhdds,0.1858980760257691,-0.07326763024553656,-0.006181165184825659,0.009112181793898343,0.0024999041529372335,0.000755838118493557,-0.004167560636997223,0.10120596466818825,0.10767171019688249,-0.016037522573024033,-0.02106090007349849,0.04796936644241214,-0.09858121427707374,-0.008378517744131387,0.01952456417493522,0.04088237978285179,0.006705256905406714,0.00808013040572405,0.000800567278638482,0.024218271588906645,0.07729413928929717,0.024011691147461534,2.0,1.0
Rgs6,-0.4813817321695387,-0.008293523034080864,-0.0054680201737210155,-0.05014449540525675,0.01177577187307179,0.000755838118493557,-0.011028123183641582,-0.02884707032935694,0.037981161326169965,-0.004110232479870319,0.011564808012917639,-0.03119896164163947,0.058408220033161345,-0.016436425888095983,0.02812721865484491,0.07642543161753565,-0.001332616014406085,-0.13691412039101125,-0.012969059022143483,0.022915517305955292,-0.10019825379073154,0.019222585251554847,2.0,2.0
A230004M16Rik,-0.5131487548910081,0.08974076971877366,-0.05359441824257374,-0.07377291914541274,-0.06389900129288435,0.000755838118493557,-1.699965912848711e-05,-0.02124925108626485,0.036380493910983205,-0.003409189726226032,0.015101782109122724,-0.01546471267938614,-0.06078683572821319,0.08348704474163242,-0.034151939789298924,0.0024653363996185364,-0.00373498878441751,0.01627316913101822,-0.03328523100819439,-0.0695360772497952,-0.06140978764276952,-0.08905955785885453,0.0,0.0
Odf2,0.08595264947973191,-0.047579075149260464,-0.030180153655819594,-0.07144248175434768,-0.000888843759894371,0.00046761334873735906,-0.0008563822973519564,-0.03841695516719483,-0.13019731705076992,-0.02129215463064611,-0.05834225998260081,-0.011475322786718607,0.06575637795031071,-0.07585655243135989,0.10298362776171416,0.005296773239970207,0.03516619382426143,0.015985362976789475,-0.011940650213509797,-0.008363601472228765,-0.12544716981705278,0.021456351932138205,2.0,2.0
Ube3a,0.16200444692745805,-0.054984299326315524,-0.006171794990077615,-0.024183727614581586,0.01200986050069332,0.0008519130572676659,-0.0016951505420729517,0.032989273013081404,0.07058225498534738,0.1287542165024206,0.01788286813534796,0.025356517601758242,-0.1908441300096456,-0.07460782195441425,0.0863293160730973,0.03812089697690681,0.004262948129326105,0.0108746930770576,-0.01357440374791622,0.003242332311347127,-0.0625004835688742,0.03176901806145906,0.0,2.0
Sptbn4,0.08070085355313494,-0.02387035890482366,-0.006008594194427132,-0.06038693643175066,0.001844659447669983,-0.0003970609977841377,-0.0054734246898442505,-0.06972528357408009,-0.15671641444787382,-0.020846648388542235,-0.057304493342526255,0.009422128442674876,-0.14123985909041947,-0.10956121250987053,0.07332422037841752,0.002072537359781563,-0.022890861835330723,0.011387417707592249,0.008107417169958353,-0.0022457280196249486,-0.02138444839802105,0.0242511154897511,2.0,2.0
Sel1l3,-0.00944815533235669,0.09443916137330234,-0.029335648976266383,-0.04756403800565749,-0.0008628314919769764,0.000755838118493557,-0.00026037019211798905,-0.05398679994046688,-0.05829853144474328,-0.004040760421194136,-0.01629579928237945,0.003565075658261776,0.06548026551492513,-0.021084739909274505,-0.03711601615184918,-0.006455048827920109,0.009665902368724347,0.013407579269260167,0.012070387047715484,0.006619786499068141,-0.06974386830348521,0.02476639430038631,2.0,2.0
Plxna4,-0.2915331575972959,0.002985944980755448,-0.019001616314053536,-0.07884051109198481,-0.027774748150259255,0.000755838118493557,0.03785422914195806,-0.03651041506556794,0.037748466739431025,-0.0073387932823970915,0.011088364995084704,0.01356145397759974,-0.07030053974012844,-0.031762732460629196,-0.12407752929255367,-0.14416922037024052,-0.01075730918906629,0.005348242297768593,-0.01764641090296209,0.009646104462444783,-0.04045198718900792,0.024815788241103292,0.0,0.0
Kcnd3,-0.44450720507185904,0.0210213253647089,-0.0201268556015566,-0.07433957185596228,0.004258117256686091,0.0008519130572676659,0.00028765482362359763,-0.04904073690762743,0.018107006642967462,-0.00860034856479615,0.014989059930667282,-0.13705188422929496,-0.04704650144092739,-0.013538134685368276,-0.057431238808203486,0.0421724825236015,-0.02205080781131983,0.010058875451795757,-0.01959341801702976,-0.00582653570920229,-0.0769774351362139,0.01881203418597579,2.0,2.0
Grik4,-0.4433922490430996,-0.03754666358232498,-0.011422518719919027,-0.04741119313053787,-0.15054611303843557,0.0008519130572676659,0.00469292770838365,-0.011118670359719545,0.02556735069490969,-0.004993709553964436,0.012103907568380236,-0.026846493426710367,0.038815542301163075,-0.005110592903220095,-0.00766125304158777,0.04258283328497783,0.0028769638389348983,-0.13625998446717857,0.0025563662173226477,0.022080312529578806,-0.10411096273630392,0.1545328604709357,2.0,2.0
Foxn3,-0.4686629153462127,-0.006165692731738091,-0.0051791813271120195,-0.05209399618208408,0.007577841402962804,0.0008519130572676659,0.00028765482362359763,-0.02884707032935694,0.03979926167987287,-0.00871648087631911,0.012103907568380236,-0.02156832883134484,0.06583621930796653,-0.0012688952899770811,-0.049124221014790234,0.05190098102204502,0.0028769638389348983,-0.04526222848333419,-0.01792936645448208,-0.00582653570920229,-0.10411096273630392,0.026931821927428247,2.0,2.0
Kif13b,-0.3778439271193929,0.01400428168475628,-0.007162093962542713,-0.05533677174709737,0.00751325779594481,0.0005636882781982422,-0.01191838769474998,-0.060374964171787726,-0.06142117672134191,-0.004633519537746906,-0.02337484695017338,0.027622905280441045,0.028554074475541712,-0.02903010178357363,0.14490550190676005,0.03868587917182595,-0.008849718272686005,0.015250505125150084,0.00895360117778182,0.025359571427106858,-0.03746249774005264,0.016619155798107386,2.0,2.0
Pkn1,0.23915100120473654,0.08551789025310427,-0.00676763262366876,-0.01932585982605815,0.012265525008551777,0.0005636882781982422,-0.001106081148609519,0.04830212095519528,-0.10216654585674405,-0.010696567869745195,-0.04185621766839177,0.0031613814644515514,0.12188591577112674,-0.010451628312584943,0.04248233551392332,0.11673310804879293,-0.010328101515769959,0.006974164373241365,0.006151027665473521,-0.012678771484643222,0.039563098987564445,0.030910971015691756,2.0,1.0
Cers4,0.2384449419984594,-0.04247425459325314,0.10247091643512249,0.020410480946302413,0.005404943963512778,0.0005636882781982422,-0.001106081148609519,0.028737791932653637,0.11155732138082385,-0.016947879223152995,0.019404649883508682,0.035698110852390524,0.09272385194897652,-0.12416114129358903,0.11127580053173006,0.0765579497278668,-0.002828879440203309,0.006871209861710668,-0.003367925202473998,-0.008400229709222913,0.08967044506687671,0.020529068005271257,2.0,1.0
Adam15,0.16981986687518658,0.019593308130279184,0.02039391621015966,0.08220185288693756,-0.00028483963571488856,-0.0003970609977841377,0.0008165716659277678,0.08619483047164976,-0.1323588103428483,-0.0025652501732110976,0.032865193232428286,0.01802956606261432,-0.1366218323074281,0.06132643660530448,0.06230584665900096,0.04147798224119469,-0.022890861835330723,0.014963634628802538,0.08192000853829086,0.030609614169225096,0.0020500869490206242,0.029372199308127164,2.0,1.0
Ntng2,0.09403183234855533,-0.059831356732174754,-0.006205895212478936,-0.04165261815302074,0.012569892173632979,0.000755838118493557,-0.004980064462870359,0.03144981411984191,0.0890960325114429,-0.013492946256883442,0.018260237826034427,0.04367891928181052,-0.1219501817971468,-0.012704380222130567,0.06472724789753556,0.04677886941703036,-0.003956746272742748,-0.0569660466350615,0.020845745936967433,0.0061251134378835555,0.0810573613550514,0.04877774479798973,2.0,2.0
Ptpro,-0.37315407616551965,0.03377858187071979,-0.031758939577266575,-0.08128834977746009,-0.006625927956774831,0.0005636882781982422,-0.024531567005906255,-0.04221357805654406,-0.04686920145060867,-0.003635337948799133,0.019571985572110862,0.0065597668848931786,0.05481390779837966,-0.03138864248991013,-0.052982182065024974,-0.019079554486088456,-0.006447345502674579,0.01852954991161823,-0.05672612754162401,-0.03209234008565545,-0.06358427030500025,-0.07087626518681646,0.0,0.0
Dhx29,0.14858929316047578,-0.04607059723231941,-0.018380147381685676,-0.026337538147345185,0.015014103455469012,0.0005636882781982422,-0.00030835728161036967,-0.049443811615929006,0.11895792288705706,-0.005363897117786109,-0.03430077264085412,0.01760801994241774,0.13285479607060552,0.040518336480599826,0.04488758826861158,0.09387406785041094,-0.008095619743689894,0.012055242899805307,-0.03947917491197586,0.01306999271735549,0.08532667186111212,-0.06941988456994296,2.0,1.0
Dhx33,0.1701071155653335,-0.04678365492029116,0.0025291141076013448,0.08101675721234641,-0.0031170974648557603,-0.0003970609977841377,-0.032628536554984745,0.06775786515325308,-0.15369240222498776,0.0730886982101947,0.035427634702064094,0.021553494902327656,-0.13716464104130865,0.1402313275798224,0.04284771541832015,0.00810791808879003,-0.027141213659197094,0.005623725932091475,0.015697931568138302,0.007585264770314098,0.003322925344109535,-0.0178474923921749,0.0,0.0
Rps12,-0.23489867439493536,-0.035791114480234684,0.003084306912496686,-0.015317247845232487,0.005539174368605018,0.0008519130572676659,-0.00013774065766483545,0.011880280787590892,0.013438139352947473,0.06847241272684186,0.015150431545916944,0.007708130488172173,-0.1766314782819245,-0.042443915685871615,-0.007728601307608187,0.0012491654069162906,0.001206267513334751,0.02232803501188755,-0.053859549509361386,0.009396957317367196,0.023798433656338602,-0.042911322107538584,0.0,0.0
Khdrbs2,-0.49066646015737203,0.052638332918286325,-0.005686927121132612,-0.053866870179772375,4.308843985199928e-05,0.0008519130572676659,0.00028765482362359763,-0.031995820347219706,0.015304725943133235,0.018901520958170295,0.014468340133316816,-0.10175684009213,-0.07466639447025955,0.021092082799295895,-0.031247223257087172,0.03335180934285745,-0.02205080781131983,0.00732679002918303,-0.009262997526675462,0.006071949256584048,-0.06333488463133108,-0.07583225368522108,2.0,2.0
Rassf8,0.05551061435136944,0.03218992582289502,-0.027651903592050074,-0.0581230622343719,0.003480939343571663,0.000755838118493557,-0.0014191872347146272,0.07995101139880717,0.06365364955738187,-0.010336377853527666,0.019944923841394485,0.04392933692783117,0.09622209368273615,-0.033307455847971144,-0.1105641118530184,0.0174118987750262,5.336827598512173e-05,0.009432659316807986,-0.010200935141183436,-0.010907165855169296,-0.012331030028872193,0.03375751688145101,0.0,2.0
Arhgap20os,0.02846219959668815,0.013645705725066364,-0.004142470108345151,-0.05090165255591273,-0.0032656519440934064,0.0005636882781982422,-0.0038580088037997486,-0.03565005302429199,-0.12744148889556528,-0.005322244632989168,0.048135618823580445,0.03033411195501685,-0.007128797294571995,-0.021167976735159754,-0.14407668977510185,0.004230752219446004,-0.005061361212283373,-0.05126479348167777,-0.008309899549931287,0.02479948239400983,-0.10624311352614313,0.023740463890135288,0.0,2.0
Gm26879,0.13205183247104288,-0.02264150229166262,-0.014380352422595024,0.11925989405601285,-0.0016488913004286587,0.000755838118493557,-0.0032836595829576253,0.054912965963594615,0.08422480864450335,-0.019729269035160542,0.024726439621299504,0.02727163870818913,-0.07053482624702155,-0.054913841306697575,0.006101349806413054,-0.007801576710771769,0.01686630168929696,0.005648185517638921,-0.016377292613033206,-0.00960678436793387,0.08148304805159569,0.02075749565847218,0.0,1.0
Mgat4c,-0.4484584201266989,-0.004974886942654848,-0.029188864985480904,-0.07978411549702287,-0.004237962821498513,0.000755838118493557,0.0005458052782341837,-0.028101057466119527,0.04026771035976708,0.014783458109013737,0.015101782109122724,-0.01546471267938614,-0.08268329876475036,0.07460007078014314,-0.04314537736121565,-0.017653339789249003,-0.001332616014406085,0.013557690661400557,-0.061179216019809246,-0.07929414784535765,-0.08352630022447556,-0.08975824882276356,2.0,2.0
Chst11,-0.4100003860797733,-0.010931827034801245,-0.015053182039409876,-0.07427245476748795,-0.10757365088909865,0.0005636882781982422,0.0021286017610691486,-0.026909042047336698,-0.0792621946055442,-0.015589296342805028,-0.020273424056358635,0.013978939605876803,-0.008128523449413479,-0.08605956373736262,-0.07443229349795728,0.002716373885050416,-0.008849718272686005,0.011973638646304607,-0.0038922953605651854,0.02567986574023962,-0.03942796207498759,0.014057289203628897,0.0,2.0
Slc24a5,0.2929542755428702,0.11140841742046177,-0.03950442243367434,-0.01707512592896819,0.004739443687722087,0.000755838118493557,0.00463387843221426,0.04273872719146311,0.0877544467523694,-0.004655310166999698,-0.018268498480319976,0.029833260169252755,0.07921400958672166,0.03577832626819145,0.025575509211048484,-0.02285244854865596,-0.005213372027501464,0.023035596632398667,-0.012336352958809584,0.014721514880657196,0.0736271949019283,-0.038929067347198726,0.0,1.0
4921534H16Rik,0.1603320795018226,-0.06453494420275092,-0.013754444085061551,0.07893362963921391,-0.0029663549340330064,-0.0003970609977841377,0.000590323694050312,-0.018902205293998123,-0.18943857552483678,0.016474763341248037,0.03388820900581777,0.04157946953549981,0.05549018589779735,-0.022612261273898183,-0.0787289730226621,0.043302738852798936,-0.027141213659197094,0.006683745421469212,0.038473567049950363,0.004002951560541987,0.06789519649930298,-0.015596155230887233,0.0,1.0
2600014E21Rik,-0.41397776155732574,-0.001504238825291395,-0.004446390243247151,-0.05782947009429336,0.0067770147789269685,0.0008519130572676659,0.0003666551737114787,-0.028494625019375233,0.04290550792589784,-0.005320403627119958,0.011564808012917639,-0.01847924930974841,0.08597876949235797,0.11806581605691463,0.16782260184641928,0.0013281628070399166,0.006833752989768982,0.033001138716936114,-0.013806166164577006,0.005295472778379917,-0.05104554108518641,0.027195096584036946,2.0,2.0
Lrrn1,0.26745887158438564,0.09755461942404509,-0.022112369872629642,-0.007762065110728145,0.008580104382708668,0.000755838118493557,-0.0009375057462602854,0.033610854037106036,0.06927002317272127,0.03336042300797999,0.020437016859650613,-0.10485818660235964,0.04580774100497365,0.03728349171113223,0.0686575680761598,0.03967084672302008,0.004678600849583745,0.007838188093155623,-0.09474317547865212,-0.09983752258121967,0.0642913835728541,-0.024140794211998582,0.0,1.0
Rpl36,-0.29654686456546187,-0.027032268275506796,-0.0016433685272932053,-0.017997475033625962,0.005447328831069171,0.0009095580130815506,0.00463387843221426,0.008662464981898665,0.012276751585304738,-0.0063381883781403305,0.018564604385755957,0.008160337451845407,0.08268345020245761,-0.03107458455488086,0.06047125617042184,-0.04834232939407229,0.003071618899703026,0.011408171630464495,-0.023428398040123283,-0.006715228501707316,0.057019752037595024,-0.02055542011745274,0.0,0.0
Mmp24,0.08265658513177186,-0.013340674717910587,-0.01123310134280473,-0.027932608341798185,0.007743758354336023,0.00046761334873735906,4.489869344979525e-05,-0.04166843730257824,-0.17235149553976953,-0.00865025730803609,-0.05726406087633222,0.03730714170262218,0.007971380213275552,0.011631684626918286,0.04904820964671672,0.05983760175993666,0.03516619382426143,-0.01376300847157836,0.02131759960670024,0.0005123870633542538,0.0906606572214514,0.0242511154897511,2.0,2.0
Kcnh7,-0.3310099163791165,-0.04629445584025234,-0.021721729580312966,-0.07204494340810924,-0.10699109396897256,-0.002094506472349167,-1.699965912848711e-05,-0.06584209707565605,0.026701961387880148,-0.0038604980939999224,0.016936715170741082,0.02830041308887303,0.06883121773134918,0.006580637390725314,-0.1402043522382155,-0.14644478145521134,-0.01075730918906629,0.0114527847757563,-0.07397890482563525,-0.07010534269735218,-0.061045891839894464,-0.0901048153731972,0.0,0.0
St3gal3,-0.4651774124894291,0.025334507552906872,-0.003592434721067548,-0.05869785638526082,0.0067770147789269685,0.0005636882781982422,0.0035017820028588175,-0.03062531672650948,-0.04560241749044508,-0.005526226493529975,0.016035011475905775,0.04315505777485669,0.05127670619636774,0.06469153750920668,0.09290468013845384,0.004327807009685785,-0.008849718272686005,-0.14448157483711838,0.014037916795350611,-0.001075482927262783,-0.08815248064871412,0.02224233331158757,2.0,2.0
Tmem60,-0.2234786382690072,-0.03852097938768566,0.004974072799086571,-0.022026594765484332,0.005745690073817969,0.0008519130572676659,-0.0026270538102835415,0.057113211713731286,0.01162242265418172,-0.019407808184623718,0.015150431545916944,0.023514685779809953,-0.25049542673863473,0.03188027869677171,0.04764377397485078,-0.00521338261431083,-0.0040604727901518345,0.007093599769286811,-0.08786213724175468,0.024486217722296713,0.027999527081847192,-0.042911322107538584,0.0,0.0
Gm20404,0.2555183797888458,-0.0016621112124994397,-0.010012170132249594,-0.008378454553894698,0.00394843855407089,0.000755838118493557,0.00463387843221426,-0.02364327595802024,0.0850251848436892,-0.005067805238068104,0.03311738724820316,0.05470627423375845,0.10059255387634039,-0.018805180124472826,0.12045535292476416,-0.030166143476963045,-0.005213372027501464,0.009113316368311643,0.0016572803538292646,-0.0006246599648147822,0.09852628614753485,0.017083672014996408,0.0,1.0
Evi5l,0.11708905262872576,-0.07897992930375039,0.03978749537374824,-0.017272385121323168,-0.0061215432221069935,-0.0003970609977841377,-0.0011781387776136397,-0.06851366797927767,-0.13263082390651107,-0.01709664118476212,0.046073563117533925,0.022246180521324276,-0.1476631795009598,-0.01290157338604331,0.04242661403026432,0.007640847417060286,-0.021874473355710508,0.004935621749609709,-0.021641852094326168,-0.009945034617558121,0.0015485208434984088,0.012321658139117063,2.0,2.0
Calm2,0.19309256442822517,0.04799212746322155,0.004269420010969043,0.0874005088058766,-0.0025524158426560462,0.0005636882781982422,0.004578723860904574,-0.038130990518257024,0.08121044013183563,-0.004446415025740862,0.029333555307239294,-0.17689616918563844,-0.03184285283088684,0.052611829999368635,-0.0033485212875530124,0.05907829873263836,-0.002828879440203309,0.0007837168127298355,0.008913140990771354,0.005021749092265964,0.0642254036013037,-0.008170215813443064,0.0,1.0
Adamts9,-0.5088460522238165,-0.03666277422569692,-0.013266311003826558,-0.050026207733899354,-0.17456956564448775,0.006443473948165774,-0.0179089061380364,-0.028494625019375233,0.027199364192783834,0.024323708387091757,0.011564808012917639,-0.01403964228928089,0.055375282587483525,0.012336349414545112,0.027374805735889823,0.05475969264516607,-0.002755024414509535,-0.1629688646271825,0.008343442776240408,0.004728110407013446,-0.07157369352411479,0.02484249006025493,2.0,2.0
Ccz1,0.24482760483399033,-0.018761579119600354,0.018130307327955963,-0.033512178217060866,-0.002727985396049917,0.000755838118493557,0.0012418852699920535,0.07673902525333688,0.07162734613753856,0.041183877759613095,0.019404649883508682,0.0015529009699821472,0.04360422725789249,-0.06756525806849822,0.09887566513614729,0.0047346958401612935,0.006705256905406714,0.01734661068767309,0.03029161677695811,0.005579386139288545,-0.1451364828646183,0.040498690884560345,2.0,1.0
Usp4,0.1304953189054504,-0.02404486177954823,0.008248988608829676,0.18978131257463246,0.008049826500937343,0.00046761334873735906,0.0036342291394248607,-0.02535940205096267,-0.10601776053197681,-0.003865593895316124,0.04758072157390416,-0.02711814669892192,0.05657873693853617,0.00303396072704345,0.10825531948357821,-0.008342433939687907,0.03516619382426143,0.01761765478178859,-0.0037443163804709912,0.01954433790408075,-0.10936032332014292,0.014920544037595391,2.0,2.0
Ywhaz,0.2406071807257831,0.003587959473952651,0.004217685265466571,0.04885762087069452,-0.042697363879997285,0.000755838118493557,0.005080935130827129,0.06256922557018697,0.07553453313186764,-0.004116261480376125,0.01817448893096298,-0.14194019161164761,-0.011364538334310054,0.026922539181541652,-0.027011656577233225,0.03945161400362849,-0.017206126265227793,0.007567199193872511,-0.026950019956566394,0.01013667686842382,0.07062601635232568,-0.022306795455515383,0.0,1.0
Slc25a4,-0.021186479199677706,0.05452271311543882,0.00928037886042148,-0.023787935730069876,0.0043143679480999704,0.0008519130572676659,-0.00013774065766483545,0.017930700334254653,0.031183166448026895,0.11187315282411874,0.02938079895451665,-0.08239584187045694,-0.10016491654329002,0.03836125786532648,0.04361440610140562,-0.019862723485566676,-0.0004477003589272499,0.012106700390577317,-0.025152787249535322,0.016285928720608352,0.05034892900846898,-0.022237028758972884,0.0,0.0
Nipbl,-0.41029775930568574,0.003490636688657105,-0.014814384169876576,-0.08595914714969695,-0.0071425962541252375,0.000755838118493557,-0.0008231751294806599,-0.0631194338016212,0.055277768913656475,-0.004858679682947695,-0.019733740552328526,0.02801161054521799,0.0756755939219147,-0.01922459165332839,-0.08581259251106531,-0.00018589850049465894,-0.00373498878441751,0.016954021491110326,0.014842065842822194,0.029822011310607195,-0.06724727381195407,-0.07202652842737735,2.0,0.0
Sez6,-0.014778208560310304,0.04117857065983117,-0.02760245936922729,-0.050859781089238824,-0.025891835996881128,-0.0003970609977841377,3.659052774310112e-05,-0.06359889165032655,-0.07090586148318835,-0.006138553405180574,-0.024222063487395643,-0.09523517275229096,-0.06934732326306403,0.038055456582224,-0.2277479285467416,-0.14093633092707022,-0.018400272731669248,-0.0035761875472962858,0.010524483150802552,0.010167400683276356,0.007391207003965974,0.023236766047775744,2.0,2.0
Ttbk1,0.12745297187007965,0.07515322875231505,0.003815868184901774,0.09011817314196378,0.00318544683046639,0.0005636882781982422,0.0025840134173631666,0.06071256704395637,0.09339168359525502,-0.004776408998295665,-0.016320175784640015,0.04820185121148825,-0.05177824629936367,0.001631131066242233,0.090337082920596,0.01130310453241691,-0.0038452679198235275,-0.05654586778022349,0.03481016643345356,0.01809528955258429,-0.00366098256316036,0.03251517637632787,2.0,2.0
Zfp706,0.08073777248151601,-0.06608199392445385,-0.004805131144821644,0.09238234303425998,0.0022401325358077885,0.0005636882781982422,-0.002985354019328952,0.06039180680410936,0.07734959816094487,-0.020437855985946954,0.015923896736931054,-0.1452229506522417,-0.2594864950468764,-0.010224197541829199,-0.0018263485236093401,0.030283386891242117,-0.002828879440203309,0.06222458712290972,-0.06408166754990816,-0.004600281016901135,0.05692669598385692,-0.021811735825613143,0.0,0.0
Nr6a1os,0.1561756192240864,0.052849787366576494,-0.02413276010192931,-0.037873425073921684,-0.0037908396776765584,0.0005636882781982422,-0.0010291834827512504,-0.050690885689109566,-0.15331028587184847,-0.005340857179835439,-0.07678333090618253,-0.011766865495592355,0.059899252121103926,-0.01451305671595037,-0.10313416470773518,-0.04849358337000012,-0.010328101515769959,0.006467397548258305,-0.010169904311187566,0.02442988658323884,-0.017876626823563127,-0.01857654832303524,0.0,2.0
Xpr1,-0.3686282580858096,-0.008088338547386229,-0.005256813657470047,-0.050944579765200615,0.007577841402962804,0.000755838118493557,0.00028765482362359763,-0.052159718999173495,0.038588897520676256,-0.007587822466157377,-0.015995174846611917,-0.0734026938257739,0.00644932477734983,-0.023923836497706363,-0.05914711038116366,0.04396940202917904,0.006156984092667699,-0.06257809039205313,-0.005666954759508371,0.005471485853195191,-0.09376750068448018,0.011730833165347575,2.0,2.0
Actl6b,0.28579102002317086,-0.05031250193715096,0.04998915756586939,0.027821313861059026,0.0017931074602529407,0.000755838118493557,-0.00018012103158980607,-0.03801702681346796,0.10987363241612912,-0.012970401947386563,-0.03627783861942589,0.018836272098124027,0.08707682045176625,0.035212925729574636,0.016343658149708062,0.12118433670373634,0.006705256905406714,0.007808281434699893,0.029728970723226666,0.02326070351526141,0.08985563929192722,0.03893952518701553,2.0,1.0
Rpl13a,0.1045577407302335,0.02981907783308998,0.012543615913018584,-0.019475355286849662,-0.0023559947963804006,0.00046761334873735906,-0.000328933410346508,0.04756677453755401,0.011691742734983563,-0.010616260701790453,0.026919818243477493,0.036954020615667105,-0.21765380199998619,-0.05054172351025045,0.030999976966995746,0.03230455910554156,-0.0067502741981297736,0.004713721452280879,0.11029696795158088,-0.00908258101902902,0.036253891242668035,0.029890153338201345,0.0,0.0
Rftn1,-0.3546652174554765,-0.021195965744554998,-0.011972425086423755,-0.05199902603868395,-0.05990761722438037,0.0008519130572676659,0.00028765482362359763,-0.03328303196001798,0.026882475931197403,-0.004900332167744636,-0.027173359328880906,-0.10371323196683079,-0.06598698769696057,0.11351261480886024,-0.05884326806059107,0.022118887496180833,-0.02205080781131983,0.011770312655717135,-0.03769854702521116,0.008599735721945763,-0.06333488463133108,0.023912111781537532,2.0,2.0
Sept7,0.09162945352494717,0.0561961869103834,-0.022694583348929882,-0.04570333575829864,-0.0045750544965267185,0.000755838118493557,-0.0038580088037997486,0.03166968489065766,0.08289156842045486,-0.01627802143804729,0.021163769946433604,-0.06792084635817446,-0.01949469315353781,0.016446521218167618,-0.10657034906558692,0.033473006058484314,0.00994534115307033,0.007934736236929894,-0.054763989369384945,0.030887192711234093,0.06648349550087004,-0.06851164716295897,2.0,2.0
Gm26672,0.19593225426971914,-0.0466091774776578,-0.010155263785272838,0.11207641123211942,0.0033041935157962143,0.0005636882781982422,0.000590323694050312,-0.03810446544550359,0.13490847814828158,-0.016831746911630033,-0.0541813711123541,-0.07072005493100733,0.07090636332053692,5.038147559389472e-05,-0.002331593460403383,-0.01260055198566988,0.0017963531333953142,0.00696647385135293,-0.0024953013472259044,-0.009127236651256681,0.07193718182854354,0.006031417502090335,0.0,1.0
Ppp3r1,-0.020608979472890497,0.12595939873252063,-0.007070578262209892,-0.04262196940369904,-0.008048456669785082,0.000755838118493557,-0.007169187143445015,-0.03297285109758377,0.032894348286790775,-0.018943278938531875,-0.01855713431723416,-0.1480751576833427,-0.16594623720739038,0.036883633303223175,-0.2729507952718995,-0.046237568364012986,-0.03302545678801835,0.01589857244864106,0.015362579065840692,0.01732441671192646,0.03538768228609115,-0.05511460575275123,0.0,0.0
A330076H08Rik,0.14410269020590932,-0.023955784989520907,0.0036145100090652703,-0.021614427268505095,0.015225161770358682,0.0008519130572676659,-0.00030835728161036967,0.06470748427323997,0.04819125191308558,-0.009528442760929465,0.030678460814524442,-0.09114352523814886,-0.05784215418156236,0.007338165089022368,-0.019799855349119752,-0.0062333726789802315,-0.02168121200054884,0.014974914616905153,-0.005349875260144472,0.015813097730278967,-0.14176037385128437,0.03569414082914591,2.0,2.0
Suz12,0.10936417680233718,-0.02409554719924927,-0.009697006503120064,0.16082931413315238,0.00045096443500369787,0.00046761334873735906,0.0036342291394248607,0.0940431535593234,-0.15081306983716786,-0.003981726206839085,0.035656895136926325,0.03608567362651229,0.04922685616184026,-0.014230237328447401,-0.06236869570799172,-0.013080697008408606,0.03516619382426143,0.010504306964576245,0.019424506360664964,0.024659265698865056,0.0579621726507321,0.016560108717530966,2.0,1.0
Slc16a4,0.23087127221515402,-0.038057720242068174,-0.02207502128556371,0.05126899573486298,0.006277979146689177,0.0005636882781982422,7.674530148506164e-05,-0.03978510527289472,0.127666217405349,-0.007836513966321946,-0.03273868748918176,0.006500818040221929,0.10564150793827139,-0.021859744439134375,-0.053496033439878375,0.09297623571706935,-0.006838993988931179,0.010504455920308828,0.005456688394770026,0.007604854670353234,0.005438351640477777,0.011356441685929895,0.0,1.0
Ankhd1,0.05839651827700436,2.6812688447535037e-05,-0.04613251924049109,-0.04947841327171773,0.0013167261239141225,0.0008519130572676659,0.0023429649602621796,-0.0660661194100976,0.0613331033475697,-0.00566783626563847,-0.05063590306788683,0.040592416431754826,0.08412585271522403,0.08616892084479331,-0.3205060741631314,-0.010498773348517716,0.004262948129326105,0.02503972128033638,0.010969315269030631,0.0006771140918135643,-0.06768871876876802,0.03426370779983699,2.0,2.0
Dock10,-0.3522833698801696,-0.00865996110253036,-0.016899070311337708,-0.04598643903620541,0.25378516477067026,0.005316389463841915,-0.0006186704011633992,-0.006931546705309302,0.03185163890011609,-0.005218869699165225,0.012103907568380236,-0.08490325314458459,0.02882202123757452,0.00019141261174809187,0.012166856746189296,0.04453351584263146,0.006563539481721819,-0.11039532506838441,-0.013307510614395142,0.023303605108521877,-0.09204219671431929,-0.0027692034654319287,2.0,2.0
Edc4,0.18157675819937139,-0.11839065623469651,-0.015522577385418117,0.015453466358594596,-0.004045426610391587,0.00046761334873735906,-0.0037725588865578173,-0.04134726051357575,-0.13686984839849173,-0.019729269035160542,-0.05632776778656989,0.03683257631957531,-0.06232858045957983,-0.034916739987675104,-0.007629595992621034,0.029780373654793947,0.03618258230388165,0.01184828907251358,-0.011925764651969074,-0.009945034617558121,-0.06380672296043485,0.011765361744910479,2.0,2.0
Rpl10a,0.039503972581587735,-0.05653868020046502,-0.0024710837099701168,-0.05046531316824257,0.00422850604634732,0.0008519130572676659,-0.002985354019328952,-0.019962619993602857,-0.0022283161990344523,-0.013492946256883442,-0.01247281552059576,-0.1203333802241832,-0.20360580689739435,-0.024140572783071548,0.03907247703289613,0.019218266806565226,0.007372740264981985,-0.00353606253862381,0.08749255510047078,0.04880302222445607,0.028462967816740275,0.028447664622217417,0.0,0.0
Srrm4,-0.44370591033250095,-0.011035336223430931,-0.011422518719919027,-0.060116095645353196,-0.06229558235965669,0.0008519130572676659,-0.0006976707512512803,-0.053363579923752694,0.025155059769749643,-0.005218869699165225,0.015528159486129879,-0.11989256487693638,-0.014680094113573431,-0.0036015821719774977,-0.04401057060807943,0.04253757225582376,-0.02205080781131983,-0.03342247531749308,0.003498653625138104,0.022080312529578806,-0.09121003670326899,0.021606797743588688,2.0,2.0
Calb1,0.1990682128863409,0.09119120844639837,0.03436346731614322,0.07883961264044047,0.003189806821756065,0.000755838118493557,-0.0037725588865578173,-0.020449805716052653,0.07239296423271298,0.015803057909943165,0.03293847035150975,-0.10778622953570448,-0.08412090361118317,-0.03282211234793067,0.02835649364395067,0.0034405675204470755,0.004678600849583745,0.011248573260381818,-0.053432843368500474,0.009169335151091218,0.0576565712923184,-0.021254444690421224,2.0,1.0
Cul9,0.04235620278865099,-0.04244340273551643,-0.020119432234205304,-0.03964389530010522,0.004331635255366564,-0.0003970609977841377,-0.015563413337804376,-0.04598933740868233,-0.1609967945702374,-0.00428704094607383,-0.05726406087633222,0.03234502205625176,-0.023962712911888957,0.10234122425550594,0.07026041661389172,0.06604687045095488,-0.027141213659197094,0.02158035947009921,0.02454098586458713,0.005601432602852583,-0.09872960361652076,0.02707625672221184,2.0,2.0
Csnk1g1,-0.3931934300065041,-0.03966988034546375,-0.011422518719919027,-0.06737071266397834,-0.1529340781737119,0.006597193833440543,-0.0006976707512512803,-0.034822935431730005,-0.02785349362064153,-0.010349135231226683,0.015999521361663938,-0.07431650150101632,0.0018160798028111459,-0.016843720023171044,-0.02263502338435501,0.018347683341708033,-0.0017568247020244598,-0.05544291643425822,0.003676606831140816,-0.013626335766166448,-0.08046347804076504,0.018185538863763215,2.0,2.0
Slc25a5,-0.2618518170621246,-0.030247134999372066,-0.009179035411216318,0.07283774921204894,0.008473994145169854,0.000755838118493557,-0.0006083789421245456,0.06161036313744262,0.01711246185936034,-0.019103796938434243,0.01638547647278756,0.010256137014366687,0.0848284218646586,-0.03534408345760312,0.045750193893909455,0.020138319933321328,-0.004052821202203631,0.01115322694182396,-0.024547686241567133,-0.009770014411769808,-0.06560652313753962,-0.02291993980295956,0.0,0.0
Mctp1,-0.5394058097340166,0.07567739924415946,-0.035166981099173426,-0.05860021714121103,-0.12998912151902914,0.0008519130572676659,7.292336784303188e-05,-0.030884313266724348,0.02923804379068315,0.023319801029283552,0.014468340133316816,-0.009811545191332698,0.06346444967668503,-0.008262097433325835,0.07697284712223336,0.0400208548665978,0.0028769638389348983,0.021915162429213524,-0.021270601879805326,-0.0870064832828939,-0.03505017074290663,-0.08795716745778918,2.0,2.0
Gcc2,0.025395324602723122,-0.01682253974489868,-0.017807130860164763,-0.045877112355083224,-0.00035763041116297243,0.000755838118493557,0.0023429649602621796,0.11625352812930942,0.04574443949386477,-0.005209529967978597,0.01783386044902727,0.02516132897697389,0.08509504195302725,-0.003476459118537605,-0.3138471988169476,-0.20030550710856915,-0.03302545678801835,0.009236892028711736,-0.034545423188246785,0.001613798290491104,0.08338319099042564,-0.12004258607514202,2.0,0.0
Gm27241,0.04165994999930263,-0.0007075989851728082,-0.0035806104261428117,-0.03465438812971115,-0.00014924954622983933,0.000755838118493557,0.00463387843221426,-0.01173528703278862,0.0009265174996107816,-0.005873659132048487,0.031187752303667368,0.052141638081520794,0.1251068427413702,0.04096005868865177,0.13028727875091137,0.004933681352995336,-0.006773329293355346,0.006825575195252895,-0.039047548859380186,-0.012199752032756805,0.07041863856837154,-0.02538458692841232,0.0,0.0
Sfswap,0.13096353428205476,0.002969895601272583,-0.00528737940825522,-0.0424707225500606,0.013255070431623607,0.000755838118493557,0.01647728182375431,-0.03487337435712107,0.11044297592714429,-0.021188779696822167,-0.03527573504950851,0.027803420573472976,0.08631908426061273,-0.07278550987131893,0.06615559789352118,0.017258374700322748,-0.0009630202036350965,0.008227152843028307,0.00567752594128251,-0.009769044667482376,0.09013465858530254,0.03227966966107488,2.0,2.0
Megf8,0.0598774852976203,0.009236739827319979,-0.004240481797605753,0.09165410573594272,0.007963372385129333,-0.0003970609977841377,0.010768124861642718,-0.05288282412104309,-0.19776537412777542,-0.0040438305353745815,-0.06019030867610127,0.032039708402007816,-0.04821730129420757,0.011215017986251042,0.029139912156388163,0.015595637003425509,-0.027141213659197094,0.004788628313690424,0.016754382690414786,0.0006908210087567568,0.05384136482607573,0.016747463764622807,2.0,2.0
Nol4l,-0.38942502861842515,-0.025224815108813345,-0.006317136748693883,-0.0636555415391922,0.005503357434645295,0.000755838118493557,0.005582924471236765,-0.06228239516844042,0.05013494487851858,-0.02143735914491117,-0.017073373952880503,0.014612346012145281,-0.08771779908798635,-0.09349026721902191,0.028533817268908024,0.0306852998631075,-0.00373498878441751,-0.054763556430116295,0.011879581362009048,-0.011563053019344807,-0.09618660034146159,0.027442473527044056,2.0,2.0
Chd8,0.03048861454706639,-0.010915008503943682,-0.026089728316292166,-0.0036187581764534115,-0.001246802117675543,0.0008519130572676659,-0.007169187143445015,-0.04785724244080484,0.05818612687289715,-0.004907547244802118,-0.038847966557368635,0.040900849774479865,-0.12536772567778826,-0.005868052529403939,-0.3785182935767807,-0.11917277473723516,0.007737148753367364,0.0044142353720963,0.00752409397624433,0.028275633570738135,0.07979227163363248,0.03424390542320907,2.0,0.0
Eml2,0.16689824374392628,-0.09567883665673435,-0.012106532542966307,-0.06265770758967847,-0.009477294008247554,0.00046761334873735906,0.01695262286812067,-0.02924765404779464,-0.10655830702278762,-0.010632575526833533,0.05826951550785452,0.03705245329067111,-0.044657621714286506,0.010465709354029969,-0.0602714074216783,-0.015423571025021374,0.03516619382426143,0.0016995738446712494,0.04432768910191953,-0.003662952082231641,0.018281466024927796,0.031801387351006266,2.0,2.0
Rprml,-0.08738066942896694,0.012156488699838519,0.003516876399517059,0.10202849407680332,-0.0014251322718337178,0.0007174081448465586,0.0004582714568823576,0.03352156055392697,0.02263741130940616,-0.006256996663287282,0.030359771642833946,0.035170477258507166,-0.15300808066502214,-0.045149941146373745,0.015807938824873417,-0.0020380592183209954,0.015364168416708708,0.0068855022080242636,-0.002698025079444051,-0.008911842638626695,0.001270674504339695,-0.006619245121255517,0.0,0.0
Itpr2,-0.46955821687355637,0.05539243922336027,-0.031365359211340545,-0.06908017842564732,-0.06411157782189549,0.000755838118493557,0.0005458052782341837,-0.02543040663935244,0.03584519990719855,-0.0033959688479080798,0.012198249988723547,-0.003661029674112797,0.041406062254682185,-0.035690728379413485,-0.009919085637666285,-0.009669916452839971,-0.00373498878441751,-0.13596918520517648,-0.003753110417164862,-0.018366013183258475,-0.10226381334941834,0.020542334709316493,2.0,2.0
Gm15398,-0.278422695248737,0.08413925914093852,-0.008128468221984804,-0.020483842045068743,-0.1180368609726429,-0.001998431533575058,0.00043334667570888997,0.21285611345432698,0.015287559889256954,0.03115446841577068,0.023888688581064344,-0.08459752073977142,-0.0692677646689117,0.012685974707710556,-0.02206274098251015,0.013058271531481296,-0.02205080781131983,0.016535803964361547,0.013123368923552335,0.006432139277458191,-0.06400860896974336,0.014996069045737385,0.0,2.0
Zbtb46,0.08141798022203148,-0.02127492078114301,0.008214888321235776,0.18282079256605357,0.011010566176846624,0.00046761334873735906,-0.0005652236146852374,-0.04108586919843219,-0.13019731705076992,-0.012970401947386563,-0.05648399943485856,0.02647481905762106,0.07832957932725548,-0.011682084575877525,0.022833855471108108,0.0421884320769459,0.03516619382426143,-0.04771017366088927,0.016514108586125075,0.02326070351526141,-0.14038460089825094,0.034371247636154297,2.0,2.0
Cebpz,0.2604977511335164,0.09840694263577461,0.08882166806608438,-0.017514179181307554,0.19047038934193553,0.005412464402616024,-0.0031455335207283496,-0.04085685335099697,0.08328986035659909,-0.01196143563836813,-0.032983874650672075,0.04791219847276807,-0.08917422505561262,0.006159961866214872,-0.01379323833854869,0.07213560287375004,0.003338958602398634,0.022530258018523455,-0.002748261010274291,0.0005671240016818047,0.07600072909612209,-0.040289296908304094,2.0,1.0
Shank3,0.12098292196169495,-0.09795545503497123,-0.004794948371127248,-0.04165693612769246,0.0035830031521618365,-0.0003970609977841377,-0.004901064112782478,-0.023159607599955053,-0.17073117323219777,-0.019059411250054836,0.046073563117533925,0.023764395862817766,-0.20358108333311975,-0.0019932411517947913,0.07433184669818729,0.01497409702045843,-0.027141213659197094,0.007399124819785357,-0.001985640125349164,0.026947473790496588,0.03756236879620701,0.0211785972956568,2.0,2.0
B3glct,0.05096713576465845,-0.04558929321356118,-0.00344891550950706,-0.04168816857039928,-0.140626620054245,0.006597193833440543,-0.0010566869424656034,-0.043503513088217004,-0.10701789263635873,-0.021304912008345125,-0.003011164446361363,0.026473840232938528,0.06983852153643966,-0.024994956131558867,0.03040500725619495,0.009811255810782314,0.005075526721775532,0.01641564778983593,0.01664368575438857,-0.009769044667482376,-0.10958044403698296,0.0242511154897511,2.0,2.0
C230038L03Rik,0.18893614238593728,-0.017675243886187672,-0.006261003618128598,-0.010205115592107177,0.018282274939119814,0.0008519130572676659,0.0001684523979201913,0.02873830872355029,0.07031605343334377,0.057507552234455944,0.030045018838718532,0.0026381052657961845,0.1133891422394663,-0.029563190679182297,0.033364990111440423,0.08909893112722785,0.004262948129326105,0.019637100929394365,0.04396777363494039,0.004519647546112537,-0.07104664457030595,0.04312537679448724,0.0,1.0
Ccdc171,-0.5096281885076315,-0.041748307812958955,-0.01784554561600089,-0.0583031814545393,-0.17674495425075293,0.000755838118493557,-0.026041464423760773,-0.03884762672707438,0.03216598419472575,0.02040894914418459,0.014468340133316816,0.014986234223470092,0.07546280835289508,0.03826823494804557,0.04195686924271286,0.04692627888638526,-0.001332616014406085,0.02339305615052581,-0.0761262002121657,-0.04427030336111784,-0.05475073149602395,-0.09125072703696788,2.0,2.0
Kdm5b,0.0723371170181781,-0.03248146370984614,-0.008984748413786292,-0.04617095375899225,-0.034012856893241405,0.05104145515710115,-0.007169187143445015,0.05299872345756739,-0.15591357367578895,-0.019059411250054836,0.03369509712327272,0.021184272980317474,-0.14323769045993687,0.078990840788465,-0.03167221250943839,0.021282294159755112,-0.011922945342957974,0.004935621749609709,0.0008792364411056041,0.02540266888216138,0.034724733927287164,0.0211785972956568,2.0,2.0
Drosha,-0.33447998635238035,-0.08619089500047267,-0.04817175891250372,-0.03226740265032277,-0.01020992134930566,0.0,0.029526888141408563,0.06001051870873198,-0.004084783831494861,0.030036316371988506,0.054519666065461936,0.07447382730431855,0.17000931093469263,0.10749942815629765,-0.11281779644079507,0.035235182540491225,0.009577852180227638,0.004184289872646332,-0.009441726747900248,-0.00404027946293354,-0.045188972549512985,-0.03668135503306985,1.0,2.0
Polr2b,0.0606610066909343,-0.05720958626363427,-0.03428488539531827,-0.05847810755018145,-0.012460679234936833,0.0,0.023839613860473036,0.07503834501374512,-0.002834946606308222,0.06696672806516289,0.0013622658606618644,-0.056546100857667626,-0.18073994799517096,-0.057333443359239025,-0.02633498425129801,0.001222751634195447,0.0084190913150087,0.01778115373104811,-0.001529655975755304,-0.0035345249297097326,0.001401630127802491,-0.03444861987605691,1.0,0.0
Polr2a,0.18446254964452236,-0.06020142191555351,0.059575234986841676,0.06446151451673358,-0.004544118819758296,0.0,0.015740457642823457,-0.016901397011242807,-0.006122243776917458,-0.015486171175725759,-0.009507382996380329,-0.04881665794877335,0.09111963070463389,-0.0023686138819903136,0.06659762768540531,0.03955708579625934,-0.01835933910217136,0.015231539448723196,-0.009646738842129708,-0.019572407556697726,-0.03966470462270081,0.0041792989335954185,1.0,2.0
Tpm1,0.28546336237573994,-0.030198409422300756,-0.055044363001361486,0.13634446175768972,-0.005324403252452612,0.0,-0.03057153926230967,0.11441905450075865,-0.002834946606308222,0.0353921015560627,0.009005260318517685,-0.0010363840567879379,-0.034406660259701315,-0.038422994299326094,-0.14536706877406685,-0.013097043444868178,0.004847029786324128,0.0005209994129836559,-0.001493005023803562,0.00819084654096514,0.04162794838659465,0.01237958962097764,1.0,0.0
Hdac6,0.14248226208845152,-0.03591760188806802,0.07678106748498977,0.00436206076759845,-0.003361264280974865,0.0,-0.20170710336882622,0.04153810535557568,-0.006769646759494208,-0.0029579678131267427,0.012363106128759682,-0.09996248377952725,-0.07549644271843135,0.04329327969811857,0.14218722632620484,0.0556286614201963,0.012697146190330386,0.010229786061681807,-0.009914067001082003,-0.010841631947550922,-0.004224263480864465,-0.044795272313058375,1.0,1.0
Ddx39,0.20096870047971607,-0.04610186389647424,-0.01972650384530425,0.049582119190599766,-0.004106025462970137,0.0,0.035364323761314154,0.05872264880686998,-0.0022444295324385165,-0.0010663171438500285,0.014180957647040486,0.07854277414269745,0.11501250820234418,0.03490475221537054,0.17723892023786902,-0.00043808054178953173,0.016252752197906374,0.0049990420881658795,-0.0016951092751696707,-0.019687059242278336,0.04334799890872091,0.019496480720117688,1.0,1.0
Sf3a2,0.048588242528494446,-0.09273672020062804,0.018900344665162265,0.10731928344815969,-0.0053354279370978475,0.0,0.0009020865522325039,0.03574987748404965,0.017888453705236316,-0.016449349797330797,0.00402165983337909,-0.01885904609458521,-0.17560876954114066,-0.036763732084073124,-0.05933640357106924,-0.0011620108922943473,0.014464155569439753,-0.0006798637425526977,0.005076739802025259,-0.021508045899681746,0.002386203482747078,0.02999678608030081,1.0,2.0
Clip4,-0.0382541462033987,0.21762616464635356,-0.013325954424217343,-0.01916579299606383,-0.00934399304445833,0.0,0.015532994912937283,-0.01445554717676714,0.04017258822917938,-0.012643312611617148,-0.024800803838297726,-0.0651273770770058,0.1495924482215196,0.0836078421981074,-0.005087427627295256,0.04870811503380537,0.01756672585848719,-0.02479873139411211,-0.010504114590585232,0.002742891751695424,0.12652150015812366,0.007503369662445038,1.0,2.0
Chdh,0.1843597973161377,0.0321600762847811,-0.0289362785872072,-0.024339635621290653,-0.007859560181386768,0.0,0.03600108366459608,0.03484480462968349,-0.0020041613467037677,-0.007959690508432687,0.009160997383296489,0.07725159981288016,0.2080937490519136,0.0744633693061769,0.1653595278179273,0.05100233506411314,0.019510519774630666,0.007164499452337623,0.003982164203189313,-0.01995072639081627,0.07846502171363681,0.016870897067710756,1.0,1.0
Ccdc136,0.15581800770480186,0.07197846443159506,0.1634168897382915,0.00373196124099195,-0.006478457439225167,0.0,0.030729709127917886,0.003823966756463051,0.0049757254385622215,-0.013104308876208962,0.07326020720880479,0.08283354090061039,0.07002246641553939,0.15320538864471017,-0.07880708941724152,0.0797333543933928,0.009284590766765178,0.027558556580916046,-0.009306735526770353,-0.0009492534399032593,-0.039893145482055845,0.009166441801935434,1.0,1.0
Efcab14,0.10309377763886005,-0.051544562205672266,-0.03569625462405383,-0.03433371639577672,-0.010552074126899243,0.0,0.017951484592631458,-0.034855041338596494,0.006987236996064894,0.05332758310250938,-0.0044527611043304206,0.04458308927481994,0.057766734668985006,-0.0871064034756273,0.03778853570111096,0.01762712385971099,-0.013120665207970887,0.014534051483497023,-0.0016424707928672433,-0.018795460611581803,0.0007387145701795816,0.008697416931390763,1.0,2.0
Dpm1,0.24197201094357296,-0.09000396434217692,0.03929529279936105,0.1401768601173535,-0.005138229737058282,0.0,0.010005538184195757,0.018345009027980266,0.00524737240979448,-0.016449349797330797,-0.0014945815969258547,-0.08148020050255582,-0.10924073454225436,-0.012474847533740103,0.02760264428332448,-0.03744161322945729,0.01757919388182927,-0.0008386699622496963,0.006598438094370067,-0.018968916856683792,0.01968945383792743,0.018062152145430447,1.0,2.0
Fbxo36,0.043135440126061436,-0.025585960349999368,-0.006682341517880559,0.10720149325788952,-0.010586375910788775,0.0,0.02250161244533956,0.05732997676357627,-0.002834946606308222,-0.005475645405240357,0.012643063012510537,0.03040058113867417,-0.10485224071191623,-0.04890411848318763,0.016566017474979162,0.013304411615245045,-0.09062935772584751,0.0039387157559394835,-0.001898125351872295,-0.004458769061602652,0.026038435571826994,-0.056887745056301356,1.0,0.0
Nap1l2,-0.22626883456949146,-0.05379655918572098,-0.045242021791636944,-0.014787697694264352,-0.003923981855623424,0.0,-0.005401955172419548,0.014443497264292091,-0.03117613391717896,-0.00047172775957733394,0.010277835363522171,-0.08574228842975572,0.10422655470669269,-0.007257898889947683,-0.050667688399553296,0.00036036864388734103,0.018556779655627905,0.022863365458324552,-0.010398837625980378,-0.019258254470769315,0.02544372863136232,-0.047832921938970686,1.0,0.0
Ilkap,0.1587152072531171,-0.07239308275515213,-0.04140150629915297,-0.02735465232981369,0.10134689773898571,0.0,0.020602974919602276,0.022681751372292638,-0.0020041613467037677,0.04447970773093402,0.021067282753065228,-0.0713370382762514,-0.12401281380094588,0.04270953142025974,-0.009650742672383784,-0.049212242227513345,0.00831088280188851,0.0025184444175101817,0.006587910396046936,0.027051781993359326,0.031771889287047085,0.014059070302173494,1.0,1.0
Timp3,0.14296689175534993,-0.04663747699931264,-0.04702858983539045,0.04891890141647309,-0.008882414023391903,0.0,0.025521738156676292,0.008636821635300294,0.005897671955171973,-0.00662994849961251,0.033089426839724184,-0.06572692551650107,0.07543090741150081,0.0373421299085021,0.14893230956047773,0.05100233506411314,-0.11725812839809806,-0.0367059469409287,0.025978350099176168,0.00826449517160654,0.05976862096693367,-0.008149111140519381,1.0,2.0
Gm15513,-0.014549541585147381,0.09298295009415597,0.11279902437701822,0.04092859128024429,-0.005108328014612198,0.0,0.019759077485650776,-0.04161436447757296,0.029245102629065513,-0.01432662428356707,-0.04092122211586684,-0.0497710202797316,0.10530683988705278,0.09387943517416715,0.17037669812329115,-0.026335595552809538,-0.06914363757241518,0.014692170666530729,-0.004708647262305021,0.08901849547633901,-0.021845262898132205,0.018699488970451057,1.0,0.0
Plxnb2,0.2404118645330891,-0.011084847170859575,-0.008783429982140661,-0.027052167360670863,-0.008034152397885918,0.0,0.021115475483238697,-0.014989833123981952,0.004188660401850939,-0.01082520769443363,-0.027460143761709334,0.06122002865653485,0.07695435418514535,0.027606867644935848,0.12619970963336527,0.024200634844601155,0.01635153726208955,0.012065298622474074,0.005496387407183647,-0.021620929497294127,0.0473190839914605,0.016377549646422268,1.0,2.0
H2afz,-0.1096188243292272,-0.042137651019729674,-0.023091078512370588,-0.036871633955743166,-0.007939060861244797,0.0,-0.010268192514777183,0.02227999075432308,-0.03342648789286613,-0.015088492697104812,0.004328896263614297,-0.008633567886427045,-0.17746292976895348,-0.10066778683918529,-0.0400365769257769,-0.01941291205585003,0.001368688735528849,0.020551272872835397,-0.0017512424709275364,-0.006983776954002679,0.07616650017444045,-0.057038534586317836,1.0,0.0
Rab11fip5,0.1301139401178807,-0.03689672418870032,-0.031004914026707412,-0.027471641721203924,-0.006924175736494362,0.0,0.013716219644993543,-0.011260876890737563,-0.006122243776917458,-0.010926095223985612,0.08642164745368064,0.031436865162104366,0.11045455522835254,0.012966005462221802,0.05849571203812957,0.02101870492566377,-0.009425054073799401,0.01521126833744347,-0.009646738842129708,-0.01983607470523566,-0.043620266388170424,0.005711326580494642,1.0,2.0
2510002D24Rik,-0.18493421673309057,0.01615052802488208,-0.021014331057667732,-0.006897534104064107,-0.0037805965170264245,0.0,9.495273232460022e-05,0.014443497264292091,-0.029012456815107727,-0.002844539857469499,0.010277835363522171,-0.13788279006956145,0.11589525116607546,-0.10466347583569587,0.10307207777630538,-0.03395470715593547,0.019893769561313092,0.024395816205069424,-0.009233084511943162,-0.020254278616048397,-0.010623989421874284,-0.061153897512704135,1.0,0.0
Rif1,0.12638651568908243,0.1002252542716451,-0.060066020721569656,-0.01805385736748576,-0.006128309878986329,0.0,0.028586792899295686,0.03306958263041451,0.004029898699373007,0.10286332710646093,-0.019934226339682937,-0.2133348809881136,0.14531002094969153,0.1193164414446801,0.024812287874519823,0.04844460870604962,0.006042775488458574,-0.00202245126478374,-0.00965419237036258,-0.004208053867332637,0.07050618644338101,0.009166441801935434,1.0,1.0
Rfc1,-0.0028860948793590067,-0.04658948785625398,-0.018328616451472043,0.06313922806177288,-0.008040161456447094,0.0,-0.026980555169284343,-0.011034161936258897,-0.0011567011848092079,-0.0064780697831884025,0.05852067185565829,0.061406350210309026,0.12988430983852595,0.08758897702442482,-0.05111979503184557,-0.03058547103777528,0.009369885381311178,0.00418681537732482,-0.0021087636053562166,0.0014879549643956125,-0.11417928363196551,0.022123879278078674,1.0,1.0
N4bp2l1,0.20890273099998014,-0.06318214909173549,0.003673481778241694,0.14831059358082713,-0.005675571858882904,0.0,0.005037342235445976,-0.03121457200497389,0.006798087041825056,-0.016449349797330797,-0.01369907008484006,0.0746835800120607,-0.10882113080937415,-0.013737593009136618,0.04208597079850733,0.010408808588981628,0.015157267958275043,0.0010800535697489976,-0.0014297711290419102,-0.020824434240348636,-0.009658045661635696,0.016377549646422268,1.0,2.0
Ccnl2,0.19727716093184428,-0.06168602622114122,0.004256953988224268,0.14933891517110168,-0.006157770436257124,0.0,0.012037345357239247,-0.041151710208505395,0.004188660401850939,-0.010183936138637363,0.03469011827372014,-0.042216950196307154,-0.13765951643465088,-0.02849169872701168,0.035083603654056786,-0.015417733953800052,-0.0038270845980150625,0.002928114729002118,0.005076739802025259,-0.020824434240348636,0.017408266933634876,0.034065875886008144,1.0,1.0
Ccdc186,0.12657837000209837,-0.05510563396848738,-0.020465021058917045,-0.09680267215706408,-0.01002086300170049,0.0,0.02710312237031758,0.08450313911773265,-0.0018041041673859581,-0.011049200166016817,0.04327801873907447,0.023159645670093595,-0.1335031007649377,0.0910404830868356,-0.0245020342618227,-0.05282384611433372,-0.058656442221836184,-0.0028311156923882664,-0.0015822944580577314,-0.00931352129438892,0.04264412506017834,-0.04316306428983808,1.0,0.0
Rufy2,0.08399050920270383,0.06935305352322757,0.006486501283943653,-0.06548134625889361,-0.017861244436353445,0.0,0.017374007608741523,-0.03846435909974389,0.010766992438584566,-0.01761106395162642,0.008566976943984627,0.031825007756706325,-0.20759224390843883,-0.07896499186754227,0.07078854198101908,-0.007424994274042546,-0.09234830561326816,0.018911141902208328,-0.001687571422662586,-0.0013023485243320466,0.02632815594319254,-0.038545739743858574,1.0,2.0
Tacc2,-0.4698445835686289,-0.03595149426953867,-0.04534200830385089,-0.05146998320473358,-0.01389848139602691,0.0,0.02518888022750616,0.05902595629682764,0.0033926381380297243,0.017458178242668508,-0.010534409242682159,0.03717021230608225,0.15995394276455044,0.03334633006015793,0.18482843411853536,0.02964933912269771,0.01498575385659933,0.007014689669013023,0.012400975953787564,0.009252854725345969,0.010717063937336206,0.021169549087062478,1.0,2.0
Tjp2,-0.3000709400395863,-0.032483213420491666,-0.036992663573473694,-0.061474147893022746,-0.015532864723354578,0.0,0.026636499036103486,-0.0316204549302347,0.0031523699522949754,-0.018104803499300035,-0.026890758043155074,0.08500331751070916,0.15550505893770605,-0.046934212592896075,0.16333895845338703,0.02314799651503563,0.009925334202125668,0.004263555947691202,-0.0021087636053562166,0.00889615515479818,-0.02151073932647705,0.010009978974703699,1.0,2.0
Ost4,-0.10800186833599583,-0.08054681085981429,-0.033803462702780965,-0.015215845538768917,-0.0054471678705886005,0.0,0.020328702870756388,-0.0020543538429774345,0.026100125256925823,-0.00806253379676491,0.0090975819574669,0.07356140934163705,0.15246431945590302,0.16054631278850137,-0.07788022732594982,0.06009894491173327,0.016495094876736404,0.0243327880743891,-0.0026205942034721375,-0.009634775503072887,0.09075960299000144,0.0046387558802962305,1.0,0.0
Megf11,-0.39991818577516824,0.010227781971916556,-0.006626378400251269,-0.02379224978853017,-0.015823673717677594,0.0,0.006027078768238425,-0.00012515262817032634,-0.004593528874102049,-0.015826030550524593,0.00844251821283251,0.03290196652524173,0.0838877257797867,-0.018693706810008735,-0.03974945351714268,0.007116866358555854,0.010739308095071464,-0.11152644412592054,0.012267785831354558,0.009253638749942183,-0.11807493647094816,0.011584691090974956,1.0,2.0
Tsc22d1,-0.05885109357070178,0.13758532099425794,0.009186137467622757,-0.05283709578681737,-0.016741810264065862,0.0,-0.0734384493669495,-0.023427578782429917,-0.0017472182586789132,0.19488477657549083,-0.01811570405960083,-0.06138857795856893,-0.13633332848956342,-0.024253224274143576,0.0021217356994748114,-0.02137785340193659,0.0019784169853664935,-0.016190804527141153,-0.0025289216544479133,0.0018366914568468929,-0.025103436303324997,-0.018017038982361556,1.0,0.0
Ppp1r10,0.19446755327051504,0.06404379960149527,0.01610000938177109,0.05252116000046954,-0.004023061597254127,0.0,0.039660166185349226,0.05970125820487738,-0.0011567011848092079,-0.0013854292733594775,0.013134658397175371,0.08970538877649233,0.12104506736621261,0.21395901987329125,0.22157212203368545,0.08642490092664958,0.015788916600868105,0.01707992066629231,-0.00242459449917078,0.0039002301660366356,0.014983631032519042,0.027325143562629817,1.0,1.0
Ppp1r9a,-0.3715395273338072,-0.06668398162350059,-0.04056299588643014,-0.05927538437535986,-0.015424294986296445,0.0,-0.16503623112104834,0.0008551518968306482,-0.005424314133706503,0.011864593205973505,-0.013170910547487438,0.06610144444508478,0.10223892740323208,0.04292123951250687,-0.1169975850195624,0.015213812091387809,0.005172597421333194,0.0022585699521005154,-0.011723885387182236,-0.0032541033276356755,-0.09926371769048274,-0.03668135503306985,1.0,2.0
Zfp61,0.12206097144400702,-0.06446812653914094,0.03772495863493532,0.07583039299235679,-0.00484790082089603,0.0,0.02305672092363238,0.054502295558340845,-0.0020041613467037677,-0.014522001496516168,0.011920408820733428,0.03534044776344672,-0.14183199123712256,-0.05566870826762169,0.029726863875985145,0.04306962574832141,-0.02138681861863006,-0.0014296308625489473,0.006403871695511043,-0.021117410655133426,0.03389950178563595,0.019496480720117688,1.0,1.0
Ddx19b,0.1711585759650916,-0.04453808923717588,-0.027015128955245018,0.06516248350730165,-0.003500199893023819,0.0,0.023737641330808402,-0.06698639320209622,-0.002834946606308222,-0.01580079230014235,-0.059413941586390136,0.1034767761384137,0.13260588929522782,-0.0055774331651628015,0.02349313355050981,-0.07092475794255733,-0.002895242031663656,0.00724318346939981,-0.0020109401689842343,-0.009827683016192168,0.030386024336330593,-0.04446126889437437,1.0,1.0
Klhl33,0.1734558747173287,0.09326807687990367,0.11611696653068065,-0.008706152222584933,-0.0040430862992070615,0.0,0.04663078214973211,0.024491766763385384,0.01495356767089106,-0.013774867015890778,0.027506545917131007,0.09634032385190949,0.17524011799134315,0.1263291194406338,0.058851365875452755,0.08046152148395777,0.01125789862126112,0.0436214014608413,-0.0029661393538117408,-0.0025375405186787246,0.018625658210366963,-0.01819690631935373,1.0,1.0
Nsun7,0.0695544177107513,0.026106349295005202,-0.06705683185718954,0.03362585463095456,-0.010054716956801713,0.0,0.013164966478943824,-0.06650102270185015,-0.0078004891984164715,-0.035157786314375696,-0.049328814148902896,-0.11174283370375633,0.10505982850911096,-0.003504027626477182,0.020555644161067903,-0.038137608957476914,-0.09597213731613011,-0.006852865712717176,-0.010706962016411126,-0.011865895162336527,0.050930156791582706,-0.022914135833270847,1.0,2.0
Atg101,0.02796778114978224,0.0725183081952855,0.09185954974964261,0.029462720253504812,-0.005033068638294935,0.0,0.039354480914771554,0.019322610496310517,0.009896992165595293,-0.017087219879031182,0.0030376001261174677,0.05964083039201796,0.16256785979494454,-0.03358169115148485,0.03674193081445992,0.004700544243678451,0.02513978344388306,0.009390387879684568,0.005549025889486074,0.11067885466851295,0.040737215629778806,0.018699488970451057,1.0,1.0
Fam133b,0.1733495724434033,0.09272971791215241,-0.02297458644025028,-0.025698281894437968,-0.008248203326947987,0.0,0.02415366308297962,0.05213226383086294,-0.002834946606308222,-0.01826105810236186,0.016921468595974147,0.09647020381176845,-0.023517025772016496,0.03378489973256364,-0.07294267007848249,0.05827443941961974,-0.10678899466991425,0.02363246000604704,-0.0031689867796376348,-0.009509125580079854,0.06837113181594759,-0.04086185341933742,1.0,1.0
Necap2,0.19525979427155107,-0.05515161704272032,-0.017439404325559734,-0.02539416104089469,-0.006270279050804675,0.0,0.019070070441812276,-0.014562093112617731,-0.0020041613467037677,-0.01373488714452833,-0.01940945538226515,0.07285733821103349,0.1890051326714456,0.017717876080423592,0.009021011730656028,-0.13944804122671484,0.002105791764333844,-0.001533743655309081,0.009936582073569298,-0.007754426368046552,0.030377099770121277,0.022394356755539774,1.0,1.0
Uso1,0.08032465685624629,0.043773147247266025,-0.02301243953406811,0.05152878365945071,-0.005854726051911712,0.0,0.022894086726009847,-0.013566496371058747,-0.0035695798619417474,-0.004727935115806758,-0.012572067754808814,0.06416907021775842,0.14474293478764594,-0.038088558786548675,-0.09910615713335574,0.02377479265909642,0.013162651844322682,-0.014877846082672477,-0.009547003712505102,0.00046325994655489923,-0.15610938128083945,-0.011848523460794241,1.0,2.0
9330159M07Rik,0.18375264012487605,0.14254923153668642,0.004548941133543849,-0.009763818578794598,-0.005068647898733616,0.0,0.027356367940083146,0.053895099982619286,-0.0022444295324385165,-0.0012357196304947139,0.017792530236765743,0.09136804070789367,0.07643553671427071,-0.047121486300602554,0.09878583808429539,-0.054780586436390874,0.007343332688324153,0.005028033303096891,-0.0016951092751696707,-0.008620790364220738,0.06271040000952781,0.009030304939951748,1.0,1.0
Unc13b,-0.32799598888261244,-0.02731790278106928,-0.037889720434322954,-0.06545722846640274,-0.015720960686448963,0.0,0.020786142703145744,-0.03156365364091471,0.004923921099398285,-0.020725477135274558,-0.03153341528493911,0.05115325076505542,0.16766197414603085,0.05809281116584316,0.02624130806652829,-0.033879612125456336,0.024018406774848698,0.010621014386415481,-0.00242459449917078,0.0023811215348541735,-0.05992929725442082,0.001428697188384831,1.0,2.0
Sypl,0.168066401144024,0.17004820780828594,0.020391779523342847,-0.01959906652569771,-0.005394583442248404,0.0,-0.1140547294728458,0.02430673299357295,0.02530832201242447,-0.002585812392644584,0.0704670592606999,-0.08278756218729541,-0.0029155748384073377,-0.006931629320606589,0.11911410223226994,0.0068784932605922226,-0.016595590533688663,0.033726506386883556,-0.005547545198351145,0.0042240617470815775,-0.06447568172588944,-0.010160962207010016,1.0,1.0
Slc12a9,0.205188465770334,0.0010778542328625917,-0.0007073056139051914,-0.09402587902266532,-0.009640051228925585,0.0,0.021636255737394094,0.060020619281567635,-0.0020041613467037677,-0.011368312295526267,0.019675432713702323,0.03798791797365993,-0.20282876580487938,-0.0228498041536659,0.0034356770291924478,-0.0132016091234982,-0.0018895529076689854,-0.002644070601090789,0.0060880408016964795,-0.02436011084355414,0.013994739740155637,0.017952261762693524,1.0,2.0
Col6a4,-0.44769860098836944,-0.0913676845561713,-0.03308739642612636,-0.06545722846640274,-0.01564411436440423,0.0,0.017865159641951324,-0.0030174274486489596,-0.003858895618468523,-0.021028915124479682,0.012845824295654893,0.04571779808029532,0.15071163558401168,0.07590927270241082,0.012290057549253107,-0.03873015141114593,-0.05241484954021871,-0.002817001584917307,0.007018085699528455,-0.00824331544805318,-0.001978668812662363,0.02085013779811561,1.0,2.0
A330032B11Rik,0.17789919198490678,0.053487564707174896,-0.0737093620467931,-0.020800996907055377,-0.006476852991618216,0.0,0.015477869668975472,-0.02279421143233776,0.015871862433850765,-0.014957470376975835,-0.008345632860437036,-0.13080741482554004,0.09852217494044453,-0.015930801620706914,0.03150439228862524,-0.008892453787848354,-0.0022245309432037176,0.013722576154395937,-0.006987262032926083,-0.010710096217226238,0.09470664388034493,-0.012568443228956313,1.0,1.0
Polr2h,-0.11406153014628216,-0.024883181694895028,0.006440158300101757,0.06720157325733453,-0.005628563351929188,0.0,-0.0056211516261100766,-0.015973370803985743,0.037733939085155724,0.05648453250527382,-0.021651135059073567,-0.013739843801595271,-0.20155261153355242,-0.17447714903159067,0.0673730903910473,0.003175668423064053,0.008145689632510767,0.01994670435786247,-0.0013350895768962801,-0.022291240016929805,0.023499430185183884,-0.01243785785511136,1.0,0.0
Mfn2,0.16503982346504928,-0.012673922851681708,0.09790001572109759,0.06323540905490517,-0.004287832926493138,0.0,0.03291827853769064,0.05872264880686998,-0.0020041613467037677,-0.013343623424880206,0.04394198279827833,0.05926201533060521,0.09082820136100053,0.12264089019969106,0.004747657319530845,-0.11854464383795857,-0.05200838669203222,0.0004755110014230013,0.007018085699528455,-0.006431230499874801,0.034722229493781925,0.028086963230744003,1.0,1.0
Agbl1,-0.31171956424135716,-0.07166010806336999,-0.049168645795434715,-0.056036090094130485,-0.014682219743262977,0.0,-0.062014954374171795,0.004216921532060951,-0.010389856725814751,0.009801337281242013,-0.008797478205524385,-0.11824949863366782,-0.05627732296939939,0.008177024042233826,-0.11761727662524209,0.009433881854638457,0.0008002611994743348,-0.05302412794902921,-0.011516045846510678,0.0029634836199693383,-0.10175881388597191,0.011800911277532578,1.0,2.0
Hipk2,-0.34277475001988933,-0.05793859941419214,-0.06191209400072694,-0.05932242258451879,-0.015053544568363577,0.0,0.02065941145643592,-0.0316204549302347,-0.004833797059836798,-0.01743424537824467,-0.02631710487883538,0.07191134486114606,0.10886082293232903,0.07736622961470857,-0.10273943955078721,0.03379641232080757,0.010739308095071464,-0.08965182820335031,-0.0033497266029007735,0.002695946395397186,-0.1022268675127998,0.010964309102855624,1.0,2.0
Apba3,-0.028802653914317487,-0.023131797877140342,0.12053651108872146,-0.0032410085666924717,-0.0041799164959229525,0.0,0.03507845608517528,0.022199030758347362,-0.006378049161285162,-0.0033276276476681232,0.012863341937772929,0.06577265295665712,0.07763863156316803,0.15515628505963833,0.15856570975854992,0.0710912177618593,0.01635153726208955,0.00963830752298236,-0.0016424707928672433,0.025393606070429085,0.04743951727636159,0.041697854055091736,1.0,1.0
Drc1,-0.052497839997522534,0.10503271047957241,0.11274601138196885,-0.01655519485939294,-0.011863256548531353,0.0,-0.15594101789407433,0.02941507210722193,-0.016149220429360865,-0.005870400867424905,0.014836437804624437,-0.04297851202078164,0.1201009193243226,-0.008858435829170048,-0.01429580598603934,0.009015278248116375,-0.06830620724707842,-0.028357141544111075,-0.011185097079724073,-0.0009154748078435659,0.10071274908725172,-0.039052328746765855,1.0,2.0
Dpy19l2,-0.4472346130083315,-0.06565201506949961,-0.0387425113748759,-0.05983308002119884,-0.015335295267868787,0.0,0.025883815749548376,-0.015502423897851258,-0.0036019525304436684,0.015087891761213541,0.0170493251318112,0.07855952153448015,0.002986803576350212,0.08642451014602556,0.19523655606433749,0.03660532394889742,0.01806710406206548,0.005720009189099073,-0.002056125123053789,-0.003365114175248891,0.00997067240998149,-0.03668135503306985,1.0,2.0
4930432K21Rik,0.1873556077363901,-0.02241444531828165,0.034631305830553176,0.047430602733511476,-0.003633354005869478,0.0,0.04042938385158777,0.00794188775587827,-0.0020041613467037677,-0.007580774440430105,0.03127355038654059,0.0955570210213773,0.13835891595575958,0.1692867309320718,0.15321398304775358,0.0883624604716897,0.021026112856343388,0.009732853253372014,0.007018085699528455,-0.006431230499874801,0.048270991099998356,0.028086963230744003,1.0,1.0
Smarcb1,0.19569669893477112,-0.030335205022711306,-0.015378764392808079,-0.028988886536099018,-0.008034152397885918,0.0,0.031570749627426266,0.03484480462968349,0.005007104224059731,-0.01870042411144823,0.01670751635916531,0.062453196244314314,0.07583615056239068,0.015357930597383529,0.018701188396662474,-0.0978937515988946,0.01721436551306397,0.00044194218702614307,-0.0021087636053562166,0.008089990406297147,0.005871037915349007,0.021169549087062478,1.0,1.0
Aspscr1,0.13996723882388323,0.04079066384583711,0.02744155989959836,0.04397463233675808,-0.004233109194319695,0.0,0.034524099919945005,0.05090493105235509,-0.0020041613467037677,-0.0010663171438500285,0.016803945042192937,0.07987628734204918,0.15197509494842962,0.26767527669668195,0.18670285829808564,0.0715617623925209,0.014330397343728691,-0.0645377195905894,0.00924715818837285,-0.006431230499874801,0.08339329491835087,0.028086963230744003,1.0,1.0
Ttc4,0.13134770144708455,0.04194655666127801,-0.039926322707906366,0.06405215216334909,-0.0042366910260170695,0.0,0.01653765708208084,-0.01445487344171852,-0.006122243776917458,-0.0027987126307561995,-0.015173105564899743,-0.19737203031079845,0.08667099179234355,0.03831763095222414,0.026732247793115674,0.02905566034838557,-0.006109942714683712,0.019006069311872126,-0.009962569735944272,-0.030098127080127598,0.005262626511976123,0.008405379140749574,1.0,2.0
Tbc1d30,-0.07401007327716798,0.14568130028434098,0.13976684973109513,-0.05469158491585404,-0.016280668573454022,0.0,-0.028147983271628617,0.020181109133409335,-0.002834946606308222,0.15017466017976402,0.00285136672668159,-0.028142830410506577,-0.267569206119515,-0.048141615092754365,-0.005496171857230365,-0.0016715233121067285,0.003299587968504056,0.00984325614757836,-0.0013877280591987073,0.0028986444184556604,0.011814684546552599,-0.018017038982361556,1.0,0.0
B3gat2,-0.026024513237643987,0.055450694700703025,0.005358454771339893,-0.02601395084289834,-0.009891260436270387,0.0,0.029824311081320047,0.04409950312925503,0.00677865537116304,-0.023115750937722623,-0.05277226557955146,0.07880629004910589,0.22123922425322234,0.06172951576707419,0.02708870270755142,-0.08457425856031478,0.0046417202800512316,0.022834308743476868,-0.002214040569961071,0.0025502048199996354,-0.013065209202468396,-0.019121404299512507,1.0,1.0
Smim4,0.06310061778873205,0.03521334029268473,0.12072206595912575,-0.010165188203100115,-0.01127372048329562,0.0,0.020676576886326074,-0.014994455192936584,-0.002594678420573473,-0.02746726995334029,-0.016196529353037475,0.0213555895187892,-0.1420313407923095,-0.06791945920791477,0.004192819083109498,0.03130521592218429,-0.0892056713742204,-0.0017756505543366074,0.004410809914115816,-0.007627598866820335,0.060715336818248034,-0.018483349536545575,1.0,2.0
Tsga10,-0.23110743723809718,-0.06344599661650135,-0.011723978859372437,0.09399740310385823,0.11765671643894166,0.0,-0.09914182941429317,-0.00019768647267483176,0.010354829262942076,-0.008838118175044657,-0.013501121625304223,0.014787800535559654,0.014521772505249829,-0.017275637520942837,-0.02354421142488718,0.0023275210615247488,-0.0034594995330553503,-0.0536918208701536,-0.0038794866390526295,0.008827803172171116,0.035041673970408735,0.01382341979071498,1.0,2.0
Zmat3,0.09489086338318885,0.10515043213497847,0.07608014695812017,0.004771874388679862,-0.0065362110128626225,0.0,0.017886080006137492,-0.0233072389382869,-0.011183677837252617,-0.013104308876208962,0.001366156917065382,0.03674121194053441,0.08598061356460676,-0.03770643724827096,-0.007016448485665024,0.012507346547208727,0.013499705274589359,0.026228690003044904,-0.0029661393538117408,0.005925958135630936,0.08989203081466257,0.0006218224111944437,1.0,1.0
1110017D15Rik,0.2784875972219743,-0.017865235675126313,0.08113382379058748,0.18172857589088381,-0.005942570986226201,0.0,0.021976818302646278,0.11580677480436861,0.045138130821287634,-0.010132969687692821,-0.013964152475818992,0.04960423914948478,-0.11054649801924825,-0.10242144689429551,0.0373549967026338,0.019087500972673296,0.0010475446499185637,0.004737169975414872,-0.0017512424709275364,-0.021117410655133426,0.051613370701670644,-0.0015915436763316393,1.0,1.0
Ralb,0.18019621399696917,-0.07106181094888597,-0.047521440368145706,0.05605914682615548,-0.004790074971970171,0.0,0.03854029023088515,0.03179507611319423,-0.0035695798619417474,0.02213753735180944,0.002574357641860843,0.12714959541102872,0.1157311784941703,0.12983466083183884,-0.136980156856589,0.061012303587049246,0.012134782318025828,0.009147901972755789,-0.00938908826559782,-0.0035747135640121996,-0.03334313385654241,-0.04811886690557003,1.0,1.0
2810454H06Rik,-0.05749889130936935,-0.06361279144883156,-0.0237259532418102,-0.02060346634592861,-0.0037284692423418166,0.0,0.011656443220563233,0.02424326116917655,0.009738230463117361,-0.0016513792052865028,0.016301593719981612,-0.1580646701809019,-0.05411030661314726,0.07809206421428826,-0.0005926443077623844,0.044365829573944214,0.012544163386337459,0.006953407069668174,-0.009338361476548016,0.041835358808748425,0.04747952342033386,0.018359691686928272,1.0,0.0
Bhlhe22,-0.21021063844673335,-0.06462572409305721,-0.01833078423514962,-0.020268829152919353,-0.004317229385487735,0.0,-0.004890877101570368,0.014443497264292091,-0.03004329925402999,-0.005031022685579955,0.011769259097054601,-0.05287399403983727,0.08346390114398673,-0.0842632940702606,-0.0038265900127589705,-0.019106066403910518,0.004137847681995481,0.02778368073515594,-0.007074906737543642,-0.00896217577625066,0.025897792759351432,-0.06080829249694943,1.0,0.0
Gt(ROSA)26Sor,0.07593960966682062,-0.03597151337191463,-0.02218076789751649,0.10414313274435699,-0.0054748707078397275,0.0,0.01861569471657276,-0.005082515741232783,0.007481909841299057,-0.0073047990119084714,0.005456817871890962,-0.06978114682948217,-0.19636475919745863,0.03935028522508219,0.16232267998624594,-0.05269793298561126,0.013422693116008305,0.02079367071390152,-0.0011474598734639585,-0.0010124773159623146,0.01650931576266885,-0.03318516541272402,1.0,0.0
Furin,0.2532000181544572,-0.01482723642140627,0.10500675983726979,-0.0269132681703195,-0.007573010707274079,0.0,0.029746191389858723,-0.014562093112617731,0.009235709477216004,-0.009168580211699008,-0.019536511099431664,0.05478653467725962,0.06408974519697949,0.05504983116989024,0.14497044635936618,-0.0011209828034043313,0.014996661101467907,0.00924992655403912,0.007070724181830883,0.022058572659734637,0.03608559394720942,0.008100859193364158,1.0,1.0
Atp5d,0.14020211088703946,-0.036143788676708935,0.0016751191392540932,0.04147145717870444,-0.00394621129380539,0.0,0.02167690422385931,0.05189539375132881,-0.0031254129484295846,-0.0010663171438500285,0.013411832554265857,-0.11826884161913767,0.07323581144795753,-0.08205515365116298,0.11266951212659478,0.015788798066787423,0.008200211252551525,0.00736852596513927,0.0242635142756626,-0.01771689017303288,0.02888291665352881,0.019496480720117688,1.0,1.0
Mlec,0.17902934616198762,-0.012324402099475265,0.008955843448638916,-0.03817001321120188,-0.011409668922424317,0.0,-0.042371209980919956,-0.04764070839621127,0.010766992438584566,-0.025232283156365155,-0.0638214398548007,0.027988773579709234,-0.134434237817768,-0.12479927533306182,-0.06435934538487345,-0.07255622404627501,-0.08352527677605394,-0.004255241081118584,-0.002020068939309567,0.003254770301282406,0.05994012679439038,-0.01881906178314239,1.0,0.0
Eif5,0.17450141709297895,0.0805450383760035,0.008455094546079636,0.04812526009744033,-0.0045059426571242515,0.0,0.02917196976020932,-0.015415635159006342,0.005710358694195747,-0.006662649433128536,-0.018682652483694256,0.08864272736711427,0.16592435285449028,0.13862582574598492,0.17414914878085255,-0.049953626748174426,0.019671236695721746,0.01092938490677625,-0.0017706719832494854,-0.01684229848673567,0.0399185970146209,0.028056470071896912,1.0,1.0
Mrpl9,0.19589545110473408,0.04671946136280894,-0.03379150011576712,-0.010095122253987938,-0.0054429426020942626,0.0,0.03481868918053806,0.0435596857755445,-0.0008668213896453381,-0.009659182210452855,-0.014091731342487037,0.10924744294257835,0.21791107496246695,0.10267872125376015,-0.03998347225598991,0.07105731401592492,0.01125789862126112,0.02457022060640156,-0.002936425097286701,-0.011554658415261656,0.11560683324467391,-0.034605966359376905,1.0,1.0
Ppp1r3f,0.16466783962910994,0.001856022486463189,0.0746326509770006,0.050836861482821405,-0.003145898263901472,0.0,-0.1751823228597641,0.03869505516253412,-0.006769646759494208,-0.006690699639730156,0.008974746400490403,-0.10247739390237257,0.04024204144603573,0.043908743811771275,0.03556772840674967,0.010032233577221631,0.010988671891391277,0.024449245976284145,-0.009914067001082003,-0.023986949927639216,-0.022540237185312437,-0.02392460759729147,1.0,1.0
Ccdc124,-0.09428112881956623,-0.014624418709427118,-0.017675425987690688,-0.021577670872211456,-0.0065383108053356405,0.0,-0.00557803712785244,-0.00528347369749099,-0.006137780975550413,-0.01953339556232095,0.027600238397717476,-0.01317529754480347,-0.19577138771070168,-0.08109442693879827,0.0060431186156347395,0.0003855563746765256,-0.004213757530669682,0.0026208176836371422,0.0042895454191602764,-0.03082621522247791,0.06340330963023007,0.05995145772583783,1.0,0.0
Coil,0.18508635101607068,-0.0009288506396114826,-0.015323033779859543,-0.016279653331730516,-0.004712483582552523,0.0,-0.017275656927376985,0.03210467018652707,-0.0022444295324385165,-0.0007908398890867829,0.016627980270422994,0.10267911294708028,0.19369520923122763,0.16038772608153523,0.17360407295636832,0.08125858655199408,0.015788916600868105,0.012338845459744334,-0.0020109401689842343,-0.00965364050352946,0.07659203211776912,0.02085013779811561,1.0,1.0
Kat2b,-0.36378872715635224,-0.06884451569058,-0.037439813129603865,-0.060980938735883686,-0.015424294986296445,0.0,0.033319293539971116,0.009375543796923012,0.004923921099398285,0.013885462628677488,-0.013170910547487438,0.08050356160616502,0.17134713529609144,0.12089338588295505,0.1957926226221025,0.044598258924670516,0.017440389804542065,0.004959598239511251,-0.002056125123053789,-0.00365809059003368,-0.050798086570575836,-0.03589399894699454,1.0,2.0
Armc2,-0.28130523791071027,0.008134577097371221,-0.0366576817817986,0.14807351244147868,-0.013921893022488802,0.0,0.021136899897828697,0.010565242763841525,0.010354829262942076,0.03371859472244978,-0.01817462671082467,0.04976802503690123,0.13165457820752635,0.06577437685569748,-0.006044323802925646,-0.0425508196093142,-0.13479767153039574,-0.00593043677508831,-0.0016424707928672433,-0.004021821136120707,0.043770602592267095,-0.05833312412723899,1.0,2.0
Snrpc,0.21804869307903574,0.08648523203097284,-0.02302281718701124,-0.06063732967246324,-0.005976374954916537,0.0,0.027456499580293895,0.07877608275040984,-0.010593160763382911,-0.007591025177389383,-0.008366755857132376,-0.0343296599551104,0.14745328615419567,0.11762802916113287,-0.0470385389123112,0.046629158104769884,0.013959166361019015,0.006969909770414233,-0.0029661393538117408,0.021152342772111296,0.09884287273045629,0.014761400679126381,1.0,1.0
Lmln,0.144884175141342,0.00026608724147081375,0.11250700657255948,0.006127232266589999,-0.0066495167184621095,0.0,0.029057642659172416,-0.015190881736343727,0.04537839900702238,-0.010957767176441847,-0.0262601700425148,0.05684753697365522,0.18158873048145324,0.043283852115273476,0.0009036255208775401,0.06546386007219553,0.010540681863203645,0.003466591341421008,0.0031322419829666616,-0.0225654039112851,0.11641282964032143,0.016377549646422268,1.0,2.0
Ints9,-0.010678933220915496,0.015271254433318972,0.18216585360467433,-0.018935222150757908,-0.008882851353846491,0.0,0.029906880548223852,0.009152356449048967,-0.007944605380180292,-0.009583950000815094,0.027687382185831666,-0.08455317326355725,0.12150695908814668,0.012144314765464514,-0.06627793106716126,0.0044930991623550656,-0.017211443572305144,0.0014774587377905846,-0.016979701984673738,0.008137328173033894,-0.09478911901358515,0.011584691090974956,1.0,2.0
Atad1,0.057880242513492705,0.17141750830225647,-0.021578417597338556,-0.03631756886839867,-0.012800832155626267,0.0,0.02709644357673824,0.005951818667817861,-0.002834946606308222,0.1462356380838901,0.0702033432945609,-0.008890241547487677,0.082101015499793,0.09497623121773359,0.01869259346742183,-0.06656602452509106,0.0045578887453302745,0.001654427438043058,-0.002116217133589089,0.0036661686468869446,0.06019900407176465,-0.019908760385587813,1.0,1.0
Acly,0.1517936336272396,-0.010061652893200516,-0.01528376005589962,-0.02171604539034888,-0.006399915397632867,0.0,0.020475544165819884,-0.06593909184681251,-0.004160070829093456,-0.014678700403310358,-0.04742826802656055,0.09456452366430312,0.21974361441098153,0.18287896792404354,-0.10440346132498235,0.08708604086190462,0.008491431204602122,0.005787837849929929,0.011673978511244059,-0.006003914496395737,0.08091237268876285,0.026281712166965007,1.0,2.0
Mrpl55,0.01338156223297119,-0.0663124932628125,-0.039467324316501615,-0.020497603991534562,-0.005712855043821036,0.0,0.010879727378487587,-0.01250384588027373,-0.00725903257727623,-0.012334954664111138,0.009903267356567085,-0.1090592625993304,0.11476269578095526,0.09482509797555394,0.01082317863125354,0.026949363062158227,0.012305423677898943,0.009116963455453516,0.024316152757965028,0.02505948778707534,0.05010820597410202,0.039417421268299224,1.0,1.0
Prune2,-0.34091506379423664,-0.06535326738841832,-0.03297127029858529,-0.061474147893022746,-0.015424294986296445,0.0,0.03155656605958938,-0.0316204549302347,0.004923921099398285,-0.018104803499300035,-0.028627026886679233,0.07519009069306776,0.16135447019245475,0.12103318946668878,0.20757456634892152,0.04903568441979587,0.01656350610777736,0.004959598239511251,-0.0021087636053562166,0.0023811215348541735,-0.04603945438750088,0.012588267363607884,1.0,2.0
Rab34,0.03376693719765171,-0.014178738053888083,0.009708636570721865,0.0034102064813487233,-0.006595313129946589,0.0,-0.008686639796942473,-0.03314055892871693,0.009896992165595293,-0.02525617280974984,-0.046653210083022714,0.020956188433337956,-0.19694018041482195,-0.07476083536399529,-0.006835922580212355,-0.01679959616623819,-0.0038270845980150625,0.002520248219370842,0.005076739802025259,-0.03822433692403138,0.030365568245761098,0.0397742076497525,1.0,0.0
Fxyd7,0.14218524969415738,-0.06681986017152668,0.04028142711613327,0.07702827345347033,-0.0062769186589866875,0.0,0.017657465459778907,0.028553481565322728,-0.0020041613467037677,-0.01816502086352557,0.006571934102103114,0.025782159294467418,-0.15827724980888888,-0.008868459132499992,0.026984517532400786,-0.027248935103416444,-0.046640455918968655,-0.010911743510514499,0.008398177628405392,-0.021117410655133426,0.029716149964369835,0.0568501721508801,1.0,0.0
Sec24d,-0.022030056957155465,0.09138407164253294,0.11473114067222923,0.043658677767962215,-0.00475537107558921,0.0,-0.2705271459650248,0.02410642900620587,0.013190104236709885,-0.010723833316005767,-0.01569976388476789,0.08441530434181914,0.11909462592448108,0.08882114106731023,-0.06491964729037136,0.05715931195765734,0.006057052733376622,-0.016472403956577182,-0.011881800834089518,-0.0008563636266626418,-0.05225159741763491,-0.019121404299512507,1.0,2.0
Abi1,-0.04778258393984288,-0.03536551622208208,-0.03622499017044902,0.01882953932508826,-0.00956855553202331,0.0,0.024833070673048498,0.051834528966574,-0.0017472182586789132,-0.005402773316018283,0.015669252332299946,0.014306605607271195,0.058142905738204714,-0.04817822714452632,-0.029986155815422535,-0.020771333049051464,0.0012696876050904394,0.004075874220579863,-0.00242459449917078,-0.004016877277754247,-0.059133422737941144,-0.03444861987605691,1.0,1.0
Zbtb25,0.3233900377340615,0.01817823194898665,-0.03727748082019389,-0.05367100851144642,-0.012892593806609511,0.0,0.019898289954289793,0.004431259939447045,-0.002834946606308222,-0.02365386702120304,0.03253964307717979,0.050768491632770744,-0.14948853936744855,-0.05745428330264986,0.08342149019241334,0.00955005724914372,-0.08538698932854459,0.010894599668681622,-0.002786395689472556,-0.009008649999741465,0.0496282012341544,-0.040456164162606,1.0,0.0
Elovl1,-0.03712013029493391,-0.06796527589671314,-0.04860741570591927,-0.012910996321588755,-0.006006759139709174,0.0,-0.0013462901301681996,0.027587838161271066,0.028157374281436207,0.036535484017804265,0.07318116825073957,-0.14121363322017713,0.12424821041990071,-0.11809765933081508,0.08483572665136307,-0.029853450311347843,-0.017460408615879715,0.006475785942748189,-0.004452908379025757,-0.022070294125005604,0.0263431088719517,0.023630100367590785,1.0,0.0
Zfp937,0.10139206829247996,0.05361530857160687,0.07201837550848722,0.057598029775545,-0.0029579062899574636,0.0,0.02630920408293605,0.05826172156725079,-0.006769646759494208,-0.013343623424880206,0.013447260381653905,-0.1578541850205511,-0.11499768506735564,0.01320875302888453,0.02038214618805796,-0.0629667405039072,-0.022093192231841384,0.014352063075639307,-0.009233084511943162,-0.014986781103070826,-0.015497352950042113,0.018044762313365936,1.0,2.0
Nek6,-0.06633707408094779,-0.06075582166202367,-0.052772124065086246,-0.020299832201562822,-0.009413103410042822,0.0,0.024842796064913273,0.0494426657515578,-0.011183677837252617,-0.0007908398890867829,0.019950315058231353,0.07128169463016093,0.1687451726407744,0.030225213647354393,-0.04709825810510665,0.021575638875365257,0.009799379352480174,-0.0586264624260366,-0.0023243146669119598,0.008000828023068608,0.08508582943584769,0.012421293202787637,1.0,2.0
Tpd52l2,0.2374824223225005,-0.029494873294606806,0.006489057261496782,0.06960149059072136,-0.00527605814859271,0.0,0.017340181693434716,-0.025621809395961464,0.008995441291481256,-0.0064780697831884025,0.003983394829556346,0.0695270482217893,0.029176206919364633,-0.037791265938431025,0.04189407314173877,0.02497972911223769,0.0152909936895594,0.0049990420881658795,-0.0016951092751696707,-0.019572407556697726,0.03874899956397712,0.016377549646422268,1.0,1.0
Zhx3,-0.28469201009720563,-0.036584308103192596,-0.039861762458458544,-0.08117068757303059,-0.019705945579335093,0.0,0.023822409734129905,-0.0316204549302347,-0.0036019525304436684,-0.022716736926231534,-0.02686691913753748,0.00871614869683981,0.03818220189306885,-0.019282737609464674,0.019721839749254285,-0.024154678815975786,0.001188395037315786,0.0024108174815773964,-0.0021087636053562166,0.009074479884002357,-0.02094922825694084,0.012421293202787637,1.0,0.0
Yif1b,0.1625712853251025,-0.03232152015436441,-0.007481367290019989,0.055027442262507976,-0.004544118819758296,0.0,0.022097970824688673,0.0477913300471846,-0.0031254129484295846,-0.006953336615115404,-0.006874417569488287,-0.17657789022894577,0.11110457757953554,-0.05792760488577187,0.04661848795134574,0.009245620933361351,-0.007655817433260381,0.010150092663243413,0.028726709056645632,0.02558181853266433,0.023435225947760045,0.01456586932297796,1.0,1.0
Kif21a,-0.34387299027992413,-0.08832476234063506,-0.027123879343271255,-0.06007595078786835,-0.015720960686448963,0.0,-0.15226642025634646,-0.01754151432076469,-0.0036019525304436684,0.028815011028200388,-0.004496484324336052,0.04412240669131279,0.1377245532197412,0.054865479965228586,0.04533638812601566,-0.01669637156650424,0.0036251556035131216,0.007878179233521222,-0.004390922244638205,0.0029416351742111145,-0.01804471111856401,0.011800911277532578,1.0,2.0
Fabp5,-0.1712838943535462,-0.042041617766954004,-0.004861458335071802,-0.03643335104454309,-0.006833087401464582,0.0,-0.006018081661313773,0.015828711963258683,-0.02507775666192174,-0.011049200166016817,0.012760460982099176,0.032093886297661814,-0.22425510714529082,-0.04174540235544555,-0.009288578811101615,0.010443111015483737,-0.0018946092075202614,0.02025563031435013,-0.0013877280591987073,-0.013454742161557079,0.053066689255647365,-0.07498703019693494,1.0,0.0
Gm20457,0.1373840572265908,-0.02742789940908551,0.18256261479575187,0.004128684115130454,-0.0036406896356493234,0.0,0.033143982123583555,0.01733960915240459,-0.006769646759494208,0.08372734535485506,0.022169736013747752,-0.1386707342439331,0.08710432482534088,-0.03075277904048562,0.030080637003993615,0.03897253589704633,0.008216706956736743,0.00969505511689931,-0.009180446029640734,-0.013135608152952045,-0.0041682107222732155,-0.024766908846795558,1.0,1.0
Mtx3,0.2296937240404077,-0.035104321204125884,-0.03226465503685176,-0.017862583866808564,-0.006016138063278049,0.0,0.020696811843663454,-0.014989833123981952,0.010766992438584566,-0.009659182210452855,-0.01898088229354471,0.09243845005752518,0.14565033111721276,0.035803369090426716,0.08702643534168601,0.01285561403259635,-0.0819112585298717,0.008653531400486827,-0.0020109401689842343,0.00766415482852608,0.06504105507861822,0.013208649288862943,1.0,1.0
Set,0.2920495053543709,-0.08185950676910579,0.021871524997986853,0.018106184462085367,-0.007183121321722865,0.0,0.012755166757851839,0.01579644684679806,0.015110984258353711,0.11104767634533345,0.007490333467721939,0.04457768746418878,-0.13184178093448282,-0.07997003401163966,0.050488918824121355,0.006693072346970439,0.00037698652886319906,0.004833788694813847,0.005129378284327686,-0.020822816132567822,0.032997594214975834,0.018062152145430447,1.0,2.0
Zkscan5,0.15273859534878284,0.09009805948473514,0.005719899488613009,-0.02972849593963474,-0.004392406144179403,0.0,0.02752369056455791,0.05213226383086294,-0.002834946606308222,-0.0028752850322052836,0.01869682331569493,0.07935818741796538,0.031167726945132018,0.12263863837346435,-0.006377790961414576,-0.09716651235707104,0.02246690893545747,0.040153507543727755,-0.0020109401689842343,-0.00865807718830183,0.031198361702263356,0.017763995230197907,1.0,1.0
Ccdc13,0.14279700123006478,-0.05169834660366177,-0.010312724346294998,-0.02601395084289834,-0.006784147007856518,0.0,0.027217421969398855,-0.06571188668487593,-0.000916432999074459,-0.019826862323097886,-0.04754844873212278,0.08695903593674302,0.2246527550648898,0.15579799544997514,0.010130857583135366,0.087879091296345,0.0034606679249554874,0.015117614911869168,0.009271925650537013,-0.008731014479417354,0.020779913421720267,0.02085013779811561,1.0,1.0
Ints2,0.1208653366798535,-0.03333798073232174,0.13872543741948903,0.044741448923014106,-0.004479049283545465,0.0,0.028025791458785535,-0.00839578735991381,-0.008535122454049996,0.032767200670205054,0.07845579596236348,-0.15943493916420265,0.08604066502768547,0.0740016228449531,-0.16253794463351368,0.05986500190570951,0.0058964715199545025,-0.002774682557210326,-0.01692706350237131,0.002852472790982574,-0.043891430129297075,0.011800911277532578,1.0,2.0
Fkbp5,-0.21914960302878173,-0.042305975297931585,-0.05478951647877693,-0.03761076906695962,0.16620246627600863,0.0,-0.0011607526242733,0.008111984056886285,-0.004593528874102049,-0.009605543676298112,-0.011703569414094091,0.09244823178276419,0.15283827822189777,-0.020414588504936545,-0.08542840188369155,0.01003735462203622,0.008357805395498873,0.008065949059091509,0.028954300228506327,0.008918003619182855,-0.06382428504526615,0.01296683995751664,1.0,2.0
Poli,0.19589765928685665,0.03092328283470124,0.1495269673783332,0.050576358255930244,-0.008048604996874929,0.0,-0.022309201173484325,0.03869505516253412,-0.016149220429360865,-0.004499755031429231,0.007483322666957975,-0.053847180318553,0.06968908754410222,0.027627359040779995,-0.0029503377014771103,0.015880848141387106,-0.09049405495170504,0.0027887825760990383,-0.010398837625980378,-0.0030284176487475633,0.09205292692407965,-0.056887745056301356,1.0,1.0
Psmc1,0.20519527244148775,-0.04920370603911579,0.1252138189971447,0.0035764417937025426,-0.004934192297514528,0.0,0.03521333985030651,0.03389603074640036,-0.002834946606308222,0.0860481001343578,-0.011412249668501318,0.06701791671570391,0.054853602794464676,0.054158786793705074,0.0014477525278925895,-0.12071194812655449,-0.01761335664661601,0.04338610474485904,-0.0016424707928672433,-0.004582334740553052,0.03870547166559845,-0.03640058794990182,1.0,1.0
Rars2,0.1583992684376426,0.04034367771586403,-0.004616443663835525,-0.02219816011376679,-0.006566568887792528,0.0,0.027004033494740724,0.03502248004777357,-0.0011567011848092079,-0.011329110427759588,0.0469306546729058,0.06350595671217889,0.17090488305548207,0.0366612292942591,0.015478653484024107,-0.014856802560389041,0.018684289818629622,-0.14599190319888294,-0.0017878512619063259,0.0014620175934396684,-0.05214704655576497,0.008678690111264587,1.0,2.0
Sgce,0.0030190311232581733,0.05131602762266994,0.04567172202281654,0.023421410829760136,-0.00884569296380505,0.0,-0.28030381982214747,0.021676700877724216,-0.0017472182586789132,0.03546375887934119,0.0013103174325078725,0.06875087918015196,0.13846894272603094,0.1258353727677604,0.1252047719573602,0.03409827165305614,0.014826191486790777,-0.0155936623737216,-0.004443560726940632,-0.0009388444316573441,-0.004317186083644628,-0.019908760385587813,1.0,1.0
Slc1a4,0.10481233791913837,0.0800257159769535,0.1382297216169536,0.04951303281355649,-0.004764713332988322,0.0,-0.2328662694338709,0.03755051627289504,-0.0035695798619417474,-0.0056610708916559815,0.011625926704145967,0.0357532189367339,0.049100470704725015,0.06264964760281146,-0.06930464963894338,0.056861916240304705,0.007875764491036535,0.02835245801601559,-0.011881800834089518,0.003974863458424806,-0.11065378150902688,-0.016893970649689435,1.0,1.0
Chd1,-0.11599881460890174,-0.016258728224784136,-0.008257991764694453,0.12295634339563549,-0.01068458303809166,0.0,-0.10353330720216036,0.00669751240639016,-0.0017472182586789132,-0.008090298655442894,-0.00014742755331099034,0.004044298743829131,-0.0829149853362469,-0.017539030227344484,-0.038570444704964756,-0.004028393030166626,0.020591055705444887,-0.004095269548706711,-0.004320667330175638,-0.0010124773159623146,-0.014637168794870377,-0.01865376003086567,1.0,0.0
Cfap69,0.024570550930220633,0.2704326151683927,-0.01356804335489869,-0.01723680103663355,-0.01090856758877635,0.0,0.02967562803067267,0.035519742376636715,-0.011183677837252617,0.04528079008683562,-0.014078089883551002,0.129021067568101,0.15282610179157927,0.03408010921441019,-0.056871920372359455,0.0466762278880924,-0.13148889070376754,0.07306196689605712,-0.0028608623892068864,0.004759378964081407,0.12412524979561568,-0.039333095829933884,1.0,1.0
Vamp2,-0.0210205969796516,-0.0037465820368379355,0.009350490011274814,-0.028088441640138625,-0.009384031742811202,0.0,-0.007442586738616228,0.006092956095235422,0.009896992165595293,-0.019700426124036313,-0.015307573219761252,-0.011831687425728887,-0.22853860613657162,-0.07222234810702503,0.017635430181398987,-0.0060711648687720296,-0.004057623544940725,-0.005221157064661384,0.005076739802025259,-0.041447077617049216,0.011191311422735453,0.03954366870224476,1.0,0.0
Nap1l4,0.1921872603171505,-0.052088678264990446,-0.005557837951928377,-0.021700032078661023,-0.00649024291196838,0.0,-0.1852604693826288,0.00927141920197755,-0.004160070829093456,-0.008533604289405049,0.09166586291976273,0.07738359180279077,0.14567700617364607,0.12317937052808701,-0.0341927746636793,0.04511951956897974,0.003521124226972461,0.005558579554781317,-0.0010400843247771263,-0.008641852096188814,0.1034307052521035,0.019275425681844354,1.0,1.0
Senp2,0.154126424563583,0.027873126827180385,-0.019016660721972584,-0.02322186210891232,-0.007418704037554562,0.0,0.016325109526515006,-0.011260876890737563,-0.0020041613467037677,-0.013453583507798612,0.09064234914258122,0.06983728574588895,0.17883220793912188,0.025107984244823457,0.0020000496180728076,0.03921299714595079,-0.052112029788549986,-0.06394991139881313,0.006328661814332008,-0.019657749976031483,0.1172889058990404,0.016870897067710756,1.0,2.0
Use1,-0.2193078676611185,-0.026476538004353643,-0.005030723782256246,-0.03643335104454309,-0.006833087401464582,0.0,-0.0051065858360379935,0.015374301648698747,-0.02507775666192174,-0.008840824011713266,0.011160479048267008,0.02805897538550198,-0.17743947527371348,-0.09463669718010351,-0.013827445986680686,0.0031382408179342746,0.01972844945616089,0.019865620471537112,-0.0017035589530132711,-0.023709229927044363,0.05173094015568495,-0.06474378500133753,1.0,0.0
Csad,0.21598799007246272,0.04273515735054389,0.023976938463747502,-0.011426300529856236,-0.005972149686422199,0.0,0.036109800729900596,0.0442488288320601,0.005276388749480248,-0.008004324873909355,-0.01489643657580018,0.08790291080949827,0.17861286671832205,0.19881533056031914,0.22132219618186355,0.09935798712074756,0.015788916600868105,0.01181645113043487,0.011037193108350038,0.007826335662975907,0.01881124849896878,0.013186688562855124,1.0,1.0
Dtnbp1,-0.12973773846868425,-0.023561229887418447,-0.031089745489880444,0.1541692881146446,-0.01060773671604693,0.0,-0.030760093675926328,0.03469852631445974,-0.0011567011848092079,0.031819385942071676,0.006890604728832841,-0.01491183411097154,-0.14978074824437498,-0.06712809330783784,-0.06124869074672461,-0.01437420334201306,0.0023111012793378904,-0.010121808089315891,-0.0014228344336152078,0.00819084654096514,-0.010016913330182432,0.025510228453204036,1.0,0.0
Ttc28,-0.3176544764032587,-0.019695905102416873,-0.020546011636033656,0.15484480301383882,-0.010623806547373533,0.0,0.027208470860496162,0.0030867510533425955,-0.0015688643604516983,-0.011350121423602104,0.02062459132634103,0.018098626052960753,0.09017581720137968,-0.015360631383955478,0.002995241761673242,-0.01074806084856391,0.0002408096590079367,-0.13379674416035414,-0.001998405191116035,0.008707170998677611,-0.058272266797721385,0.012666055844165384,1.0,2.0
Dlg3,0.08360254477709532,-0.0462703857710585,-0.02092109973542392,-0.03984941983129829,-0.0086863546166569,0.0,-0.033163331747055054,0.030874114071484656,-0.0018041041673859581,-0.005083661186508834,0.04236306315287948,0.02820189000107348,0.05395109502132982,0.057360958706121894,-0.014774640058167279,-0.06455055905506014,0.0017858564434573053,0.04431802314240486,-0.0016951092751696707,-0.01350498163374141,-0.004756496646441519,-0.022385742338374256,1.0,0.0
Cwc25,0.27784678571857513,-0.018328012200072408,0.09351520027965307,-0.03136490161065012,-0.008034152397885918,0.0,0.030842755287885666,0.053710566367954016,0.000904994960874319,-0.019512241329066454,-0.008826637817546725,0.03978144395630807,0.06461422450840473,0.012369107883423568,0.02697440638206899,-0.05934232891537249,0.0152909936895594,-0.003723442135378718,-0.0016951092751696707,-0.020758700729347764,0.034445364149287346,0.0152961849514395,1.0,1.0
Cntn3,-0.394669256308116,-0.06822761381510645,-0.06318536088336259,-0.05949931771494448,-0.015250539616681635,0.0,0.022218088861554863,0.009375543796923012,-4.1621492709964516e-05,0.035552324680611494,-0.013170910547487438,-0.06941434017848223,0.10437740323366597,0.01815396478283219,0.04146937919780612,0.015347817237488926,0.017752049812115728,0.005222547550220042,-0.00959410035982728,-0.0018677138537168503,-0.012597457598894834,-0.033661263789981605,2.0,2.0
Acot7,-0.06675297173671424,0.023307105922140182,-0.05273236986249685,-0.07348013329552487,-0.012506407713517546,0.0,0.017858693664893507,0.04478311477927491,0.0034540271462174133,0.0002483835630118847,-0.008742055797483772,0.006607817695476114,0.015282292601186782,-0.09355800839141011,-0.0792102761566639,0.017914856900461018,0.004534064759500325,-0.10689367713406682,0.0138751378422603,0.037532027212437244,-0.03368111343123019,0.008411002630600706,2.0,2.0
Fbxl7,-0.27974519215989857,-0.08733168304897845,-0.03941432036459446,-0.06290697607211769,-0.015065123557578773,0.0,0.013438653741031885,-0.0316204549302347,-0.008567495122551918,-0.020189248642418535,-0.03649541665334254,-0.10191426556790248,0.11924975275294855,0.038826273123268036,0.03646449144463986,-0.043874204279854896,0.015276713599450886,0.009430355168879032,-0.009646738842129708,-0.003836465431377292,0.0010859104478731752,-0.03668135503306985,2.0,2.0
Dennd4a,-0.3689687645249069,-0.01967210310511291,-0.025680152252316474,-0.07248585239984096,-0.016554874451830983,0.0,0.015925468793138862,-0.012645984285045415,-0.0027711672708392145,0.024427966724615544,-0.02134326593950391,0.006394433164969087,0.0436514535266906,-0.025981691759079696,0.013603464649058879,-0.0003838143218308687,-0.0015780723793432116,0.007014689669013023,0.009271925650537013,0.008979337050113827,0.009651655755005777,0.02359508700668812,2.0,2.0
Ctdspl2,0.16972218923503532,-0.04791903947945684,-0.03293842207640409,-0.026119813376571984,-0.0066767403995618224,0.0,0.028668620474636555,0.05090170771582052,-0.002834946606308222,-0.005402773316018283,0.042254504952579736,0.07076389768160879,0.21148471760563553,0.05420491054537706,-0.011968295057304203,-0.014856802560389041,0.0064604320377111436,0.010513506187126041,-0.0020109401689842343,-0.003208902939222753,0.03193468064535409,-0.03444861987605691,2.0,1.0
Rps21,-0.034792209914885464,-0.024042885424569248,-0.0357219581771642,-0.041884406064637,-0.010899717332795262,0.0,-0.010089280940592289,-0.003189278346253559,-0.014726780392229556,-0.014672859432175755,0.010844125151634217,0.02672906104242429,-0.17214478912763298,-0.04676454270025715,-0.04662298582028598,-0.014844321925193072,0.005912921217386611,-0.002945881113409996,-0.0020670733647421002,-0.026890642987564207,0.03341654924675822,0.061032822420820594,0.0,0.0
Nmnat2,-0.4146883984538727,-0.06189039558637887,-0.03297127029858529,-0.05963724746368825,-0.015350210268516094,0.0,0.02488969059661031,-0.01690894226776436,-0.0027711672708392145,-0.01662795944372192,0.029607314467430115,0.031246830895543098,0.1133746757148765,0.10187158258864656,0.1909581418079324,-0.025191803332418203,0.012569058334920556,-0.13365778246894477,0.007544554849155247,0.0023811215348541735,-0.05978560779709369,0.010964309102855624,2.0,2.0
Tmtc2,-0.3716140380944125,-0.07144079926423728,-0.02574762440286577,-0.059590209254529326,-0.015424294986296445,0.0,-0.20201416336931288,-0.001625319125596434,-0.0036019525304436684,0.011864593205973505,-0.013170910547487438,0.05382063521770761,0.11305658758501522,0.05934609894873574,0.11220416877185926,0.02070225285831839,-0.05937812997493893,0.003033878318965435,-0.004390922244638205,-0.0035689282068051397,-0.04929089612327516,-0.03668135503306985,2.0,2.0
Psmb5,-0.19181165352230892,0.0770823199301958,0.004427788397297263,0.053141798499273134,-0.005569962244480848,0.0,0.001582819651812315,0.012230849736370146,0.05084646258503198,0.05178851406089961,-0.007737378580495715,0.040313683319836854,-0.16948498564306647,-0.0907667555171065,-0.00025393023621290923,-0.004725235048681498,0.004232467053807341,0.024147270917892455,-0.0019458088697865605,-0.01007174993865192,0.09185036388225853,0.015525795952416956,0.0,0.0
Ccdc85b,-0.11195811417885125,-0.03663125914521515,-0.005367625560611486,-0.0371529419766739,-0.00790030375123024,0.0,-0.00583917012438178,0.029663673057220875,0.037733939085155724,-0.019700426124036313,-0.0072755650244653225,-0.007640591210220009,-0.22703170313499868,-0.1249273040308617,0.0035234524263069032,0.010610884712077677,-0.0036758332612225786,0.005484020859003067,-0.0013877280591987073,-0.030196565613150598,0.06417232524137945,-0.022451334735378622,0.0,0.0
Wipf2,0.1486758774262853,-0.0743735396885313,-0.0074062740616500375,-0.02251239967532456,-0.00649024291196838,0.0,-0.1438071819022298,-0.04594461963744834,-0.0020041613467037677,-0.015690559949725867,-0.04694825719110668,0.07575839563272893,0.15180314048659058,0.1126702726300573,0.0068229882558807735,0.07225199572741986,-0.0025453279353678227,-0.043052664811257274,0.03167493587359786,0.017582491752691567,0.08346396356355398,0.012681853082031012,2.0,2.0
Sertad2,-0.27358306893147527,0.0721262143435888,-0.022842801376245916,-0.09975882918573915,-0.01988151731900871,0.0,0.01713645724579692,0.019730245317332445,0.004923921099398285,0.022012346680276094,-0.011461860828567295,-0.05715195671888068,-0.18302687424700706,-0.019463795609772204,-0.11183733150362968,-0.013166502714157105,0.003780463425209746,-0.03565971529111266,-0.0015807498805224896,-0.0010507156839594245,-0.028144885352812708,-0.012184235707391054,0.0,0.0
Kif1a,-0.041502262812573465,-0.05774340694770217,-0.017392577938735485,-0.02685438176384196,-0.009890740090049803,0.0,0.029130158675834537,0.04948733347235248,-0.0011567011848092079,-0.0039042186131700873,-0.052248187866061925,0.050158795779570935,0.188171554422006,0.013134875113610178,0.023752572960220278,-0.040293612061068414,0.021387426974251868,0.010315036568790674,-0.00242459449917078,0.0013074696739204228,-0.06268273869063705,0.010733770155347884,2.0,1.0
Gid4,0.19294563020579517,-0.04227555986493826,-0.024724322482943536,-0.057747640970628705,-0.011433786414563656,0.0,0.01242986817844212,-0.010194040699861944,-0.002594678420573473,0.08920951338484884,0.0818909849319607,0.022286848349031062,-0.13300683937501162,-0.08478075853548944,0.03737628164235503,0.025896259103901684,-0.013194383594673127,0.000761529253795743,0.004500099348369986,-0.01990019003394991,0.07544192153960466,0.006506225429475308,2.0,2.0
Far2,-0.27264399447478355,-0.027743666982278228,-0.022942396383732556,-0.048466603290289643,-0.014194906242191791,0.0,-0.11737609514966607,0.05439748657634482,-0.002262422228232026,0.027586715852376074,0.05917424407787621,0.008867124412208795,0.047204438311746345,0.02656269198982045,0.01969342661090195,-0.03206547001376748,-0.0022840584989171474,0.0012394711561501026,-0.0047593916207551955,-0.00404027946293354,-0.02925501154270023,-0.03668135503306985,0.0,0.0
Fam120b,0.060421491730958225,-0.04851400357205421,-0.026226222570985554,0.060709298639558255,-0.004173259472008794,0.0,0.023737641330808402,-0.013339291209122165,-0.0017472182586789132,-0.0027987126307561995,-0.06620638514868915,0.07503557688556611,0.15137460960540922,0.06307543800212442,0.035597390169277786,-0.09747165533713996,0.024153894390910865,0.051815876187756654,-0.00242459449917078,-0.0038127913349308073,-0.09143579160794615,-0.04811886690557003,2.0,1.0
Vps16,0.19477889964124187,0.061663789993617685,0.11157481535337865,0.07703300967114046,-0.004290743207093328,0.0,0.033848145278170705,-0.014943167506717146,-0.004160070829093456,-0.007798782847821713,-0.024014642550610005,0.08556729311821983,0.13904399531427772,0.11737190598156304,-0.023649338157847522,0.07640075398609042,0.015582295497879387,0.00749765970511362,0.008808120619505644,0.06868391479598358,0.08774006526451558,0.013186688562855124,2.0,1.0
Gm28379,0.10548870933707803,-0.041955683454871176,-0.011234182203188538,0.06775684346444905,-0.009236441950779408,0.0,0.018102289568632843,-0.015632253899239005,-0.002594678420573473,-0.010245045614428818,-0.03258903671056032,0.05741984146181494,0.11590824053389952,0.10125052391551435,-0.009107194915413857,-0.1588803942129016,-0.13898195274174213,-0.002319503976032138,0.006702254805713892,-0.0061382540850900115,0.033763080784119666,-0.01422201263718307,0.0,2.0
Gm15283,-0.40607343290699643,0.1561025957763195,-0.02569107766263187,-0.05810962266055867,-0.019318556180223823,0.0,0.015199447264894844,-0.02593758093426004,-0.004689680878072977,0.14083773934282362,-0.00762644165661186,0.06788190429564565,0.12180992745328695,0.011553582095075399,0.0226306676864624,0.02229742665309459,-0.10625355738215149,-0.05109671673737466,-0.0019657973758876322,0.007187631756532937,0.085793537334539,-0.021536535685881972,0.0,2.0
C530008M17Rik,-0.2765582353668287,0.07700604500249028,0.028343097111210226,-0.025128683475777507,-0.01303229165263474,0.0,-0.1536967563163489,-0.026613556400407107,-0.0036019525304436684,0.014271028840448707,-0.030456320722587405,-0.00010335015133023262,0.07015539846965112,0.020758794401190245,0.016348449755460025,-0.0009583643637597561,-0.004282062751008198,-0.02481617983430624,-0.004548837691545487,-0.0012224962376058102,-0.06640272830612957,-0.019293989883735777,2.0,1.0
Prr16,-0.23367854438256472,-0.06421516705770046,-0.06249771495815366,-0.02756542477523908,-0.008216055049560965,0.0,0.010235513597726821,0.06001051870873198,-0.00905032642360311,0.030036316371988506,0.054519666065461936,-0.08768525268416852,0.057052277126349506,0.02724367197486572,-0.092961875887122,0.005047496417537331,0.014884791851509363,-0.08938887889264152,-0.010887701839674264,-0.002113402613904327,-0.10590747567825019,-0.033833849374204875,2.0,2.0
Adamts17,-0.3452254634024575,-0.07315017561428248,-0.06884324102662503,-0.056772170190233735,-0.014605373421218246,0.0,0.011094288970343768,-0.0030174274486489596,-0.0025653559825150295,-0.015746423576492818,0.007853949186392128,-0.13248364086262882,-0.04565831739921123,0.004730244416277856,-0.12812227721326053,0.012003481243737043,0.009991803688462824,-0.10521149749867618,0.032549135903827846,0.0024029699806123973,-0.09820389770902693,0.02054916716180742,2.0,2.0
Rpl37,-0.23130246359156445,0.11127425055019557,-0.046747165508568285,0.0464078590576537,-0.005040755160152912,0.0,0.0009239409305155277,-0.009064581787679344,0.037733939085155724,0.04899055813904852,-0.026351487152278422,-0.0006535532767884434,-0.12977246067719533,-0.12722926555899902,0.027588288434781134,-0.005960751511156559,0.007099630362354219,0.02425965903326869,0.006334533288609236,-0.0061138168675825,0.04293257429730147,-0.02278238456696272,0.0,0.0
Rnf217,-0.26072878381004555,0.13853096631355583,0.09143740279600024,-0.040703475314658136,-0.013338395284954459,0.0,0.03752733051776886,-0.023954930698964746,0.06893093384802342,-0.014626019143033773,0.0021265635685995222,0.05667933424934745,0.18767551823053508,0.14864207205770072,0.1839652241114527,0.043801193856634196,0.02180070236325264,0.02912028968334198,-0.001973772384226322,0.003623856680933386,-0.08165678933728486,-0.019121404299512507,2.0,1.0
Gm11099,0.13563853453379124,0.011989796094130725,0.0002549150679260492,0.055947236227802934,-0.004456907564308494,0.0,0.03596089808270335,0.05090493105235509,-0.002834946606308222,-0.012751093157567084,0.017226843116804957,0.09577941350173205,0.17038329570554198,0.050512470500543714,0.01285868460778147,0.051156175918877125,0.005996596440672875,0.017907998887822033,-0.001800386239774525,-0.005012342254631221,0.05051749675069004,0.000418185917660594,0.0,1.0
Slit2,-0.3875515251304023,-0.07360850000753999,-0.06594102054834367,-0.05951825514202937,-0.015424294986296445,0.0,0.029772373950108885,0.006013774161692709,-0.005424314133706503,0.011295821769163012,-0.013170910547487438,0.08597176668001338,0.14070341302081943,0.07084519144846127,-0.143134211639408,0.024698639907874166,-0.0014035690762102605,0.006672253105789423,-0.007809933796525001,-0.0032541033276356755,-0.08861439109779895,-0.03668135503306985,2.0,2.0
Nsg1,0.23388794146245345,0.008297315509989857,-0.020913920551538467,0.15093199980445207,-0.006234616758301854,0.0,0.020598184280097485,0.017467954186722635,-0.0017472182586789132,-0.010887195193208753,-0.0121243476588279,-0.05213948309188709,-0.0964704009029083,-0.05187600419623777,-0.05259055757895112,-0.0073059365991503,-0.0012911560910288244,0.011841188445687293,-0.001475472915917635,-0.01512122229207307,-0.044788042930886146,-0.037110553327947854,0.0,0.0
Grin3a,-0.32299150495324286,0.09328929772600532,-0.05372830049600452,-0.05696800274774432,-0.014020998482592403,0.0,0.01547503225505352,0.0035333031392656266,-0.010389856725814751,0.023713337536901236,-0.01142912031384185,-0.07791545618791133,0.08840956999221816,0.014394902531057597,-0.13721476640552283,0.0024190366454422472,-0.032755333320237695,-0.022644035040866584,-0.016979701984673738,0.0012973482254892588,-0.09941572218202055,-0.010333547791233286,2.0,2.0
Armc9,-0.3075040783989243,0.03091009412659332,-0.028974882727488875,-0.03901080862618983,-0.012660217073280364,0.0,0.027026732228696348,-0.01178675149800256,0.06381532280531246,0.026055769750382752,-0.013283702027983964,0.0509356998372823,0.13548649706644939,0.10800407081842422,-0.07170135385124013,0.04038111046422273,0.005583404407370835,-0.11189880151301622,0.0010164025123231113,-0.004070456421468407,-0.1169917095452547,0.009166441801935434,2.0,2.0
Setd1b,0.18815842024516313,-0.018274054247885942,-0.002621785858646035,-0.02508881628047675,-0.006500194964464754,0.0,0.02004598844796419,-0.017436356693506242,0.005710358694195747,-0.011743627353571356,-0.024889100678265094,0.0675775473518297,0.18757218031212688,-0.01550551611930132,-0.005561375776305794,-0.11225532623007893,0.021888941107317806,0.0003677420224994421,-0.0017706719832494854,-0.01957456804346293,0.036450629653409124,0.006830667024478316,2.0,2.0
Enpp2,-0.3220066858897917,-0.05923772397916764,-0.030110093280673027,-0.054788540820591154,-0.017962177847512067,0.0,0.013929817071184515,-0.03156365364091471,-0.004689680878072977,0.02309177448740229,-0.0343282083934173,0.01953601627610624,0.13192381681408732,0.012922179371817038,-0.01303486748598516,-0.03468025496229529,-0.1375697038322687,0.003909232430160046,-0.0020109401689842343,-0.0021352510782890024,0.0038024336099624634,-0.056887745056301356,2.0,0.0
B130024G19Rik,-0.4074713885481469,0.13364955884870142,-0.030270183859393,-0.06500171751482413,-0.01564411436440423,0.0,0.028021655855700375,0.010059155400376767,0.0033926381380297243,0.058741194950416686,-0.008572051827795803,0.07256411551963537,0.18555485333316027,0.10660331427061465,0.047322095576673745,0.03318828633520752,-0.013424052996560932,0.0010924567468464375,0.009640395026654005,0.0032277623773552476,-0.02499643139541149,0.007654519132338464,2.0,2.0
Brinp1,-0.23971328090177849,0.10449531470425427,0.10425633003469556,-0.05087276096921414,0.2528701417893171,0.0,0.03162164883688092,0.02285691275727004,-0.0036019525304436684,0.08235737815499306,-0.011213104762136937,-0.013068546729627997,-0.12306679386645555,-0.0027222631173208357,-0.1030626468011178,-0.009022266445681453,0.00219826495682355,0.019344338555820285,0.0015986144519411028,0.003952348639722913,-0.03716233242768794,-0.017094883155077695,0.0,0.0
Celf4,-0.3100254792766646,-0.07683714582584798,-0.0733117838576436,-0.05811586146242917,-0.013746582705061882,0.0,-0.008770767585374414,0.004216921532060951,-0.010389856725814751,0.011822206703945994,-0.013170910547487438,-0.14657269613351673,-0.08002684837672859,0.01830766879254952,-0.17319259729236364,0.012003481243737043,0.00017916754353791475,0.00043801489286124704,-0.01692706350237131,-0.0033432657108642162,-0.09013873112387955,-0.03606658453121781,2.0,2.0
Nell2,-0.25458024817053226,-0.04445792864542455,-0.03932329113129526,-0.1001140581537038,-0.022571510514244438,0.0,0.017483589369803668,-0.03407821291941218,-0.0036019525304436684,-0.024160250066779555,-0.03085911998525262,-0.024276962738949807,-0.17284118436742574,-0.020706997775705532,-0.016114561671856792,-0.013875005189329387,-0.0014808387553784997,-0.006634990256279707,-0.001475472915917635,-0.0035051155695691705,-0.018101877849549055,-0.03557168820872903,0.0,0.0
Sfi1,0.10879450686741621,-0.07010681720683351,-0.02740048909559846,-0.025038321146275848,-0.004485739960800856,0.0,0.018999471738934518,0.051585319365840404,-0.002037684600800276,-0.0024383994890376927,0.04705290234647691,-0.15293902290519326,0.014374681746121496,0.05960898769495543,-0.012101224306970835,-0.057833179733715954,0.019682917443569748,-0.09434652283089236,0.029411093653179704,0.008642125837504865,-0.04911042363848537,0.012681853082031012,2.0,2.0
Bicc1,-0.4076070071826689,0.025797456359723584,-0.046437915517017245,-0.06090171139454469,-0.016796373859979213,0.0,0.02655890416353941,-0.022548412478063256,0.00671490391716361,0.07632141317240894,-0.006515378821641207,0.037570699397474525,0.1646547116152942,0.027856845906935632,0.039107964208815245,-0.032385609950870274,0.008826001491397619,-0.019140113536268474,-0.0018684954196214675,0.00256005564937368,-0.025890936399810015,0.0016301226895302533,2.0,2.0
Ddx6,0.13843558450695126,0.0031194246932864187,0.08504073172342032,-0.029407185127492994,-0.008602820495143533,0.0,0.01691668452695012,-0.02455221090465784,-0.0020041613467037677,-0.028005268592387438,-0.05501137211918831,-0.09388589532813058,-0.1407494027283974,0.057002530097961426,-0.00498932643327862,-0.06163640029029921,-0.023300938665051944,0.005887561964336783,0.006598438094370067,-0.011440955370198935,0.07581610468681901,0.028578305626288058,2.0,2.0
Rsf1os2,0.11633231944171712,-0.03125624298118055,-0.002451538247987628,-0.021257312435191123,-0.006784147007856518,0.0,-0.12085100386291742,-0.04522912044776604,0.005007104224059731,-0.014817929002456367,-0.07814237451180815,0.08269266807474196,0.19026809505186976,0.09698370153084397,0.015023168777115643,-0.04702966995537281,0.017513403780758382,0.015564355375245214,-0.0047593916207551955,-0.006859226601663977,0.004059458242263645,0.016965368427336217,0.0,2.0
Rpl28,0.025290179178118707,-0.04425925626419484,-0.008239423604682088,-0.04953053284902126,-0.010899717332795262,0.0,-0.02065775908064097,0.00811698443372734,0.01470377305522561,-0.013879675585776567,0.00695635455660522,-0.012661570243071765,-0.14345166759332642,-0.030762597278226167,0.007414530576206744,0.012855570390820503,0.014011364506441169,0.0009450643509626389,-0.002020068939309567,-0.019500877186656,0.013143000602722167,0.038692842954769734,0.0,0.0
Izumo4,-0.11748551720753313,-0.037193774739280344,-0.004181219656020403,-0.045762763102538885,-0.010822871010750532,0.0,-0.0036073474120348692,-0.013504808214493095,0.034448856487870216,-0.014385233642533421,0.02898310394026339,-0.014798779762350023,-0.20266935219988227,-0.09907104467740283,0.09429584433790296,0.013976354612968861,0.0027056786412140354,0.0026919319480657577,-0.0011474598734639585,-0.030196565613150598,0.00746837230399251,-0.012904452048242093,2.0,0.0
Pcgf6,0.2462132212286815,-0.030770937702618538,-0.04847727448679507,-0.04995476737618446,-0.009154115829151124,0.0,0.02632732640951872,0.03528939138166606,-0.002834946606308222,-0.02780309566296637,0.03706342077348381,-0.07137597679859027,-0.18971450104843826,0.08847010136581958,0.12651760627981276,0.0584184921416454,-0.05702052650682163,0.0008803977468051016,-0.0028616055636666716,-0.007293008728884161,0.04953744085039943,0.00033446877263486384,2.0,1.0
Fxr2,0.2721896178042516,-0.018508432880043984,-0.031012224117293954,-0.0695131190540269,-0.010899717332795262,0.0,0.023237259406596423,0.0335217089112848,-0.0022444295324385165,-0.019207721035927536,0.004790275497362018,0.057166148833930494,-0.20682017689105123,-0.002288102756720036,0.018749426468275487,0.020140896290540694,-0.00229733164946083,0.004010624065995216,-0.001898125351872295,-0.02247312370687723,0.011802476169541477,0.016870897067710756,2.0,1.0
Matk,0.13757312873611227,0.020569926807656885,0.10458911971654743,0.03603979527950287,-0.005692894998937845,0.0,0.02604712980799377,0.08520667360629887,-0.010593160763382911,-0.010368372220546008,0.015642469590529798,-0.04826960868900642,-0.18702287755673752,-0.02946144518442452,-0.014059153306297957,0.0036012442386709155,0.008471782769775019,0.003088645301759243,-0.0017512424709275364,-0.03587212950922549,0.04515015736222267,0.03541004905477166,2.0,1.0
Pcdh7,-0.3243630156153813,0.12602728214114906,0.13653238338883966,-0.04927731239236891,-0.012867974215187133,0.0,0.02324410291388631,0.009375543796923012,0.00636982737283688,0.0355160216242075,-0.013757071234285831,-0.07132539953570813,0.0897310596355237,0.013123462945222854,-0.1405873350892216,0.006056605125777424,-0.01647693429607898,0.020917590118478983,-0.013905614616815,0.004633848676458001,-0.12460765335708857,-0.01610661456361413,2.0,2.0
Prnp,0.23101785963168367,0.00722062555141747,-0.0028415258415043355,-0.07624683402478695,-0.008278058283030987,0.0,0.018335680961608886,0.0601212343852967,-0.0017472182586789132,-0.008840824011713266,0.016436753012239933,0.05278156530577689,-0.19271422893041745,-0.10003782646497711,-0.012159164361655712,0.012055964041501284,0.0179502808151301,0.007147455457597971,-0.0017913038097321988,-0.007920575281605124,-0.011829833984375,0.01237958962097764,0.0,1.0
Dpy19l1,-0.057145267927553506,-0.059737834986299275,-0.05129091396927834,-0.02171604539034888,-0.00951774841407314,0.0,0.006654090844094753,-0.04509971508057788,0.00017036170524079353,-0.014008142282254993,-0.048111546989530324,0.06340180941624567,0.16924343925900756,0.07968813286395743,-0.13109199695754797,0.04382164819166064,0.012468802584335208,0.018287806902080775,-0.009441726747900248,0.0019152709492482245,-0.13793083014432342,0.02054916716180742,2.0,2.0
Stt3b,-0.02029584445524961,-0.03950919297989458,-0.03918642948381603,-0.054922155761159955,-0.020891511542722584,0.0,0.01872332504950464,0.030741230008425192,0.00677865537116304,0.07748933289200068,0.0010602183919399977,-0.030850360605400057,-0.18528731183381753,-0.05016497873817571,-0.02138173039071262,-0.013665700866840779,-0.08316249192459509,-0.014040905544534325,-0.0014228344336152078,-0.0035345249297097326,-0.03204429239965975,-0.05722345730289817,0.0,0.0
Arhgef26,-0.3605789523618296,0.07949215709231794,-0.06207051645964384,-0.04973813047632575,-0.015058887130580843,0.0,-0.10494894693605601,0.0037625112175010147,0.00636982737283688,0.05000724927522242,-0.03531965413596481,-0.06991530540864915,0.06619147280114702,-0.011265662019723096,-0.14967122964095325,0.01457781414501369,0.005994076933711767,0.002666331212967634,-0.018081792332231998,-3.186232410371304e-05,-0.09759926144499331,-0.019121404299512507,2.0,2.0
Gm20629,0.013798945266753435,-0.07841094092465938,-0.02698614789173007,-0.017602627757005395,-0.011742554667871446,0.0,0.0237781048938632,0.0494426657515578,-0.002685087583377026,-0.00047172775957733394,0.04190852308645845,-0.12879535020329058,-0.0032328509911894797,0.0633455767435953,0.1507507614698261,-0.033156259786337614,-0.11441903247032315,0.01039768080227077,0.028831986021250488,-0.01092500880593434,0.0029826458962634206,-0.05579688627272844,2.0,2.0
Rpl36a,-0.2922331649716943,0.010685789054259659,-0.053964853510260584,0.038729494102299214,-0.0033469024649821224,0.0,0.026615582890808582,0.01395816909498535,-0.024046914222999476,-0.005372287933714688,0.01260545358993113,0.061973626532126215,0.11706683021155186,0.10055332431045827,0.16332370003452523,-0.059438093276694415,0.01696996895596385,0.029207983324304222,0.024108274760656058,-0.0060528065939433875,-0.03416713899467141,-0.04507517290301621,0.0,0.0
Mif,-0.19153131073340773,-0.04079787257593125,0.03164814810268581,0.04655063539044932,-0.0032602215488441288,0.0,0.019197562914341687,0.020558510838309303,-0.02507775666192174,-0.017798460009507834,-0.02552414106670767,0.05587269477313384,0.1351102369837463,0.06583082824945449,-0.004770169237162918,-0.07191033345647156,0.0046417202800512316,0.021772097726352514,-0.0016951092751696707,-0.011046268900390715,0.024883984155021608,-0.07143571201711893,0.0,0.0
Gnal,-0.280462919275742,0.1779571452876553,-0.006086780205368996,-0.05247448784066364,-0.01284287152811885,0.0,0.027688236301764847,-0.012702785574365407,-0.004593528874102049,0.02672632789006457,-0.017373147141188382,0.11785300726536661,0.18570786089170724,-0.016004693571012467,-0.09077038590796292,0.009328852146863938,0.015448669688776135,0.022804638110101222,-0.0035538993403315543,0.007829432799480856,-0.1136568513372913,0.009078081778716296,2.0,2.0
Ube4b,-0.051974219549447295,0.01173403357155621,0.00662948246113956,-0.035907428946811704,-0.01350549491122365,0.0,0.014039434855803848,-0.06552568002836778,0.0034540271462174133,-0.015214928896166385,-0.04252606781199574,0.050790628343820574,0.046060618879273534,0.03825141426175833,-0.028729156679473816,0.04870811503380537,0.004407587011810392,-0.06691345877479762,0.013664583913050593,-0.019657749976031483,-0.024418429536744952,0.005749302264302969,2.0,2.0
Arfgef2,-0.026370247080922126,-0.013766908040270209,-0.01929663211107254,0.0702576314797625,-0.008949239272624254,0.0,0.026453708140179513,0.04899147877353244,-0.000916432999074459,-0.004297267333604395,0.04223519004881382,0.012103367559611798,0.03208353049820289,0.017602816736325622,0.009011618136428296,-0.04387038679793477,-0.026198548479005695,-0.13613338833674787,0.010147220329381526,-0.0023503868840634825,-0.0123946588113904,0.023825625954195857,2.0,2.0
Brip1os,-0.37402719338191676,-0.10496562999673188,0.03532906209118664,-0.056618679396342485,-0.013227145643904805,0.0,0.004798921030014753,-0.01690894226776436,-0.0036019525304436684,-0.02232018218608573,0.02031184361316264,0.06950411510653794,0.14196187443099917,-0.01781294753309339,0.03432529039680958,-0.010796589609235525,-0.0453862295858562,0.011041307672858238,-0.0021087636053562166,-0.002271984878461808,0.0020556151773780586,-0.03598748499527574,0.0,2.0
Rpl6,-0.009960645667742938,-0.013947035525925458,0.007624320462346077,-0.003500159562099725,-0.006577067915350199,0.0,-0.03055210749618709,0.03233279113774188,-0.006378049161285162,-0.010760945272631944,0.07063906565308571,0.029984174449928104,-0.12668811921437736,-0.08562064584111795,0.022854984919540584,0.0015449937619268894,0.014696634443826042,0.018634439460001886,-0.00196743045700714,0.056517731263302264,0.06384135839529335,0.05610221102368087,0.0,0.0
Gm15414,0.13310763442423196,0.026240178081206978,0.12937579855322837,0.010742229027673602,-0.00555375357856974,0.0,0.028775010942481458,0.032258888017386196,-0.007944605380180292,0.027372778076678515,0.018575004320591688,-0.247902095913887,-0.10390974474605173,0.035107654768507926,-0.21899912209250033,0.03306991047225893,0.0014025822980329393,-0.007368897357955575,-0.016895480416715146,0.017244214611127972,-0.04258234143722803,0.014761400679126381,0.0,2.0
Camsap1,0.08914481085259468,-0.009440839104354382,-0.028100327914580704,-0.057605396946892144,-0.011401025708764792,0.0,0.01193281359039247,-0.011618975786259398,0.00524737240979448,-0.01742786269634962,0.09084327694959939,0.04223386438563466,-0.13729004474822432,-0.08234172814525664,-0.0160539367236197,0.013631893168203534,0.014039319070870988,0.004334956395905465,0.00930737670045346,-0.024245459157973527,-0.02068929823115468,0.016377549646422268,2.0,2.0
Rttn,-0.24273586629889907,0.11386177494190633,-0.013972690179944038,0.06565874785417691,-0.00756916539510712,0.0,0.013372612013481557,0.035269137079594656,-0.016334693860262633,0.003896890440955758,0.021503380476497115,-0.1147679211711511,-0.09797654000576586,-0.08942183726991061,-0.07275986679829657,0.018588179433718325,-0.01715706033166498,-0.001174228023737669,-0.010504114590585232,-0.00023674454540014266,0.06272316535469144,-0.019908760385587813,2.0,2.0
Rad17,0.14423881088849158,0.13185457987710833,-0.008401990188285708,-0.03455742181045934,-0.014701775405555964,0.0,-0.09369376715272665,-0.0030868274532258513,-0.0018041041673859581,0.08472808985039591,-0.02921261727809906,0.04168274824041873,0.04698595955735072,0.05573399457149208,-0.002431984122376889,0.06503129959106445,-0.09900397764053195,0.020800960236229002,-0.004029906396754086,0.004107880890369415,0.0022345133009366693,-0.039052328746765855,2.0,1.0
Zbtb18,0.094521728977561,0.05056027837097645,-0.04909344487823546,-0.045867486638017,-0.010216817604377865,0.0,0.011665088459849357,-0.076400686026318,-0.002834946606308222,-0.038996130134910344,-0.0391964056994766,-0.073028873084113,-0.2607425729953684,-0.09161499467445537,-0.07233437031973153,-0.0035520460223779082,0.015735496393754145,0.02070380687713623,0.024415655976627024,-0.005590109038166702,0.014983020606450737,-0.03221273211762309,0.0,0.0
Ndufs7,0.20806613805005328,0.030593610908836125,0.046101336814463136,-0.006313244106713682,-0.00558785431785509,0.0,0.04742364782840013,0.040317063794936984,0.007481909841299057,0.031963279033079744,0.0007227592496201396,0.09010677349986508,0.18954662734642624,0.19265425668098032,0.140273855663836,0.08660202652215958,0.02170511119067669,0.00869099653325975,-0.0014022026071324944,-0.01698797764023766,0.05029048686381429,0.016796557046473027,0.0,1.0
Tnpo2,0.12629311227938161,0.004986133463680744,0.12539524525403978,0.003345868121832609,-0.0056274737091735,0.0,0.021881961207836868,-0.03901075216941535,0.012820173474028706,-0.024939781669527292,-0.01687869881745428,-0.07164351410698146,-0.1652371286577545,0.08161917842924594,-0.0038207359006628395,0.03212288449285552,0.017429760838276707,0.004016557005234063,-0.0013420262723229826,-0.011440955370198935,0.03209017019253224,0.016965368427336217,2.0,2.0
Cars2,0.11746827435679734,-0.0643242610897869,-0.025356557685881853,0.05616248697508126,-0.005009894350077957,0.0,0.017184021538123487,-0.014971081990515812,0.00041062989097554234,-0.008499232945032418,-0.025870664231479167,0.09392475137487054,0.16678471431136133,0.18210716226138174,-0.08514905946794897,0.07592311406508089,0.013959166361019015,0.018683349126949907,0.028954300228506327,-0.01684229848673567,-0.01839922565501183,0.026512251114472748,2.0,2.0
Atp5g1,-0.09104554896242917,-0.05720364892855287,-0.026883525047451257,-0.041469912473112346,-0.007476698416285217,0.0,0.008813315220177174,0.015828711963258683,-0.03839203048497439,-0.0057667086180299525,0.014651267705485225,-0.08087108472594991,-0.12331327189225703,-0.010706069236621261,-0.026589907840825617,-0.0006334537779912352,-0.00336401178734377,0.016335134604014458,-0.009483784106560051,-0.028234993442893028,0.03586649529635906,-0.019811743553727865,0.0,0.0
Cntnap5c,-0.33782483807299285,-0.07097573386505246,-0.04098026523366571,-0.06290697607211769,-0.014976123839151114,0.0,0.012454869896173478,0.006998336573597044,-4.1621492709964516e-05,-0.018392868677619845,-0.003089889958500862,-0.11284325798042119,-0.018504000750835983,0.014521297146566213,0.04716354540549219,-0.016210601408965887,0.021312941680662334,0.0060576241742819545,-0.009646738842129708,-0.000785055395681411,0.011720965383574367,-0.015524032698012889,0.0,2.0
Map4k2,0.21973594606854022,-0.07220783566124737,-0.05297491757199168,-0.01577765631256625,-0.005712855043821036,0.0,0.0198291883058846,0.0349854564294219,-0.015558703355491161,0.03028489599004388,-0.006823318190872669,-0.17577915746951475,0.10169443431776017,0.03467183860018849,-0.04109793105628341,0.006588737186975777,0.016897734836675227,0.005762599194422364,-0.01034619914367795,-0.01917161895893514,0.0786143691278994,0.016870897067710756,2.0,1.0
Npas2,-0.3679141855495982,-0.06685881786514074,-0.023343476429581643,-0.058981496393680576,-0.015053544568363577,0.0,-0.18208794591017066,0.001679998894687742,-0.0030114354565739633,-0.01592433697776869,-0.018259764281101525,0.042463033951353285,0.08057441973127424,0.07752124798251316,0.13632428901037202,0.010809234017506242,0.00802158173173666,-0.11618696860037744,-0.0040173714188858865,0.002177307503297925,-0.07379042288754135,0.010964309102855624,2.0,2.0
Fdft1,0.08369194561615587,-0.0174154767440632,0.1307379244081676,0.04901397931855172,-0.003405377957969904,0.0,0.023248499492183328,0.057578109917230905,-0.007944605380180292,-0.004499755031429231,0.010835811160504819,-0.09677980083506554,0.03811885125003755,0.0014537602895870806,-0.0709345319448039,0.009156389236450195,0.01574987590778619,0.010293740243650974,-0.016979701984673738,0.008715820088982583,-0.0880594929959625,0.023825625954195857,2.0,2.0
Mageh1,-0.23275000167544932,-0.047935456060804425,-0.01603897050023079,-0.01628574857953936,-0.004317229385487735,0.0,-0.00044690635986626147,0.014443497264292091,-0.029012456815107727,-0.00047172775957733394,0.010277835363522171,-0.08627472659107298,0.09361919266171753,-0.1188244399172254,0.10100355121307075,0.003471444030292332,0.012451181360520423,0.024395816205069424,-0.009233084511943162,-0.019258254470769315,-0.013352078218013048,-0.047832921938970686,0.0,0.0
Flrt2,-0.0668909718329087,-0.02393756582401693,-0.04407747800461948,-0.06325176196638495,-0.016588117619976403,0.0,-0.030764282634481787,0.02333655605092645,0.00677865537116304,0.07009830011054874,0.0028967015445232392,-0.022842534850351513,-0.17620603492017836,-0.033774385311407966,-0.1037432293780148,-0.006179385022260248,0.0027406354522099717,-0.004689630446955561,-0.0015807498805224896,-1.1813808232545852e-05,0.005241921814158559,-0.013799595213495195,0.0,0.0
Pou2f2,-0.08599584724754095,0.026475995061919094,0.15640924012754112,-0.00785033625550568,-0.008076095301657916,0.0,-0.05345221262890845,0.007432714012684301,0.012386203529313206,-0.01913853783160448,-0.022735782070085406,0.008378218826837838,-0.10886952737811953,-0.06361005012411625,0.01535553194116801,0.016246431940235197,-0.003212177024106495,0.0005749342846684158,0.0304766485048458,-0.035400828365236524,-0.004420559895224869,0.016377549646422268,2.0,2.0
St6gal2,-0.028081236872822046,0.1338825332839042,-0.016414320562034845,-0.014687814437784254,-0.013987690666690469,0.0,-0.09422451853286475,0.010713635525899008,-0.0017472182586789132,0.06743604245595634,0.00285136672668159,-0.056186318844556805,-0.20115425186464564,-0.060456169061362745,-0.14110884274821728,-0.013068148912861944,0.005405711925122887,0.00999535633251071,-0.002020068939309567,0.002447319538332522,0.006682533579878509,-0.018017038982361556,0.0,0.0
Cpeb3,-0.304158501799684,-0.023705139756202698,-0.04346809302456677,-0.05493549286387861,-0.01254896743223071,0.0,0.01763944886624813,-0.0316204549302347,-0.0030114354565739633,0.02309177448740229,-0.026758360946550964,0.08687656432390213,0.1319173681153916,-0.015447475002147257,0.023946656871121377,0.00219045034609735,0.0018685228587128223,-0.13001074898988008,-0.001998405191116035,-0.01897221732651815,-0.06271172868553548,0.017952261762693524,2.0,2.0
Dtx3,-0.014091616196092218,-0.032374483002349734,-0.006318322978913784,-0.03388168334960937,-0.00893058133777231,0.0,-0.005565393017604947,0.02227999075432308,-0.006378049161285162,-0.015088492697104812,-0.004498711987398565,-0.01268869201419875,-0.2215815614699386,-0.12006372586591169,0.08542310654651374,-0.007477919491939247,0.00238453455560375,0.0016268744273111224,-0.0013877280591987073,-0.02752029267139733,0.015464119776152075,0.05148593979887664,2.0,0.0
Nrgn,0.06072715611429885,-0.025431950576603413,0.04862590210977942,0.07192627285374328,-0.005493115922436118,0.0,-0.12247103171888739,-0.007369181273970753,0.010766992438584566,-0.01225781010929495,0.08350764150731266,-0.07660567685961724,-0.1583124234288698,-0.010362473423592746,-0.08279355352278799,0.014762269873172045,-0.0038158796372590588,0.006481153923086822,-0.002020068939309567,-0.003945876914076507,0.023881044005975127,-0.050518890377134085,0.0,0.0
Sorcs3,-0.3467427795054391,0.010681062955409288,-0.06707198676653206,-0.08028769727097824,-0.019412041483446954,0.0,-0.08367330614477396,-0.008176049676258117,-0.0036019525304436684,-0.029953308610711247,0.013516708081588148,-0.01796016164124012,0.023431476771365853,0.00930247132666409,-0.08936822425108402,-0.0212687555141747,-0.01022507147397846,-0.11738587912172078,-0.005491248923353851,-0.0034679210558533667,-0.10823275844566524,-0.016893970649689435,0.0,0.0
Mapk4,-0.2253688461938873,0.013803466935642064,0.16744427707511933,-0.04844289059750736,-0.017434825515374543,0.0,0.01582589915022254,-0.02719886045786552,0.0056271755695343015,-0.023228515884839,-0.03002041069790721,0.003350433416198939,-0.2037178914551623,-0.010882689749123528,-0.07553376895375549,-0.023540682820603252,0.003780463425209746,-0.015661265831440688,-0.0011474598734639585,-0.0041347651788964865,0.010481936763972044,-0.03478433212265372,0.0,0.0
St8sia3os,-0.392110255532898,-0.07830813370179385,-0.024504787465557457,-0.07882120724767447,-0.019705945579335093,0.0,-0.07666838535107673,-0.002333809018600732,0.00891225816681981,-0.018547470087651164,0.004030364276841283,-0.003311245050281286,0.058836945928633214,-0.02421618868713267,-0.02817900331458077,-0.022740094605833292,-0.011353874704800546,0.0011988747864961624,-0.004029906396754086,-0.0024282274930737912,-0.0027843322372063995,-0.033661263789981605,0.0,0.0
Sgsm2,0.0686582866962999,-0.03339919221587479,-0.0200482077896595,-0.07230078768916429,-0.012375030731782317,0.0,0.022396695762872697,0.052836542860604824,-0.0020041613467037677,-0.011049200166016817,0.016041439697146415,0.019032068920787425,-0.18879579583648592,-0.08164297332055867,0.016292108800262214,0.02721756307873875,-0.02138681861863006,-0.0042301542405039074,0.006403871695511043,-0.024621617505326866,0.014566873013973237,0.016870897067710756,2.0,2.0
Mid1,-0.21217085816664621,0.042848170241340994,-0.00044524756260216235,-0.03275314418366179,-0.006008390625938773,0.0,-0.12944211127236485,0.05485189689090476,-0.002262422228232026,0.02200779277831316,0.063208799501881,0.0308210643613711,0.01910632518585771,-0.010745119345956481,0.028781136048492043,-0.022438217978924514,0.007441967139020562,0.06787115679588168,0.0009045090759173035,-0.0004463334917090833,-0.03777556804008782,-0.019293989883735777,0.0,1.0
Gm20713,0.03545134427258745,-0.08603585333563388,-0.031855853488668796,-0.02175196847645566,-0.006778354628477245,0.0,0.028104551387950778,0.03904122865526006,-0.0017472182586789132,0.03749643174000084,0.02688398726284504,0.08430346771143377,0.036267391862347724,0.05783544830745086,0.04965328699443489,0.008309275284409523,0.013736585099250078,0.06512769632041454,-0.0004769706539809704,-0.003952685131225735,-0.07736132301855832,-0.03668135503306985,0.0,1.0
Slc35f1,-0.3695880531007424,0.03425233076326549,-0.06328401083126664,-0.06290697607211769,-0.015250539616681635,0.0,0.014322471003979445,-0.0030174274486489596,-0.008567495122551918,-0.0403072820440866,0.013516708081588148,-0.04332759140059352,0.10821569989668206,0.013074871543212794,0.022372709549963475,0.000505219716578722,0.0018646238883957267,0.0066330308932811026,-0.011120616346597672,-0.0041258678841404614,-0.05769278504885733,-0.019908760385587813,2.0,2.0
Scly,0.2464082341711037,-0.07837359235621989,-0.00668877674266696,-0.01063150456175208,-0.00621101776137948,0.0,0.015371146919205785,0.044990153815597296,-0.011183677837252617,-0.01014594995882362,0.004577725143171847,0.07184284891933203,0.06836974514415488,0.06075608031824231,-0.014507298422977329,0.03395412877202034,0.00104436497669667,0.0056021334137767555,-0.0028608623892068864,-0.007613949060905725,0.09115007757674903,0.019037736915051937,2.0,1.0
D030068K23Rik,-0.3835748618328944,-0.07579889777116477,-0.04438149227760732,-0.057953319549560546,-0.013835582423489541,0.0,-0.11159194982610643,-0.009160612535197288,0.00636982737283688,-0.011948461236897856,0.002724692509509623,-0.08761169736506418,0.07833181693800725,0.024562131639104336,-0.13771460690535606,0.02179851028136909,0.0019853256084024907,-0.0006029372662305832,-0.01766068447381258,-0.003725454583764076,-0.06256474769674242,-0.03527922844514251,0.0,2.0
Aldoa,0.0177175070438534,-0.0157154381275177,0.17929976218845695,-0.01001415888313204,-0.004307726188562811,0.0,0.02287934641353786,0.00950334110064432,0.014462087713181972,-0.010287209055386484,-0.008398172659799457,-0.11185659107053653,0.14590767154470086,-0.09656492030248046,0.09395559675060212,0.005233279853127897,-0.015603478434495627,0.008360345256514847,0.01408921232447028,-0.024288894808851182,0.022262416942976416,0.023630100367590785,0.0,1.0
Rpl14,-0.15409331088420003,-0.018253993513062595,-0.01566603857092559,-0.045206508454866706,-0.00911084414459765,0.0,-0.04091386511921882,0.015784638463519515,-0.02507775666192174,-0.006359378974884748,0.01553391139023006,-0.01011551279341802,-0.1551639538508607,-0.06501712317345663,0.01907385207246989,-0.00018424093257635832,0.017232562948483975,0.015233258265070618,-0.002335899833124131,-0.02859762337990105,0.010665880041196943,-0.032909116558730606,0.0,0.0
Spock2,0.2740409460477531,-0.027586386017501355,-0.043351502316072585,0.11930183890275657,-0.008679666817188262,0.0,0.009744555708020925,-0.08347357397899031,0.013190104236709885,-0.014691668036393822,-0.033781467853114006,0.04178313941927627,-0.09570629650726914,-0.05269338271347806,-0.04384918299037963,0.033186212442815305,0.010443798549240456,0.0022751526162028313,-0.0020670733647421002,0.007127120173536241,-0.007609870042651892,0.013166945707052947,2.0,0.0
Cdh18,-0.30881373640615495,0.12524470364674925,-0.03060813993215561,-0.05835145900025964,-0.013746582705061882,0.0,0.015082347230054438,0.006013774161692709,-0.008567495122551918,0.07414130987599492,-0.012218471500091255,-0.09513750758953393,-0.05016984833637252,0.03546218718809541,0.06055074378848076,0.01545341542456299,0.0024994029803201557,0.021278039012104275,-0.009646738842129708,0.003907508486881852,-0.07253180277068168,-0.019293989883735777,2.0,2.0
Ctps2,-0.29741871044738216,0.1619790902454406,0.12468673860188574,-0.02815490113804117,-0.00515531417215243,0.0,0.03426181052811444,0.06001051870873198,-0.01169888180680573,0.002296931347809732,0.058674402185715735,0.08653329318156466,0.18171671337448062,0.10022170060721691,-0.03227830675896257,0.03718862129375339,0.012817044174298645,0.07734666805714369,0.002487207413651049,0.0036865034443326295,0.0831873496202752,-0.019293989883735777,2.0,1.0
Gm17066,-0.10319098917767405,0.1893313442915678,0.009259897442534566,0.037862817547284065,-0.004206651486456394,0.0,0.025772214345633985,0.006619581695413217,0.040425656885490754,0.03402866788674146,0.006171301193535328,0.07194497928488999,0.15385534585104324,0.09750840199179947,0.13694268772378565,-0.01594888930208981,0.01966556441038847,0.04432704898528755,-0.0014548410894349218,-0.006811942255590111,-0.02193777492735535,-0.018050953128840773,2.0,1.0
Usp40,0.10920223112450912,-0.032284256902057676,-0.022205350305885076,-0.02601395084289834,-0.007859560181386768,0.0,0.021385859120637177,-0.034855041338596494,0.006798087041825056,-0.0015727495634928347,0.001197164049372077,0.067620600881055,0.192848109761253,-0.046279849184211345,0.01852822129614651,0.020026908651925624,0.020048177745193244,0.01284178446047008,-0.0018684954196214675,0.008115479708649218,-0.060189829720184204,0.021169549087062478,2.0,2.0
Gripap1,0.13674986683763563,-0.018011463768780232,0.1028083387343213,0.16624031140469014,-0.005738392909988761,0.0,0.036309092715382574,0.11224484683014452,-0.0018041041673859581,-0.005678133103065193,0.010735180554911494,0.017355384468100966,-0.06202997827436775,-0.032933905352838334,0.11426116735674441,-0.03832597438246012,0.0068368889437988405,0.04072051879018545,-0.0015822944580577314,-0.014713256827089936,0.007711692937882617,-0.02392460759729147,2.0,1.0
Rps4x,-0.276784137499053,-0.016774006173945963,0.04289041352923959,0.07552140367799438,-0.00441092205233872,0.0,-0.0021359892282634975,0.01724868253339082,-0.024046914222999476,-0.013461375613696874,0.007559568965807557,0.03179507939843461,-0.15855727972928435,-0.13547160051995888,0.009311476261354984,0.0023411757498979567,-0.0016778290236834437,0.021716716289520262,-0.0013877280591987073,-0.020329795938450843,0.041595990331843496,-0.05148289402015507,0.0,0.0
4933411O13Rik,0.23480152203934268,0.12111284268088639,0.0013827107381075622,0.04432129893451929,-0.005394248133525252,0.0,0.019729574229568243,0.13977514644153416,-0.0017472182586789132,-0.011279051583260298,0.016764662992209196,-0.058296443610452116,-0.07479704553959891,-0.012326897240709513,-0.1462453117966652,-0.005997371468693018,0.007945972116431221,0.04346638359129429,-0.0015807498805224896,-0.008735210143495351,-0.04055929884780198,-0.014478867647703737,0.0,0.0
Pcyt2,0.1249335298477672,-0.07008354387246073,-0.01441553390584886,-0.03245027047116309,-0.00813138075871393,0.0,0.025619151275604962,0.07648562032263725,-0.002594678420573473,-0.006437266739085317,0.016812784769572316,-0.04588563853641972,-0.19282229078467936,0.10881744141224772,0.13777355562429874,0.05683043064083904,-0.09033538294082973,0.004960378557443619,0.00460537631297484,-0.01351655727950856,0.07381445822771639,-0.012168838512152433,2.0,0.0
Nlgn2,0.23359465630026535,-0.0745156757067889,0.003585544768720865,0.05168640294577927,-0.004256517449393868,0.0,0.018725026473402975,0.02731835509184748,0.004188660401850939,-0.00825133256148547,0.02200534990988672,0.044797915630042554,0.029995172894559802,-0.023964880341663955,0.12808190699201077,0.026114762015640735,0.005440441272221506,0.005893946760334074,0.005496387407183647,-0.019865383971482516,0.03182800705078989,0.016377549646422268,2.0,1.0
Eef1b2,-0.014548934325575828,-0.053528078589588406,-0.050411246782168746,-0.01360453487606719,-0.005040262620896101,0.0,0.010879727378487587,0.022661404816899447,0.062109864167869094,-0.011743627353571356,0.007867794730700553,-0.11540540104499086,0.13368315213359894,0.09320284131914378,0.017680836129002273,0.028537428444251417,0.036247630673460665,0.023279480626806615,-0.004663462308235467,-0.001789171416312456,0.04797910359222442,-0.024542173948138953,0.0,0.0
Mms19,0.12425628786440938,0.030543409707024693,-0.0172521295491606,0.0024398477282375096,-0.006213493901304901,0.0,0.017483960762619974,-0.014812157705891877,0.009235709477216004,-0.0033679901203140616,-0.02292686658911407,0.11506753328256308,0.12520397429354488,-0.011002961713820696,-0.037395441168919206,0.007283954974263906,0.020248427665792407,0.005065184636041522,0.007018085699528455,-0.020465724314562977,0.05807439602445811,0.005749302264302969,2.0,2.0
3222401L13Rik,0.013243016982451082,-0.051097471299581226,-0.04834769133478403,0.0012026865826919675,-0.005085007417947054,0.0,0.010205199979245662,0.027543945013312622,-0.006171304229646921,-0.004178867489099502,0.014902539644390344,-0.1273144401353784,0.06892772755818441,-0.03559198542498052,0.053608366483822466,-0.0014386995555832982,-0.027998467402067035,-0.09989379508420825,0.029253178206272424,0.05556185070425272,-0.04360131761059165,0.06116768789011985,2.0,1.0
Araf,0.10372051273006946,-0.02673272857442498,0.0766722219530493,0.04690665462752804,-0.0030322455009445548,0.0,0.02341925201937556,0.049760392162716015,-0.006769646759494208,-0.013343623424880206,0.01078185984864831,-0.04885444127488881,0.0972885993833188,0.09202417825348676,-0.002766408007591963,0.032275427039712666,0.01484135219361633,0.02220834877807647,-0.009233084511943162,-0.013282905414234847,-0.006554730929201469,-0.02392460759729147,2.0,1.0
Ttll5,-0.28130018160212783,-0.07196158150676638,-0.06955174339935183,-0.05860907061956823,-0.014988277235534041,0.0,0.020988573553040624,-0.0316204549302347,-0.009799339651945047,-0.01743424537824467,-0.02631710487883538,-0.13821727983420715,0.0986482568574138,0.049503519202116875,-0.16429977485910058,0.030310037429444492,0.003456134176813066,0.003485307535156608,-0.016979701984673738,0.0027851087786257265,-0.07733313639182597,0.010964309102855624,2.0,2.0
Gm17106,-0.3065787633578293,0.02506487256847322,-0.025239057000726463,-0.06750358986435458,-0.015532864723354578,0.0,0.02047666466794908,-0.03156365364091471,0.0031523699522949754,-0.020725477135274558,-0.028518468695692717,0.08564863109495491,0.15550505893770605,-0.030741128120571375,0.02198540449142456,0.015712728509679436,0.01996688517741859,0.0065759653598070145,-0.00242459449917078,0.0071113003813661636,-0.044096272888127716,0.0222509138379246,0.0,2.0
Rnf214,0.15202000219840556,0.01483527616597712,-0.03356213364750147,0.020475571039132775,-0.005923995594494045,0.0,0.010574289271607995,-0.017958219622960313,0.00041062989097554234,-0.008021123236976563,0.013452115301042795,0.12655380110722037,0.14124885130673648,0.08288400677032769,-0.1591221134038642,0.03903587155044079,0.008721970105543733,0.014218006813898683,0.028638469334691764,0.004912018573377281,-0.01839922565501183,0.027785992799326777,2.0,2.0
Prkab2,0.1730972330085933,0.12435072963126004,-0.040894415387883784,-0.028988886536099018,-0.0072379461862146855,0.0,0.01754924401640892,-0.06588956210296601,-0.0017472182586789132,-0.0360415120376274,-0.04003511498682201,0.08201964476611465,0.07113350956700742,-0.008740276116877794,-0.06454452516511083,-0.03933958723209798,0.017826922205276787,0.054386033779010176,-0.0035826411098241807,-0.00977648352039978,-0.08549938222393394,-0.013355799315031619,0.0,1.0
Arpc2,0.04753279536496848,0.10046258906833827,0.15494597695767878,-0.08344155468977987,-0.011848467751406133,0.0,0.02978589363396168,-0.02573699677363038,0.010766992438584566,-0.03177557514980436,-0.05715212291106582,-0.09445381478173659,-0.23559147498803212,-0.020073235845193268,-0.07728795625735074,-0.0074804847547784445,-0.0012911560910288244,0.02125703276600689,-0.001493005023803562,-0.00759083608398214,0.020303530558012425,-0.013691511561628431,0.0,2.0
Habp4,0.21299697317415847,-0.01956540754530579,0.10256455466616898,0.0033823210187256337,-0.006798825953155756,0.0,0.018857307620346545,-0.04100155117921531,0.007481909841299057,-0.02746726995334029,-0.01984177578240633,-0.0398373263492249,-0.15729663436301053,0.00310219174134545,-0.07818211201578379,-0.012364658375736326,-0.0012911560910288244,0.0014696181565523147,-0.0011474598734639585,-0.008216467248275875,0.01840492042247206,-0.03478433212265372,2.0,0.0
Mt3,-0.0832926423032768,-0.06305831127800048,-0.04535057999193668,-0.017703859610483052,-0.006009439029730857,0.0,-0.007455931585282087,0.022661404816899447,-0.03839203048497439,-0.009122953717596829,-0.014555744547396898,-0.08689066799124703,0.09284090342931449,0.001649499898776412,-0.04860600372776389,0.009410184943117201,0.018556779655627905,0.008547634007409216,-0.010398837625980378,-0.02248125853482634,0.0655075729591772,-0.029358626240864397,0.0,0.0
A730090N16Rik,0.16036010285373778,0.11154963795095682,-0.030885637840256094,-0.028030294659547508,-0.007881082806270569,0.0,0.019298441344872116,-0.017558001345023513,-0.002834946606308222,0.11335619662888348,0.10099971660412849,-0.02525721441488713,0.08350633973721415,0.046464497311390004,-0.13722467267187313,-0.07601640889188274,0.0005663725128397345,-4.585450049489736e-05,-0.002116217133589089,0.0030022860132157803,0.07314016717486084,-0.019908760385587813,0.0,0.0
Dus2,0.13198287861421704,-0.05208132965490222,-0.0263217272143811,0.0030717284698039294,-0.006035245235543698,0.0,0.027021572217345236,-0.03874607313773595,-0.0011567011848092079,-0.010064724804833532,0.014655498925130815,0.08880242932587862,0.1593709609704092,0.11880910506937653,0.04305583026725799,0.03432652996852994,0.02175345349125564,0.017462664293125273,-0.002214040569961071,0.006008118493482471,-0.13394298897124826,0.01148101598955691,2.0,2.0
Rora,-0.37467236489756034,-0.0652367244893685,-0.03465396328829229,-0.05963724746368825,-0.015053544568363577,0.0,0.01736747563816607,-0.000640756266657263,-0.0027711672708392145,-0.01641698169754818,-0.006247322619892657,0.0551296133804135,0.11325886187842116,0.12049139456124976,0.1909581418079324,0.04486394737381488,0.012569058334920556,-0.13365778246894477,0.007544554849155247,0.002177307503297925,-0.07306339417118579,0.010964309102855624,2.0,2.0
Ap1b1,0.11693226063624024,-0.011167325200513006,-0.0028148719482123854,0.007835615938529373,-0.0070159251056611536,0.0,-0.10814573091454804,0.024484408411663026,-0.0022444295324385165,-0.002710774312727153,0.07535110706463456,0.03427330785896629,0.1030816797411535,-0.08958179228939116,-0.032994339503347875,0.0161794877005741,-0.0032331300515215846,0.007770671034231782,-0.004029906396754086,-0.0309082619799301,0.028263371670618653,0.017721722815185786,2.0,2.0
Slc24a3,-0.32428841318935153,-0.04886996713932604,-0.03365897542797029,-0.07248585239984096,-0.017015952384099364,0.0,0.011406025076285005,-0.018948032690677793,0.00671490391716361,0.025104847035836427,-0.004408691339194775,0.010961538935080171,0.05181944990996271,0.0017748143791686743,0.019562346758320928,-0.032385609950870274,-0.0004393181623890996,0.004281526654958725,-0.0018684954196214675,-0.0020460886950604616,-0.020217098272405566,-0.033661263789981605,0.0,0.0
Nxpe4,-0.42604328425368293,-0.07661839450709522,-0.04244611616246402,-0.05055476192617789,-0.014028471338097006,0.0,0.028523876834660768,0.05857154598226771,-0.0036588384391507134,0.039125040294602516,-0.014376075980253518,0.047560510421171785,0.11516410539159551,0.10755920520750806,0.014673794282134622,0.038335922975093126,-0.1347163789626211,0.0573325508646667,-0.001800386239774525,-0.0035689282068051397,0.003092271629720926,-0.058839713130146264,2.0,2.0
A230077H06Rik,-0.0024306149710901083,0.008166411397978664,0.09922274437732995,-0.020823619524016977,-0.009520510018337518,0.0,0.03612440477125347,0.009152356449048967,-0.0027387946023372934,-0.01012194863986224,0.031908083874732256,0.05934916844125837,0.16723685176344588,0.17435052692890168,-0.06356638856697827,0.045677577815949916,0.01412377624073997,-0.10605581380426883,0.015502113099209965,-0.0072413654741831125,-0.024096395396627487,0.028086963230744003,2.0,2.0
Nxf1,0.1874516920186579,-0.05449297262355685,-0.03397386657074094,-0.002229871356394142,-0.005608139864634722,0.0,0.01972645938396454,-0.023883637115359305,0.010055502466857434,-0.008311136499978602,-0.002912725871428847,0.10801424524979666,0.1559681356744841,0.03854091129265726,-0.057220814283937216,-0.05571662243455648,0.0043640644103288655,0.0073054978344589475,-0.0026205942034721375,-0.006318739375565201,0.08702745392452925,0.018832118399441242,2.0,1.0
Cnnm1,0.04997357649728656,0.011632744006346911,-0.04760318117216229,-0.013549646292813123,-0.010312613043934106,0.0,0.0273772238381207,0.07503834501374512,0.013190104236709885,0.0593951864540577,0.0001968869101256132,-0.05709396151592955,-0.1905259542958811,-0.06477761031826958,-0.049774267149623484,0.00848090459825471,0.0023898301587905735,-0.0024763163644820453,-0.0028467828361317515,0.007223881152458489,-0.05610309651121497,0.012085580956190825,2.0,2.0
Srebf2,0.02547797073610127,-0.02126095012295991,-0.026724369851872324,-0.05786360638448969,-0.014968632105737924,0.0,0.018910571578890086,-0.005055366371525451,0.0029168142937123775,-0.011157758329063653,0.07154922680929303,-0.10395954414037988,-0.21517350742360578,-0.08791266362182797,-0.03225013766437769,0.012905029703397304,-0.08753645580029115,-0.002647488582879305,0.006598438094370067,0.0038844199478626253,0.05631845325231552,-0.0092721794731915,2.0,0.0
Slc25a23,0.23429260132601484,-0.0073915176279842855,0.1004729848029092,0.12553657496115192,-0.0054316091164946555,0.0,0.018731732163578273,-0.037535815304145216,0.010766992438584566,-0.018695534444414078,0.0895149757573381,-0.08046881021233275,-0.06970636686775833,0.07999178366735578,-0.055066040200181306,0.030534819110762328,-0.01850077805807814,0.0039664919488132,-0.0013877280591987073,-0.003945876914076507,0.06061409611720592,-0.03632319724187255,2.0,1.0
Akap8l,0.1710692826565355,-0.02115016636438668,-0.013784681418910623,-0.08155443013645708,-0.013634696835651994,0.0,0.022960544992238284,-0.023901955275796354,0.005710358694195747,-0.014595787608996033,-0.00635707687586546,0.028097155010327696,-0.21725407123100013,-0.08075503079220653,0.13877805710770189,0.042698288895189764,0.00451774062064942,-0.0020305596571415663,-0.0016578571661375462,-0.024245459157973527,0.013853320120833814,0.016377549646422268,2.0,2.0
Snrpf,-0.018148673532996328,0.17719355953857302,0.16088968969415873,-0.003447422059252858,-0.004813485108315945,0.0,0.02887386180460453,-0.02762390860589221,0.037733939085155724,0.11489848898723722,0.02625076422467828,0.04200421071145684,0.09894387440988794,-0.02849498549476266,0.04659099699929357,0.0026686573028564453,0.009584353785030544,0.040013479818589985,-0.0016951092751696707,-0.006576194188091904,0.06555738484952599,-0.0192442132323049,0.0,1.0
Mto1,0.2185910432273522,-0.05984696948435157,-0.019238406680524348,-0.029598352150060236,-0.006557428520172834,0.0,0.024833070673048498,0.0532114883325994,-0.002834946606308222,-0.005083661186508834,0.025255360333248975,0.06222199404612184,0.05276560544734821,0.04260449737193994,-0.021513750478625297,-0.020454363487660884,0.0017858564434573053,0.01297763888258487,-0.0016951092751696707,-0.003208902939222753,0.04148976961616427,-0.03444861987605691,2.0,1.0
Grid2,-0.34025610229000447,0.05580333857797086,-0.042365803532302376,-0.033178019318729636,-0.014490567257162183,0.0,0.025906322211958467,0.011767407011939212,-4.1621492709964516e-05,0.0520281186979264,-0.03531965413596481,-0.0707627558056265,-0.07728860126109793,0.05321594443114009,0.13051903259940445,0.0275084417918697,-0.0572351596551016,0.0037326902989298105,-0.010067846700549126,-0.0016183710214681924,-0.07330423297826201,-0.019121404299512507,2.0,2.0
Rps27a,-0.29945680739590896,-0.028237766684032977,-0.015820087343454362,0.06839531134464778,-0.00441092205233872,0.0,-0.003708132188767195,0.01963676926679909,-0.02507775666192174,-0.0018932492239400744,0.007451010765507817,-0.010507602754514664,-0.15306916589848696,-0.1105811120197177,0.06838537483941763,-0.009295725091360509,0.010002619813894853,0.019344700947403908,-0.0017035589530132711,-0.020329795938450843,0.02657617279328406,-0.06320491974242032,0.0,0.0
Ccar1,0.03205549251753837,-0.008131197025068104,0.08651832210365683,0.10589612486539408,-0.007066507739946246,0.0,0.02316027419641614,-0.014198665649164468,-0.002834946606308222,-0.017180014033801854,-0.03456738419830799,0.017161191855557263,-0.11569641969166695,0.04191599764628336,-0.1151003451552242,-0.12314193284139037,0.005907677779905498,-0.0050325232185423376,-0.0015822944580577314,-0.011350147158373148,0.034969242876395586,-0.0053327840380370615,2.0,2.0
Sirt2,0.2245191279682331,0.03743192612892017,0.03564653556793928,0.05517173990607262,-0.00527605814859271,0.0,0.030435942094773055,0.03600525670219213,-0.000916432999074459,0.023713724156841635,-0.0054855873854830865,0.06321706781629473,0.033789955461397764,0.11695752334315329,0.18033588966354727,-0.0012981083989143372,0.01313973092008382,0.012298303851857782,0.009577228846028447,0.0006464491691440344,0.005735340360552073,0.014761400679126381,2.0,1.0
Adra1a,-0.3343272311124019,-0.044172684003133324,-0.05932249276898802,-0.053622346555348484,-0.01284287152811885,0.0,0.01918230628594756,0.010360106208827347,0.00956381881784182,0.030598316329997034,-0.006727333455346525,0.10139104043133557,0.13721181766595691,-0.007892364996951073,-0.11897270276211203,0.007825368833728134,0.01219782735221088,-0.0013560533337295055,-0.009441726747900248,0.009096328348387034,-0.11301967519335449,0.021169549087062478,2.0,2.0
Man1c1,-0.2694057493563741,-0.05002143306657672,-0.06809309700038284,-0.050868710009381174,-0.012483700099401175,0.0,0.010643991697579623,-0.012702785574365407,-0.005714780475827865,0.030246686765458435,-0.014648841712623834,-0.09812435103580355,0.09730506785213948,-0.03889097633771598,-0.10319427320268006,0.007163166222162545,-0.017346931188367307,0.002360633697826415,0.04891981940716505,-0.019601866935845466,-0.04288425758481026,0.008405379140749574,2.0,2.0
Tmem243,0.10088997930288315,0.1649540887400508,0.028662280538119377,0.07428759067784994,-0.008679666817188262,0.0,0.025734547320753337,0.003650543380063027,-0.0017472182586789132,0.11850595220923424,0.031968266246840356,0.03820398916024715,-0.16642887407913803,-0.09324788895435632,0.037501731598749755,0.012761856992729009,0.0031911978719290344,0.028659247737377883,-0.001475472915917635,0.0033264714712277054,-0.02915616009850055,-0.018017038982361556,0.0,1.0
Lin28b,-0.33114239611662927,-0.061011057330761106,-0.06173508630599826,-0.05555937026627362,0.01977116062771529,0.0,0.011309392107650638,0.0045178655511699615,-0.0045398218551417815,0.03762246928177774,-0.016468915836885572,-0.05496775011532009,0.06369648996274918,-0.025755765952635557,0.025539927030913533,0.010613100402988494,-0.029423967611510306,-0.04829258801182732,0.028195200618356467,0.009074529996141792,0.03188337971456349,0.0062469692341983315,2.0,2.0
Gm16054,-0.0497975172707811,0.109877884471789,-0.05849037577398122,-0.009816220218781382,-0.005331692956387996,0.0,0.023280500369146466,0.0035876496112905443,0.037733939085155724,0.11338593223132193,-0.023730573635548355,0.08472180323209613,0.19902039101347327,0.019324676519609056,0.01773589661344886,-0.07122743119485676,0.009232464339584112,0.029061031276360155,-0.002116217133589089,-0.0046586447954177854,0.06712708935141563,-0.025797174302861093,0.0,1.0
Hsp90ab1,-0.03046075757127255,-0.019019306609407066,0.022911924626678227,-0.041884406064637,-0.010822871010750532,0.0,-0.00697262299247086,-0.032269749738043176,0.0738766286149621,-0.020509909754619002,-0.03851264369674027,-0.007970430625136941,-0.24246447236277163,-0.07682783003663644,0.015189547068439424,0.0010387837002053856,0.00844579431170132,0.000865466557443142,-0.0020670733647421002,-0.026973824920132755,0.0461108792712912,-0.022451334735378622,0.0,0.0
Gm26749,0.10660888629499823,-0.02917790327221155,-0.010421282537281513,0.0625805144617334,-0.004702466556336731,0.0,0.028674646578729153,-0.02346428921329789,0.005007104224059731,-0.0017697790497913956,-0.0015419911593198775,0.08637304021045565,0.1310394776565954,0.16825170706026257,-0.06437277276068926,0.060746615137904886,0.02324381726793945,0.013037418583407998,-0.00242459449917078,0.0041932065808214245,-0.06192983544664457,0.027785992799326777,0.0,1.0
Ptprs,0.018890405339188874,0.046812205715104936,0.044897145326249305,0.1303362359292805,-0.006210010664071888,0.0,0.027824550103396177,0.03203733697300777,-0.0011567011848092079,-0.016449349797330797,-0.04743074561469257,-0.03904277814552188,-0.19431650773156434,0.11972623615060002,-0.007817738293670117,-0.08470847531920299,0.015629730945220216,0.005142676255200058,-0.001475472915917635,-0.01838730158517137,-0.004917021603323519,0.019994144095107913,2.0,0.0
Angptl1,0.14945218077627942,-0.04961679029278457,0.0368658753298223,0.05265539532294497,-0.00465289470506832,0.0,0.02704126133583486,-0.025621809395961464,0.009921683397260494,-0.007687415727414191,0.009236607044003904,0.08660926301265136,0.10900479019619524,0.10163183688186109,-0.11739412904717028,0.0732827630545944,0.012468802584335208,0.009147901972755789,-0.009201458562165499,-0.005508604475762695,-0.18374209493398666,0.015352680869400502,0.0,1.0
Cep120,0.16781739599304274,0.042210810590768234,-0.027261973125860095,-0.019778349155094476,-0.0079364065034315,0.0,-0.15742857894860207,0.013041988147888333,0.00677865537116304,0.10446851528249682,0.006060116933658719,0.06117447160650045,0.1795758910384029,0.07053353557828813,0.03125185612123459,-0.012145467177033424,0.004856927013024688,0.024667579410597683,-0.00486466858536005,0.002249817254487425,-0.017702671482693402,0.0016301226895302533,2.0,1.0
Gm11655,0.15690642539644614,0.08381850236095488,0.01674573130905628,-0.0315763302682899,-0.011409668922424317,0.0,0.016096856109797955,-0.0461828869767487,0.007481909841299057,0.11675722008571028,-0.0067813007719814775,-0.039904874234925954,-0.15684440194629132,-0.023052511056885123,-0.1668470391118899,-0.011343845368828624,-0.08161505010677501,0.018724615778774024,-0.0011474598734639585,0.002561971223913133,0.09332305848132819,-0.04275724599137902,0.0,0.0
Necab1,-0.33610644439700993,0.08886990264989436,0.1527132974937558,-0.048415756188333034,-0.011867874504532664,0.0,0.02263978123664856,-0.0020546196517534556,0.02163122613739688,0.0005624751676805318,0.020418087698053568,-0.06203613620251417,0.1078780686785467,0.04770587900595274,-0.10168503846973181,0.029713238016702236,0.0071259260689839725,0.027645998978987337,-0.012199525851756335,0.004839940073434263,-0.09401085218414665,-0.013175752132665365,2.0,2.0
Gm1992,0.1067423234274611,0.14150306181050837,-0.033287127166986466,0.0075422610156238076,-0.008091858625411986,0.0,0.025107214441522956,0.006615642725955695,0.010766992438584566,0.09132475201971829,0.03181577364914119,0.031017603499349206,0.12347395136253908,-0.06075716368854046,-0.041527397746685894,-0.06711399050895124,-0.013337445391807706,0.01969450213946402,-0.0016951092751696707,0.003547417363151908,0.06991781433578581,-0.01610661456361413,0.0,0.0
Cdkl4,0.15133219348965213,-0.007018510575871915,0.09206403763964773,-0.02210564414737746,-0.006323005317244679,0.0,0.03510564560070634,-0.01389612362952903,-0.004160070829093456,-0.010957767176441847,-0.021621958343312143,0.07520978132728487,0.20081908672116697,0.15716226793825627,0.06472335814964027,0.09887136414647102,-0.04539220835082233,0.007542079472914338,0.008755482137203216,-0.008731014479417354,0.07758750652894378,0.009728542966768146,2.0,1.0
Fth1,-0.06442785590188578,-0.027305236514657737,0.0110249930806458,0.09458435617154465,-0.005040755160152912,0.0,-0.00851559553295374,0.03574987748404965,0.03547969892679248,-0.010887195193208753,-0.014364937292411924,-0.01840963228372857,-0.1325098971114494,-0.06308662451570854,0.02426202062983066,0.008910004985518754,-0.018001907838042827,0.020461036525666713,-0.0011474598734639585,-0.017065464241895825,0.037672156766057015,-0.03255050057545304,0.0,0.0
Zfp804a,-0.3093176215165295,-0.07603603689931333,-0.04569386728107929,-0.05253861457807943,-0.010172674155328423,0.0,0.023285055803135037,0.05902595629682764,0.004923921099398285,0.03502593974582851,-0.008104747626930475,0.04752380281686783,0.1410257252212614,0.051710014797281476,-0.021154963672161103,-0.04965284496545792,0.008826001491397619,0.06908977584913373,-0.0004769706539809704,-0.00365809059003368,-0.04645324208308011,-0.03589399894699454,0.0,0.0
Eid1,-0.2289087870158255,-0.04758503927383572,-0.019999596485868097,-0.03643335104454309,-0.006833087401464582,0.0,-0.0012537306733429432,0.015828711963258683,-0.024046914222999476,-0.011049200166016817,0.010277835363522171,0.02889194733230397,-0.13384526634123176,-0.08832903312402778,0.016868097404949368,1.578819006681442e-05,0.000455377041362226,0.02025563031435013,-0.0015822944580577314,-0.013454742161557079,0.05663938823156059,-0.059615032393485305,0.0,0.0
Chrm3,-0.31158389397431163,-0.040013303137384354,-0.06033276098314673,-0.09785925045609474,-0.0234936663787812,0.0,-0.0019236030150204897,-0.004083077114773914,-0.004689680878072977,0.03177668251562864,-0.011629861230030656,0.002331518104765564,-0.1363258505309932,-0.01153248557006009,-0.09691364035243169,-0.012659284798428417,-0.04676281218009535,-0.01535033249296248,-0.0013350895768962801,-0.0025018761237151923,0.0005914707062765956,-0.04233416454866529,0.0,0.0
Grm8,-0.3446680109994486,-0.08600291728042066,-0.07163728040643036,-0.05843068634159863,-0.014976123839151114,0.0,0.013265494755469263,0.009375543796923012,-0.010389856725814751,0.013885462628677488,-0.013170910547487438,-0.12027076629921794,-0.018161226662341504,8.757202886044979e-07,-0.17018486719578504,0.014781353659927846,0.00800280976574868,0.0013227826543152333,-0.01692706350237131,-0.00365809059003368,-0.09013873112387955,-0.03668135503306985,2.0,2.0
Banf2,0.13062360484153032,0.021756743360310794,0.041928180265240374,-0.007818070529028774,-0.004773501718882471,0.0,0.040219931192696096,0.03542548661818728,-0.0022444295324385165,-0.010254508121870459,0.009298519268631934,0.09128952593076974,0.22112326113507152,0.18667584117734803,0.16479551404248924,0.07173888798803091,0.015788916600868105,0.014090426587499679,-0.0016951092751696707,0.0006778200645931065,0.07613455432467163,0.022123879278078674,2.0,1.0
Epha3,-0.29636384146520867,-0.09060442486312241,-0.04438306732103228,-0.03562550222501159,0.2207519506663084,0.0,0.004199153361842036,-0.0027286273729987443,-0.004689680878072977,0.043800974027253685,0.0037830605171620844,0.01967507552122697,0.06716570457909256,-0.02161866696202196,-0.01642389583401382,-0.019143015909940005,-0.015525132317561656,0.013920944421552122,-0.0016424707928672433,-0.0019568762369453906,0.005500394687987864,-0.033833849374204875,0.0,0.0
Gigyf1,0.24259595804614947,-0.007493721325881779,-0.013062844788655638,-0.0030144180287607013,-0.007183121321722865,0.0,0.020792216649278997,0.04310837292228825,0.004188660401850939,-0.008990349140949547,-0.014762427471578122,0.050305581521242856,-0.20452607852173968,-0.05388965044054203,0.09665200523100793,0.028083911584690213,0.007249911123071797,0.0012570877093821763,0.006771202371455729,0.06667112994240597,0.06719301995821297,0.028594582015648483,2.0,1.0
Map3k5,-0.3638021227298304,-0.05315701311454177,-0.06261018115095794,0.15051079933065922,-0.009772191743832082,0.0,0.027741400301456453,0.012885998074198142,-0.003981743037584238,-0.008789912927895785,-0.015585712366737425,0.0695131388027221,0.11973763761576266,0.09993904581060634,-0.12867790420772507,0.04038111046422273,0.004038894129917025,0.0032149063423275947,-0.009757557641714812,-0.003657306565437466,-0.044454212309792636,-0.03668135503306985,2.0,2.0
Ntng1,-0.3115841792197898,0.056583137139678004,-0.09929066463373601,-0.05860907061956823,-0.014976123839151114,0.0,0.01423137762118131,-0.002960626159328967,-0.010389856725814751,-0.029164285578299313,0.009542923055123538,-0.13013420704286546,-0.07077478796942159,0.022636005267850125,-0.1433710801973939,0.012003481243737043,0.004034102004952729,0.00154475849121809,-0.018453579489141704,-0.0020420878822915256,-0.11006504877470434,-0.013963108218740672,2.0,2.0
Gm17231,0.11714992302237079,-0.047748615527525545,-0.005108299273997545,-0.02251661180285737,-0.007859560181386768,0.0,-0.17300378020852805,-0.011231848180759698,-0.0011567011848092079,-0.00802269476931542,0.058356967214494945,0.04241664104163647,0.16576520035392606,0.06437123071402312,0.03183819217607379,-0.048567861467599865,0.016417119996622206,0.0061794388573616745,-0.004443560726940632,0.0038089072587899862,-0.0879516982845962,0.029360704915598036,0.0,1.0
Pknox2,-0.26220658552832904,0.12447716389782727,-0.04952729851938784,-0.07248585239984096,-0.017015952384099364,0.0,0.012066166289150715,-0.026613556400407107,0.004923921099398285,0.0043496360606513915,-0.025967296455055477,0.01861855628201738,0.07128674359992146,-0.01430399855133146,0.011011067307554185,-0.022029171818867325,-0.01811787211569026,-6.106844171881676e-05,-0.0035826411098241807,-0.003264107024297118,-0.058970973710529506,-0.01610661456361413,2.0,0.0
Fggy,-0.18095933385193347,0.055634818925173024,0.33098866797517984,-0.018025951322633772,-0.006872431326191872,0.0,0.007523060659877956,0.005726747836451978,0.007915439262869767,-0.01369855739409104,0.0005017633619718254,-0.13638360395794735,-0.07465023667085915,0.028230500122881495,-0.07130217728437856,0.012357732434757053,0.003921908219344914,-0.0718369721248746,-0.01099297880427912,-0.00011715028667822481,-0.12775440837081986,-0.013175752132665365,2.0,2.0
Scn3b,0.24279605539748444,-0.018833751063793897,0.006426049182191491,0.12593206476187332,-0.005185688128694892,0.0,0.011848188545554876,-0.014390417747199536,0.010766992438584566,-0.00580131993163377,0.07433229191228748,-0.01096091269282624,-0.08101772091817111,-0.022877590877469628,-0.058618202512152495,-0.014771024843212218,-0.01999991207558196,0.00086761474609375,-0.0017035589530132711,-0.004124201643280685,0.03802765781991184,-0.03570842674002051,0.0,0.0
Vwa8,-0.2376024764822796,-0.03523127302061766,0.02379361502826214,0.15051079933065922,-0.009475526043679565,0.0,0.0258628969732672,-0.025516276428243147,0.012777941061067395,-0.010126105165109039,-0.023643052964471282,0.07041009433334694,0.10042579566128552,0.07814267789013683,-0.04879884017631411,0.03379641232080757,0.009496559612452984,-0.047290757149457935,-0.003665557496715337,-0.003459277891088277,-0.11673264927056153,-0.04733151081949472,2.0,2.0
Adcy1,-0.1420716967713088,0.005148242213763297,0.14639070019125938,0.11337546381633729,0.15399821409024297,0.0,0.010159706333652138,-0.0030810172040946784,-0.0032471097819507123,-0.015488195710349827,0.011752327885478735,0.009837311359588057,-0.07866730553563685,-0.014148023404413835,-0.06019678069278598,-0.02232496242970228,-0.04884783356275875,-0.0004148596292361617,-0.0015822944580577314,-0.00327882299432531,0.016287677939981222,-0.040903710927814245,0.0,0.0
Frmpd3,-0.028654848663136362,0.023677566451951862,-0.08761684798635543,0.04363437991822138,-0.004220490294974297,0.0,0.02807584239169955,0.049445889088092373,-0.00893332386156544,-0.008383209160529077,0.015076927626505494,-0.20079912847140804,0.08657861884799786,0.06393243485363201,-0.08189307418651878,0.04178587219677866,0.008887265077792108,0.048086348045617344,-0.011872715130448342,-0.007901608180254698,0.020252315811812877,-0.018141961155924945,2.0,2.0
Setd1a,0.15613096641143784,-0.05752058380283415,0.0023421034589409828,0.06359712631441652,-0.004830942784901708,0.0,0.03406741929240525,-0.01738969105761498,0.01261409188620746,-0.017798460009507834,-0.009248951938934625,0.05861299473792315,0.04093646713998169,0.08768782338127494,-0.04291978121967986,-0.13094601282849908,-0.0025687838299199937,-0.0020367429917678235,-0.0014548410894349218,-0.005072503590490669,0.04712862994056195,0.026512251114472748,2.0,2.0
Iqgap1,-0.3007749727438204,-0.01843625782057643,0.152212483570911,-0.030138753789942713,-0.009625819169450552,0.0,0.033674261281266805,0.06001051870873198,-0.0032539985718904063,0.004861950345803052,0.05889309840742499,0.059377603656612335,0.16210518629755824,0.11806038131937385,-0.07909784652292728,0.03851200596429408,0.012279119919985532,0.001094230581074953,-0.0034486223757267,-0.007928490587510169,-0.04644555592909455,0.02085013779811561,2.0,2.0
Olfm3,-0.34749223046237604,-0.10168961110524834,-0.03623043909668922,-0.061223642460536215,-0.014453428380656988,0.0,0.014894213378429413,-0.023954930698964746,0.004923921099398285,0.02727806719718501,-0.004202600298449397,0.040318266609683635,0.11867057993309572,0.0686679688631557,-0.095493018606212,-0.058324052467942235,-0.1341271134093404,0.061020527780056,0.0004630684992298484,-0.003836465431377292,-0.005622952706180513,-0.05833312412723899,0.0,0.0
Spcs1,-0.14501824877224861,0.0915813217498362,0.031739203017205,0.07504278350388631,-0.0037886396050453184,0.0,0.0320402361638844,-0.041211357907159255,-0.006378049161285162,-0.013893782966770232,-0.038241423501167444,0.07008953923359514,0.13881820572540163,0.20047625266481192,0.13007545935688541,0.029612773889675738,0.021026112856343388,0.0249021175224334,-0.0016424707928672433,0.06163525504991412,0.04507378333248198,0.03355788269080222,0.0,0.0
Ccdc57,-0.39449615850811826,0.013132535205222666,-0.029412502162158488,-0.052998773688450455,-0.013735630246810616,0.0,0.004353169603273272,0.001679998894687742,0.0033926381380297243,0.02957612864440307,-0.018739775116555394,0.018111363998614252,0.1331175089930184,0.004350193338468671,0.15713545154314487,-0.013053633174858987,0.01446906266035512,-0.13435382476076485,0.01046305122319609,0.0069074863498099145,-0.029082580646499993,0.0222509138379246,2.0,2.0
Golga4,-0.009571745994035154,0.04695264687761665,-0.028143343087285756,-0.019535478388424964,-0.009814414114225655,0.0,-0.01783519429154694,-0.013055340566206724,-0.0027387946023372934,0.09787092137150466,0.04492488212883473,0.08049700333736837,0.2023852598387748,0.15069984883069992,-0.10341418617870658,0.042400754392147064,0.00959885380230844,0.0011725591123104096,0.028533192370086908,-0.0009939625626429916,-0.03588358566630632,0.010741153918206691,2.0,2.0
Ptprn,0.2584244099468924,-0.0380534917768091,-0.0062107001803815365,0.14512179842218756,-0.006157770436257124,0.0,0.013755737710744143,-0.031943633267655966,0.01370182023383677,-0.008359706909395755,-0.01689415575005114,0.05012580479960889,-0.0899609177839011,-0.04619900028919801,0.05543187205679714,0.019884566040709616,0.014911474700202234,0.006512123513966799,-0.001235204730182886,-0.02090761609841138,-0.046926847640424964,0.01698078745044768,2.0,1.0
Nsmce2,-0.2970138127589598,0.04083803959190845,0.005006995955482125,0.14945214682724328,-0.009660942102782429,0.0,-0.15424572821706534,-0.005854666990926489,0.008157475013285875,-0.022057653022930026,0.03161885673645884,0.0645134910568595,0.07574441350880079,0.004274750524200499,0.03251322888536379,0.009961129301227629,-0.0009655884560197591,-0.019762185234576464,-0.004308569505810738,-0.00027073887642472985,-0.08092202909756452,-0.01610661456361413,2.0,2.0
Gm21798,-0.26627681897953154,-0.044062788472510876,-0.02587294361088425,-0.10106796828098595,-0.01861472899094224,0.0,-0.09076437472365796,-0.008761353733716533,0.004923921099398285,-0.01797895973082632,0.004104652088135481,-0.000674955490976572,-0.09319179634971078,-0.018315019245492295,-0.09541654685512185,-0.0168611098267138,0.0010514863365096972,0.05732973163481802,-0.004004836436361074,-0.0037980919843539594,-0.024897262561134993,-0.033046493288129565,0.0,0.0
Col25a1,-0.3717671136232093,-0.08019245827570558,-0.064746726565063,-0.058923895498737694,-0.014976123839151114,0.0,0.013081802106462419,-0.0030174274486489596,0.00636982737283688,-0.015746423576492818,0.0070539310341700915,-0.11889794639311731,-0.01323036429239437,0.023036824793089182,-0.15403600038029253,0.018231287840753795,0.005992062692530453,0.003485307535156608,-0.016979701984673738,-0.000785055395681411,-0.06799726317636669,-0.015524032698012889,2.0,2.0
Nr6a1,-0.25438595321495083,-0.027040865030139683,-0.019287453209981324,0.15763689166400582,-0.009772191743832082,0.0,0.026984522799029947,-0.006598607072373852,-0.0021593814343214036,-0.011701750988140702,-0.010884327930398285,0.05692928227595985,0.13686595703009516,0.10078320486703887,0.017294527024496346,0.037246346501633526,0.0042352574318647385,0.008834515623748302,-0.00242459449917078,0.002134444823022932,-0.07170553568284958,-0.0019720513257198034,2.0,2.0
Dlg1,-0.28226688731461763,-0.008531231768429279,-0.04297578170429915,-0.04099283300340176,-0.012292047613300383,0.0,0.009924060441553592,-0.01178675149800256,-0.006649915158632212,0.030246686765458435,-0.022731921044178306,-0.08243749605026096,0.08053010947536678,0.004204643201082945,-0.14041199199855328,0.012141805659048259,-0.01715593263041228,0.006380689993966371,-0.016979701984673738,0.00616682585561648,-0.07672316600102931,0.011091343727894127,2.0,2.0
Pacs1,-0.2913521643308923,0.002469270736910403,-0.02380742914043367,-0.03484522681916133,-0.012093969755806028,0.0,-0.09414818031713366,-0.007695887435693294,-0.004593528874102049,0.031090961049776523,-0.017155565014109017,0.05231309138704091,0.061153307808563116,-0.05376068545971066,-0.04881299733184278,0.00960167083889246,0.00448523985221982,-0.09461271085776389,0.010248819603584708,-0.030127586533781142,-0.08487378293182701,0.0041792989335954185,2.0,2.0
4930545L23Rik,0.12834818308474497,0.12201480017974972,0.020451344149187207,-0.022622474336531015,-0.010826441678218543,0.0,-0.121225790604949,0.030874114071484656,-0.002834946606308222,-0.011375154103152454,0.045986033668741585,0.0634205432375893,0.1867491974006407,0.030944617679342628,0.014998912052251399,-0.006767003200948239,-0.11292034855578095,0.02779082811437547,-0.004135183361358941,0.0031647285586223007,0.0636284059472382,-0.039333095829933884,0.0,1.0
Baz2a,0.11264390754047782,-0.04910116703249514,-0.018324714712798597,-0.0024326915154233575,-0.009584544061217457,0.0,0.01671490365639329,-0.014274847659980877,-0.002594678420573473,-0.01373488714452833,-0.04473841319326311,0.06029464332386851,0.15600517262006178,0.10572397884912789,-0.0036941804876551034,-0.14980933347716927,-0.13898195274174213,-0.005506515796296299,0.007018085699528455,-0.006948388984892517,0.03965829527936876,-0.01422201263718307,2.0,2.0
Pola1,-0.27098896177019927,0.14122077798470856,0.13348993307445198,-0.01421722509432584,-0.0045548762357793746,0.0,0.02811721945181489,0.03418585627572611,-0.0019483612797921524,-0.01512550952611491,0.028850373066961765,0.07097364520421251,0.126597654344514,0.053857074195984754,-0.011071045298594982,-0.040850601149722936,0.0042352574318647385,0.05100066147744656,-0.001800386239774525,-0.001800288341473788,-0.0331247299851384,-0.018141961155924945,2.0,2.0
Cmss1,-0.31328512139152737,-0.010434404844418169,-0.049016865864396096,-0.014694999381899833,-0.011052524584811181,0.0,-0.14458657044917345,-0.006853232671273872,-0.0036019525304436684,0.008623894853517413,-0.023977355449460447,0.036760428864508865,0.09520849035936407,0.05190476312709506,0.021766065468546,-0.011845832280814648,-0.0029635927081108093,0.0007089444436132908,-0.005917438231408596,-0.003990405797958374,-0.06608301137574017,-0.019293989883735777,0.0,0.0
Ftl1,-0.12141473286086693,-0.07663040733896195,0.028012137687765063,0.08397856773110107,-0.004550421545282006,0.0,-0.016959664318710564,0.029095362222287802,0.011418690457940101,-0.015746090742759407,0.0028773398045450448,0.022690208554267885,-0.12149707442848012,-0.12703579153865577,-0.00967841140460223,-0.00881773641332984,0.015414352308143862,0.008156270938925445,-0.0011474598734639585,-0.023469618069939316,0.030799226202070713,0.0397742076497525,0.0,0.0
Rpl32,-0.18582265912322327,0.003652297127991915,0.056169124725274744,0.06032471426995471,-0.003940632578451187,0.0,0.01007186652161181,-0.03479022402083501,0.0738766286149621,-0.009429710633121431,0.03165820554830134,-0.011877040311228484,-0.14387272973544896,0.06859339294489473,-0.0010940422723069788,-0.05219042782206088,0.001470564654446207,0.014083664086647331,-0.0017512424709275364,-0.011831607345957309,0.060931125320494176,-0.0016883858852088452,0.0,0.0
Rps11,-0.09604381041601301,-0.04531216416507959,-0.02582763575017452,-0.03495290762279182,-0.010899717332795262,0.0,-0.007754445374011994,0.00949917180580087,0.0030699592269957067,-0.0079646967491135,0.004028802011162042,0.025751439433079212,-0.15018080804497003,-0.08537452143267728,-0.037799510820768774,0.0021444183960556986,0.006129701401223428,0.0022008847258985042,-0.0014583358028903604,0.07112291623372585,0.03777843159623444,0.03430291377939284,0.0,0.0
Fmnl1,0.24575839367927985,0.01016205602325499,0.03950292267370969,0.14914475227706134,-0.005865724664181471,0.0,0.014439835343509913,-0.04663192367181182,0.004188660401850939,-0.01816502086352557,0.0035046628955751656,-0.043346729858312755,-0.10497795352712273,-0.05916532334405929,0.0285201495885849,-0.016285303959157317,-0.004661076661432162,0.002928114729002118,0.005076739802025259,-0.03152847849298269,0.029800086477771402,0.017831613197922706,2.0,2.0
Glp2r,-0.33673245732439683,-0.06856698888354003,-0.038742511356249454,-0.05983308002119884,-0.01564411436440423,0.0,0.013139975462108851,-0.000640756266657263,-0.0030114354565739633,0.013892351305112243,-0.01747390190605074,0.06366949236020446,0.17692527697421612,0.14038120492594316,0.19523655606433749,0.04903568441979587,0.017407843666151165,0.004959598239511251,-0.002056125123053789,0.0025594963761977852,-0.03648530139122158,0.010964309102855624,0.0,2.0
Dnm2,-0.07316424953751266,-0.040212362203747035,-0.02117821809835732,0.0625805144617334,-0.00880814683623612,0.0,0.026857737628743054,-0.06574140560231172,-0.000916432999074459,-0.010345719107426703,-0.04932321345433593,0.05864156497642398,0.16597246000077576,0.07474461590871215,0.03283350151497871,0.05215804921463132,0.0034606679249554874,0.007092035245150328,0.009587756544351577,-0.006049091701861471,0.038340753908269104,0.028086963230744003,2.0,2.0
Parm1,-0.43149121454684064,0.0003053023014217615,-0.0715320616401732,-0.06545722846640274,-0.015424294986296445,0.0,0.02704454006627202,0.006543926259037107,0.004923921099398285,-0.0403072820440866,-0.0058277107728645205,0.08324533844133838,0.18840111206285656,0.09262079138716217,0.013826207676902413,0.039393619196489454,0.0043165499996393915,0.013073167633265256,-0.0035826411098241807,-0.0031690087798051537,-0.02721624491503462,-0.019121404299512507,2.0,2.0
Cox5a,0.21695472287246959,0.0005994823481887579,-0.0006719913519918918,-0.013833747180178761,-0.009460878064855934,0.0,-0.1025680669862777,-0.016329161152243615,-0.0011567011848092079,0.049255143534392115,0.025964292036369442,0.05230473378207535,-0.15766415182035418,-0.07592782996362075,0.10150869711302221,-0.015802715532481672,0.002361308058607392,0.008263791035860777,-0.002107813796028495,-0.03134853565599769,-0.017970651341602206,0.0356405880022794,0.0,1.0
Hexdc,0.20312543771928177,0.08301740747876465,0.0022706851921975614,-0.027808585022576153,-0.005097971472423524,0.0,0.030989046115428208,0.0532114883325994,-0.0017472182586789132,0.0001988303614780307,0.01597407548222691,0.10823241781909018,0.042726248833350834,0.1734929445385933,0.16572869771160184,0.0161729624774307,-0.06599711498944089,-0.08160319256596267,-0.0016825742973014713,0.0016733834776096045,-0.014051201068796218,0.019652507416903973,2.0,1.0
Nbas,-0.3640732178138569,-0.06914281988982111,-0.0733117838576436,-0.05811586146242917,-0.014976123839151114,0.0,-0.008770767585374414,0.004216921532060951,-0.010389856725814751,0.013885462628677488,-0.013170910547487438,-0.1504800245165825,-0.07560663641197607,0.016695349221117796,-0.17055689019151032,0.018588179433718325,0.0061261416459456085,0.00043801489286124704,-0.01692706350237131,-0.0027194015332497657,-0.04725855709053576,-0.04811886690557003,2.0,2.0
Phf12,0.014756397628225386,-0.027791371988132595,-0.008871654351241886,-0.07002936665900052,-0.013634696835651994,0.0,0.01156882518902421,-0.023441426240606234,0.015110984258353711,-0.028005268592387438,-0.02520598123781383,-0.09931516173994169,-0.2691755335172638,-0.03736106240656227,-0.042858693674206735,-0.014728612520266325,-0.006501064409385435,-0.004532997021451593,0.0068764793360605835,-0.023352052979171277,0.005532714514993131,0.007433904763311148,2.0,2.0
Spred2,-0.0881256614997983,0.008014479768462479,-0.07477133703418076,0.11589195798151194,-0.010223462600260974,0.0,-0.07262474429327995,0.004768257185351104,-0.002834946606308222,-0.016568552269600332,-0.02158215983072296,-0.01799188645090908,-0.15555335982877294,-0.0357035301043652,-0.12215761860366911,-0.019252346404828133,-0.009338132310658694,-0.0030360732367262244,-0.0034939464437775316,-0.0034341149660758676,0.02037117208354175,-0.012356821291614323,0.0,0.0
Zfp612,0.22406734013464302,0.029400825891643764,-0.0073240106739103795,-0.024134861673228442,-0.006500194964464754,0.0,0.02236263819038868,-0.014073799047619105,0.006798087041825056,-0.023115750937722623,-0.018624213892035186,0.08828387473709881,0.1926423058472574,0.009692510971799493,0.030616325261071324,0.047498171385377645,0.0034606679249554874,-0.00762641410343349,-0.001973772384226322,-0.009346822826191783,-0.0040946632856503126,0.0064065364631824195,2.0,1.0
Prkdc,-0.3468922395957634,-0.04852114791050553,-0.026191863911226392,0.14528142379131168,-0.009251727673690766,0.0,0.02167809035629034,0.009637481641257183,0.0048352092341519895,0.035221165735274555,0.0016476638708263637,0.051478147318121045,0.08642773072468117,0.07120952872559429,0.007721469306852668,-0.03873015141114593,0.004831553718540818,-0.1358274105191231,0.007439277884550392,-0.005812582017388195,-0.02710297560552135,0.026512251114472748,2.0,2.0
Khdrbs1,0.07147796583827586,-0.028668412128463387,-0.007885203249752521,-0.0694644268322736,-0.013634696835651994,0.0,0.018865628391504286,0.008894053568365052,-0.000916432999074459,-0.016469678785651923,0.03367493433877826,0.02743188563734293,-0.260564458691515,-0.05763510790653527,0.03876441096886993,0.0017854426009580493,0.015197572124307043,-0.004956480013206601,0.006598438094370067,-0.02247312370687723,0.0014749037194997073,0.018555499566718935,2.0,2.0
Psmc6,0.20705878423294052,-0.07589421085547655,-0.03401356156915426,0.04983449945226312,-0.005205952422693371,0.0,0.024968986185267567,0.03179507611319423,0.01242786779999733,0.0360811090702191,0.006133817732334137,0.06177392347482964,0.03792611487442628,0.010751708009047433,0.024807766489684583,-0.018367923498153686,-0.0157946448889561,0.014607527507469058,-0.0014022026071324944,-0.002586525846272707,0.04099045855458826,-0.033380496706813576,0.0,1.0
Tbc1d12,-0.04174058061325923,-0.0763857451081276,-0.04802126558497548,-0.01723680103663355,-0.010595923191867768,0.0,0.023803655561059713,0.03319898799760267,0.04537839900702238,0.0268785594496876,0.004960049623623491,0.050774596882984045,0.1719462260347791,0.041419510655105116,-0.030268969372846188,0.021575638875365257,0.011417565559968352,-0.004031661190092564,0.013248315285891295,-0.018678469313308597,0.09246209207456559,0.0152961849514395,2.0,1.0
Chchd10,-0.043504787445999685,-0.03987842569127679,-0.020960174025967716,-0.033596991018857804,-0.007939060861244797,0.0,-0.005415268819779158,-0.028854190659476444,0.037733939085155724,-0.018997167069464922,0.02898310394026339,0.00043705634539946913,-0.22478947029449045,-0.04328835057560355,-0.028152495655231178,0.0011110916826874019,-0.0032891603285679595,0.02126140268519521,-0.0013877280591987073,-0.0022450111992657184,0.06078422622289509,-0.007031087912619114,0.0,0.0
Rps23,-0.14717047980986536,-0.057857166291214526,-0.040689431317150596,-0.017986088625621052,-0.008092753505334258,0.0,-0.003500409107655287,-0.0004546342126559466,0.0738766286149621,0.0532328299805522,-0.0048209882713854315,0.03097840348025784,-0.09960633806418627,-0.08392724279197865,-0.030062175686471165,0.003465722370892763,0.010720074432902038,0.019545500501990318,-0.0003140159184113145,-0.009109473037533462,0.10204181496985257,-0.040337033793330195,0.0,0.0
Gm26981,0.018336561748292297,-0.001918537076562643,0.09453578187152743,-0.006877493839710951,-0.006595313129946589,0.0,0.026322925463318825,0.022661404816899447,0.010715435987804086,-0.01082520769443363,-0.020233134967274965,0.03128242268692702,0.06409284234745428,0.08114334494806826,0.1805544539447874,0.01950878611765802,-0.06659211307298392,0.018056632978841664,-0.0021087636053562166,0.006528750802390277,-0.06695174732245505,0.02950346455909312,0.0,1.0
Gopc,0.14165999385528266,0.0906266506947577,0.016726473299786448,-0.01625447006430477,0.058521054030861705,0.0,0.03587998337112367,0.04316398109076545,0.013190104236709885,-0.012234110976569354,0.007375399274751544,0.09714204490883276,0.17465448144823312,0.1309387850895291,-0.0895539743406698,0.05729668095707893,0.016120219752192497,0.03399268414825201,-0.009547003712505102,0.0028216064115986227,-0.0724852472729981,-0.01850663379766047,2.0,1.0
Pabpc1,0.1905656665447168,-0.0735736036952585,-0.035316259805113076,0.05833774286787957,-0.004746851064264774,0.0,0.01898130155168474,-0.024439219627529384,0.007481909841299057,0.0289648407837376,-0.02097154369112104,0.059138242127373813,0.02822433194378391,0.04090505003929138,-0.005583168128505349,-0.07642567908391357,0.00977535234298557,0.045947911767289046,-0.0014022026071324944,-0.00225195842795074,0.033126918678171934,-0.03520012890920043,2.0,1.0
Csgalnact1,-0.32709388092625885,-0.05797733589075506,-0.08065163685008883,-0.05860907061956823,-0.015065123557578773,0.0,0.003362481435760856,-0.008176049676258117,0.00636982737283688,-0.01628265206934884,0.007162489225156605,-0.11739799846662208,0.09810797019163146,0.04577549254754558,-0.16477775061503053,0.033074609455652534,0.005992062692530453,0.00020644707605242728,-0.017295532878488302,-0.0003810681332834065,-0.06799726317636669,-0.015524032698012889,2.0,2.0
Rps10,0.1006609177426435,-0.023525844919495286,0.0029443793278187513,-0.011765635963529348,-0.009460878064855934,0.0,-0.07688072886317969,0.010328368988120928,-0.006137780975550413,0.03875457077752799,-0.011606805371120571,-0.012348432769067585,-0.1492197284050053,-0.057272239308804276,0.03738950968254358,0.0008714302442967891,0.005734408231801353,0.00022420227993279695,0.005955569515936077,0.04932750907028094,0.012225303738377989,0.05610221102368087,0.0,1.0
Cacnb4,-0.3015942220832221,-0.007268888319376856,-0.045252014622092246,-0.06195988942636177,-0.015566832725889981,0.0,-0.13777593338862062,-0.026556755111087113,-0.0036019525304436684,-0.036986170096788555,-0.0286030992702581,0.020438123061321676,0.12931916023488157,0.021802222891128622,0.02754075431032106,-0.027214930728077888,0.016819556634873153,-0.001290746070444584,-0.005917438231408596,-0.0029316330584697424,-0.05437819597776979,-0.013348337716888637,2.0,2.0
Camta2,0.20496696833986788,0.009818631885573269,-0.003279069922864437,-0.06831965337041765,-0.01020801542326808,0.0,-0.06881120877806098,0.013828321136534214,0.016632682550698517,-0.01113386867567897,0.07859716606326402,-0.04438672293908894,-0.12450114166073036,-0.05709283570991829,-0.0671156639745459,-0.011073774967808276,-0.004775341409258544,-0.0021274923579767346,-0.0017798007535748184,-0.026113495882600545,0.018899448746815324,0.017831613197922706,2.0,0.0
Igf1r,-0.405610279457178,-0.009639674853533507,-0.056607249565422534,-0.06362032803706824,-0.016502469764091074,0.0,0.02417973507195711,0.0045746668404899535,-0.0036019525304436684,-0.03409775387728587,-0.008993751909583807,0.012667187443003058,0.10014249845175073,-0.04372304213931784,0.005046955777797848,0.012014093454927205,-0.046844748854637144,-0.1347950443252921,-0.0031564518017694354,-0.0005390794575214386,-0.08762695346027613,0.0006218224111944437,2.0,2.0
Rhob,-0.23202491387259216,-0.07088189555332064,-0.037282519843429326,0.03784531824057922,-0.003238126579672098,0.0,-0.005148542812094092,0.01395816909498535,-0.03117613391717896,-0.0010136786429211498,0.0065683670807629825,-0.10681112817721441,0.0930484550492838,-0.042210054975003006,-0.05703590631484985,-0.0006334537779912352,0.011114191454835236,0.022936841482296588,-0.008240659851580859,-0.008110449947416783,0.066386533761397,-0.061153897512704135,0.0,0.0
Cachd1,-0.23738477645907552,0.0788147584721446,0.1655810100911185,-0.09230272048152983,-0.020188945112749934,0.0,0.019514914248138667,-0.032205758987693116,-0.004689680878072977,-0.026748874778859316,-0.030227581826038658,-0.004384273018222302,-0.14100667796563357,0.02838124551810324,-0.06346678522182629,-0.0329294547252357,-0.016670030460227282,-0.03790823914110661,-0.001687571422662586,-0.0014830890391021967,0.01609048164449632,-0.016893970649689435,0.0,0.0
Plekha6,-0.3270199456904084,0.012922502909787,-0.08232249937020242,-0.0753507065703161,-0.019335195161402224,0.0,0.02312669144012034,-0.0316204549302347,-0.004833797059836798,-0.030852107380051164,-0.02172437188215554,-3.4423358738422392e-06,-0.005164778411854059,-0.031913612687494604,-0.06808662637835368,0.011624347046017646,0.009315574837382884,-0.09281975641846657,-0.004823604107368738,5.785988178104162e-05,-0.1294255958357826,0.009078081778716296,2.0,2.0
Nalcn,-0.2940000558132306,-0.07770448229275644,-0.07163728040643036,-0.05696800274774432,-0.014976123839151114,0.0,0.009891308615915478,-0.022548412478063256,0.02163122613739688,0.014002310000360013,-0.010059638689272106,-0.1345196377998218,-0.0804721530363895,0.014870393702294678,-0.17319259729236364,0.012003481243737043,0.002177171823568642,-0.0017245099879801273,-0.012041610404849053,0.0002940971544012427,-0.05002245211042464,-0.015524032698012889,2.0,2.0
AI593442,-0.0951841545267962,0.12068355353549123,0.0914624159084633,-0.03757982555776834,-0.00751831223256886,0.0,0.01855385921895504,0.020943260616622866,-0.02507775666192174,-0.02025445219129324,0.016383431497961284,-0.01094013863010332,-0.25628345547709613,-0.008195202490314841,-0.16830453582573682,0.003679412631317973,0.001972141852020286,0.035505638159811496,-0.001493005023803562,-0.005838350486010313,0.014983020606450737,-0.05681761046871543,0.0,0.0
Ppia,-0.04987594629405066,-0.023257443122565745,-0.018118528975173832,-0.021611187730450183,-0.006653914237394929,0.0,-0.0047667661774903535,0.02227999075432308,0.034448856487870216,-0.014954163068905473,-0.02246762851253152,-0.018393459308426827,-0.21815762663958593,-0.13619111641077325,0.08697983571793884,0.0041498590866103765,0.011780788454925641,0.018609940707683563,-0.0014632907672785223,-0.021116138843353838,0.05714889471419156,-0.04427252629771829,0.0,0.0
Ccdc85a,-0.4516035025077872,-0.040417534783482555,0.013854787684977055,-0.061474147893022746,-0.014194753852207214,0.0,0.022990104211494326,-0.000991366740781814,0.01133536996494513,-0.016953210190404206,0.00358907503541559,0.07541404059855267,0.12574927832465618,0.08454056564485654,-0.0711464666784741,0.039393619196489454,-0.046534330537542704,0.001652398370206356,-0.009757557641714812,-0.004129441846162081,-0.07210869038302917,-0.03527922844514251,2.0,2.0
Dcaf10,0.06666441409848631,-0.009135489943437278,-0.01702540386468172,-0.041727409949526194,-0.010239924816414715,0.0,0.01787672556936741,-0.06571188668487593,0.008569638188928365,-0.017299374039284884,-0.0556666708830744,0.045516810454428194,0.08320941365323961,-0.02245656728860922,0.03316815848462284,0.001470931489020586,0.017826922205276787,0.03557618972845376,-0.0021843263134360314,-0.0030942512536421417,-0.020570536409504712,-0.033661263789981605,2.0,2.0
Rabep1,0.029089975676033646,-0.05169264843687415,-0.037033910816535356,-0.020604109761770815,-0.010889827287755907,0.0,0.029711019499227404,0.006972253255080432,-0.000916432999074459,0.039108398435637355,0.05615655729547143,0.045040822848677636,0.20324987634085118,0.07840488181449473,0.04965328699443489,-0.04413607524707913,0.013429592503234744,0.004653620421886444,0.003936979249119759,-0.005654283629264682,0.024441034342162313,0.028086963230744003,2.0,1.0
Nrxn2,-0.4105844313558191,-0.024318896094337107,0.17551320094615222,-0.06619733262108639,-0.016952629759907724,0.0,0.02519541938789189,-0.012702785574365407,-0.004593528874102049,-0.011246312086004764,-0.02138202070724219,0.053290802151896056,0.008181374790146946,0.0310127604752779,-0.04618508478626609,0.019201743663288653,0.007769154205452651,-0.06899385408964008,0.015502113099209965,-0.007546351789496839,-0.016136494958773256,0.02085013779811561,2.0,2.0
Nnat,-0.06764879839261993,-0.08036265395116061,0.09015119882300496,-0.009220506171695888,-0.003991595758125186,0.0,0.007159044686704874,0.024697671483736486,-0.015607763808220624,-0.0033276276476681232,0.015196413453668355,-0.0640699356305413,0.011859747064299882,-0.018165800739079713,-0.03485001279041171,0.03391862907912582,-0.01912896799389273,0.002665204619988799,0.030295338090509175,0.08414708015043289,0.054534571124240754,0.03972756479401141,0.0,1.0
Lrrc4c,-0.3353634185018018,-0.08228297354653477,-0.05564181792549789,-0.05949931771494448,-0.014976123839151114,0.0,0.014821214214898647,0.009375543796923012,-0.008567495122551918,0.035552324680611494,-0.009597496357746422,-0.11160876838024705,-0.05591623348649591,0.0293796090898104,0.05357401096262038,0.01545341542456299,0.004497407260350883,0.0060576241742819545,-0.00959410035982728,-0.00031370413955301047,-4.963054321706295e-05,-0.016311388784088193,2.0,2.0
Trim35,0.16241449129302055,-0.01694476400502026,-0.030467175049707293,-0.05093187026679516,-0.009307808473240585,0.0,0.004737362843006849,-0.004069444667547942,-0.002834946606308222,-0.015624721189960838,0.005404609148390591,-0.06531366305425763,-0.22101025654003023,0.06959516833303496,0.17150711131747812,-0.05108739503193647,0.01115591251756996,0.0019585345406085254,-0.001898125351872295,-0.006805957145988941,0.021091676633805036,-0.019347629639087247,0.0,2.0
Galnt13,-0.29018047290388493,0.12932257294654848,0.1527658719336614,-0.049512909930199384,-0.009955317766871303,0.0,0.03060840591788292,0.0035333031392656266,-4.1621492709964516e-05,0.11289236054755747,-0.011126093605998904,-0.05466987816384062,0.12587935510324313,0.06866566569951829,0.06725349362939596,0.030688471267931162,0.006455367947928607,0.0839338299818337,-0.006572651474270969,0.004740660032257438,-0.06159941758029163,-0.013175752132665365,2.0,1.0
Ckap5,-0.011517089859116822,-0.04451940664090216,-0.019503715028986335,-0.028900743161793797,-0.009199558526743203,0.0,0.029563178084790708,0.049941743786912414,0.005007104224059731,-0.0033679901203140616,-0.054666668064892295,0.07645916389301419,0.21181205441243947,0.07794859346933664,0.042586881970055404,-0.10986169150099158,0.021888941107317806,0.006713752169162035,-0.0021087636053562166,0.0016733834776096045,0.021045844196341933,0.027785992799326777,2.0,1.0
Gnb1,-0.07215145259164274,0.0033951074490323665,0.002817562762647867,-0.025604596948251127,-0.01391084434464574,0.0,0.010431550778448581,-0.0661677853751462,-0.000916432999074459,-0.02525617280974984,-0.04744686399586499,0.005855399186257273,-0.23357667211676017,-0.07131947510875762,-0.020672471551224588,-0.0344884773902595,-0.0038270845980150625,-0.013371550869196653,0.007839401084929705,0.003076445572078228,-0.016347930510528387,0.01596334614325315,2.0,2.0
Uqcrfs1,-0.19202573116170243,0.12917530190199614,0.15013020323123782,-0.007518766759894788,-0.00438457251060754,0.0,0.001163278017193079,-0.0013971741613931954,-0.03839203048497439,0.04591766549274325,-0.003250304516404867,-0.127973377937451,0.16793099067173897,-0.0870533770788461,-0.06531313051935285,0.0032582515990361573,0.011991075151599943,0.0241244205692783,-0.010398837625980378,-0.00157157426699996,0.08045877201016992,-0.04325364327058196,0.0,0.0
Ift88,-0.0422973413602449,-0.04144459453877061,-0.025671266987919807,-0.025706523049157114,-0.009165155207738281,0.0,0.021385859120637177,-0.01445554717676714,0.00677865537116304,-0.0033679901203140616,-0.06738772811368107,0.08532102350145579,0.14667692963965237,0.009619846692075953,-0.052099672853946684,-0.04339330998249352,0.022638301309198142,0.0002009568363428116,-0.0021087636053562166,-0.002915926524437964,-0.08913724198937416,-0.033661263789981605,2.0,2.0
Grin1,0.21159927662694827,0.010260787550359965,-0.016112380521371962,0.004685848969966173,-0.006491419412195682,0.0,0.011043989825993776,-0.021515992935746908,-0.0022444295324385165,-0.01169398682191968,0.07984791370108724,-0.03489721541525796,-0.13442163462284953,-0.0623019286734052,-0.06786912875715644,-0.009731657223310321,-0.004661076661432162,6.667245179414749e-06,-0.0017035589530132711,-0.0355791530944407,0.02779803461395204,0.019406325314193965,2.0,0.0
Mark2,-0.04715555371716618,0.013625886468216776,-0.008124505300074816,-0.0234008230548352,-0.01391084434464574,0.0,0.011403955463320016,-0.06804023930686526,0.004188660401850939,-0.02525617280974984,-0.04744686399586499,-0.027602040593046696,-0.25013983813580126,-0.07567403231747448,-0.02322791738435626,-0.02278585542924702,-0.004430537714506499,-0.013705904986709356,0.005076739802025259,-0.0355791530944407,0.005532714514993131,0.008515269523486494,2.0,2.0
Ak4,0.07061707314103842,-0.001494588702917099,-0.05005635771900416,0.05171099006664008,-0.004694248733576387,0.0,0.013479335214942694,0.002926683813566342,0.008224561644601636,-0.006093720006756485,0.07094753073528409,-0.1871671375981532,-0.03648536702618003,-0.019316907494794578,-0.08281666120048613,0.011492450293153524,0.016598818968050183,0.006691318461671472,-0.016979701984673738,0.008925614608451725,-0.09632097072899341,0.013208649288862943,2.0,2.0
Tnk2,0.10719046334736049,-0.022955997940152885,0.006892364677041769,-0.057605396946892144,-0.011401025708764792,0.0,0.02262177045457065,0.004690306746633724,-0.0020041613467037677,-0.01953339556232095,0.0586942643020302,-0.0678553727734834,-0.15932949234731494,0.03480418943800032,-0.014246943537145854,-0.016753130529541523,-0.0020017466909484937,0.013426702255383133,0.005674386518076062,-0.02444329277612269,0.02233303653076291,0.016870897067710756,2.0,2.0
4933413L06Rik,0.18749724206281826,0.16744345826096832,-0.03274009947665036,-0.027125081100966782,-0.006653914237394929,0.0,0.006629454446956515,-0.02413562829140574,-0.002834946606308222,0.18787379176355898,-0.009252754999324679,0.001973504568450153,-0.18367870178772136,-0.02136445510899648,-0.04166207837406546,-0.036620910232886675,0.004829340917058289,0.04252870129421353,0.006334533288609236,0.00313043677713722,0.06081349359359592,-0.016893970649689435,0.0,0.0
Kansl1l,0.010791124757379294,0.09475644609890878,0.004956363942474127,-0.023461615378037096,-0.008531568001490086,0.0,0.013019451294094325,0.0043582527036778625,-0.0012012681365013123,-0.012045594430528581,0.10040555417537689,-0.1138810398755595,-0.009324460350908339,0.03243096789752599,0.013632532553747296,-0.005124161448329687,0.021448429296724497,0.014795249197632074,-0.009752015806734562,0.0028431812347844243,-0.07207229956518858,-0.019121404299512507,0.0,2.0
Rpl19,0.055768329293932765,-0.021362284389324485,-3.982894122600556e-06,-0.022857461920939386,-0.009460878064855934,0.0,0.0063812100514769555,0.009383974998490885,0.00794132325798273,-0.008990349140949547,-0.011395174104254693,-0.019816958180163057,-0.20290378366364167,-0.148549239623826,0.10004888747818769,0.0037579575600102545,0.006963813698966988,-0.0005368859693408013,0.006493161129765212,0.10210034542484209,0.0045317734219133855,0.03203819958143868,0.0,0.0
Nvl,0.1054831396182999,-0.07007304126862436,-0.035416058544069526,-0.02376904317177832,-0.006390572260133922,0.0,0.01436478640884161,-0.01389612362952903,0.005801449846476316,-0.01120739886071533,-0.03518562890589237,-0.10384516039863229,0.12455566193442792,0.03949017326696776,-0.0418925168341957,-0.10281170960515737,-0.004928890359587967,0.028341140085831284,-0.009233084511943162,1.747311092913151e-05,0.03786995773203671,-0.016327538681216537,2.0,2.0
Ipo9,0.12041674307780341,-0.03364136603893712,-0.022701637456193566,-0.020193969840183856,-0.007565656085498631,0.0,0.022621767539530994,-0.06593909184681251,0.006798087041825056,-0.014008142282254993,-0.04765700692310929,0.054306550892069934,0.14805010385112838,0.05914383853087202,0.15240398129913957,0.03170291595160961,0.019567593599203972,-0.12374492988921702,-0.0014423061115667224,0.008293804437853396,-0.09006678861100227,0.021169549087062478,2.0,2.0
Rpsa,-0.0144144821818918,-0.09633124113082886,0.009029377670958637,-0.020965562420897185,-0.008034152397885918,0.0,-0.004397044666111469,-0.00683651581639424,0.01250641880556941,0.06113350620493293,-0.018012399561703207,0.03392778732813895,0.07170867769280448,-0.11429075955413281,0.11564248215407133,0.005857984190806746,0.005703182690776885,0.018056632978841664,-0.0018158569373190403,-0.023487005895003677,0.005454093436710537,0.014083217745646835,0.0,0.0
Uqcr10,-0.11260218554409221,-0.0363793810736388,-0.0363117515668273,0.04622523389058188,-0.0045059426571242515,0.0,0.024313652450218798,0.01649087031488307,-0.006378049161285162,0.047801289563067256,0.07496972813736648,0.06695068085798994,0.12719943426083774,0.16366055532358587,0.018202719518449158,0.06142232958227396,0.008051411984488367,0.00605731847230345,-0.001800386239774525,-0.0116618051356636,0.039797638356685636,0.05502341660670936,0.0,0.0
Calm3,0.11926599924452602,0.04257122333161533,0.012460887301713228,0.061065268963575364,-0.004969295912887901,0.0,0.017846574783325197,-0.023446295036701485,0.01261409188620746,-0.007277390598319471,-0.009618761776946485,-0.05697798811364919,0.05361008026404306,0.10557391779962927,0.0073649548646062615,-0.062262862112838775,0.016983826612122357,0.005823196140117943,-0.0015601180540397762,0.00011199873872101307,0.03230046198237688,0.014500368572771549,0.0,1.0
Luc7l3,0.09605192161165178,0.026436066273599863,0.11591201771050691,0.07465049105696381,-0.0064805578719824555,0.0,0.030801856629550456,-0.06698639320209622,0.011418553089606575,-0.013839780180715024,-0.04270553571172059,0.03613194569014013,0.0032038703723810615,0.014435811210423708,0.0008128537423908711,0.05091766132041812,0.006278633908368647,0.006610343353822827,-0.009441726747900248,-0.030098127080127598,-0.19132616977964062,0.006830667024478316,2.0,2.0
Cux1,-0.4718795511755161,-0.07556990482844413,-0.057815579334273934,-0.05963724746368825,-0.01485472901724279,0.0,0.009996224921196699,0.0068386208615265785,-0.004593528874102049,-0.01676861126208678,-0.018739775116555394,0.06064326404593885,0.07835610795998946,0.020327593565452842,-0.07135837407084182,0.02229742665309459,-0.04876131299883127,-0.10935681607574224,0.015502113099209965,0.0020881451200693846,-0.053254139134660365,0.021893340330570936,2.0,2.0
Inpp4b,-0.4115852699475363,-0.08719112408347428,-0.038119356259703634,-0.058923895498737694,-0.015065123557578773,0.0,0.024853950515389443,0.0045178655511699615,-0.008567495122551918,-0.016308423534501345,-0.011426440360955893,-0.06216546022566036,0.12124630111502484,0.08985866656294092,0.17744459993205963,0.051182957114651796,-0.056072790096513926,0.01588266854174435,-0.009646738842129708,-0.004129441846162081,0.004431618861854076,-0.03668135503306985,2.0,2.0
Prpf6,0.057182790115475654,-0.08821559040807188,0.01746329217683524,0.0281450071465224,-0.00761138207744807,0.0,0.005038925930857658,-0.01570091310190037,0.004188660401850939,-0.02746726995334029,-0.009972474672831595,0.024975360371172428,-0.16666522227693348,-0.03016938961111009,0.0040268601197749375,-0.004344540704041719,-0.00229733164946083,0.0041699169902130965,0.004882173403166235,-0.0355791530944407,0.016665724269114435,0.006830667024478316,2.0,2.0
Gdi1,-0.11602743298979476,-0.07037165916059167,-0.031389641081914305,0.038729494102299214,-0.0033469024649821224,0.0,0.024504185626283287,0.01395816909498535,-0.02621059132507071,-0.0010663171438500285,0.0077386822598055,0.08437483757734299,0.1579904552793596,0.1127362388279289,-0.054532337877899406,0.06009894491173327,0.01125789862126112,0.02284985172562301,-0.0028608623892068864,-0.013734035368543118,0.046515033110044894,-0.0702424519136548,2.0,0.0
Zdhhc20,0.11056462516309694,-0.014125145858852193,-0.0037742730136960745,-0.024174967342987658,-0.005578721624333411,0.0,0.0206158297508955,-0.01389612362952903,0.006798087041825056,-0.012748853485099972,-0.060660492964088916,0.08354271221673117,0.14900040328735487,0.04590589002240449,0.005252699330449104,-0.03315923190675676,0.020159446618054064,-0.1442131284531206,-0.001547583076171577,0.001113589599262923,-0.14193287960253656,0.006519694495946169,2.0,2.0
4930419G24Rik,0.031182325067929922,0.07279765312559902,-0.04238134282641113,-0.0694644268322736,-0.013557850513607264,0.0,-0.03853251663967967,0.010889447230147198,-0.0017472182586789132,-0.038275533989071846,0.010892207641154528,-0.0844409508141689,-0.23463609146419911,-0.06211083753732964,-0.048660166803747414,-0.01864687962923199,-0.0032891603285679595,0.012097939942032098,-0.002949350420385599,-0.008051790874451398,-0.02482515685725957,-0.01740226848050952,0.0,0.0
Axin1,0.10643766213674098,-0.022124995458871127,-0.0328273403365165,-0.0377443293761462,-0.01076913190074265,0.0,0.03190440086647868,0.00879574591992423,0.005276388749480248,-0.0082853650348261,0.027770469607785345,0.02728474791161716,0.06061393010430038,-0.07392188301775604,0.14686359745450317,0.03412934681866318,0.012246571616269648,0.01894192491658032,0.007750227358192205,-0.0200458691874519,-0.0846628127247095,0.016377549646422268,2.0,2.0
Atp8a2,-0.3418892685556784,0.04252196068991907,-0.011093652029521762,-0.05611641912022605,-0.014221141810994596,0.0,-0.0927344138873741,-0.000640756266657263,0.004598276225733571,-0.019524171000812204,-0.005558217479847372,-0.06626104087335989,-0.0455102205905132,0.011093250603880733,-0.0947557168523781,0.01221175427082926,-0.00010927610099315644,-0.07527110125869513,-0.01167396129341796,0.002005275874398649,-0.15064122929237783,0.007142508418764919,2.0,2.0
Scaper,-0.3254606261709705,-0.07972928733564913,-0.038488369369879365,-0.047070426968857645,-0.014976123839151114,0.0,0.01470755563583225,-0.01410750627750531,0.0012979088095016777,-0.01563786541344598,0.051877420437522234,-0.12524115865584462,-0.049779501471202824,0.08306507520610466,0.17350285014137626,-0.012604443738237023,0.011182341068051755,0.0060576241742819545,-0.009646738842129708,-0.003836465431377292,0.002924428414553404,-0.03589399894699454,2.0,2.0
Spag6,0.08969376279972494,-0.005538005065172911,-0.0207455228921026,-0.04251720387255773,-0.011356940092518926,0.0,0.023336597103625536,-0.03570143429911696,0.005710358694195747,0.037425899570807816,-0.004320136494934559,0.027177032362669707,-0.17966375150717795,-0.03099486143910326,0.15802702529821544,0.032866395958699286,0.01131557946500834,0.006324283443391323,-0.0013525539706461132,0.028073894097469746,0.0713887646049261,0.010625488692894577,2.0,2.0
Tubb5,0.04722150249639526,-0.017214437737129627,0.013265079744160175,0.025451819826848805,-0.007183121321722865,0.0,-0.00784127350896597,0.009939254827331752,0.006613326724618673,-0.019792936448939143,-0.02427992522716522,-0.012644220555666835,-0.17425474408781155,-0.10688552056206391,-0.005657617249526083,0.0003920745896175504,0.014911474700202234,0.004667851608246565,-0.0013350895768962801,0.05500197096262127,0.020522210993804038,0.03484359625261277,0.0,0.0
Txn1,0.24701665292494,0.11133420696947724,-0.0024453413672745226,-0.008470614920370281,0.0026274567842483523,0.0,0.01739163270685822,0.05999280397081748,0.039221641044132415,-0.011154409975279122,-0.012197445463389158,0.09335711603984237,0.1771755897719413,0.008159215146924907,0.043806754540419206,0.022011066356208177,0.04254005124559626,0.014882321944460273,4.073919728398323e-05,-0.006644239921588451,0.200599180101417,0.0036419456551084295,1.0,1.0
Sidt2,0.23147975265514106,-0.041185896322131155,-0.005777083798311651,0.020347751011140645,0.0026274567842483523,0.0,0.012850759360007942,-0.02685558711644262,-0.18675442080479115,-0.011121163077186793,0.07118885220959782,0.069635214433074,0.15981369078159333,0.04393308359595721,0.0559105564042693,0.03789092313032597,-0.16809293336234987,-0.003812193865887821,-2.036958932876587e-05,-0.006946897853631526,0.16775645899120717,-0.03123024929780513,1.0,1.0
Cluh,0.2757436919119209,-0.021636407831683756,-0.005197756392881274,-0.010788025027140975,0.0026274567842483523,0.0,0.018593124276958407,0.1577245586598292,0.03371035063173622,0.06926030465401709,-0.016491923560388387,0.07368109240662307,-0.010475143366493285,-0.07532645449449774,-0.038832373530603946,0.08435115870554,-0.0065226933429948985,-0.01502595577854663,0.000603956407867372,-0.005024130169767886,0.14328649738337845,0.03964432563632727,1.0,1.0
Rabepk,0.11256972984876484,-0.05973577613942325,-0.006712938970886171,0.03536432784516364,0.006221312917768955,0.0,0.018028082409873605,-0.040880796392448245,0.021084398506209256,-0.017526531354524196,0.04763362509198487,-0.19959387347102164,0.11246331612113863,0.0022046876652166247,0.027750706458464267,0.019395019803196193,0.037520334261935205,0.02955824456643313,-0.002925630188547075,-0.011291623674333095,-0.2381776475533843,-0.024014539592899384,1.0,2.0
Ssh3,0.20291121729183942,-0.022836930728517474,0.05533212521113455,-0.00914782879408449,0.0016707158461213112,0.0,0.012409170302562415,0.035051927166059614,-0.042007280252873896,-0.011099740646313876,-0.011456668553873896,0.08642894874326884,0.19867466531693936,0.09484691476449371,0.04209651023615152,0.02125006660586223,0.04656277515925467,0.0019245362421497702,-0.0038548204442486167,-0.0033534852345474065,0.21444988291710615,0.11956481179688126,1.0,1.0
Vps18,0.2022478713374585,-0.023738715774379672,0.0473046960728243,-0.00914782879408449,0.0015177597105503083,0.0,0.015779811404645443,-0.04728526609716937,-0.11984606876969338,0.000260521040763706,-0.02447936180047691,0.07681900897994637,0.11754582364112139,0.08692737360484898,0.06259226121765096,-0.009771293206140398,-0.1927199260983616,-0.007040736461058259,-0.004479146441444755,-0.0033534852345474065,0.2333486222056672,0.13815495398594066,1.0,1.0
Bcl9l,0.11240486936643719,-0.012633762881159782,-0.0064674400864169,-0.025974746104329826,0.0026274567842483523,0.0,0.012544800364412367,-0.0777302442281507,0.026269367286004125,-0.032181226261891425,-0.07828800762072205,-0.08158029988408089,-0.2759110146202147,-0.08780395063936339,0.05766756334807724,-0.041803826871328054,-0.0021103865932673217,0.05136225474998355,-2.036958932876587e-05,-0.004187370196450502,0.11302933469414711,0.008054313152097165,1.0,2.0
Wdr43,0.07159734843997284,-0.012491692136973143,-0.0033000294398516416,0.07439837968442589,0.0026274567842483523,0.0,0.014673097049817443,-0.008648875891231,0.050695327105931935,0.045804598717950284,-0.016730432296171785,0.055791796585544944,-0.19608783458825202,-0.11146724148537032,0.03878708785399795,0.02387570107821375,0.0047029058742919004,-0.011590871554799377,0.000603956407867372,0.015360767066013067,0.10978206465020776,0.005584403816610575,1.0,1.0
Wdtc1,0.07861602140590548,-0.02032428593374789,-0.028316727383062245,-0.014536683685146273,0.0026274567842483523,0.0,0.01671134939417243,0.019621009388938546,0.02012410657480359,-0.01728314928011969,-0.016730432296171785,0.0923237046203576,0.16922292937524616,-0.048701873601539776,0.07366994118317961,0.029978901667054744,0.04440246921265498,0.06717371135018765,0.000603956407867372,-0.0055226255138404665,0.11910690202377737,0.053639766331762075,1.0,2.0
Wls,0.04043924840167165,0.028655098350718618,-0.021656630523502828,0.07686742883175611,0.0030654586479067804,0.0,0.019111089459620416,0.0378998896596022,0.04708634031470865,-0.004352525216527283,-0.016638509649783372,0.1157608771068044,0.1041878877999261,-0.012293548342295253,0.001970714343478903,0.012923801990691573,0.07053694121772423,0.03425430376781151,0.0026297063753008844,0.017512289257720113,-0.13513672755099834,-0.010330638722516597,1.0,1.0
Dnttip2,0.20897907291539014,0.1292392031243071,0.009455970944836736,-0.007567805047146976,0.0030781500972807407,0.0,0.01911670194938779,0.08968755769776181,0.03719853388145566,-0.019230359906796366,-0.010887740142643453,0.08400342773646116,0.17854260484222323,-0.026725099427376334,0.0492092282185331,-0.005004305636975914,0.019023136394098403,-0.0031427072873339056,0.000526326079852879,0.0022656216146424413,0.1763083541067317,-0.0930644251848571,1.0,1.0
Helq,0.055605539025273175,-0.04742882332764566,0.08227279382757842,-0.010135830692015589,0.0015177597105503083,0.0,0.01641428245231509,-0.024421754817012697,0.03625042588450014,-0.011379012636607512,0.07777232127264141,-0.16058353843865916,0.08744834961835295,0.07589979950037559,-0.11133193779969588,0.00539048268692568,0.009038712937617675,-0.009155962644144892,0.007717901640571654,-0.0048667746153660115,0.09541450350079686,-0.06438363827299326,1.0,1.0
Tbc1d13,0.13384511958807707,-0.01981488018296659,-0.010260726208798587,-0.009387309472076595,0.006221312917768955,0.0,0.026061715525574982,0.03973116927081719,0.036734854797832665,-0.010982512824703007,-0.016638509649783372,0.10289155889302493,0.13103261962998658,-0.005909569050618302,-0.06489069180563092,0.01625736497109756,0.04134773155863513,0.03277679808903486,-0.0011220217170193792,-0.013392425384372473,-0.12628450754098594,0.017669502205699246,1.0,1.0
Taf1b,0.08588451605290175,-0.009708706862293184,0.021501382272690536,-0.009689402687363326,0.006221312917768955,0.0,0.02818837879691273,-0.0417622018745169,0.05190088310744614,-0.021413748918566854,-0.05183783766813576,0.11975225807866081,0.15300886468263342,0.03454856826458126,0.06931001308374107,0.018485740567557515,0.031954452025238424,0.04029509161133319,-0.001885086838155985,-0.0144606295786798,-0.19592744028195738,-0.0059182696044445034,1.0,2.0
Clcn1,0.10041025437414647,0.026556642916984854,0.13542188612744213,-0.007537375944666564,0.002780412919819355,0.0,0.014364057793281973,0.031073939045891164,0.018327385424636303,0.02238817458623089,-0.017537986654788257,0.10343022392131389,0.14179314740467816,0.013444442672189326,-0.01812940986128524,0.013290249651763588,0.058584899559646145,0.04286901006475091,0.04304636066779494,-0.005730637849774211,-0.18966630280483515,-0.03545946500496939,1.0,1.0
Pxn,0.13722687104716896,-0.015438280571252107,-0.004997782944701612,-0.008905691313557326,0.0026274567842483523,0.0,0.012333852518349887,-0.07384690973442049,-0.22002291677519678,-0.01591926976805553,-0.14581183266825973,0.04972416516626254,0.1170544295804575,0.028157631649510222,0.060831938002374956,-0.0025198179064318538,-0.14621557433856652,-0.03234941294416785,-2.036958932876587e-05,-0.006946897853631526,0.25137479460798207,0.0250577022600919,1.0,2.0
Got2,0.15745184821775182,-0.037790606645867225,0.030015395269729198,0.091843964564614,0.0030781500972807407,0.0,-0.00010891477344557643,-0.07289043752942234,0.03687341104727238,-0.025806390214711428,0.03038656291551888,0.08068924862425775,-0.15108937366865574,-0.07175895178671453,0.06080318387132138,0.06557408213149757,0.008955902584420982,-0.03528044199105352,-0.0011996520636603236,-0.013383570215664805,0.02393684774637222,-0.018213921980932354,1.0,1.0
Mapk1ip1l,0.11234314294997602,-0.011582482303492726,-0.007125818612985313,0.05667311051860452,0.006221312917768955,0.0,0.021237752730958164,-0.07153091644286177,0.036734854797832665,-0.011482458505779504,-0.06629526757635176,0.11686791299842297,0.12946779540739953,0.0327969733485952,0.09067626286298036,0.016454403586685658,0.06386556912912056,0.05633768361061811,0.00311529325786978,-0.011291623674333095,-0.20850359803065657,0.07718734983121976,1.0,1.0
Wrnip1,0.2908016719180159,-0.04855911801569164,-0.005579312406480312,-0.011015045633539557,0.0030781500972807407,0.0,0.016719555067829787,0.1411562839569524,0.032560985363088546,-0.011797144175507129,-0.010318682906217872,0.08186252946266905,0.007018306478857994,0.04800775491564309,-0.041975504735019056,0.088160432332661,-0.0031761124366312286,-0.01746491753263399,4.073919728398323e-05,0.0016959126153960823,0.09549568949034437,-0.10666728399461135,1.0,1.0
Sgpl1,0.08190033107297495,-0.03713567048311234,0.010972495572641492,0.04283568642218597,0.0030781500972807407,0.0,0.01609250286826864,0.14656674508936704,0.03057510117534548,0.03651823632419109,-0.011787217147648334,-0.049120348929427564,-0.12970829989295452,-0.023531821111782848,0.05019623030908406,0.007321372688747943,0.009137550733576062,-0.0027428108151070774,0.000526326079852879,-0.0013128626300022005,0.07714727915357798,-0.08713955089915544,1.0,1.0
Actl6a,0.21512642064597456,-0.03938466059975326,0.0034925105702131986,-0.008346675741486252,0.0032311062328517436,0.0,0.01204752947203815,-0.029352494375780226,0.03376654136460275,-0.0041599301225505765,0.07118885220959782,0.10171790670603514,0.1566720751300454,0.026484767267729695,0.025047945422120393,0.023593679855111988,0.016587343355640768,0.004243514807894826,0.0007344347611069679,0.0019629636825993658,0.14430835892889263,-0.15633475164933772,1.0,1.0
Nptxr,0.1370193496160209,-0.013082180358469486,-0.02158967265393585,-0.00941309763584286,0.006221312917768955,0.0,0.010462532984092832,0.038633769825100896,0.015721043637022376,-0.019597426606342196,-0.011442873161286116,-0.2522563346847892,0.11687002110062167,-0.01985344979848378,0.0653500183369033,0.0010706584656145423,0.034123693550936876,0.01770040304865688,-0.0011220217170193792,-0.013392425384372473,-0.2433600911311805,0.04132277962473381,1.0,2.0
Atraid,0.015040281224064528,-0.01739175332710147,-0.006814287872985005,0.0034505933709442615,0.0026274567842483523,0.0,0.01033471898175776,-0.025704020929988473,-0.022885630154050887,-0.032181226261891425,-0.06090183184482157,-0.07622967971488834,-0.11684178744442761,-0.06173207589324193,-0.050634508059592916,-0.046330787516199054,0.008058975571766496,0.010267686164006591,0.004766129846684635,-0.004187370196450502,0.10513044289778918,0.03183196726255119,1.0,0.0
Etf1,0.07299670160282404,-0.011705330866388976,0.11848984526935964,-0.019047764418646692,0.0030781500972807407,0.0,0.022186708892695604,-0.059175055937375876,-0.10123708652798086,-0.046418499206192794,-0.057054169280454516,0.04992844086373225,-0.14565116852987559,-0.0654935543774809,0.05521741215139628,-0.0690376571752131,0.06117004662053659,-0.0029103844426572323,0.04353194755036384,0.0028624339401721955,0.01836727946065366,0.029261988596990706,1.0,2.0
Zmpste24,0.12316299331374467,-0.006500908927991986,-0.0220389010803774,-0.009043592582456768,0.007954748915508389,0.0,0.031680565029382705,-0.048525983667932454,0.05606005117297173,-0.016744036155287176,0.05865156857296824,0.12278553102863952,0.1758724118489772,0.06149299674667418,0.08904796674847602,0.03693360325414687,0.03777792902896181,0.03732928537297994,-0.001885086838155985,0.013264967035502196,-0.1912338785175234,0.062441639485768974,1.0,1.0
Cab39l,-0.29185903665144,0.03119273519143462,-0.03868960848078132,-0.034949615015648305,0.007628949182108044,0.0,0.029450286501087247,0.07060134337400087,0.026660305722616615,-0.009513817962724715,0.008073754534125328,0.08941248041344807,0.14467777288518846,0.0077151406330631285,0.07262338394299149,0.0036846941174007953,0.07813320841407403,0.03347830991493538,0.0026297063753008844,0.013781265765428543,-0.0967791224271059,-0.033911395734176036,1.0,2.0
Cyb561,0.20074584308080376,-0.013887088401243091,-0.010331171429716051,-0.0100750239379704,0.006221312917768955,0.0,0.02726320709567517,0.0041305786813609306,0.03552929879631847,0.06656873115338385,-0.01704705657903105,0.09937936948146671,0.0006461938889697194,-0.004886010326390533,0.0616877933498472,0.03343602910172194,0.039138603787869215,0.027003232238348572,-0.0011220217170193792,-0.014816697724163531,-0.151144964764826,0.013020557083200402,1.0,1.0
Btg3,0.10977685288526118,-0.044500783146359024,0.025094985500909387,-0.008346675741486252,0.0030781500972807407,0.0,0.018124718088656663,-0.07693238051608205,-0.12453491189517081,0.0008770629833452404,-0.13685454203747213,0.07201569044729694,0.13456516399048268,0.041112120881925875,0.09745235905051232,0.010551547245122493,0.043715766894165425,0.002060566646978259,0.000526326079852879,0.0019629636825993658,0.015318167442455888,-0.18564346395432949,1.0,2.0
Arf4,0.17705440058838576,-0.01521013026125729,-0.026374838319607078,-0.019047764418646692,0.007954748915508389,0.0,0.022765919934026897,-0.10968795450171456,0.001955801113508642,-0.03333591065369546,-0.05334819649346173,0.07251528241438791,-0.07261693612672389,-0.06593334996841804,0.06471478661522269,0.08005667411256581,0.05938448059605435,0.03503035264089704,0.003323401939123869,0.011876301597803831,-0.08308486612513662,0.017573314898181706,1.0,1.0
Ola1,-0.29613986536394804,-0.016696596960537137,-0.0839409091277048,-0.035245097144506875,0.0074252786580473185,0.0,0.02703008634969592,-0.027715355900581926,0.034018071703612804,-0.0077452900586649776,-0.03005918052047491,0.09907470191130414,0.13040117550175637,0.04301087231795463,0.0031136824865825473,-0.009781902551185339,0.038987229359918274,0.055285226434934887,0.00311529325786978,0.013621035180985928,-0.07083576562814414,0.011082162733655422,1.0,2.0
Rab40b,0.1921925683110021,-0.027479256293736397,0.028159172926098108,0.07143345403950661,0.0017257720604538917,0.0,0.012982275730464607,0.1640366836870089,0.050695327105931935,-0.018022802812047302,-0.014308409891091287,0.064106816414278,-0.11418309402186423,-0.06168046863726886,0.024376656705280764,0.10959749395027757,0.008065590202168096,-0.005472507912199945,-0.006144015798345209,-0.0023875929671339693,0.09963490928523243,0.0528257292627768,1.0,1.0
Col20a1,0.07807036937214434,-0.011733176736161113,0.09707128984387964,-0.008663065186701714,0.0026274567842483523,0.0,0.03041865732520819,-0.08334999988321215,0.05606005117297173,-0.021261448857840152,-0.07570855791680514,0.11099764418788255,0.15443043235689402,0.0638052870971478,0.08690159873105585,0.01746667060535401,0.03969075256027281,0.06379410450113937,-0.02907433461397886,-0.005641620808746666,-0.13433688719154815,0.02396280093353198,1.0,2.0
Pop7,-0.14916033400222659,-0.014685799842700362,-0.0055704734195023775,0.052179905343800785,0.0026274567842483523,0.0,0.009938227937091142,0.02039948559598997,-0.02550673469901085,-0.003481664957944304,0.053665726259350774,-0.1206310052704066,0.1172872443171218,-0.023973464899036116,-0.004708462723065168,0.03040095959790051,0.06595046714646742,0.012448450848460198,0.004766129846684635,-0.0034218238038010895,0.1471786908339709,0.11846041433513164,1.0,1.0
Snx19,0.13027377746067942,0.13824563346803187,0.009082147553563118,-0.007109193834476173,0.0030781500972807407,0.0,0.01594453379046172,-0.020485375644639134,-0.17897373587358742,0.02215858352254145,0.07118885220959782,0.05266003789380193,0.12838530904147774,0.01168627631549498,0.036748719035531396,0.026232543549267576,-0.18591192842461168,-0.005615847199223935,0.0007344347611069679,0.0019629636825993658,0.17017078578006475,-0.08085270971467252,1.0,1.0
Thumpd2,0.20770958136301487,-0.03938447072636336,0.006394024905748665,-0.007188917486928403,0.002780412919819355,0.0,0.009941457216627895,0.058967331869062035,-0.10372115068603308,0.02097374041681178,0.0541411336325109,0.07238245107932016,0.11839697554241865,-0.011864458171867227,0.05542031659686472,0.03618189219385386,-0.16569776681950316,-0.003722398541867733,0.00011836952529847622,-0.0055226255138404665,0.2208417495014146,-0.028301324511921848,1.0,1.0
Clta,0.25903081965167074,-0.045619423552416265,-0.003668355974368751,-0.011675813104957342,0.0026274567842483523,0.0,-0.0033920854469761254,-0.014986398969776929,-0.06381333040539175,-0.0015519654331728817,-0.13685454203747213,0.07181604206096381,0.08494344122707843,0.05200255569468027,0.11067177018150687,0.04299405052326619,0.04326354116201401,-0.007681357329711318,0.000526326079852879,-0.006946897853631526,0.10836134353652596,-0.03443233144469559,1.0,1.0
Car11,-0.039732862531673165,-0.015646009407937526,-0.007702046534977853,-0.026060694716870784,0.0026274567842483523,0.0,0.011835587830282747,-0.024759344439953566,-0.03602619030047208,-0.01474269232712686,-0.030434935353696346,-0.07232394337654113,-0.2630404711514711,-0.09513814687263221,0.021810855803778395,-0.03685241378378123,0.007368371758202557,-0.03404349670279771,0.019403106123209,-0.004187370196450502,0.10300305648706853,0.029284727848134934,1.0,0.0
Caly,0.21997047972865402,-0.02736026534345001,-0.01135374748148024,-0.014746383214369416,0.0026274567842483523,0.0,0.017259631776250898,-0.011086119613610208,-0.04831032334361225,0.10914763489738107,0.05203016933519393,0.05748907105764374,-0.20266089937184006,-0.10243064073321875,0.038064600322395566,-0.04636892639100552,0.04404138074736693,-0.017712947006803006,4.073919728398323e-05,-0.004187370196450502,0.1241631493344903,0.05854023979045451,1.0,1.0
Zfp236,0.014141736458986998,-0.015698520001024008,-0.011267922967672348,-0.015851263040676713,0.007954748915508389,0.0,0.024713731999509037,-0.09261592941125855,-0.09970193876419216,0.057307749041356146,-0.05334819649346173,0.0760905235284008,0.08380643150070682,-0.010101581278740923,0.03646398303564638,-0.018402903552632778,0.08490295686060563,0.058474863199517134,-0.002925630188547075,0.013621035180985928,-0.0719080305704847,0.032840942281764,1.0,2.0
Rnf168,0.180102167846635,-0.05508603873196989,0.0074021424632519485,-0.020686958692967893,-0.020904327183961867,0.0,0.007993503944016994,-0.09661747660720721,0.12042293186765164,-0.03599110918585211,-0.04224322598893195,0.06986724002985284,-0.14854342032456772,-0.023949026438158397,0.044981890860944986,-0.018921901740832255,0.07824141961755231,0.04935755704296753,-0.0001591087132692337,-0.002072578235529363,0.1835848802048713,-0.03000359018333256,1.0,2.0
Cmas,0.16902616476174445,0.01679146111011505,-0.010154078886844218,-0.009844745635055005,0.006221312917768955,0.0,0.0253986597340554,0.03396889931405894,-0.06470588469412178,-0.012538962259422987,0.029486438743770122,0.10420510203577578,0.16464257416082545,0.023287317838985473,-0.0019741596526000648,0.019810613167937845,0.06535514076196705,0.04437037268653512,0.00311529325786978,-0.013303408343344926,-0.2306512069189921,-0.020952153583057225,1.0,1.0
Emb,0.08749301842413842,-0.04892261791042984,0.014965514144860208,-0.008820588695816695,0.0030781500972807407,0.0,0.01911670194938779,-0.005578693626448512,0.05444410629570484,-0.020184615093749015,0.05545083895325661,0.09439249678282068,0.1577409975323826,-0.05470197348457986,0.06108455108478665,0.030007308351341636,0.009230194932315498,0.0030575469648465516,0.000526326079852879,0.002319031828083098,-0.003726615533232689,-0.1408132174727507,1.0,1.0
Gtf2ird2,0.13755993525031954,-0.016027161250822246,-0.010612952313385904,-0.008703861678950488,0.006221312917768955,0.0,0.02363387803081423,0.07100310647627339,0.05190088310744614,0.014111930170329287,-0.0009764962550252676,0.10184623744338751,0.13245163958054035,0.02549333311713781,-0.004927192910108715,0.029091537285130472,0.028936614375561477,0.054506693361327054,-0.0011220217170193792,-0.013392425384372473,-0.18285032061394305,0.020624712253938925,1.0,1.0
Ppp2r3c,0.18884858222678302,-0.04863504057284444,0.037956038326956335,0.04206459504319355,0.0015177597105503083,0.0,0.015638757704291493,0.12331909015774727,0.12578765593469143,-0.004727710010483861,-0.015592446648515761,0.08629786700475961,0.06584035228472203,-0.0103482365778018,0.06409567192022222,0.010675959949148819,-0.004237266941927374,-0.005912277959287167,-0.006144015798345209,-0.005561107390094549,0.23987278488464653,-0.00533518721582368,1.0,1.0
Gtpbp3,0.07231762127019464,-0.02705054575111717,0.048836446506902574,0.06796791466418654,0.0015177597105503083,0.0,0.012982275730464607,0.07895423066802323,0.03371035063173622,-0.034712737994268536,-0.014308409891091287,0.06646613718476146,-0.27637192045804115,-0.04499084296127876,0.03619890856556594,-0.04964390775654465,-0.01119019760750234,-0.03428553792415187,-0.0038548204442486167,0.0009015283989720047,0.11534568542847409,0.032269026017747816,1.0,1.0
Smarca1,0.06339491160120815,0.0912657566741109,0.018099493416957557,-0.008910644515417517,0.0026274567842483523,0.0,0.023010482210665942,0.05515574862947688,0.056930892542004584,-0.009738687213975937,-0.012197445463389158,0.10206865372834727,0.165173331014812,0.06612328190753942,0.0743548140116036,0.02624469993868843,0.005027830854523927,0.00119599393568933,0.000526326079852879,-0.005576035708654672,0.1508057144517079,-0.05065951788099483,1.0,2.0
Dse,-0.0284398092282936,0.1191380504053086,0.03193562248256057,0.017422601864673197,0.0030781500972807407,0.0,0.01034036923199892,-0.13176558822626247,-0.11984412963967771,-0.007518369316821918,-0.053167845336720344,-0.09263552782824264,0.07164855976356194,-0.07620716365355293,-0.06324753721884918,-0.0023376023583114146,-0.1613876206491841,-0.005059533598832786,0.000526326079852879,0.002319031828083098,0.09965179533697664,-0.09201001330686268,1.0,0.0
Olfm2,-0.02783789255656302,-0.020073138796724378,-0.06503309614490718,0.010057695056311787,0.007954748915508389,0.0,0.008532901178114116,-0.06087531382218003,-0.051158856651745736,-0.02105782402679324,-0.03448056623339653,-0.04064174856059253,-0.14233560011256485,-0.0591459963726993,-0.03833932016044855,0.029954625687096267,0.04747166809625924,0.03346994826104492,0.00311529325786978,0.01301571937277913,-0.0525946080358699,0.01031116877682507,1.0,2.0
Pcbp1,-0.035184189942665395,-0.023358836215920747,-0.005169009263627231,-0.026060694716870784,0.0026274567842483523,0.0,0.011614089631475508,0.013580204721074551,-0.03507022959645838,-0.05211518646916374,0.04138017642311752,-0.030973877974320205,-0.23292153263930232,-0.061605553785148,0.03809817118104547,-0.0440235884860158,0.037777901620138436,-0.04600833874428645,-0.0027340430952608585,-0.004187370196450502,0.028350301408208906,-0.022823776197619737,1.0,0.0
Hnmt,0.10974829466547817,0.01836397545877844,-0.010650962027721107,-0.01680244481191039,0.0063742690533399584,0.0,-0.009498394341208041,0.041775592346675695,0.03522570331115275,-0.01070834583020769,-0.022192075168713927,-0.278448218901176,-0.09058686789358035,-0.03153139526160885,-0.0006015554396435618,-0.009786589230643586,0.013452013922506011,-0.05049446326913312,-0.0011220217170193792,-0.013392425384372473,-0.2840588713018224,0.009221573825925589,1.0,2.0
Hnrnpab,-0.10006863483926282,-0.04232774395961315,-0.019038472231477498,0.08222071361262351,0.0026274567842483523,0.0,0.014315768210217357,0.07311776032671333,0.030328788026236,-0.034712737994268536,0.016280931537039578,0.07139074796577916,-0.14962629810441286,-0.0003389197446358594,-0.03122919093002565,-0.055188442044891414,-0.0012696131653501651,-0.03167077158112079,-0.015983628295361995,-0.0011785948392935097,0.05969226640183479,-0.03266278963536024,1.0,0.0
Asxl2,0.03272337454603985,-0.015905877123586834,-0.02076080262195319,0.01704161657486111,0.007954748915508389,0.0,0.023362374464049936,-0.0749755680351518,0.055788218546658754,-0.016173497925046833,-0.05183783766813576,0.12362771382788196,0.10775160725228489,0.06850537346630517,0.07647514666896313,-0.009407093646004797,0.05651851557428017,0.05658393155783415,0.00311529325786978,0.013621035180985928,-0.1032657143753022,0.02530305925058201,1.0,1.0
Topbp1,0.11093717676587403,-0.012573814569041133,-0.01112193951383233,-0.00977968720253557,0.006221312917768955,0.0,0.022446463212836533,0.03814818287268281,0.03625042588450014,-0.010965647803386673,-0.011442873161286116,-0.16775661351392046,0.12301683484576642,0.04166081280214712,-0.010591303864493966,0.02134222414693795,0.004792375811375677,0.02510561696719378,-0.0034112170711159706,-0.013392425384372473,-0.2721827041171491,-0.021704401520546524,1.0,2.0
Mrpl14,0.14137442013248802,-0.019114510747604074,-0.01976239092182368,0.08427545210812241,0.006221312917768955,0.0,0.014304490867070854,0.0616764503903687,0.031223564906977117,0.038103998536244035,0.051475036316551266,0.0721728884591721,-0.18819237390300259,-0.027526172681191383,0.054923939274158326,-0.03118070843629539,0.032063414121512326,0.007339789737015962,-0.0011220217170193792,-0.009048394709825516,-0.15876480023376643,0.027835876820154225,1.0,1.0
Mtmr9,0.20061283537652344,-0.039283163528889414,0.07144766786601395,-0.007072460972703993,0.0016707158461213112,0.0,0.011509519922547042,0.0077701488323509696,0.12162848786916584,0.015423079965403303,0.052754612639546394,0.09128848128020764,0.12077109369449318,0.015510701408393288,0.06119155681633856,0.0338058121688664,-0.0039005138026550414,0.06442902974784374,-0.0038548204442486167,-0.0033534852345474065,0.20828284944873304,-0.0009055675467243418,1.0,1.0
2900093K20Rik,-0.27300779631827027,-0.05319070664234459,-0.004689523288980126,0.0492566882527899,0.0026274567842483523,0.0,0.017564939740113913,-0.026167202568612994,0.034739239774644375,0.014564702247735112,-0.046277479389682415,0.06764311590231956,0.12419380419887602,0.06044018760720973,0.011536030061542989,-0.024620754757197574,0.0887136865593493,0.017510945959948003,-0.0027340430952608585,-0.0034218238038010895,0.04845428698696196,-0.05274628808256239,1.0,0.0
G2e3,0.13930776214692742,0.1114257411332801,-0.02542888721451163,-0.007806110675446689,0.007954748915508389,0.0,0.02922914918512106,0.03179972036741674,-0.08273180231451988,0.02545129692531191,0.04499536303337663,0.08313044283539056,0.11483818441163748,0.037737766042828295,0.0002235184924211353,0.0311952165258117,0.08115777373648597,0.04422205110546201,0.00311529325786978,0.013264967035502196,-0.12866101263090968,-0.017033653939142822,1.0,1.0
Kras,0.14162896853638812,-0.03877923964522779,0.04360444568563253,0.06620055890642107,0.0015177597105503083,0.0,0.010288097413722426,-0.1286390555719845,-0.07474470622371882,0.031046531242318452,-0.05279306347481907,-0.080744218879845,-0.12267121877055615,0.06386600094167988,0.040259080091491345,0.0593528443435207,-0.0707301521053887,-0.014831604626961052,-0.004479146441444755,0.017440890304278582,0.07920818132115529,-0.019346591024659573,1.0,2.0
Tet2,0.02507309610955417,0.04194267171435058,-0.019764797203242777,0.06950906104524619,0.06768870761618018,0.0,0.022209660345688463,0.01139710030751303,-0.07868018466047942,0.012516528535634279,0.054895705934613945,0.0983580148848705,0.1406706865830347,0.013961856369405723,0.08399942833930255,0.007135100879240781,0.08259872464695946,0.060903410422615704,0.0026297063753008844,0.0036083006439730524,-0.07576240641996264,-0.029225279295351358,1.0,1.0
Ikzf5,0.19413178328424693,-0.017332403166219593,0.021777714132331313,-0.0075185679853893815,0.0015177597105503083,0.0,0.020827736943028866,0.023967993720434608,0.001955801113508642,0.03228147143265232,0.056019896282814445,0.08771088655339554,0.03239127000793815,0.08449117189716163,0.13597034234553576,0.040104728578589856,0.10014775090385228,0.0025283764745108782,-0.006144015798345209,-0.0033534852345474065,0.2286614239215851,0.0484412787256133,1.0,1.0
Nmnat1,0.11742800337728113,-0.022514255796559156,0.1035567646054551,0.0800837463652715,0.002780412919819355,0.0,0.012583220524247736,0.029586330452002586,-0.04831032334361225,-0.006383124249987304,0.051475036316551266,0.07854836822953075,-0.01999753138050437,-0.02111326390580871,0.0267057129368186,-0.0025831224024295807,0.061652062090142866,0.04101672579767182,-0.028450008616782724,-0.0036298361397348344,-0.11083583788737997,0.015147292746241874,1.0,1.0
Srrd,-0.008371502629015594,-0.011587920794263483,-0.0056075676111504436,0.07176835290156305,0.0026274567842483523,0.0,0.015744957125280054,-0.018214886146597564,0.008343775807879865,0.04728569442406297,0.04174633589573205,0.07667093435535208,-0.20775572921615093,-0.0387610858901553,0.03321477688848972,-0.01947702375240624,0.05062462837668136,-0.016872568449471145,0.019403106123209,0.015360767066013067,0.11327548158820719,0.024348941813223064,1.0,0.0
Orc5,0.023554348917678,0.1417168989730999,-0.024745138324797154,-0.01876091683283448,0.040953782657161354,0.0,0.000367917122785002,-0.002876265917439014,0.030047816755250097,0.058711228875326926,0.044006273578852416,-0.21122683990048244,0.018058690398465842,-0.024581532629190404,0.005504326787777245,0.01074453302542679,0.021400412507355214,-0.005989938811399043,4.073919728398323e-05,0.001140295322984457,0.11373524486552924,-0.1176238818228012,1.0,2.0
Mvp,0.2241933103883639,-0.022214894904755055,-0.0047262150747701525,-0.01082079207058996,0.002168588377535343,0.0,-0.2057426963793114,-0.08230143460445107,-0.06730944280978292,-0.0033687799633480607,-0.03231622228398919,0.06728128126822412,0.17296627355739475,0.07786603531973924,0.10177218785509468,0.016376729593612253,0.08557233110070228,0.019319745996035635,-2.036958932876587e-05,-0.005433608472812921,0.21852780578657985,0.06124495326541364,1.0,1.0
Plcg1,0.04923266517929733,0.011321546267718077,-0.002878352543339133,-0.008061614851467312,0.0719241032935679,0.0,0.023222494623623788,-0.07563249130733311,0.047733705430291595,0.08283345313742757,-0.05334819649346173,0.09942323138471693,-0.10098585486412048,-0.014105579000897706,0.023900850480422377,0.02938822649419308,0.010101743601262569,0.03963370331097394,-0.0017463477142155171,0.002931771385483444,-0.09078687340021134,-0.05006463700439781,1.0,1.0
Tmem18,-0.026515834950841963,0.028122309572063388,-0.005933701894246041,0.040666986441938204,0.006221312917768955,0.0,0.02311361453961581,-0.00823989637196064,0.03462155267130584,0.016308553295675664,0.035579216610640285,0.1140005317190662,0.14671143249608576,0.004516135234862304,0.07852919520111755,0.018021332018543036,0.0716666587605141,0.038332101376727226,-0.001185619276948273,-0.017309174239635468,-0.16636555500794203,0.018486918448470533,1.0,0.0
Gm26953,0.12982097662752495,-0.016402676505967974,-0.006556413848884403,0.070394814806059,0.0026274567842483523,0.0,0.015748072473797947,-0.037710996025125496,-0.0028288517566397785,0.05080958675593138,0.037635154626332226,-0.07802254869835451,-0.16325651649851353,-0.08227830229734537,0.038064600322395566,-0.07711257108021527,0.03575356370783993,-0.01589830232318491,4.073919728398323e-05,0.015360767066013067,0.11808217652142047,0.05747013791464269,1.0,0.0
Tshz1,0.11155627173837274,-0.016744826221838593,0.15137460643658415,-0.008094420745037497,0.04061738191172481,0.0,0.013508490463718771,0.04828678935300559,-0.0796050569973886,-0.0009187880181707442,0.06072460269555449,0.08877977485768497,0.1316684229276143,0.057436484065246984,0.051199418707401495,0.006779102844884619,-0.14196424871683122,-0.022293129889294504,-0.0038548204442486167,-0.0024371092580258847,0.2036715096165426,0.061513479594141246,1.0,1.0
Pmpcb,0.30490836791461334,0.06085878234356642,-0.009065476125106215,-0.009239128772169352,0.0030781500972807407,0.0,0.013201265293173493,0.17032853009412066,0.09853921569418161,0.06940161612350494,-0.016730432296171785,0.06463926802622154,-0.1409539262857288,-0.04517651796263635,0.03760479299817234,-0.010565550826722756,-0.008076435232942459,-0.022701235311105846,4.073919728398323e-05,0.0016959126153960823,0.17303477606503292,0.03894676932366565,1.0,1.0
Ccdc151,0.17405157272238284,-0.017599214613437653,0.045995443323627115,0.07280699213501066,0.0015177597105503083,0.0,0.014421425005421042,0.13580663913860916,0.03371035063173622,-0.02056141366250813,-0.010887740142643453,0.07040650728857145,-0.16940395122859628,-0.08434894436504692,0.023088922867318614,-0.03590236586984247,-0.01872266103280708,0.06543957927264273,-0.0038548204442486167,-0.008142600927967578,0.16027006996329873,0.03963571097701788,1.0,1.0
Shank1,0.0010719936969690025,-0.023182963444851337,-0.005111699672415853,0.08912248675711452,0.0026274567842483523,0.0,0.009374666272196918,-0.03274449257645756,-0.04838827043306083,-0.007274792757816613,-0.01289890794083476,-0.06869365457096137,-0.13917111025191845,-0.09263374973554164,-0.0712973294139374,0.048393920469097795,0.010370316525513772,-0.01692236085422337,0.000603956407867372,-0.022293431751895697,0.08731913526542484,0.02602310333400965,1.0,2.0
Insig1,0.05229597446275875,-0.03769803132396191,0.006046101446263492,-0.021355056343600153,0.002780412919819355,0.0,0.007086424226872623,-0.08597204996272921,0.035486294231377544,0.0004998251423239708,-0.06428724008612335,-0.03999994101701304,-0.1818330048955977,0.005414818497565648,0.03068699922412634,0.014692703145556152,0.019803297975158785,-0.03458608297165483,-0.0001591087132692337,-0.004187370196450502,0.08821975601022132,-0.015996314021758735,1.0,0.0
Gria1,-0.16643348312936723,-0.012036759885959328,-0.02320737822446972,-0.037357245184248315,0.19314127104356885,0.0,-0.13289355164859443,-0.017284824629314244,-0.007220072937197983,0.04179164567496627,0.01661778083536774,-0.058185079568065706,-0.13014820256037637,-0.013758387581929129,-0.018699978119693695,-0.03395132496953011,0.04861473948985804,0.008458094401285053,0.0026297063753008844,0.004071189160458744,-0.014406306608580053,0.016948519428260624,1.0,0.0
Rab4b,0.20789437669329344,-0.028218729780055584,-0.005190553683787584,-0.008178841988556087,0.0026274567842483523,0.0,0.023730093110352755,0.08525446793530136,0.03999924605712295,0.018711068407865242,0.03606294974684715,0.10239225363358856,0.1887105925194919,0.08435055059380829,0.14104022722691298,0.023409860564861447,0.06703059837222099,0.014347378970123828,0.000603956407867372,-0.0055226255138404665,0.2532257127761841,0.13051941280253232,1.0,1.0
Pdap1,0.12562713427236305,-0.017908934205770492,0.012118757092393935,-0.012329229442402721,0.0026274567842483523,0.0,0.013255254593677818,0.10216898614540697,0.015151164042763413,-0.020507743903435766,-0.010887740142643453,-0.05064723499584943,-0.17482406075112522,-0.07329418683424592,0.054027436652686445,0.041454774308949706,0.014426432840991765,-0.020948217338882386,-0.0011996520636603236,-0.005024130169767886,0.1574666384747252,0.035565967580769214,1.0,1.0
Sra1,0.06018885698635131,-0.014671166832558811,-0.011391772450879216,0.02093792075291276,0.006221312917768955,0.0,0.02052931793499738,0.006955077771563083,-0.04622808261308819,-0.04264329538214952,-0.056656983029097316,0.08513750987127423,0.0025233842432498934,0.08312956199935798,0.08558251852868125,-0.036594969322904944,0.09615772057091818,0.014456429374404252,-0.0001450759172439575,-0.014816697724163531,-0.06909436058718711,-0.0010545572638511658,1.0,0.0
Sirt6,0.00583777941763401,-0.01992193360812962,-0.004827092750929296,-0.008862289781682194,0.0026274567842483523,0.0,0.015871432991698384,0.02135531900683418,0.03584007799159736,-0.00971518836217001,0.014783531315624715,0.09311247272416949,0.19763791986741125,0.06889555325731635,0.03645996362669393,0.014853083293419332,0.07889056308194994,0.01669098419137299,-0.0177096064388752,-0.0055226255138404665,0.22113502826541662,0.12713815262541175,1.0,1.0
2210016F16Rik,0.04911298665218055,-0.015541559681296349,-0.003517348999157548,0.054876217786222696,0.0026274567842483523,0.0,0.012172767571173608,0.00822002770844847,-0.14160635418724268,0.0027392573887482286,-0.07365216155536473,0.06078528848476708,0.12085994497872889,0.03007452939112227,0.0587600611144444,0.02145727088674903,-0.18821931714192033,0.06027589030563831,0.004766129846684635,-0.0034218238038010895,0.18904666612856091,0.04221179978631881,1.0,1.0
Ttc26,0.09872291236184537,0.06546711605973542,0.04639733785297721,-0.007249777815304697,0.0018787281960248947,0.0,0.009217559108510614,-0.09051794199738651,0.05438766935374588,-0.02489923519315198,-0.13302604299969972,0.0958865482895635,0.19326926179695875,0.0012252621625248139,0.035302873314358295,0.023545025032944977,-0.016621615279000253,0.0032687988318502903,0.007717901640571654,0.0008882333454675972,0.06666431896854191,0.0019523640349507331,1.0,2.0
Utp14b,0.30973593337694183,0.11394290405325591,-0.0013508915342390537,-0.015485971784219146,0.0026274567842483523,0.0,0.01471137932036072,0.19864446903578936,0.03371035063173622,-0.02628461139742285,-0.015592446648515761,0.060426352333743126,-0.0910368995834142,-0.040827752081486327,-0.030823317520553246,0.10494887129869312,-0.007983435672649648,-0.024437759306747468,4.073919728398323e-05,-0.00721394892083481,0.13672630655113607,0.012840956307481975,1.0,1.0
Gpr37,0.2448970275791362,0.10312619430944324,-0.014883746430277824,-0.009326215630862862,-0.07457494601607323,0.0,0.025568308769725264,-0.0050225759926252065,-0.004724374567158521,0.05608323093038052,0.054895705934613945,-0.06608896453166381,0.016163890473544596,0.024401790614920173,-0.015772037310525774,0.052317422260530294,0.047648308624775385,0.015979241016320884,0.0026297063753008844,0.004320436823181808,-0.12673614205792547,0.0015232912497594952,1.0,1.0
Zmat1,0.15675408493727447,0.1292392031243071,0.03567174900323153,-0.015862457039766013,0.002780412919819355,0.0,0.006528457379899919,0.1003259194176644,0.03662197024561465,-0.012935203955275937,-0.020945784524083137,-0.2511666604806669,0.046768864511977884,0.012099801210470105,0.08127249964512885,0.011259840194834397,-0.010571095631457866,-0.0041444499325007204,4.073919728398323e-05,-0.0055226255138404665,0.2419203976728022,-0.04010045502334833,1.0,2.0
Hist1h4d,-0.22784946074709297,0.13283931540790944,-0.009690682254731655,-0.013910650094039738,0.0032311062328517436,0.0,0.0005019843461923301,0.04315022020600736,0.019962672786787154,-0.012474172529764474,0.009643556904047728,-0.19070188308134675,0.04786284625763074,-0.00017941483044523921,-0.04345926605397835,-0.010281817853683605,0.03994029473280534,0.00359739834908396,-0.015983628295361995,0.0022656216146424413,0.14198833811562508,-0.06033813612535596,1.0,0.0
Cic,0.15474807545542718,-0.025915219043381513,-0.005126024335622787,-0.021589768566191197,0.0026274567842483523,0.0,0.017702773488126697,-0.10050754369935021,-0.028129683206789196,-0.04788795361295342,-0.03696946224663407,-0.05070559027371928,-0.271661908403039,0.12170634785667062,0.08691460702568293,-0.0628022853366565,0.05633183958940208,-0.046476512800436465,-0.0011996520636603236,-0.004187370196450502,0.2008162266900763,0.06396470740437507,1.0,2.0
Itsn1,-0.26248664611484857,-0.010760953123681248,-0.028486408316530286,-0.03552873109001666,0.007578234793618322,0.0,0.002637298994231969,-0.02413366741267964,0.02490349461324513,-0.011886666058562695,-0.03937343216501176,-0.21164985818089918,0.11166505777742713,0.009879476059631997,0.01564278971985914,0.006586606143973768,0.03937710491707549,0.04935042419470847,-0.0017463477142155171,0.013621035180985928,-0.10361962764058262,0.013716324169199651,1.0,2.0
Cdc42se2,0.009941197503358125,-0.022921138675883412,-0.0017512033693492413,0.044630469321273264,0.006221312917768955,0.0,0.002266325510572642,-0.06233207650715485,-0.06539418560918421,-0.02100777103099972,-0.05249545701313764,-0.2600017986539751,0.0893734441162087,0.01669286390164416,0.08861295457463711,0.0051308772305492314,0.06450414244551211,0.04335864163702354,-0.001885086838155985,-0.012911733444780112,-0.20149970572441817,0.02621877544794188,1.0,2.0
Scamp2,0.17188518051523716,-0.022047200608067214,-0.00660241465549916,-0.010510833845473825,0.0026274567842483523,0.0,0.00991288504563272,-0.09605576483299956,0.02491529700346291,-0.01388325220439583,-0.10132794607430697,-0.1508921512030065,0.173050021273084,-0.03605342226525863,0.12211724855005741,0.016516564645571635,0.03137815033784136,0.014575394783169032,-2.036958932876587e-05,-0.005433608472812921,0.19747954570222645,0.050819674017839135,1.0,2.0
Akr1a1,0.12847798562375828,-0.012840472138486802,-0.016628211457282306,0.06215308987069875,0.006221312917768955,0.0,0.01801911592949182,0.007212734350468963,0.03552929879631847,0.02415603673667647,-0.027935440577566625,0.09182961679296568,-0.0002701811818405986,0.01979742743540555,0.034753863336518406,-0.07503704049624503,0.03429478665770148,0.03333500981330872,0.0026297063753008844,-0.011291623674333095,-0.18056026487145574,-0.025304919951595367,1.0,1.0
Tulp3,0.12268428264185786,-0.0216578582348302,0.017768424516543747,-0.010260029579512775,-0.014260426349937915,0.0,0.009879298252053558,-0.04948247148888186,-0.18897786948364229,-0.004725009290268645,-0.02447936180047691,-0.11224455018993468,0.09677496044198051,0.04128306352277832,0.059792328521725724,-0.003326999768614769,-0.13077558673685416,0.05186325886286795,-0.004479146441444755,-0.003861381597816944,0.26926009679213164,0.07935978154720033,1.0,2.0
Egln1,0.0665508551383391,-0.007969723870046437,-0.0014518688805401326,-0.030344164380803704,0.006221312917768955,0.0,-0.12200443329755217,-0.04337592157768086,0.031420192420482634,-0.009890438732691109,-0.03835657401476055,-0.04800359422108159,-0.10807227842276916,0.004927688431926072,0.06772009642794728,0.0007076502637937666,0.01084675090154633,0.03099715496879071,-0.001885086838155985,-0.012057170066982507,-0.14841029955539853,-0.023847515070810912,1.0,2.0
Rrnad1,0.09378212320618332,-0.02568003168795258,0.05104648113716394,0.06620055890642107,0.0015177597105503083,0.0,0.01609250286826864,-0.019103175923228265,0.025544135137461125,0.0634942718502134,0.05545083895325661,-0.07704441086389124,-0.22861786028835923,-0.0502379518466023,0.06693062309175729,-0.025264859842136504,0.02184270107187331,-0.030198185767512768,0.007232314758002758,0.017440890304278582,0.05103342786431313,-0.027851709454334923,1.0,0.0
Pdia5,0.11905703198164702,-0.023384892898611724,-0.02848539687227458,-0.01517097835894674,0.0026192816905677317,0.0,-0.17234371349681168,0.08965157445752993,-0.053979287846013906,-0.00514206136809662,0.04388760437723249,0.07670264444546775,0.07098951576044783,0.04286498955624665,-0.07937110917642713,0.0028024969378020615,-0.14662950176279993,-0.0059480694984085855,0.000603956407867372,0.0024792624125257135,0.20221916054795655,0.03804783408064395,1.0,1.0
Dnajc14,0.17482948906254023,-0.04813850577920675,-0.0016677306545898319,0.049799571894109246,0.0030781500972807407,0.0,0.017148824739269913,-0.06829390457831323,0.03792570943012834,-0.022684743511490524,0.06440233808010816,0.08879462885670364,0.1439624266885221,-0.030848242708698306,0.053149925678735596,0.018122728541493417,0.010642217327840627,-0.0020777328964322805,0.000526326079852879,-0.0005295128328725695,0.017872785534709692,-0.1942966756038368,1.0,1.0
Gm13481,-0.2825516950851306,-0.016370960311032832,-0.03521555998362601,-0.03803108945023268,0.007578234793618322,0.0,0.007633281573653221,-0.0035090609663166105,0.02498133294750005,-0.0073715983133297415,0.0021079287212342024,-0.1505516404658556,0.036545601261314,-0.007707073574874812,0.07329216766171158,0.00794410914531909,0.049546016952954235,0.029711177167482675,0.0026297063753008844,0.013621035180985928,-0.03749801394063979,-0.05927801728947088,1.0,2.0
Arid2,-0.24498784543713556,-0.019294863785617053,-0.020957003980875015,-0.04397337993606925,0.006966410251334309,0.0,-0.21232902384828775,-0.03436338368337601,0.029678070237860083,-0.012642562410328538,-0.024841291229240597,0.06564049264532514,0.09764386500231921,-0.022006993864215472,-0.04442763929255307,-0.0056963078491389756,0.043683755915408254,0.030707548905629666,-0.002925630188547075,0.013621035180985928,-0.031878898036666214,0.02996589778456837,1.0,2.0
Gpsm1,0.12247894474305213,-0.041961683291010556,0.02689938639290631,0.04926358717959374,0.0015177597105503083,0.0,0.019997855527326466,0.06835776538355276,0.05190088310744614,-0.005964440540410578,-0.015618115211836994,0.07827518781647086,0.03608533139340579,0.009612016239543664,-0.1460752711025998,0.005653415520209819,0.024023622065433303,0.04869906672975048,-0.0038548204442486167,-0.0026057422463782133,0.10789085919037461,0.05403999142115936,1.0,1.0
Rnf44,0.1196405050973408,-0.03996306886896491,-0.004540791721083224,0.06414575583767146,0.0026274567842483523,0.0,0.011564026842825115,-0.03297825208399445,0.028407309136819093,-0.006810748543357476,0.015507936817593873,-0.08641752257244661,-0.12562849851325153,0.079321680755138,-0.05950696956599131,-0.07343980225152336,0.012309130202047526,-0.023195009760092943,0.000526326079852879,-0.022293431751895697,0.07877298273611814,-0.06292077501944732,1.0,0.0
Lrp6,-0.2768007512250915,-0.013118861033581198,-0.02776632920373231,-0.035245097144506875,0.007083200598135591,0.0,0.02283974745310843,-0.03286314149852842,-0.14841544310562313,-0.006058934342581779,-0.026208844436332583,0.06004776739282534,0.07519865753129125,0.03913807665929198,0.014885496425558814,-0.010288231121376158,-0.19293715307256207,0.04728301048511639,-0.0017463477142155171,0.013621035180985928,-0.17375361097976566,0.015732721309177577,1.0,2.0
Gm21781,0.0680917562590912,0.03197970822453499,-0.006502021877095103,-0.01012769122608006,0.002780412919819355,0.0,0.009288731622509658,-0.047779103948269036,0.034634521990083156,0.06587153175380081,-0.08394177029840648,0.07551036831457168,0.022914870092645288,-0.08144526355740708,0.004455780452117324,-0.02407505962997675,0.029374886620789766,0.002911636345088482,0.004766129846684635,-0.005433608472812921,0.1561858961870894,0.005051293871365488,1.0,1.0
Dlk2,0.048788186188321564,-0.014962850213050842,0.05835009897127748,-0.008574137091636657,0.0015177597105503083,0.0,0.0167055900208652,-0.018712722565978765,-0.08721562922000885,-0.020461872816085816,0.04786302869208157,0.06646882785251364,0.14417597402352839,-0.05718952763337257,0.0873188697034493,-0.006202991134487092,0.02727843995206058,-0.0043442841805517675,0.00030735299456864597,-0.0033534852345474065,0.12850132445804774,0.07501393225998072,1.0,1.0
B130034C11Rik,0.1735854534804821,-0.04645036881789565,0.06133547296747565,-0.008647194374352693,0.0015177597105503083,0.0,0.016187771721743047,0.01926595245487988,0.031087773977778854,0.08353786488063633,-0.016730432296171785,0.07598785486537964,0.03582786722574383,-0.05236212445811361,0.08333982564508916,-0.01749979143263772,0.06818808740936219,0.003756987964734435,0.007232314758002758,-0.0048667746153660115,0.09167334304191171,-0.10079479509593511,1.0,1.0
Arsk,0.005364980788435787,0.008083981610834599,0.11149853020906449,0.07669877467211336,0.0032311062328517436,0.0,-0.0011706626252271236,0.0065995958546409385,-0.06352409398648888,0.0579655399103649,0.0002860387647524476,-0.2124534855154343,-0.07817851066123695,0.005326100567599496,-0.06096545004402287,0.003624746985733509,0.0723231456578651,0.037581506150308995,0.04304636066779494,0.0017586228623986244,-0.08543503865133971,-0.013555900596547871,1.0,1.0
Iqgap2,-0.103304458768107,-0.017198258698917925,-0.03275406399741769,0.21716637706384062,-0.07520214453339577,0.0,-0.07661516502033919,-0.007741375854238868,-0.007220072937197983,0.0002681915857829154,-0.0067214289453113455,-0.0413174274074845,-0.08270922005176544,-0.02052942795564377,-0.05645658431574702,-0.0016610129293985665,-0.030213637330452913,0.0037053176108747723,0.001533146663568914,0.0007775594433769583,-0.07146006345748901,-0.021297816247679294,1.0,0.0
Txlng,0.08645160431740806,-0.029431387605145572,0.061103973146528004,-0.012775079496204853,0.0010588913038372992,0.0,-0.15945184335112572,0.18952050392981618,0.0324591094488278,0.0007917739637196064,-0.020906392000615597,-0.0626580438495148,-0.1246820799447596,0.006605013303242231,0.009837629813700914,0.03341631583403796,-0.012997141777013894,-0.002319808383472264,0.007232314758002758,-0.002944006931502372,0.10196481164079159,-0.06439710252969234,1.0,2.0
Yipf1,0.13603821085300297,0.0396517693111673,0.01999058141373098,-0.011540724206715822,0.002168588377535343,0.0,-0.10556869590654969,0.0362838340527378,-0.054041497111320495,0.011006623834255151,0.001967162969522178,-0.12482871479587629,0.12953600912936963,-0.020418340496253223,0.042569890478625895,0.012912706191418693,0.045520124475006016,-0.027248113150708377,0.00011836952529847622,-0.005433608472812921,0.28077936307992785,0.06889405064750463,1.0,2.0
Xrcc5,-0.0046791469119489195,0.124791194293648,-0.019612798863090575,0.03345259034307674,0.0026192816905677317,0.0,-0.13941727289231495,-0.11930334739852697,0.07720624917186797,-0.007945877802558243,-0.0608413794497028,0.08370586379664019,0.10333245342597365,-0.032171163855337,0.018051414215005935,0.003934905463829637,-0.11261104554636404,-0.0059649953478947285,0.000526326079852879,0.0012508275033906102,0.108761759060435,-0.18054410015174654,1.0,2.0
A530017D24Rik,-0.20926324877887964,-0.022449114765040575,0.027931188936345278,-0.00808224427048117,0.0015177597105503083,0.0,0.015370657024905086,-0.0515108284773305,-0.15319007272832097,0.019122161063132807,-0.06949058153666555,0.051543786646798255,0.11551479966612532,0.03871606048128342,0.04779219076037407,0.020966149871237575,-0.2382796620670706,-2.8385031037032604e-05,0.00030735299456864597,-0.0033534852345474065,0.11097915872000158,-0.021335200965913827,1.0,0.0
Stag2,-0.3307071384321898,0.1407067182427272,-0.04252386381849647,-0.03468878977000713,0.002752350363880396,0.0,0.01911670194938779,0.08942304726457223,0.027163951974362135,-0.019026832054369152,0.014240873819217086,0.02906197209842503,0.18121090981177987,-0.05399668415989254,0.06452724167495034,-0.005446410004515201,0.07687449390999973,0.015247683541529113,4.073919728398323e-05,0.0024792624125257135,0.08886144349351525,-0.08603123934241012,1.0,2.0
Nup107,0.06510295710526406,0.07331523125525564,0.03613451750017702,-0.006266248817555606,0.0015177597105503083,0.0,0.01594453379046172,0.06432336999801919,-0.20893950649071485,0.01920117572066374,-0.017801628881134093,0.05140648640925065,0.06765509509481489,-0.04348084484062383,-0.1107306207093643,-0.016962321578757836,-0.16673593749001156,-0.008986094505526126,-0.0038548204442486167,-0.0034425022755749522,0.15565568843856453,-0.02079159303102642,1.0,2.0
Kri1,0.16450115462997927,-0.05107402285095304,-0.0038148274971172213,0.07645738631486892,0.0026274567842483523,0.0,0.004041570730041712,-0.08196238020900637,-0.1586412224196829,-0.007827320819487796,0.017372000496834517,-0.062175807009916755,-0.056053675789153205,0.06810161189806423,-0.040297566694789566,0.030543040969641878,-0.14198375758569454,-0.02096893890062347,-2.036958932876587e-05,-0.022293431751895697,0.14262684711487963,-0.06645195702840283,1.0,1.0
Raver2,0.04025799620896578,-0.01729697247967124,-0.03186165004502982,-0.024249111032113434,0.007954748915508389,0.0,-0.05895077377092093,-0.09871728371130302,0.018656977186910808,0.05297692553140223,-0.05334819649346173,0.09094046162208543,-0.03204697535373271,-0.02942799062702761,-0.05118866224773228,-0.003970371033065021,0.07624021558323875,0.04243138700257987,0.00311529325786978,0.013621035180985928,-0.06079772007651627,0.025834375077392904,1.0,1.0
Dcaf15,0.10386306023225188,-0.05973577613942325,0.0640803987486288,0.05806715227663517,0.0026274567842483523,0.0,0.02224952739663422,-0.05087274917750619,-0.08607170751318335,-0.014436896429397167,0.02678594758734107,0.0913143335096538,0.1308157311473042,0.04426339662963073,0.09152867504395544,0.017184114404954015,0.09914891619002447,0.03911348553840071,-0.03025361708831042,-0.0036298361397348344,-0.16726843480349998,0.015490194046888063,1.0,1.0
Plcl1,-0.31081115410430354,-0.016711390791460872,-0.03666764460504055,-0.03804403539281338,0.007083200598135591,0.0,0.020542846638709308,0.0008289366099052131,0.026006055520847438,-0.0073715983133297415,0.03060570585541427,-0.1546754465554841,0.08992018145509065,0.00492933883519072,0.07043741645291447,0.012354097719071432,-0.06793978051515297,0.027228538303170353,0.0026297063753008844,0.013621035180985928,-0.04158208997454494,-0.07007839549798518,1.0,2.0
Smc1a,0.09502948818262666,-0.036300572445616124,0.04658025581389666,0.0323336998000741,0.0016707158461213112,0.0,-0.0023889233358204364,0.05293034016154707,0.03559724767226726,-0.007619170667603612,-0.017751010982319713,-0.25455499917967245,-0.09061669870046898,-0.004187439853076284,0.09366318179294467,0.012679672457743436,-0.01708448481746018,-0.008686149942222983,0.007232314758002758,-0.0026057422463782133,0.17527233364759012,-0.08945154289533093,1.0,2.0
Eepd1,-0.293548592873849,-0.013737258031032979,-0.03928850434720516,-0.03615119751892053,0.007083200598135591,0.0,0.025593102141283453,-0.012052126673515885,0.055755491978488864,0.03901690314058214,0.030580741055309772,0.030520684835501015,-0.061314144032076,-0.016706813531945953,-0.01496430017054081,-0.05171434237854555,-0.17667443504557012,0.03545160331297666,0.0026297063753008844,0.01301571937277913,-0.04147075859829783,-0.07453457031399012,1.0,0.0
Tcf3,0.2644915591459721,-0.024298200123012065,-0.0003772281575948,-0.009077588464133441,0.0026274567842483523,0.0,0.014556306600570678,0.03006230402737856,-0.18675442080479115,-0.006279431313741952,-0.08183904575183988,0.06729091682936997,0.09140941842924803,0.06326377172954381,0.08819690937176347,0.0012402135028969496,-0.18959705527871848,0.05768061454407871,0.000603956407867372,-0.006946897853631526,0.2527527861483395,0.12249911346007139,1.0,1.0
Snrpd2,-0.07509353178553284,-0.027867014654912054,-0.010286152176558972,-0.012563941664993764,0.0026274567842483523,0.0,0.0161347051942721,0.1189951855596155,-0.02719136418309063,-0.02973265413194895,-0.004909705389291048,-0.04666288495063782,-0.27565210056491196,0.06995976881521529,0.07545791218057275,-0.050587391182780266,0.09159410056658089,-0.03467376962536946,-0.015983628295361995,-0.005024130169767886,0.12894525410141797,-0.04322905199187517,1.0,0.0
Kdelr2,0.17379518460016696,-0.02101429404690862,0.08159804351627827,-0.007772984039038419,0.0016707158461213112,0.0,0.010826560473069548,0.01840648610610515,0.12578765593469143,-0.01035946825053543,-0.03851940365508199,0.0840496640605852,0.16654817337170244,-0.041866576061156596,0.07554540841840207,0.027516128332354128,0.007479330473579467,0.06500097153708338,-0.0038548204442486167,-0.0048667746153660115,0.20548607223201543,0.07002613964956254,1.0,1.0
Etfdh,0.22507727616466583,-0.05824135141447186,-0.006673762239515781,-0.009464055709540843,0.0030781500972807407,0.0,0.01560661784838885,-0.02795220986707136,0.1030701645789668,0.062425593989901246,-0.011787217147648334,0.07714415206573903,0.011183110335841774,-0.06070085518508676,0.07312048842199147,-0.00522425513365306,-0.08174729565158487,-0.012915379563346506,4.073919728398323e-05,0.0019629636825993658,0.08059574756771326,-0.2402845024969429,1.0,1.0
Rxfp1,0.046813225676305595,-0.014180507771670818,-0.03214020393788815,-0.017552885743789375,0.007954748915508389,0.0,0.020542846638709308,0.03603435510303825,0.034634481007233264,-0.01012683299719356,-0.016638509649783372,-0.23003355198539793,0.10792391897644847,0.0034396927659508946,0.08629438744857908,0.0243563261104282,0.05283651629928499,0.03762169301509857,0.0026297063753008844,0.013781265765428543,-0.14737342727370562,0.026677946890704334,1.0,2.0
Kcnh2,0.09986944409552961,-0.012089955597184598,-0.016004343684762716,0.06198119272012263,0.006221312917768955,0.0,0.019316573445685208,-0.07744789625983685,0.050695327105931935,-0.014971389787970111,-0.0790810572449118,0.10922143659554422,-0.012568524617236107,0.04869321427308023,0.08067094321362674,-0.010514458394609391,0.026640316490083932,0.06604884687578305,-0.0017463477142155171,-0.011291623674333095,-0.24422362737357617,-0.009055650848895312,1.0,2.0
Tmem216,0.16823509274050594,-0.0370830546785146,-0.0002433237386867404,0.020563049693591892,0.0026274567842483523,0.0,0.018001579768024384,0.06990198747720569,0.043380809109658004,-0.008037485217209905,-0.015618115211836994,0.10275770404376089,0.08290293167345225,0.09366760576609522,-0.16350884257233703,-0.012403603421989828,0.014558287932886741,0.03434238239191473,-0.0016852389462292195,-0.0055226255138404665,0.1802808437938802,0.11310814504045993,1.0,1.0
Agap2,0.2625411851750687,-0.03153788889758289,0.08772432463709265,-0.015294171795248985,0.0015177597105503083,0.0,0.014240940385498106,0.19006881600711495,-0.057145149507559834,-0.032024596771225336,0.050746132540516554,0.043663658464793115,-0.13791113674640657,-0.016315214517335336,0.02963984332513064,0.10429563106037676,0.030790280920919032,-0.02156671430915594,0.007232314758002758,-0.002944006931502372,0.06301338363904506,-0.011119561681989581,2.0,1.0
Xpo7,-0.2914821691997349,-0.042546436320990325,-0.027647589100524783,-0.036418885703897105,0.00254867983981967,0.0,-0.11503617656882853,-0.015762002575211227,0.028050569663755597,0.04570131228072569,-0.00597365309484303,0.052602293440140786,-0.07409245289163664,-0.03990317875791334,-0.07795180436689407,-0.022255332376807928,0.01047406884827069,0.0028186807216115995,-0.0002469238452613354,0.0017137160198763012,-0.01751824965234846,-0.0817907414585352,2.0,0.0
Hecw1,-0.18685961242299526,0.03041982646100223,-0.015230472972616553,0.20775629577459767,0.11477652573958039,0.0,0.003400563709437847,0.009254703738261014,0.02068017412442714,-0.009809476253576577,-0.004537984005291946,-0.1682513392646797,0.03330693697556853,0.01135084962252222,0.07104323309846222,0.003661563036730513,0.0494327469682321,0.027955730576068163,0.0026297063753008844,0.0036083006439730524,-0.11989760980242864,-0.046594754040706905,2.0,2.0
Strip2,0.10245967739960178,0.06553033020347357,0.010939662405289709,-0.014755059061571955,0.0030781500972807407,0.0,0.01603928170632571,0.2043558305199258,0.08557426590006799,-0.005309757119975984,-0.015592446648515761,0.04266990389674902,-0.1190882543940097,-0.04720221913866226,-0.022995016984641552,0.023081871632020922,-0.0662641351725324,-0.0011273178923875095,0.000526326079852879,0.0016959126153960823,0.1603614810644649,-0.13550793930189683,0.0,0.0
Cdk7,0.24615349147003143,0.1763131792563945,-0.0069811678724363445,-0.00858065183274448,0.0030781500972807407,0.0,0.012150210388936102,-0.12428368383320049,-0.08709553163964301,0.019425003022770396,-0.05279306347481907,-0.049678100221790374,0.07967232489376329,-0.006762731115550195,0.041742023257538674,0.018321453984826805,-0.1773003321676515,-0.0009302032832056284,0.000526326079852879,0.0019629636825993658,0.16720497621688993,-0.11574643032101449,2.0,1.0
Ywhag,0.2134335805545561,-0.045482302396558226,0.01856241249013692,0.09067282835487277,0.0026274567842483523,0.0,0.009152340816799552,-0.09109242715872824,0.11133254501502961,-0.005097623750334606,-0.005893294671550393,-0.09569151030154899,-0.005094890655018389,-0.052253015745181985,-0.06946969569369685,0.0624529076134786,0.009715649552235845,0.047351758545264605,-2.036958932876587e-05,0.015360767066013067,0.15136954345973208,-0.04392253723926842,0.0,1.0
Traf3ip2,0.0965446312725544,0.0442023157980293,-0.04073968858458102,-0.009043592582456768,-0.07442198988050222,0.0,0.02047323880251497,-0.06177069004741497,0.051972683928906915,-0.0037926629348658024,-0.06345454053021968,0.12547392502427102,0.17124603420495987,0.014845359471637494,-0.04637702421285212,0.030591429311316462,0.047039151357021185,0.0425447591021657,0.003323401939123869,0.004320436823181808,-0.18657391509506852,-0.05250227300915867,0.0,2.0
Aars,0.07044277521781624,-0.019789046165533362,0.1328086588019505,0.04981772704049945,0.0026274567842483523,0.0,0.021166411554440857,-0.06989849499543198,0.04089402286335826,-0.005515100709162652,-0.02673863461241126,0.1285773451719433,0.12635803029872478,0.022301590544648208,0.028844422986730935,-0.016023417462129146,0.062301671449095014,0.037964771986007693,0.04353194755036384,-0.0036298361397348344,-0.09293007282540203,0.028686602655798196,2.0,1.0
Sec16a,0.14863699803128838,-0.007233355874195695,0.06384768876247109,-0.02594075022265315,0.0026274567842483523,0.0,0.01835620343219489,-0.03300597756402567,0.05203943935688585,-0.0328377017728053,0.057513388823717836,0.07535776160890237,-0.10563601435860619,-0.0580025907325944,-0.03769219806417823,0.06429204848594963,0.01581576724303886,0.009220715682022273,-0.02907433461397886,-0.004395382532384247,-0.0734482689041306,-0.001677870268922561,2.0,2.0
Dnmt3a,-0.14648744203848765,-0.01703702746424824,0.151902188048698,0.133619314734824,0.0023341612331569195,0.0,-0.1821863663941622,-0.0062428306974470615,-0.0007443348038941622,-0.0038472655857913194,-0.02048863417468965,0.07917024080874398,0.09747924302238971,0.02295500804159019,0.023502966058440506,-0.005264826694037765,0.08515274619916453,0.03163567822659388,-0.03025361708831042,0.004607167523354292,-0.047292786207981406,0.026897684279829262,2.0,1.0
Rspo2,-0.14668657164555043,0.037335776994004845,0.39463517784141006,-0.017023893427103757,0.0018787494208663703,0.0,0.020094531923532485,0.029399891251232477,0.02170489669777453,0.009544134071911686,0.037189174918457864,-0.17707253769272938,0.10175382393877953,0.005790262743375934,-0.0025970233621774243,0.004067989027826116,0.0486799565074034,0.025065156472846864,0.04304636066779494,0.007207853915169835,-0.06295361862517894,-0.03633091958705336,2.0,2.0
Gramd1a,0.2785960605321452,-0.030288105425424875,-0.011756677608937026,-0.009782080037984997,0.0026274567842483523,0.0,0.01815395241137594,0.09747297291876748,0.03801608504261821,0.030181843757163734,-0.012325428947806359,0.06703489294974134,-0.005005294308066368,0.043068780514286115,-0.08028078466537408,0.08648978857323528,0.008679602483753115,0.018629700909368694,0.000603956407867372,-0.005024130169767886,0.1441132757649757,0.043057225611992184,2.0,1.0
Setdb1,0.15595755698625,0.03882066200021654,-0.005636236160062254,-0.00881315699312836,0.0026274567842483523,0.0,0.01907961441203952,-0.07880576205439865,-0.08273180231451988,0.019728954596212135,-0.147108690822497,0.08094519405625761,0.18111982664093376,0.04723021076700206,0.026799885255750267,0.021583439267706128,0.04597281361930072,0.06510198099073022,-2.036958932876587e-05,-0.005433608472812921,0.16221964296419172,-0.019940251908847132,2.0,2.0
Elavl2,-0.3344034736067988,-0.01690177632495761,-0.044153977241367104,-0.03459487855900079,0.007578234793618322,0.0,0.023838875386863946,-0.0016064616409130394,0.034018071703612804,0.012388335777213797,0.03649525861255824,0.09201325786067173,0.13693207409698516,-0.00413290634563964,-0.032647542194463315,0.010161982143763452,0.022555638609919697,0.055134675255976616,0.0026297063753008844,0.013621035180985928,-0.02933742978144437,-0.03466229510260746,2.0,2.0
Brd8,0.23352650059387087,-0.04883752033114433,-0.004846480507403612,0.049627674743533134,0.0030781500972807407,0.0,0.01622235279995948,0.0036026097740978003,0.12578765593469143,-0.005126136927865446,0.0541411336325109,0.09933986203745007,0.09827791572082788,0.06313027781133314,0.049294420991209335,-0.004617050626548007,-0.01712181779090315,0.007552871268708259,4.073919728398323e-05,-0.0005295128328725695,0.22446723460197063,-0.0885751674259518,2.0,1.0
Cecr2,0.03223939241375774,-0.009639682522974908,-0.0010107455030083656,0.05188022848917171,0.006221312917768955,0.0,0.014686462683603168,-0.05852288595866412,0.034634481007233264,-0.03055441624019295,-0.06601145991124213,-0.1438589509832673,0.09847981490427628,-0.020349020645953717,0.04907952898181975,0.025395536343567074,0.02002216088352725,0.05139819017844274,-0.001885086838155985,-0.015528833903372287,-0.15529573143459857,-0.019924154754262416,2.0,2.0
Tuba4a,-0.10027443021303042,-0.015151692908257247,0.04054592890664935,0.10139676032587885,-0.014260426349937915,0.0,0.013329821473453194,-0.030686701349914074,0.021238401173613964,-0.0008917680755257607,0.04174633589573205,-0.07726531297434121,-0.23642461748328059,-0.07892814860190811,0.050562411886639895,-0.03379182588774711,0.00010769364569569007,-0.035389554114080964,0.01494432927109301,0.01844628332182765,0.05537916502915323,0.04992181448754309,0.0,0.0
Sorbs2os,0.12529735556803645,0.013241226621903478,0.21564449523109944,-0.009689402687363326,0.0030781500972807407,0.0,0.03453955481760204,-0.050904256196226925,0.05444410629570484,-0.005759160874877125,-0.06592048549093306,0.12074655914446339,0.15431175146251916,0.06939938005014483,0.08770724737551064,0.032513634304050354,0.06036782941082493,0.06522327840328217,0.04353194755036384,0.004607167523354292,-0.05937897482421249,0.013319440532941372,0.0,1.0
Mdm2,0.17915190381463617,-0.01969189810566604,-0.022571146697737278,-0.008800209162291139,-0.023900118246674536,0.0,0.025568308769725264,0.09081443868577481,0.015151164042763413,0.056957803422119466,0.05545083895325661,-0.1106896658288315,-0.007698125587776303,0.03215818626126747,0.049880971126258375,-0.00018086048308759927,0.02405050739645958,0.015194166391156614,0.000526326079852879,0.0010868851095438004,-0.0013016814086586237,0.02616416320670396,2.0,1.0
Gpatch1,0.07655372345354408,-0.038786362092942,0.0030598601000383497,0.049627674743533134,0.0030781500972807407,0.0,0.015521168201230466,0.0021551048662513494,-0.13030259819701315,-0.007367111477069557,0.06072460269555449,0.08348240611376241,0.0877937605092302,0.11341603536391631,-0.14368336586514488,0.0014169956208206712,0.04416237284021918,0.0065717012621462345,0.000603956407867372,-0.0005295128328725695,0.15739952202886343,0.11322893999516964,2.0,1.0
D430041D05Rik,-0.17036896851612254,-0.01467911955434829,-0.02331263044383377,0.21081597447162495,-0.07463063227012753,0.0,-0.008564687555772253,-0.02876531830523163,0.02278825272805989,-0.009655859116464853,-0.020638574429904112,-0.286860407947097,0.05077606378821656,-0.006075047247450129,-0.03314175828825682,0.005757188954157754,-0.0009374082181602717,0.04352903711143881,0.003323401939123869,0.0036083006439730524,-0.1855838499125093,0.011762506237719208,2.0,2.0
Slc24a2,-0.18700601113028825,0.03336308214813471,-0.026851730244234203,-0.05052120985928923,0.007236156733706593,0.0,-0.0366187982680276,-0.02764830708038062,-0.08846203990746289,-0.0048542458144947885,-0.010184358705300838,-0.04750988361192867,-0.10299536517472006,-0.042368757985550475,-0.08027823724783957,-0.03325999673455954,-0.23288259770430159,0.024593230064492672,0.001533146663568914,0.01301571937277913,-0.10029395398218184,-0.027169793422799557,0.0,0.0
Ppp1r1a,0.170822681307327,-0.04946344916708768,-0.004960159435868263,-0.011015045633539557,0.0026274567842483523,0.0,0.012589737926609813,0.11679695192258804,0.025544135137461125,-0.011797144175507129,-0.02918770155403763,-0.08958951121894643,-0.054174286145716906,0.05431402482955491,-0.05079682396026328,0.10102142540272326,0.01614985768828774,-0.02518740221625194,4.073919728398323e-05,-0.00721394892083481,0.06512741961050779,-0.0779069494199939,0.0,0.0
Ldb1,0.31440158260520545,-0.019651742530986668,-0.005197756392881274,-0.01703486781567335,0.0026274567842483523,0.0,0.016283645420335235,0.18959168233443052,0.03552929879631847,-0.023404500670731066,0.050746132540516554,0.06182230674894527,-0.13405543046072124,-0.10625544115900994,0.057519526546821,0.0877445866772905,0.014495727529283613,-0.01698486791923642,0.000603956407867372,-0.005024130169767886,0.15930635019671172,0.05676818010630086,2.0,1.0
Agfg2,0.05885965950321406,-0.05931768397800624,-0.005817862693220377,0.15209543738514186,0.006221312917768955,0.0,0.013240301976911723,-0.06404491859953851,-0.09693135254550725,-0.02774832386057824,0.04763362509198487,0.04869031323469244,-0.03340757180703804,-0.03383489235769957,-0.05544081927859224,-0.041462957886978985,0.014264684817753732,-0.018807625859044493,-0.0017463477142155171,0.007490967195481062,-0.12248798284679652,-0.042936640456318856,2.0,2.0
Prmt8,0.028767890592571347,-0.031023705024272204,0.027009607502259315,-0.015976407364942134,0.0030781500972807407,0.0,0.014705789205618203,-0.04818178896734025,0.07896071196068079,-0.029027360207401216,0.011590373790822924,-0.09650322629138827,-0.1272926101880148,-0.08907074995319818,-0.04821747612208128,-0.05304983398411423,-0.051224491006869356,-0.019085845358204095,-0.0010558205423876644,0.0017137160198763012,0.018919433846604078,-0.06439238436520099,0.0,0.0
Rpl17,-0.06974680875428022,0.11943572272546589,0.03626630907412618,-0.010057112304493784,0.0026274567842483523,0.0,0.01894067001994699,0.03533712456701323,0.03597863424103707,0.08555483069270849,0.01880212428048253,0.06724827485857532,-0.19358369588851929,-0.051852139480570256,0.05804821938276291,-0.03367452992592007,0.02384801584528759,0.0041090369480662045,-0.0037745864549651744,-0.005024130169767886,0.09507015550509096,-0.03380719420267269,0.0,0.0
Gm28750,0.1842026472883299,-0.056833894103765485,-0.0064698846265673635,-0.008641259842552245,0.0026274567842483523,0.0,0.01822001573164016,0.008515820642933249,0.03013125419151038,0.02545129692531191,0.049436427219770845,-0.060202024313621226,0.057880723029375074,0.02927132015513962,-0.14174500044900923,0.002077459378633648,0.001734315541689284,-0.006438824096694589,4.073919728398323e-05,-0.005433608472812921,0.054139180509373545,-0.046083877012133595,0.0,1.0
Eef1a1,0.21437808835180477,0.09162270210683346,-0.0014794929884374142,-0.015485971784219146,0.0030781500972807407,0.0,0.01460260717663914,0.19062829445581883,0.02274342296179384,-0.02628461139742285,-0.015592446648515761,-0.05091687108157203,-0.11308776286430657,-0.048076977468836046,-0.02606282881111838,0.10650970728835091,0.026318292081414257,-0.0039836953114718195,4.073919728398323e-05,0.0016959126153960823,0.14069485805928708,-0.023830737832468002,0.0,0.0
Ak5,-0.2715827457071282,0.015532129206694662,-0.029309359597973525,-0.04248833533376455,0.0060842132801190016,0.0,-0.012165765233803541,-0.013901163127738982,-0.023915533986873926,-0.009756340897874907,0.026035977862775325,-0.23267221252433956,-0.08180889744893648,-0.002077174460482638,-0.012871357810217888,-0.010813679271377623,0.08550502301659435,-0.05997653588652611,-0.0017463477142155171,-0.0144606295786798,-0.21455282866489142,0.009002511990256607,2.0,2.0
Rps8,-0.09474604280898348,-0.022324437834322454,-0.003707171198911965,-0.026060694716870784,0.0026274567842483523,0.0,0.012544800364412367,-0.03213085144292563,-0.0023658861452713607,-0.031037218365818263,-0.08394177029840648,0.03022042595082894,-0.15560039919801055,-0.06628808598946306,0.02086285637691617,0.10245629632845521,0.04709807456383715,-0.012540660370141267,-0.004460021238774061,-0.004187370196450502,0.060580176142975686,-0.017304467983558426,0.0,0.0
Prkcb,-0.19655530163552612,-0.009373862724751235,-0.01752223207615316,-0.05052120985928923,0.007578234793618322,0.0,-0.034433498322032394,-0.0036360208562109617,-0.02563857473898679,-0.03230716942343861,-0.00838540482101962,-0.0365003057778813,-0.1481346906675026,-0.05013979305746034,-0.08483399397344328,-0.012658160030841827,0.06210545756854117,0.031698506916873155,-0.0007395271491259336,0.01301571937277913,-0.0669795613689348,0.04546730010770261,0.0,0.0
Hspa8,0.23304395474027842,-0.057687716935761274,-0.005685445996932686,-0.00863000787096098,0.002780412919819355,0.0,0.00993038369808346,-0.07857282240875066,-0.04737200431991369,0.039850544745568185,-0.07426521097309888,0.07018882869742811,0.008442984297871589,0.05217969455222374,0.01660536204930395,-0.012687959671020509,0.04202494696713984,-0.010662619043141603,0.000526326079852879,-0.006946897853631526,0.05927874540910125,-0.15501185041852295,0.0,1.0
Rsf1os1,0.07889347133226693,-0.018110083043575288,-0.041097990931011734,-0.009774505305103957,0.007954748915508389,0.0,0.0280075453966856,-0.08335361161734908,-0.12794015128165484,-0.018304084588307887,-0.04896264751907438,0.09306601999560371,0.10555404437705874,0.057930969194985665,0.08745830821804702,-0.016400279449298977,0.07478611979866401,0.03359790381975472,-0.0017463477142155171,0.013264967035502196,-0.0941381706111133,0.010405741720460356,0.0,2.0
Sec23a,0.09111918737879023,0.03228686545509845,-0.007256263997405767,0.0187407267652452,0.06442997923120856,0.0,0.01671200876124203,0.04065167050343007,0.051972683928906915,-0.015311304521746933,-0.011442873161286116,0.10449408001964912,0.14751222781371326,-0.013750250251050603,0.015371536442544312,0.006504136139992625,0.06251526384381577,0.03517053404124454,0.0026297063753008844,0.004623094755224884,-0.13503551826812327,-0.005196652547456324,2.0,1.0
Nfatc3,0.029753066208213566,-0.017330497829243542,-0.06181427618023008,-0.015049429624341429,0.007954748915508389,0.0,0.022546020224690436,-0.09649723088601604,-0.08119665455073118,-0.009047682175878435,-0.039174574250355365,0.08145781798986718,0.0699891865765676,0.05279338644771997,-0.02910332867526449,-0.0002116896864026785,0.07573355871485546,-0.12844173743389548,0.00311529325786978,0.013621035180985928,-0.09854756467975676,-0.020808316266629844,2.0,0.0
Sf3b5,-0.02361182164400816,-0.03959466421976685,-0.020833300817757847,-0.011019726106896997,0.0030781500972807407,0.0,0.002920579528436065,-0.022642407498788087,-0.023389927824027837,0.013685971928643993,0.04341173498891294,-0.15922666676342487,0.11744828845257871,-0.01915473154814208,0.012213279870338737,-0.018066834463970737,0.023111994459759443,-0.010167061402462423,-0.015983628295361995,0.0019629636825993658,0.15449172713771075,-0.12684696826203434,0.0,0.0
Cog4,0.0753548161080107,-0.02185231680981815,-0.027464320003055036,-0.010575658357702196,0.006221312917768955,0.0,0.027247630599886177,-0.08287724851164967,-0.08273180231451988,-0.007774007606785744,-0.039174574250355365,0.09736739566549658,0.07699077981058508,0.05930354704149068,-0.0651950819848571,-0.006535053686238825,0.0729696629634418,0.04212848592316732,0.00311529325786978,-0.013303408343344926,-0.16794285632204264,-0.012795308846980333,2.0,2.0
Zfp523,0.21487288638483734,-0.028218729780055584,0.04890689172782004,-0.010354551784694195,0.0015177597105503083,0.0,0.018308787806890905,0.029327155263163148,0.053182113352231684,-0.009787708101794124,-0.009321221737191082,0.07676295920740812,0.05869767991360277,0.10418653350962813,0.12031641654670239,0.032890152814798054,0.0026186041347682474,0.04963649994228035,-0.0038548204442486167,-0.0033534852345474065,0.17041028724052013,0.0550175188947469,2.0,1.0
Srcin1,0.02740895623806864,-0.0147307062568143,-0.030059028058312832,-0.023910261001437904,0.002168588377535343,0.0,-0.12760137205012143,-0.10426272719167173,0.02405064443591982,-0.0032903217105194928,-0.0612161615351215,-0.08713418068131432,-0.17394030828028917,-0.07923729763323535,0.019593732161447407,-0.009347372353076935,-0.0026236962628900075,0.021947600808925927,-2.036958932876587e-05,-0.005095343787688762,0.09552619471680374,0.03124688109382987,2.0,2.0
Fam49a,-0.2088641291949898,-0.0264801577758044,-0.03026181662455201,-0.0365682283823844,-0.02488845691084862,0.0,-0.11206272550392896,-0.05010556298540905,-0.05690297795925289,0.03782916112104431,-0.013593493839725851,-0.05405737511347979,-0.08533488225424662,-0.024057454946259896,-0.035805863724090156,-0.04426302766194567,-0.15440492895213537,-0.013372605846452643,0.000526326079852879,0.0005349795147776604,0.07243701202329249,-0.07350189832272008,0.0,0.0
Svop,0.04074788965051994,-0.012826379858888686,0.008588056936860084,-0.01954438492655754,0.005762444511055946,0.0,-0.1841653859615326,-0.07321820419747382,-0.09681269624270498,-0.006097502848133445,-0.08387940014246852,0.06490468648727983,0.08289663665229455,0.03409704433850493,0.006798120000166818,-0.023177955613937228,0.07980137380771339,0.040005935763474554,-0.001885086838155985,-0.013392425384372473,-0.1622719632089138,0.031615360958985546,2.0,2.0
4930512B01Rik,0.014748163353651762,0.03462986439932138,-0.02706993368919939,-0.0281765251327306,0.007612670855596661,0.0,-0.032502551074139775,-0.07949024280533194,-0.14301762485411018,-0.024710631375201048,-0.03926554951351136,0.022730452590622008,-0.1366859153623227,0.04982291190184696,-0.03185421718750149,0.01862567784031853,-0.1206031812139554,0.0022143537946976723,0.00311529325786978,0.011876301597803831,-0.11652782497927547,-0.007716910107992589,0.0,0.0
Ythdc2,0.07149217091035098,-0.013504917016252876,-0.07453038200736045,-0.02111255184514448,0.007954748915508389,0.0,0.02460618249606341,0.0706091208406724,0.050695327105931935,-0.03884128161938861,-0.011442873161286116,0.07806332011474297,-0.12946615406312048,-0.03609330103035972,-0.011757063334807754,-0.0390894940472208,0.008532030932838098,-0.00010401949053630233,0.0026297063753008844,0.013460804540663958,-0.0654377548582852,-0.0005881194630637765,2.0,0.0
Sos2,0.05164164633024484,-0.014520938275381923,-0.06532352682203055,0.07686742883175611,0.007954748915508389,0.0,0.021878082668408752,0.037163246895652265,0.05444410629570484,-0.006647576708346605,-0.010055040586739778,0.11305803554831073,0.147225031577982,0.025915822423539795,0.003342749865259975,0.02434504699194804,0.04228626120428089,0.047678801072761415,0.0026297063753008844,0.01324716368690133,-0.10958459958434105,0.015470375241711735,2.0,2.0
Pacrg,-0.3598834328842349,-0.015418463493697345,-0.02692006606142968,-0.03459487855900079,-0.0751044162735343,0.0,0.02843089205212891,0.01681743384571746,0.035362183954566716,0.01356350934947841,0.03060570585541427,0.08090249572182075,0.09939007713226601,0.020362678737856185,-0.002385725281201303,0.0007225963682867587,0.040314447300625035,-0.1061410853243433,-0.0011220217170193792,0.00467650496866554,-0.12465452496893704,0.02424796898616478,2.0,2.0
Arap2,-0.31945418658433483,-0.01925968423485756,-0.04808180969208479,-0.034422981408424674,0.002450468875467777,0.0,0.028351232782006262,-0.002331547634676099,0.06112021604552865,0.018324086166685447,0.014244963303208352,0.07295797293772921,0.0938035220792517,0.02286752678175617,0.00797541971609462,0.002496678502066061,-0.1788760071294382,0.024065686233807355,0.0026297063753008844,0.06928338644094766,-0.04462046336848289,-0.09275691532529891,0.0,1.0
Copg2,-0.29087986069731414,-0.014879017509520054,0.1395382637064904,-0.03202712192665785,0.0014213941805064677,0.0,-0.0028790561808273198,0.10801418708171695,0.02387877203989774,-0.008462742132833228,0.003769238330423832,-0.11668304080376402,0.05481711565516889,0.008699673914816231,0.030298233735375105,0.007124464384978637,-0.0033853729499969632,-0.057424198607623114,-0.0038548204442486167,-0.004350475885439664,0.19800024274736644,0.10820391680113971,2.0,2.0
Sh3bgrl3,-0.1664216805784963,-0.03176222867332399,0.02917963215149939,-0.011661131791770458,0.0026274567842483523,0.0,0.012197254621423782,0.12545239473693073,0.024526278148405255,-2.384965308010578e-05,-0.04051241535693407,0.0309086231328547,-0.170167705854401,0.00020277870285099198,0.006885040825000033,-0.03664630962070078,0.00928667218569899,-0.021022963896393777,-0.0037745864549651744,-0.005024130169767886,0.1133090593200177,-0.04925821939301386,0.0,0.0
Fhod3,-0.29795475808437916,0.06807528641540557,-0.00657531198579818,-0.03828291819896549,0.002535988390445709,0.0,-0.05328307944349944,-0.01896913130301982,0.006112136552110315,-0.005573421178851277,0.034713588431477545,0.08043854573043063,0.11390203347429634,0.03148141366849813,-0.022912152158096433,-0.01815545511431992,0.06223523402426508,0.03478779056342319,0.0004467717185616493,0.02643811176531017,-0.07050191961228848,-0.02872659953776747,0.0,0.0
Zbtb4,0.19545899567194283,-0.013043217733502388,-0.00465576985385269,-0.026060694716870784,0.0026274567842483523,0.0,0.013878292865119874,-0.06731314045144245,0.001955801113508642,-0.03226717487443238,-0.07828800762072205,0.0693672473821789,-0.23468264330178498,-0.06350196284199228,0.05766756334807724,-0.041803826871328054,0.03713249531574547,0.06943235239945351,-2.036958932876587e-05,-0.004187370196450502,0.12911240029148757,0.018652328564785423,2.0,2.0
Hpgds,0.1330061031645164,0.071442157686688,-0.010942656765691935,-0.01122261134441942,0.008107705051079392,0.0,0.004462254848331213,0.05777963479515165,0.020059675932861863,-0.010652489125495776,-0.026896781674586236,-0.2100944952201098,0.012919748509302735,-0.03374250118666169,-0.0001379291107878089,0.026444893300067635,0.015295226469752378,0.02239604668924585,0.00311529325786978,0.013567624967545272,-0.20742944470606745,-0.016628150646574795,0.0,0.0
Dpyd,-0.2273514894139953,-0.016132635278627277,-0.018256219550967217,-0.03472626241389662,0.12125296057201922,0.0,-0.01061986230313778,0.020642889108275993,0.02278825272805989,0.006640962606179528,0.0021079287212342024,-0.33227271350100634,-0.1091241012327373,0.05737561234809618,0.01529535733629018,-0.012265831372933461,0.0417717315396294,0.031939419130794705,4.073919728398323e-05,0.004836735553108156,-0.07957232512068003,-0.026403117289301007,2.0,2.0
Arl5b,0.14384705976583065,0.1067860876629129,-0.009389734491705895,-0.009850187259726226,0.007954748915508389,0.0,0.022779140970669687,0.08912661768496037,-0.08809652638155967,0.06160412265220657,-0.01704705657903105,0.05405669271480292,0.01255837248172611,0.0008136198652027815,-0.00013643613085150718,0.01663143388694152,0.07829976858571172,-0.12097551033832132,0.0026297063753008844,0.013567624967545272,-0.16964122730772943,0.02290108153130859,0.0,1.0
5330417C22Rik,0.018286885807756333,0.01337435759138316,-0.011468176171183586,-0.015049429624341429,0.006221312917768955,0.0,0.02642335617914796,-0.08159990013809874,-0.04471890059299767,-0.016173497925046833,-0.06601145991124213,0.06124369188444689,0.12135409393813461,0.012582606635987759,0.012970480790827424,-0.018597947051748633,0.07536705089965835,0.056810014354996385,-0.0017463477142155171,-0.0144606295786798,-0.15054204107262195,0.06265724624274299,2.0,2.0
Zbtb20,-0.20741729644592852,-0.012877403129823505,-0.028466476243920624,-0.05052120985928923,0.007236156733706593,0.0,-0.035270763649605213,-0.017727132227737457,-0.09929956237319856,-0.02296830384992063,0.020562089197337628,-0.03075735495891422,-0.11764955420978368,-0.039895776386856596,-0.11785536501556634,-0.05900775545742363,-0.21140655162744224,0.027209675698541106,0.0010475597810000181,0.01301571937277913,-0.08532201451715082,-0.004479564109351486,0.0,0.0
Ldb2,-0.3140591638395563,0.03585496234241873,-0.05330083946231753,-0.04248833533376455,0.007578234793618322,0.0,-0.0044593220087699595,-0.0023323951778002083,-0.003499815883114934,-0.014986016525654122,0.025052140336483716,-0.34651473867008464,-0.08366588563891128,0.002236923693690187,0.07865849122405053,-0.013366322858491913,0.05243605572963134,0.014090852080844343,0.0026297063753008844,0.013621035180985928,-0.17461650229059159,-0.00883333031553775,2.0,2.0
Pou2f1,-0.29841898643877357,-0.016644731746055186,-0.0483266738569364,-0.035245097144506875,0.007236156733706593,0.0,0.020038959616795183,-0.02972195454640314,0.08401962736621499,-0.004303883486427367,-0.04353888649493456,0.07644852666417137,0.10073023537173867,-0.0014259470887373028,0.00892644386680331,0.012133939722552896,-0.14780978066439274,0.04862056331941858,0.00311529325786978,0.013621035180985928,-0.07578740374650807,-0.05050999048864469,2.0,2.0
Rpl7a,-0.17242741101887077,-0.013665612181648612,0.092267339178361,0.036323866014136,0.0016707158461213112,0.0,0.01290680902544409,0.033213411583565174,-0.030142935244366526,0.020408392383251338,0.06809576194733381,0.06510007929988205,0.13915755901951343,-0.029865175382738016,0.0030784313287585976,0.03394893132383004,0.03532464411604451,0.019187424392439426,-0.00891879809089005,-0.001341700565535575,0.07077361210947856,0.12004451687913388,0.0,0.0
Golga2,0.16298430130118505,-0.030726611041463913,9.86838387325406e-05,-0.021589768566191197,0.0026274567842483523,0.0,0.017341106696985662,-0.12014947730815038,-0.0436326902685687,-0.02388865518383682,-0.1366813783440739,-0.0510685539804399,-0.18410524984821677,0.08718436890281737,0.07698808219283819,-0.044197536086430775,0.038810205312038305,0.055356934033334255,-2.036958932876587e-05,-0.004187370196450502,0.1694729429204017,0.10850824964232743,2.0,2.0
Cnih2,0.06055122723570094,-0.02952161791268736,-0.01654127870220691,-0.026060694716870784,0.0026274567842483523,0.0,0.009746565369423478,-0.04556935626547784,-0.03602619030047208,-0.02339827276300639,-0.03333602818660438,-0.09192159474594519,-0.1695216703787446,-0.024436018878868707,0.014934434249298648,0.08699789265170693,0.03528027687134454,-0.030087948506698013,-0.004460021238774061,-0.004187370196450502,0.050300198942422866,-0.021816538183484228,0.0,0.0
Cox6a1,-0.11110442009521648,-0.014035382103174924,-0.010087511036545038,-0.021417871415615082,0.0026274567842483523,0.0,0.013878292865119874,-0.008288059120532125,-0.0023658861452713607,-0.04000698191579431,-0.06090183184482157,0.048721520085819064,-0.14708821928128601,-0.016962644293098492,0.04886644800659269,-0.05851933755911887,0.0330632959693321,-0.013863637410104275,0.004766129846684635,-0.004187370196450502,0.11284669518237933,0.07389059723064748,0.0,0.0
Ablim2,-0.2503546860860661,-0.012146467217244208,-0.025196335264481604,-0.044915908481925726,0.006966410251334309,0.0,-0.20321056996937842,-0.04644181808689609,-0.0355136085441336,-0.0161780594359152,-0.014736606040969491,0.056794023737311364,-0.011127341375686228,0.04841394109185785,-0.05127925086533651,-0.001769900666549802,0.050334623027592895,0.04154044252587483,-0.0017463477142155171,0.013621035180985928,-0.14999715592712165,-0.03114115040982142,2.0,0.0
Lin7a,-0.34132275881711394,0.03119273519143462,-0.0831843819655478,-0.035245097144506875,0.0074252786580473185,0.0,0.029450286501087247,0.004841074678115547,0.026660305722616615,-0.012371012617368251,0.03060570585541427,0.09167706814361737,0.1488844725349918,0.01093794638711188,0.07374033646658062,0.006768188357818871,0.06672491531586275,0.03305780358146876,0.0026297063753008844,0.013621035180985928,-0.10698420234490186,-0.048620002586394546,2.0,1.0
Tnni3k,-0.26232060256879774,-0.016561345821246506,-0.03363970512989908,-0.042004058118909594,0.0077411712100729346,0.0,0.03105879127047956,0.021651173814898356,-0.005518910428509116,0.008580484219710343,0.0021079287212342024,-0.21686520121991634,-0.0092402617726475,0.07177093164600593,0.013536361777223647,0.021526162748923525,0.11472306044772268,0.032768214957322926,0.0026297063753008844,0.013781265765428543,-0.042683015833608805,-0.011376917876768857,2.0,2.0
Jam3,-0.008348872815258802,-0.022144557205028833,-0.004986126702278853,0.10452933125197887,0.0030781500972807407,0.0,0.01283503787824884,-0.01936276251450181,-0.10123708652798086,-0.024632265428081154,0.020917437630705537,0.03533315086155198,-0.13220667167566716,-0.06282376863508944,-0.05383760991157033,-0.05309960250742733,0.041799119706265625,0.04716896902769804,0.00012346193194389342,-0.001579913697205484,0.02296935179270804,-0.017108991346322,2.0,0.0
Ptch1,0.03970420847646892,0.020020828442648055,-0.01842307704500854,-0.01595552999875508,0.007612670855596661,0.0,0.018070492981933056,-0.009017045888467691,-0.07496093607041984,0.03927925059571862,0.037080021607689556,0.05663006006274372,-0.13772972907405345,-0.038873232351634215,-0.03649283451959491,-0.10796063769143074,-0.221356349484995,0.030711634596809746,-0.00011520115192979574,0.01301571937277913,-0.10615167080424726,0.008765616742894054,2.0,0.0
Neurod2,0.010902646696195006,-0.030263754636980594,-0.00422336105722934,-0.02221016795374453,0.0026274567842483523,0.0,0.010582421026192605,-0.024086285573430358,0.014542877837084234,-0.06024273328948766,0.005321618975140155,-0.059097774473484604,-0.1527261244598776,-0.07049296523910016,-0.04766962904948741,-0.05526221103849821,-0.003928503822535277,-0.05134306120220572,-0.004460021238774061,-0.004187370196450502,0.12193579046521336,0.026891852864064276,2.0,0.0
Kdm5c,0.08240225114161148,-0.029614071743562818,-0.004227327536791563,0.06272582807578146,0.0026274567842483523,0.0,0.018665866358205677,0.1359585940046236,0.033061887421645224,0.0050693984248209745,-0.016902151969261467,-0.03834018787369132,-0.12140596002805978,0.07150547742309754,0.06158363340422511,0.03581524432171136,-0.0010663663115701638,-0.0003251860523596406,4.073919728398323e-05,-0.0011785948392935097,0.11726948880124838,-0.06456899968026847,2.0,1.0
Rpl11,0.22688340585213154,-0.023894805219024418,-0.0003137689596042037,-0.011085464507341386,0.0026274567842483523,0.0,0.016535317464731632,0.016449690191075207,0.03687341104727238,0.037423879113048314,-0.016730432296171785,0.07710880514699965,0.029847967615351082,0.00028180345892906187,0.11770767936483026,-0.007366535258479416,0.05526186286471784,0.0008931514387950302,-0.0016852389462292195,-0.005433608472812921,0.20835319243371486,0.125237418981269,0.0,1.0
Gm12296,-0.20672644734382628,-0.012036759885959328,-0.03185958503279835,-0.04222901866305619,-0.0751044162735343,0.0,0.018573747682385146,-0.021262780735269188,0.020843488401733338,-0.030551894772797822,0.030580741055309772,-0.028415862829424442,-0.17730829921085386,-0.026499929509609502,-0.019179078569868578,-0.038936974708922205,0.02383828482532408,0.026231053271330892,0.0010475597810000181,0.004071189160458744,-0.059284170172177256,0.0184061519196257,0.0,0.0
Cnih3,-0.08182601375039666,-0.010039761406369507,-0.03882248995359987,-0.03271434400230646,0.00645074712112546,0.0,-0.010931466229376383,-0.04537769926246256,0.033863351373001935,-0.012095633613644168,-0.04226823535107542,-0.3737183734518476,-0.0731403195275925,-0.018015245687183778,-0.037810816443525255,0.020103562524309383,0.0007116506872989703,0.014161612642928957,-0.002925630188547075,-0.0144606295786798,-0.17121517206076534,0.019933225787262927,2.0,2.0
Fhl1,0.11438036510255188,-0.035677792257629334,0.13183683825656772,0.04953789816237986,0.0016707158461213112,0.0,0.009801091942936182,0.06879766958067193,0.05438766935374588,-0.007435213220305741,-0.012197445463389158,0.09475881785852834,0.13517368966713547,-0.003485244925350344,0.01778534403536469,0.023755569162312896,-0.009030155099462717,0.0017552513862028718,0.007232314758002758,-0.003228861421812326,0.07450175249483436,-0.09537369295772806,2.0,2.0
Rpl34,-0.1771680350857787,0.05864850050769746,0.03922760315705091,-0.007122484776191413,0.0030781500972807407,0.0,0.017607177519239486,-0.04046306577976793,0.0047547323233447965,0.10553779395297169,0.01880212428048253,0.0395602573803626,-0.18605232941918076,-0.045237926412182786,0.02265648378059268,-0.036044164709746834,0.02718723342200974,-0.03347234801854938,-0.0037745864549651744,0.0005742982449010015,0.08582388107199222,-0.036860136862378566,0.0,0.0
Limch1,-0.3155958401341923,0.016381619293242694,-0.026887258947826922,-0.04248833533376455,0.0076547128614038226,0.0,-0.011718192698899656,-0.026246427183505148,0.0241323649790138,-0.009756340897874907,0.028745204778388142,-0.2680829251650721,-0.032077362382551655,-0.020481503268238156,-0.04479851913638413,-0.007845493825152516,-0.01235850086901337,-0.10503886939957738,-0.0017463477142155171,0.013621035180985928,-0.2614778306381777,-0.024563549850136042,2.0,2.0
Luzp2,-0.36593365841545167,-0.04899741326458752,0.023299371604807675,-0.028892671237699688,0.0013999935518950223,0.0,0.01871154862456024,0.0734503755462356,0.06671548407524824,-0.008019241669680923,0.009322803849354386,0.06505281219957397,0.10198435722384602,0.042387418108310156,0.043351520327851174,0.007633572015911341,-0.1569106482103234,0.005490678105561528,0.000526326079852879,0.005079948804341257,0.04854301368352026,-0.28300617906264963,0.0,2.0
Adk,-0.2864009186648764,0.031068654307164253,-0.009656995530240237,-0.02988507020752877,0.0074252786580473185,0.0,0.028625199953094125,-0.04273886592825875,0.034018071703612804,-0.009844328830949963,-0.04284497018903494,0.0753556935931556,0.11220253887120635,0.04113857712085519,0.08098370054736734,0.0037875126092694698,0.04476927742594853,-0.1561653780657798,-0.002717521507292986,0.013621035180985928,-0.17122517643962054,0.015242203760426492,2.0,2.0
Cebpd,0.05846293112495914,-0.03228433991782367,-0.014637635876424611,0.04378179421182722,0.0026274567842483523,0.0,0.015748072473797947,-0.017970183757133783,0.0071998541662469506,0.047199745811522004,0.036082763606682416,0.08346612889319659,-0.0830486210109666,0.009668726995778342,-0.04287539603654295,0.049528945847414435,0.021429164005967324,-0.03315791476517916,-0.004460021238774061,-0.022293431751895697,0.03488422593101859,-0.02478153833420947,0.0,0.0
Cadm1,-0.2921113379322924,-0.010668191239237785,-0.031879767654463646,-0.039654358890838924,-0.07471204565372318,0.0,-0.011329272917937488,-0.001170226165559143,-0.003499815883114934,0.010011172901722603,0.02442190321162343,-0.22533213937655092,-0.0804317769408226,0.07881686273709419,0.019326629978604615,-0.00960386405349709,0.09301136563066394,-0.08267144848126919,0.000603956407867372,0.00467650496866554,-0.21393429718445986,0.06694651335945309,2.0,2.0
Slc16a2,-0.33378626995254307,-0.03643344859592616,-0.03519342865794897,-0.03778796487953514,0.002301657050848007,0.0,-0.09220824476331473,0.07503063259646296,0.026305280486121775,-0.01010284061427228,0.005887621054425835,-0.13116789142834023,0.10959864130476489,-0.000762408662803864,0.05978589210659266,0.017119605120969935,-0.000547832564334385,0.00988602277735481,4.073919728398323e-05,-0.005576035708654672,0.11805163096316391,-0.09928611751929566,2.0,2.0
Pabpn1,0.004263522117398679,-0.03999678121414035,-0.0028133237082511187,0.04804705461487174,0.0026274567842483523,0.0,0.009128853473812341,0.016314208863768727,0.01685585449449718,-0.005939614824019373,-0.07311475866474211,-0.15341587929055095,0.14455127587541938,-0.019130885861623027,0.08107179678976535,0.014229463934898377,0.0778120202361606,0.016011870759539307,-0.0027340430952608585,-0.009439374369103462,0.09761706111952663,-0.09888526019174605,2.0,0.0
Prdm2,0.03547771113459021,-0.009844661834649741,0.009612502558156847,-0.010553364180959762,-0.06000947494059801,0.0,0.018934888876974584,-0.08993516794173047,0.08463603666983545,-0.00870025753043592,-0.08009410773403942,-0.08432736944872886,0.05493844143813476,0.0027668241033643425,0.024854059419594704,0.013909601457417011,-0.06592288475949318,-0.13911747850477696,-0.0001591087132692337,-0.005695969127118588,-0.20299552912358196,0.022858370808662584,2.0,2.0
Srrm1,0.14102517053252087,0.07842276184353977,-0.0006640065787360072,-0.020195708004757763,0.0026274567842483523,0.0,-0.0766348293563351,-0.07923354655737057,-0.16044561407063157,0.005957748456858099,-0.05959041235502809,0.03948854737682268,-0.21402807861566545,0.06452340080974864,0.06545665179379284,-0.016655710865743457,-0.01319452714495128,-0.015455966964364052,-2.036958932876587e-05,-0.00833556329132989,0.1634454886498861,0.022921615531668067,2.0,2.0
Firre,0.08362426579697058,-0.019993798583745958,0.01993820189964026,-0.0143211126094684,-0.020904327183961867,0.0,0.0005600082408636809,0.07347799322102219,0.10651975284330546,-0.0032123033923562617,0.005626579863019288,-0.17723553139483555,-0.02445034310221672,0.03543750500596616,-0.07520925187680405,-0.03880106461700052,0.030594336008653043,-0.009889235037844628,0.00011836952529847622,-0.003461243747733533,0.2748641769681126,0.09904331281897612,2.0,2.0
Gm13986,-0.2932581088272855,-0.020608537127263845,-0.04243726722896099,-0.03459487855900079,-0.07544649433344602,0.0,0.029356595701538025,-0.0064356126775965096,-0.046087238360196355,0.011448199026053771,0.03127465736120939,0.07645140723558143,0.09255949995014817,0.012117253986198194,-0.02018511804926675,-0.03519607878406532,-0.2747440952451143,0.02852178622270003,0.0026297063753008844,0.00467650496866554,-0.06921760183293373,-0.049061688489746305,0.0,0.0
Gm11613,0.16582212291890755,-0.022597711198031903,-0.006558320559561253,0.12260172819718719,0.006221312917768955,0.0,0.008986103716306388,-0.059034760515205564,-0.06145088349003345,-0.02834430803079158,-0.05348466997500509,0.057617525096284226,-0.10518733802251518,-0.047100070789401795,0.05309457786381245,0.008939158936263993,0.0679578380822204,0.03407722400035709,-0.0017463477142155171,0.007490967195481062,-0.1236138034844771,0.010051414833415038,2.0,2.0
Spock1,-0.35374732366995887,-0.0108825465105474,-0.036773087023757395,-0.04336539119016379,-0.0751044162735343,0.0,-0.16219727461226285,0.017100933720357717,0.029678070237860083,-0.004498237611260265,0.025056883012875914,0.04635714057832956,0.07971909235231578,0.019702786785583157,0.03009897210635245,0.008264604362193496,0.007059678505174816,-0.14535158215789123,-0.0011220217170193792,0.00467650496866554,-0.20432222531409935,0.016708222678880703,2.0,2.0
Tbc1d9b,0.13120830717496573,-0.008877180041745305,-0.008385602291673422,-0.009602608154527842,0.006221312917768955,0.0,0.027786784768104554,-0.046014585844241084,0.05606005117297173,-0.018123617125675083,0.057513388823717836,0.10280113280052319,0.12976862320210786,-0.021304747235462856,0.07957203806377948,0.013002857845276595,0.03284464188152924,0.05199307600734755,-0.0017463477142155171,-0.014816697724163531,-0.15295267802197487,0.010434189741517911,2.0,2.0
Cit,-0.2349189447541721,-0.011322156563401221,-0.03339694866444916,-0.028343124515376985,0.16667418530210854,0.0,0.018657528646290302,-0.037579438267275694,0.035362183954566716,-0.01134934661211446,-0.030246571563184263,0.07173849512124435,0.08066132229985669,0.06005992480882924,-0.008343435330316425,-0.0001727282046340406,0.019633102850057184,-0.16573297523893415,-0.0017463477142155171,-0.005695969127118588,-0.13471905793761835,0.014764655181224953,2.0,2.0
Osbpl3,-0.26974867420271037,0.07184494098182767,-0.028861060817725957,-0.03434267889359035,-0.024276632368564605,0.0,0.009945522793568671,-0.020335361503530294,0.0891644494375214,0.020843567869160324,0.02083965572528541,-0.03442402656655759,-0.11713477299548686,0.003971490409940088,-0.1265560582280159,-0.08078362820902839,-0.08152391435360187,0.03231960479337431,-0.0002469238452613354,0.0005349795147776604,0.12277691822964698,-0.1318760983273387,0.0,0.0
Rpl12,-0.041146507489029316,-0.015151692908257247,-0.014844435029663145,-0.016948919203132393,0.0026274567842483523,0.0,0.012992508036550134,0.05036194605752826,-0.055062908795662224,0.0006149195833131671,0.04174633589573205,0.0457780669699423,-0.26060203046537933,-0.0618081177365184,-0.015909885459113867,-0.037738173245452346,0.015741320888046174,-0.017763687197584657,0.019403106123209,-0.005024130169767886,0.09817548328312115,0.038516450200695544,0.0,0.0
Atp5k,-0.17798222603742034,-0.03302327250130475,-0.006677812379784882,-0.009077588464133441,0.0026274567842483523,0.0,0.01648127009626478,0.032384814186953007,-0.1121408918267116,-0.00652303417911753,0.06317769197747111,0.04211385015863925,0.07304355824366211,-0.005913875913929587,0.023764642933383585,0.017228698612889275,-0.23999724935740233,-0.0002825630223378539,-0.004460021238774061,-0.006946897853631526,0.11297280472237617,-0.08385712426672398,0.0,0.0
Tlk1,-0.20053865597583354,-0.012936721108853817,-0.025271122776903212,-0.05045781579334289,0.0074252786580473185,0.0,-0.1143359149247408,-0.019335366785526276,0.023202332104556262,-0.020679772107396275,-0.006251219622790813,-0.03880556002259254,-0.1377075566072017,-0.03220941722278439,-0.06113213531672954,-0.032418378244619815,0.02552218324795831,0.0079379306640476,0.0010475597810000181,0.01301571937277913,-0.027252181014046074,0.0020707147242501377,0.0,0.0
Snx32,0.17428597286343575,-0.017974540162831544,-0.008080524317920208,-0.014832331826910376,0.0026274567842483523,0.0,0.01436123485211283,-0.018445295756682755,-0.0304921301221475,0.10621240164153278,0.007129398575052619,-0.08767471496248617,-0.26837600871920586,-0.13263686816208065,0.0631945637986064,-0.0317246015323326,0.06422307523200288,-0.028852128356229512,4.073919728398323e-05,-0.004187370196450502,0.12191118269693106,0.027303408803418278,2.0,1.0
Pebp1,0.08083043608115986,-0.030426818910054863,-0.0030828451830893755,-0.01572828780859709,0.0026274567842483523,0.0,0.016283645420335235,0.024758761583361776,0.034634521990083156,-0.04389216200448573,0.04786302869208157,0.07600783846341073,-0.00014865491539239883,-0.08561921082417939,0.08916331310290843,-0.021668064864352344,-0.0005772074777632952,-0.030956474719569086,0.004766129846684635,-0.005433608472812921,0.06596978039480746,-0.010099788974039257,0.0,0.0
Cep290,0.04632301935693249,-0.033896073172800245,-0.018396170637570323,-0.013530397047288716,0.0030781500972807407,0.0,0.016777274627238513,-0.0587263753823936,-0.12876745043322443,0.021807356456993148,-0.03863136819563806,0.07164624773198738,0.10433682162081823,0.08494827913517838,-0.11203281186986715,-0.056453206001315266,0.056142502487055025,0.014152407450601458,0.000526326079852879,0.002319031828083098,0.034586291012819854,-0.04899955725239124,2.0,1.0
Uchl3,0.0746116878441535,-0.0353358200751245,-0.004484870806336403,-0.0077674488862976435,0.0030781500972807407,0.0,0.017259631776250898,-0.046245206180028614,0.04660795986186713,0.08806737868115305,-0.016491923560388387,0.05809740730095655,-0.1334675018582493,-0.047747414516443314,-0.04915231077000499,0.01271945228567347,0.02408950614888454,-0.008967024784069508,4.073919728398323e-05,0.0005742982449010015,0.004772415417246521,-0.06579588638152928,0.0,0.0
Phf1,0.08854249133728445,-0.018280788399279116,0.0015635062847286464,-0.00987874151673168,0.0026274567842483523,0.0,0.02174857450649142,-0.040949420630931856,-0.042007280252873896,-0.004924544047098607,-0.09669210000894964,0.09285270075313747,0.18504036022350193,0.10423107570037246,0.11585056704469025,0.015034852414391935,0.027485445151105525,0.003935891990549862,0.004766129846684635,-0.005433608472812921,0.1786321074143052,0.12307300320360809,2.0,1.0
9630028H03Rik,-0.3508704986749217,-0.018919253731146456,-0.030032592248171567,-0.035245097144506875,0.0074252786580473185,0.0,0.029450286501087247,0.002043856359086931,0.029858903638087214,-0.0076141108968295155,0.03060570585541427,0.09461041934089735,0.1225568884331733,0.007602752567745483,0.07038160652853548,-0.006078438896220177,0.05338771908776835,0.03245051437290385,0.0026297063753008844,0.013621035180985928,-0.010857200864702463,-0.011353630404919386,0.0,1.0
Plekhg1,-0.23415845612529665,0.08161529313307256,-0.03038388617802411,-0.03817512337584048,-0.024276632368564605,0.0,-0.014401783649809659,-0.048233004461508244,-0.08459373559337109,0.0032131148781627417,-0.02128998501691967,0.02417873913422227,-0.13457010390236973,-0.00011494703426251363,-0.10110007066454273,-0.04163761135190725,-0.16434084766326124,-0.014165098563025821,0.00023866303730756043,0.0005349795147776604,0.10534132842440158,-0.0835647946386598,0.0,0.0
Stk25,0.03196800531120971,-0.047549814395606516,-0.005150332632474601,-0.01461083414964378,0.0030781500972807407,0.0,0.01563571914564818,-0.1419512077094987,0.033061887421645224,-0.029955577421933412,-0.12036277958191931,-0.07369342680089176,-0.1281289377110079,0.08743328414789175,-0.061004519718699156,0.021055887737311423,-0.009444340968912002,-0.015070211561396717,0.000526326079852879,0.0005742982449010015,-0.010258490364067256,-0.08456892575137318,2.0,0.0
Gm21860,-0.28292614631354807,-0.03959466421976685,-0.00998420713469386,-0.008862289781682194,0.0026274567842483523,0.0,0.019621911235153677,0.021422000753227623,0.034739239774644375,-0.008037485217209905,0.014783531315624715,0.06827284455299377,0.11429185182787478,0.027307764766055696,-0.0180241727293469,-0.020433993169572204,-0.008450897745788097,-0.0005194759741425514,-0.015983628295361995,-0.0055226255138404665,0.06200111216399819,-0.07988625139747456,0.0,0.0
Rnf130,0.028220179099589585,-0.013547969213686884,-0.025305401044897737,-0.01533306356985122,0.0063742690533399584,0.0,0.002637298994231969,-0.06452744662063196,-0.04905890205875039,-0.022733511473052203,-0.06519215167500078,-0.21050909269368276,0.11947227915748954,0.006157078728992928,0.00070554364239797,0.009777022446505725,0.04149066642625257,0.022843955415301025,0.00311529325786978,-0.0144606295786798,-0.13620508924126626,0.03447128336876631,2.0,2.0
Rpl8,-0.24178460769588128,-0.024498675130307675,-0.010125097576528788,-0.01703486781567335,0.002780412919819355,0.0,0.00953027127077803,0.07828049032948911,0.025068781743757425,-0.035335600976832214,0.019701601285487414,0.02789660998620093,-0.1986075152968988,-0.013995369539870808,-0.011821174108190462,-0.051173509815707806,0.012234905717486982,-0.019997525915969164,-0.015983628295361995,-0.005024130169767886,0.09497476296499371,-0.03287605373516271,0.0,0.0
Kif16b,-0.3126253589382395,0.024335293769836425,0.0034642706718295813,-0.03448598412796855,0.0076547128614038226,0.0,-0.006784958017524332,0.017432788810692726,0.02387877203989774,0.05650935980665963,0.025052140336483716,-0.1530703349155374,-0.03067330500110984,-0.019270189382823447,-0.009117040452547371,0.010478995529701933,0.018626608554041014,-0.10663359199650585,0.00311529325786978,0.013621035180985928,-0.1620249002566561,0.01164564523147419,2.0,2.0
Dock7,-0.3141938573354855,-0.012558184918016196,0.092283131852746,-0.038177261403761806,0.002089811433106661,0.0,-0.17820211083628237,-0.08990740022389218,0.029997459915466606,-0.006554577345959842,0.026670957254245876,0.05386472696205601,0.057745913425460454,0.062350894400860855,0.048760150922462345,0.008053414123132825,0.039174266497138885,-0.14117341339355335,-0.02907433461397886,0.004607167523354292,-0.10852454457897692,0.025938814969267695,2.0,2.0
Rfwd3,0.1555777332885191,-0.04413283873349428,-0.0038092464162036775,-0.00987874151673168,0.0026274567842483523,0.0,0.01623307364527136,-0.08421433773823082,-0.08509424922987818,-0.0049907931149937215,-0.05649903626181185,0.07085714936256408,0.19494812230113895,-0.03193250163060839,0.042807931122370066,0.015188773684203625,0.04245026328600943,0.005077461078763008,0.000526326079852879,-0.005433608472812921,0.08222571516409516,-0.03823272810317576,2.0,1.0
Gm15738,-0.3595397671649698,-0.01595391402486712,-0.020455443910323085,-0.03484202923253179,0.002301657050848007,0.0,0.017775821606628595,0.08682890268974006,0.028653347636573016,0.03782538373954594,0.017038627630099654,0.02236305672908202,-0.07901617903495207,0.05061935095640365,-0.02277359979227185,-0.0396147719072178,-0.003505812722723931,-0.02131070514580642,0.0007477879291400314,-0.005362394873518497,0.15072740932839224,0.11408626828342676,0.0,2.0
Rpl18a,-0.15530033242190255,-0.014598058429546654,-0.006099560637958348,-0.014832331826910376,0.0026274567842483523,0.0,0.015201824964024127,-0.03568827272392809,0.025068781743757425,0.10621240164153278,-0.08394177029840648,0.04427986241644248,-0.23788602298125625,-0.1184932176861912,0.0385226577334106,-0.039360743858851494,0.020539874045643957,-0.031172451705206185,-0.004460021238774061,-0.004187370196450502,0.10530467598233371,0.021998964096419514,0.0,0.0
Stx5a,0.18301702084951102,-0.016474188063293694,-0.003187787611968815,0.048162423600442705,0.0015177597105503083,0.0,0.01830108421854675,-0.02163638546131551,-0.06381333040539175,-0.013197026372654363,0.06309263275936246,0.08412679204717279,0.10703121714293956,0.11332421166333916,0.10818524550646544,-0.00329379013273865,0.041510497638955715,-0.0032291457522660495,-0.004479146441444755,-0.001341700565535575,0.17727430158294738,0.0790861531121027,2.0,1.0
Arhgap12,-0.23672399862203747,0.06962356710806489,-0.030600825026631355,-0.041426445026881996,0.0027016359753906727,0.0,0.007121997685171664,-0.039805917446501554,0.05090725441928953,-0.031238574374001474,0.008643590083811431,-0.06473685797303914,-0.1416438926581759,-0.02623088067000026,-0.09414510257542133,-0.05551793770166114,-0.10472134408322745,-0.01511191987498023,0.00023866303730756043,0.0017137160198763012,0.0606295206444338,-0.1270251673925668,0.0,0.0
Cfl1,-0.03103230585111305,-0.01505137539934367,-0.007702046534977853,-0.026060694716870784,0.0026274567842483523,0.0,0.013999568060971796,-0.022010635971091687,-0.03602619030047208,0.02212352364324033,-0.006575104482471943,-0.09424395070411265,-0.25063719742931423,-0.12419972458854317,0.05137865819968283,-0.03685241378378123,0.022788523446361068,-0.022724895705468953,0.019403106123209,-0.004187370196450502,0.12354481706395745,0.056713398671709,0.0,0.0
Cntn4,-0.2899596052337438,-0.020608537127263845,-0.02460552838165313,-0.03459487855900079,0.002450468875467777,0.0,0.029425895339809358,-0.0035165852191857993,0.06112021604552865,0.011017194202868268,0.010871508345007896,0.07107442680047825,0.09004602197092026,0.025860701722103842,-0.02011581833648961,-0.028517180347116665,-0.17855994924131666,0.03129366301232949,-0.0002469238452613354,0.06928338644094766,-0.030996016785502435,-0.08995519229443744,0.0,0.0
Pigk,-0.3061922338511795,-0.013201519353315235,-0.030631441292352974,-0.035317149680340665,0.0074252786580473185,0.0,0.023980167196132243,-0.01506720473524183,-0.02563857473898679,0.01829141948139295,0.037189174918457864,0.013783751204609871,-0.1542480085231364,0.014145845537550486,0.0013815584522671998,0.02625230486039072,0.0873076766380109,0.030935119315981866,0.0026297063753008844,0.01301571937277913,-0.052989902095869186,0.021251752600073816,0.0,0.0
Epha6,-0.27347579595632854,-0.013737258031032979,-0.03467750719748437,-0.04420397918205708,-0.07544649433344602,0.0,-0.10467796055076178,0.03600903924671002,0.0829664030810818,0.037683329072315246,0.0016470290592405946,-0.047673326609656216,-0.08259856879478321,-0.015132184025733296,-0.05028176782187074,-0.04652270189719274,-0.12849370052979794,0.005774563683662564,0.0010475597810000181,0.00451627432834357,-0.11416158206760883,-0.04842395171057433,0.0,0.0
Igsf9b,0.008469752229284495,-0.022144557205028833,-0.016003575916402044,-0.01637256086221896,0.0032311062328517436,0.0,-0.005467403088696301,-0.042288510473445055,-0.04838827043306083,0.05949263309827074,0.020331218903884292,-0.07232840534299612,-0.12722395478049292,-0.030600073220948616,-0.12213837848044932,-0.0606295563140884,0.02403147768374765,-0.014576076716184615,-0.0010558205423876644,0.0017137160198763012,0.02369318067096174,-0.023812355767004193,0.0,0.0
Chchd2,-0.09177804872859269,-0.047002738108858466,-0.005002969535999,0.08322682691738009,0.002780412919819355,0.0,0.005603801729157567,0.061042609938886015,0.055825706580653785,-0.009253855794668198,0.006222887155599892,-0.18374024445423856,0.06171010427409783,-0.009542923700746542,0.08668157448526471,0.016359125548042357,-0.07335383776808158,0.0556239930447191,0.019403106123209,-0.004685865484643728,0.21197271175682544,-0.03891197925899178,0.0,1.0
Lztr1,0.21331687070429325,-0.025225300593301653,0.0018399088503792882,0.019546597958542408,0.0026274567842483523,0.0,0.017717131110839546,-0.08777206923812628,-0.08815394824370743,-0.02392402462894097,-0.02065086308401078,0.0808173206448555,0.10420632987748832,0.1363233745098114,0.14037363654002546,-0.006453846688382328,0.09781223063124343,0.010907248221337795,-2.036958932876587e-05,-0.005433608472812921,0.23941605572588742,0.1252126144617796,2.0,1.0
Arl3,0.05889415578916669,-0.009682387663051486,-0.010191356651484967,-0.022921151670161635,0.006221312917768955,0.0,-0.059168318021111194,-0.09792209984036163,0.01712182942312211,0.06466011786600574,-0.05334819649346173,0.06363649243488907,-0.13254589470569045,0.011837798267170001,0.03315751386806369,0.0008365920884534717,0.05943489171564579,0.03041800786741078,-0.0017463477142155171,-0.012057170066982507,-0.12355571974534542,0.006642566518876265,2.0,2.0
Rps3a1,-0.0165298316325061,0.024891146277077496,-0.0176528537645936,-0.008464365727268159,0.006221312917768955,0.0,0.018038831534795463,-0.045982392705045644,0.02566972206812352,0.09285310885868966,0.006516574444249273,-0.12877725781640037,-0.1512138905422762,-0.03455098119275135,0.018479665387421847,0.03362775431480259,0.07170632919063792,0.008756290350575,-0.013394661117345094,-0.016205363161861896,-0.05471001576632261,0.023546546380966902,0.0,0.0
Unc5a,0.05633619676809758,0.02628350258804858,0.02836245567072183,-0.009980646227486432,-0.021057283319532872,0.0,0.008097317884676158,0.024079074086621403,-0.13252221213188023,-0.00870025753043592,-0.016730432296171785,-0.06652273810701445,0.12310339363990351,-0.018458248204551636,0.03858908233232796,0.031236510262824594,-0.025303163696080447,0.05380732867401093,0.00011836952529847622,-0.0034078335529193282,0.2501585519639775,0.024448136002756655,2.0,2.0
Acin1,-0.0030618804367259144,-0.03262047513853759,-0.0037172738229855895,0.09049602485261858,0.0026274567842483523,0.0,0.013339604570064693,-0.1319497719593346,-0.08615323888603597,0.015568799367174506,-0.07953897471539677,0.04531137753045186,-0.1769091223506257,-0.0344163843149272,-0.06324613585602493,-0.018574319668114184,0.012640844340494369,-0.014192663757130504,0.000526326079852879,-0.022293431751895697,0.028123745582997798,-0.02149049526080489,2.0,0.0
Sorcs1,-0.32660117478575557,-0.0147218088619411,-0.019817614001221954,-0.04566029720008373,0.007578234793618322,0.0,-0.009455466717481613,0.03631140351179056,0.026247606864199042,0.006640962606179528,0.03060570585541427,-0.13010649641626515,0.06528551730094477,-0.011813719802757987,-0.0067518325615674255,0.01028312444104813,0.043445795167936015,-0.10243464296218008,4.073919728398323e-05,0.013781265765428543,-0.12462859147693962,0.02236474446952343,2.0,2.0
Dpf1,0.18926745146745816,-0.022410256983712316,-0.010261801872402429,-0.0267576115578413,0.006221312917768955,0.0,0.015589184085838497,-0.099713054895401,-0.057145149507559834,-0.031037218365818263,-0.05688100558705628,0.057499005671124905,-0.1665648304251954,-0.026816964652916796,0.02876637639477849,0.015776884054066614,0.04599804020253941,0.00985109444707632,-0.0017463477142155171,-0.012057170066982507,-0.09924902929458768,0.007972609633125103,2.0,2.0
Sema6d,-0.3025838557188399,-0.022055491101928056,-0.029720509853214026,-0.0342604165757075,0.002535988390445709,0.0,0.0315839069057256,0.03072881284286268,0.03512063261121511,0.013202761471038684,0.011445799879729747,0.07778489195974543,0.11240379422437399,0.004684608031075186,-0.037008038016501814,0.0022725043329410253,0.044513067751104245,0.03194289138540626,0.0026297063753008844,0.026598342349752783,0.006993635091930628,-0.015089546786621213,0.0,0.0
Gm20319,0.09024195392848924,-0.03242583015933633,-0.00573676286265254,0.04792783979908563,0.007612670855596661,0.0,0.020097245713695883,0.06996138688467908,0.11906996807083488,0.019601766667328775,0.037080021607689556,0.08770190395181998,0.0879303637938574,-0.01057703681233761,-0.051132702883332964,-0.09645218403195031,-0.13962903967985768,0.019577113126870244,-0.0011220217170193792,0.012570634260773659,-0.12025522940326482,0.01568529512733221,0.0,1.0
Sorbs1,-0.25885522212134676,-0.011222977014258504,-0.0427593888854608,-0.03987224131822586,0.0061249473877251145,0.0,-0.011718192698899656,0.08190277565154247,0.02278825272805989,-0.006056181689491496,0.00396894209086895,-0.2357441159989685,-0.024773931158706547,-0.013347160931643884,-0.03532000418286771,-0.008690471845911816,0.0003939161915332079,-0.08230432492913678,-0.0011220217170193792,-0.014300398994237185,-0.21168885477352886,0.06885524898303629,2.0,2.0
Rpl23a,-0.062367810055147854,-0.028440409591421485,-0.005518841431476176,0.10066584760323166,0.0026274567842483523,0.0,0.010215256384108216,0.008616998570505529,-0.03937596362549812,0.005891787144355476,-0.07311475866474211,-0.038900406059110534,-0.18690251162741334,-0.01967017732075874,0.03192111612181179,-0.04409533456433565,0.032970965105632785,-0.03172317335382104,-0.004460021238774061,0.015360767066013067,0.02298464398831129,-0.01934856713283807,0.0,0.0
Rpl29,-0.13201153868576512,-0.02855940054170787,0.004899472706019878,0.08868410091847181,0.0026274567842483523,0.0,0.009229570592287928,-0.048565429281443355,-0.02168457960244268,0.0005596545431762934,-0.08394177029840648,-0.04643423573579639,-0.18539510844275356,-0.012585075842025617,0.03405350411310792,-0.037402408537454905,0.029747876045294105,-0.0328742780839093,-0.0007916955091059208,0.015360767066013067,0.05089299873448908,-0.030641452993731947,0.0,0.0
Itgbl1,-0.22911958845797925,-0.013909978508017957,-0.025225188522599636,-0.04248833533376455,0.0060842132801190016,0.0,-0.011413688620668836,-0.02509058858966455,0.0217635301547125,-0.013246969251194968,-0.02045118338719476,-0.30665279818000274,-0.0885739444452338,0.0006680831052472058,-0.013604915069881826,-0.014024694940308108,0.056112094416312173,0.018273065378889442,0.000526326079852879,-0.0144606295786798,-0.10495957594597712,0.010544350470881909,2.0,2.0
Sema3e,-0.41053227515658364,0.15204316190909595,-0.024060684745199977,-0.034548180303536354,0.00254867983981967,0.0,0.017951456410810352,-0.015917874742299318,0.06112021604552865,-0.006550539426971227,0.02896690838970244,0.06953473252477124,0.11760277300141751,0.04607909251867568,-0.03380207672191318,-0.04933979269699194,-0.1293783670803532,0.04300721932697343,0.00023866303730756043,0.002319031828083098,0.07449388575274497,-0.12028955993242561,0.0,0.0
Rims2,-0.19941151417559014,0.033660439406521615,-0.019272529645822944,0.1570140496478416,-0.07486006647348403,0.0,-0.053834616842214016,-0.014093811972998083,-0.03563935434445739,-0.0076633716514334085,0.018874673936516047,-0.17288550201104955,0.08173252169508487,-0.021788675163861626,0.053786804135888815,0.02008028870332055,0.07250060380203649,0.03506610963726416,0.00311529325786978,0.0036083006439730524,-0.1369265781249851,0.012810762703884393,2.0,2.0
Pacsin1,0.03698524858802557,-0.009526272984221578,-0.018219502964057027,-0.017562424992211164,0.007954748915508389,0.0,0.027322727073915302,-0.02701876127975993,-0.002998396507464349,-0.00657035680487752,-0.06564629531931132,-0.07188646282069384,-0.0770417963550426,0.04541534718455296,-0.029505140671972185,-0.017820762740448116,0.05915364099200815,0.03881379614118487,-0.0007395271491259336,0.01301571937277913,-0.06823382445751122,-0.004234283421401415,2.0,2.0
Wdr95,0.046968799107708036,-0.031023705024272204,0.07101809666026383,-0.010284142881864682,0.0030781500972807407,0.0,-0.00710940538905561,-0.004687695986940525,0.1008444281341508,0.01600745178991929,0.04290891836863011,-0.051209260253235696,-0.09119423886295408,0.07312592262566796,-0.02789114541315939,-0.10586877191904932,-0.007817289733793586,0.04199316269950941,-0.0010558205423876644,0.0017137160198763012,0.15015043428167701,-0.07186993267794606,0.0,0.0
Cacna1c,-0.3013292163913138,-0.009819118157029152,-0.03750736864283681,-0.04248833533376455,-0.07487498207017779,0.0,0.019252052579540758,-0.02925801233621314,-0.03922609496396035,-0.011319936787476764,0.028669480169191956,-0.20237750354805029,-0.03280296929879114,-0.011791552723352652,-0.03396345847751945,-0.0002627688425127417,0.016815696281846614,-0.12557875797618182,-0.0017463477142155171,0.00467650496866554,-0.21048234088579193,0.019255481427553605,2.0,2.0
Ilf2,0.1899715357180685,-0.029210464223288,0.052379125845618546,-0.008682188182137906,0.0016707158461213112,0.0,0.013076420216821134,-0.034630832383409145,0.036734854797832665,-0.0043229230516590176,-0.028831485717673785,0.10732170571340248,0.051785779378842565,0.05596577989800608,0.13530301656574012,0.013331195316277444,0.08235814590705559,0.005847532590851187,0.007717901640571654,-0.0048667746153660115,0.19336640334688127,-0.003078780653886497,2.0,1.0
Grb10,-0.032960721433628354,0.034870875021442774,-0.03697261568158865,-0.02565527671482414,0.006221312917768955,0.0,0.03044380936771631,0.012169957009609789,0.05444410629570484,0.022356497475411744,0.05475692266598344,0.11242463056696579,0.16579302570782603,-0.006034349620331341,0.058098885649815205,0.020717154501471668,0.059587470258120445,0.06087130763567984,0.0026297063753008844,-0.013392425384372473,-0.11209259017370642,0.03352886525681242,2.0,2.0
Fbxl20,0.07599840878043324,-0.011236924855038523,-0.03072769433259964,-0.015405497676692904,0.006221312917768955,0.0,0.02703008634969592,-0.041848869138630104,0.05444410629570484,-0.019186890793498605,-0.05183783766813576,0.126784905155655,0.14550465072970836,0.06865628508248847,-0.03682695908006281,0.021430939971469342,0.03658782693557441,0.06191722029587254,-0.0017463477142155171,-0.013392425384372473,-0.12024372431449593,0.017883962045907538,2.0,2.0
Rps19,0.013876909129321576,-0.007969723870046437,-0.009874107665382326,-0.0267576115578413,0.006221312917768955,0.0,0.015936729828827084,-0.017603521093260497,-0.039188002622686326,-0.046418499206192794,-0.06909004397690297,-0.0664067642739974,-0.22460142188239843,-0.08850147633813321,0.045776759600266816,-0.061525905961170795,0.047872221611905845,-0.00894034078810364,0.0030401517217978837,-0.012057170066982507,-0.11252003638539464,-0.03816382696153596,0.0,0.0
Meg3,0.25072912353789434,-0.04623795364052057,-0.0048896752065047625,-0.013998283988330513,0.0026274567842483523,0.0,0.015639827712439002,0.011269087251275779,0.050695327105931935,0.05006587739801034,-0.011456668553873896,0.08178463728399947,-0.08237885227892548,0.0481678482929874,0.02224103728076443,0.03603906897362322,0.00829802395979641,0.016213922544848172,-0.0016852389462292195,-0.004187370196450502,0.08170367857906967,-0.0336786436336115,2.0,1.0
Letm2,0.1251950677856803,-0.04588395702652633,0.019781825062818826,-0.011640396639704705,0.002168588377535343,0.0,-0.14805031254189088,-0.008128408257034607,0.029462087934371085,-0.0001680984999984503,-0.09146276239305734,-0.06872062790673227,0.02039600759278983,0.053260990080207196,-0.1453340360755101,-0.03228270588908345,-0.005775184535305016,-0.018506538779474793,0.00023866303730756043,-0.005433608472812921,0.05525285321287811,-0.04683632234984543,2.0,0.0
Imp3,-0.3083572700619698,-0.02321602538228035,-0.005408300887793303,0.034004804543219504,0.0026274567842483523,0.0,0.018001579768024384,0.014048093857709318,0.034739239774644375,-0.006940627680160105,0.014783531315624715,0.0678372052963823,0.13113971322774887,0.08083676567533984,0.00793838125653565,-0.021282473772298544,0.08944042074494064,0.012959603206254541,-0.015983628295361995,-0.004685865484643728,0.1642076465114951,0.10442155699245631,0.0,0.0
Ints3,-0.012964662613812834,0.021923474608920513,0.09931967279408127,-0.013567054970189929,0.0026274567842483523,0.0,0.02322863285895437,-0.059345297731924804,-0.10123708652798086,-0.017806755076162518,-0.06462362733669579,0.06409839784028008,-0.13855325483717024,0.03606548765163097,-0.0029864249262027444,-0.002154377717524767,0.0582365200179629,0.01415069617331028,-0.03025361708831042,-0.008543575627263635,-0.06911300244275481,0.026975936694070696,2.0,2.0
Sap130,0.044951888755895196,0.07371680190321057,-0.01008619404397905,-0.009689402687363326,0.007954748915508389,0.0,0.02845894346944988,-0.09189112203777768,0.055788218546658754,-0.006397941701579839,-0.053722978355363014,0.11534187481505796,0.1300236575352028,-0.0013828155321425584,-0.038194413180463016,0.01313663571374491,0.07333826075177058,0.041380929555743934,0.003323401939123869,0.013621035180985928,-0.07487065203022211,-0.008591713313944638,2.0,1.0
Calm1,0.14373098744545132,-0.03405805204529315,-0.005550471427850426,-0.019081760300323367,0.0026274567842483523,0.0,0.014588486128486693,-0.048256188391242176,-0.034882268658839165,-0.01433043205877766,0.0580685218423605,-0.06955448251916095,-0.23895916087552904,-0.06788614061641965,0.05811280190944672,-0.0280982533050701,0.034975967027712614,-0.028852128356229512,0.000526326079852879,-0.00833556329132989,0.0365099072502926,-0.050564354425296186,0.0,0.0
A830018L16Rik,-0.2586386197642423,0.03585496234241873,0.0014872302440926432,-0.03645237900782376,0.007817649277858435,0.0,-0.010643216343596577,0.02088837032089941,0.0217635301547125,0.006640962606179528,0.0021079287212342024,-0.3103315944038332,-0.10959137480473145,-0.01149043197672654,-0.0226272111129947,-0.011679922930197791,0.051031096822116526,0.03353998387232423,0.00311529325786978,0.013781265765428543,-0.12594673317158595,-0.007383872400969267,2.0,2.0
Ube2o,0.11561375683173537,-0.013068131068721414,-0.01758022743742913,-0.011053984719328582,-0.05951444074511528,0.0,0.009335520411841571,0.037898295699851585,0.03625042588450014,-0.005940628013340756,-0.015897732740268112,-0.1900629105605185,0.12401038626208902,-0.012851376512753632,-0.019442258179187776,0.0302103942388203,0.00851514556678012,0.04278504840796813,-0.0011220217170193792,-0.0056069520860910415,-0.24611732322955504,0.05975856099745215,2.0,2.0
Mrfap1,-0.24457759317941963,-0.026145085976459086,-0.009121218114160001,-0.014711836073547601,0.0026274567842483523,0.0,0.016283645420335235,0.03716660061152652,0.029374515707604586,-0.040980788497254256,0.019701601285487414,0.03313005750067532,-0.0400781390350312,-0.047959301448236145,0.03773092385847122,-0.028676247922703624,-0.0007284987252205611,-0.02420863294042647,-0.0177096064388752,-0.0055226255138404665,0.087762131402269,0.002040939507060102,0.0,0.0
Sorl1,-0.18583766175899655,-0.02537015441339463,-0.028541967179626225,-0.042646049526520076,-0.02488845691084862,0.0,-0.11449064096435904,-0.05152088340371847,-0.09990234034601599,-0.01863164901966229,-0.02077084160875529,-0.03438286340795457,-0.10042304637376219,-0.03964691331125323,-0.03433776051737368,-0.04483469277620315,-0.15290555706960732,-0.01285244210921519,0.000526326079852879,0.0005349795147776604,0.07066935908049345,-0.04757134446175769,0.0,0.0
Rab3a,-0.014433807174209506,-0.014479067479260265,-0.007459960216656327,0.11564955927431583,0.0026274567842483523,0.0,0.009328490826301277,-0.025998565056361257,0.030454374994151295,-0.030362969194538892,-0.08394177029840648,0.07588343791430815,-0.2380485798185691,-0.11114820829825475,-0.025006180068012328,-0.05344023405574262,-0.013187268250476336,-0.03270932067418471,-0.0027340430952608585,0.015360767066013067,0.10916727505624295,0.058766411454416814,0.0,0.0
Tspan5,-0.20150225080549716,0.03177338003646582,-0.02810252987779677,-0.04212336186785251,0.007236156733706593,0.0,0.01189532935153693,-0.02807854921091348,-0.038159812837839126,-0.026560010593384503,0.019644451611675322,-0.05413019310683012,-0.14306842635851352,0.06905426693379922,-0.08506469110958279,-0.04974027370102704,-0.16394304226152598,0.03217917106114328,0.001533146663568914,0.01301571937277913,-0.08755498179700226,-0.02420810079900548,0.0,0.0
Ptp4a2,0.17126401072833686,-0.011348490715026855,-0.011423570415936411,-0.010021994225680828,0.005879234857857228,0.0,0.017169737736694515,0.08454011010471732,0.07749451078940182,0.049425415005534885,-0.02797187628224492,0.07124180402141064,-0.021059537404216826,0.0009268893598891737,0.03817531704902649,0.007905923303915187,-0.0291164558310993,-0.05893710837699473,-0.0011220217170193792,-0.015083748791366815,-0.21592348203994333,0.021068832675937302,2.0,2.0
2310002F09Rik,0.03694578487891704,-0.015987282902933657,0.03253480836283416,-0.017196011864580214,0.0026274567842483523,0.0,-0.005680585182271897,-0.08762707291170954,-0.08496978106442839,-0.01347423310391605,-0.060499387853778896,0.04612141411285847,-0.12652535993722266,-0.12788103255443276,-0.05433530731126666,-0.0013415559893473982,-0.1372937556146644,0.04454035385278985,-0.0001591087132692337,-0.00719614551635459,0.1454207604052499,0.04534966425271705,0.0,2.0
Atp2c1,-0.18607299203053118,-0.011483125402592123,-0.02247404693160206,-0.04212336186785251,0.007578234793618322,0.0,0.015695540360175075,-0.03571286983322352,-0.02563857473898679,0.008613013485446573,0.02358875997364521,-0.022125596129335463,-0.183694831575267,-0.01958772083513395,-0.11776909305714071,-0.03192917613312602,0.06269322685257066,0.01052395325154066,-0.0019188096234574914,0.01301571937277913,-0.017031629481352867,0.016948519428260624,0.0,0.0
Gm4258,0.04318571106996387,-0.013313271142542361,-0.016935753393918274,-0.030431199134327472,0.007954748915508389,0.0,-0.027911898572929205,-0.027673228179919532,0.025760558382607997,-0.027990855029784142,0.037080021607689556,-0.08103222456295044,-0.142046688683331,-0.05366478075042323,-0.03147800041362643,-0.0684366482286714,0.06746362755424343,0.010974902152083814,0.0010475597810000181,0.01301571937277913,-0.026193370409309864,-0.013442632332444191,0.0,0.0
Far1os,0.2252243168838322,-0.047872092863544824,-0.005752664227038622,-0.008862289781682194,0.0026274567842483523,0.0,0.018360003530979156,0.09684282770613209,0.05854683741927147,-0.003512298760470003,0.0013291211146861314,0.09892593340016902,0.1287934968806803,0.05441505156389212,0.025544040633831172,-0.010811855539213867,-0.01124585838522762,-0.0013833806617185474,4.073919728398323e-05,-0.0055226255138404665,0.14829748050309718,-0.11073046152763709,0.0,1.0
N4bp1,0.0922491529583931,-0.0194895389303565,-0.0217506034579128,-0.013886465202085673,0.0026274567842483523,0.0,0.023730093110352755,0.014834812600165606,0.058275004792958496,0.022050743646686896,0.0541411336325109,0.10214833498699591,0.1619081250205636,0.11123466309625656,0.09564628125168383,0.03347000469686463,0.01375731558771804,0.059634457351639865,0.000603956407867372,-0.0055226255138404665,0.2088025655783713,0.1299065383290872,2.0,1.0
Stam2,0.09231889869552105,0.044950127759948375,-0.05068546272814274,-0.016182888625189663,0.007954748915508389,0.0,0.01835620343219489,0.09709282458294183,0.04660795986186713,-0.010163650973699987,-0.011442873161286116,0.052631796365603806,-0.2109410940343514,-0.03497139293469445,-0.009907649756642059,0.005917526264674962,0.0349055437464267,0.031571193053387105,0.0026297063753008844,0.012997915968298912,-0.14747536869253963,-0.01737247858662158,2.0,0.0
Snap25,0.05779608446639031,-0.00811658937484026,0.002210614280775189,-0.016932640876621007,0.008184183118864895,0.0,-0.010997486268170178,-0.013583108993479982,-0.0480645300867036,-0.005670029245084152,0.05066926528699696,-0.32721566095016896,-0.09826089101377875,-0.0006258626892122265,-0.008607680278364569,0.016140548064140604,0.04601737438002601,0.01480182182509452,0.003323401939123869,0.013621035180985928,-0.18784234687685966,0.0038564882706850767,2.0,2.0
Spag9,-0.1838438318297267,-0.01516175783239305,0.13457420338410883,0.15670274236006662,0.0027930296398699286,0.0,0.017068246915005147,-0.1063256698148325,-0.0017690574051812292,-0.017571256826631725,-0.042034559031017125,0.06880121640628203,0.043174361903220417,-0.027343446961622248,0.02710901397280395,-0.006228566262871027,0.07624947960255668,0.036975379711948336,0.04353194755036384,0.003538963198661804,-0.0036495911329984666,0.03165497714653611,2.0,2.0
Safb2,0.1361338539328426,-0.028718793666921556,0.02102277968544513,0.11515109293162823,0.0026274567842483523,0.0,0.010682579970452934,-0.13648887432180346,0.006261535095982254,-0.015575550561770797,-0.056325872568413614,0.07022828551474959,-0.13373194322455675,-0.12674248902068938,-0.06950900654424913,-0.03261162698618136,0.008658657525666058,0.06426940361503512,-2.036958932876587e-05,0.015360767066013067,0.15579022105783225,0.005363629711791873,2.0,2.0
Cpeb2,0.07565354324411601,0.034777223439887164,0.2041535872593522,-0.010419487594626844,-0.030246027130633592,0.0,0.02101322803180665,0.09106640870915726,0.04230222563724965,0.05855975875398144,0.05019099952187389,0.09053180215414613,-0.1577038223715499,-0.0014844686089963944,-0.05461535345762968,0.04084020595997572,0.04441882422543131,0.01298408639151603,0.04304636066779494,0.002124132530298084,-0.06633883413858711,-0.0032334185298532247,2.0,1.0
Fkbp1a,0.2172246936778538,-0.03970730376895517,-0.017556279134005308,-0.012563941664993764,0.0026274567842483523,0.0,0.012312460055109114,0.16155452475417406,0.028407309136819093,-0.011797144175507129,-0.0011054042028263212,-0.09167512322543189,-0.04646978509612382,0.04204185411032995,-0.04857889674138278,-0.028478017705492676,-0.005882830194605049,-0.01809554220875725,4.073919728398323e-05,-0.005024130169767886,0.10175637752283365,-0.07971445762028452,0.0,0.0
Oaz1,-0.24343472104053945,-0.03583077107090503,0.06402379129547625,0.038939942352008074,0.0015177597105503083,0.0,0.012664903833065183,0.07043830754235386,-0.02623540347907692,0.05398865159600973,0.0030959048261865975,-0.022221447282936423,-0.22533366265706717,-0.0030148694275249,0.018113503847271204,-0.037717260527424516,0.06276879850076511,-0.01815191889880225,-0.008792052734643221,0.0009015283989720047,0.0010854885494336487,-0.039721248607966116,0.0,0.0
March3,-0.2512213892559521,-0.017079730266705156,-0.024613359537906946,-0.023235018271952866,0.15061946535483003,0.0,0.018967335915658624,0.008906771065667271,0.034018071703612804,-0.006330837232526392,-0.027438296070322395,0.0797679137228988,0.16604457568842917,-0.021012696085981587,0.011965528639266268,0.02148047343129292,0.042572123187128455,0.04428835758706555,0.00311529325786978,0.00467650496866554,-0.0006735017988830805,-0.005972314001992345,2.0,2.0
Ablim1,-0.34361813965486365,-0.011615286227315664,-0.0329144705273211,-0.035245097144506875,-0.0751044162735343,0.0,0.029811927154660224,0.004299940115306527,0.034018071703612804,-0.006396290357224643,-0.026744379764422774,0.0887118554674089,0.15666935466695578,0.05169953328091651,0.07834744782652706,0.021519913773518057,0.048182089091278614,0.06016292543616146,-0.0034112170711159706,0.00467650496866554,-0.20193026735447347,-0.023369951618369668,2.0,2.0
Man2a2,0.18853672386147083,-0.05499692930374295,-0.0020031572645530103,0.061580207776278255,0.0026274567842483523,0.0,0.014156364588998258,-0.10673597518820316,0.12578765593469143,-0.0038486272655427456,-0.056325872568413614,0.08561899067368359,0.11341993949841708,-0.03394697937949786,0.07341826253395993,-0.013155804355628789,-0.017885865210555494,-0.005268283374607563,-2.036958932876587e-05,-0.0034218238038010895,0.2150868243863806,-0.018428464269309188,2.0,1.0
Stip1,0.21337313871830701,-0.01410104843787849,-0.007421884937211871,-0.014832331826910376,0.002780412919819355,0.0,0.006674756458960473,-0.010599037462379784,-0.13335300884675236,0.06999898751731962,-0.016730432296171785,-0.07189025301020592,-0.15839597625890747,-0.12929740239866078,0.025875363214872778,-0.009177113744663075,-0.08931004767073318,0.053117806995287536,0.000603956407867372,-0.004187370196450502,0.18252024959307164,0.02418640425428748,2.0,2.0
Fbxo21,0.09821661222958937,-0.03355932146310806,0.0015198829723522067,0.11025366250425578,0.0026274567842483523,0.0,0.010215256384108216,-0.12961824813392014,-0.09693135254550725,-0.018724430100992322,-0.07811484392732382,0.052034998362651096,-0.04234685061033815,-0.05516651706669109,-0.06704413825180382,0.09062252512783743,0.010517170140519738,0.03015235501108691,-0.0001591087132692337,0.015360767066013067,0.07865960672032088,0.03210885215783492,2.0,2.0
Ppm1e,-0.09032908623572439,-0.01567042776849121,-0.015406277105212212,0.2172931651957333,0.0072107600513845686,0.0,-0.10787313478533178,-0.017970007909461856,-0.03435474460013211,0.002997888654936105,-0.01613205758505501,-0.03599132609902881,-0.08611775896279142,-0.017693029979727725,-0.027176474574953317,-0.0018508620699867605,0.057402017221902496,0.02582952704746276,0.00311529325786978,0.009722089655697345,-0.021688526617363094,0.0182341535249725,0.0,0.0
Atp5j,0.06369162803748622,-0.03321797133423388,0.028944297563284635,0.05175384075846523,0.0030781500972807407,0.0,0.010009702905081212,0.11671415879856795,0.009652017462067307,-0.03585610552690923,-0.011787217147648334,-0.08988752408884465,-0.151577575430274,0.027836120748152098,0.020462595591088758,-0.050393823250196874,0.012805458939692472,-0.023824895315337925,4.073919728398323e-05,-0.0013128626300022005,0.14963395744935043,-0.04982607266261766,0.0,0.0
Ppt1,0.15551461258903146,-0.05220699867699295,-0.00576039663515985,0.04335008238209412,0.0026274567842483523,0.0,0.010882911423686891,-0.04838711550226435,0.11415518047753721,0.0294168611895293,-0.02749343660194427,-0.1406599824829027,-0.1826951186778024,-0.048000683048258,-0.011679075071588158,-0.013405111717293038,0.0404272639635019,0.062284405333921315,0.000603956407867372,-0.022293431751895697,0.1642618951248005,-0.042374190664850174,2.0,0.0
Samd5,0.07175086078001186,-0.03274346123915166,-0.006341338073834777,-0.007747740703634918,0.0032311062328517436,0.0,0.01084680417086929,-0.05126534145791083,0.026487733931280674,0.08513214542530477,-0.001668998838867992,-0.1059025018964894,-0.14143787982873618,-0.06309628084050019,-0.11967431193217636,-0.07598411469487473,0.02408950614888454,-0.008967024784069508,-0.0002469238452613354,0.0005742982449010015,-0.005021457080729306,-0.08661141376942397,0.0,0.0
Gm15813,0.19373448259430007,-0.03331318612676114,-0.00735622578766197,-0.021589768566191197,0.0026274567842483523,0.0,0.017077499157749115,-0.06165657134260982,-0.04033192432951182,-0.007814063439145685,0.07777232127264141,-0.05005836847936734,-0.11051782811526209,0.07847703891272431,-0.053594298537354916,0.05078076609876007,0.04801678457675734,-0.024213905464857816,0.000526326079852879,-0.004187370196450502,0.08150340083055198,-0.05214027279340371,0.0,1.0
Cpne4,-0.3334183807997033,-0.014936164133250713,-0.020539712593890726,-0.04334746300708502,0.0074252786580473185,0.0,-0.04932314218021929,0.01909579235711135,0.034018071703612804,0.0032956922077573836,0.007661494240164757,0.0792620041850023,0.14309399298392236,0.03687466694578689,0.07414373479317873,0.022592395732644946,0.05720068376744166,0.04941733556101099,-0.0034112170711159706,0.013781265765428543,-0.08737533270381391,0.029943993273191152,2.0,2.0
Rap2b,-0.0410466422396712,0.09700088832061737,0.033603775817900895,-0.008508216049522161,0.0030781500972807407,0.0,0.017259631776250898,0.08329827062319964,0.02199281202163547,0.06926030465401709,0.01880212428048253,-0.0484516833932139,-0.15928120828699321,0.0023138123851549606,-0.016044254689477386,0.04282177860848606,0.019544630161544774,-0.017997454591095446,-0.0037745864549651744,0.0016959126153960823,0.0723244128189981,-0.02270964102819562,0.0,0.0
Hdac3,0.1959937777882442,-0.05342143392190337,-0.005823109447956085,-0.009430452075321227,0.0026274567842483523,0.0,0.016898225951008497,-0.03180984401609749,-0.010492060673423112,0.07237775696907192,-0.011787217147648334,-0.024874976160936056,0.03117784356698394,0.003012775198048985,-0.13433165243826806,-0.02183795400429517,0.05446300363575574,0.022141031683422626,4.073919728398323e-05,-0.005433608472812921,0.054799728542566296,-0.006564783956855535,2.0,1.0
Dpp10,-0.37077039105352017,-0.03281069212127477,-0.0261904370598495,-0.03573929972015321,0.00254867983981967,0.0,-0.02064764596056193,0.02396874750033021,0.02061989632435143,0.056378137899446304,0.001275400696322322,-0.12662593281129375,0.07911865902016871,0.008444499995575824,0.016644953275099395,0.008199102784274145,0.018570134745095855,0.006514638428634498,4.073919728398323e-05,0.0024792624125257135,0.12531702188454802,-0.15912489428184926,2.0,2.0
Gm10135,0.0741543955123052,-0.026770399361848832,0.145753514864482,0.050325480327010154,0.0026274567842483523,0.0,0.021237752730958164,-0.07404455636278726,0.03462155267130584,0.003184202709235251,-0.019667445505037903,0.10436823496595025,0.11979426133912056,0.022611406682535744,0.07858082113321871,0.021200163370231166,0.05990214780860697,0.04565295181237161,0.04353194755036384,-0.0036298361397348344,-0.06550012690480798,0.0327151163900271,0.0,1.0
Rundc3b,-0.28180830701254306,0.06607352205086499,-0.018573047649115323,-0.02923485162202269,0.0074252786580473185,0.0,0.02922914918512106,-0.017343354849144815,0.006112136552110315,0.013994514172663912,0.02771785907447338,0.09533805090235546,0.13551935874857007,0.026557532245769833,-0.04164277408504859,-0.021651533015538005,0.07141989849347738,0.04183010695734993,0.003323401939123869,0.013621035180985928,-0.052005496327765285,-0.026864260844886304,2.0,0.0
Plekhm3,-0.226791969940532,0.05795026130508631,0.053504976336844264,-0.02988507020752877,0.0074252786580473185,0.0,0.02703008634969592,-0.07818542531458661,-0.029546106504276394,-0.011521243762690574,-0.030246571563184263,0.09451311769196763,0.14231428110040725,0.04551179246931497,0.0046948717557825145,-0.0007292170636355877,0.09018720768159255,0.052693050391972064,0.00311529325786978,0.013621035180985928,-0.10730616063810886,0.029136347498279064,2.0,2.0
Crlf1,0.14073264121776446,-0.053792438074015084,0.045094600315205756,0.01107449189759791,0.0017257720604538917,0.0,0.00964621244231239,-0.06978402003645896,-0.03542936162557453,-0.02492827083449811,0.006396155981346965,-0.12601364558329806,-0.0919218996539712,-0.05894401029198889,-0.06911919274483808,0.10473326845210977,0.024464178866764996,-0.03315791476517916,0.007717901640571654,-0.0005004320922307671,-0.015172034678980708,-0.023473197128623724,0.0,0.0
Slc38a9,0.05426826755981892,0.11505143850110472,0.04026752202073112,-0.009327998287044465,0.0032311062328517436,0.0,0.008167649526149035,-0.05025188472121954,0.04820539412554353,0.003728529883082956,-0.11446075523563196,0.09771143345162273,0.0942540790583007,-0.001058725668799525,0.0012508770404383541,0.016768172499723732,-0.00895217759301886,-0.0012988022156059742,0.0007344347611069679,0.002319031828083098,0.10807566836010665,-0.13676447341043968,2.0,2.0
Zc3h7b,0.0851721453294158,-0.011172134964726865,-0.006573124192655087,-0.011153125446289778,0.006221312917768955,0.0,0.02322863285895437,-0.038598689245991406,-0.10123708652798086,-0.022608596314676106,-0.06462362733669579,0.07592761958017945,0.02099327652249485,0.04340776963625103,0.010489526067394762,-0.006663676742464304,0.05329458279069513,0.05304456585086882,-0.0017463477142155171,-0.014816697724163531,-0.22041024607606233,-0.02793559040175751,2.0,2.0
AW554918,-0.26027700637700035,0.02414364904165268,-0.019882666510529817,-0.04267998750787228,0.0077411712100729346,0.0,0.003684344058856368,-0.023497603870928287,0.02490349461324513,-0.007474687834037468,-0.014801893293042667,-0.2172594671160914,0.00946820767596364,0.022247699449781066,0.06233635861426592,0.02172073966357857,0.08935583287850023,0.05216759531758726,0.000526326079852879,0.013621035180985928,-0.1241263840137981,0.01962437472771853,2.0,2.0
Igf2bp3,-0.27835992341395466,-0.041799903120845555,0.1265017014881596,-0.02901625621598214,0.0011963018029928208,0.0,0.017664708867669104,0.013608460924588143,0.06112021604552865,-0.010587689804378898,0.014240873819217086,0.05558091637911275,0.11470753284171224,-0.009084050730552917,0.05550519917625934,0.008754935362376273,-0.14222214309906123,0.004154952344542835,0.007232314758002758,0.0012443014909513295,-0.01853927134536207,-0.22456202088331337,0.0,2.0
Rufy3,0.05465371357277036,0.0486633408581838,-0.034868932999670504,-0.020415635004173965,0.0030781500972807407,0.0,0.0164206502167508,0.10673096303362399,0.04588078431319445,-0.03884128161938861,-0.010887740142643453,0.058254645990673454,-0.19750801622867584,-0.05201561176198993,0.014519938187440858,-0.014063537837937474,0.017695448127633427,-0.021702954620122908,4.073919728398323e-05,0.002158801187761128,0.12989101437386125,-0.02543184471782297,2.0,2.0
Cntln,-0.35360900847008453,-0.016561345821246506,-0.030032592248171567,-0.04255260777194053,0.006966410251334309,0.0,-0.2621433880738914,0.023407881149323656,0.0007474125130102038,0.020240094679174946,0.025056883012875914,0.06179442662512884,0.0973042003181763,0.015366437005122862,0.017057309066876768,0.009302014310378581,0.07309200950199739,0.027386442511342465,0.0026297063753008844,0.013781265765428543,-0.043080441430211065,-0.041652179178781806,2.0,2.0
BC005537,0.20476213922258465,-0.04165989001747221,-0.014447004436515271,-0.019081760300323367,0.0030781500972807407,0.0,0.01460260717663914,-0.07742446883581579,0.027136197327636183,-0.03062495809746906,0.038192037255503235,0.08003275165567175,-0.08359571127220988,-0.05578211673050646,-0.038514240188524125,0.06548963694134727,0.06698848072439433,-0.023715173497330398,0.000526326079852879,0.0005742982449010015,0.030138864293694497,-0.06649316884810105,2.0,0.0
Mmp17,0.1890952754719183,-0.019625377636402846,0.026061091185547412,-0.021355056343600153,0.0015177597105503083,0.0,0.012183394539169968,-0.08035961673595012,0.017637949767522514,-0.021450095628388226,-0.029753125542774796,-0.06296742972685024,-0.06929097348358482,-0.07013040731172623,0.07145647098775953,0.07498002068605274,-0.009576227590441704,0.032503628837876025,-0.004479146441444755,-0.002107246958184987,0.1233717626426369,0.04332772692688195,2.0,1.0
Cntnap5b,-0.3762991673545912,-0.048568702721968296,-0.02664316216483712,-0.03928271900862455,0.0027016359753906727,0.0,0.0009020506264641881,0.020262076309882103,0.05098091638181359,0.05552356808155309,0.003356978036463261,-0.15526117227505892,-0.11318620169302449,-0.0018048805156558956,0.04394811785779893,0.004803163423202932,-0.13067958751867992,0.011667079510225449,4.073919728398323e-05,0.0024792624125257135,0.07428033653093735,-0.2187285486329347,2.0,2.0
Nrbp2,-0.05496955191949383,-0.015151692908257247,-0.008452418465167285,0.08230666222516447,-0.020904327183961867,0.0,0.007667735631112009,0.027176017733290793,0.030328788026236,-0.012836519447155297,0.019701601285487414,0.06581719117006286,-0.19158711399417372,-0.056179691540464774,-0.010268199986312539,-0.04190100043546408,-0.019281712130177767,0.005908180281985551,0.019403106123209,0.0009361971216276288,0.15228100070729852,0.033062419183552266,2.0,1.0
Rps20,0.010193295613862573,0.11231927366927266,-0.0016573495510965586,0.04262599098496139,0.0030781500972807407,0.0,0.01076854812912643,0.012045029338914902,-0.0028718590759672226,0.019221982420422137,0.0415292124543339,-0.13355918212328105,0.14043718240223824,0.006531717097577712,-0.022323086131364106,0.02064792620949447,0.056713271548505875,0.008477162695489824,-0.0027340430952608585,-0.0005295128328725695,0.14712326744571327,-0.08920217404142022,0.0,0.0
Hdac9,-0.3035022171214223,-0.019775600549764932,-0.01828255837317556,-0.034422981408424674,0.0074252786580473185,0.0,0.029159849546849727,-0.0010740212257951498,0.03512063261121511,0.020870401313295588,0.03127465736120939,0.08179049651371315,0.12210947144310921,0.014523892672277725,-0.027499981182627378,-0.03330974940443412,0.054725894023576985,0.03825886494247243,-0.0002469238452613354,0.013621035180985928,0.008571868799626826,-0.025614825268276034,0.0,0.0
Gm14329,0.26204976728884505,-0.042971609020605685,-0.0076581235881894826,-0.013998283988330513,0.0026274567842483523,0.0,0.010422756518237293,-0.0081356325536035,-0.09921735123265535,0.04805869505507872,0.041855584047734734,-0.12871817514533176,-0.13575215758755804,0.07788746754803469,0.020606535067781807,0.0797999372659251,-0.16755596288800007,-0.03514291285770014,0.000603956407867372,-0.004187370196450502,0.10728734052041546,-0.06144183058757335,0.0,1.0
Nedd4,0.07990618390962481,-0.007982269190251827,-0.010580386477522552,-0.015466460487805306,0.002168588377535343,0.0,-0.1948490327131003,-0.026012065350078047,0.05010410482995212,-0.008208603209350258,0.03530829983763397,0.08769195300294086,0.13367884458508342,0.0996248611737974,0.022627602545544506,0.037259929231368005,0.007239300322253257,0.0642247325181961,-2.036958932876587e-05,-0.006590829708147794,0.257889028834179,0.09365745451301337,2.0,1.0
Cox7c,-0.20704246047884226,-0.032732754377648235,-0.009951753988862038,-0.009102707249112427,0.0030781500972807407,0.0,0.01072225950891152,0.04009477920364588,0.016714559020474553,-0.012474172529764474,0.019701601285487414,-0.13635885550640522,0.11578078964259475,0.041296666299649586,-0.006876912255538627,-0.0016158918349537998,0.01940953248878941,-0.008555317902937532,-0.015983628295361995,0.0022656216146424413,0.12399779555062196,-0.11746071890556778,0.0,0.0
Npepps,0.029053474408574403,-0.00962042682338506,-0.03146483141928911,-0.02125504396855831,0.006221312917768955,0.0,0.024004751932807267,-0.05258053042227402,-0.09970193876419216,-0.03568381824996322,-0.06601145991124213,0.06268849029904232,0.004836526548024267,-0.07347348338458687,0.06121733655687422,-0.008770003695972264,0.05351129025453702,0.0619282934605144,-0.0017463477142155171,-0.013392425384372473,-0.157845626603812,-0.018254276383668184,2.0,2.0
Acadsb,0.1694074231851846,-0.019297768492251635,0.0038581451075151564,-0.007772829351015389,0.0026274567842483523,0.0,0.017424969235435128,0.03525112737901509,0.022486553490161897,0.024745092558441685,0.03523720825091004,0.08368270868202671,0.1570594242447987,-0.02359223826032576,0.03489293936640024,0.016182007442694157,0.030650356302503498,-0.08905968307517469,0.00011836952529847622,-0.005433608472812921,0.23757793533615768,0.01861081252573058,2.0,1.0
Iars,0.11958399573108182,-0.03835160258226097,0.04956949708517641,-0.008346675741486252,0.0017257720604538917,0.0,0.02022592003457248,-0.052416921313852075,-0.1068545346474275,-0.008709663937333972,0.02594154892489314,0.07426861946703867,0.10745309080928564,0.07134243365308976,0.0983238184824586,-0.07253899464383722,0.03846932787680998,0.0013460795255377889,0.007717901640571654,0.0008882333454675972,0.014328771140426397,-0.14363209983275738,2.0,1.0
Mbd6,0.0521913768700324,-0.02841471614781767,-0.007397192339412868,-0.021589768566191197,0.002780412919819355,0.0,0.006434349967166781,-0.026892657428979873,-0.04033192432951182,0.0011839965078979731,-0.00088499098084867,-0.07387225359678268,-0.23126964665483685,0.07491394678528195,-0.0014635047363117338,-0.05233791515696794,0.047302567028964404,-0.035568973761983216,0.019403106123209,-0.004187370196450502,0.11458477914333344,-0.04990054747839167,2.0,0.0
Gpi1,0.08521663487888873,-0.014540438828989864,-0.0020514363050460815,-0.010323071996681392,0.006221312917768955,0.0,0.017302520275115967,-0.027715163864195348,-0.050594049822539094,-0.00950971240294166,0.016789226732216774,-0.15017824442125857,0.05768939098576084,0.00200196035186309,0.029707370596006512,-0.03834213716443628,0.05932497081812471,0.033697034975048154,-0.001885086838155985,-0.013303408343344926,-0.2225530334468931,0.0698796887253593,2.0,2.0
Rps6ka5,-0.3061802798346616,-0.013112970693036914,-0.03284502114634961,-0.03774198435246944,0.007578234793618322,0.0,0.011883829161524773,-0.022002158015966417,-0.005518910428509116,0.007604612458380871,0.038727524550631644,-0.20551100202836095,0.10977562236133963,-0.03416118696377453,-0.03294525034260005,0.030021065099863336,0.036646205228753385,0.048070245594717564,0.00311529325786978,0.013621035180985928,-0.1028503942862153,0.025919915882404894,2.0,2.0
Dchs2,-0.28041779741179196,-0.016561345821246506,-0.028456737394444643,-0.035245097144506875,0.007588215074501931,0.0,0.023878460018895566,0.0022970172949135304,-0.051306391921825706,-0.008656109182629735,0.031017966149374843,0.08434998824261129,0.1381908388948068,0.039045467734813426,-0.012517899724189192,0.0034537495742551984,0.1257626000791788,0.038215949954465034,0.0026297063753008844,0.013621035180985928,-0.032293651141226294,-0.03600044254213572,2.0,2.0
Clasp1,-0.3484192405990325,-0.020532996281981467,-0.03536508654709905,-0.04364294513594359,0.007083200598135591,0.0,-0.0570372922020033,-0.01789351489627734,0.0868422629032284,-0.008490061026532204,0.041311495611444114,0.07802381846355275,0.08638188330456614,0.025749426274105643,-0.025079669532715343,-0.018392872852273284,-0.16030665263184346,0.03970883414382115,0.00311529325786978,0.013621035180985928,-0.10020227103028446,-0.013826631985139101,2.0,0.0
Rps15,-0.15316273062489927,-0.01626106615178287,-0.009351720092818141,-0.01703486781567335,0.0026274567842483523,0.0,0.011614089631475508,0.05694794270209968,-0.03937596362549812,-0.042974546579644085,0.0074160514492541555,-0.02111770408926532,-0.22388919272925706,-0.14543119546025993,0.04038774708285928,-0.053882794799283144,0.056772972990293054,-0.03467376962536946,-0.015983628295361995,-0.005024130169767886,0.07318957699928433,0.06959126786561683,0.0,0.0
Als2,0.06125287591479719,-0.008671375149860978,-0.02893445319030434,-0.015049429624341429,0.007612670855596661,0.0,0.02291372861713171,-0.034467477996367964,0.10726829749532044,-0.0049391922703944146,0.07194342451170087,0.09864618093939498,0.07507820401340723,0.009478547856688238,0.05982822034042329,0.031497005573473874,-0.1483573275944218,-0.14376020108349621,-0.0017463477142155171,0.013621035180985928,-0.17174853563308715,0.006714738269802183,2.0,2.0
Rpl7,-0.2606778620555997,0.09993175085633993,-0.0048171493969857695,0.04537306706421077,0.0032311062328517436,0.0,0.007155958088114858,-0.02511467571603134,0.022077914671972395,0.018135114463511855,0.04174633589573205,-0.13492284855805337,0.11670460992958397,0.0135227783026221,-0.03371857067104429,0.006983195365173742,0.025424385925289242,-0.011460803239606321,-0.015983628295361995,-0.0005295128328725695,0.11677696272265166,-0.08023580517619848,0.0,0.0
Trim46,0.22464567773742602,-0.04813170748297125,0.04720859589986503,-0.01630395509302616,0.0015177597105503083,0.0,0.018231457485817372,0.18686545316129924,-0.06381333040539175,0.02975624133832753,0.05203016933519393,0.049324216528329995,-0.1549430602020584,-0.01782819288763676,0.03111211677081883,-0.04579967505298555,0.0370166400205926,-0.02301661482313648,-0.0038548204442486167,-0.002944006931502372,0.06669272669125348,-0.010498494550120085,2.0,1.0
Bmyc,-0.2611031204694882,-0.022747316951863467,-0.000868725418113172,-0.00987874151673168,0.0026274567842483523,0.0,0.01907961441203952,0.009040271770209074,0.034739239774644375,0.002067292609717697,-0.015983746591955422,0.06827430455945432,0.14329035363160073,0.10132169689051806,0.01817309233825654,-0.02427134170429781,0.08563413491472602,0.013947526048868895,0.019403106123209,-0.005433608472812921,0.1728475388325751,0.1005607358366251,0.0,0.0
Tpt1,-0.2072891256934963,0.05663272087462246,0.0504689691029489,-0.013490537516772746,0.0017257720604538917,0.0,0.011786298253573477,-0.05485528246499598,0.015087058446370065,0.027900391137227417,-0.08394177029840648,-0.05033330843783915,-0.13023363809566946,-0.0016140669209835324,0.02068400364369154,-0.04005953362211585,0.017044747927284335,-0.035216916305944326,0.004457532465457916,-0.0005004320922307671,0.018368932728189975,-0.05833228287287057,0.0,0.0
Gprasp2,-0.10157488119555637,-0.024498675130307675,-0.019038472231477498,0.08222071361262351,0.0026274567842483523,0.0,0.014315768210217357,0.049795563211664555,0.034634521990083156,-0.034712737994268536,0.019701601285487414,0.07114610465010628,-0.19657721443567425,-0.007557222572895626,0.016134847643552348,-0.05374503799714148,0.0016755056791589596,-0.01814537662314251,-0.015983628295361995,-0.0011785948392935097,0.0966798283578828,-0.02715013243352587,2.0,0.0
Ypel4,0.07424438459565863,0.08256269616540521,0.0007377879600971938,0.09049602485261858,0.0030781500972807407,0.0,0.01272626573452726,0.03578718812204897,-0.05339194599771872,-0.021565533061511814,0.04786302869208157,0.05711277912952937,-0.10365721055772155,-0.016954953963677327,0.018745507559506224,0.14340143482433632,0.025294609879201745,-0.03450762826483697,-0.0027340430952608585,-0.013383570215664805,0.04967194613534957,-0.03005345824174583,2.0,0.0
Pcmt1,0.12319026434328408,0.09311338471248747,0.060637289667502044,-0.014755059061571955,0.0017257720604538917,0.0,0.013498159837909043,0.16704857043689117,0.08557426590006799,-0.033151760869659486,-0.010887740142643453,0.0568402606039308,-0.16144918220583349,-0.050844185170526544,0.036700171628035606,-0.0033846493379678577,-0.044244347231870054,-0.02415562461828813,0.007232314758002758,0.0006211822782643139,0.13749411581316962,-0.16100009734509513,2.0,1.0
D630045J12Rik,-0.18614418145501987,-0.010760953123681248,-0.02484381980728358,-0.028379434193484484,0.15176663637161256,0.0,0.01582766325911507,-0.017774295434355734,-0.04124518950935453,-0.011212351260473952,-0.03968855041079223,-0.10915576747502201,0.10281577334040776,0.03472472422523424,-0.014810359564144164,0.01844455778133124,0.03329577448312193,0.050225269612856206,0.00311529325786978,0.00467650496866554,-0.14100970544852318,0.0757051484263502,2.0,2.0
Rps27,-0.18301369299646467,-0.03239612561184913,-0.006965297730639577,-0.01572828780859709,0.002780412919819355,0.0,0.010502096980344504,-0.017923649540171026,-0.04864821945782751,-0.015172642404213548,-0.008934191297739744,0.030764351971447466,0.1187166048726067,-0.05820857190740753,-0.01257684957003221,0.013342928700149059,0.060919764824211596,0.018202049685642124,-0.0027340430952608585,-0.005433608472812921,0.03978105620481074,-0.00794620709028095,0.0,0.0
Tle4,-0.24924486229894682,-0.019971242947503923,0.0009549524914473296,-0.029713173056952657,0.007083200598135591,0.0,0.026161018814891576,-0.005576840008143335,-0.10320709413848818,-0.00853747472865507,0.03649525861255824,0.06590188428526744,0.09613568040076644,-0.003641339284822607,-0.029474617270752786,-0.011058291575172916,-0.2314412671273749,0.03752114325994626,-0.002925630188547075,0.013621035180985928,-0.06762681251391768,-0.001768417190760374,2.0,0.0
Fus,0.17712856606580318,-0.023606116860173644,-0.010197272524237633,-0.015443300055339932,0.006221312917768955,0.0,0.021230772281996907,-0.06023766129277647,-0.007134585739113391,0.08932921652682126,0.026786440340802072,-0.07756560936337337,-0.11475240135099739,-0.013541908068527847,0.03633115278556943,0.07580844167619943,0.08607665819814429,0.01003632675856352,-0.0017463477142155171,-0.012057170066982507,-0.0925997230084613,0.012956431689217425,2.0,1.0
Ptprg,-0.29305725996615367,0.015007119523361326,-0.034717980702407655,-0.04197497077751905,0.007817649277858435,0.0,-0.010160993952304125,0.004287619488313794,0.0241323649790138,0.007604612458380871,0.02442190321162343,-0.3300081258639693,-0.11718507852870971,-0.029904865092121327,-0.037501340098679066,-0.006440430475631729,0.04988275582902133,0.03384573326911777,0.0026297063753008844,0.013621035180985928,-0.15068427489371972,0.016202605976723135,2.0,2.0
Dzank1,0.08356250735465437,-0.011022106427699328,0.017770910398103298,-0.009099427859764546,0.006221312917768955,0.0,0.026351920161396265,0.016016402079258113,0.03625042588450014,0.034274126584641636,0.054895705934613945,-0.13673017711378635,0.11035431327531114,0.02920006117064986,0.038244814458303154,0.03283948759897612,0.028549754791893065,0.04778247833950445,-0.0011996520636603236,-0.0144606295786798,-0.10939866662956774,0.042552877536527374,2.0,2.0
Tfdp2,-0.21562212388962507,-0.027790873167105018,0.22080784989055247,-0.016470576673746108,0.0017257720604538917,0.0,-0.08228122069500386,0.010733913537114859,-0.07623776754597202,-0.0038603676646016536,-0.002451023319736123,0.0437949552340433,0.04321056048385799,0.03697584036087392,-0.14803996112896128,-0.03913021572050639,-0.17379510061931797,0.014284856509475504,-0.0035550486017018558,0.0012443014909513295,0.12971174250822515,-0.07724305741721764,0.0,0.0
Dnajc13,-0.28764789942186325,-0.016920327208936214,-0.02904273390304297,-0.04109464343637228,0.0074252786580473185,0.0,0.01771676381584257,-0.007110506671015173,0.028653347636573016,-0.030512787159532307,-0.032324959542602304,0.049688551931176335,-0.01491223020479083,-0.04184689499206797,-0.02882596054696478,0.018309363811276853,0.0383922326809261,-0.11400312914745882,0.00311529325786978,0.013621035180985928,-0.05067105292342603,0.01680939779849723,2.0,2.0
Rpl13,-0.02810096902772784,-0.016074719950556756,-0.009246519575826824,-0.014746383214369416,0.0026274567842483523,0.0,0.01436123485211283,-0.011681333892047405,-0.020785747808404267,0.09000382421538233,-0.018788031302392483,-0.051044895134400574,-0.13900936741381884,-0.06402318269379066,0.049482772136107085,0.09121364135760814,0.06641681304899975,-0.01821862567216158,0.019403106123209,-0.004187370196450502,0.07988362302538007,0.06087846712674946,0.0,0.0
Kcnh1,-0.2635578832239844,-0.010546597852371633,-0.035631169322878124,-0.04016772344708443,-0.07487498207017779,0.0,-0.01292637403588742,-0.041490396459121254,-0.03922609496396035,-0.00516551220905967,-0.02134840772487223,-0.19938111591152846,-0.01231165302102454,-0.012030510460226651,-0.03435173348989338,0.00036988467909395697,0.015034155240282416,-0.10741997621487825,-0.0017463477142155171,0.00467650496866554,-0.22222659219289198,0.06857956336813004,2.0,2.0
Pus7,0.24627130185719578,-0.031159491217695175,-0.005846453355625272,-0.008862289781682194,0.002780412919819355,0.0,0.01004833544138819,0.08414361198432743,0.1367945161787793,-0.007114792477805168,0.0013291211146861314,0.08009631978115067,0.13297600395046175,0.012676512207153792,0.05606214161438402,0.03376830126624555,-0.0006015364243648946,0.05597289219964296,0.000603956407867372,-0.0055226255138404665,0.2694432502985001,-0.013677076567473705,2.0,1.0
4933434E20Rik,0.18592149435309693,-0.03925861637108028,-0.004762797574512661,-0.015231233537197113,0.0026274567842483523,0.0,0.008404058609157801,-0.09629650126211345,-0.01688447858672589,-0.06024273328948766,-0.06545632689259946,-0.01834161697886884,-0.16887432526797055,-0.024608102394076924,0.05528286462184042,-0.05137140465900302,-0.027510211862099822,-0.05384019254939631,0.000526326079852879,-0.00833556329132989,0.09961372070596554,-0.05497834461275488,2.0,2.0
Ssbp3,-0.29664349705213683,-0.01100862174294889,-0.044863984300754965,-0.04284440338611603,0.005921276863664389,0.0,-0.010549913733266294,5.882845027372241e-05,-0.022890811413526536,-0.007871898313751444,0.02713113053701818,-0.3381486504897475,-0.09536328867310657,-0.026875967941214184,-0.03458699611481279,-0.008813459133962169,0.020102196587249637,0.030004336435813458,-0.0011220217170193792,-0.013392425384372473,-0.1963229495473206,0.018735317657719863,2.0,2.0
Macrod2os1,0.0650424629682675,-0.014520938275381923,-0.03214020393788815,-0.015063140112906694,0.007954748915508389,0.0,0.025592662636190654,0.04221248073037714,0.03625042588450014,0.058332230683299714,0.05628353850916028,-0.17816988676786422,0.10971833971329033,0.016358778966368847,0.01653356004972011,0.03290839015855454,0.046579939506482336,0.04313920879736543,0.0026297063753008844,0.013781265765428543,-0.1517577360291034,0.02973088551312685,0.0,2.0
Ap3b2,0.1812033159751445,-0.022214894904755055,-0.006580244139768183,0.0863370734686032,0.002780412919819355,0.0,-0.008148577702231706,-0.02878704774659127,0.054526225603185596,-0.009207370150834322,-0.05649903626181185,0.08083809005562216,0.042343424959108235,-0.09604243439855054,0.06961189635214396,0.058057762300595644,-0.003083611843176186,-0.015396774779073894,-2.036958932876587e-05,-0.0034218238038010895,0.17701598051935435,0.0791343646030873,2.0,1.0
Cry2,0.17646681162528693,0.028582838950678705,-0.053662028014659885,-0.015307750990614296,0.007954748915508389,0.0,0.029240100639872254,-0.00519457092625089,-0.052694004415534436,-0.01722435883246362,0.05157883209642023,-0.01367972555803135,-0.0666775867016986,0.06021217487474132,0.07849479091353714,0.09287493193987757,0.07753049572464078,0.017585014272481204,0.0026297063753008844,0.011876301597803831,-0.12403343074955046,0.012735962173901499,2.0,1.0
Clk1,0.18203528838930652,0.10460908067412675,-0.00043147833552211525,-0.015318348165601492,0.0026274567842483523,0.0,0.010638588522560895,-0.07709758512675763,0.015151164042763413,-0.04064163171220571,-0.05649903626181185,-0.04959026667289436,-0.2610889255721122,-0.0419788692610291,0.05640933132264763,-0.05768362102098763,0.012813528447877616,-0.048332909445744004,0.000526326079852879,-0.00833556329132989,0.10311294023878873,0.019850128339603545,2.0,0.0
Rbms3,-0.3160251271678135,-0.014381378358229994,-0.02801489697769284,-0.039770731455646455,0.007083200598135591,0.0,-0.08134410050231963,0.033333108335500586,0.07622074082959443,-0.006670413030078635,2.6351381093263628e-05,-0.09186628460185603,0.10115962803130969,-0.01396720591628764,0.030321499090641735,0.012022652714513242,-0.08281386066228151,-0.07226980442879721,-0.0011220217170193792,0.013781265765428543,-0.1711490399437025,0.0006482225807849318,2.0,2.0
Rtca,0.24020408457145095,0.08689580048900097,0.0013012227742001414,0.05765723475255072,0.0030781500972807407,0.0,0.0025934921693988146,0.022478367490693926,-0.04490508395712823,-0.006885032866848633,0.049436427219770845,0.0795934372791089,0.05896343320608139,0.06634479958961492,0.04495211310684681,0.02056480010272935,0.09876586402300745,0.012493945821188391,0.000526326079852879,-0.0005295128328725695,0.15562605156563222,-0.11740245017863345,2.0,0.0
Sept4,0.15711982221575455,-0.033323458419181405,0.04073857214767486,-0.025329781994223595,0.0015177597105503083,0.0,0.012361299055628478,-0.06743025753006805,0.12042293186765164,-0.02596477601211518,-0.05543995503336191,0.072714793109335,-0.06245684964233078,-0.07266970994397524,-0.09496605696622282,-0.0388301504496485,0.02024971827311674,-0.004054701218847185,-0.004479146441444755,-0.002107246958184987,0.12817078763851897,0.0018370444364700235,2.0,1.0
Cpne7,0.09317621466238052,-0.011680500754155219,-0.009686664026230574,0.10113152817357332,0.00645074712112546,0.0,-0.0019671293022111057,-0.04845019524218515,-0.010470004612579941,-0.003172537782229483,-0.04844974658451975,-0.2462959015253,-0.03054901451803744,-0.0018166726407980605,0.0014612295036204159,-0.00897060870192945,0.03621709864586592,0.033153838880825785,-0.0017463477142155171,-0.017309174239635468,-0.20779400792904199,0.021223991836432105,2.0,2.0
Rps2,-0.08230542831122875,-0.020769587620161473,0.025277098626829683,0.11016771389171481,0.0026274567842483523,0.0,0.010924468918237834,0.002735294788144529,-0.02719136418309063,-0.00021716038696467877,-0.04051241535693407,-0.06598021126585081,-0.2505492087872699,-0.06709901779847315,0.05209017053246498,-0.03935559460427612,0.05800768925109878,-0.019853850707877426,0.019403106123209,0.015360767066013067,0.10053146739955991,0.0709276672732085,0.0,0.0
Trmt1l,0.12081268722191453,-0.0765983065776527,-0.003822484128177166,0.045811425800202414,0.0030781500972807407,0.0,0.019911506134085356,-0.014182489067316055,0.05854683741927147,0.03687990614911541,0.05545083895325661,0.09208923822268844,0.08463411737699061,-0.036168530890818146,-0.13835782770067453,-0.007027935890946537,0.007464850104297511,0.005555422687903047,4.073919728398323e-05,-0.0005295128328725695,-0.009155281905550509,-0.1084114766214043,2.0,1.0
Fgf14,-0.29310565582942216,-0.014232484176754951,-0.03552638950292021,-0.04248833533376455,0.0076547128614038226,0.0,-0.011057764068245888,-0.019202301788609474,-0.04124518950935453,-0.013546794912545011,0.029174461029469967,-0.3251992499269545,-0.01674008581554517,-0.027020744400088007,-0.03720766188576818,0.005731162331067026,0.03468255512882024,0.02445528779178858,0.00311529325786978,0.013621035180985928,-0.10898283874150366,-0.011673573551233858,2.0,2.0
Exosc10,0.20242818230763077,-0.024289116756990553,0.0037376358034089206,0.052599019668996334,0.0026274567842483523,0.0,0.013223347030580044,-0.07405619303695858,-0.06706833160948009,-0.0024950209772214293,-0.011693572131916881,0.07881800238974393,0.07931716651190072,0.103274715624284,0.064085246961331,-0.004759787409566343,0.0815471845306456,0.010907248221337795,-2.036958932876587e-05,-0.0034218238038010895,0.24284624519757927,0.12558563237078488,2.0,1.0
Ptprk,-0.3107535044243559,-0.016561345821246506,-0.02207186107058078,-0.03760846238117665,0.0074252786580473185,0.0,0.008926251525990666,0.0013428422762081027,0.02170489669777453,-0.007871898313751444,0.03060570585541427,-0.17593509710393845,0.10724471375811845,-0.024414599950414412,-0.036539720557630065,0.010173261262243613,0.024237729008309544,0.03661361759062856,4.073919728398323e-05,0.013621035180985928,-0.035645381123758854,-0.049702032164204865,2.0,2.0
Nup98,0.05601664006244391,-0.015736713958904146,-0.027289409595541655,-0.015049429624341429,0.006221312917768955,0.0,0.02603488611057401,-0.08283009871607647,0.05444410629570484,-0.016173497925046833,-0.06174843718763441,0.11686282935319468,0.08855478973593563,0.029971046335995198,-0.002381763100856915,-0.014103623209521174,0.059843021178239725,0.04406870131380856,0.00311529325786978,-0.0144606295786798,-0.11446394246071577,-0.002178166916128248,2.0,2.0
Gbf1,-0.333452369584702,-0.011615286227315664,-0.04406033312436193,-0.043455447009764614,0.005232974253594876,0.0,-0.20394863890483975,0.03314838878926821,0.029678070237860083,-0.005560804244596511,-0.022112501473166048,0.0633051737747155,0.12190803737845272,0.01090429750018302,-0.018943453044630586,0.019912763277534395,0.016488381053786725,0.0437916042516008,-0.0011220217170193792,-0.013445835579186678,-0.14729521013330668,0.013102446934226464,2.0,2.0
Ncald,-0.2608999951323494,-0.014464764283038676,-0.0364129453478381,-0.04633622658904642,-0.07556328468024731,0.0,-0.16220807232894002,-0.04254262081347406,0.02381849423982203,-0.012911897910526023,-0.024334765966050328,-0.12619077707873658,0.05495428037131205,-0.0008939608377295372,0.002058261628262699,0.007948185548884793,0.027458076069597156,-0.08919874101644382,0.00311529325786978,0.00467650496866554,-0.15035921011585743,0.02292549010133371,2.0,2.0
Ndufa13,0.20089094117982312,-0.030547801689244806,0.07495786738116295,0.10242604194208979,0.0015177597105503083,0.0,0.013329821473453194,-0.018827487831003964,-0.04306627029087395,-0.01718629411421716,0.05545083895325661,0.058278227082919326,-0.15141900782007725,-0.051468442473369576,0.059464724468998614,0.1009920799639076,0.022437944634875747,-0.032408271855674686,0.007232314758002758,0.017440890304278582,0.01110122879035771,-0.019007658483460546,0.0,1.0
Bora,0.16056054743472487,-0.016669416860677303,-0.02615800282917917,-0.011254177265800535,-0.12415654269978404,-0.0021636615693569183,-0.0002602025680243969,0.08011684432625771,0.0037839176412671803,0.0884773204382509,-0.08736683524213731,-0.03184774865861982,0.07679953590966761,-0.030897227246314288,0.02631291277706623,-0.03545360784512013,0.00833961476571858,-0.003130018524825573,-0.04125447332859039,-0.0003480970859527588,-0.059684483292512594,0.007331758849322796,1.0,0.0
2810405F17Rik,-0.08364259278867393,-0.009802808430977165,-0.004076735600829124,-0.009966614400036633,0.010431306920945644,0.0,-0.0001951519213616848,0.0038029036531224848,0.004791839495301247,-0.15099099897008272,-0.0451623591966927,0.03495474529685452,-0.16384703281568364,-0.02433690579608083,0.05062317070769495,0.05891848895233125,0.0068175825150683525,-0.028724430417641996,0.006402622046880424,0.04829846827313304,0.032381467847153546,-0.006728355959057808,1.0,0.0
Aprt,0.00845855069346726,-0.0033075787825509904,-0.005723297717049718,0.007468257001601159,0.021441009789705277,0.0,-0.0003903038427233696,0.022762023033574223,0.00014641810208559035,-0.05237780719064176,0.043917239299044016,-0.0059490730962716044,0.13390297119738534,0.042451457725837825,0.05795467853546143,0.11693112377077342,0.005025728740729391,0.08790823886170983,0.04071176594123244,0.014184955805540085,0.0042468094686046245,-0.0036118287220597268,1.0,1.0
Ap1ar,0.1250004292372614,-0.07468109486158937,0.06455977391917259,-0.019856614116579293,0.14591923522762953,0.0009616273641586304,-0.0001951519213616848,0.09093376429285854,0.010553851230069996,0.02162755491910502,0.001859879274852574,-0.07691923504229635,-0.1761552821053192,-0.051116831987164914,-0.032527302671223876,0.027330845100805162,0.0004925420158542693,-0.019976307936012745,-0.011376243252307176,-0.0003480970859527588,-0.06522038832772523,0.007486554300412535,1.0,0.0
Rbm8a,-0.03913346820510924,0.003984446497634053,-0.006625392688438297,0.17635589836398138,0.006648520063608884,0.0,-0.0001951519213616848,-0.014492417122237384,-0.00303332825191319,0.0018625826202332974,0.016499423009809108,0.0010387035156600177,-0.15128515315707772,-0.03410501242266037,-0.00952223771964782,-0.10780222448287531,0.010630140830762684,-0.01314874330535531,0.007435212696436793,-0.0010442911833524705,-0.07539944772142917,0.003816183917224407,1.0,0.0
Rrp7a,0.13756839966401457,-0.010042270179837942,-0.014372943788766862,-0.028973651882261038,0.009437459716573358,0.0,-0.0001951519213616848,0.051283371709287165,0.014572482444345952,0.034036544968985255,-0.0059604273410514,-0.06824539839057252,-0.246450946489349,-0.058368173899361865,0.037750513159990076,-0.06450848155654967,-0.0031092883693054317,-0.020747362137772143,0.0065409695263952015,-0.0005221455916762353,0.008941627517342567,0.007936418559402227,1.0,0.0
Trabd,0.24247462002094836,0.017837863769382237,0.03563496239017695,0.10077664787182584,0.024895259570330383,0.0,-0.0001951519213616848,0.040318636242300275,0.018386449120007455,-0.01743389600655064,0.02416858539218083,-0.05625098315533251,-0.1266912247845903,-0.027800707542337478,0.05992463715883787,0.0831022189493524,0.004063246487639845,-0.005036131273955107,0.008944448644760995,-0.0005221455916762353,0.06846811812371016,-0.004466437688097358,1.0,1.0
Ptges2,0.22051795053877868,-0.00813250049483031,-0.02124234094284475,-0.01068361135199666,0.019337572809308767,0.0,-0.0002602025680243969,0.07415649361908436,0.007363803004845976,0.022894465550780296,-0.008098818552680314,0.06560051620705053,0.19670887294225395,-0.05088960909284651,-0.10573400006629527,-0.09980867418460548,0.00615353056229651,-0.004623143505305052,0.01923786323517561,-0.0003480970859527588,0.008576476806774735,-0.01013849426060915,1.0,1.0
Trpc4ap,0.09521504301577806,0.06810937979025766,-0.006561835301108658,0.09459467494860291,-0.0061506174970418215,0.0,-0.0001951519213616848,-0.056120786569081246,0.02975710337050259,-0.03249373632017523,0.005263732383027673,-0.023018778529949487,-0.15409359390847385,-0.03607529145199805,0.05964250646575238,-0.07244095902191475,-0.013132353199180215,0.025265821143984794,-0.0072187126846984025,-0.0003480970859527588,0.044649767950177194,-0.021080658095888792,1.0,2.0
Uqcc1,0.09881899640429764,0.010787017703987658,-0.006217525471001863,-0.0004551065620034933,0.010604190211743116,0.0,-0.0002602025680243969,-0.07683547574095428,0.008484373465180398,-0.029853864908218383,-0.017590037402696906,0.0453923660912551,0.13583341954275965,0.04785237570758909,-0.006035286826081574,0.023985178699949757,-0.03816868840716779,0.016945954775437713,0.013108013328164816,-0.0002610727958381176,0.05512742744758725,0.01570889593102038,1.0,2.0
Sema4a,0.20984640625305473,0.0038132107467390595,-0.007112105581909418,-0.012753002131357789,-0.07328690251335501,0.0,-0.0002602025680243969,0.010640690219588578,0.01437159419991076,-0.00708428669910063,0.004984015831723809,-0.0672935101413168,-0.13480603286996484,-0.0565985743154306,0.03942722838590271,0.047875460763461886,0.011853639702312648,0.012742942706681788,0.007319688033312559,-0.0005221455916762353,0.09932646255940199,-0.001516295555047691,1.0,1.0
Dld,0.24902306738309563,-0.010442332881502807,-0.008944169450551272,0.006725243371911347,0.03147118140012026,0.0,-0.0002602025680243969,-0.02472488923929632,0.010693688448518514,-0.1717477084044367,0.012661426397971808,0.05018844843376428,0.1552486040443182,0.05755883349105716,0.08054864942096174,-0.016189951351843774,0.0080502884183079,-0.01965183371677995,-0.030681954119354485,-0.0003480970859527588,0.05026429522782564,0.007794758249074221,1.0,1.0
Noc3l,0.26360249549150466,-0.0027233094954863192,-0.008944169450551272,0.01556198623497039,0.03287301141768694,0.0,-0.0002602025680243969,-0.02472488923929632,0.010693688448518514,0.12207787831721362,0.0016569714387878775,0.04985763329081237,0.15383611333090813,0.056511837760917845,0.04028070147614926,0.004146557673811913,-0.023429562402889133,0.00017645628191530704,0.026572267021983863,-0.0003480970859527588,0.0901680621271953,-0.0006791180558502674,1.0,1.0
Wdr41,0.22927380957640708,-0.002086173975840211,-0.008576676985248922,0.022341079958714545,0.02466756697744131,0.0,-0.0002602025680243969,0.009401695197448134,0.01205958716571331,-0.13822407111525536,0.04411966774147004,0.019153915722854437,0.10995576442219317,0.14254744074307382,0.08292938790284098,0.13683348387014121,0.0028935601050034164,-0.01950904062949121,0.0262291650660336,-0.0003480970859527588,0.03864984478801489,0.0073110550455749036,1.0,1.0
Cd302,0.2529846891993657,-0.000168622313067317,-0.008944169450551272,-0.009648057003505527,0.016639088429510594,0.0,-0.0003903038427233696,-0.020231341919861735,0.010693688448518514,-0.18932364710839467,0.0027017638040706515,-0.012330479053780437,0.10545432266313583,-0.01766759071033448,0.0775086096022278,-0.06273137253243476,-0.05089305892121047,-0.021123662972822786,-0.03990150323137641,-0.0005221455916762353,0.02966314765624702,0.00243470944929868,1.0,0.0
Adamts20,-0.4146191267855465,-0.016035005273297428,-0.013151149181649089,-0.04471697336761281,-0.19147130500525236,0.0,-0.0004950011335313321,-0.01477821009233594,0.0021238204324617984,-0.049570724854711444,-0.03160257519688457,0.0685574785573408,0.07669583988375962,0.0075888029672205445,0.01605853168759495,0.019320720992982387,-0.11440605685580522,0.04764191038906574,0.0016776920156553387,-0.0003480970859527588,-0.032134598828852175,-0.011038575060665608,1.0,0.0
Gm12743,0.23239281103480608,-0.002016993090510368,-0.008668772419914603,-0.004869236382655799,0.01804747086018324,0.0,-0.0002602025680243969,-0.015145644932053982,-0.00025181634351611137,-0.12711271100910382,0.011576342140324413,0.09756636563455685,0.13240708022378386,-0.015085511822253466,0.0906136969011277,-0.03468822572380304,0.01585276200901717,-0.012076805979013443,0.0006848438642919064,-0.0005221455916762353,-0.02385913858190179,-0.009533180682919919,1.0,1.0
Stradb,0.11340464729815722,-0.039913763413205745,-0.027719083642587065,0.050770960797090085,-0.12616834102198482,0.0,-0.0001951519213616848,-0.02379465602338314,0.004767791316844523,-0.11153684959746897,-0.026507790959440173,-0.02951951569179073,-0.16193230892531574,-0.030715438408078624,-0.07849295071326196,-0.04086825589183718,-0.006202250444330275,-0.01963280213996768,-0.009580615111626684,-0.0003480970859527588,0.0006887175235897303,-0.0007877766340970993,1.0,0.0
Sh2b3,0.2391429978236556,-0.016035419134423138,-0.020664948038756847,-0.00540099245030433,0.02248395634815097,0.0,-0.0001951519213616848,0.024499626085162162,0.013401382928714156,-0.0057354753743857146,-0.008715946180745959,-0.04584251590073109,-0.2440428705420345,-0.06085407278151252,0.03553376284005935,-0.012684312565252185,-0.002699262695387006,0.05326982699334622,0.018853929815813898,-0.0003480970859527588,0.010345230251550675,-0.003895149379968643,1.0,1.0
Bag5,-0.022069312990643086,0.05898378518642858,-0.004206054965034127,0.02158719516824931,0.008268978744745255,0.0,-0.0001951519213616848,0.03969223097432405,-0.0645219214167446,-0.008139583724550902,0.044421018394641576,0.010894246448297054,-0.20366415723226963,-0.027643377949716524,0.024413655885000482,0.00706129660597071,0.002671789391897619,-0.012725537549704314,-0.01080390393268317,-0.0010442911833524705,0.00070911830291152,-0.01414593318477273,1.0,0.0
Serpinb6a,0.12055344670079648,0.012629232220351696,0.058090665210038424,-0.011148546254262329,0.015979038029909135,0.0,-0.0003903038427233696,0.0719891314394772,0.009263866059482097,0.10075604419223964,-0.05450483177788556,-0.014603570550680161,0.10428233633749187,-0.02692220788449049,-0.0948664408735931,0.039983773911371825,0.00840395387262106,0.02228125736117363,0.004695214349776506,-0.0003480970859527588,-0.014574762219563126,0.02811756655573845,1.0,1.0
Cog7,0.11797181816305966,-0.0014590225648134947,-0.012189573543146252,-0.006234616581350565,0.02456327071413398,0.0,-0.0002602025680243969,0.035696037523448465,0.006400386244058609,-0.08231615428812802,0.031903883260674774,0.09466848821379244,0.14284963219426572,0.03180581474676728,0.06737549339421094,0.09070911267772316,0.010265186806209385,0.026163732269778847,0.013696211953647435,-0.0005221455916762353,-0.05782517329789698,-0.03113977435976267,1.0,2.0
Gpr161,0.12928291026502847,-0.024325579684227706,-0.022803421756252648,0.14470148087479173,0.02093362098559737,0.0,-0.0001951519213616848,0.08673662483226507,0.007363803004845976,0.021577897381503133,-0.01629463133402169,-0.05275987467262894,-0.11684003002475947,0.014409133018925786,-0.11830241047311574,0.06887002914212643,-0.0022461405303329227,-0.006827965956181288,-0.006231913878582418,-0.0003480970859527588,0.022564227432012557,0.0028909025341272354,1.0,0.0
Marcks,-0.12288768868311309,0.011313197067938745,-0.008875119453296065,0.00222853546962142,0.021262230947613717,0.0,-0.0002602025680243969,0.05518840168602765,0.007646201439201832,0.04557320370338857,0.0051017259573563935,0.06774182537104935,0.12234934056177735,-0.023103058990091085,0.045823200531303884,0.05752548867370933,0.0036930173193104564,-0.03501649443991482,-0.046664691702462735,-0.0010442911833524705,0.035975552625022826,0.008403895786032081,1.0,0.0
Ppp6r1,0.16096050176303833,0.05924532163888216,-0.022803421756252648,0.1059859946044162,0.03602092338725924,0.0,-0.0001951519213616848,0.03788336860015988,0.011802465575747191,0.0055588599410839375,-0.03482146689435467,-0.05353829970350489,-0.11190367327071726,-0.026397511168615894,0.05774640430274303,0.10148799295828212,-0.003759086839854717,0.025265821143984794,0.005044706996995956,-0.0005221455916762353,0.06430164430290461,0.0032306163758039474,1.0,2.0
Dpf2,0.30111227482557296,-0.00842845949344337,-0.012461840226314962,0.010298786554485559,0.011946172527968884,0.0,-0.0002602025680243969,0.03932144490070641,0.011396518414840103,-0.1657240923703648,0.05021528636105359,0.05069869447732344,0.07879791569896043,-0.023000784814357758,-0.00927204679697752,-0.02523098177742213,0.005104058319702744,-0.020371638312935827,0.01921671994961798,-0.0003480970859527588,0.03469263958744705,-0.00963057518005371,1.0,1.0
Ankle2,0.24514625607058405,0.016494553061202167,-0.006647161906585097,0.014385154829360544,0.010604190211743116,0.0,-0.0002602025680243969,-0.10917194494046271,0.014107597656548024,0.023306672656908632,-0.016687114108353853,0.03180264273192734,0.18205281435512005,0.058266831731889394,0.11995310670696199,0.02618351571727544,-0.008071229341439903,-0.00390333890914917,0.019507932760752737,-0.0003480970859527588,0.05845606122165918,0.0047541635669767855,1.0,1.0
Rapgef6,-0.34047555894125253,-0.0049974082363769415,0.009901499520055949,0.08608804209623486,-0.16180575873702766,0.0,-0.0004950011335313321,0.04292837912216783,0.010576966963708401,-0.02264541804790497,-0.004064138773828745,0.02985943083651364,0.03754032459110022,0.04173763366881758,-0.0364770519407466,0.015210789284901693,-0.006438884427770972,0.010629833647981287,5.012103356420994e-06,-0.0003480970859527588,-0.0486216067103669,-0.010565838327165693,1.0,2.0
H2-Ke6,-0.15477640323340894,0.00021475303685292602,0.011927992845885456,-0.02239455870818347,0.005686981324106455,0.0,-0.0001951519213616848,-0.0190979447029531,0.0012081859400495886,-0.17717756582656874,-0.017577457642182708,-0.050500718012917785,-0.2039772158116102,-0.05286479914560914,0.004663798378169303,-0.05066527348943055,-0.007220532190985978,-0.03634354905690998,-0.006948536918498576,-0.0010442911833524705,-0.026949575003236532,-0.009559745006263255,1.0,0.0
Fam222b,0.04840193498879671,-0.0070797504670917985,0.005247579184360802,-0.02931238974444568,-0.11892561005428433,0.0,-0.0001951519213616848,-0.02232005501165986,-0.024024207992479205,-0.006588831006083638,-0.003658675444312394,-0.034594988422468304,-0.09219033727422357,-0.051583894761279225,-0.10976203423924744,-0.019646338282036595,-0.009550976334139705,0.05326982699334622,0.006013520974665881,-0.0003480970859527588,-0.01872221302241087,-0.04075360590592027,1.0,2.0
Dennd3,0.1389586755959317,-0.006562067186459899,0.01327722049318254,-0.002219037115573883,0.01561090199276805,0.0,-0.0007806076854467392,-0.043139853524044154,0.017569199912250043,-0.01843220484443009,-0.004729372947476804,-0.10633572282269597,-0.02720662597566843,0.052082184264436365,0.005742555102333426,0.07776349080028012,0.0037880800291895866,0.007770520262420177,0.01800732732284814,-0.0003480970859527588,0.07372233403846622,-0.01121594363823533,1.0,2.0
Pcyt1b,0.10807780407834798,0.0035998328775167466,0.058090665210038424,0.001834569382481277,0.020617512241005897,0.0,-0.0003903038427233696,0.07839191460981965,0.02247871252708137,0.039813457177951934,0.017969069229438903,-0.06735247497446835,0.12041222282219678,-0.014829526552930475,0.1334256031550467,0.014304091646336019,0.003867814396508038,-0.00390333890914917,0.013867251235060394,-0.0005221455916762353,0.05232169147580862,0.01587716868147254,1.0,2.0
2810006K23Rik,0.20372272233944386,-0.015914757922291755,-0.008312609996646642,-0.01637694103643298,0.006023534499108791,0.0,-0.0001951519213616848,0.007646364443935454,-0.09006867402233183,-0.09229515016937512,-0.005630542244762182,-0.09035203138599172,-0.21130190576426686,-0.03510364384506829,0.047038117723859615,-0.13632867026608436,0.02200407808413729,0.07933068417478353,0.04756877767853439,-0.0005221455916762353,0.007917779106646776,-0.001516295555047691,1.0,1.0
Psmb7,0.14117535878438503,-0.0051149945426732304,0.05781526817940175,0.0065921161044389005,0.03432610861957073,0.0,-0.0002602025680243969,0.05343159206211567,0.016442625671625136,0.006668371725827456,0.03183680114336312,0.07405247580725699,0.11997569453902543,0.06293307113461197,0.053948570201173426,0.0730080757336691,0.017778785601258278,0.011428971979767085,0.014467679639346897,-0.0003480970859527588,-0.0527241035643965,0.015575563944876194,1.0,2.0
L2hgdh,0.21326228696387262,0.0016654950939118862,-0.021517737973481416,0.006581790428608656,0.02738887021318078,0.0,-0.0002602025680243969,0.03533146233297885,0.014836478987708688,0.03481456490233541,0.007654907875694335,0.08498729951679707,0.19331017524003982,0.022489299038425087,0.09723857545293868,0.07534334763418883,0.003358481496106833,-0.002981474678963423,-0.02287638477049768,-0.0005221455916762353,0.03130594041198492,0.008091214010491968,1.0,1.0
Pprc1,0.25329285469837487,-0.020266775321215392,-0.008312609996646642,-0.0009108550986275077,0.024827678203582764,0.0,-0.0001951519213616848,0.05678075067698955,0.0004981924220919609,-0.009306341344490647,-0.0047328587295487525,0.037796989136841146,-0.1974772419501096,-0.01881736229173839,0.08609151060736622,0.06623987386934459,-0.0017086902493610979,-0.007959290072321892,0.0065409695263952015,-0.0005221455916762353,0.07021487133577466,-0.009146871976554394,1.0,1.0
Grb2,0.09165836439933628,0.011703027456533163,-0.02318065454252064,0.1216149389743805,0.020160631760954856,0.0,-0.0002602025680243969,0.04117571776732802,0.009169255369342863,0.024473832082003356,-0.013613040486816316,-0.014019702486693859,-0.016994637199677528,0.05029761908343062,0.01127171797255869,-0.028836115109734238,0.0010725062293931841,-0.0035643019061535595,-0.0001393352053128183,-0.0002610727958381176,0.07083167174831033,-0.010636668500956148,1.0,2.0
Tmem160,-0.17393091265112162,-0.00752050993964076,-0.00607388571370393,0.0071031376859173176,0.01782094432041049,0.0,-0.0002602025680243969,-0.024592888010665774,0.005596169419586659,-0.09894780309405178,0.02984407540410757,0.004184044576250017,0.07662047897931189,0.04403949191095308,0.04459895185194909,0.058260795488022266,0.01658640642184764,0.0018795495014637708,0.022350572524592282,-0.0003480970859527588,-0.008313862476497888,0.0054503572545945645,1.0,0.0
Cdk16,0.17764085030765273,-0.006697087327484042,-0.03238436624407768,-0.08447298771003262,0.017774830739945173,0.0,-0.0007806076854467392,0.024875060254707933,0.014836478987708688,0.025912729669653346,-0.0022690266417339446,-0.0706668734154664,0.08248157468158751,-0.010721564651466906,-0.041104799297172576,0.008590721106156708,-0.007616232358850538,-0.003079114407300949,-0.007097492418251932,-0.0005221455916762353,0.0350450813351199,-0.005015793582424521,1.0,1.0
Ophn1,-0.28641896315151827,-0.0006385883828625083,-0.009800365315750242,0.05372097600484267,0.16176853323355317,-0.06827554285526276,0.009011602140963077,0.04080471431836486,0.010593683551996946,0.006658186735585332,0.0058471219195052986,-0.03153992136009037,0.04256174765061587,0.027816201164387166,-0.019569877514149993,0.026259154174476863,0.013274538677651436,-0.008586137583479285,-0.005822124355472624,-0.0003480970859527588,0.018876491566188633,0.002968685580417514,1.0,2.0
Pigc,-0.18313678906299174,0.0021719448803924025,0.0526213549496606,0.06082339027663693,0.022440455202013255,0.0,-0.0002602025680243969,-0.048896927568130195,0.005897606760263443,0.11702904569450766,0.059735975544899705,0.011105633391998708,0.15243065101094544,-0.03899462352972478,0.04857240341603756,0.03827687659300864,0.001378992237150669,-0.09101173982955515,-0.051497671226970854,-0.0010442911833524705,0.03395694938953966,0.004656449947506189,1.0,0.0
Ppp3cb,0.0707053055241704,-0.02421698547899723,0.013631365927867591,-0.019557903995737435,-0.0010166166676208377,0.0,-0.0001951519213616848,-0.09156612677499652,0.0019752451311796904,-0.01367960611358285,0.01779233313165605,-0.08177034059073776,-0.11089034212287516,-0.020642208876088263,-0.18069530689623206,-0.143043731325306,-0.0014063215535134077,0.05326982699334622,0.004853631015866995,-0.0003480970859527588,-0.005198029130697251,0.003332458008080721,1.0,0.0
Commd2,0.1423665368091315,-0.005773308530915528,-0.012872065678238868,0.026942177638411523,0.026546590477228165,0.0,-0.0002602025680243969,-0.009029857264831662,0.004982052557170391,-0.0682156778452918,0.0353878940269351,0.03904663364868611,0.16167758886702358,0.05103752473834902,-0.11339207598473877,0.10773187815211713,0.019014981933869423,-0.010830910974182189,-0.004135492867790163,-0.0002610727958381176,0.011552764493972063,-0.0024323675222694876,1.0,0.0
Zfp646,0.15057077253237366,0.06706697060726582,-0.0036883281217888,-0.0007453058799728751,0.00950465886387974,0.0,-0.0001951519213616848,-0.05338017787784338,-0.10539082488045097,-0.01040204664459452,0.028218081283848732,-0.052303504010196775,-0.1428720312844962,-0.019881449663080274,0.024248765325173737,0.08641998740204145,-0.01302731532137841,-0.02112813187763095,0.0031136599811725316,-0.0003480970859527588,-0.0001678347075358033,-0.0092885322868824,1.0,2.0
Tmem69,-0.07083342025056481,-0.0233580817328766,-0.012872065678238868,0.010634892438538372,0.013788081984966994,0.0,-0.0002602025680243969,0.005596585748717189,0.005858841119334102,0.006006253021769226,0.008115861020050942,0.019082234955858438,0.03346272417344153,-0.05152402819599956,0.042686448772874426,0.015986003375146537,0.031521406271494926,-0.00831004955805838,0.012227762453258038,-0.0010442911833524705,0.01550411116797477,0.002171593029052019,1.0,0.0
Gm26638,0.2574229751387611,-0.002993758977390826,-0.006647161906585097,-0.007184037587139755,0.010799607415683567,0.0,-0.0002602025680243969,-0.06651471996679902,0.004973027734085918,0.01980502781458199,0.004298704278189689,0.06139554209541529,0.14611350250430405,-0.007776396041736007,0.11865622907411306,-0.054767610239796344,0.001194447751622647,-0.005375168165192008,-0.01218691571848467,-0.0003480970859527588,0.043871931908652184,0.00819140530191362,1.0,1.0
Evc2,0.13482447168324144,-0.005864528138190508,-0.020878105815500023,0.005299541754648089,0.033330215886235234,0.0,-0.0003903038427233696,-0.009331104075536133,-0.017098246403038503,-0.021280322708189487,0.00693794128485024,0.07826801035553217,0.10080743065103888,0.08805135098285972,-0.0061701498134061694,0.06796000357251614,0.0014539555413648486,0.020263877231627703,0.020241762683726846,-0.0003480970859527588,-0.07555298029445112,-0.020138726672157645,1.0,2.0
Ccnyl1,0.07287483281921596,-0.03461679573170841,0.025308111174963413,0.07690779044060037,0.012805037442594766,0.0,-0.0001951519213616848,-0.0766645929357037,0.0007344107469543815,-0.11815166561165824,0.013958454718813301,-0.06320693224202842,-0.18230888149235397,-0.0292990853311494,-0.10146645480766893,0.021834926549345254,-0.0026924968464300037,-0.020784626081585884,-0.009864265695214272,-0.0003480970859527588,-0.012024124097079038,-0.0007877766340970993,1.0,0.0
Tpr,0.13243996900040655,-2.066925633698702e-05,0.02495461469050497,-0.010437136529944838,0.005746552450582385,-0.0014424410462379456,-0.0002602025680243969,-0.11805617548525334,0.003562363786622882,0.13391242682002485,0.019480629563331603,0.05391567089594901,0.09808161211200059,0.00956533282296732,-0.11620477448683232,-0.3110546959424391,0.007153578703291714,-0.06647670129779726,-0.016479137991555034,-0.0002610727958381176,0.053049709871411325,0.012028862740844488,1.0,0.0
Heatr1,0.09174148614518345,0.02598310452653095,0.03616904728580266,-0.06033321619965136,0.004567402908578515,0.0,-0.0002602025680243969,-0.09515442586503924,0.0021335616335272788,-0.018292895085178316,0.0045113763259723785,0.0414678918896243,0.1286293223220855,0.050159268327988685,-0.2691213402012363,-0.026856321532977744,-0.013576098447665573,-0.0028694016532972455,-0.007183267907239496,-0.0002610727958381176,0.01921019384637475,-0.008398040365427732,1.0,2.0
Cbx1,0.1384827729407698,0.04334046969423071,-0.008559384825639426,-0.054887129759881643,0.01060266646090895,0.0,-0.0002602025680243969,-0.0515152355004102,0.00598859978839755,0.006666001139674336,-0.005904719545505941,0.022480853563174606,0.16811278499197216,0.0740921939816326,0.08892486724071205,0.01557386278640479,0.04489222560543567,0.00477606451138854,0.010260960734449327,-0.0003480970859527588,-0.09148870673030615,0.007442150050774216,1.0,2.0
Nupl2,0.27647489063907416,-0.0068329308833926915,0.013916820827871561,0.008731906316243113,0.005545944403856993,0.0,-0.0003903038427233696,-0.03776914475020021,-0.000302623612806201,-0.0009340952266938985,-0.06431003820616751,-0.010240239524282515,0.13670774596743285,-0.007311178278177977,0.13465168087277563,0.06068568005692214,0.0058391782315447924,0.01904541416093707,0.02010836116503924,-0.0005221455916762353,-0.06645857033319771,0.004748112061060965,1.0,1.0
Sh3bgrl,-0.1708248214237392,-0.0012632178678177296,0.026707565607503057,0.10968006969662383,0.012157837292179466,-0.0021636615693569183,-0.0002602025680243969,0.046709460825659334,0.011704686745069921,0.04582624248228967,0.017693454339168965,0.055359340091235935,0.17566188280936332,0.048184032551944256,0.09084476183634252,-0.037989987707696855,0.021726150047034026,-0.008230523155070842,-0.016724482574500144,-0.0003480970859527588,0.008114458280615508,0.007503528473898768,1.0,1.0
Atp6v0a2,0.055420550419949,-0.017783093184698374,-0.020878105815500023,0.07119681424694135,0.03007084907963872,0.0,-0.0002602025680243969,0.06159794816747308,0.003131675445474684,0.010454587603453547,-0.012303699348121882,0.06680451768450439,0.11001036346890032,-0.047427962170913815,-0.13495267893653362,0.014108262185472994,0.004891138039529324,-0.0022414210671558975,0.006532847448252142,-0.0003480970859527588,0.016789292795583607,0.009599414132535457,1.0,1.0
Setd6,-0.15189100096467884,-0.011824076627381146,0.011562039316631854,-0.0037228374695405363,0.0007355329813435674,0.0,-0.0002602025680243969,-0.040473990226164464,0.005397250866517425,0.022058868296444416,-0.002736071890685707,0.005260879169218242,0.12279604895971716,0.008866750048473477,0.05550307535566389,0.04118777533993125,0.016684502095449714,-0.02989673785865307,-0.041875948354136196,-0.0010442911833524705,-0.04725845577195287,0.008333065612241626,1.0,0.0
Mzf1,0.19316050296649337,-0.008574276759754867,0.06428437689784915,-0.026127321822568775,0.02084379453212023,0.0,-0.0001951519213616848,0.06955743730068206,0.01933755151927471,0.010900015709921718,0.007806123890914023,-0.0850821933709085,-0.1949846756644547,-0.03288006384507753,0.06251577722418006,0.05771023352863267,0.0077767443424090745,0.05326982699334622,0.01079526839312166,-0.0005221455916762353,0.012929141083732247,-0.004830308905802667,1.0,1.0
Skp2,0.11594669188838452,0.04501960861030966,0.10370602164417506,-0.008098263528663665,-0.10996030652429908,0.0,-0.0002602025680243969,0.09067907970398664,0.006101726554334164,0.003482048788573593,0.0031409158231690527,0.08029811012092977,0.127696800455451,-0.03908803079277277,-0.07675464865751565,0.043990602013655004,0.0071596797253005206,-0.004199937768280506,-0.03375252526253462,-0.0003480970859527588,-0.025510353385470808,0.007486554300412535,1.0,1.0
Pusl1,-0.1398168552760035,0.024976597023196517,0.01620657413266599,-0.013003800292499363,0.025670095197856426,0.0,-0.0001951519213616848,-0.03859392548445612,0.008695524027571082,0.003155778532382101,0.020390036711469293,0.03408429606584832,-0.24222833125852047,-0.014699842231348157,0.057107104040187553,0.05283222452970222,0.0070384504506364465,-0.025112340087071063,0.008243835493922234,-0.0010442911833524705,-0.010470809894613922,-0.006728355959057808,1.0,0.0
Wdr33,-0.12009332375600934,-0.0004611376416869462,0.010888644829392433,0.16542847670149058,0.01890668010339141,0.0,-0.0005600517801940441,-0.05186712897382677,8.426226675510406e-05,-0.04149355893721804,0.010153801750857384,0.05119175704196095,0.10103522426448762,-0.01475321558304131,-0.15241350527852773,-0.02079895630478859,-0.0073273924342356625,0.01487600864842534,0.0017077111103571952,-0.0002610727958381176,0.005658669918775558,0.009077717512845994,1.0,2.0
Hrh2,0.2945839056512341,0.00014071572106331588,-0.017980609899386765,0.004928562268614769,-0.21153084913268685,0.0,-0.0002602025680243969,0.007599869314581156,0.0127884685061872,-0.055328638502396645,0.034563630176708104,0.0741749533242546,0.14593616069294513,0.027373521383851768,0.0741133366059512,0.04991983023122884,0.000681366038043052,0.07793207230046391,0.0325262362184003,-0.0005221455916762353,0.032505564484745265,-0.004669074504636228,1.0,1.0
9330182L06Rik,-0.4429305753298104,0.038976239752955735,0.056090200771577656,-0.03409248124109581,-0.11869801070541143,-0.0014424410462379456,-0.0001951519213616848,-0.0016683446522802114,0.00282114761415869,0.18972742857411504,0.033540012896992266,0.06915300800465048,0.06733486111741513,0.004112788122147322,0.00959204967599362,0.07255247517256067,0.00376977501437068,-0.0014145072503015399,-0.016818614779040217,-0.0003480970859527588,-0.04014760141260922,0.029212830755859613,1.0,1.0
Znrd1,0.00173837018199265,0.03681830368004739,0.018814118676818908,-0.03388975557871163,0.002622520476579666,0.0,-0.0002602025680243969,-0.006806735438294709,-0.03555541070178151,0.009140575379133225,0.003071400742046535,0.008314407200086861,0.05594377500936389,-0.02955198785290122,0.04856996285263449,-0.0500507731619291,0.03380247365217656,-0.028228664686903358,0.0028795317793264986,0.04829846827313304,0.009509431421756745,0.026247987579554318,1.0,0.0
Msh2,0.07915688101202249,-0.0060114485514350235,0.06117274683434516,0.07334475250914693,0.021962434239685535,0.0,-0.0002602025680243969,-0.12092273415997624,0.0019752451311796904,-0.022149743603076786,0.029243323565460742,0.010759442974813283,0.06996361167170108,0.04673656556289643,-0.15698608831502497,-0.06849052709992975,0.003226306950673461,-0.0024124779645353558,0.004932839348912239,-0.0002610727958381176,0.043602624386548994,-1.3851504772901536e-05,1.0,1.0
Haghl,0.12502147940453143,0.0349442644440569,-0.00431449132040143,-0.025850286222994328,0.006395519450306892,0.0,-0.0001951519213616848,-0.007671669442206621,-0.09259429583791644,-0.1600840372382663,0.013239247887395323,-0.038193018378224225,-0.21240307636559008,-0.03755303813610226,0.025619087933882838,-0.17049280513077975,-0.016992769720964133,-0.02378393882419914,-0.0015666081849485636,-0.0003480970859527588,0.03763511613942683,-0.0092885322868824,1.0,0.0
Gm13563,0.2153125666512642,0.0036971736955456434,0.08104682132601738,-0.02904203503392637,0.019945753645151852,0.0,-0.0003903038427233696,0.050001913998276,0.016699532940983773,0.011520835258997976,0.018560927901417015,-0.016413052948191762,0.06831688335631042,-0.0014300100458785891,0.0020759419538080694,0.009784081059042365,0.014253954868763685,-0.0025318645779043437,0.004382396950386464,0.004351213574409485,0.04119771473109722,0.02430005609989166,1.0,1.0
Lcmt1,0.03335012203082442,-0.0183363091154024,-0.005922361928969622,-0.020623013474978507,0.010506008663214743,0.0,-0.0002602025680243969,-0.09426970745902509,0.000167781887575984,-0.04239477600902319,0.003396757764276117,-0.05821471294388175,0.0389770028879866,-0.061655555088073015,-0.08006380605977029,0.03605134096462279,0.014155228761956096,-0.004809169340878725,0.0032342436467297374,-0.0003480970859527588,-0.028343738857656717,-0.03951210101600736,1.0,2.0
Trmt1,0.20362658303231002,0.003815101373475045,-0.012852070732042193,0.14017314172815531,0.014013089761137963,0.0,-0.0001951519213616848,0.027895676605403423,0.006405899869278074,-0.012164467540569603,0.002230656938627362,-0.06463850379688665,-0.21964200458489358,-0.023133440582314507,0.06492039680524612,0.01754913585493341,-0.0005527784815058112,-0.007556584142148495,0.005462831151671708,-0.0005221455916762353,0.028225725516676903,-0.006245447527617216,1.0,1.0
Stox2,-0.28979758023750035,-0.011446528392843902,-0.004355204775929451,-0.036918193022720515,0.013036819882690906,0.0,-0.0004559707548469305,-0.03794331092387438,0.00047801747918128966,-0.04768943468108773,0.015050729638896882,-0.03470273345708847,-0.07939955429639667,-0.013819550722837448,-0.010373049899935722,0.030998029001057147,-0.0047118457895703614,-0.006788574401289224,0.003776397560723126,-0.0003480970859527588,-0.04411870531272143,0.029109188839793205,1.0,0.0
Adck2,0.25505524998530743,0.038299885811284184,0.054221692718565466,-0.01599728409666568,-0.1188127518631518,0.0,-0.0002602025680243969,0.012076057577505708,0.01689162965863943,-0.11369055132148788,-0.0039143047225661575,-0.06011747363954782,0.1192236160300672,-0.06936225390993059,0.05793888065032661,0.1007591196987778,0.014652825293596834,-0.013193884398788214,-0.04788249290781096,-0.0005221455916762353,0.026161130517721176,0.008333065612241626,1.0,1.0
Esrrg,-0.5715324507700279,-0.036294516902416946,-0.013151149181649089,-0.03874639548594132,-0.2100602920167148,0.0,-0.0004950011335313321,-0.021581737734377385,0.004417671835981309,-0.11544742624741047,-0.026911428309977056,0.031705061122775074,0.07943504532333463,0.031237723510712384,0.02692092490848154,-0.01330782895674929,-0.06870837116613984,0.021944488305598496,-0.0007121902005746961,-0.0003480970859527588,-0.014608691898174583,-0.010926275830715895,1.0,2.0
Atp5e,-0.19374212700407953,-0.040926872764248404,-0.015748490383848547,-0.06408937747124582,0.014536685217171908,0.0,-0.0002602025680243969,-0.02368694110773504,0.002917821714654565,0.1645342161389999,0.03853097775485367,0.015111780548468233,0.11056138849351554,0.032260497575625775,0.0594510380551219,-0.002547952583990991,0.02142222530208528,-0.006684576692059636,-0.014252355848439037,-0.0005221455916762353,0.030218364680185916,-0.014429253842681646,1.0,0.0
Trim39,0.15322668169625103,0.0004708867147564888,-0.020664948038756847,-0.01184506515506655,0.02646126989275217,0.0,-0.0001951519213616848,0.022635496389120817,0.013753378335386514,0.01825883031822741,0.0074895451217889784,-0.039354946736712006,-0.2608003719802946,0.0678812803234905,-0.0002741860318928957,0.050579640716314316,0.004929367050062865,-0.019976307936012745,0.01758052163757384,-0.0002610727958381176,-0.00020058030262589454,-0.0065237395418807865,1.0,1.0
Gnpda2,0.20650339792948216,0.024013332547619937,-0.021517737973481416,-0.0006121313525363803,0.016599343381822108,0.0,-0.0003903038427233696,0.04722697264980525,0.0053589384909719226,0.15330205514794215,-0.07211141480598598,0.008054840967524797,0.07976026567164808,-0.009451479236595332,-0.1374246847257018,0.03900685815140605,0.00012291124789044262,-0.0009563381085172295,-0.023663243460468948,-0.0003480970859527588,0.0765388869587332,0.0003630337072536349,1.0,1.0
Gatm,0.23499111984856427,0.0007394511997699738,-0.021517737973481416,0.0534169255150482,0.025674715973436832,0.0,-0.0002602025680243969,0.052196607291698456,0.011862564040347934,-0.11914847142295912,-0.008380699534900487,0.058482538354583086,0.17642459129914642,-0.03309661802835762,0.07084344239905477,-0.003395893219858408,0.001982636002358049,0.07793207230046391,0.01936712607741356,-0.0005221455916762353,0.029940413031727075,0.00760751080699265,1.0,1.0
Rnf215,0.04027420210186392,0.00701007945695892,-0.015748490383848547,-0.01724427898414433,0.028096088655292988,0.0,-0.0002602025680243969,-0.04452865030616522,0.011982117053121329,-0.10567762150894851,0.017472019670531153,0.03773438257630914,0.15478554362431168,0.056632448276504876,0.0760360634792596,0.08237247271928937,0.028179402332752942,-0.015933225192129613,-0.0036302213510498406,0.004177165031433105,0.03559652172029018,0.025964666921645403,1.0,1.0
Dctn3,0.1750257308129221,-0.03074553644284606,-0.02214443591423333,0.04579783401452005,0.01952727824449539,0.0,-0.0002602025680243969,0.00986063483171165,0.01212656058371067,-0.09997061473943177,-0.011625107596628367,0.013025449004489929,-0.16826842518523336,-0.0007277831854298711,0.07048821589662112,0.011958235870115458,4.274953622370958e-05,-0.023033384452573955,0.01871343485545367,-0.0005221455916762353,0.0011461330763995648,0.0009498792607337236,1.0,1.0
Dnah9,-0.4647338493540883,-0.016082677030935882,-0.013151149181649089,-0.03228697305545211,-0.19062348764389753,0.0,-0.0004950011335313321,-0.012713770368136465,0.0005367017770186067,-0.044677798424381764,-0.019203189774416388,0.07367008468136191,0.06838200057391078,0.011960667865350843,-0.05036463288590312,0.017493136448320002,0.004072400904260576,0.012265613889321686,0.003393201776780188,-0.0003480970859527588,-0.016163224102929235,0.028736015241593124,1.0,1.0
Sap30bp,0.31165807381737975,-0.006911495020613074,0.033191685318015515,0.008793017528951168,0.01861387837678194,0.0,-0.0002602025680243969,0.0454387991502881,0.019601548062637447,0.014853594647720457,-0.017937548491172493,0.0580880817072466,0.20749059496447445,0.05313732002861798,0.09972355414181948,0.055915384204126894,0.003874456328339875,-0.004623143505305052,0.019957955037243666,-0.0003480970859527588,0.041288021076470616,0.00745271535590291,1.0,1.0
Iqcb1,0.14319757155142723,-0.017637635739520194,-0.006699475585483014,-0.018974725166335703,0.01042649608105421,0.0,-0.0002602025680243969,-0.07829818360041826,0.007780382661148905,-0.01349344058893621,0.03115837389137596,0.08341219586785882,0.18225537129677832,-0.02724724864587188,-0.0002471398375928402,-0.1333554341364652,0.017864437135867776,-0.004623143505305052,-0.032696362286806106,-0.0003480970859527588,0.03262023403309286,0.008036609850823878,1.0,1.0
Pim2,-0.1569813781545963,0.0007252800953574479,-0.019741747723892332,-0.11490889883134514,0.022566597536206247,0.0,0.006033549592830241,0.02067702738568187,0.006091283513233066,0.014944005622528494,0.010643720151856542,0.03501211495604366,0.12631584192160517,-0.03252012374345213,0.05930038738064468,0.018253161469474435,-0.0038048732141032814,-0.027177478345111014,-0.007999929185025394,-0.0010442911833524705,0.02155245922971517,-0.003723249640315771,1.0,0.0
Dkk2,0.19038801178336143,-0.00843357527628541,-0.020878105815500023,-0.021767211337573825,0.005513742621988058,0.0,-0.0002602025680243969,0.028255400471389292,0.004236293509602546,-0.1619770635664463,0.001291263410821557,0.09712175535969436,0.06857738495338708,-0.037291818354278805,0.058285210258327426,-0.1526302879396826,0.014183411761187016,-0.020285969632677734,-0.028531537330709397,-0.0005221455916762353,-0.07943958532996476,0.02901933589950204,1.0,0.0
Atp1a3,0.2349598563555628,-0.01064908143132925,0.00624047514051199,0.018572419309057297,0.02370003180578351,0.0,-0.0002602025680243969,-0.06162390153855085,-0.1316826901677996,-0.0005911229085177183,0.03467160139698535,0.062340637191664425,0.2031124098971486,0.13124118048232047,0.08689458615612239,0.0161460213502869,0.0004163310281001031,-0.0037605458218604327,0.026873079277575016,-0.0003480970859527588,0.02630588644184172,-0.00714910305570811,1.0,2.0
Triap1,-0.013840480986982585,0.005231218175031245,0.008744069184176624,0.01279539316892624,0.008611544128507375,0.0,-0.0002602025680243969,-0.010401238212361932,-0.0007528235297650099,0.010105121061205863,0.023323045340366663,0.041108298578765246,0.12375417426228523,0.13977275697048752,0.06776340587064623,0.078827083427459,-0.00026252536335960033,-0.003023910713382065,0.03402127791196108,0.014184955805540085,0.006473625604994595,-0.0009886962873861193,1.0,1.0
Farsa,0.14296173423994332,0.00765217785956338,-0.010111997066996992,-0.017365639908239246,0.008586051804013551,0.0,-0.0002602025680243969,-0.06207820224575698,-0.09517572931479662,0.005218793721869588,0.01020686618052423,0.023631021482869982,0.1594847885053605,0.0721977092884481,0.08604805048089474,-0.02503359824186191,-0.01675944855902344,-0.0024124779645353558,0.010566474827937782,-0.0003480970859527588,0.009541858588345348,0.0024556942540220916,1.0,1.0
Pmvk,0.30183382630813865,-0.007164570912718773,0.032863974585197867,0.009132410543970763,0.027088039834052325,0.0,-0.0007806076854467392,0.05851658351719379,0.011982211722061037,-0.060857799040386455,0.03240362302400172,-0.06268407370895147,0.13667883462738245,-0.02187669857405126,-0.019982802411541344,0.008804319729097187,-0.0011000388208776712,0.07793207230046391,0.06504317101091146,-0.0005221455916762353,0.0589157079719007,-0.0070012346585281195,1.0,1.0
Kbtbd2,0.22530287159141152,-0.002849861280992627,-0.014851980609819293,-0.011463216710835696,0.0028588867001235487,0.0,-0.0002602025680243969,0.06321462573483587,0.0053589384909719226,0.10794060257961974,-0.07060857109725475,0.0567805950017646,0.047466187318786976,0.0026680453307926654,-0.16941326044965535,-0.028484333199448885,0.010117606951389461,-0.015084012220613658,-0.04539800814818591,-0.0003480970859527588,0.0009305067081004381,0.00734144332818687,1.0,0.0
Noa1,0.11470911764539778,-0.03280419815331698,-0.02214443591423333,0.13545203916728496,0.012751728426665068,0.0,-0.0001951519213616848,0.06388705216348171,0.007363803004845976,0.008583152368664741,-0.014877236308529973,-0.02451371116330847,-0.21211831292603164,-0.049524450266035275,-0.08671949187293648,-0.07106921174097806,0.001776018626987934,-0.006827965956181288,-0.008148755934089423,-0.0003480970859527588,-0.018856433164328338,0.002824561633169651,1.0,0.0
Xkr6,-0.36211270579136906,-0.016181713226251303,-0.006247357064858079,-0.028393702530302108,0.34965367389842866,0.003365695774555206,-0.0004950011335313321,0.011324614472687244,0.0005367017770186067,-0.05508788204053417,0.018529480784200133,-0.013744356934912503,0.03156507082516327,-0.021520690992474556,-0.08511975040426478,0.00243594714673236,-0.08030423120129854,0.012265613889321686,0.007870931043289602,-0.0003480970859527588,-0.02209733452182263,-0.011038575060665608,1.0,0.0
Sin3b,0.24700790270697326,-0.006846715821884572,-0.02124234094284475,0.011431531463749707,0.03214888162910938,0.0,-0.0002602025680243969,0.027145731467753648,0.0028965006675571205,0.025825041823554783,-0.04989351652096957,0.08359687879448757,0.16403754021972416,-0.03544906700495631,0.09379137417301536,0.01027328328229487,0.011850665593519806,0.020791204106062652,0.026421860894188284,-0.0005221455916762353,-0.07777212955988944,-0.00963057518005371,1.0,1.0
Plvap,0.14794352987315507,0.02003461464541033,-0.025678966008126736,-0.012758377492427826,-0.15383758291602134,0.0,-0.0001951519213616848,0.04243919818662107,0.0075838001212105155,0.0039564058324322105,-0.02705839482601732,-0.06334622240858152,-0.1574129257723689,-0.05960565770626999,-0.08676164094358682,-0.0017754701036028565,0.021369464250747115,0.02399023569189012,0.009018717152066529,0.004351213574409485,0.02543300370685756,0.0077779529336839915,1.0,2.0
Ighm,-0.09274614644236863,0.0033763532945886255,-0.019741747723892332,-0.028496189762372524,0.11499737198464573,0.0010818307846784591,-0.0003903038427233696,0.03619096752256155,0.006047284086234867,0.015300519720185549,-0.004284668143372983,-0.035833699419163166,-0.024939967673271893,0.027882759677013383,0.05995965975802392,-0.013225929012987763,-0.05208280162420124,0.013620965043082833,-0.05598208956187591,0.014184955805540085,0.013290378651581704,0.00411086889449507,1.0,1.0
Sgms1,-0.36230593896936625,-0.009840373042970895,-0.00823548729531467,-0.008068320967722684,0.01835943292826414,0.0,-0.0001951519213616848,0.11769397870171815,0.0009304569894447922,0.024172875164076686,0.04736000962555408,0.0475439649540931,0.0768584514921531,0.005717518879100681,-0.034077975754626094,0.010081574399955572,0.010819008178077637,0.012265613889321686,0.004695214349776506,-0.0002610727958381176,-0.023862227560020984,0.028848314471542836,1.0,1.0
Slc35a4,-0.009003381906077267,-0.012076074723154306,0.00955957933794707,0.03645572111941874,0.003428052798844874,0.0,-0.0007806076854467392,-0.031633947337977586,-0.0344404870364815,0.013717546822445002,-0.006396052634809166,-0.08798228571889923,0.10883974185679107,-0.024153177118860183,-0.11423359814798459,-0.022449662662111222,-0.006221959795802832,-0.02842490860261023,0.016595455433707683,-0.0010442911833524705,0.012356574167497456,-0.001275468310341239,1.0,0.0
Psmg4,0.25780888482462616,-0.011667126207612455,0.019978436161763966,-0.007272240268066526,0.0182315918430686,0.0,-0.0002602025680243969,-0.0538215860677883,0.006280709449201822,-0.18890399699332192,0.018927986999042332,0.0789438157202676,0.17826949044130744,-0.03349110194481909,0.08065246087498963,-0.05349814292043448,0.007600440946407616,-0.027715248810127376,-0.07438080066815018,-0.0005221455916762353,0.021858691675588487,0.007794758249074221,1.0,1.0
Gm28154,0.24480142805259675,0.007333930775057524,0.08104682132601738,-0.0238184394990094,0.009190845582634211,0.0,-0.0003903038427233696,0.049868636298924685,0.016036485941149294,0.1345498662791215,-0.03960858257021755,-0.05976773594273254,0.07064376217545941,0.01913057891651988,0.08901101347059011,-0.009218607496004552,0.008486353210173547,0.026298026405274868,0.0310091637307778,-0.0003480970859527588,0.10725506158545613,-0.00020260920166037977,1.0,1.0
Fem1c,0.14309076693374664,-0.004514944811817258,-0.017370152603834867,0.0015686593996360899,0.20149116185493768,0.003365695774555206,-0.0003903038427233696,-0.07371828054543585,-0.07848234716337174,-0.0712916471529752,0.001876186360605061,-0.012577871920075267,0.08731203265488148,-0.0162094798265025,0.08176354351919145,-0.022451248911675065,-0.0065609051147475835,-0.001108626676723361,-0.018906506346538662,-0.0005221455916762353,0.017769335564225913,0.003081624014303088,1.0,1.0
Gm26724,-0.1004385031061247,0.0035028252098709346,-0.008599722422659398,0.011201548911631108,0.027493093675002456,0.0,-0.0002602025680243969,-0.021524946321733296,0.005288278441876173,-0.1020444905970362,0.016113442382775248,0.04794239229289815,0.1407863914174959,0.16489816598128526,0.001758404397405684,0.06925866701640189,0.012361894592177123,-0.018772405521012843,0.067333650207147,-0.0005221455916762353,0.021945027359761296,-0.0009886962873861193,1.0,0.0
Camkk1,0.18640172205865382,-0.013911398015916348,-0.025678966008126736,-0.01253441252745688,-0.15825334172695876,0.0,-0.0001951519213616848,0.04168220404535532,0.0053589384909719226,-0.11458293083589524,-0.027824896685779095,0.052313606215175244,-0.1576993305515498,-0.015772454608231783,-0.11940878431778401,0.059472162406891585,-0.0022810069657862187,-0.036267395112663504,0.00418850623536855,-0.0003480970859527588,-0.03818247625604272,-0.009896642658859492,1.0,0.0
Fam135b,-0.4390802933415398,-0.02546508362982422,-0.010117227733135224,-0.03265675966162235,-0.18916945103555918,0.0,-0.0004950011335313321,-0.0522918008454144,8.426226675510406e-05,-0.044152418228331956,-0.014051413289271295,0.046474794149398806,0.07032042893115431,-0.010976215340197087,-0.06243474029470235,0.01842098592314869,0.003406599455047399,0.012265613889321686,-0.009166260585188865,-0.0003480970859527588,-0.016163224102929235,0.028314484916627407,1.0,2.0
Sipa1l2,-0.42745342205744236,-0.00484394293744117,-0.00823548729531467,-0.03302120743319392,0.03155826359987259,0.0,-0.0004950011335313321,-0.015371852815151214,0.004549670126289129,-0.08507019898854196,0.001204588213004172,0.0437803459726274,0.13368042077869177,0.03474697872065008,0.06182671864517033,0.06884466166608036,-0.00628661300521344,0.04764191038906574,0.02509105794597417,-0.0005221455916762353,-0.04252086966764182,-0.031989736407995226,1.0,2.0
Ice1,0.12947702302597464,0.002795902220532298,-0.020760078523308037,-0.005226687025278807,0.020579316150397063,0.0,-0.0002602025680243969,0.06321462573483587,0.002923776134848595,0.1152845706185326,-0.06937436845619231,0.0423970521427691,0.1507473697885871,-0.010922717247158289,-0.016048826230689883,0.03604263195767999,0.011260808510705829,-0.004095816630870104,-0.020811743470840156,-0.0003480970859527588,-0.06858073907438665,0.028359418157488107,1.0,1.0
Stk38l,0.1653120274282992,-1.2490255758166313e-05,-0.006647161906585097,0.005587778370827436,-0.004663179074414075,0.0,-0.0002602025680243969,-0.08337828089948744,0.007780382661148905,0.013515584329143166,0.004086095022503286,0.044926041797734795,0.0682925632968545,-0.02927467754576355,0.053198977196589115,-0.0417623961949721,-0.0010284738801419734,-0.003151314249262214,0.017497892200481147,-0.0003480970859527588,0.07450310410000384,0.0021928578475490213,1.0,1.0
Snrpg,0.2530730529176071,-0.0008905154652893543,-0.008944169450551272,0.007865833058021963,0.024771759230643512,0.0,-0.0003903038427233696,-0.020745044066570698,0.00802770847454667,0.20899431170662866,0.04454968973528594,-0.02790206631179899,0.10583200270310045,-0.014802050460129976,0.11220739608630538,-0.016097950227558614,0.003415942708961666,0.00017645628191530704,0.01872321031987667,-0.0005221455916762353,0.11308352529071271,0.007794758249074221,1.0,1.0
Ibtk,0.17732491967268288,-0.0030227257777005433,-0.014369718190282583,-0.004003821359947324,0.01321013561449945,0.0,-0.0002602025680243969,0.02974635811522603,0.006136389700695872,0.05444282058859244,-0.057404238381423056,0.10014681089669467,0.16844249033369124,-0.02734832782763988,0.08283989674411714,-0.008126117903739214,0.023924572207033635,-0.002877353560179472,-0.04273980117402971,-0.0005221455916762353,-0.09653111810795963,0.02877748429775238,1.0,2.0
Zfand6,0.05189394499640912,0.011208799094893038,0.03814145813696086,-0.011441604674328119,-0.11198844609316438,0.0,-0.0002602025680243969,-0.02633585601579398,0.0008717726916074753,-0.025345827036071567,0.026158635779283942,0.06734357789158821,0.10179210419766604,-0.03414480200968683,-0.060700060492381455,0.007027333958540112,0.030644895588047803,0.01904541416093707,0.005429611327126622,-0.0003480970859527588,-0.02658961809705943,-0.002622824073769152,1.0,2.0
Tbcel,0.14497815115842969,-0.006260707648470998,-0.020878105815500023,-8.471640292555094e-05,0.03197834845632315,0.0,-0.0002602025680243969,0.003534479774534702,0.011677556596696377,0.02377365623600781,0.005388018237426877,0.10070814824663103,0.1510383131261915,-0.03159084862098098,0.11346178195439278,0.055696923756040635,0.0012420475156977773,0.011344330813735724,0.01431727351155132,-0.0005221455916762353,-0.061337423445656895,-0.036875200159847736,1.0,1.0
Pdcd11,0.07838825934100896,-0.0057748088543303315,-0.012552642179653049,0.08952595797367394,0.01880397252738476,0.0,-0.0003903038427233696,-0.07261160244699567,0.01024468446150422,-0.00984945286909351,-0.015779697464313357,-0.023078391440212728,0.07591296032536775,-0.06154879404231906,0.007333920313976705,0.08680271353572606,-0.010375794121064246,0.01720810273196548,0.005806743062566966,-0.0005221455916762353,-0.054734447035007176,-0.005903404634445906,1.0,2.0
Wipi2,0.16102301680948586,0.03848997751483694,-0.008887095558457077,0.09971524898894131,0.026095372866839172,0.0,-0.0002602025680243969,-0.019557674936950206,-0.005423766626045108,0.006742740785703063,0.02811816071625799,0.05156888982281089,0.16963670858647675,0.07275574231520295,0.11880835236050188,-0.016442542099393904,0.03529705081600696,-0.0029550703335553406,0.00714492526371032,-0.0003480970859527588,0.07188605591654777,-0.0032542113913223147,1.0,2.0
Gm12064,0.1980827886145562,-0.00908641097601503,-0.025678966008126736,0.028715694670099764,-0.18181737717241048,0.0,-0.0001951519213616848,0.01751382861286402,0.011396518414840103,0.15904018199536948,-0.05315585215575993,-0.03709130712784827,-0.129317381773144,0.01194341576192528,0.030917503060773014,0.029675813533831388,-0.005018714512698352,-0.005307390242815018,-0.012818684298545123,-0.0003480970859527588,0.16139959606342016,0.00033320803195238116,1.0,0.0
Ankrd63,0.028271247178781777,-0.01115078767761588,-0.004865040788426995,0.12015638298122212,0.0334399326145649,0.0,-0.0001951519213616848,-0.018541330401785672,-0.01709745599422604,-0.10263078015996144,0.022383091195952148,-0.014086559363640845,-0.157559896716848,-0.0027464018622413277,0.057753479299135504,0.06096014445007313,-0.0036858933698385955,-0.024861079114489256,-0.003064702448900789,-0.0005221455916762353,9.919673670083284e-05,0.0029662219621241093,1.0,0.0
Nudt9,0.17297078812494873,-0.015630386443808673,-0.020763304121792316,-0.0271848776191473,0.0088958721421659,0.0,-0.0001951519213616848,-0.011412377920933067,0.0053589384909719226,-0.12136986216064542,-0.011594374841079115,-0.08088412179611623,-0.13698044853750616,-0.03200196817051619,-0.11940477203112096,-0.15378165724221618,-0.006640503471717238,-0.036876626685261725,0.0029877151269465684,-0.0003480970859527588,-0.030302117038518192,-0.00465771509334445,1.0,0.0
Pdcl3,0.15428048274479805,0.010315862554125487,0.01714694664813578,0.11905208975076675,0.011745680496096611,0.0,-0.0001951519213616848,-0.06876812934409827,0.009868938042782247,-0.11401858583092689,0.0224390340433456,-0.025183827814180403,-0.180673423637636,-0.025171308672288433,0.06525405966676771,-0.1048931593215093,-0.006657951246015727,-0.01963280213996768,-0.001118408718612045,-0.0003480970859527588,0.012019633129239083,0.0023524015210568904,1.0,1.0
Fbxo11,0.1104537843260914,-0.02010227816645056,-0.007989639062434434,-0.005572476494126022,0.013682155981659888,0.0,-0.0001951519213616848,-0.04809162305202335,0.0017549005430191756,-0.03832639721455053,0.016730183060280977,0.04460932577960193,-0.18387757867574692,-0.03241175510920584,-0.07094450616743415,-0.08785913119092584,0.008944501131772996,0.10883873730897903,0.0026311879232525826,-0.0003480970859527588,-0.0614424908393994,0.024173523746430874,1.0,2.0
Ddo,0.13990418636240065,-0.011200790680013596,-0.008576676985248922,0.03330370934680104,0.017352126967161895,0.0,-0.0002602025680243969,-0.02194321998860687,0.011267597507685422,0.14438787302700803,0.0446224228059873,0.06771627146285027,0.0960016196127981,-0.037244603699073196,0.12192322270944715,-0.0655776315368712,0.0027550336346030234,-0.004095816630870104,0.01872321031987667,-0.0005221455916762353,0.006517823869362473,0.007794758249074221,1.0,1.0
Stambp,0.16519433617126197,-0.015001995861530304,0.017236184808425606,-0.01943177483510226,0.007022948279045522,0.0,-0.0001951519213616848,-0.07204298516269773,-1.9373949617147445e-05,-0.12671875254251064,-0.0031495006335899235,-0.08216855582315474,-0.16975792529061437,-0.05415210103150457,0.04239878230015165,0.02419376166537404,-0.0008340048370882869,-0.027810740154236555,-0.001818139236420393,-0.0005221455916762353,-0.030238008629530667,0.008036609850823878,1.0,2.0
Alkbh2,0.011620202632620931,-0.005928567117080092,0.017554274834692477,0.018903651819564403,0.03246458951383829,0.0,-0.0002602025680243969,0.030545879043638705,0.0012521853670477868,-0.1486676010955125,0.02498266995884478,0.07196426247013733,0.1752043573744595,0.16715522145386785,0.04733047426212579,0.09348496375139803,0.0021918016043491664,-0.0206418350385502,0.02532672829926014,-0.0005221455916762353,0.014010625393129885,-0.006936612571589649,1.0,0.0
Slc15a2,0.18928953178226948,-0.010384604388382285,0.1385099719837308,0.033935869615525006,-0.13300924954935908,0.0,-0.0003903038427233696,0.061970348274335264,0.013037468120455743,0.0272301225643605,0.019961182044353334,0.06225898578064516,-0.005620935577899218,0.03391056248452515,-0.036155865066684785,-0.03535594233078882,-0.0023956930171698332,-0.014568528840318323,0.010997376136947424,-0.0003480970859527588,-0.09574982333928346,-0.00137121953535825,1.0,2.0
Lbr,0.2650023108907044,0.009432884133420884,-0.021517737973481416,0.015108044585213065,0.01980037790723145,0.0,-0.0003903038427233696,0.032578589553013446,0.01212656058371067,0.13378459240484517,-0.01456188480835408,0.09350882753264159,0.10884430933743715,-0.024456034991890193,0.03172512026503682,0.065251534730196,0.0013111432222649455,-0.0028426549490541218,0.027172695426270366,-0.0005221455916762353,0.10938812493346632,0.00745271535590291,1.0,1.0
E130304I02Rik,0.09982678127940744,0.05080469135195017,-0.022803421756252648,0.11722483628895133,0.036337159238755704,0.0,-0.0001951519213616848,0.03997029315680265,0.011491413982585073,0.05460197988431901,-0.09208916061324998,-0.06395387956872582,-0.07748952082358301,-0.027194306049495937,0.05320472897714353,0.0938391798955854,-0.010878444528207182,0.02552948458120227,0.005044706996995956,-0.0005221455916762353,0.056391741279512644,0.006621970226988196,1.0,1.0
Exoc3,0.2315272223483771,-0.010547580090351403,0.013916820827871561,-0.002588476985692978,0.010933771505951881,0.0,-0.0002602025680243969,-0.06095329222735017,0.013636049246415496,0.02861004105769098,0.013825939358212054,0.09803572095464914,0.19172234777826816,-0.02564525474794209,0.1234314536349848,-0.005526239350438118,0.016023593021091073,-0.004537474825046957,-0.06717565972357989,-0.0005221455916762353,0.040233636908233165,0.00794955370016396,1.0,1.0
Leng8,0.19753052930347623,-0.007274790725205094,-0.012120692525058985,-0.03599821499083191,0.005731932078488171,0.0,-0.0001951519213616848,0.058314200574532155,0.0053589384909719226,0.2210026105470024,0.0582801640057005,-0.03940685395384207,-0.2548912864737213,-0.05147579905111343,-0.05089813604019582,-0.05426668349653482,-0.0016497904527932406,-0.020600805003196002,0.005792762276250869,-0.0003480970859527588,-0.04443698330782354,-0.008655137768946587,1.0,0.0
Scyl1,0.2747782086301595,0.006452034008689224,-0.012461840226314962,0.004863141644746065,0.022666259668767452,0.0,-0.0007806076854467392,0.039130711443722245,0.012214559447020292,-0.08584283598262119,0.047367442711256445,-0.06482876107562334,0.10904620481655002,-0.022586454199627043,-0.019812013758346438,0.0966657939227298,0.001971141374669969,0.002959615755826235,0.035239169569686056,0.006613844186067581,0.07301413139328361,-0.0012658088584430517,1.0,1.0
Kmt2e,0.014815672626718878,-0.02864436591975391,-0.003540730481036007,-0.037671983684413136,0.004785282118245959,0.0,-0.0001951519213616848,-0.08592224176973104,0.019261022657155992,-0.02666389835998416,0.021780189662240445,-0.0730879998812452,-0.18972573963925243,-0.02935555262491107,-0.12725262208376079,-0.001969065270386636,-0.06211790732573718,-0.02112813187763095,-0.0009261033544316888,-0.0003480970859527588,-0.019388957312330604,-0.015359214954078198,2.0,0.0
Spata7,0.18277203780133278,-0.012074041878804564,-0.006974872639402747,-0.007747114030644297,0.009114292096346616,0.0,-0.0003903038427233696,-0.10113079270347952,0.003329921392723918,-0.07756343117915093,0.03005036137998104,-0.05856764824129641,0.11821693410631269,-0.01953755974303931,-0.08676315410062671,-0.14154769550077617,-0.009113897890783847,-0.020371638312935827,0.005641104355454445,-0.0003480970859527588,-0.005981800546869635,-0.00465771509334445,2.0,0.0
Dennd6a,0.14412844179663808,-0.0022963213687762617,0.013552617547102273,-0.006972537543624639,0.00737464711535722,0.0,-0.0002602025680243969,-0.09819433075841516,0.00801282505504787,-0.003175740484148264,0.002800761873368174,0.08909775752574206,0.09211861366406084,-0.013878304176032544,0.0634066527010873,0.07600773175247014,0.013092316002584994,-0.0030656455690041187,-0.01220504755852744,-0.0003480970859527588,0.06394303782843053,0.02887767558917403,2.0,1.0
1700109K24Rik,0.20876216584816576,-0.018230256002862006,-0.006128973234444857,-0.024450613590888678,0.008073024111799896,0.0,-0.0001951519213616848,-0.0715638326248154,0.004973027734085918,-0.017497230609878896,0.005348638461437076,-0.05740740365581587,-0.22119919060729443,-0.0354224487778265,0.08314850010952796,0.055404473922681066,0.006059041975531727,-0.02112813187763095,0.011620747761335225,-0.0005221455916762353,0.01955161541700363,-0.001516295555047691,0.0,1.0
Arf1,0.138647233764641,-0.011391671961173416,-0.005617843195796013,-0.005169885354116559,0.020186173915863036,0.0,-0.0001951519213616848,-0.048730592294596135,0.0007518140785396099,-0.11124371421756223,0.020910935336723925,-0.0267048523388803,-0.2479439482372254,0.007602380770258606,-0.07799520378932356,-0.0433273962372914,0.021983871506527065,-0.036876626685261725,0.013189169382676481,-0.0003480970859527588,-0.038802614882588383,0.002848754804581404,0.0,0.0
Pcdh20,0.048253264363156634,0.04794072132557631,0.011933801705017686,-0.003548854833934456,-0.10453922878950835,-0.0014424410462379456,-0.0002602025680243969,0.08032504687551409,0.007828687792643904,0.014362952986266464,-0.009325722623616457,0.01859169459203258,-0.0844900860171765,-0.008694731327705086,-0.09919955541845411,0.03715962985996157,0.004032027006614953,-0.01297593561001122,-0.013721121065318585,-0.0003480970859527588,0.0885781039390713,0.0005081446794793009,0.0,0.0
Pkp2,0.03880898863077164,-0.02406231179367751,0.01673440996557474,-0.03695817221421748,-0.0028190257539972663,0.0,-0.0001951519213616848,-0.09156612677499652,0.0019752451311796904,-0.01367960611358285,0.015331111876294016,-0.057428232454694805,-0.14146670538000763,-0.0431542897503823,-0.14247394338715821,-0.15423474645242094,-0.06205889367498457,0.05326982699334622,0.003776397560723126,-0.0003480970859527588,-0.005198029130697251,-0.015601066555827856,0.0,2.0
9530026P05Rik,-0.4889652173081413,-0.0272043431783095,-0.012993652438744903,-0.034225519162137064,-0.21170871904119848,0.0,-0.0004950011335313321,-0.02618807468563318,0.009826840478926896,-0.026013527222094126,-0.012723714974708856,0.05418882678030059,0.07261357112787664,-0.01357449805829674,0.027755939783528447,0.021317851543426514,-0.006932788798585534,0.013484076960012317,0.01096707083284855,-0.0005221455916762353,-0.023242088933475315,0.01804968051146716,2.0,2.0
Neurod6,-0.08094618694391102,0.019044891889207063,-0.005794810364022851,0.1225915771489963,0.020939075248315932,0.0,-0.0001951519213616848,0.027956946552731097,0.004200692321173847,-0.07363734090671642,0.04183654770255089,-0.007252893794793635,-0.15218335420358925,-0.03290056671597995,-0.003949934634001693,0.107493868265301,-0.007134049222804606,-0.023746886998414995,0.0016192937456071376,-0.0010442911833524705,-0.004313248884864151,0.002171593029052019,0.0,0.0
Hook2,0.16565529287792743,0.062254217339213935,-0.006030617151409388,0.01553466751705855,0.009145965138450264,0.0,-0.0001951519213616848,-0.031190312379039825,0.008866118602454662,0.013576178112998605,-0.01204430942889303,-0.08512012774124741,-0.25537787479814145,-0.034509433611528945,0.07169350343800034,-0.029321578617673368,0.02381510242354125,-0.020357077680528163,0.007325691967271269,-0.0005221455916762353,0.030003539631143213,-0.009772235490381719,2.0,1.0
Camkv,0.1313414313038811,0.048869301602244376,-0.007789208116009832,0.10196690837619826,0.017446578200906514,0.0,-0.0001951519213616848,-0.03504416388459504,-0.11313751060515642,0.01689489418407902,-0.02259575991658494,-0.020709905994590373,-0.11285336585715414,-0.02353971389704384,0.06462774406230892,0.08623117431357968,-0.014443098078481853,-0.0046553615340963,-0.0007413186761550606,-0.0005221455916762353,0.008556432640179992,-0.007999451849609613,2.0,2.0
Parp1,0.1675998980877921,-0.026546408645808695,0.004892774438485503,-0.0351487146737054,0.025019453577697276,0.0,-0.0001951519213616848,-0.04081534557044506,-0.1316826901677996,-0.005870563401840627,0.027045432426966727,-0.0852116619469598,-0.1990260986192152,-0.03954951858147979,0.0696159904547676,0.01878959869965911,0.004195341095328331,-0.019976307936012745,-0.004260573256760836,-0.0005221455916762353,-0.025573289338499307,0.008036609850823878,0.0,2.0
Wfs1,0.2120928000472486,-0.016223635761998593,-0.008312609996646642,-0.014870880972594022,0.0088958721421659,0.0,-0.0001951519213616848,0.04205537670757622,-0.029686873983591794,-0.027565162135288118,-0.009153326703235508,-0.08321882248856127,-0.07297496677841991,-0.05246255625505,-0.07059478622395546,-0.14072716350667178,-0.015113859737757593,0.02399023569189012,0.004703224888071417,-0.0003480970859527588,0.043351122043095526,-0.0010453768260776997,0.0,0.0
Adarb1,-0.20092355062253772,-0.006047040103003383,-0.0042636439204216,-0.02980974106118083,0.0008183478191494942,0.0,-0.0005600517801940441,-0.04443455905187875,-0.019533400321379304,-0.020652453089132904,0.015730003169737758,0.07724244689568877,0.1525217640120536,-0.021262893425300716,0.09986537721939386,-0.10434419568628073,0.006119499069172889,0.016484857853502035,0.0060181945329532026,-0.0005221455916762353,-0.025065850843675436,0.02877748429775238,2.0,2.0
Cep70,0.09305757432710379,-0.015921172862872483,-0.020878105815500023,-0.002254271856509149,0.02594879496842623,0.0,-0.0002602025680243969,0.032064887406304476,0.017977639995515347,0.021917442372068763,0.007725777626037597,0.08856120499316603,0.055743729802779855,-0.028529672203585505,0.10787129878997803,0.059686333765275774,-0.10470682731829584,-0.0027281084936112165,0.014467679639346897,-0.0005221455916762353,0.06503780562430621,-0.011480809208005666,2.0,2.0
Ift172,0.18348846496082843,-0.008661563289351762,0.02076631917618215,-0.009221546524204314,0.019131605913862586,0.0,-0.0002602025680243969,-0.10854976046364755,0.0019109878968447446,-0.029709482602775096,0.02510677000042051,-0.06937316950876266,0.04165242089424282,-0.05542892784811557,-0.10150764547288418,-0.020281749893911183,-0.04284976301016286,-0.0037605458218604327,0.008581682406365872,-0.0003480970859527588,0.039207648998126385,-0.005978595796041191,2.0,2.0
Rps25,-0.20442978229257278,-0.005610906155779958,-0.0016319691855460406,-0.0038757556257769466,0.012624335344880819,0.0,-0.0001951519213616848,0.05271128844469786,0.007646201439201832,0.03418938393704593,0.01794219358358532,0.033206367148086426,-0.1487383578461595,-0.027542614294216037,0.015655972217646193,-0.022964011877775192,0.000536293750628829,-0.033232884425669906,-0.0003474435955286026,-0.0010442911833524705,0.08692825760226697,0.008007248733192682,0.0,0.0
Kcmf1,0.08823465561959892,-0.02147810238180682,0.0068636669404804704,-0.005085845266003162,0.018206549163442106,0.0,-0.0002602025680243969,-0.08513852520380169,0.00679664097726345,-0.030810353250708432,0.008765294479671866,0.025400283243507148,0.1672295557288453,0.0925379572622478,-0.03274989678990096,-0.005402105704415589,0.009945334726944565,0.016827332992106675,-8.239758899435401e-05,-0.0002610727958381176,-0.0579058831743896,0.0017023928370326756,2.0,1.0
Klc2,0.18963978205807508,-0.006108937170356512,-0.0036883281217888,-0.012805381370708347,0.004753587450832129,0.0,-0.0001951519213616848,-0.022981288968585433,-0.12054701398126781,-0.014012795542366802,-0.04190686897840351,-0.06323077316395938,-0.26080447554588315,0.01914088946650736,0.05168862230188097,0.05560753918951377,-0.0059352432610467075,-0.02112813187763095,0.011465768055059016,-0.0005221455916762353,-0.016905502299778163,-0.000849452456459403,2.0,2.0
Gle1,0.29894602434244005,-0.005411215177737176,0.01830848845653236,0.00913362093269825,0.017080097664147614,0.0,-0.0002602025680243969,-0.04997819573618471,0.014604036593809724,0.00302476410754025,-0.02788088407833129,0.05597467673011124,0.1542848084587604,0.05461971446871758,0.13087174001615495,0.07722803534590639,-0.00845918976701796,-0.0026424398133531213,0.02010836116503924,-0.0003480970859527588,0.07222655953839421,-0.0018979474087245762,2.0,1.0
Zmym3,0.22094729064498098,-0.007276732588652521,0.10033166527748108,0.059137902415823194,0.019303176999092102,0.0,-0.0002602025680243969,0.037208910658955575,0.018430448547005655,-0.00029823938850313423,0.032075088266283275,-0.020880320442374797,0.06544232884887606,-0.031108310357667507,0.03005467215552926,0.05847721640020609,0.0018654922489076853,-0.0013612916227430105,0.01565309727564454,-0.0003480970859527588,0.046191678759641946,0.004106405843049288,2.0,1.0
Pitpnm3,0.09775818793103098,-0.007650930937379599,-0.01230760084465146,-0.024647613423876464,0.012589291539043188,0.0,-0.0002602025680243969,0.03061559997498989,0.002649174854159355,-0.0399984410777688,0.024705756278708576,0.09368903428316117,0.15954735605046153,-0.028888691533356905,-0.039961362993344664,-0.10133232737425715,0.0009156742645427585,0.021753930486738682,0.010427683982998133,-0.0003480970859527588,-0.07566460360772907,-0.02902923696208745,2.0,2.0
Snrnp70,0.19619496528059244,-0.01781046687159687,0.009256248432211577,-0.016110665844753385,-0.10708193694241346,0.0,-0.0001951519213616848,-0.050177310411818325,0.006363038970157504,-0.026053242296911777,-0.011881557130254804,-0.04829499081708491,-0.1893990515265614,-0.062282166258664805,-0.09034170120023191,0.03757436865009368,-0.0059352432610467075,0.05326982699334622,0.006489021680317819,0.004351213574409485,-0.01204719627276063,0.025008763470686972,2.0,2.0
Ndufa5,0.193289437959902,-0.023283519530668855,0.07085738995112478,0.10204592221882194,0.00637631987221539,0.0,-0.0002602025680243969,0.014360985783860088,0.01689162965863943,0.0891377822731738,0.020345442434772848,-0.03567393826786429,-0.19874563346151264,-0.013195882458239794,-0.03301421910393401,0.0016535006603226065,-0.004990208605304361,-0.01775527309626341,0.003314854744821787,-0.0005221455916762353,0.015671121487393976,0.0022379339300096033,0.0,1.0
Klf12,-0.28092434925958515,-0.024686789051629604,-0.013151149181649089,-0.016654638017062098,-0.14699489561840892,-0.0021636615693569183,-0.0003903038427233696,0.100398483928293,0.004549670126289129,0.06381548484030646,-0.0381075657508336,-0.00882496139034629,0.05469280522549525,-0.02217661219649017,-0.02935279888799414,0.0029313680715858936,0.009922618886921555,0.014011403834447265,-0.022202291742432864,-0.0005221455916762353,-0.055039595421403645,0.029090166073292494,2.0,2.0
Ptpn9,0.06573822379112243,-0.016145298816263677,-0.020878105815500023,-0.01237180560361594,0.025337329879403115,0.0,-0.0002602025680243969,0.0573451568512246,0.008949258252978326,0.014452553866431118,-0.006990806036628783,0.038921615998260675,0.05801194556523114,-0.0073297640169039365,-0.049587541939690706,0.01970808890182525,-0.1059584733704105,-0.003151314249262214,0.004695214349776506,-0.0003480970859527588,0.06325140622444451,-0.01099710600450635,2.0,1.0
Crocc,0.2029673780174926,-0.003981750020757318,-0.00420651679392904,0.005097543336451054,0.015550315864384174,0.0,-0.0003903038427233696,-0.08953763527330011,-0.10931726412847638,-0.005212739687121939,-0.0453715751087293,0.07966807502089068,0.16504182966426015,-0.02568617188371718,0.004932994768023491,0.0658994200406596,-0.0025118850870057942,0.02060244183987379,0.021484347279183566,-0.0005221455916762353,0.04576571416575462,-0.000849452456459403,2.0,2.0
Lpgat1,0.07276741488603874,-0.0011145192245021463,-0.0060994981694966555,-0.008799658161588014,0.005170471724122763,0.0,-0.0007806076854467392,-0.01887583712115884,0.011036674119532108,-0.016426827118266374,-0.06144115410745144,-0.06654752976726741,-0.02879318263847381,-0.007476452328264713,-0.04559589642565697,0.06507038539741189,0.007340867887251079,0.00650090241804719,0.007725814180448651,-0.0005221455916762353,-0.09021849968470633,-0.012967203501611948,2.0,2.0
Tmem241,-0.29818505032919346,0.0016663232678547503,-0.009800365315750242,0.11534826101036742,0.02031930325552821,0.0,-0.0004950011335313321,-0.0026244470942765473,0.009826840478926896,-0.03452128112781793,0.011425212509930133,0.0443268756987527,0.062280242703855036,0.032995966356247665,-0.028529245299287142,0.03050907182972878,-0.0023850768618285654,0.011560886474326253,0.01987091741990298,-0.0003480970859527588,-0.04803211794700474,0.004843160854652524,2.0,2.0
Syt17,0.10200418502325193,0.00298278033034876,-0.004842611057683826,0.04371983310207725,0.015181185640394688,0.0,-0.0007806076854467392,0.011768699381500483,-0.01648170975968242,-0.015764927451964467,0.05717524927575141,-0.07622612213715911,-0.039150410303846,-8.254530373960734e-05,-0.05411429319065064,0.07183990668971091,0.013508628732524812,-0.014060681937262415,0.001356638870202005,-0.0005221455916762353,-0.07762010904960334,0.026240986972115934,2.0,2.0
Nemf,0.2441566154267639,-0.011852914872579277,-0.008944169450551272,-0.0023452523816376923,0.006184768825769424,0.0,-0.0002602025680243969,-0.020745044066570698,0.01654476786032319,0.012368053486570716,0.003221475314348936,0.08951920282095671,0.05262401794083416,-0.02626686864066869,0.13208509533200413,-0.16205632526427508,-0.05466054392047227,-0.00390333890914917,0.019771233927458526,-0.0005221455916762353,0.05075052525382489,4.6436749398708345e-05,2.0,1.0
Numa1,0.007714340155944228,0.03349184486083687,-0.003540730481036007,-0.04152259544003755,0.004996032658964395,0.0,-0.0001951519213616848,-0.06045940527692437,-0.00029284424148499964,-0.02694451505318284,0.02371355429291725,-0.05809505935758352,-0.116372882113792,-0.060027796076610684,-0.10690288927871734,0.011169001518865115,-0.014016050542704762,-0.02112813187763095,0.00407720981631428,-0.0003480970859527588,-0.04353455163072795,-0.040995457507669926,2.0,2.0
Mphosph8,0.13555635654367507,-0.009860378466546535,0.06428437689784915,-0.01577718580607325,0.013021245282143355,0.0,-0.0001951519213616848,0.0430893586948514,0.013301464663818478,0.01542024095542729,0.023966478104703128,-0.08684254691703246,-0.21276518889702856,-0.03598857446224429,0.05837326897817548,0.04446322578471154,0.0056057262420654294,-0.02062028497457504,-0.042543424973264334,-0.0005221455916762353,-0.04713470191694796,0.007936418559402227,2.0,1.0
Plxnc1,-0.35019346517510713,-0.013531676605343818,-0.013033121889457107,-0.02044639419997111,-0.21326912136748433,0.0,-0.0002602025680243969,0.1008294434286654,0.004549670126289129,0.09138439765229123,-0.007950813816860318,0.029769580499269067,0.0691621654573828,0.027529271286912262,-0.08866046081762761,0.0338370091561228,-0.0007178234821185469,0.013080351008102297,0.007243785276077688,-0.0005221455916762353,-0.07237056985963136,-0.036320666782557964,2.0,2.0
Rsrp1,-0.02161623671185225,-0.010586255891248585,-0.004216135237365961,-0.009512643427588046,0.026019434407353402,0.0,-0.0002602025680243969,0.030126785384491084,-0.03006383839994669,-0.11439459560409887,0.03408946186769754,-0.01819238007534295,-0.2539830725733191,-0.026740618608891965,-0.019032115907029946,0.11791922646574676,-0.001262208237312734,-0.042045580092817544,0.01314448750577867,-0.0010442911833524705,-0.029601946733891965,0.00745271535590291,2.0,0.0
Cdc73,-0.19182694506831466,0.001923805025871843,-0.008117460003122688,-0.03159274869132787,0.008706207294017077,0.0,-0.0002602025680243969,0.015816852739080785,0.0021238204324617984,0.12491240926086902,-0.027044613249599933,0.03695179604459554,0.042736268776934594,0.02842247314285487,-0.09826400737278164,-0.1784153473097831,0.006489237127825617,0.024283374887891115,-0.016479137991555034,-0.0002610727958381176,-0.04275110425427556,0.01634950263425708,2.0,0.0
Ipo8,0.11488378584384919,-0.003251733365468681,-0.006545236203819514,-0.013029234604910017,0.026598581001162528,0.0,-0.0002602025680243969,-0.0925086411414668,0.003329921392723918,-0.08013831594958902,0.01741679386701435,0.11413876103237271,0.11997477076482027,-0.012329568387940526,-0.21300451914779842,0.0013162002665922045,0.0127189517673105,-0.020371638312935827,0.002979704588651657,-0.0003480970859527588,-0.005981800546869635,0.024173523746430874,2.0,0.0
Tbc1d5,-0.5058729078806937,-0.02789801312610507,-0.00823548729531467,-0.04145729688229039,0.02157957825809717,0.0,-0.0001951519213616848,-0.010793992653489112,0.004417671835981309,0.1359707510471344,-0.06067431831732392,0.040280413473956285,0.11343042131513358,0.03262373081874102,0.04915418398100883,-0.04980928909499198,-0.06196176389232278,0.015501457480713726,0.00691581201273948,-0.0005221455916762353,-0.06080909615848214,-0.010684424228966236,2.0,2.0
Arpc5,0.13619702272117137,-0.007558444770984352,-0.0063583278842270375,0.12226055271457881,0.22672657671384513,0.003365695774555206,-0.0001951519213616848,-0.04823943454306573,0.007130695451050997,-0.10838737784186378,0.025924902716651557,-0.02583816887810826,-0.19103278681635857,-0.010199054637923836,0.08442300314083695,-0.07846421177964658,-0.0007925785100087523,-0.022576460763812065,-0.014610853604972362,-0.0003480970859527588,0.004453539084643125,0.004835411310195923,0.0,0.0
Magi3,-0.4613395656365901,-0.016370597947388887,-0.00535906258970499,-0.02235829106764868,0.030016400627791883,0.0,-0.0005600517801940441,-0.019904765295796097,0.0042292288690805434,-0.08795576752425405,0.01883246433455497,0.05950516092590988,0.0861222857562825,-0.017755449367687106,-0.008756910923402757,0.09333209165371954,0.0028235284727998076,0.008529402539134026,0.013524149279110134,-0.0005221455916762353,-0.02146152882836759,0.028293781094253064,2.0,2.0
Rbbp4,0.25296504295431077,0.0005255921464413405,-0.006647161906585097,0.0063904632674530145,0.01352688522543758,0.0,-0.0003903038427233696,-0.07334687951486557,0.006194927413016558,-0.01704338379437104,0.0067814732133410875,0.007117996858432889,0.097543401196599,-0.00044833291321992873,-0.10851039514876902,0.08904354254715145,-0.00011176268570125103,-0.003151314249262214,0.018012545115780085,-0.0003480970859527588,0.041479118382558224,-0.01112149200635031,2.0,1.0
Daam1,-0.4612622251501307,-0.006439459240064025,-0.004473327351734042,-0.021801642153877764,0.03050461784005165,0.0,-0.0005600517801940441,-0.02645903210155666,0.00950639922171831,-0.011931019867479336,0.026332093263044955,0.04848435130901635,0.09601358872838318,0.023400996141135694,-0.022919336934573948,0.07526117546483874,0.005959965921938419,0.013484076960012317,0.014467679639346897,-0.0003480970859527588,-0.046494847680442035,0.028293781094253064,2.0,2.0
Cox8a,0.026628049458377063,-0.012787310229614378,-0.003488113726489246,-0.0051690837694332,-0.012681733407080174,0.0,-0.0003903038427233696,-0.01960476208012551,-0.040595033578574656,-0.002133698093239218,0.0008306048042140902,0.04088690485805273,0.10112574041821062,-0.03633581655099988,0.061643429514952004,-0.11613845817279071,0.005791029194369912,0.008043315382674337,0.016595455433707683,-0.0010442911833524705,0.024174369079992174,-0.006517531455028802,0.0,0.0
Brk1,0.18123568230308593,-0.02406385543756187,-0.0063583278842270375,-0.011103214430622756,0.012848874423652887,0.0,-0.0001951519213616848,-0.06612073601689189,0.013403606852516532,-0.005900563541799784,0.04096318489871919,-0.05512055769795552,-0.25728909810539335,-0.03490492168930359,0.07540379746395047,-0.03968104340601712,0.00046594133134931327,-0.020357077680528163,0.0005549931712448597,-0.0005221455916762353,0.008816699730232358,0.007794758249074221,0.0,0.0
Rnf112,-0.11926110322587193,0.03914342789677903,-0.00377044290304184,-0.05561057718237862,0.0029340906254947184,0.0,-0.0001951519213616848,0.04055810932535678,0.006047284086234867,0.030306605878286062,0.005088054104708135,-0.01853249512379989,-0.19959813812747598,-0.016787996707716957,0.031435539657686605,-0.05546440774342045,-0.007724541239440441,-0.004503053645603359,-0.011404332336969674,-0.0010442911833524705,0.02229201331268996,-0.014075103010982274,2.0,0.0
Uqcr11,0.005063455896452069,-0.0069536873372271655,-0.006349282767623663,0.00015409838873893023,-0.0018163142260164023,0.0,-0.0002602025680243969,0.011413385150954128,0.002404722385108471,-0.0018469551880843937,0.0078546077827923,0.054714237549342216,0.0684812855347991,-0.03066035656258464,0.08206739995162934,-0.11110030778218061,0.008070494995918125,0.008043315382674337,0.05373380762292072,0.04829846827313304,0.02695861693006009,-0.0013038050709292292,0.0,1.0
Appl1,0.02472106973640621,-0.00946873052045703,-0.014372943788766862,-0.014704407146200537,0.012756991032510996,0.0,-0.0001951519213616848,0.0453787034098059,0.0016006540227681398,0.016211929759010674,0.0010172758344560863,-0.04147718457505107,-0.1933541496656835,-0.08234266109997407,-0.07124582970049233,0.044668876086361706,-0.002112214951775968,-0.020704926140606403,-0.04237187398597598,-0.0003480970859527588,-0.018154756664298475,0.006944796275347471,2.0,0.0
Arhgap5,0.09412411731202155,-0.008098033301066607,-0.02244298383593559,0.07254517595283687,0.02398402985185385,0.0,-0.0007806076854467392,0.024483412308618425,0.011677556596696377,0.02193475603155093,0.0059082771884277465,-0.08182267169002444,0.07259084977209568,-0.0115027994569391,-0.02454634628724307,0.03516731736715883,0.012721499442122877,-0.005835882462561131,-0.03753745895810425,-0.0005221455916762353,-0.07630179195664823,0.007071969639509916,2.0,2.0
Fndc3a,-0.3421704218350351,0.002961897412315011,-0.00823548729531467,-0.04234736744081601,0.024489044174551965,0.0,-0.0001951519213616848,0.003830653433687985,0.002648827382363379,0.205439641373232,-0.0653979521477595,0.07488991594407707,0.07923442986328155,0.002469329750165343,-0.05841113833710551,0.07017281076405198,-0.10765944958198816,0.0003258282877504826,-0.02066133734304458,-0.0003480970859527588,0.07869854090735316,-0.011038575060665608,2.0,0.0
Actr3b,0.054247749727219345,-0.026329391784965992,-0.017314823586493732,-0.03976776298135519,-0.10691764237359166,0.0,-0.0001951519213616848,4.61784889921546e-05,0.002923776134848595,-0.07505250040674583,0.024186447579413652,-0.09222810243722052,-0.10975224806927145,-0.04058705291710794,-0.07982436118181795,-0.09220423294696957,-0.06971448298310862,-0.036876626685261725,-0.01186478320043534,-0.0003480970859527588,-0.0797786656813696,-0.015214103981852531,0.0,0.0
Rpl15,-0.10730566981248557,-0.008941403646022082,-0.008120685601606965,-0.002500175200402737,0.022645315760746597,0.0,-0.0001951519213616848,0.025441597606986763,0.007910197982564569,0.016266274659137707,0.02350213801022619,-0.010809983338695019,-0.18140860342420637,-0.07047404066310264,-0.0029389067298325245,0.01170812570489943,-0.002782915118150413,-0.013737475052475929,0.0002529848087579012,-0.0010442911833524705,0.09348655459005385,0.008007248733192682,0.0,0.0
Ccdc93,0.19924487546551972,0.045349712306633594,-0.013220199178904294,-0.000999337611719966,-0.17170226588845253,0.0,-0.0003903038427233696,0.014508162075653672,0.005759503766894341,-0.021164849947963374,0.024474950195290147,0.0717745640873909,0.09880230944603681,0.06355311097577214,-0.0006592589849606156,0.1235820880252868,0.003714742618612945,0.0455145131982863,-0.007666802825406193,-0.0003480970859527588,-0.07231790140271187,0.01649116298183799,2.0,2.0
Gm13619,0.18449960039928556,-0.001527890618890524,0.06455977391917259,-0.009756938461214304,0.006337779276072979,0.0,-0.0001951519213616848,0.06963336063548922,0.016161587489768862,-0.11225818753242493,0.01866347000002861,-0.04566988244419917,-0.22543053651228548,-0.05950276214745827,0.05011768972035498,-0.02091213998850435,-0.0005058616679161787,-0.036876626685261725,0.013189169382676481,-0.0003480970859527588,-0.003157666679471731,0.0018508149543777109,0.0,0.0
Ano4,-0.4082150733657181,-0.030818124287761747,-0.009507016539573669,-0.049681465029716494,-0.12176848962903022,-0.0021636615693569183,-0.0004950011335313321,-0.06564917197450995,8.426226675510406e-05,-0.024822531102690847,-0.009218514463864267,0.009352286611683667,0.05279101005988195,-0.0009130058251321316,-0.10600044486112893,-0.14373135234229267,-0.07104345713509247,0.012265613889321686,-0.004984061233699322,-0.0003480970859527588,-0.015446243057958782,-0.011460105385631324,0.0,0.0
Atp5h,0.06912822334561497,0.07327085816767066,-0.005794810364022851,0.06692315330961719,0.017446578200906514,0.0,-0.0001951519213616848,-0.017036491902545095,0.0032424794230610132,-0.021722824990283697,0.03972265264717862,-0.01735626799054444,-0.07672012962866574,-0.02252341453451663,0.009707334754057228,0.12090498795092572,-0.013555421116761864,-0.0061689256830140945,-0.000305335724260658,-0.0005221455916762353,0.02167134212329984,0.0016440998762845993,0.0,0.0
Cbx5,0.25610098291188477,-0.013744629649445415,-0.013720369627699257,0.005298898965120316,-0.12432685257866978,0.0,-0.0003903038427233696,0.024105331264436244,0.006400386244058609,-0.08085075489041628,0.035903176674619314,0.021218641307204963,0.1369144174270332,-0.0340459296759218,0.07233370087575168,0.05716945207910612,0.00100279881618917,-0.010011931471526623,0.017354475026950242,-0.0005221455916762353,-0.05948801193386316,-0.006517531455028802,2.0,1.0
Tmem259,0.20661295112222433,0.01855868994491175,0.04422040995676071,0.03845688971690833,0.025845385938882828,0.0,-0.0002602025680243969,0.016088468870148063,0.006393406661227345,-0.040460728115867824,0.02382576049072668,0.041005460983142256,0.1532256980240345,0.05658518048934638,0.05196470486931503,0.03200613852590323,0.019222627766430377,0.0723962433077395,0.0015351599012501538,-0.0002610727958381176,-0.02802845599129796,-0.006833615098148584,2.0,1.0
Rpl26,-0.06593239150941371,0.09004724140977487,-0.004076735600829124,0.1786497729597613,0.01062899329699576,0.0,-0.0002602025680243969,0.0036825984669849278,0.007413759045302868,0.017697299079445658,-0.01839964585378766,-0.023303092762362212,-0.17779085272923112,-0.034939201289089394,-0.00950807525558048,-0.05524289918830618,0.023184289657510817,-0.005771325533278287,0.006745724002830684,-0.0010442911833524705,0.012624555854126812,-0.003343228306621313,0.0,0.0
Pcmtd1,0.09814092005137354,0.016461815387010574,0.06350041380617767,-0.014606021370273083,-0.06646663404069841,-0.0014424410462379456,-0.0002602025680243969,-0.08396757517009973,0.022218628488481044,-0.00682792796054855,0.0006253364076837897,0.09810737247113138,0.08239797544665635,0.004576908703893423,-0.19174315530341118,-0.13375083715189248,0.0031582641741260886,-0.004114269088022411,-0.012486009299755097,-0.0003480970859527588,-0.025510353385470808,0.024892190862447025,0.0,0.0
Atp6v0b,-0.05203915936872363,-0.008966033714823424,-0.004502802416682244,0.007927370956167579,0.024239899199455975,0.0,-0.0002602025680243969,0.028544852682389318,-0.0009288212191313505,-0.001695434630382806,0.05020777731202543,0.009536479800008237,-0.18529529020190239,-0.017417915621772407,0.034051814256672516,0.09252777495887131,-0.006227392209693789,0.0036585453152656556,0.014088017866015434,-0.0010442911833524705,0.0463076671725139,-0.0070012346585281195,0.0,0.0
Arhgap33,0.21757741262670607,-0.025703383346553893,-0.015817540381103754,-0.0062785483244806525,0.018647040091454983,0.0,-0.0003903038427233696,0.00937484580092132,0.01437159419991076,-0.00025780386349651965,0.019934880267828702,-0.02124464073218405,0.11714858318213374,-0.009387365831062198,0.06388486010953784,0.012791599773336201,0.017659839601255955,-0.0013134015072137116,0.005435914262197912,0.006613844186067581,0.0712273938395083,0.030178959602490067,2.0,1.0
Ulk2,0.09706065780483186,-0.014197556069120765,-0.005981375593692064,-0.026559502286836505,-0.010616862829774618,0.0,-0.0001951519213616848,-0.1140463707363233,0.01024468446150422,-0.0024024150427430866,-0.011865361395757645,0.03941962000448257,-0.19539193677715957,-0.023736434064339847,0.0776299252086028,-0.12064445107243955,-0.004323236364871264,0.05117054224014282,0.008911823004018516,-0.0005221455916762353,-0.09391532402485608,-0.03653315726667643,2.0,2.0
Dalrd3,-0.17416801887564362,-0.0009862890723161398,0.04518319857306778,0.0060012644017115235,0.0212393032759428,0.0,-0.0002602025680243969,-0.007675948990508914,-0.040822657430544494,0.014329385499004275,0.02632113067898899,0.022867814204655588,0.11032095789443702,-0.03828108794987202,0.049801930119283494,0.02195787339704111,-0.0006852386821992695,0.008239559298381209,0.037530394899658856,-0.0010442911833524705,0.007300678854808212,0.025114704873412847,0.0,0.0
Ndufc2,0.2141167908301577,0.005630675267893821,0.09394130494445563,-0.028864978624042123,0.027473313976079227,0.0,-0.0002602025680243969,0.06135039148852229,0.016256483057513833,-0.15877471062121912,0.0159920755517669,-0.009431317769922317,0.10483974344097077,0.07547646356746554,0.04709839460905641,0.024130531563423575,-0.053152176970615986,-0.018304046387784184,-0.004318718069698662,-0.0003480970859527588,0.014828275730833411,-0.0019712370354682206,0.0,1.0
Serinc1,0.22839684887323528,0.0009153139987029135,0.06631456362083554,-0.013085765107534826,0.0023903069784864785,0.0,-0.0003903038427233696,0.0806120287720114,0.01933755151927471,0.04626952724065632,0.007173627023585141,-0.05180954329669476,0.05346154144965112,0.019403477485757322,0.11742731814272701,0.029048898527398705,0.004179178699851036,0.02585267024114728,-0.04576225493568927,-0.0003480970859527588,0.03262023403309286,0.005776174133643508,0.0,1.0
Rps3,0.0030270239803940058,0.0624804873066023,0.015771284298971296,0.13731658861041068,0.01508287064731121,0.0,-0.0002602025680243969,-0.012580223819240928,0.011956298770383001,-0.12752707331208513,0.01258702319348231,0.009376934822648763,-0.17891960506793111,0.04100725702941418,-0.012577892270492157,-0.04243561092764139,-0.008451317125000059,-0.028897238112986088,-0.014191780758555978,-0.0003480970859527588,0.06401345892809332,-0.007857791539281607,0.0,0.0
Eftud2,0.13890054144896566,-0.012402619300410152,-0.007630294254049659,0.00573323697084561,-0.0514857671270147,0.0,-0.0002602025680243969,-0.0676104525802657,-0.009080047290772199,-0.033630742600653324,0.04562809818889946,0.06671016716165468,0.09905697293579578,-0.03173002154566348,-0.05802183298394084,-0.030543884930666537,-0.0004805228114128113,0.01904541416093707,0.018387069045566022,-0.0003480970859527588,-0.02800750798545778,-0.013508980926126242,2.0,2.0
Dhx57,0.05108939202968031,-0.012606658276636153,-0.009542517173103988,0.05311920310137794,-0.14493324984796346,0.0,-0.0002602025680243969,-0.10345823809504509,-0.009080047290772199,-0.028997998388949783,0.043510857787914574,0.09032754909712822,0.1016466254973784,0.016553594251163303,-0.07331628113985061,0.006566794926766306,0.030328515199944377,-0.0024461959162727,-0.010001136292703449,-0.0003480970859527588,-0.04125883979722857,-0.0001589624583721161,2.0,2.0
Hs3st1,-0.27811443912796674,-0.008090925179421901,-0.007920589065179229,-0.05332410715054721,0.007303117346018553,0.0,-0.0001561215426772833,0.0018893565144389869,0.002648827382363379,0.19255502554122358,-0.028291406496427952,-0.037602774417027834,-0.055968805584125224,-0.029842089395970106,-0.04919795910362154,-0.12317408700939268,-0.0703659869520925,-0.0009566478151828051,-0.013991996003314853,-0.0003480970859527588,0.09178055659402162,-0.011038575060665608,0.0,0.0
Aatk,0.07427850358188152,0.022121574159245937,-0.005308046801947058,0.06727759571745992,0.015785622727125883,0.0,-0.0001951519213616848,-0.020704613565467298,-0.0706863503716886,-0.04186799461487681,0.03762205231469125,-0.050393508234992626,-0.13386234629433602,-0.028439526418223976,0.007580294711515307,0.0005555351520888507,-0.009217881122604013,0.025265821143984794,0.001688409079797566,-0.0003480970859527588,0.005441450206562877,0.02901036384515464,2.0,2.0
Tspyl4,0.016643265653401615,-0.009913744004443288,-0.008120685601606965,-0.0022363696713000535,0.012533940225839615,0.0,-0.0002602025680243969,-0.031969839902594686,0.003288971772417426,-0.1143543842737563,-0.0017435009777545928,-0.020911126439459624,-0.16072014805395157,-0.010369369476102293,0.0447673091199249,-0.047402778449468316,-0.004191873758099973,-0.03531601625494659,-0.051413798164576294,-0.0005221455916762353,0.06518271162174642,0.004523513619787991,0.0,0.0
Scube1,-0.3037335793534294,-0.005297648729756474,-0.00459135465323925,-0.023045956338755787,0.03420677393674851,0.0,-0.0006901530548930168,-0.018375012231990694,0.00950639922171831,-0.019912002882629166,0.026332093263044955,0.06418083319906145,0.12908198894932865,0.03220010058023035,-0.019016726007685066,0.08226029437500984,-0.009858457134105264,0.0167722680978477,0.015843665753491224,-0.0005221455916762353,-0.048308998006395994,-0.03085645370185375,2.0,2.0
Dcaf8,0.19417360997293145,-0.000930497134104371,-0.006699475585483014,0.0077067450946196915,0.03365268472582102,0.0,-0.0003903038427233696,-0.003780915541574359,-0.01773912888020277,-0.010775838256522547,0.06583616610616445,0.07583914277609438,0.16805554271675646,0.05840675600105896,0.000992351952008903,0.12420841087121516,0.004085188969038427,-0.0028968335315585135,0.029591211443766953,-0.0003480970859527588,-0.07731917536817491,0.005237866770476103,2.0,1.0
Ociad1,0.23250618220306932,-0.0034714285749942063,-0.006371764852665365,-0.0025005714735016225,0.002550885151140392,0.0,-0.0003903038427233696,-0.042864910028874874,0.007103523453697563,0.0122302455897443,-0.011812881447840482,0.01602874625241384,0.1266633859090507,0.024103870745748282,0.12540211665444076,-0.009814299317076803,0.01585276200901717,-0.004199937768280506,0.0056166430818848315,-0.0005221455916762353,-0.0653608388453722,-0.009775032284669577,0.0,2.0
Ncam2,-0.47381734715774654,-0.02754795568063855,-0.00823548729531467,-0.04411108166910708,0.010356162209063768,0.0,-0.0002602025680243969,-0.00297287420835346,0.004417671835981309,0.13694682650268078,-0.0627373539051041,-0.05631202450022101,0.08182116583921015,0.01988636248279363,0.05096979117952287,-0.03769020152743906,-0.06196176389232278,-0.0002817128598690033,-0.02117599025834352,-0.0005221455916762353,-0.047846604869700965,-0.010684424228966236,2.0,2.0
Gm16351,0.07037065913900734,0.007457059228327126,-0.016790294209495186,0.09993540084455162,0.020919267423450946,0.0,-0.0003903038427233696,0.04563243962824345,0.0007909831777215004,-0.02270236357813701,-0.01760132467607036,-0.009298715055920184,0.07226672563236207,-0.022984305564314127,-0.15278134311549366,0.08043304139282555,0.0004942046757787466,0.017436564564704896,-0.00047212187899276615,-0.0003480970859527588,-0.001133465957827866,0.003984300140291453,0.0,1.0
Rbm10,0.22151387793011965,-0.008347687798086555,0.10033166527748108,-0.05992143253562972,0.013669667914509773,0.0,-0.0002602025680243969,0.10690952571108937,0.012128872079774738,0.014820801173336805,0.017321621580049396,0.046297270166687665,0.17331185267306864,0.06585989047773183,-0.0644283541245386,-0.011837712060660123,0.0015788634307682514,-0.0022414210671558975,-0.007183267907239496,-0.0002610727958381176,0.021932688355445863,-0.006004531451035291,2.0,1.0
Pcsk1n,-0.08005795864854008,0.0022537105274386703,-0.019741747723892332,-0.026115058495197446,0.016136197168380023,0.0,-0.0003903038427233696,0.04815082066692412,0.007646201439201832,0.0376430908520706,0.0026747939712367954,-0.07043767157942056,0.12006431298796087,0.06853560337796807,0.12217989360913634,0.0064954842778388415,-0.004391351244412363,-0.007343735285103321,0.001983986108098179,-0.0005221455916762353,0.008810277651064099,0.0013460626523010433,0.0,0.0
Tom1l2,-0.1733907641749829,0.0005291901784949004,0.009943355098366738,0.143982989708893,-0.18277874819934367,0.0,-0.0005600517801940441,-0.030128266611136496,-0.013755799797363579,-0.01594662374816835,-0.004211623179726303,0.06097208661958575,0.1148454849049449,-0.02510872413869947,0.08720823605544865,-0.009820284468587489,-0.008411605183500797,0.016094471719115974,0.007837974135763943,-0.0005221455916762353,-0.035681387367658315,-0.0047026936011388895,2.0,2.0
Hpca,0.11852472886443138,0.08762629172299058,-0.008404113529250025,0.09981004976201803,-0.0658420792222023,0.0,-0.0001951519213616848,-0.07321188557893038,0.004302906529046595,-0.08507329033920541,0.06151340091833845,-0.039343480644747617,-0.0578288466623053,0.007419511759653687,-0.11639847006183118,0.028839305809815415,-0.014127737833186984,-0.02372828470543027,-0.0010007169097661973,-0.0003480970859527588,-0.003164991997182369,-0.0006587891094386578,0.0,0.0
Hist3h2a,-0.10896696783602237,-0.021293024835176765,-0.011074466714635491,-0.001073214327916503,-0.169562408644706,0.0,-0.0002602025680243969,-0.0035197902843356133,0.005200279578566551,-0.06141738543956308,0.009836076875217259,0.002127555753104389,-0.1582133199996315,-0.02853249148931354,-0.0021496503321395723,0.05281121220672503,-0.005261148270219565,0.09430245760828257,0.005920593142509461,-0.0010442911833524705,-0.0005158513272181153,-0.006446701281238348,0.0,0.0
Cd38,0.14430986165534704,0.014619637131690979,-0.02115024550817907,-0.0006553765712305903,0.015332966521382331,-0.0021636615693569183,-0.0002602025680243969,0.07549597403034568,0.0044987969845533375,0.18710972875356674,-0.004206695919856429,-0.04957336150109768,0.031980911097489295,0.09545885291881859,-0.15753320273011923,-0.08995275681838394,-0.023859067782759667,-0.0016512383613735437,-0.023663243460468948,-0.0002610727958381176,0.07742531762458384,0.0003659181226976216,0.0,0.0
Homer1,-0.17982531043700875,-0.014957366604357957,-0.007920589065179229,-0.03353304018266499,0.019520196206867693,0.0,-0.0001951519213616848,0.017382875848561526,0.0021238204324617984,0.1503411896340549,-0.06495434942655265,-0.008268723217770457,-0.10893929785583169,0.042837972827255724,-0.06710182219743728,0.023583810240961612,0.00991880805697292,0.04234836913645267,-0.01414240213111043,-0.0002610727958381176,-0.07061975031159819,0.028736015241593124,0.0,0.0
Smc3,0.15779309261590244,-0.007162130391225219,0.05816941358614713,-0.011607767678797246,0.016205827612429856,0.0,-0.0001951519213616848,0.04314615493640304,0.018681532172486186,0.15183770249364897,-0.05318946243729442,-0.06480652010068297,-0.1968739023897797,-0.037441079686395824,0.011450037648901344,-0.05384270325768739,-0.005382843930274248,0.055379134453833107,0.015402970043942333,-0.0003480970859527588,0.06762346299365163,-5.37545420229435e-05,2.0,2.0
Camk2g,0.06006092169787735,-0.011605502027086913,0.009769681300967932,0.11406643871450797,0.009794727163389326,0.0,-0.0001951519213616848,-0.06241763687692583,-0.016109652034938336,-0.016498401693534104,-0.0002171321539208293,0.0634813872212544,-0.1291355059063062,-0.014938411923358217,-0.0949211829667911,0.05418966058408842,-0.0022777405404485764,0.013823784235864878,-0.0010869651148095727,-0.0003480970859527588,-0.06413057901430876,-0.01925481669139117,2.0,2.0
Glt1d1,0.13501359933521598,-0.006622985936701298,-0.020878105815500023,-0.005789784681983292,0.025803477726876734,0.0,-0.0003903038427233696,0.005199068570509553,0.012700469642877578,-0.027346273772418498,0.0089128253236413,-0.09130833761766553,0.10348284781444818,0.03819064961746335,0.03938283646479249,0.06837868870701641,-0.003052952731959522,0.07793207230046391,0.02509105794597417,-0.0003480970859527588,0.0589157079719007,-0.014221695903688669,2.0,2.0
Irak1,0.18809080117032864,-0.0083617583848536,-0.020763304121792316,0.009240064918994904,0.02594879496842623,0.0,-0.0001951519213616848,0.032064887406304476,0.014836478987708688,0.016293369056656955,0.0074895451217889784,0.0695002098986879,-0.20883253037929536,-0.015436747530475258,0.08302800445395406,0.05186916453763843,-0.002112214951775968,-0.00828810897655785,0.014990454632788896,-0.0005221455916762353,0.1061184943979606,0.00745271535590291,2.0,1.0
Rap1gap2,-0.33965046766214074,-0.022402497213333844,-0.013151149181649089,-0.016554870333056897,-0.15759815964847804,0.0,-0.0001951519213616848,0.11257973811589181,0.0005367017770186067,0.04422480865148828,0.02649772031698376,0.00012363657355308534,0.04063913068268448,-0.018798987031914294,-0.0650988562963903,-0.0009464736469089985,-0.0024487293185666203,0.012265613889321686,0.006980708087794483,-0.0003480970859527588,-0.015446243057958782,-0.03541718928609043,2.0,2.0
Rsrc2,0.259124880451709,0.007654062074143439,-0.006371764852665365,0.0368817612528801,0.01311712123453617,0.0,-0.0002602025680243969,-0.027930848780088127,0.01437159419991076,0.008276167586445808,-0.019981867503374814,0.0566625168453902,0.10534264869056642,-0.028095933077856898,0.12331627966370434,0.04186681598192081,0.017532153078354894,-0.004537474825046957,0.02043082996737212,-0.0005221455916762353,0.04341892704367638,-0.0068700162693858145,2.0,1.0
Lrrc1,-0.24760447730310262,0.037960774851962927,-0.00823548729531467,-0.03328561877831817,0.008932879026979208,0.0,-0.0005600517801940441,-0.0038580426946282385,0.009694842188619077,0.020506124878302216,-0.010456806886941195,0.062514020469971,0.16871291559189558,-0.023255469901487233,0.09109537074808031,-0.1036665740609169,-0.07553378473035992,-0.004020659755915403,0.005867788405157626,-0.0005221455916762353,-0.043824839391745626,0.00457538309507072,2.0,2.0
4932443L11Rik,0.0954171123355627,0.033813451926689594,-0.004016038854606449,-0.01649750064127147,0.01300174692645669,0.0,-0.0001951519213616848,-0.04649901993107051,-0.06618121645413338,0.008101814221590757,0.043774351691827175,-0.03008659855928272,-0.23517820899374783,-0.05675263763172552,0.025054738400503995,-0.04440559508511797,-0.014806685517542065,-0.02112813187763095,0.01490467914380133,-0.0003480970859527588,-0.006620867168530822,0.0073110550455749036,0.0,2.0
B830012L14Rik,0.05951790980994701,-0.00690195501782,-0.008022329518571496,-0.009333104491233826,0.02631551932543516,0.0,-0.0001951519213616848,-0.03662094078026712,0.01163012164644897,0.15302879163064062,-0.053849037494510414,-0.007721569784916937,-0.2354117309022695,0.04285639052512124,0.07229118234696216,0.0732912081014365,0.010291620194911956,-0.02418777782469988,-0.0005281184148043394,-0.0003480970859527588,0.05707765243947506,0.005237866770476103,2.0,0.0
Hnrnpl,0.12939617564436048,0.06111056505003944,-0.01270487000234425,0.10584487170912325,-0.07555070695467293,0.0,-0.0001951519213616848,-0.002041047802194953,-0.10267323154490442,0.010374437691643834,-0.019512461926788092,-0.02331871509319171,-0.14321372620761394,-0.027117520180763677,0.05531278307593311,-0.03753651377512142,-0.018408552478067577,-0.0075990201579406854,-0.00037363296840339896,-0.0005221455916762353,-0.0020259972009807827,-0.007999451849609613,2.0,2.0
Gfra1,-0.37582373835146426,-0.006597845163196325,-0.008117460003122688,-0.012595713383052497,0.266230576261878,0.003365695774555206,-0.0002701142244040966,0.08908053251449019,0.009694842188619077,0.008078722753562034,-0.0043552690837532285,0.03110748377162963,0.09236360837239772,0.01746076872572303,0.0927529060607776,0.011352824359200896,0.04245687405578792,0.013484076960012317,0.0173886404465884,-0.0005221455916762353,-0.023242088933475315,-0.03276366153266281,2.0,2.0
Pitpnm2,-0.23970044359099119,-0.007946679443120956,0.007593017155304551,-0.03125160999130458,-0.004110078657977283,0.0,-0.0005600517801940441,-0.025204774090088904,0.009242402678355575,-0.0036469137202948332,-0.00958858945639804,0.05526540226303041,0.0691463725315407,-0.028931656600907445,0.10269234479404986,-0.045641975123435256,-0.007010539893526584,0.019193374570459127,0.011210836849641055,-0.0005221455916762353,-0.04287332227453589,-0.031791613227687775,2.0,2.0
Tuba1a,-0.019945590266725047,0.0253760269889608,-0.004175091683864593,-0.002513973964378238,0.004408379402011633,0.0,-0.0001951519213616848,-0.016320941732265056,0.007677755588665605,0.011532455161213874,-0.02117614491842687,0.029167753409128635,-0.2078378308750689,-0.014376180740073323,0.03768562286670203,0.031108717860188335,-0.007802098365500569,-0.006360057280398905,0.00702368360478431,-0.0010442911833524705,0.05687488722614944,-0.00963057518005371,0.0,0.0
Dennd4c,0.12949119687546046,-0.018673182083293795,-0.006427208902314305,0.003406599038280547,0.03282304883003235,0.0,-0.0002602025680243969,-0.044687455194070934,0.01024468446150422,-0.010758955599740147,0.04951491003856063,0.07734902806580067,0.11530957851558923,0.052551076533272865,0.009892198420129717,0.010424501053057611,0.024532898557372392,0.01770332092419267,0.01628576725255698,-0.0003480970859527588,-0.07555298029445112,0.028635823987424373,2.0,2.0
Gm20642,0.21179354284889995,-0.007233964707702398,-0.012789550959132612,-0.01002617843914777,0.02783142440021038,0.0,-0.0002602025680243969,0.07816449205391109,0.0037839176412671803,0.15387399134226143,0.0747325345221907,0.033668245575390755,0.13722693792544305,0.046585550969466566,-0.09962906081229449,0.05594624317716807,0.011950538740493358,-0.004095816630870104,-0.04539800814818591,-0.0003480970859527588,-0.06433009746950119,0.00718664787709713,0.0,1.0
Srsf5,-0.08203664440661669,-0.006707502626813949,0.024207764943130313,-0.002704215939156711,0.02004669150337577,0.0,-0.0002602025680243969,0.03172574607655406,0.00860752516426146,0.028381493212655186,0.01803575461730361,0.029927855995483695,0.19126649878919125,0.09213803257094696,0.09336063389666378,0.06400102322921157,0.0073718824749812485,-0.015808169124647976,-0.06747766808606684,-0.0005221455916762353,0.011992982677184046,0.0054503572545945645,2.0,0.0
Cmip,-0.477932621431537,-0.0115218896092847,0.0013068217877298593,-0.03794318255735561,0.0024823648016899826,0.0,-0.0005600517801940441,-0.028683487963862716,0.009242402678355575,0.002050566505640745,0.0077940082177519795,-0.02212798613123596,0.07051772791426629,-0.0017042103176936507,0.08720057161524891,-0.007128792335279286,-0.008122537219896912,0.012265613889321686,0.0060181945329532026,-0.0005221455916762353,-0.023862227560020984,-0.03818270147778094,2.0,2.0
Tbc1d24,0.2246640405897051,-0.0005569389322772622,0.013028258141130209,-0.005190496840514243,0.02691860624589026,0.0,-0.0002602025680243969,-0.01495721764396876,0.008127955505624413,0.00760718001096393,0.060825541126541795,0.0734530173218809,-0.15035452756099402,-0.015020315879955887,0.021927603732183342,0.09721755374921486,0.005910827713087201,0.04355410005897284,0.015312923435121775,-0.0005221455916762353,-0.04226133762858808,-0.000849452456459403,2.0,1.0
Apbb2,-0.41922911441419275,0.028939494844526053,0.006609884807839989,-0.029154628792311996,-0.13144741008989513,0.0,-0.0004950011335313321,-0.0430547656910494,0.009242402678355575,0.005689313796756324,0.03283863645512611,0.0472759226989001,0.07765131263062358,-0.011962777911685407,0.0035435232729651035,-0.00027893379563465715,-0.0047348469728603956,0.013484076960012317,0.006643356871791184,-0.0005221455916762353,-0.03342518580611795,0.029109188839793205,2.0,2.0
Ptpn3,-0.18984513252042234,-0.02506481480784714,-0.00504416435956955,-0.03656358452979475,0.018055906035006047,0.0,-0.0004950011335313321,-0.02907412042375654,0.0006092692166566848,-0.02383158991113305,0.004110928867012262,-0.022515929215587677,-0.14055268745869398,-0.021710330438800156,-0.09037472687661648,0.014134866176173091,-0.08373048942768946,0.04182104226201773,0.003776397560723126,-0.0003480970859527588,-0.012583485953509808,-0.011847067959606647,0.0,0.0
5330438D12Rik,0.07877197176218033,-0.008479048134759068,-0.020760078523308037,-0.01385397427715361,0.020070961825549603,0.0,-0.0002602025680243969,0.07415649361908436,0.0029116783291101454,0.02373250442557037,-0.01037446339149028,0.04365345237776637,0.0853614180535078,-0.05348837251774967,-0.15470568131189794,0.0401494105393067,0.02414487523958087,-0.004537474825046957,-0.02066133734304458,-0.0003480970859527588,0.0075220926385372875,0.028027713615447283,0.0,0.0
2010300C02Rik,-0.11209738667588681,0.0026575331343337894,-0.004607953750528395,0.1552347307978198,0.221749775884673,0.003365695774555206,-0.0004950011335313321,-0.028907173182815313,-0.00916356691159308,-0.05693038401426748,0.014855120964348316,-0.04485489686019719,-0.09916723806876689,-0.00829869505017996,-0.027611288079060613,0.004806768880225718,-0.0067551523516885936,-0.007377306148409844,0.00106539411470294,-0.0003480970859527588,-0.05492603413760662,0.010128037035465241,0.0,0.0
Arhgef28,-0.47032882569823414,-0.0263211789727211,-0.005246776267886162,-0.02812267074594274,-0.1736951642949134,0.0,-0.0005600517801940441,-0.04302358981221914,0.00950639922171831,-0.0242928869696334,0.029803041061386468,0.03957727382425219,0.05201290768571198,0.027895956775173546,-0.014640723436605186,0.04422344610793516,0.0028235284727998076,0.01255302413366735,0.007243785276077688,-0.0003480970859527588,-0.0410073298914358,0.02877748429775238,2.0,2.0
Jakmip1,0.12233548787888139,-0.013383003259077668,0.0054171338444575666,-0.004404394407756627,0.015928319352678955,0.0,-0.0002602025680243969,-0.03823645151220262,-0.0646709518879652,-0.021863804529421032,-0.01733271941775456,0.07374865979887545,0.1657927611656487,-0.04089319300837815,0.10636092869564891,-0.016227867542766033,0.016529043233022095,0.01904541416093707,0.004792876413557678,-0.0005221455916762353,-0.04197600482963026,0.028635823987424373,2.0,2.0
Caln1,-0.400844248526264,-0.024868872952647506,-0.012875625137239695,-0.03813426787266508,-0.19170166071504355,0.0,-0.0004652661457657814,-0.02981722339056432,0.009826840478926896,-0.012913229509722441,-0.01582356118131429,-0.022417452237568795,-0.03608640627702698,-0.009373512105084955,-0.029340711233671754,0.0314525033114478,0.040274335800204425,-0.00027889744378626344,0.007206243230029941,-0.0005221455916762353,-0.030922622047364713,-0.015845583076588808,2.0,2.0
Scand1,-0.17298288914375007,-0.0014657836384139955,-0.00999670178629458,0.006122002713382244,0.009573630266822874,0.0,-0.0002602025680243969,-0.022087801792658866,-0.03932663443963975,0.00836570649407804,0.018713992827106268,0.01402888486161828,0.10952490952797234,0.02217323946300894,0.0848818185692653,-0.02227497896994464,-0.016799192992039025,-0.007343735285103321,0.001983986108098179,-0.0010442911833524705,-0.0010321130137890577,0.0024940618313848972,0.0,0.0
Pdzd2,-0.25956235920777543,0.021254248446784915,-0.008378469357267023,0.16937114207074047,-0.07764159926213324,0.0,0.045091990772634746,-0.01514810393564403,0.009333965480327605,-0.014051744195749052,0.03490084221120924,-0.016269676801748574,0.06070790208177641,0.0026067569339647888,0.014047835075762122,0.013709020545938984,-0.0042167276004329325,0.010629833647981287,-0.0008455758728086949,-0.0005221455916762353,-0.034756587878800926,-0.014650856140069663,2.0,2.0
Ndufb11,-0.08170419123023748,-0.006451635449193418,-0.008875119453296065,0.01902300771791488,0.020752406772226097,0.0,-0.0003903038427233696,0.054807889200747015,0.007646201439201832,0.036589469974860546,0.01712442413903773,-0.016678766440600158,0.06718925540219062,0.05466735777677968,0.12035826398991048,0.025515074913855643,0.0035930546466261147,0.019099873565137385,0.0256698302552104,-0.0005221455916762353,0.026628087912686168,0.0024037116090767086,0.0,0.0
Smarcc2,0.18628521267324685,-0.020686400232370943,-0.0035899720387533307,-0.028360648637171835,0.01619972210843116,0.0,-0.0001951519213616848,-0.030986054721288382,-0.08869744272902608,-0.004743122102227062,0.005348638461437076,0.0540649268287234,-0.2057797909202054,-0.01813248100806959,0.07553203086412395,0.07516241370001808,0.014026570520363747,-0.020433231624774634,-0.009889874060172587,-0.0005221455916762353,-0.01432159146759659,0.008036609850823878,2.0,2.0
Eif4g1,0.18584223327226937,-0.018184076622128488,-0.012448403257876635,-0.02552392947487533,0.019956846125423908,0.0,-0.0001951519213616848,0.055257167657837274,0.0037839176412671803,-0.11935131871607155,0.048396963784471156,-0.04690881168353371,-0.17410681528504937,-0.08368415639502928,-0.0670169734209776,0.02751002263627015,0.010289049777202307,-0.03572480274364352,0.0051897065527737145,-0.0003480970859527588,-0.08349949744064361,-0.01013849426060915,2.0,2.0
Zadh2,0.26743064471520483,-0.0022181439492851497,-0.020763304121792316,-0.0031168387504294515,0.026600854583084584,0.0,-0.0001951519213616848,0.017327706650830804,0.011862564040347934,0.17027140038553626,-0.06979080372024328,0.05492608474567533,-0.11682137968484313,-0.004555364376865327,0.09680015247067786,0.04731699250172824,-0.020016481247730554,-0.005849982611835003,0.013200978618115186,-0.0005221455916762353,0.15310982989612967,-0.00019541485235095025,2.0,1.0
Smarca2,-0.42644662818871437,-0.01576115797273815,0.0363331797439605,-0.03664726205402985,-0.17493587248027326,0.0,-0.0004950011335313321,-0.02310142796486616,0.004417671835981309,-0.14659453295636923,-0.013802997171878814,0.04415167400613427,0.10047643719241023,-0.025924524408765137,0.05082765168044716,-0.028772905801888557,0.0001516538066789508,0.04764191038906574,-0.0007121902005746961,-0.0005221455916762353,-0.042417513229884206,-0.04030112128704786,2.0,2.0
Tmsb4x,-0.14525581698748283,-0.00013842569664120673,0.01860425329301506,0.01016901117283851,0.020072715459391474,0.0,-0.0003903038427233696,0.057919250866398216,0.008343528620898724,0.04304778452962637,0.020624192650429904,0.03476418329868466,0.1427675978653133,-0.025650729136541487,0.1039665069617331,0.01869478212669492,0.0027217192854732276,-0.008167959786951541,0.0256698302552104,-0.0010442911833524705,0.026628087912686168,0.005115397996269167,0.0,0.0
Sestd1,0.07881343296263367,-0.005893897796049714,-0.020760078523308037,0.0004474241705611348,0.034953846260905266,0.0,-0.0003903038427233696,0.03376016396097839,0.011677556596696377,0.02274013551446842,0.018150279009714724,0.10077460178174079,0.11465272160246968,-0.02594120933674276,-0.007767595597542822,0.05818307477515191,0.0013486907863989473,0.0167722680978477,0.014467679639346897,-0.0005221455916762353,-0.07648403291590512,-0.036875200159847736,2.0,2.0
Zmynd8,-0.12195392400957644,-0.01295613762922585,-0.007920589065179229,-0.032650414928793906,0.009898895230144263,0.0,-0.0001951519213616848,0.08641945756040513,0.0010617087269201874,0.05506023980677128,0.04613121816888452,-0.037600873056799176,-0.09784316755831242,-0.022796001881361008,-0.09568354240618646,-0.12839294026140124,-0.0033489294396713376,0.04182104226201773,0.003776397560723126,-0.0003480970859527588,-0.01850007296539843,-0.03667481761425734,2.0,0.0
Bbs9,-0.5064965116092935,-0.02557639421429485,-0.013151149181649089,-0.028825841892976312,-0.21285660414025187,0.0,-0.0004950011335313321,-0.02807903033681214,0.004549670126289129,-0.05531010183971375,-0.02468998429365456,0.03426782376598567,0.06164645920973271,0.04143903436139226,-0.005122477484401315,0.06198660052614287,0.0031760116131044924,0.016442814134061335,0.006149848788045347,-0.0003480970859527588,-0.02685984697192907,0.028848314471542836,2.0,2.0
Frrs1l,0.16430345757864415,-0.009532344713807105,-0.020763304121792316,-0.031158450082875787,0.020101643204689025,0.0,-0.0001951519213616848,-0.011926080067642033,0.011040109191089869,-0.009127302598208188,-0.020893914056941867,-0.06210900857578963,-0.15228219448123126,-0.05354607841931283,-0.14070650215726346,0.012410853561013936,-9.492276236414909e-05,-0.02112813187763095,0.0029877151269465684,-0.0003480970859527588,-0.021660426696762443,0.003332458008080721,0.0,0.0
Fhl2,0.06599624053575098,-0.015413950798101723,-0.005981375593692064,-0.028048861706629395,0.001028192131780088,0.0,-0.0001951519213616848,-0.07837680038064718,0.0017549005430191756,-0.0429107100982219,0.015088252197019756,-0.06764863982796669,-0.10201751709915698,-0.05296375023201108,-0.06748611623886973,-0.15517923578154297,0.009121214700862766,-0.02858179435133934,-0.002641613115556538,-0.0003480970859527588,0.006779091358184814,0.024415375348180533,0.0,0.0
Tmem120b,0.15908874441869558,-0.015183985363692046,0.013916820827871561,-0.008312215656042099,-0.00796835221350193,0.0,-0.0002602025680243969,-0.10438613571692258,0.022218628488481044,-0.03261325866915286,-0.0029499508789740505,0.06701795434346422,0.07995318329893053,-0.03221720359288156,-0.01809118454810232,-0.11417731110239401,0.005414356742985547,0.021753930486738682,0.019350477487314492,-0.0003480970859527588,-0.04433210758492351,0.024847529069520532,2.0,2.0
Vps13a,-0.3308784247096628,-0.008183700274676084,-0.0042636439204216,-0.03810820013517514,0.006970385704189539,0.0,-0.0004950011335313321,-0.042118443357758224,0.0016713809221982957,-0.08328851369209588,0.00991926723625511,0.05387423446401954,0.11699428291060031,-0.018735395399853586,0.024091821033507585,-0.11511266511399298,0.006119499069172889,0.020726025234907866,0.004817337687127292,-0.0003480970859527588,-0.009899056274443865,0.027927522342652084,2.0,2.0
Actr3,0.019468997460789977,-0.04203190568834543,-0.007420981181785464,0.12280992402695119,0.012321143131703138,0.0,-0.0001951519213616848,-0.10455712851136922,0.0017428027372807264,-0.031876222339924425,0.019476237753406168,-0.012375015183351934,-0.11708188460208475,-0.009308527852408589,-0.19962662594392896,0.05787743572611362,-0.004258210086263716,-0.007284889644943178,-0.006231913878582418,-0.0003480970859527588,0.024835696816444396,-0.0007877766340970993,0.0,0.0
Oxr1,-0.37079798222519456,-0.017679095370694994,-0.007959963250905276,-0.032338221536483615,0.019675524085760118,0.0,-0.0004652661457657814,-0.018059032652527094,0.009826840478926896,-0.014131203833967447,0.010071011325344444,-0.09348799619823694,-0.04401633488247171,-0.013260983861982822,-0.028505049019586295,0.058397403180133554,0.0503018761635758,-0.00027889744378626344,0.001559473779052496,-0.0005221455916762353,-0.031025978485122323,0.016099997516721486,2.0,2.0
Atxn2l,0.26626780450344084,-0.010680162897333503,-0.004258830472826958,0.009695178847759962,0.01997508676722646,0.0,-0.0002602025680243969,-0.027011911938898264,-0.09644412845373154,0.00606662338366732,0.04059832497499883,0.0758543975907378,0.10340178673621267,-0.0265656123124063,0.10564654172863812,-0.028855973281897606,0.006083178143016994,-0.0014151631109416485,0.026572267021983863,-0.0005221455916762353,0.010042599197477102,-0.009772235490381719,2.0,1.0
Ptn,0.15696455375757068,-0.019492716577369718,-0.012936588767915964,0.03746185489697382,-0.18713361155241728,0.0,-0.0002602025680243969,-0.05581013946793974,-0.01907679283991456,0.002904407640453428,0.019089348590932788,0.06616465515457094,0.12490147922653705,0.019220153177157043,0.1287522160820663,-0.0002954714163206518,0.005299644176848233,-0.0013134015258401631,-0.00913756421301514,-0.0005221455916762353,-0.05398140674456954,0.010304265152662993,0.0,1.0
Nop10,-0.31138005847926253,-0.006960750764701516,0.059011715282686054,0.002844791591633111,0.01423219014890492,0.0,-0.0002602025680243969,0.023407876640558243,0.006788610694929958,0.026984607563354076,0.023483231109566988,0.013127599847503007,0.10918173083569854,-0.036409392547793684,0.05474660800769925,0.02328729426022619,0.0018654922489076853,-0.033769064182415605,-0.003963941889815033,-0.0010442911833524705,0.018915825025178492,0.002242423202842474,0.0,0.0
Lrp1,0.08090884590987116,-0.00974073185119778,-0.006217525471001863,-0.019550243029370903,0.0184862855495885,0.0,-0.0002602025680243969,-0.05401143107097596,0.023298703469336032,-0.0017356914095580578,-0.011912614225875586,0.084501288800966,0.1311595479771495,-0.03405961331911385,0.04903684140183032,0.016417307786177844,-0.00031312002800405026,0.021753930486738682,0.011210836849641055,-0.0005221455916762353,-0.07709856596775352,-0.035049800775013865,2.0,2.0
Numb,-0.28944299067370594,-0.015781119242310526,-0.005246776267886162,-0.027968100300058724,-0.14921079341322183,0.0,-0.0006901530548930168,-0.033433997486718,0.010818916596472264,-0.004865608289546799,0.015982177448458968,0.05974076437531039,0.12088886079378426,-0.022060955772176385,0.018938933992758394,0.026008168952539563,0.010081420801579952,0.018041885513812302,0.0069097771216183905,-0.0005221455916762353,0.03805858915671706,0.017978850337676704,2.0,2.0
Slc44a5,-0.3980569914635271,-0.016465870570391415,-0.0041456166189163925,-0.03518909226171672,-0.00124098377302289,0.0,-0.0006901530548930168,-0.02451294146478176,0.00950639922171831,-0.021488573867827654,-0.03744217020925134,-0.10284831090131774,-0.04444689851254225,0.015860917498357593,-0.02531727987108752,0.050780290288385,0.0012570998235605657,-0.00027889744378626344,-0.005354454354383051,-0.0003480970859527588,-0.03445959486532956,0.003310950365848839,2.0,2.0
Cpeb1,-0.24312321508303283,0.002521256618201733,-0.0041456166189163925,-0.028661656733602284,0.01894727073609829,0.0,-0.0004652661457657814,-0.020272905151359738,0.009594398085027933,-0.005323710930242669,-0.03744217020925134,0.0861001711897552,0.11307268746197224,-0.03346836470067501,-0.020442997287027538,0.04685771729098633,0.04317594538675621,0.0167722680978477,0.010942993061617017,-0.0005221455916762353,-0.051742614386603235,-0.03085645370185375,2.0,2.0
Madd,0.14551236242055893,-0.0029634195123799147,0.05072453341446817,0.03771841859212145,0.027777244597673417,0.0,-0.0002602025680243969,0.10419286960735917,0.006101726554334164,-0.02752517439192161,0.011245205306913704,0.03414632322266698,0.1108574958331883,0.06759310875087976,-0.04591636581346393,-0.03653195066377521,0.0004351048031821847,0.017436564564704896,0.008377425952348859,-0.0002610727958381176,-0.05415531753096729,0.0005716242641210556,2.0,2.0
Flt3,0.12239490940235555,-0.008327852860093117,-0.02579376770183444,-0.007760658806655556,-0.19852153848856688,0.0,-0.0002602025680243969,0.008204832337796689,0.006136389700695872,0.046851841006428,-0.07887644490692765,0.11140823134919628,0.10116239311173558,-0.017626167088747025,0.09648196898400783,0.05334035651292652,-0.02672586389351636,0.02228125736117363,0.011613297360017896,-0.0005221455916762353,-0.09357994697056711,0.0174502274626866,2.0,1.0
Eif2b3,0.0689393906434998,0.01798029711237177,0.016848245221190154,0.09867749778088182,0.007586398469284177,0.0,-0.0002602025680243969,-0.13128472388722,0.022922619292512537,-0.02665056492201984,-0.0002495464449748397,0.04997088700532913,0.14151348801795394,0.04616056442959234,-0.033938282090239226,-0.0084940442990046,-0.004703560175839811,0.014728048238903285,0.003188898186199367,-0.0002610727958381176,-0.04209806576371193,-0.007004013233818114,2.0,2.0
Pdxdc1,0.017806334774941205,-0.0009855640958994626,-0.014172847252339124,-0.016941389837302267,0.005844196891412139,0.0,-0.0001951519213616848,0.07270025044679641,0.0013366574794054032,0.007815447077155114,-0.0052999467775225635,-0.05597795769572258,-0.1402502850210294,-0.08585404800251126,-0.0913914996618405,0.026338604404591025,-0.002866841023787856,0.0505613106675446,0.0043466976843774315,-0.0003480970859527588,-0.0112574507528916,-0.039174323761835696,2.0,2.0
Doc2b,0.1718984181061387,-0.028895182989072055,-0.006030617151409388,-0.02227781433146447,0.011281911716796458,0.0,-0.0001951519213616848,-0.07449234023690224,0.0010931155271828176,-0.10150762489996851,0.0035226209298707544,0.018497047733981163,-0.1772432361729443,0.0027661239402368663,-0.1477202758938074,0.003712347739492543,0.0022453115275129676,-0.036267395112663504,0.0019128031353466213,-0.0003480970859527588,-0.033947234665974976,-0.0137508325278759,0.0,0.0
Cox7a2,-0.024082721853628756,0.004523197542876005,0.01129697049036622,-0.004032298400998116,0.01700641931965947,0.0,-0.0002602025680243969,0.027941123778000475,0.004791839495301247,-0.12811718204058706,0.025504207368940116,0.020773908686824143,0.15013141552917658,0.09410128836752847,0.03342549684457481,0.12133303232491016,0.0022076987707987427,-0.0507649892475456,-0.06842119844630361,-0.0005221455916762353,0.021934057460166512,0.00553432253189385,0.0,0.0
Pid1,-0.3690857610665262,-0.027615471594035625,-0.00823548729531467,-0.05081785764778033,0.004783118031919002,0.0,-0.0004950011335313321,-0.014938156176358462,-0.008711127401329576,-0.03637262832373381,-0.002972667929716408,-0.013946297573857009,0.03162961137248203,0.00907989860046655,-0.08580710489535705,-0.16013260546140373,-0.08030423120129854,0.014364899033680559,0.004544808221980929,-0.0003480970859527588,-0.027861867849715054,-0.011847067959606647,0.0,0.0
Kifc2,0.12843769834842533,0.028961485351901503,0.018537985244765878,-0.032477180641144514,0.0066175063140690325,0.0,-0.0001951519213616848,0.06751402467023582,-0.11142118285875767,-0.014823727949988097,-0.006632164870388806,-0.061407182787079365,-0.24325277670752257,-0.060784458011621606,-0.03795180395245552,-0.12874709735391662,-0.005034447987563908,-0.019976307936012745,0.007055622441694141,-0.0003480970859527588,-0.011452522333711386,0.006944796275347471,2.0,0.0
Egr1,-0.17231749372556807,0.004264011338818818,0.029537439956329764,0.01424969224492088,0.009592450028285383,0.0,-0.0001951519213616848,-0.015913404077291488,0.00039704164955765007,-0.14270141922635957,0.013196807345375419,0.009514912245795131,-0.22629085983149708,-0.024029301735572516,-0.0003972162377613131,-0.07075458022765815,-0.004159381678327918,-0.025953579489141704,0.004782307925634086,-0.0010442911833524705,-0.0022014060663059355,0.002242423202842474,0.0,0.0
Gria4,-0.39982595783192665,0.03107424932997674,-0.013151149181649089,-0.03250720284180716,-0.13812239645048976,0.0,-0.0003903038427233696,-0.01248581920750439,0.004549670126289129,0.08964660689234734,-0.035694439252838495,-0.06602780935820192,-0.028829654252622277,0.03244235454592854,-0.032468045863788576,0.03628407034324482,-0.0013814271078445017,0.0002484294306486845,0.007243785276077688,-0.0003480970859527588,-0.055970648042857646,0.003713485081680119,2.0,2.0
Rpl10,-0.21689729688223452,-0.006364688654430211,-0.008875119453296065,0.01959402605891228,0.02694215758703649,0.0,-0.0003903038427233696,0.05534064781852067,0.007646201439201832,0.02952931601408636,0.01867434718646109,0.01754560035187751,0.12693713837303222,0.08733279792824761,-0.04901110490085557,0.031763301799073815,0.0010775069845840334,-0.02842490860261023,0.0256698302552104,-0.0005221455916762353,0.01569672366604209,0.004966654051095247,0.0,0.0
Prickle2,-0.29476909623946995,-0.020293467154260725,-0.004355204775929451,-0.03532497050706297,0.015643308274447917,0.0,-0.0004559707548469305,-0.04375154516659677,8.426226675510406e-05,-0.05871968917548656,0.013518808381631971,-0.04540736259892583,-0.07117039903998375,-0.009983070958405733,-0.10175456675700843,0.005582710653543472,0.002188927549868822,0.02019299242645502,0.003776397560723126,-0.0003480970859527588,-0.012276907823979855,0.027927522342652084,0.0,0.0
Smdt1,0.18626894961693324,-0.008753406330943108,-0.020664948038756847,0.008551572333090007,0.027300662407651544,0.0,-0.0002602025680243969,0.03167323946021497,0.014836478987708688,0.015077439325104934,0.00903946816921234,0.07334614041727036,-0.18527800711803138,-0.015436747530475258,0.042140584660082823,0.05147751654498279,-0.0005260543199256063,-0.00828810897655785,0.014990454632788896,-0.0005221455916762353,0.12044977536424994,0.00745271535590291,0.0,1.0
5031415H12Rik,0.16469014859758319,0.0523113577789627,0.06446702961809933,0.02994541869498789,0.011659450577571989,0.0,-0.0001951519213616848,0.05859751870855689,0.01773863416630775,0.025990830140799517,0.0049037418328225614,-0.05062343497993425,-0.16423396768048407,-0.026981343362713232,0.04607174753895379,-0.049868710942100734,0.013355081812478601,-0.0075990201579406854,-0.010501895570196212,-0.0005221455916762353,0.026595030454918744,-0.007543978895992041,0.0,1.0
Casc3,0.18037517104297876,0.03788512102328241,0.05789401656482369,-0.017185157644562424,0.025536843612790107,0.0,-0.0001951519213616848,0.05591747982427478,0.01325746523682028,0.011453379737213254,-0.005162650351412595,-0.06888204025104643,-0.16892450664192438,-0.05402667201240547,0.05241677294994588,0.07083427269768436,0.009943862850777805,0.05365059673320502,0.012958929962478579,-0.0005221455916762353,-0.07127485163509846,-0.004830308905802667,2.0,2.0
Chrna5,0.12967821304220706,-0.027121385922655464,-0.020763304121792316,0.09298606817843393,0.012046434171497821,0.0,-0.0001951519213616848,0.06757486301939934,0.007363803004845976,0.010999302596319467,-0.0121239248290658,-0.0570680275792256,-0.07676145158708096,-0.03661227697040886,-0.12375928537687286,-0.131663997923024,-0.008040170243475586,-0.005036131273955107,-0.0037459203414618968,-0.0003480970859527588,0.04442436089739203,9.043928235769272e-05,0.0,0.0
Phf2os1,-0.09474841888528317,-0.006368998514954,-0.00999670178629458,0.061776847848668694,0.04071315016597509,0.0,-0.0003903038427233696,-0.020589744956232607,-0.0014554388634860516,-0.10139253423898481,0.019975512102246285,0.06493529772851617,0.10559305513743311,-0.041353976204991344,-0.012468598056584597,-0.005525772457476705,-0.010375794121064246,-0.007508935509249568,0.046761102485470475,-0.0010442911833524705,0.057424179804511366,-0.004278387832455337,2.0,1.0
Ext2,-0.42349173709750176,-0.016383955422788858,-0.00823548729531467,-0.03943901333259418,0.026110190339386462,0.0,-0.0001951519213616848,-0.00297287420835346,0.004417671835981309,0.1683720476925373,0.03110764004290104,0.03612588866148144,0.0782780232699588,0.023200193243101238,0.07116122109815479,0.029796274099498987,-0.10765944958198816,0.014011403834447265,0.0060181945329532026,-0.0005221455916762353,-0.04923077913466841,-0.010926275830715895,2.0,1.0
Gm28375,-0.31511033633258195,-0.018283058293163776,-0.00823548729531467,-0.046261896439827976,0.01618498729541898,0.0,-0.0005600517801940441,-0.0028520546108484267,0.01100735956337303,-0.014523752741515636,4.088317044079304e-05,0.058618477242998776,0.1665788765437901,0.04852393350563943,0.07438018012791872,-0.08774392009712756,-0.11348078405484557,0.019193374570459127,0.005867788405157626,-0.0003480970859527588,0.009877801607362926,-0.010926275830715895,0.0,2.0
2900026A02Rik,-0.38925201853737235,-0.023321250057779252,-0.010926869073882699,-0.04311509165912866,-0.1810301337018609,0.0,0.045976679511368274,-0.018662661761045456,0.0072101792087778446,-0.07336908103199676,-0.00408934396225959,0.0010756635759025812,-0.11085808608215303,-0.03147024709731341,0.0013519690418615938,0.01690694614779204,-0.003451273450627923,0.0561785204987973,0.04370824647601694,-0.0003480970859527588,-0.015067150122486056,-0.036078815180808306,0.0,2.0
Trpm2,0.028456073659472166,-0.00754902983084321,-0.020878105815500023,-0.005218311571516096,0.02461786715313792,0.0,-0.0003903038427233696,0.05925098707899451,0.002649174854159355,0.015362104745581745,0.011607202384620905,-0.06176980148069561,0.11761368677020073,-0.044328216956928373,0.07101431334391237,0.012597169294022024,0.0008895072480663657,0.021753930486738682,0.0183311548223719,-0.0005221455916762353,-0.06594801003113389,-0.014221695903688669,2.0,2.0
Kcnq1ot1,0.04477931498549879,-0.010711824176833034,-0.006217525471001863,-0.02317031749524176,-0.008962062578648329,0.0,-0.0003903038427233696,-0.04940904258750379,0.001480299262329936,-0.006087717320770025,-0.01198348397621885,-0.12932672120630742,0.14760352149605752,0.04744172787293792,0.029866514503955843,-0.08141669634263962,0.01227423049043864,-0.004623143505305052,0.004792876413557678,-0.0002610727958381176,-0.08004973710514605,0.0031692900555208327,2.0,2.0
Tiam1,-0.25406334470491854,-0.024782544444315137,-0.010909832920879126,0.13504145810380577,-0.14302833085879685,0.0,-0.0003903038427233696,-0.015859344298951326,-0.02609536310657859,0.07522212629846763,-0.023480788888409734,-0.012747827447019517,0.05193045657593757,-0.010200524684041739,-0.028597449872177095,0.011672203745692968,0.005524719699751586,0.011157160522416235,5.012103356420994e-06,-0.0005221455916762353,-0.04783963458612561,0.008494989201426505,2.0,2.0
2610507B11Rik,0.19993453979026526,0.01022654470987618,0.005781337125226855,-0.0056845197034999725,0.0130218370212242,0.0,0.008180220741778613,-0.028865612000226974,-0.05734364142641425,-0.028884956128895283,0.012053999016061426,-0.012794421336147934,0.10483085053041577,0.009911717693321408,-0.03348993649240583,-0.04109597454080358,0.029061792809516193,0.01904541416093707,0.01085820805747062,-0.0003480970859527588,-0.02063937915954739,0.024847529069520532,2.0,2.0
Rapgef4os1,0.04989067452959716,-0.031010315949097277,-0.006456683967262507,-0.024785943720489742,0.006841096477583051,0.0,-0.0001951519213616848,-0.10437238337472081,0.000167781887575984,0.013096728939563035,0.03043039344716817,-0.046692396556027235,-0.13104893217328936,-0.03439632114488631,-0.12806779567617924,-0.16035950623918324,0.0027771619986742737,-0.02112813187763095,0.004853631015866995,-0.0003480970859527588,-0.06894122008699924,0.003332458008080721,0.0,0.0
Nbr1,0.24059889960102737,-0.011509580425918103,-0.006647161906585097,-0.006789480303414166,0.012901117247529327,0.0,-0.0002602025680243969,-0.0808153647184372,0.006194927413016558,-0.028281292701140045,0.0067814732133410875,0.019587296217214317,0.04455881218891591,-0.00045738509856164456,-0.2495646549295634,-0.023533684355206787,-0.0025667338678613304,0.021753930486738682,0.007469228368718177,-0.0003480970859527588,0.012744733160361647,0.024847529069520532,2.0,2.0
Frmd5,-0.4295971461199224,-0.017719143987633287,-0.005246776267886162,-0.031341901435516774,-0.1547589480644092,0.0,-0.0004950011335313321,-0.052906188438646494,8.426226675510406e-05,-0.044677798424381764,0.03785012183710933,0.07367008468136191,0.06869341536890715,-0.0006880515255033969,-0.05768975083250552,0.040848516207188365,0.003406599455047399,0.012265613889321686,0.0060100551648065445,-0.0003480970859527588,-0.01769514554180205,0.028314484916627407,2.0,0.0
Dnajc7,0.1958747259899974,-0.006194867687299848,-0.021517737973481416,-0.004327102205716074,0.02556877665221691,0.0,-0.0002602025680243969,0.05528071712702513,0.007101299529895186,0.030675550093874335,0.0015766700403764843,0.0293675029813312,0.09297382081393152,-0.026082655768841504,-0.010941705079749226,0.0100660356041044,0.0026789558306336402,0.021753930486738682,0.007356614116579294,-0.0003480970859527588,-0.06193013683892787,-0.009146871976554394,2.0,1.0
Insr,-0.2050055859517306,0.011192752043716609,-0.0050016638869419695,0.17050828960724174,0.009092604331672192,0.0,-0.0002701142244040966,-0.028441330539062618,-0.00024141491856426002,-0.020612364714033903,-0.0013597723143175245,0.03545472565339878,0.11231506263837218,-0.011195982387289406,-0.032859685085713866,-0.0021606286033056675,0.05284964786143973,0.010342423403635621,0.0027465965459123253,-0.0003480970859527588,-0.020451654782518744,0.024908845494501293,2.0,2.0
Tnrc18,0.12857289805542677,-0.03000132798915729,-0.0034790549799799918,0.035478782318532465,0.01276694180443883,0.0,-0.0002602025680243969,0.003124803015962243,-0.018108805492520332,-0.016573140532709658,0.029409334771335126,0.08424395623151212,0.054871553271077574,-0.026647622804157434,0.11796662973240019,0.02654764461098239,0.010469008397776633,0.015015458073467016,0.00457381775137037,-0.0005221455916762353,-0.054303938271477815,0.022217299244366585,2.0,2.0
1700007F19Rik,0.19177887158934026,-0.008713027932681144,0.031791670937091114,-0.035185923012904824,0.007775931172072887,0.0,-0.0001951519213616848,0.06699468017090111,0.00854898671619594,-0.10924134416040034,0.02588677637744695,-0.08019873614422977,-0.1254227374913171,-0.053155795033089814,-0.042312340261414644,-0.14674069188535213,-0.009049706698860974,-0.03572480274364352,-0.005611836230382323,-0.0003480970859527588,-0.0778148934757337,0.0015847474755719304,0.0,0.0
Fsd1,0.17564773745834827,-0.003128158582840115,-0.028391108904033898,0.04848309400258586,0.029778562616556883,0.0,-0.0002602025680243969,0.046088905669748784,0.007101299529895186,0.04346414495492354,-0.0014574961829930545,0.03708053024485707,0.13923501556739212,0.04432780531235039,0.029318117583170534,0.004775985856540501,0.025613150899298488,-0.0029550703335553406,0.0045310505153611305,0.003132873550057411,-0.08325659016147256,-0.0014451812533661723,2.0,1.0
Aifm3,0.16476555139757693,0.016083023967221378,0.005585053525865078,0.05875707427971065,-0.0651784391514957,0.0,-0.0002602025680243969,-0.062404980747960505,-0.07519671093672514,-0.0038354864722350613,0.024955903007648886,0.0414377832505852,0.11853625083342195,-0.025298754749819637,-0.01831931170076132,-0.040107133600395174,-0.013136099786497652,0.022972393557429315,0.023925070553086698,-0.0005221455916762353,-0.06778452273458242,-0.004645776306279004,2.0,2.0
Kbtbd11,0.1255177712161094,0.035305938015226274,0.009339173678308726,0.007471296165604145,-0.0007511425483971835,0.0,0.009068589874077588,-0.042817004271782935,-0.12723874808754773,-0.021855748523958028,-0.005311721945181489,-0.024993530290666966,-0.19527838722337038,-8.449318120256066e-06,0.05444800606041099,0.003262266160454601,-0.006512222304008901,-0.0042321557784453035,-0.011814463860355317,-0.0005221455916762353,0.03255031208973378,-0.003935740124434233,0.0,2.0
Bdnf,0.03219790340866893,0.02672958640847355,0.05544367859140038,0.031092272847890855,-0.0772366148326546,-0.0021636615693569183,-0.0001951519213616848,-0.0580510479118675,0.008917336128652096,-0.010802058207336812,-0.004607294290326536,-0.00534775463398546,-0.13132170172873883,-0.011400305889546871,-0.1826969017041847,-0.017034183726646005,0.005881291825789958,-0.020433231624774634,-0.012818684298545123,-0.0003480970859527588,-0.02362419890239835,0.0038742160331457854,0.0,0.0
Gm15577,0.1507838071277365,-0.008163736353162676,-0.028391108904033898,-0.03385938828345388,0.018283956795930863,0.0,-0.0007806076854467392,0.0027013667766004803,0.005826477184891701,0.05015945165185258,-0.012999008600600064,-0.10328238999471068,-0.01886812440585345,0.018452448351308704,-0.0878088958421722,0.03290913107106462,0.02135410484392196,-0.013617996210232377,0.0042319908225908875,0.004177165031433105,-0.11839131130836904,0.028299099449068308,0.0,1.0
Tmeff2,-0.34876588539220393,-0.008422895264811815,-0.008117460003122688,-0.03547913816059008,0.008972027017734944,0.0,-0.0003903038427233696,-0.017878304673358797,0.004549670126289129,0.06657465955009684,-0.01836459055542946,-0.09343667489243672,-0.01276804068358615,-0.02586571466177702,-0.03226985520450398,0.03271351989358664,0.01605355301639065,0.0002484294306486845,-0.0421393727697432,-0.0005221455916762353,-0.05607400448061526,0.01643170205876231,2.0,2.0
Elavl3,0.15235105595551432,-0.01492575004696846,-0.020763304121792316,-0.01610201448202133,0.015459084939211607,0.0,-0.0001951519213616848,0.051283371709287165,0.014572482444345952,0.046663617938756945,-0.006943559539504349,-0.0898463625810109,-0.24308298400603234,-0.03831997895846143,0.0663512663594156,-0.06400063467212021,-0.004624672406353056,0.05326982699334622,0.0065409695263952015,-0.0005221455916762353,0.012929141083732247,-0.009146871976554394,2.0,2.0
Setd2,0.12958867162931711,-0.0018665277492254972,-0.008702781964093447,0.0071268966468051075,0.016250461768358947,0.0,-0.0002602025680243969,0.08180848389863968,0.0013366574794054032,-0.027843414219096304,0.0013961307844147085,0.06737331939395517,0.1670436794217676,0.17681738011538983,-0.006068334067240357,0.025523692523129284,0.008003973541781307,0.02114469891414046,0.013263203911483288,-0.0002610727958381176,-0.045249287756159905,-0.020988688645884393,2.0,1.0
Xrn1,-0.26638624804560096,0.0018864448368549347,0.01649531818460673,-0.04155890350230038,0.00295047901570797,0.0,-0.0004652661457657814,0.0038280212320387363,0.0012340289587154983,-0.021690377350896597,-0.008803953160531819,-0.06444619097746909,0.12810388909652828,-0.021190504226833582,-0.026155700753442944,-0.10579217582009733,0.04226750707719475,-0.0035974540188908576,-0.007745850821956992,-0.0003480970859527588,-0.017703078258782624,-0.0213060920778662,2.0,2.0
Lrmp,0.0999636975908652,0.032714147879742084,0.017157436427660287,-0.007786685423925519,0.008835964021272957,0.0,-0.0002602025680243969,-0.07384104556404054,-0.018298676144331692,-0.011488700471818446,-0.01906425877241418,0.03653162514325231,0.13396751437801868,0.1427800403884612,0.0959222464915365,0.03372542379423976,-0.07400233624037356,0.02114469891414046,0.004792876413557678,-0.0003480970859527588,-0.07709856596775352,0.0007329014129936695,0.0,2.0
Gm26854,0.23940085669513791,0.0025459782918915153,-0.02124234094284475,0.0007953092548996211,0.027289790082722903,0.0,-0.0003903038427233696,0.001569609511643648,0.0011810557916760445,0.030804572805645875,-0.005687306472100318,0.06891479438869283,0.1331612434796989,-0.03385158342309296,-0.019725944860838354,0.046663407166488466,0.007753156702965498,-0.0023695066571235656,-0.023026790898293258,-0.0005221455916762353,-0.10236720136366785,-0.009633371974341571,0.0,1.0
0610012G03Rik,-0.03090187576133758,-0.012399855367839337,-0.003488113726489246,0.0015850311517715454,0.007654870604164898,0.0,-0.0002602025680243969,-0.024589937133714556,-0.03085582805797458,-0.1854523586202413,0.015834554699249565,-0.012966294554062188,0.100203987788409,0.12022542550461367,0.02943280224688351,0.024060402866452932,0.009022908434271813,-0.024677994037047027,0.010615632608532906,-0.0005221455916762353,0.02017615799792111,0.005379527080804109,0.0,0.0
Car10,-0.49191609729547053,-0.02557639421429485,-0.013151149181649089,-0.028280167516786605,-0.21285660414025187,0.0,-0.0004950011335313321,-0.02807903033681214,0.009826840478926896,-0.02336183447856456,-0.01539044507779181,0.03681766724679619,0.04894791311118752,0.030442834943532945,-0.012637345928233117,0.03196301556425169,0.0031760116131044924,0.013484076960012317,0.007093379148282111,-0.0003480970859527588,-0.029991569425910712,0.028848314471542836,2.0,2.0
Itm2b,0.09352191638201475,-0.0012924411753192544,0.01747465738095343,0.13538742710836232,0.2210441125649959,0.003365695774555206,-0.0001951519213616848,-0.09198500578757375,0.004422505293041468,-0.12026915623107926,0.00631164108403027,-0.031363632213324305,-0.18580285254865886,-0.025196056412532926,-0.05685166615061462,-0.058118459735997025,-0.006657951246015727,-0.022576460763812065,-0.005175144672393799,-0.0003480970859527588,-0.017318748757243155,-0.0001589624583721161,0.0,0.0
Slc26a4,0.18494588850066065,0.003378891819156706,-0.006974872639402747,0.0014304290618747473,0.011490522250533104,0.0,-0.0003903038427233696,-0.06966592603828758,-0.01773912888020277,-0.008301413720473647,0.06037128850352019,-0.014389926022849976,0.1437997448584065,-0.012063293615356088,0.1283527767751366,0.08457370972726494,0.0030934580415487288,-0.004867321262136102,-0.06657523131929338,-0.0005221455916762353,-0.05449029863812029,0.005386610715650022,2.0,1.0
Rpl9,-0.18802010392770171,0.019506875020451845,-0.00745081277564168,0.1069426585873589,0.020680913361720742,0.0,-0.0002602025680243969,-0.043646432403475044,0.005200279578566551,-0.09596552207804052,0.026697706556878986,0.009757356555201113,-0.06647509363479913,-0.04231908441986889,-0.02184588056858047,0.09667091965675353,-0.005371633577160537,-0.01816659400239587,-0.04591443559154868,-0.0010442911833524705,0.05860470608342439,0.00466093922033906,0.0,0.0
Gm15478,0.04646948475856334,-0.0019444344704970717,-0.0059986947476863865,0.007498622597195208,0.026900079250335693,0.0,-0.0002602025680243969,0.028687873436138035,0.004791839495301247,0.04959645576076582,-0.0260773336654529,0.07565320544410498,0.17923955311067402,0.14061998599441722,0.061794976540841165,0.10127957507502287,0.004035769361071289,-0.005414636856876313,-0.06747766808606684,-0.0005221455916762353,-0.019435689146630467,0.005379527080804109,0.0,0.0
Ndst4,-0.39887819228228183,-0.02546508362982422,-0.009507016539573669,-0.033467500496190045,-0.18262965358793737,-0.0021636615693569183,-0.0004950011335313321,-0.07361155524849891,0.0016713809221982957,-0.06480578985298052,-0.007056411830708384,0.03760101342573762,0.06266062166076153,-0.0037605037912726404,-0.0020724582532420754,-0.0427295014122501,0.003605321638751775,0.0011358980555087328,-0.014201519060879946,-0.0002610727958381176,0.014101620437577367,0.015596267767250538,0.0,0.0
Sorcs2,-0.4765136617422104,-0.016528746830299496,-0.005919646332040429,-0.031665582165587694,0.015920836441218854,0.0,-0.0005600517801940441,-0.010637138271704316,0.009826840478926896,-0.014777584434195887,-0.02844128595199436,0.07013474581763149,0.0935203210497275,-0.019595230552367865,-0.005119942862074822,0.03792297996580601,-0.009151770879980177,0.01255302413366735,0.007252939250320196,-0.0005221455916762353,-0.03445959486532956,-0.03680436998605728,2.0,2.0
Capza2,0.18684475626796485,-0.013587931760121137,-0.013420437388122082,0.025985478782095017,-0.0002127813082188368,0.0,-0.0002602025680243969,-0.055170224024914206,0.012232507336884737,0.026728825310710816,0.0037696910090744495,0.0400848249765113,0.03634044180158526,-0.022175388410687447,0.010796291031874716,-0.09508896961808205,-0.05601303346455097,-0.0028694016532972455,-0.003661933527328074,-0.0003480970859527588,0.03674280738458038,-0.0017199663631618024,0.0,0.0
Prpf39,0.1896615061815828,-0.0144568175310269,-0.002766945972107351,-0.007209991901181639,-0.009828810933977366,0.0,-0.0003903038427233696,-0.12348848733119666,0.004619906563311816,-0.02310520939528942,0.015965704233385624,-0.0856237159203738,0.021229395223781467,0.02273455371381715,-0.022622114117257296,-0.10752791430102661,0.016081338110379876,0.006213492583483458,-0.03218170937150717,-0.0002610727958381176,-0.029958252534270285,-0.0013907288596965372,2.0,0.0
Ubb,-0.058809966342523695,0.018851246936246752,-0.004175091683864593,-0.016429249190259725,-0.012148514036089181,0.0,-0.0002602025680243969,-0.02583088313229382,0.007413759045302868,0.01896017391933128,0.003458594053518027,-0.0005430899979546666,-0.17658905222080648,-0.01741591670550406,0.05510912475685473,-0.1349588683177717,-0.015510498830117285,-0.01297593561001122,0.005461238247808069,-0.0010442911833524705,0.07176063263788819,0.005615327176637947,0.0,0.0
Cox7b,0.019583804695867003,-0.0010482838028110565,0.059011715282686054,0.031007480493281038,0.009452182818204164,0.0,-0.0003903038427233696,0.055384313445538284,0.015037367232143878,0.021015935516916214,0.03097203071694821,-0.08975739920511842,0.047835251669166606,0.019454577136784793,0.031167880920693277,0.014037503709550947,0.0010923634190112353,-0.0003328507486730814,0.01397868111729622,-0.0003480970859527588,0.04597644558176398,0.0029539173911325633,0.0,1.0
Gm29237,-0.16941524074412884,0.013482504333369434,0.024994613626040517,0.009251507027074694,0.013223569639958441,0.0,-0.0002602025680243969,0.0012617336120456456,0.005897606760263443,0.0954911145591177,-0.0348293707286939,0.006283898018300533,0.10039638124406337,0.09646757747745141,0.04510314351413399,0.06289324718527496,-0.03959406910231337,0.030249891867861152,0.031535147540271286,-0.0005221455916762353,0.07207718903664499,-0.0036113950610160827,0.0,1.0
Junb,0.0032907063513994217,-0.009224735591560602,-0.003245322108268738,-0.00019765198696404694,0.006829728987067938,0.0,-0.0001951519213616848,-0.006531927655451,-0.040595033578574656,-0.004398364974185824,-0.023312535984441638,-0.005274144674185664,-0.23104026153218002,-0.00035399515298195183,0.022941876827244415,-0.02807662237319164,-0.004937157770618796,-0.013737475052475929,0.008841771217994392,-0.0010442911833524705,0.08410489029251039,0.007936418559402227,0.0,0.0
Usp7,-0.1857335842959583,-0.02001561007462442,-0.005010626390576363,-0.03507206302136183,-0.05963513325899839,0.0,-0.0004950011335313321,-0.040222445991821586,-0.019533400321379304,-0.009595075398683548,0.03509765649680048,-0.01589605983812362,-0.14440439241938294,-0.030507885373663158,0.05374639856672729,-0.053582727680914106,-0.002963082299102098,0.048381524099968376,0.008985534678213298,-0.0005221455916762353,-0.013032448897138237,-0.03614964535459876,2.0,2.0
Timm8b,-0.22894645536318423,-0.004254874824546277,-0.005831094095483423,0.002102030348032713,0.017675135261379184,0.0,-0.0001951519213616848,-0.024018978271633386,0.0005548581853508949,0.13097013523016357,0.03640862826257944,-0.006927893431857228,-0.1341620456194505,-0.09663931435439736,-0.007786259435670217,0.029255663622170688,-0.002782915118150413,-0.03112357696518302,-0.005913666365668178,-0.0010442911833524705,0.10227577708661556,0.008007248733192682,0.0,0.0
Slc4a1ap,0.2671118508093059,-0.007123146452941,-0.02115024550817907,0.014708493216894568,0.031624500527977946,0.0,-0.0002602025680243969,0.031008273251354693,0.011862564040347934,0.1274114079051651,0.03268048017285764,0.04980695337522775,0.2030996034666896,0.0665735320490785,0.09879477931186557,0.0340216363221407,0.004296867973171175,-0.00484784129075706,0.026421860894188284,-0.0003480970859527588,0.004988297205418348,0.004895823877304793,2.0,1.0
Limk2,0.12848693619947882,-0.008625122299417854,-0.006545236203819514,-0.0009400830883532763,0.033128317631781104,0.0,-0.0002602025680243969,-0.04435834893491119,0.01024468446150422,0.002945145322009921,0.04951491003856063,0.09414543601684272,0.15258170132525264,-0.027352121463045477,0.13458814840763808,-0.008663489301688969,-0.0005334230605512858,0.020263877231627703,0.020172347589395942,-0.0005221455916762353,-0.0527241035643965,-0.037016860470175744,2.0,2.0
Magi1,-0.5029263231810183,-0.0275666214665398,-0.013151149181649089,-0.032795762049499896,-0.21285660414025187,0.0,-0.0005600517801940441,-0.025522126406431197,0.009826840478926896,-0.019204041566408706,-0.01539044507779181,0.03288440763251856,0.073604882506188,0.02228309279307723,0.0016941938875243067,0.03334908801363781,0.0012497537024319173,0.01255302413366735,0.013017868320457638,-0.0005221455916762353,-0.030922622047364713,0.01640508961863816,2.0,2.0
Fbxo42,0.16831582750193774,-0.012861819379031659,-0.013290733192116022,-0.010490253632888198,-0.1156024169921875,0.0,-0.0002602025680243969,0.0251039716321975,0.017977639995515347,-0.017004126091487704,0.05205676912795752,0.09864769051782787,0.056906085293740034,-0.023808995969593526,0.10103070939469035,0.02116141908802092,0.0012420475156977773,0.02060244183987379,0.009466681284829975,-0.0005221455916762353,0.043072516247630116,-0.03191369948443026,2.0,2.0
Tbc1d8,-0.3064708561496809,-0.006630523530766368,-0.004473327351734042,-0.022491278387606145,0.021765653006732465,0.0,-0.000855569988489151,-0.018517094058915974,-0.01926940377801657,-0.017427288461476564,0.026332093263044955,-0.12015701720491051,0.08134416542481632,0.004358395673334598,-0.06661629152018576,0.0818030765838921,0.04101674687117338,-0.002378990948200226,0.014467679639346897,-0.0005221455916762353,-0.06486731672193854,-0.01995712170377374,2.0,2.0
Lrrc4b,0.18693338939454407,0.04733950107591227,-0.006128973234444857,-0.01841964087449014,-0.0007303337939083576,0.0,-0.0001951519213616848,-0.06304960783105344,0.002382536306977272,-0.011360313668847084,-0.009731424385681748,-0.044929574588313696,-0.23690300117246807,-0.06220434921910055,-0.11549714892171323,-0.032091221066657453,-0.016992769720964133,-0.02112813187763095,0.011229074741713703,-0.0003480970859527588,-0.00781911138445139,-0.014234535731375217,2.0,2.0
Ank,-0.2337093717465177,-0.00379965809173882,-0.0041456166189163925,-0.022810896998271345,0.23395637344568967,0.003365695774555206,-0.0010804568976163864,-0.021735451673157512,0.0042292288690805434,-0.07486879918258638,-0.012085632868111134,-0.10021036024205386,0.05997542209457606,-0.03574406901840121,-0.08723856970202178,0.05462797811254859,0.001644129529595375,-0.001577159008011222,-0.004839869234710931,-0.0005221455916762353,-0.04384100336581469,0.01627101894468069,2.0,2.0
Rc3h1,0.15420153486542404,-0.0037098906189203264,0.013224906814284622,-0.014689098899252713,0.008237215541303158,0.0,-0.0002602025680243969,-0.06397663697134703,0.00801282505504787,-0.017249543275684117,0.023788109589368105,0.09236740715801715,0.06908463803585618,-0.027137600826099516,-0.016384883145801724,-0.07494404195807874,0.005685081272386015,-0.004537474825046957,-0.02066133734304458,-0.0003480970859527588,0.03156584986485541,0.02920938013121486,2.0,1.0
Palm,0.2404857710469514,-0.020015041418373583,-0.006128973234444857,-0.027089032079093158,0.015494031538255513,0.0,-0.0001951519213616848,-0.05709104537498206,0.00771612542681396,-0.022513172244653105,0.005348638461437076,-0.07685806306311861,-0.1711727480730042,-0.032832353035919366,0.050309889628988455,0.06446985358837992,-0.003157787574455142,0.05326982699334622,0.009531620417255908,-0.0005221455916762353,0.024180838959291576,-0.007805175795219839,2.0,2.0
Plekhm2,0.233703084141016,0.020111811482347548,0.017521639708429574,-0.004092969461344183,0.019526723674498498,0.0,-0.0002602025680243969,-0.05455909399781376,0.0010399578511714935,-0.01909109005704522,0.015280957552604377,0.08449813101207837,0.11374968930147589,-0.028656897051259875,-0.05439556190278381,-0.013641206838656217,0.02201533632352948,0.021753930486738682,0.008694546488113701,-0.0003480970859527588,-0.041146817449480295,0.024847529069520532,2.0,2.0
Spop,0.11704412213526666,-0.032667609760537744,-0.011460898090153932,-0.006754769841209054,-0.16958732122555376,0.0,-0.0002602025680243969,0.014637429798021913,-0.01756313119083643,-0.008436551857448649,0.023391336160711942,0.05526919458527118,0.10859139267820865,0.03891997958067805,0.010586139424704015,0.05971359311020933,-0.004431640440598131,0.022972393557429315,0.010460964157246053,-0.0005221455916762353,-0.08807215113192797,-0.03653315726667643,2.0,2.0
Taok3,-0.4714456315152347,-0.006201264918781817,-0.006247357064858079,-0.03685272864764556,0.023850772902369498,0.0,-0.0004950011335313321,-0.006355226449668408,0.0009304569894447922,-0.05088027115911245,0.01683561086654663,0.023137877620756628,0.09218824653886258,0.033682738086208704,-0.013331205304712056,0.01856952169444412,-0.006262133945710957,0.012265613889321686,0.012478481470607221,-0.0003480970859527588,-0.024182753139175475,-0.036320666782557964,2.0,2.0
Cul2,0.059862592965364454,0.002790756467729807,-0.015127377640455962,0.002032887954264879,0.01418830237351358,0.0,-0.0003903038427233696,0.07733060232829303,0.0029116783291101454,-0.016121634915471077,-0.007635397864505649,-0.006108083021827042,0.08920934527181089,-0.01002029724419117,-0.2079921980574727,-0.02344544338993728,0.004938955036923289,0.021753930486738682,0.007356614116579294,-0.0003480970859527588,0.01744423495605588,0.004381853290833532,2.0,1.0
B3gat1,0.12037491099908948,-0.014153861338272691,-0.020763304121792316,-0.016844018241390587,0.02074198830872774,0.0,-0.0001951519213616848,0.07425098802428692,0.007363803004845976,0.008826444083824754,-0.008131653284654022,-0.07515214577782899,-0.1949580373102799,-0.05054616143461317,-0.10986648546531796,0.018525249394588172,0.001526866196654737,-0.02112813187763095,-0.0037459203414618968,-0.0003480970859527588,-0.01574383968487382,0.00718664787709713,0.0,0.0
Gm11639,-0.4039894903125241,-0.017328029358759524,-0.0030123103084042668,-0.028786593652330338,0.005885228700935841,0.0,-0.0006901530548930168,-0.011433718148618937,-0.022564821671694518,-0.0567586109880358,-0.02844128595199436,-0.06749514480121434,-0.0164421794610098,0.04630518698133528,-0.033404790021013465,0.10461601984454319,-0.004618913631420582,-0.014193387730047106,0.006309408890083432,-0.0003480970859527588,-0.04116476551163942,-0.019926236188039185,2.0,2.0
Inhba,0.13859093559905886,-0.028366003427654506,-0.016413061423227192,0.18989341981709004,0.0118968484736979,0.0,-0.0001951519213616848,0.04538781826850027,0.0053589384909719226,0.08949872160330415,-0.03507105194032192,-0.029460724112577736,-0.09755475634709,-0.03384405171964318,-0.11231081578414887,-0.03970896374899894,0.006213495563715696,-0.01737450335174799,-0.006382320006377995,-0.0003480970859527588,0.015972641501575707,0.0028909025341272354,0.0,0.0
Dst,-0.4557983577996492,-0.027850413881242275,0.008680932633578777,-0.028694147935602814,-0.11326743795536459,0.0,-0.0004950011335313321,-0.04720134472940117,0.009242402678355575,0.016455991133116184,0.015407092440873384,0.02420404436532408,0.051855100695975126,-0.015766947484808044,0.07794711284805089,-0.00437787568429485,0.0031862964225001632,0.013484076960012317,0.006643356871791184,-0.0005221455916762353,-0.025958724268712104,0.02877748429775238,2.0,2.0
Sash1,-0.24998189228586853,-0.024009138646069916,-0.012836250951513648,-0.05803905988577753,-0.11195571402087807,-0.0021636615693569183,-0.0004559707548469305,-0.00927082588430494,0.0021238204324617984,-0.09260899847606197,-0.02270463124383241,-0.05383588276337832,-0.07806112645659596,-0.024308951441198587,-0.017033647890202702,-0.09238044001162052,-0.0686392379598692,-0.014704780550673605,-0.0043628351343795654,-0.0003480970859527588,-0.06203490070067346,-0.010893464088439941,0.0,0.0
Lrtm1,0.22683501944877207,-0.006734415427781641,-0.02124234094284475,-0.016152631030417978,0.018871069569140673,0.0,-0.0002602025680243969,0.060515936091542245,0.014572482444345952,0.04212255152873695,-0.006778196785598993,0.05568606766406447,0.20366525031626226,0.04463429889641702,0.0973422968108207,-0.09389265379402786,0.00833961476571858,-0.005375168165192008,-0.032696362286806106,-0.0005221455916762353,0.03262023403309286,0.008178270161151887,0.0,1.0
Rpl35a,-0.06478996999096126,0.0068348260596394535,0.0070686577493324874,-0.008843427137471736,0.02515727574005723,0.0,-0.0002602025680243969,0.028942052782513203,0.007677755588665605,0.012002443410892738,0.04674580506049097,-0.010149756148457527,-0.20182515537831933,-0.014285071957856417,0.005257803236454492,0.07722125435015187,0.0007091733627021312,-0.008901064917445183,0.014088017866015434,-0.0010442911833524705,-0.01806626966688782,0.004889772371388972,0.0,0.0
Slc16a7,-0.2645506484620273,-0.014500108323991298,-0.00823548729531467,-0.025449318045284598,0.027135576084256173,0.0,-0.0001951519213616848,0.1394042911985889,0.0021238204324617984,0.13718561382964253,-0.06248971857596189,0.04140948528423905,0.07720025395741686,0.012513466549571604,-0.06812455361243337,-0.007401360240764916,-0.06633094551507383,0.007036434402689338,-0.003413245342671871,-0.0002610727958381176,-0.04010181147605181,-0.014668566258624196,0.0,0.0
Cox4i1,0.12121455354616045,0.017192306900396942,0.01267258576117456,0.01850764422211796,0.02492165269330144,0.0,-0.0002602025680243969,0.0019465535692870617,0.006087819822132587,0.20197969735832885,0.06313264127355069,0.07671535464935005,0.1584667653311044,0.12942272740416227,0.006521062082611024,0.08465909687336534,0.0009710639296099543,-0.0006949549773707986,0.02027515847235918,-0.0002610727958381176,0.07727090232539922,-0.0003596366825513542,0.0,1.0
Tubgcp5,0.2181710260733962,0.0043572269822470845,-0.006647161906585097,0.010743223298341036,0.005863603306934238,0.0,-0.0002602025680243969,-0.0971087736589834,0.01437159419991076,-0.006548637771484209,-0.020151751395314933,0.027822625753469766,0.09364218454807997,-0.0392476100847125,0.07309225340126431,0.055584902504924684,0.001026705000549555,-0.0034046804346144197,0.02010836116503924,-0.0005221455916762353,0.04341892704367638,0.0073110550455749036,2.0,1.0
Kcnab2,0.06096447002142668,-0.022077553886920214,-0.013054583314806223,-0.021265122308395803,-0.11463286897167563,0.0,-0.0001951519213616848,0.05837127677630633,-0.006336150849238038,-0.0496088241529651,0.06272328515071422,-0.0919622406642884,-0.09760565536562353,-0.06782830628566444,-0.14130034477449954,0.015386669905856252,-0.002697425470687449,0.05326982699334622,0.005561761395074427,-0.0003480970859527588,-0.01080691896378994,-0.036125490912236276,0.0,2.0
Lrrc45,0.1540887594409287,0.08678403850411996,-0.004808113807812333,0.11423174755647779,0.0030618981271982194,0.0,-0.0001951519213616848,-0.0221356059378013,0.014107597656548024,-0.01849086978007108,-0.018321986333467065,-0.015239317200612277,-0.17192482660058886,-0.04388488981989212,0.06744270323353703,-0.03439990058774128,0.01675805975217372,0.018044045269489287,0.012785647264681756,-0.0005221455916762353,0.05261178319342434,0.0025356751959770916,2.0,1.0
Pbx3,-0.46802869358099997,0.030185243294108658,-0.00823548729531467,-0.03521688425913453,0.0195550019107759,0.0,-0.0004950011335313321,-0.013299141302704811,0.004602469429373741,-0.09495826676487923,0.001204588213004172,-0.029007952688261868,0.0078005122626200315,-0.036781813707202675,0.037081328933127225,0.018386871439870448,-0.00957229879219085,0.04741344855632633,0.02253415378276259,-0.0005221455916762353,-0.03538092752918601,-0.031989736407995226,2.0,2.0
Naa15,0.03940477679483592,-0.013827774338424206,-0.007989639062434434,-0.019623035714030266,0.02081770442426205,0.0,-0.0001951519213616848,-0.05363524606451392,0.0017549005430191756,0.10800333997700363,-0.04856395389419049,-0.06115831308066845,-0.11692538944538683,-0.051379916751757265,-0.12804777291137726,0.0035834026476368307,0.01017068694345653,-0.020177599266171454,-0.013991996003314853,-0.0003480970859527588,-0.043719564848579466,0.024415375348180533,2.0,0.0
Tsc1,0.16120310208760202,-0.006316691995598376,-0.021517737973481416,0.014571650666184724,0.03145508043467998,0.0,-0.0002602025680243969,0.06636749651283026,0.002923776134848595,0.148823210503906,0.03440666482783854,0.044679958808701487,0.1358243516087532,-0.01930318052880466,-0.10931133054196834,0.034290133155882356,-0.0007290733745321631,0.01957274103537202,0.03303255395963788,-0.0003480970859527588,-0.049304968337528406,-0.010622197464108467,2.0,1.0
Kcnt2,-0.43141122898086903,-0.017394240032881498,-0.005241035297513008,-0.03582633325830102,0.013798998221755027,0.0,-0.0006901530548930168,-0.020988847082480788,0.00950639922171831,-0.02086918046697974,0.01026774052530527,-0.10284831090131774,-0.03889687317423522,0.006057291482575238,-0.02389100835425779,0.056640373377595095,0.0010583776398561894,-0.013556320164352655,-0.04198896664194763,-0.0003480970859527588,-0.030978023568168284,0.01602916734293103,2.0,2.0
Ubc,-0.07908399050123989,0.035659672438632696,-0.008022329518571496,-0.039708556109108034,0.007398542650043964,0.0,-0.0001951519213616848,0.03749981594271958,0.005156280151568353,-0.15982304444769396,-0.006032819519750774,-0.004386418869253248,-0.24459019820205868,-0.07524439858272672,0.0011608243848604616,-0.15949417145457118,0.009063030602410435,-0.042045580092817544,-0.0015666081849485636,-0.0010442911833524705,-0.023714793627150357,-0.009076041802763939,0.0,0.0
Clasrp,0.165712456763722,0.025231659228447823,-0.00644645044580102,0.04360868185758591,0.022745382841676473,0.0,-0.0002602025680243969,-0.02803337371908128,-0.10539082488045097,-0.027343348802533002,0.026142647855449466,0.005110640050843358,0.05790116473566741,0.07317206312902272,0.008080538054928183,-0.030930439941585064,0.03529705081600696,0.016827332992106675,0.006270734968129545,-0.0002610727958381176,0.04494312564842403,0.007442150050774216,2.0,2.0
Atp6v0c,0.06454073022119701,0.05976140848128125,0.021032423693686724,0.2149251420935616,0.02136500310152769,0.0,-0.0001951519213616848,0.03591178633272648,0.014086264832876623,0.02810207021422684,0.005818065258208663,-0.019859209598507732,-0.18357876504771412,-0.021011199137428774,0.016301435609348117,-0.054052110875491055,0.006972349961288273,-0.007446712269447744,0.0008246022486127913,-0.0003480970859527588,0.06076174141839147,0.00039740979671478273,0.0,0.0
Ndrg4,0.13650184752419592,-0.01945641089696437,-0.006128973234444857,-0.010613628455903381,0.005893082120455802,0.0,-0.0001951519213616848,-0.08337828089948744,0.0059324239380657675,-0.00638613517396152,-0.010762947264593094,0.005120411808602512,-0.18322436002083123,-0.023063596952706576,0.012963632429018617,0.07527706485474482,-0.0021437260857783257,-0.02051890030503273,-0.009889874060172587,-0.0003480970859527588,-0.10970888571813703,0.00819140530191362,2.0,2.0
Fance,0.24268703821115195,-0.021465533091686667,-0.006030617151409388,-0.01053851739037782,0.008204335691407322,0.0,-0.0001951519213616848,-0.04320306488778442,0.010693688448518514,-0.11384217961822288,-0.02036703041289002,0.03664560163393617,-0.2201802801154554,-0.00511914420989342,0.03899396212902502,-0.047186289089731874,-0.0023908430384472013,0.027297758348286152,0.04611906475853175,-0.0005221455916762353,0.012411971697583795,-0.000849452456459403,2.0,1.0
Gm13963,0.21328162943013013,0.0021928219683468343,-0.021517737973481416,0.01547385579906404,0.026339583676308394,0.0,-0.0002602025680243969,0.004714130200445652,0.006400386244058609,0.06888363704259973,-0.04490036294329911,0.06734214229043572,0.1936999224498868,0.05993778336327523,0.06740331241860986,0.06715364794246853,0.003358481496106833,-0.0024541478231549264,0.027022289298474788,-0.0005221455916762353,-0.08815164451487362,0.00760751080699265,0.0,1.0
Slc38a7,0.17336130160372704,-0.014638572370167822,-0.010111997066996992,0.012862374251708388,0.013851391640491784,0.0,-0.0002602025680243969,-0.04598478886298835,-0.0788238178845495,-0.010784473249223082,0.01822307510767132,0.054767266786657276,0.10241725973784924,0.021025255545973776,-0.01898854295257479,0.011599498642608523,-0.05817200297024101,-0.0022414210671558975,0.008594737704843283,-0.0003480970859527588,0.030299840322695674,0.0009404012560844422,2.0,1.0
Ahdc1,0.0676240112259984,-0.022547559323720635,0.012146458737552166,-0.028734402349218726,-0.13939781372901053,0.0,-0.0001951519213616848,-0.08248224710579961,-0.001235004123300314,-0.0496088241529651,0.04196566689759493,-0.07116111808456481,-0.142697567474097,-0.06953046195209027,0.015252876481972634,0.02122453070245683,-0.0035151924286037682,0.05326982699334622,0.0066321914223954085,-0.0003480970859527588,0.022217066753655673,-0.03527552893850952,2.0,2.0
Kirrel3,-0.4209397115651518,-0.024564559189602733,-0.013033121889457107,-0.03883743901969865,-0.17425055468454956,0.0,-0.0004652661457657814,-0.028979967394843698,0.004549670126289129,-0.03555215683300048,-0.01539044507779181,-0.012322225086390972,0.04596364943077788,-0.021478443564847113,-0.02831801792373881,0.05265029713045806,0.040274335800204425,0.016442814134061335,0.006262712869793177,-0.0005221455916762353,-0.02685984697192907,-0.017757997433654964,2.0,2.0
Gm11149,0.08276136724743992,-0.0010236584860831498,-0.020602581771090627,0.03242328576743603,0.024823297262191773,0.0,-0.0007806076854467392,0.014893328305333853,0.006488385107368231,-0.00742575379088521,0.010521974423900246,-0.11795906262472272,-0.04818836960475892,0.055795577000826595,-0.05514386862050742,0.0869522618065821,0.013020264133810997,0.03268259162083268,0.013696211953647435,-0.0003480970859527588,-0.07331997123546899,0.002656438392587006,0.0,2.0
Ccnd3,0.12441245828289539,-0.005580390989780426,0.013552617547102273,-0.017527515036053955,0.011552478433586658,0.0,-0.0002602025680243969,-0.125736146713607,0.017481201058253647,5.514807999134063e-06,0.0020837366743944583,0.07763897323748097,0.11880362088792026,-0.02094041652046144,0.12204208447597921,0.03846460521453991,0.008749352861195802,0.021753930486738682,0.011097972767893226,-0.0005221455916762353,0.05000839318148792,0.016192599134519696,2.0,2.0
Negr1,-0.3990183632355183,-0.02589832971803844,-0.013033121889457107,-0.036978883899282666,-0.1517782649025321,0.0,-0.0004652661457657814,-0.028846777733415364,0.004549670126289129,-0.03524100420530885,-0.025553187744226307,-0.0638720972975716,-0.034055486267898234,0.029985220874659716,-0.02428821770241484,0.05803696926683188,0.05050059834728018,0.003610892556607723,-0.023296228230465205,-0.0003480970859527588,-0.02685984697192907,0.0036236321413889525,2.0,2.0
Mical3,-0.3919023571582511,0.020500824404880404,-0.0033338743448257445,-0.0391489628283307,0.014940061676315963,0.0,-0.0004950011335313321,-0.041339080012403426,-0.0015544083621352911,-0.028371056034229694,0.00991926723625511,0.04219064941396937,0.11474384201690555,-0.017323969998396933,-0.030471860454417764,-0.023842171339783818,-0.010081441074144095,0.012265613889321686,0.010034441389143467,-0.0003480970859527588,-0.02033973776269704,-0.03575810241978616,2.0,2.0
Lzts3,0.2526466220151633,0.00035706295166164636,-0.020632056836038828,-0.002428784880321473,0.025324887186288832,0.0,-0.0001951519213616848,-0.019570607002824546,0.009682998796924948,-0.02445110185071826,0.008802562416531146,-0.08894774867920205,-0.17621172717306763,-0.03579800023813732,0.07586261045697029,0.06594633210683241,-0.00685722318245098,-0.007764546149410308,0.01484004850499332,-0.0005221455916762353,0.1061184943979606,-0.0006791180558502674,2.0,0.0
Tnpo3,0.15224690366536378,-0.009023114535957576,-0.0060994981694966555,-0.0036234242049977185,0.020374982208013533,0.0,-0.0002602025680243969,-0.027233946206979453,0.011036674119532108,-0.008003936403547414,-0.02095660083461553,0.11254754232242703,0.1381196508137509,-0.02287307637743652,0.017600509556941688,0.06371717603411525,0.023475449155084788,-0.004951962409541011,-0.04198896664194763,-0.0005221455916762353,-0.10677681840024889,0.028635823987424373,2.0,2.0
Atp2b2,-0.33481163226999344,-0.026949086878448724,-0.012836250951513648,-0.036436025185976176,-0.1602311224117875,0.0,-0.0004559707548469305,-0.0172332091582939,0.0005367017770186067,-0.04285784902283922,-0.03200417045969516,-0.04699239472858608,-0.06255604381207376,-0.02489839855581522,-0.05412634875159711,0.010210146300960333,0.0031408873572945596,0.02019299242645502,0.0024743849877268075,-0.0003480970859527588,-0.011760125635191798,0.028736015241593124,0.0,0.0
Pitrm1,0.2500426503783092,0.0003914386872202158,-0.015127377640455962,0.0011128733865916729,0.005540087264962495,0.0,-0.0003903038427233696,0.004048181921243668,0.005826477184891701,0.06265941185876728,-0.052481954554095864,-0.05850559508893639,0.12320359249599278,-0.04290049721486867,0.07119170839898288,0.03260893629398197,0.002654668176546693,-0.004424635535106063,-0.06672563744708895,-0.0005221455916762353,-0.095261500896886,0.005528271025978029,2.0,1.0
Stk3,-0.4155676796892658,-0.017151768496260048,-0.008117460003122688,-0.030871170600876213,0.0141714296489954,0.0,0.009011602140963077,-0.010237914277240634,0.004549670126289129,0.08371253859484568,-0.05757764702662826,-0.052162769357673826,-0.01508214239962399,0.021898183869197965,0.027689554593525827,0.03358263459755108,0.023529516966082156,-0.013113634437322616,-0.04198896664194763,-0.0003480970859527588,-0.04732982268091291,0.016130097322165967,2.0,2.0
Unc5c,-0.41441898366436364,-0.007858313070610166,-0.008117460003122688,-0.03780768563272432,0.018451764732599258,0.0,-0.0002602025680243969,-0.00618395512457937,0.002517575644887984,0.11007352686487139,-0.06302083290647716,-0.03539723419584334,0.05626877209637314,0.01322236442938447,0.013474400895647705,0.07420045730192214,0.024567686794325708,0.012792940763756633,-0.02066133734304458,-0.0003480970859527588,-0.04891025355551392,0.016341849118471145,2.0,2.0
Manf,0.11179655428975821,-0.02491974308155477,0.01330365519504994,-0.012134044743143023,0.020101643204689025,0.0,-0.0001951519213616848,-0.08615797843318433,0.003562363786622882,-0.03237410646863282,0.025724810659885407,0.012297902475111186,-0.14658925710245968,-0.026952865682542324,-0.17446895814500749,0.010035777357406914,-0.0014063215535134077,0.10883873730897903,0.005340112680569291,-0.0003480970859527588,-0.014161697449162602,0.003332458008080721,0.0,2.0
Cend1,-0.21474889180157333,0.008415694530121982,0.017817404610104857,-0.011212775241583586,0.022848931318148972,0.0,-0.0002602025680243969,0.04417561233043671,0.005853607333265245,-0.1361503579840064,-0.004068562285974622,0.004592245060484857,0.1114243395254016,0.08097362332977355,-0.018104150481522082,0.003199844795744866,0.01363907830324024,-0.04564523266628385,0.010615632608532906,-0.0005221455916762353,0.02452893819194287,-0.009076041802763939,0.0,0.0
Nap1l5,-0.1498217242769897,-0.008001684616319836,-0.008599722422659398,-0.007838779618032277,0.01061216376721859,0.0,-0.0002602025680243969,0.054230978675186635,0.005162584548816085,0.0265920562017709,0.007523132832720876,0.013729071062989533,0.14403250035829843,0.08733279792824761,0.0920537996198982,-0.08141987537499518,0.014129486810415983,-0.009216583305969835,-0.046664691702462735,-0.0005221455916762353,-0.02488529952708632,0.005692208856344223,0.0,0.0
E130307A14Rik,-0.20432194709777832,-0.015632578181102873,-0.005128748966380953,-0.024875830700621007,-0.1515380657883361,0.0,-0.0006901530548930168,-0.03225055601913482,0.00950639922171831,-0.013450229717127513,0.02738991456339136,0.0791255535185337,0.12940996644319966,-0.024680879758670927,-0.005406050919555127,0.02675222153076902,0.005959965921938419,-0.0042648375313729045,-0.022202291742432864,-0.0005221455916762353,-0.042478839117102325,0.02901933589950204,2.0,2.0
Fbrs,0.21526996481232344,-0.014224280149210244,-0.0036883281217888,-0.01041536312084645,0.019150098697282375,0.0,-0.0001951519213616848,-0.04208096799906343,-0.1213390036392957,-0.028405978606606368,0.005348638461437076,0.05262195559917018,-0.11366319877561182,-0.017983106152387338,0.04301995707777678,0.05377937826095149,-0.001963442689739168,0.013766661854460835,0.009569950273726136,0.006613844186067581,0.0525718436751049,0.005987624749541283,2.0,1.0
Snx14,-0.0034303207602351905,-0.03839910919312388,0.07969806281849742,0.076458702031523,0.001214038641192019,0.0,0.005216513928025961,-0.027963716741651296,-0.08396452924236655,-0.022642809618264436,-0.0065695741830859335,-0.05522951902123168,0.08810514071723446,0.031246682372875513,-0.06385110161732882,-0.15721825662534683,0.014271558038890362,0.021972968922927976,-0.06835239741485566,-0.012157930433750153,-0.12183886877726763,-0.07464263796340674,1.0,2.0
Stox1,0.06964365033200011,-0.023278382401913406,0.06157429681159556,0.03133601497858763,-0.00253014019690454,0.0,-0.03157390693202615,0.014576134327799082,0.03485731550026685,-0.02532217382453382,0.01651703523239121,0.034898432912304996,0.13100383712910116,0.06304878136143088,0.05493746799649671,-0.045564645199629016,0.015907564647495747,-0.015460358345881104,0.02229182201437652,0.0006754405796527863,0.08424034282448702,-0.017602122416719795,1.0,2.0
Coq7,0.3124779061414301,0.14606821175431833,-0.013892597085796297,-0.009930783344898372,0.0019921535812318326,0.0,0.010964300818741321,0.013469728995114566,0.02007233035750687,-0.06659975606715307,0.0018106261594220995,0.028381371023133397,0.15390356471762062,0.06972618320956826,0.059008259358815845,0.03534971041081007,0.007133937384933234,0.023610249776393175,0.029996580481529235,0.017561455070972443,0.06570168368169106,0.09884847695939243,1.0,1.0
Aimp2,0.30742583704646675,0.10309358892031013,0.03257958850823343,-0.003519660532474518,0.007767923725768924,0.0,0.010339486785233021,0.011557730035856367,0.01175513340625912,0.06760797064751387,0.024982414620462804,0.03748377596028149,0.21953194255416747,0.06364736078307033,0.06428341500926762,0.08487009702657815,0.0073659800551831725,0.04625651780515909,0.03933531867340207,0.017296442119404672,0.05537103702896275,0.05524628966115415,1.0,1.0
D11Wsu47e,0.23294799754628912,-0.007433294891379774,-0.054702169108204544,-0.002950622485950589,0.007767923725768924,0.0,0.01925885125994682,0.009024350820109248,0.024824531176127495,0.05546495432965457,-0.009135231320979074,-0.03779193072579801,0.17037287914194166,0.029932675771415233,0.10461173937190324,0.036434835968539116,0.004481488317251206,0.0364457072224468,0.024897030284628273,0.0006754405796527863,0.11210272818570957,0.04041544402018189,1.0,1.0
Smyd5,0.181579965937417,0.035482318187132475,-0.07070420377887786,-0.00847772072069347,0.006823422405868768,0.0,0.01925885125994682,0.00351553937420249,0.003777041514404118,0.05385430394904688,0.024025177879957484,0.08165280972141772,0.1799188610445708,-0.08478498230921104,-0.1039091834332794,0.041659268727526066,0.0003459098935127258,0.024324312785174697,0.024120946880429983,0.0006754405796527863,-0.013113535626325756,0.03650754628935829,1.0,1.0
Gm14399,0.20782653494738043,-0.12439271980430931,-0.012352550560608506,-0.00882422731257975,0.006898251855745912,0.0,0.0161328636482358,0.011852703671902418,0.00872780304402113,0.0469461352750659,0.04428294220473617,0.054795556431636215,0.18527895192615687,0.038175514154136184,0.07923577552195639,0.019775455911585596,0.004316419437527657,0.015037571806460618,0.027002727035433053,-0.0026813898608088493,0.053353186314925555,-0.020858334470540286,1.0,1.0
Htr7,0.014934706687927245,-0.09259018642362207,-0.04126450663432479,-0.025115836914628743,0.0021706777019426227,0.0,0.012759524770081044,0.015980840530246496,0.01490422490052879,0.008578111371025442,0.012404510707128794,0.05737580008339137,0.11061749974265694,0.007422836583573371,-0.09739384289365262,-0.036148551545338706,-0.0172978300601244,0.027623065817169844,-0.07486893438734114,-0.011208827178925275,-0.03285505923442542,0.000855987248942256,1.0,1.0
Tmem130,0.24247608560719527,0.10963165633380413,0.008089816328138114,-0.015758132725022734,-0.007318101432174444,0.0,0.013465474359691143,0.011178854778409004,0.023096650056540966,0.12918119865469635,0.06462005012319423,0.04999908136203885,0.11783526073209942,-0.05481423034332693,0.02665489402599633,-0.07940003059688024,0.012924386467784644,-0.018514822912402452,0.04455071877222508,0.04325895617716014,-0.05436223637312651,0.046053980635479094,1.0,1.0
Apbb1,0.31962236925028265,0.14467180957319214,-0.00645717759616673,0.12183629624312743,-0.00477292800322175,0.0,0.0063188652042299506,-0.026586369373835624,-0.023190751704387367,-0.010550035871565342,0.005641179521335289,0.028091280008666217,-0.33775171640794727,-0.06422203582245857,0.053443416932132094,-0.07892100651282817,-0.004003748153336346,0.0083836375689134,0.011071351142600178,0.01654383908957243,0.014915188369341194,0.04911832829006016,1.0,2.0
Mrpl52,-0.13311929396586492,-0.14632776400540023,-0.018878246750682594,0.04427648961544037,-0.0002506342250853777,0.0,0.005941211255267262,-0.023436363474465906,-0.022366477441973984,-0.0378565587173216,-0.018178491424769162,0.016929772598668933,-0.28867066401522606,-0.10366933164419606,-0.013402603846043349,-0.07979428468737751,-0.015379412844777108,0.04035735887475312,0.0026952320616692306,-0.0007838636543601751,0.025140974102541805,-0.05905891006346792,1.0,0.0
Ankrd44,-0.411504123439081,-0.008682659603655338,-0.025446735532023014,0.08848990957485511,0.006767115192487836,0.0,0.006979715563356876,0.0010451967921108008,0.014432938881218433,-0.005569577608257532,0.005134684091899544,0.04665739457122982,0.09436568810371682,0.0191202127863653,0.03904594620224088,-0.04035179207712645,0.018806041646748782,0.01057951221242547,-0.035213067065924405,-0.008117009690031408,-0.0048561712400987745,-0.061939676245674494,1.0,2.0
Tbc1d23,0.08269782015588134,0.003911126856692136,0.12531006994657218,-0.007405212288722396,0.0021706777019426227,0.0,-0.005304680950939655,-0.03248014941811562,0.07282342625781894,0.03460136145353317,-0.022727340279379858,-0.04425791001180187,0.1344016864709556,-0.04509816796984523,-0.09338799329008907,-0.03175974955316633,0.006617326308041811,0.027468789061531426,-0.048059029011055826,-0.012157930433750153,-0.015811272989958526,0.04801231751684099,1.0,2.0
Rimbp2,-0.23498575804289432,-0.07272049134131521,-0.036053800829686226,-0.04916474109049886,0.019126015827059747,0.0,-0.04711349816992879,-0.007848009103909134,-0.06147067175712437,-0.017453668490052223,-0.0199508947506547,-0.03229606523644179,-0.14294693570351227,-0.0034427845035679638,-0.046687351106666025,-0.04898059280589223,-0.001624407093040645,-0.028370582365896554,0.022151283626444637,-0.009183731279335916,0.006936317613581195,0.02676373278722167,1.0,0.0
Grik2,-0.3805621844949201,-0.09020320712588728,-0.031163130118511618,-0.020986206452362238,0.058603487322106955,0.0,0.012759524770081044,0.010477766944095492,0.016165174609050155,0.005447292735334485,-0.004922738343011588,0.051028263808693734,0.059550628955475984,0.007384111743886024,-0.06900168578140438,-0.06253486695350148,0.04290720268152654,0.00926388384308666,-0.03693745575612411,-0.008823710894212126,0.02728551615960896,-0.10694607322104276,1.0,0.0
Ranbp10,0.009249248644337058,-0.10481347474269569,-0.01899099678732455,0.13323061594273894,-0.004305680487304926,0.0,0.0091343117877841,0.01476991331204772,0.03335924918297678,-0.03927274595247582,0.028768667120020838,0.013532578612212092,0.022551881757681257,0.038151821652427316,-0.11960461266804487,-0.0321969863929553,0.006284143486991525,-0.007466171209234745,0.016862443881109357,-0.015514760874211789,0.0551579476275947,0.03729811198078096,1.0,1.0
Rspo3,0.03241443155799061,0.08556521080434322,-0.013584740357473493,-0.018296025334857403,0.058603487322106955,0.0,0.01355771854519844,0.03532642802223563,0.014912159871309996,0.04671711870469153,0.017448087257798763,-0.06345569741213694,0.1011932676343713,-0.015556953670457006,-0.05025875010062009,-0.07507252176292241,-0.007031857529655099,0.01380127367330715,-0.08395050762221218,-0.00794033438898623,-0.06440437344135716,-0.0334487314755097,1.0,0.0
Panx2,0.20508933074306696,0.10216221420094371,0.04768479153513908,-0.04133367581991479,0.0014314566180109979,0.0,0.00783749128691852,0.014879855629988014,0.006395610542967916,-0.0018381567019969225,0.003321398369735107,-0.06986297481227666,-0.41846158102620395,-0.02706561312545091,0.030334162660874426,0.05276441870839335,0.015653975792229175,0.012776824282482266,0.020753301000222563,-0.043518507312983276,0.08401543804444372,0.05719330169260502,1.0,1.0
Mrpl36,-0.11104490455240011,-0.009489559782668949,-0.0040572233218699695,-0.03059566268697381,0.002562030078843236,0.0,0.006830845642834902,0.010049794889055193,0.0055830786190927024,0.028591280202381313,0.01912798492470756,-0.030654719430021942,-0.4485734745208174,-0.11682988849002868,-0.02530886498745531,-0.05379896929254755,-0.011169684641063214,0.028021351303905248,-0.03530099437106401,-0.0027505050506442786,0.03552197224809788,-0.033052314999513326,1.0,0.0
Cggbp1,0.24604613275267184,0.0774228787003085,0.07534949719440193,-0.03309409998357296,0.0021706777019426227,0.0,0.005216622999869287,-0.019794272780418395,-0.02581825911067426,0.021705920584499837,-0.0004506614711135626,0.03469084179028869,-0.3773134411638603,-0.028357400030363352,0.07229987379396334,0.06609755043406039,0.018518715091049673,0.027345544062554836,-0.025213327212259173,-0.015318863112479448,0.06758140380028635,-0.026761282156221568,1.0,0.0
Tmem161a,0.27088991397991774,0.05217169652692974,0.05529654765501618,-0.012204486150294543,0.0019921535812318326,0.0,0.009201099127531052,0.013469728995114566,0.007079825554974377,-0.09389066204195842,0.025169125034008175,-0.0059593458427116275,0.15795914318412543,0.020660283104516567,0.05658555486239493,0.04222824698779732,0.005424066353589297,0.07158547184662893,0.016966918939724563,0.017296442119404672,0.09928671402856708,-0.019731437014415862,1.0,1.0
Mettl22,0.2935911536915228,0.10219364036340267,-0.0017376636201515794,-0.002443283386528492,0.006898251855745912,0.0,0.01649310190230608,0.004640088630840183,0.011671522823162377,-0.04663080521859229,-0.09696035987231881,0.04122147814370692,0.1982364228274673,0.037670322442427275,0.06813471934758127,0.07933217320998665,0.014536686670035125,0.029001333718188107,0.04292744777631015,0.03334878855384886,0.039095460652606565,0.09923419832251966,1.0,1.0
Crim1,-0.3317965231847484,-0.04932058425387367,-0.026499855597503483,-0.015068958410993219,0.00230112848803401,0.0,-0.0027520018164068462,0.0077561027277261016,0.0030580354435369374,-0.022886471345555038,0.004081370497588068,-0.13651030933484434,-0.08577250666916371,0.00778048672247678,0.009826457486487925,0.040033296213659926,0.028670720607042312,-0.03660941326059401,0.015319066997617483,-0.011208827178925275,-0.08364335441729054,0.029913633959367872,1.0,2.0
Kif3b,0.11522843993734569,-0.09656141218729317,-0.06552730579860508,-0.016209959937259554,0.002375958077609539,0.0,0.01675189457833767,0.0035887343995273115,0.02097949093207717,-0.023508902471512556,0.027302318431902676,0.03296912264311686,0.1636108983925078,-0.03175568987615406,0.057998688416555526,-0.09533120826352387,0.004316419437527657,0.021697222837246954,0.01744457082822919,-0.015514760874211789,-0.02910786820575595,0.025408866084180772,1.0,1.0
Zfp667,0.22027604787261226,0.10098818299593404,-0.030549102872610093,0.039727455875836315,0.00035678753163665534,0.0,0.004155629957094789,0.016189743792638184,0.01668150565121323,0.07810839262790978,0.02742575477459468,0.02503624279983342,0.06363264878746122,0.07645298865623772,-0.11750283250585199,0.012823192366049625,-0.00944797697942704,-0.13821861886186526,0.028360860729590057,0.017296442119404672,0.09237472745589911,0.07120795707218348,1.0,1.0
Zfp64,0.01116564974654466,-0.09436055748723447,0.027751292884349823,-0.022147613307461143,0.0014314566180109979,0.0,0.011469989977777005,0.010741830440238118,0.04192763989791274,0.07532276791753248,-0.03609106730902568,0.0258975795423612,-0.0507002803683281,-0.024226288581267,0.029575876793824136,0.019581045755185187,0.009075332842767238,-0.15718948170309888,0.023757771868258715,-0.015514760874211789,-0.13798974459175953,0.034189602732658385,1.0,2.0
Qsox2,0.11844238726887851,0.126635779007338,-0.0031112340558320283,0.13016210233094172,-0.00477292800322175,0.0,0.0050545345898717646,-0.048909123525954785,0.02857174402102828,-0.07052077164873481,-0.04032203415641561,0.019539359691552818,0.04305641799001023,-0.07043634907808155,-0.035835586406756194,0.0655858286144212,0.0032495637610554695,-0.08275726596126333,0.01732845587655902,0.017561455070972443,-0.00468077452853322,0.06758212830871344,1.0,2.0
Gm17750,0.22809978735633193,0.08972413262818009,0.024942392446100713,-0.021094079571776093,-0.003778505064547062,0.0,0.007165696509182453,0.011258055688813329,0.02790954951196909,0.032577484862413256,0.025193887723144143,0.03246858024969697,0.02127135298913345,-0.06534981834935025,0.06006316787796095,0.04475123660871759,0.026874337922781707,0.014483825177885592,-0.0440408194437623,-0.012422943385317922,0.013100307079730556,-0.04146465990226716,1.0,1.0
Rab43,0.26959110451862217,-0.133758879522793,-0.03857584517914802,-0.024871458522975443,-0.0030908371601253747,0.0,0.013245794735848904,-0.006640657614916563,0.00953212019521743,-0.02595685251057148,-0.08511734180152417,0.03853986207628623,0.015430563564877956,-0.042325005682650955,0.06059810149017721,-0.02760618701810017,-0.0029487251909449696,0.0055580011382699015,0.0037037601973861456,-3.126062452793121e-05,0.0676292269246187,-0.05461299931630492,1.0,1.0
Rnf208,-0.16688475109869613,-0.12467947313562036,-0.01035545621998608,-0.006668637315742671,0.00021661329083144665,0.0,0.016564947366714478,0.03925174220930785,0.004772422942332924,-0.012963018575683237,0.019223524315748364,-0.005471320454962552,-0.00036466289311647414,-0.08952640794683248,0.006999647868797183,0.01802786218933761,-0.0012127432599663734,0.014960953327827155,0.02895218863617629,-0.0026813898608088493,0.014527549878694116,0.06451116954209284,1.0,0.0
Gm5577,0.1574847432039678,-0.18151687123347074,-0.03673121095634997,-0.06257970712147654,-0.004305680487304926,0.0,0.013204744830727578,-0.027166780149564147,0.013132473286241293,-0.03647226823493838,-0.0450539409276098,-0.12006895725848153,-0.22384925299556926,-0.05017015727935359,-0.11442813448724337,0.015327052772045135,0.011539850775152445,0.002991456864401698,0.000660538668744266,-0.003192193303257227,0.055684185801073906,0.053303816542029384,1.0,0.0
Mcm8,0.22281564280041494,0.0803625718690455,-0.05640061704092659,0.020212686089798808,0.0027313746651634573,0.0,0.008834989070892333,0.019503401778638362,0.012482421454042197,0.05308551770634949,0.01511646918603219,-0.02815616091713309,0.10529785995837301,-0.006742764853406698,0.05161437584087253,-0.017087393258698284,0.01206605887040496,0.08911374625749886,-0.10602636373601854,-0.04062258758582175,-0.11417534396285191,0.01139403522014618,1.0,1.0
Rgs17,0.09646890482748859,0.09496697462629528,-0.04685875745024532,-0.007687626052647829,0.008028825316578149,0.0,0.012327441163361073,0.007871825117617845,0.07709455992560833,0.0018917376198805869,0.013833630655426532,0.049635334201157094,0.19352584504056722,0.04339541084133089,0.06007954314816743,0.08749427489674418,0.02156378537416458,-0.10302027877653018,-0.04089638133533299,-0.008117009690031408,0.08287452711723745,-0.07998514032457024,1.0,1.0
A830031A19Rik,0.2966800861479715,0.00797845158725977,-0.01837692311964929,-0.04839177111163735,0.10676893951836973,0.0,0.013167209513485432,0.043263027081266045,0.018443833035416902,0.027533802154939623,0.01836326895747334,0.03456604522420093,-0.11965020430041477,-0.023292489221785218,-0.07544288800098002,-0.030283064553514122,-0.039308584528043866,0.02484730372671038,-0.039085396530572324,-0.015407200763002038,0.08903411962091923,-0.07786720565054565,1.0,0.0
Yeats4,0.17954401812516152,-0.17144162515178324,0.05084303461946547,0.13190478259231894,-0.0030908371601253747,0.0,0.009321258999407292,-0.010500414799898862,0.010741392485797405,-0.05459316423162818,-0.012404892556369305,-0.0785853383783251,0.0015928009618073702,0.010183600466698408,0.058629411505535245,-0.05297107300895732,-0.0009449142776429653,0.008924869853071869,0.016769783794879912,-3.126062452793121e-05,0.04639659620355815,-0.02597672527655959,1.0,1.0
Ephx2,0.17259915412170812,-0.14229477322194725,-0.03427861371077597,-0.007116987789049745,0.007767923725768924,0.0,0.018826767541468142,0.005496415505185723,-0.05257136239670217,0.06848967309342698,0.005967964173760265,0.056179016567766665,0.20256979054305702,0.05196743818931281,0.07791708038654178,0.12347763878613477,-0.01557321780361235,0.015690721087157727,0.03691195940598845,-0.01286463163793087,0.059993144543841484,-0.0022442226670682432,1.0,1.0
Lrrc58,0.2610296196397394,0.08682472303509713,0.06463331949897111,-0.02862362519837916,0.00230112848803401,0.0,0.004707671832293272,0.009163176217116415,0.02347770322114229,0.034421860426664355,-0.019225292932242156,0.038629958340898156,-0.46987707807682455,0.021363008010666817,0.009277523963246494,-0.02114132802002132,-0.012886339835822581,0.007428942513652146,0.02296014619525522,-0.0024854920990765093,0.042573573633562775,0.023352580526843667,1.0,1.0
Fut9,-0.3426532169908751,-0.07136967622675001,-0.04151081785093993,-0.021859209151007235,-0.010916685629636049,0.0,-0.05102182731032372,0.007686786307021976,0.078091821372509,0.01861301327124238,-0.004694991947617382,-0.09719654683023692,0.09191273225937038,0.011421521403826773,0.033708623121492566,0.046626619896560445,0.017973041012883186,0.055999361174181105,-0.05404535613954067,-0.011208827178925275,-0.029139434227254242,-0.07269832624588161,1.0,2.0
Akap7,-0.39277611338999124,-0.07066730568185449,0.1061911799525842,-0.015718932235613464,0.0076374729396775365,0.0,0.007764341793954372,0.007696838742122054,0.038070201110094785,0.05398460288532078,0.01049988020444289,-0.05795808212598786,0.09446802201680839,0.005252400976605714,0.035883738114498555,-0.012383113373070955,0.018205720558762552,-0.03158440873026848,-0.07573961817659437,-0.011208827178925275,-0.036965735682751986,-0.06905639397911728,1.0,2.0
Pcdhb19,0.19429463473614306,-0.09425530929816887,0.01714527770760469,0.04939015735406429,0.007767923725768924,0.0,0.0091343117877841,0.011944357994943857,0.008368097636848688,0.014285950937774032,0.020573340142145752,-0.03232631476595998,0.16947285389993338,-0.05020545315928757,0.08535911671351641,0.04341906069777906,-0.003163350410759449,-0.066256177960895,0.018086215178482235,-0.015514760874211789,0.1407962808990851,0.05665246104355901,1.0,1.0
Ndc1,0.11637072722660377,-0.11629112100228667,-0.03812510142102837,-0.007907908987253904,0.006898251855745912,0.0,0.012085136584937572,0.007135977353900671,0.020936615117825567,-0.022243097415193914,-0.0015794738219119609,-0.07053789329715072,0.10846877719275654,0.08661433895584196,0.04472996165510267,0.08511836270190543,-0.004963835855014622,-0.2293144263094291,0.02869400608818978,-3.126062452793121e-05,-0.14029264602693728,0.05147790065035224,1.0,2.0
Mgat1,0.2787688677385449,0.07035922713577747,0.07658162922132761,-0.006742671383544802,0.002375958077609539,0.0,0.007193625271320343,0.003964648051187396,0.010044984412379563,-0.04355571529828012,-0.11462437732261606,0.048298233526293186,0.21489544755779208,0.00449544676579535,0.06613850771449506,-0.043896202157775406,0.012830674946308136,0.014184280382469296,0.017419918160885572,-0.012157930433750153,0.06617653492838144,-0.02622492424212396,1.0,1.0
Emc6,-0.16085080231074245,-0.12227352380286902,-0.017933820132166146,-0.026989527232944965,0.00230112848803401,0.0,0.013131996989250183,0.010241086236201227,0.021413568034768106,-0.022766905704047533,0.030307820478919893,-0.028452004487626255,-0.3660947259422392,-0.11223585090250708,0.0010996349016204477,-0.03931725591421127,-0.012886339835822581,0.007934691421687602,0.009095299053005873,-0.005842322539538145,0.026426295780111103,0.028900487227365376,1.0,0.0
Atad2b,-0.33655219033942557,-0.09209063367452472,-0.02188612824305892,-0.014794782036915421,0.007767923725768924,0.0,0.016564947366714478,0.011048444388434291,-0.02131819890346378,0.014916901616379619,0.07740932002896443,-0.09070354446768761,0.1533839795179665,-0.019886659965850415,0.05184707325417549,0.07026014642673545,-0.013202358307316898,0.004140938008204103,0.023273475607857107,-0.011208827178925275,-0.07871138312621043,0.02174528148956597,1.0,2.0
Zscan12,0.24923489416949451,0.05926258128602058,-0.04746938449796289,-0.006766828382387758,0.008028825316578149,0.0,0.012327441163361073,0.01088228945620358,0.004068179079331458,0.012935705771669746,0.03404519616626203,0.0010278505645692348,0.22779161077458412,0.02212328805588186,0.0651440634438768,0.07470637230435387,0.01298422997817397,0.04312151012476534,-0.059405753239989284,-0.012422943385317922,0.14323516665492206,-0.04277512835338712,1.0,1.0
Rasgef1b,-0.42912510472116994,0.031932051330804824,-0.028037710967473685,-0.01653923756442964,0.007767923725768924,0.0,0.023189485743641852,0.0019000972341746093,-0.021882440405897798,0.07059679228113964,0.007070461639668793,0.076181984487921,0.18321721338666974,0.02333793739089742,0.022670634165406225,0.03639831664360827,-0.013202358307316898,0.014133780370466411,0.02363433225080371,0.00033772028982639315,-0.05238575786934234,0.037706872029229996,1.0,2.0
Arl2bp,0.2372560313506983,-0.16613234084565193,-0.03222317201201804,0.024025687035173177,0.00035678753163665534,0.0,0.00870222806930542,0.004480849825777114,-0.025924789276905356,-0.03170567069668323,0.007012772338930518,0.028013847498223186,-0.10236836257390677,-0.08514818921918049,0.061807677005417644,-0.06505089746788144,-0.013801287291571498,0.01916465709451586,0.02060339380055666,-0.0026813898608088493,0.03428717733360827,0.038704766416922214,1.0,0.0
Sdhaf1,0.04848137783817947,0.20065370617900044,-0.0037661847006529568,-0.0025506643392145634,0.00021661329083144665,0.0,0.006691793268546462,-0.019147561718709766,-0.023066410929895937,-0.09153072442859411,0.011109545252984389,0.013854239634238184,-0.12720981399528683,0.03013995475601405,-0.004215038258116692,0.07997827634215354,-0.00933594461530447,0.02954680658876896,0.023838336137123405,0.03334878855384886,0.07388244309928269,0.031138031147420406,1.0,0.0
Rbl2,0.0777761087869294,-0.10847816697321833,-0.027215936528518794,-0.006098692771047354,0.006898251855745912,0.0,0.01649310190230608,0.0041335081961005925,0.022437973734922706,-0.009372578402981162,-0.00918493895092979,0.0610977003723383,0.2291698345472105,0.051007304871454835,0.08311333628371358,0.1258595841130591,0.028670720607042312,-0.045991857270710174,0.010400677914731205,-3.126062452793121e-05,0.09458436088985764,0.03176193696446717,1.0,1.0
Sepsecs,0.1655426030070521,0.16697472964879126,0.10585298675112426,-0.007669570362195372,0.0022576448926702143,0.0,0.0068537725880742075,-0.0013321791682392359,0.03247881284914911,-0.02081580042373389,-0.03656933127087541,0.054371830387972296,0.1956558450614102,-0.09864302534610032,-0.09227419540286064,-0.003537124041467905,0.012228566324338316,0.0436416495917365,-0.06752735614776612,-0.012157930433750153,-0.07027919606422074,-0.04305259421467781,1.0,1.0
Bcl6,0.20920473707839846,-0.08381793910171836,-0.03230727584566921,-0.06308696128427982,0.00021661329083144665,0.0,-0.055408937539905306,0.035118347648531195,0.007651340016163886,0.020636963006109,0.01991055183112621,-0.12079216568963602,-0.14003299330128358,0.037551346595864746,-0.09684339340776205,-0.05995104231406003,-0.013985712612047792,0.0008203580044209957,0.02010413630399853,-0.016290577268227933,0.011934107103152201,-0.0368241924373433,1.0,0.0
Esco1,0.1102726118080318,-0.047722511505708096,-0.0060365585796535014,0.054812834467738866,0.001214038641192019,0.0,0.005216513928025961,-0.00849960783496499,0.03877580678090453,-0.004162464570254087,0.022851107923779635,0.03715037775691599,0.08722153327660635,0.07232746079796926,-0.09948207963258028,0.012491150124405976,0.0188755533285439,0.048884755573235454,-0.06882739806547761,-0.012422943385317922,-0.014772209133952855,-0.10524903180077672,1.0,1.0
Gm4117,-0.4111845840420574,0.09190822470467537,-0.037380530098453164,0.10995175469433889,0.0021706777019426227,0.0,-0.022433176054619253,0.006920139584690332,0.015191842787899076,0.02882622752804309,-0.013212167292367667,-0.06121470941929147,0.03859605308854953,-0.01220151084009558,-0.041700463257730004,0.0027781148918438704,-0.033707866165786984,-0.0015032798191532493,-0.03507174517493695,-0.008117009690031408,0.05190507037099451,-0.0596500808140263,1.0,0.0
Cdk5rap2,-0.4072553681815043,0.12147343964315951,0.08343281775247306,-0.02251454900484532,-0.004619550509378314,0.0,0.0069661480188369755,0.014407339403405786,0.015974604655057192,0.009134517337661236,-0.00951868052361533,0.05670367516344413,0.12456359077244997,-0.028210299629718064,-0.021578291691839696,-0.0939965043310076,0.03711867494508624,0.009147020145319403,-0.03915654652751982,-0.00794033438898623,-0.017921701837331057,-0.09477747046854347,1.0,0.0
Gm17036,0.15636540315113961,0.06419776508118957,-0.0037960335705429313,0.08654928284697234,-0.004305680487304926,0.0,0.008891601162031294,0.043263027081266045,0.008061589398421347,-0.02363170212134719,-0.04229768537916243,-0.12079216568963602,-0.10848153379978612,-0.015110471018124372,-0.09481832022313029,0.06745326938806101,-0.035219581816345456,0.006674702456220985,-0.0006349839828908443,-0.015318863112479448,0.03807619097875431,-0.06814990950282664,1.0,0.0
Rai14,-0.42499076885636894,0.04994219341315329,0.0715719397412613,-0.01616799792740494,-0.022188054784201085,0.0,0.0069661480188369755,0.010104214595630765,0.017830487061291932,0.013444380890578032,0.06817389100091532,-0.07785578152397647,0.11179294572677463,0.003689323919825256,0.01286818264517933,-0.000666399143228773,0.045279550198465586,-0.00048400628380477426,-0.04559067151509225,-0.008117009690031408,-0.05727171631297097,-0.07600937622599303,1.0,2.0
Zfp637,-0.06276278372853994,-0.06205371678806841,-0.05966633428353816,0.004096679100766778,0.008028825316578149,0.0,0.012959073260426522,0.012409828631207346,0.003459424846805632,-0.0010124872834421693,0.016593823730945586,-0.05125876707956195,0.19794297395274044,-0.08062046489678323,0.06815357245039194,0.01602845106041059,0.0003459098935127258,0.044227939555421474,-0.0888974795397371,0.0004104276280850172,0.06262865645228885,-0.055971490307711064,1.0,0.0
Zmiz2,0.2397407899564132,-0.103214904027991,0.0004471849137917161,-0.00992131450213492,0.002375958077609539,0.0,0.01625302352011204,-0.02458597662858665,-0.02652654431760311,-0.015248126182705164,0.017640878516249358,-0.026978796501643955,0.11228878456749954,0.00673409887123853,0.10165276608429849,-0.038154652842786164,0.0022972043324261905,0.009589810664765537,0.020959601122885942,-0.0026813898608088493,-0.10588388895615936,0.046387739973142744,1.0,2.0
Ggact,-0.001875416194088757,-0.07924356772564352,-0.039304142072796824,-0.014062825371511281,-0.0030908371601253747,0.0,0.01706381842494011,0.003406208660453558,0.003875837828963995,-0.03884340049698949,0.02484665735857561,-0.03022199131315574,0.08033829451538622,-0.04147122744936496,-0.07753364049363881,-0.01862475694157183,-0.0172978300601244,-0.11243379934923724,0.0029392612352967264,-0.011208827178925275,-0.1550968439783901,0.005780538180842996,1.0,2.0
Foxp4,0.032706156889908015,-0.08387979734223336,-0.03729626001324505,-0.05501659421250224,-0.004305680487304926,0.0,-0.04711349816992879,-0.011789053622633218,0.015328749124892056,-0.03983780734241009,-0.02286581341177225,-0.0682810436701402,-0.21243195004062726,-0.01182139002950862,-0.08339428076520562,-0.09519370228517801,-0.004463645685464143,-0.001368695478886366,0.016518633789382876,-0.0028388427011668683,0.006812695036642253,0.032834126837551596,1.0,0.0
Eqtn,0.3226722348970361,0.1296656384225935,0.11507699597161264,-0.008843460921198129,0.0014314566180109979,0.0,0.009959374628961086,0.009681945387274026,0.010044984412379563,0.10228979769162834,0.04668277507531457,0.04231035107281059,0.2076706754975021,0.06700135512277484,0.021492158668115734,-0.0034464144535013477,0.012830674946308136,0.03865973782725632,0.01843438166193664,0.0006754405796527863,0.08263094865484163,-0.022911593448370696,1.0,1.0
2810404M03Rik,-0.48656528796534987,0.07900759228505194,0.10456883488688618,-0.01728389971423894,-0.00650686000008136,0.0,0.0069661480188369755,0.005460434434935451,0.03735096256714314,0.005447292735334485,-0.007685381730552763,-0.09167968980735168,0.0759788967994973,0.010781973558478057,0.014646795389708131,-0.025439800517633556,-0.047953587975353006,-0.002365690777078271,-0.04009772808291018,-0.008117009690031408,-0.05512572927167639,-0.11329164539463818,1.0,2.0
Zrsr2,0.29903398437425494,0.05340019951108843,-0.04746938449796289,-0.004755652546882629,0.007767923725768924,0.0,0.01305884748697281,0.01295643974095583,0.007306237597949803,0.023702192064374687,0.04249545084312558,0.06452632139436901,0.21482496926560998,0.0299090441968292,0.06631755759008229,0.09481084184109932,0.012830674946308136,0.04073771477676928,0.014669666420668364,0.0004104276280850172,0.09360241095302627,-0.02768930869176984,1.0,1.0
Ubap2l,0.03620369276497513,-0.14976379190105946,0.0004666582075878978,-0.00849951739422977,0.006898251855745912,0.0,0.01675189457833767,-0.024754836773499846,-0.04910947858355939,0.011008815374225378,-0.023206779366591945,0.026585185371804983,0.16816367735737003,-0.004734565695980564,0.10330646662041545,-0.038174201268702745,-0.002072463436052203,0.008029693430289626,0.011557351807132363,-0.00028455084189772607,0.0878732361330185,0.025255880979821087,1.0,2.0
Bace1,0.3263157519092783,0.06993346937000751,0.05300284718163312,-0.0029039952717721464,0.006898251855745912,0.0,0.010838357843458652,0.009787199702113867,-0.021529878349974753,-0.06536979394033551,0.025765888749156148,0.04014504584483802,0.19853020488284528,-0.015363716832362116,0.02919765775091946,0.07920023418031633,0.011182655189186335,0.04403616091702133,0.0376705882139504,0.017296442119404672,-0.04134555388242006,0.05670213976874947,1.0,1.0
Wdr25,-0.3418524648714811,-0.05921378425788135,-0.028450262262485922,-0.021967834341339768,0.002375958077609539,0.0,-0.041438079159706834,0.00284352975897491,0.016483483691699802,-0.03941756322048604,0.01667914360994473,0.05535294247791171,0.12494270061608403,0.022715198074001818,0.048232860025018455,-0.034845855600724465,0.023360974858514964,-0.10855017381021753,0.01720915626268834,-0.011208827178925275,-0.07012736831442452,0.03838675861246884,1.0,2.0
Bclaf1,0.12694163908949121,-0.12067134174052625,-0.018878246750682594,0.10840278102084994,0.0008799392357468606,0.0,0.0053425659704953435,-0.05340259643737227,-0.050209650644101204,0.01288847046205774,-0.001314088013023138,0.022313155718147754,-0.23618831594474612,-0.10460607553133741,-0.06698990217875689,-0.07393643870484085,-0.015379412844777108,0.0012308778706938029,-0.08592569837346672,-0.013617234667763115,-0.0029048124386463316,-0.04887379029300064,1.0,0.0
Cstf2t,0.04705416204873472,-0.07090446013491601,-0.018061857456341385,-0.00867569724097848,0.002562030078843236,0.0,0.0037601903267204763,0.006986103761009872,0.00550876107532531,0.023351625776849686,0.015170043027028441,0.045459618149325254,-0.005409306148067117,0.06652485162019729,0.06073613147251308,0.09651240119332215,-0.0018672820180654526,0.09905807596631348,-0.058483426608145234,-0.015514760874211789,0.11068117557559162,-0.08718224207405001,1.0,0.0
Sema4b,0.13947094026836568,-0.1326728568272665,0.06490196280064993,0.04666764792986214,0.006898251855745912,0.0,0.009201099127531052,0.01211677910760045,0.020807674885727465,-0.005732738152146339,0.033307547497097405,-0.093472930919379,0.12169078476261347,-0.09476367050316185,0.016319021927192808,0.099995189482579,0.0003459098935127258,0.027966835997067393,0.035961918523535134,0.060866724415682256,-0.10647130042780191,-0.012044781777076423,1.0,2.0
AA465934,-0.1226800907147117,-0.09916027620900422,-0.016322660567238925,-0.011248949281871319,0.00230112848803401,0.0,0.0078071449417620896,0.010049794889055193,0.006974216308444739,-0.0136323223519139,0.01420073932269588,0.030519257541745903,-0.39905906858853996,-0.04355183487990871,-0.03329996094573289,-0.038256837045773866,-0.011169684641063214,0.007289464091882109,0.009095299053005873,-0.005842322539538145,0.07921049996744842,0.039631782565265894,1.0,0.0
Plk4,0.21407194274943322,0.04774778053630144,-0.057899144431576136,-0.06835124871693551,0.0009558343747630715,0.0,0.013366758003830909,0.01750921373255551,-0.026230789977125822,0.035708303498104214,-0.01144366924650967,0.035800768479239194,-0.23211016581393779,-0.002451446068007499,-0.037416201154701414,-0.011706670650746674,-0.02881870562210679,0.02717478568200022,-0.028650562344118953,-0.015318863112479448,0.06334553438238799,-0.06256816607434303,1.0,0.0
Dnmt1,0.0358645739662461,0.1516133870696649,0.010580147970467807,-0.01664961756207049,0.002375958077609539,0.0,0.010958517678081989,-0.02479193337261677,-0.06586116726510227,-0.00976213175803423,0.015197276927065104,0.025695081278681756,0.18541927785845475,0.014648977387696504,0.05769591753836721,-0.08788058728387113,-0.0017524921987205743,0.03483789734076709,0.02580304129049182,0.017296442119404672,-0.009033451551804319,0.042441005017608405,1.0,2.0
Flad1,0.2670032200519927,0.027900302172638475,-0.043617687043733894,-0.005516723180189729,0.007724440130405128,0.0,0.012647149451076985,0.0036360662430524825,-0.03291658856905997,-0.0021349791157990695,-0.06948279901524074,0.0189129081601277,0.20510084626497702,-0.021130574317649007,0.08791591299697757,0.02400764691497898,0.016800905000418424,0.044287578179501,-0.0560741750150919,0.0004221503622829914,0.11608756406232715,-0.05084599512629211,1.0,1.0
Vac14,0.04699445869075134,-0.04570585289038718,-0.036963345305994155,-0.014424853399395943,0.006898251855745912,0.0,-0.06461070254445075,0.008403481263667346,0.030026535321958363,-0.028411393882706762,-0.0015794738219119609,0.052419408634305,0.18423087290488183,0.026730883540585636,0.05289771405281499,0.1222869849880226,0.028670720607042312,-0.10850653204601259,0.023105399813503028,-0.008558697942644357,-0.004428486238466576,0.016047139950096607,1.0,2.0
Mt1,-0.024057798185385764,-0.13902901405468582,0.03922802930697799,0.11937020003795623,-8.046859875321388e-07,0.0,0.0035793643444776537,-0.023951728604733945,-0.02479742804542184,-0.031204567281529306,0.0028591527696698905,0.018330189883708953,-0.15080490921158343,-0.04205453881295398,-0.005882369061000645,-0.007212692592293024,-0.008913011602126063,0.043059665602631865,-0.027081612227484585,-0.0004305130522698164,0.04687877493212,-0.05050845828838647,1.0,0.0
Lin9,0.13465747450711205,-0.10504149302374571,-0.03467902169097215,-0.009050833876244724,0.002375958077609539,0.0,0.01649310190230608,0.0029769921116530895,0.022296672300435603,-0.042117238752543924,-0.0013836948783136904,0.047197273005731406,0.19896617870777844,0.022628875719383358,0.07705960727762431,-0.008385016039537731,0.007520929197780788,-0.062407608476933094,0.004448181814514101,-3.126062452793121e-05,0.1736113358847797,0.05582790252752602,1.0,1.0
Smarce1,0.28947614688426254,-0.04890522594098002,-0.013841648790985346,-0.031133852861821652,0.0014314566180109979,0.0,-0.04279605036601424,0.0045359941245988016,-0.02899124924559146,-0.022080686800181867,0.03754843456903473,0.04283847576472908,-0.3777543001668528,-0.02294306366937235,0.0666075435327366,0.03566149828955531,0.043021434950642284,0.005719797373749316,0.028362437910400332,-0.014538620002567768,0.024255391362821684,-0.013776329532265662,1.0,0.0
Pgp,-0.058744225912960246,0.10973592774942517,-0.002902479832991958,0.0509298083675094,-0.004165506246499718,0.0,0.005680359611287713,-0.005930811706930399,0.014621435320004822,-0.051244607279077176,-0.04510875170351938,0.020153419731650503,-0.23935137309716084,-0.08428888167720289,0.0062659928377252075,0.02880021512042731,0.007474366803653538,0.008752369885332883,0.01665028647519648,0.08479514352977276,-0.014245868073776364,0.08673143815249204,1.0,0.0
Cdh22,-0.2448749018460512,-0.1075127280387096,-0.03766495191724971,-0.06993787915911526,-0.0030908371601253747,0.0,-0.038389193434268234,-0.005751389134675264,0.0020178795978426935,-0.03703543554758653,-0.030934279849752784,-0.030958636146970094,-0.17349515750072897,-0.024429787802509963,0.02127733751665801,0.030342079913243652,-0.022485417313873768,-0.01921768276952207,0.009062700266949832,-0.0013473648531362415,-0.03264095555176027,0.01689250098541379,1.0,2.0
Mpp3,0.13803685301914811,-0.13800416995305567,-0.013433979768306016,-0.015895541524514556,0.0014314566180109979,0.0,0.01663173470646143,0.0036917363898828627,0.022649624831974507,-0.015547405062243343,-0.09456851862370969,0.04335397155955434,-0.10444635063409806,-0.08000328483292833,0.04916685018222779,-0.01673588402569294,-0.011169684641063214,-0.0508886952791363,0.016672270246781407,0.025031525045633315,0.061670048758387566,0.04121539868414402,1.0,2.0
Gprin3,-0.007951440457254648,-0.012996126778889448,-0.022990402823779732,-0.04429116470273584,0.0009558343747630715,0.0,0.013366758003830909,0.011849232725799084,0.020016822889447214,0.005979514019563794,-0.008638829486444592,0.026048521432094275,-0.12724914642050864,-0.04683593440335244,-0.0384706323267892,-0.04257259876467288,-0.01690177582204342,0.01480207261396572,-0.03494106874335557,-0.007851996738463641,-0.0041770499339327215,-0.06632851565256714,1.0,0.0
Psmg2,0.2709422935871407,0.180220779820811,-0.005086800556164235,0.13610938616795465,-0.0030908371601253747,0.0,0.0021187089197337626,-0.03922256583347917,-0.031955794543027875,-0.10457939699292183,-0.005621574318502099,0.031242350889369844,-0.21653521528933198,-0.014442908121272921,0.021319101345725358,-0.07145556204486639,0.0017199957044795155,0.01713566977996379,0.019195499559864403,0.016808852041140198,-0.021380925143603235,-0.0221550558693707,1.0,2.0
Sfpq,0.1680115741537884,0.21181694692000747,-0.00860895993653685,-0.016960357846692205,0.00230112848803401,0.0,0.015306027978658676,-0.0053690180508419874,-0.01848450121935457,0.12380189022980631,0.04511828005663119,-0.07310913742519914,-0.3861756732594222,0.037665324122644964,0.051788960326230156,0.01186153583228588,-0.001523469826206565,0.009901866493746638,0.037943899142555894,-0.043518507312983276,0.024020854386035354,-0.009310385938733816,1.0,1.0
Sh2b1,0.30943103511817754,0.19258702128194272,-0.020309111126698552,0.002837851969525218,0.006898251855745912,0.0,-0.0639175383746624,-0.024208070458844305,-0.007703202990815044,0.028695518327876927,-0.08056608234997839,0.03939967781305313,0.17087649856694043,0.03892400480806828,0.06952288678847253,0.04795140620728489,0.00033761174418032167,0.024179503633640707,0.025866322219371796,0.03334878855384886,0.05483166403719224,0.07067277571186423,1.0,1.0
Cacna1b,-0.3679379316000268,0.09103387547540479,-0.0074339017877355215,-0.027853676052764058,0.0044251739466562865,0.0,0.011773212626576424,-0.004573439662344754,0.01978689545765519,0.008329696650616825,0.006875026910565793,0.03401768953772262,0.007097049273143057,-0.00458119856659323,0.025503136101178825,-0.03240725001349347,-0.0032381887594237924,-0.11719133191509172,0.02998502121772617,0.002774469656869769,-0.058219262458151205,0.03464095582254231,1.0,2.0
Pwp1,0.027048051692545413,-0.11447641574312001,0.1228577113058418,0.10138890073634683,0.0014314566180109979,0.0,-0.03464880803599954,0.038136526886373756,0.030579491443932058,0.030545318592339755,0.020895423844922333,0.04008986921282485,0.06658191948663443,-0.08522789809852839,-0.07567390118725598,-0.03380041972734034,0.009963477505370974,0.048591465833596886,0.022284317393787206,-0.0026813898608088493,0.006516338923247531,0.025291349719045685,1.0,1.0
Nmd3,0.22804725494235753,0.12404696721117943,0.025942889691796155,-0.07306267981417477,0.0021706777019426227,0.0,0.008172026546671986,0.018100068811327218,0.0256243409588933,0.009548504501581193,0.031053712321445347,0.02839156676316634,-0.2633828048524447,-0.07178759270813316,0.048045945710036904,0.09010793019551784,0.00023502899799495935,0.010379653496202082,-0.08099221355747431,-0.015583876064047217,-0.056669675151351837,-0.026229684227146208,1.0,1.0
Sar1a,0.22632718925364315,-0.16520906724967063,0.06326627212576569,0.02750731504522264,0.0019921535812318326,0.0,0.007751399446278811,0.010051858890801669,0.0008189974259585142,0.06059466597624123,0.04095583419315517,0.04044525549048558,0.158630673144944,0.032040592674165966,0.058988575655967,-0.03954127117205644,0.010438695773482323,0.004455915819853544,0.020758802182972432,-0.0026813898608088493,0.07945708772167563,-0.06240599480457604,1.0,1.0
Casd1,0.11575421396177261,0.07367237152997404,-0.02650851427577436,-0.017496829004958272,0.0076374729396775365,0.0,0.012759524770081044,0.03646595908328891,0.02290614658500999,0.0004577791318297386,0.005467818409670144,-0.06012900456553325,0.13490321055520327,-0.012924355091527104,0.0560465899342671,-0.041037961500696836,-0.04954791182652116,0.015673261149786413,-0.02739592583384365,-0.012422943385317922,0.11610338147729635,-0.10976338245905935,1.0,1.0
Fam117b,0.10562335649039596,-0.08474536397960036,-0.04172269073780626,-0.017469473546370864,0.006898251855745912,0.0,0.012746923677623272,0.0035887343995273115,0.02179946169257164,0.046522646471858026,0.01892804551171139,0.008777558247093111,0.16538619038532487,0.0010753721836954356,0.08548073903657497,-0.0576361453870777,0.03264123015105724,0.01105070746038109,0.02702737970277667,-0.015514760874211789,0.08144165049307048,-0.0036912048328667877,1.0,1.0
Tln2,-0.42986392247490585,0.08361607633531093,-0.01908009703271091,-0.022212589089758695,-0.019274654081091285,0.0,-0.06461070254445075,0.005765765951946378,0.08226364126894622,-0.018029388887807727,0.00754048315808177,-0.05288683908525854,0.10461321389302611,0.018656286613550038,0.023299912449438125,0.05974307474156376,0.0018178322724997998,-0.06719759353902191,0.0131336889276281,-0.016813307153061032,-0.05693135220441036,0.02999792605638504,1.0,2.0
Hspbp1,0.14170000277925282,-0.20673934178892522,-0.026966019775718452,-0.05601968087255955,0.0014314566180109979,0.0,0.014343057051301003,0.020690755541436373,0.006936111841350794,0.02873774802312255,0.044626302162650976,-0.11605930659454317,-0.4153398831561208,-0.009607047254685313,0.046646113800816236,-0.06643863387405873,-0.011169684641063214,-0.0016264092223718762,0.02618979529943317,-0.018675693552941085,0.038582921184133735,-0.012869497872889041,1.0,0.0
Rbak,0.27060680916998536,0.15745582381263376,-0.015376580604352057,-0.001344874743372202,0.006898251855745912,0.0,0.01675189457833767,-0.024935892876237632,0.03202375336084515,0.028425504509359597,-0.08847238304559141,0.042825558632612226,0.20001514595001935,0.012502720123156905,0.07617606109473854,0.08242670292442199,0.0006565148662775755,0.026342816348187626,0.024593758853152393,0.03334878855384886,0.08118311576079577,0.08320625241845846,1.0,1.0
Trmt44,0.2851403338322416,-0.005310607189312577,-0.07818819640669972,-0.019747637659311295,0.0014314566180109979,0.0,0.01925885125994682,0.005969721376895904,0.0014231882616877556,0.10228979769162834,0.048281930186785754,0.05133573685307056,0.10690592001192271,0.01981995246373117,-0.08961778518278152,-0.07699243545415811,-0.02073916668072343,0.011826476864516735,0.021682579796761275,-0.012422943385317922,0.0786454325541854,0.010272613149136306,1.0,1.0
Mamld1,-0.1829984586138744,-0.046181135163642466,-0.024744939622469247,-0.009501236397773028,0.007767923725768924,0.0,0.009234440177679062,0.01080198154784739,0.009146340475417673,0.019686645781621336,0.08124058133224026,-0.04140026927925646,0.1645786303700879,-0.004977448275312781,0.06062602465506643,0.05521769925602712,0.028670720607042312,0.04186595401261002,0.016472299182787538,-0.0030191101506352423,0.06554025592165999,0.004411027855239808,1.0,2.0
Samm50,0.3073213002318516,-0.08711179392877966,-0.007902240278199316,-0.009696393702179194,0.002375958077609539,0.0,0.01675189457833767,0.0029112250916659833,0.018674299446865918,-0.037531412430107595,0.0351795462006703,-0.026689462144859136,0.14140875019715168,-0.011915854192338884,0.0754606234934181,-0.04115494901081547,0.015822190856561065,0.023585618832148613,0.016966137569397688,-0.0026813898608088493,-0.12122235077433288,0.0476775780133903,1.0,1.0
Trrap,-0.08274203416891396,-0.11704660741612315,-0.052367484141141174,-0.019715861082077027,0.01468716508243233,0.0,0.01675189457833767,0.0027423649467527866,-0.06903724565170705,-0.019418576918542384,-0.03403091151849367,0.058382518670987336,0.11546736019197851,0.0233848561742343,-0.08611711030360311,-0.037930319007718934,0.0033865417912602425,-0.06566071442561223,0.008739828132092953,-0.00036898091435432433,-0.02924057994619943,0.032619310738518835,1.0,2.0
Grm4,-0.037760334443300965,0.10067212153691799,-0.021475983769632875,-0.059265790698118506,-0.0030908371601253747,0.0,-0.05048490848392248,0.009000218720175326,0.04265850099734962,-0.07066275851801038,0.0020995824388228357,0.028744342867285014,-0.16389361994341015,-0.0496841524541378,0.037418539044447245,-0.05643796580377966,0.01989775076974183,-0.07747092657955364,0.023483754359185694,-0.019709226880222558,-0.0646699432900641,0.04933980906382203,1.0,2.0
Dusp5,0.22404520568205044,0.06717851198744029,-0.004787691244855523,0.1583389955502935,0.00035678753163665534,0.0,0.007799098463729024,0.05037137894891203,0.010220026462338865,0.04293922618497163,0.02085106147453189,0.03072183982934803,-0.21847125982632862,-0.04719892127905041,0.06576995593728498,-0.014033333060797303,-0.011571393264457584,-0.03564042327227071,0.03359184772707522,-0.04137519061565399,0.06043145707342774,-0.03569207409862429,1.0,1.0
6530401F13Rik,0.3548509951727465,0.008858355777338147,0.09073622047901153,-0.010728221796452999,0.0014314566180109979,0.0,-0.004641146464273334,0.007686028243042529,0.011798096988350153,0.052980851028114555,0.0406116925412789,-0.0037243127403780818,-0.10583860964514315,0.05841510317288339,0.05014623258262873,0.0470771229462116,-0.010535092242062092,-0.0008182662213221193,0.01980112595483661,0.0004104276280850172,0.08583304477971979,0.03413316197693348,1.0,1.0
Dgcr6,0.29408600824186576,0.02652789536397904,0.00018262113444507123,0.11550590017577633,-0.0030908371601253747,0.0,0.005604302072897554,-0.036732380148023366,-0.02955395991913974,-0.06406001416966318,0.032301983358338476,0.033358167423866686,-0.0886515828978736,-0.054895607912912966,0.05418154468527064,0.025858992114663124,0.005937353912740946,-0.0921041984274052,0.027518666414543987,0.04651508780196309,-0.046275109560228886,0.056270986227318645,1.0,2.0
Polr2f,0.2658448264631443,-0.024098127000033855,0.009316139579750598,-0.007299028076231479,0.002375958077609539,0.0,0.01706381842494011,0.012107553826645016,0.0074421591917052865,-0.04140237286686897,0.0011905006121378393,0.04746632785536349,0.21321476398967207,-0.013850717274472117,0.1022053144685924,-0.023953279983252286,0.008411891190335155,0.014715558220632374,0.01813506595324725,0.018775904858484863,0.052632026574574414,0.05285690392367542,1.0,1.0
Apobec4,0.16681246004067363,-0.15132057768758386,-0.038329128357581795,0.07979027033783495,0.00035678753163665534,0.0,0.013279493488371373,-0.02653943997807801,-0.017198139103129506,0.09854397016577422,0.0508356950758025,0.04097523501142859,0.051572495023719966,0.04023441443219781,-0.05952234896831214,-0.05552074771956541,0.003585459077730775,0.006627970207482577,0.03433108650613576,-0.0026813898608088493,0.05686461116187275,-0.02247741209343076,1.0,0.0
Gm9925,-0.10034472241532058,-0.08173993924167007,-0.028917265492491424,-0.013872389793395995,0.006680833878926933,0.0,0.012647149451076985,-0.02527608260512352,-0.0264106635004282,-0.022080080127343537,-0.029817024532239885,0.03255003440193832,0.1450811066327151,0.01628436826169491,0.044865957838483156,-0.06405844998313114,0.021496075913310052,0.054023567899130286,-0.017959961551241577,-0.01286463163793087,0.02519607267808169,-0.0850952925439924,1.0,0.0
Cyb5d2,0.28333716937107967,-0.1411088806623593,-0.008161749187856913,-0.017805142337456347,-0.004305680487304926,0.0,0.010958517678081989,-0.01163603515829891,0.0226171001046896,-0.04750726131722331,-0.043989686500281094,0.04201917926780879,0.005033640628680587,0.012232957126107067,-0.005547822159714996,-0.06566495799459517,-0.020698814704082906,0.012228163741528988,0.004302728129550815,-3.126062452793121e-05,0.1060907522123307,0.07076163155026734,1.0,2.0
4932438A13Rik,-0.4288005317701027,0.10732682686299086,-0.020212302207946776,0.08477278836769983,-0.0030908371601253747,0.0,0.007890284769237041,0.005033038649708032,0.01766528040636331,-0.04184225854463875,0.005894891626667231,0.01776265538064763,0.07230459608254022,0.01699299078434706,-0.060525312819518146,-0.13485280635766686,-0.025426940880715846,0.0012954996339976787,0.0035578382527455686,-0.00794033438898623,0.012617149935103954,-0.06898899767547846,1.0,0.0
N4bp2l2,0.018336038645356892,-0.050832254318520426,-0.0718295770091936,-0.014656204311177135,0.006898251855745912,0.0,0.018946927413344382,0.003757594544440508,0.06302315663546323,0.10153939294628798,0.03478301270166412,0.06116683403030038,0.1604236848372966,0.013073114810977131,0.03681009266525507,-0.07377083188970573,0.004082330092787742,0.027261833059601486,0.02181334523484111,0.0004104276280850172,-0.0848486894427333,0.03635936432518065,1.0,1.0
Oprd1,0.15107188852271064,-0.1719521257886663,-0.01595769482664764,-0.0134264947893098,-0.0006042027892544866,0.0,0.018688134737312793,0.0016268161730840802,0.024291885271668433,0.13903654923662542,-0.08438279335387051,0.035779694211669266,-0.032513675182126466,-0.038311828274745496,0.03667452995665371,-0.07428303834050894,-0.011169684641063214,-0.017643790468573572,0.028889333191327752,-3.126062452793121e-05,0.06475677883252501,0.02593255497980863,1.0,2.0
Mrps16,-0.1011392341949977,-0.10321304019074887,-0.009147179462015629,0.0569641291256994,0.0022576448926702143,0.0,0.005768842669203878,-0.016781987086869777,-0.01826648343820125,-0.0021296596666797994,0.020997589642647654,0.019784183502197267,-0.35686440457589924,-0.09043345438549295,0.011249398383079097,-0.036149121215566994,-0.009017203636467457,0.046850133584812284,-0.065073436582461,-0.0034339928906410933,0.06843282441608607,-0.06908562321681529,1.0,0.0
Smad9,0.09732348875026219,-0.10525534918531776,0.06264625159092248,0.021007042936980726,0.0019921535812318326,0.0,0.009832731299102306,0.030216901069507,0.022935043573379516,0.07642864519730211,-0.03616501405602321,0.026914213080890478,0.12758328417316078,-0.05869317569769919,0.07087129247374832,-0.048121631366666404,-0.015584208639338612,-0.017370519866235553,0.01725677584297955,-0.0029346800781786444,0.12201643493026496,0.06287104704417289,1.0,1.0
Focad,-0.38717479280661793,0.18254265853203833,-0.030968316514045,-0.026666462393477558,0.001214038641192019,0.0,-0.04948474679142237,0.005956642022356391,0.038070201110094785,-0.02337737842462957,0.003707325190771371,0.06053958870237693,0.11265692649059929,-0.0017646696022711695,-0.04363994452636689,-0.032949261750327426,0.030844040606170894,-0.01586987018119544,-0.026830879715271296,-0.008117009690031408,-0.03468059184961021,-0.09115073862019926,1.0,0.0
Thrap3,0.14691695204935967,-0.21394780092872678,-0.05249059496447444,0.019252705350518227,0.002375958077609539,0.0,0.01675189457833767,-0.026948487143963574,-0.07319411793723703,-0.03342341578565538,0.02930340952472761,-0.040433061975054446,0.12084776530158706,0.015483553325757383,0.09040751860942692,-0.10476581832510419,0.002225224571302533,0.01094213135074824,0.017224877853877843,-0.0026813898608088493,0.04536994290072471,0.03341772520914674,1.0,2.0
9530059O14Rik,-0.10614633731544018,-0.05635301287751645,-0.035910259089432656,-0.06025429214350879,0.10994324179366231,0.0,-0.055408937539905306,0.010808106455951929,0.02394859477877617,0.024445233587175607,0.07097296462161466,-0.09074889951385558,-0.1518563442840241,-0.002083104909397662,-0.03405566520988941,0.00034312877338379624,0.026187492194585504,0.0072166359401308,0.027225090875290334,-0.009802094832994044,-0.020126585089601575,0.018451521717943252,1.0,0.0
Gltp,0.18103593187406658,0.1555412491876632,0.13337099695345386,-0.04556540400953964,-0.004305680487304926,0.0,-0.016056403629481793,-0.009393362328410149,0.012787817106582224,-0.07872217851690948,-0.028247195661533622,-0.07424128069076687,-0.1880346011603251,0.0011058329371735453,-0.039032445470802486,-0.022116715194424614,-0.0017618566192686557,-0.06866505927639083,0.017702956763096155,0.014400522392243147,0.014434756641276181,0.0699750153068453,1.0,2.0
Zfp579,0.19144584173336626,0.17029073849786072,-0.021787957497872414,0.17447582469321787,0.0014314566180109979,0.0,0.00917449438944459,0.04787324225064367,0.024278500103391706,-0.043198172179982064,0.028842240226222202,-0.07733476960100233,-0.27908414706995244,0.07073913135100156,0.04494731700979173,0.039060079898044935,-0.008156001260504126,0.01471128964331001,0.025116106690838934,0.01654383908957243,0.0071940178668592125,0.08890373308211565,1.0,1.0
Scn1a,-0.3792742014140822,-0.059610256529413166,-0.02352728686761111,-0.014931727210059762,0.0022576448926702143,0.0,-0.0038669336773455142,-0.027240441190078856,0.05660873827058822,-0.0032205329462885856,-0.03025222191819921,-0.09538164116442203,-0.04825804953463376,0.011651147804223001,0.03571127056144178,-0.00047585613705450667,0.0026468166708946226,-0.012874937248416245,-0.06905359314754606,-0.008558697942644357,-0.02462105965008959,0.012284093224443494,1.0,2.0
Gabra4,0.0459489162126556,-0.13930139330681413,-0.04126450663432479,-0.01956468531861901,0.0021706777019426227,0.0,0.01355771854519844,0.009572614673525095,0.03172414744272828,0.05131662334315479,0.032197670929599555,0.06152309988392517,0.10954720583744347,0.01322903167689219,-0.05250141600612551,-0.07029349308577366,0.045279550198465586,0.02844113272149116,-0.1168946433160454,-0.011208827178925275,-0.06631263185292482,-0.08358733306638896,1.0,1.0
Slc35c2,0.17486966545227914,0.1728901889268309,-0.0244957736087963,0.1757811461109668,-0.00477292800322175,0.0,0.006817736262455583,-0.045876942221075294,0.014118136875331401,-0.0952910940721631,-0.04987764803925529,-0.07297709124628454,-0.1020894933049567,-0.007510031634010375,-0.026334343540947883,0.008531515845097601,0.01145386416465044,0.01705514713190496,0.010542277218773962,0.016808852041140198,0.01570914254989475,0.02346471027471125,1.0,1.0
Agk,0.05180546700488776,-0.07566651214845478,0.042096979599446055,-0.01730540349148214,0.006898251855745912,0.0,0.011469989977777005,0.010503414198756217,0.05025493621826172,0.04483561724657193,-0.03479612539289519,0.05556642807787284,0.1327634044736624,0.007178644456434995,0.044944939664565024,-0.08772979186032899,0.01750993225723505,-0.14691540154162794,0.023846124354749917,-0.015514760874211789,-0.12301603643223644,0.04390013602562249,1.0,1.0
Ubxn1,0.019774368198122828,-0.14868047350551933,0.02972313070204109,-0.008237261809408664,0.0014314566180109979,0.0,0.0014938948862254619,0.0068031762866303325,-0.02800556762609631,-0.02036201013252139,0.024667384515050798,0.025153150549158454,-0.4293515044124797,-0.07491828311933205,-0.010899399644695223,-0.009634302789345383,-0.010956136328168213,0.0077984614856541155,0.014622258399613201,0.1447502692975104,0.037720392122864724,0.07061676868237556,1.0,0.0
Apex1,-0.07500943927560001,-0.08654142838437111,-0.03562831261195242,-0.041413937518373134,0.001214038641192019,0.0,0.012388356849551202,-9.405774995684624e-05,0.013238345496356487,-0.031229092041030526,0.03364652526564896,-0.03432885355316102,-0.023875385756837203,0.02785915581509471,0.020756253469735385,-0.00836181199818384,0.02535811398178339,0.052271293927915394,-0.026607111217454075,-0.015514760874211789,0.05449960504192859,-0.0968776620645076,1.0,0.0
Sbno1,0.08582024811301381,0.1931780835846439,-0.018169134939089417,-0.027332774940878154,-0.0030908371601253747,0.0,0.010958517678081989,6.150967441499233e-05,0.04097097827121615,-0.0026333862729370594,-0.025856199654517697,0.024454071552027015,0.049381724071281496,0.006544277169741691,0.06192819293122739,-0.033097945140034425,0.030468014650978148,-0.05118717604316771,0.014836377762258053,0.017561455070972443,0.07373884748085402,0.03832974906079471,2.0,2.0
Man1b1,0.24408050655387342,0.15255559024401008,0.04677105288952589,-0.03276728809578344,-0.0030908371601253747,0.0,0.007411367921158671,-0.011325522656552494,-0.03295278437435627,-0.041058527464047076,-0.004970799513394013,-0.0665125657664612,-0.44185097286477687,-0.0484956392692402,0.05431936541921459,-0.06515833124518394,-0.001523469826206565,0.00946448755916208,0.005073704426176846,0.014400522392243147,0.08401543804444372,0.05351094991900027,2.0,2.0
Etv1,0.07991221213596873,-0.10577720736153423,-0.021120310546830296,-0.010132665913552046,0.002562030078843236,0.0,-0.003927849363535642,0.004860653621144593,0.10686460189055652,-0.0024925955315120516,0.014212707339320332,-0.11337180894799531,-0.11616635197773575,0.01514497993979603,0.03800494484137744,0.07610397196345729,-0.0021013713628053664,0.008658627117983996,-0.09137147611938418,-0.011208827178925275,-0.17825765672139823,-0.06984092402737588,2.0,2.0
Cdh7,-0.42747180751990527,0.09354608708061278,-0.019997573103755713,-0.02103040331043303,0.0009558343747630715,0.0,-0.003495765682309866,0.010477766944095492,0.015974604655057192,0.01135196341201663,-0.005094272734131664,-0.08362464147387072,-0.1059728553914465,0.0036270021786913276,-0.02539227045606822,-0.00652191617526114,0.045279550198465586,-0.013643121868371964,-0.044128149915486574,-0.008117009690031408,-0.054967043858487157,-0.06908114157617092,2.0,2.0
Uhrf1bp1l,-0.014007018995471299,-0.07468314320780337,-0.05138739890418947,-0.06731763411313295,0.0009558343747630715,0.0,0.011009999960660934,-0.021169234281405807,-0.002666081301867962,0.010956138046458364,-0.006009753160178662,-0.09147210794501007,-0.21378275774186478,-0.004154004785232246,-0.03102404691744596,-0.05075045739300549,-0.030720039028674363,0.010000006200280041,-0.04801116477232426,-0.015318863112479448,-0.007842150437645613,-0.0535834345035255,0.0,0.0
Actr1a,0.316642898315331,0.163479924229905,-0.0036161748738959432,-0.03273471334949136,-0.0030908371601253747,0.0,0.012485170178115368,-0.015839757826179267,-0.07729077339172363,-0.009836621964350343,-0.02670660526724532,0.03307565910276025,-0.12969207608723082,0.01654609344433993,0.07354472491424531,-0.01723979306756519,0.012697140690870584,0.017767264805734158,0.009253627168945969,0.017561455070972443,0.0775471605733037,0.04417763262987137,2.0,1.0
Tenm1,-0.4678808936534915,0.07914477697107941,-0.018774107773788275,-0.02030394846107811,0.007492864090017974,0.0,0.000634202640503645,0.005309886303730309,-0.010035718488506973,0.010314854281023144,0.07308729519369081,-0.07854218528373166,-0.057264246279373765,0.0029668526537716387,0.018414510800503193,0.03023986361193238,-0.01793972773477435,0.13973721775691955,-0.053020389811135826,-0.008117009690031408,0.018249322320334615,-0.02377909537870437,2.0,2.0
Rbm25,0.09307803547475486,0.07589593433775008,-0.007972766528837383,-0.014314443608745932,0.002375958077609539,0.0,0.013245794735848904,-0.025298513807356357,0.054732875265181065,-0.0244617523252964,-0.0040359191095922144,0.05351586010307074,0.196522241004277,0.00852236378006637,0.06795119659043848,-0.11680864158231997,0.01267473547719419,0.012452719639986754,0.0010723755601793528,0.0006754405796527863,0.0595791538618505,0.0004849794786423445,2.0,1.0
Sbf1,0.26518204536754636,0.17555019691586493,-0.01703727696556598,0.05220562228467315,-0.002881339192390442,0.0,0.009321258999407292,-0.011618866696953773,-0.10912525678053499,0.002981849075295031,-0.037050166674889626,0.024543221390340476,0.13386899373494088,0.033546165004372595,0.06219067958649248,-0.033875152242253535,-0.01046013165730983,0.02281275078188628,0.030369666223414242,0.017561455070972443,0.03953012277488597,0.0515738416928798,2.0,1.0
Gm3848,0.21684283710550517,-0.11852497392334044,-0.051078781858086585,-0.009413533760234714,0.002562030078843236,0.0,0.004564869729802012,0.0022026541689410804,0.011743915760889649,0.047201786434743556,0.04143953108228743,-0.08481527544558048,-0.06441238441504538,0.0626567540736869,0.037080320273526014,0.074156196830736,-0.0026229454297572374,0.12012900620233267,-0.13144929031841457,-0.0026813898608088493,-0.0914071422314737,0.04922785767354071,0.0,1.0
Usp54,0.004494171068072319,-0.10958368608728052,-0.07465913685504347,-0.021838557617738844,0.0014314566180109979,0.0,0.01675189457833767,-0.02494612812064588,0.015356823168694973,0.019382708529010414,-0.026678816747153177,0.052794429247733206,0.12346652902662754,-0.014187821252271533,-0.05066391044296324,-0.07251757585443556,-0.014690854083746673,0.025489549357444047,0.011217359574511648,-0.00036898091435432433,-0.07719837529934011,0.02782205170020461,2.0,2.0
Shisa9,-0.3475642568222247,-0.07542345873080195,-0.021771951699629425,-0.019379716399125755,-0.019274654081091285,0.0,0.010545507185161113,0.002634546486660838,-0.0027334999619051813,-0.015346458461135627,-0.03100928437197581,-0.1273554431833327,0.11721051872242243,-0.023204995593987407,0.01631402992643416,0.025372747464571146,-0.018512104055844247,-0.10655605221632868,0.02368511676322669,-0.00036898091435432433,-0.0945830910478253,0.029416148224845527,2.0,2.0
1600010M07Rik,-0.29339927023742346,-0.06377915588673204,-0.019836874259635807,-0.015831368016079067,0.006898251855745912,0.0,0.017263366878032683,0.004026201562955975,0.02359611795283854,0.05695395665476099,-0.033461778031196446,0.05868641776265576,0.10240395511616952,-0.022433818457648157,0.060388410119339826,-0.029367125215940176,0.012200186690315605,-0.08145464323461056,0.023011475820094347,-0.0030191101506352423,-0.04999059699825011,0.03648912847042084,0.0,2.0
Dpysl2,-0.008696090024895966,-0.07001897449139506,-0.05598361419513822,-0.06077947332523763,0.019126015827059747,0.0,0.012485170178115368,-0.027166780149564147,0.020334439557045697,-0.01867035007569939,-0.02238601731136441,0.02413913100026548,-0.20840030328603462,-0.05232039881404489,-0.04723223560024053,0.03453342701308429,-0.02255916377529502,0.011656514427158982,0.02162029144819826,-0.0024854920990765093,-0.012698109726188704,0.021216282323002815,2.0,2.0
Acaca,-0.40185500436113214,-0.058153632949106394,-0.008041145112365485,-0.020379246161319316,-0.019274654081091285,0.0,0.01663173470646143,0.0029972762521356345,-0.001688017430715263,-0.011537993722595275,0.016874922553543,-0.0909048717096448,0.12257118809269742,0.016942229266278447,0.02055427965708077,0.042332843558106105,-0.026578085352666675,-0.10655605221632868,0.01148381591308862,-0.0030191101506352423,-0.07904110466712154,0.03361621054820716,2.0,2.0
Copa,0.23827445592265575,0.04356023377738893,0.09955397620331496,-0.007943032095208764,0.002375958077609539,0.0,0.007452417872846126,-0.011490703392773867,-0.0512530729919672,-0.020696664098650217,0.014210117006441578,0.017877140638884157,0.1753972733556293,-0.06859348700381815,0.08719248383771629,-0.045553977903909984,-0.03715453270822763,0.012934903521090746,0.016905870214104654,-0.012157930433750153,0.0643667359452229,-0.07298509882763028,2.0,1.0
Kcnj6,-0.27098354606889186,-0.0516292528854683,-0.030314709674566984,-0.0461929912539199,0.019126015827059747,0.0,-0.04279605036601424,-0.007663642903789878,0.03328665616456419,-0.03547655017580837,-0.03296738438308239,0.015228746114298702,-0.04603471400449052,-0.029756456767208873,-0.03598547885194421,-0.018973434288054706,0.003697229567915201,-0.0028667937475256623,0.009453517994843423,-0.008558697942644357,-0.008898804853670299,0.03445365013554692,0.0,2.0
Hsp90aa1,0.21028525940608234,0.11850860346108676,0.022732243440113962,-0.022341462448239327,0.0014314566180109979,0.0,0.007411367921158671,-0.021684181760065258,-0.021840672953985632,-0.055910016847774385,-0.0294520882202778,-0.07360466357786208,-0.41866014250088485,0.002109256065450609,0.07227549834991805,0.027814146261662245,-0.0027034131810069082,0.012648910810239613,0.030424779164604843,-0.043518507312983276,0.014381998619064688,0.023693407727405427,0.0,1.0
Pde4b,-0.3046868376922794,-0.06943705949466676,-0.03180422005709261,-0.014489728277549147,0.0014314566180109979,0.0,-0.002391763562336564,-0.013339232061989606,0.0620467919902876,-0.013124355906620621,-0.02866337340557948,-0.10769247811287641,-0.08808124588802457,0.009173381212167441,-0.023415184505283834,0.05336340449139243,-0.006783474213443696,-0.1192607607645914,0.0024768543569371106,-0.008558697942644357,-0.07891882840543986,0.025932838646695017,2.0,2.0
Gng3,-0.09692477096337825,0.11901281958911568,0.03711613298393786,-0.00515143877826631,0.0014314566180109979,0.0,0.0073176182899624105,-0.012664623749442399,-0.026139073823578655,-0.052199316890910265,-0.024361835221061483,0.011736120111308992,-0.31942634166684003,0.01784692123066634,0.002380923869786784,0.011121973618865013,-0.00933594461530447,0.020710510318167508,0.01456668343860656,0.014400522392243147,0.06568357313750312,0.02572992194443941,0.0,0.0
Tenm4,-0.32706544701592066,-0.055672831810079516,-0.01512106201145798,-0.015768762775696814,-0.0008651043614372611,0.0,-0.007357759717851877,0.002912846179679036,0.05978991311974823,-0.013307086070999502,0.010296585487667471,-0.10707192931324244,-0.05484574930742383,-0.007891433998011052,-0.028711420949548483,0.03739327848626999,0.002549152974970639,-0.15224650906864554,0.0025099113024771216,-0.011208827178925275,-0.08058146091294476,0.018563934871926903,2.0,2.0
Cwf19l2,0.11139806315070018,0.17249584356904962,0.05171107494737953,0.08458007572218776,0.0004885868588462472,0.0,0.001629618452861905,0.020614531822502613,0.033358560055494306,0.05732331396080553,0.01687193364603445,-0.033338424772955476,-0.05298580484464765,0.046315361901652065,-0.042029832829721274,0.025921547487960196,0.006369884815067053,0.09828755883034318,-0.07879956618882716,0.017296442119404672,0.012184399655088782,0.002800957700237632,2.0,1.0
Rb1,-0.2320304190646857,-0.04617583593353629,-0.03517997175687924,-0.05687047750689089,0.0009558343747630715,0.0,-0.043412997666746375,-0.01193836553953588,0.014076599800027907,0.00643909745849669,-0.018554025068879126,-0.03300497801043093,-0.1357486092695035,-0.012521780556999146,-0.03783382409252226,-0.07418827318586409,-0.024664298947900534,-0.01177451002644375,-0.09345502759795636,-0.008830380677245557,-0.048598003254737704,-0.10125390529632568,0.0,0.0
Phka2,0.045079977334244174,0.028345907307229936,-0.056238317620009186,0.059127058358863,0.006898251855745912,0.0,0.00739141371101141,0.016470108889043333,0.031266937130130824,0.04442917820997536,0.032692422003019604,-0.0661172993388027,0.15510815313551574,0.0257860491797328,0.053694300069473684,0.00023786028265021742,0.028670720607042312,0.03977317117154598,0.009777239095419644,7.270733825862408e-05,0.08243221454671584,0.008548712444026023,2.0,2.0
Xist,0.24630816615652293,-0.22376115812454372,-0.025554291466251017,0.04442745250184089,0.00035678753163665534,0.0,0.0015019334852695466,0.015535232964903117,0.011614904962480068,0.037419055076316,0.04534461808856577,-0.03016957750543952,-0.009609665600582957,0.02783238785341382,0.05892762986477464,0.009050159082689788,0.015508406423032283,0.10144312556367367,0.010336461840197445,-0.0026813898608088493,0.08532516989158466,-0.03778614620212466,2.0,1.0
Btaf1,-0.026962213166989386,0.041687325099483134,-0.01146451300010085,-0.01284835068974644,-0.004305680487304926,0.0,0.005686985105276108,-0.010203954866155981,-0.08996372630354017,-0.0175697805872187,-0.00966340788640082,0.011976562002673745,0.02691131652565673,-0.001219729227013886,-0.14304177101701498,0.009257754333084449,0.0061732642725110054,-0.09530513216974214,0.0023058550944551827,-0.007851996738463641,0.08334013955667614,0.04018994458485395,2.0,2.0
Micu2,0.09187110113794915,-0.07235561962937936,-0.028735794397071003,-0.006186650455929339,0.007767923725768924,0.0,0.01649310190230608,0.0004878804925829172,0.07710249489638954,-0.004150943600106985,0.030732475242111833,0.06076605803333223,0.15459440575912595,0.006323031231295318,0.061269100550562144,0.10657606846187263,0.017214156123809516,-0.16300019606249408,0.022996715549379588,-0.011208827178925275,-0.20418733470141887,0.04090118873864412,2.0,2.0
Galnt18,-0.23583963923621923,0.1231212880043313,0.02000432333443314,-0.05196762994630262,-0.004305680487304926,0.0,-0.018839300256222487,-0.003690534727647901,0.014309675651602446,-0.03055943438783288,0.0055588430818170305,-0.009233971184585243,-0.17155195829691366,-0.03646031353622675,-0.03512857699533924,-0.050225199568085376,0.008194458475336432,-0.04194532837951556,0.0032657946599647402,-0.01761501579079777,-0.01416049594176002,0.014953613141551613,0.0,0.0
Arhgef12,-0.4067695577512495,-0.06364354104269296,-0.0154611393250525,-0.016914857551455498,0.006898251855745912,0.0,0.01649310190230608,0.0019000972341746093,-0.010719071733765304,-0.013451271811500192,-0.028859152349177748,0.0753588499315083,0.1861672519147396,0.022193270896095782,0.043339151022955776,0.07827041393466061,-0.02126833960413933,-0.050330490907654166,0.023161652628332377,-0.00036898091435432433,-0.05821607860387303,0.040727758472785355,2.0,2.0
Sh3bp1,0.26136772488243876,0.18479410000843927,0.08090974198421463,0.1989000043622218,-0.0030908371601253747,0.0,0.006912421695888043,0.04632021632045508,0.019874866735190153,0.015541777648031711,0.012453913111239672,-0.06945754034910351,-0.028557398114353417,0.046620699162594974,0.05284424560144543,0.06969433642429067,0.012633807440288365,0.01813599712215364,0.010339742237702012,0.017296442119404672,0.04673920062836259,0.0719762981776148,2.0,1.0
Bin1,-0.01399829746223986,-0.1268080599559471,-0.049379567520227284,-0.061683765472844244,-0.004305680487304926,0.0,0.011608645245432854,-0.015328702004626393,-0.06714330587070436,-0.029933685176074504,-0.03349508265964687,-0.0690042521012947,-0.20717716838931666,-0.003508877281565219,-0.047171376193873585,-0.09223222371190787,-0.003315047840587795,-0.0106642409786582,0.0172117784852162,-0.015672213714569807,0.016453203074634076,-0.048412023209966716,2.0,0.0
Adamtsl1,-0.36541882767458445,0.04763607027474791,-0.030507477386854588,-0.013035301892086864,0.0014314566180109979,0.0,-0.0022531307581812143,0.006305183665826917,0.05088342376518994,-0.022675581481307744,0.005942034043837339,-0.14279457764700054,-0.07232126993127168,0.009173381212167441,-0.0384026040090248,0.07517856172955362,0.00011182054877281188,-0.027353942934423683,0.005121472738683224,-0.008117009690031408,-0.07583403212251141,0.026834099823608994,2.0,2.0
Hist3h2ba,-0.1574672983121127,-0.1697763275820762,-0.015042041721753776,-0.014086804790422321,0.006898251855745912,0.0,0.013465474359691143,0.01146559883840382,0.015424891049042344,0.1368839252833277,0.04770379527937621,0.038618953181430694,0.13600933650159278,0.030085049858316778,0.04581938364543021,-0.09793174540041946,0.014388740994036198,0.008554662941023708,0.03473475662991404,-0.0026813898608088493,0.003460950036533177,-0.037259059734642504,0.0,0.0
Eif1,-0.2014382618223317,-0.10604529239237309,-0.007806121166795492,-0.016753106471151115,0.00230112848803401,0.0,0.013131996989250183,0.007147956765256822,0.02212760632392019,-0.017155678828712554,0.015000024123582988,0.02469385406933725,-0.333824477205053,-0.04948108343640342,-0.005681633898057044,-0.03486189188435674,-0.02189561625942588,0.049677114770747724,0.016330054919235407,-0.005842322539538145,0.010817235340364278,-0.0005413098470307886,0.0,0.0
Sycp3,0.23652877872344105,-0.05173016027547419,-0.0450256797298789,0.07481471815146506,-0.0030908371601253747,0.0,0.007578360848128796,-0.002786223106086254,-0.02288053885102272,-0.02343867632560432,0.0015677768201567232,0.040224987012334165,0.08032414151588455,0.03637354327365756,-0.172079174076207,-0.17091808532597497,-0.058294786270707846,0.032085610502399504,0.003987153111957013,-0.012157930433750153,0.03872407784452662,-0.08737989783287048,0.0,0.0
Ppp1r14c,-0.0013120462000370025,-0.09689876887015998,-0.03150410494301468,-0.06181535427458584,0.0009558343747630715,0.0,0.013965403288602829,0.04376945208758116,0.013502746932208537,0.06880951278842985,0.030504732839763165,-0.09147210794501007,-0.19002587152877823,-0.02820410631597042,-0.0318409824045375,-0.03229949207510799,0.0438530152104795,0.008345334546174855,-0.07738390272017569,-0.011366280019283295,-0.016675306973047553,-0.06851801778655499,0.0,0.0
Clip2,0.049058294747956095,-0.17750539254397155,0.1556647620163858,-0.05858070698566735,-0.004305680487304926,0.0,-0.014521852321922778,-0.005031792530789971,0.07811865931376814,-0.04010115278884768,-0.02798996481113136,0.009656734419986606,-0.23697417255491018,0.02370438528014347,-0.04782640824094415,0.020274518392980098,9.39653255045414e-07,-0.007517773164436221,0.018832368305884303,-0.003192193303257227,0.007150049825431779,0.009478747500106693,2.0,2.0
Stac,-0.3818964742217213,-0.08133490011561662,-0.014901629916857928,-0.041157345189712945,-0.004305680487304926,0.0,0.01355771854519844,0.002480133632197976,0.016762728788889944,-0.03376281768083572,0.00889828331535682,0.01629148255335167,0.0017507740465225652,0.009895951524376868,-0.0577343971747905,-0.10672340832825285,-0.0047159706708043815,-0.016950025020632892,0.016197417769581078,-0.008823710894212126,0.011820500460453331,-0.09042361186817288,0.0,0.0
Map1lc3a,-0.21825891194166616,-0.1496519666817039,-0.00441460981965065,0.049070460584480315,0.00230112848803401,0.0,0.00870222806930542,0.008057618984021247,0.006063392050564289,0.017558592706918716,0.034609224388841536,-0.026081187794916333,0.0008416640479117632,-0.0985422949353233,0.004340645875781774,0.003564582415856421,-0.00960410812869668,0.009795648716390134,0.029326353445649146,-0.0026813898608088493,0.017092595894355328,-0.008350860290229321,0.0,0.0
Gm6994,0.2597885205037892,-0.13787097303196788,-0.058836686369031665,-0.030811153296381236,0.0014314566180109979,0.0,-0.048686553053557874,0.011060935240238904,0.008948498037643731,0.05619410725310445,-0.01189764532726258,0.04738179652020335,0.07378794566728175,0.011511732321232558,-0.16881454872898757,-0.15249852879554965,-0.028314042799174786,0.005299229444935918,0.023903619181364775,-0.013129644589498638,0.019049405297264458,-0.06574540417641402,0.0,0.0
Shkbp1,0.2716598140401766,-0.21335274380166083,0.001192107917740941,-0.013166395416483283,0.0014314566180109979,0.0,0.010958517678081989,-0.0019752478366717695,-0.023264915836043655,-0.019767695963382723,-0.014033822137862443,0.06225944614969194,-0.10209483320824803,-0.08533190744463354,0.04495058048516512,-0.009658601526170969,-0.0204755802359432,0.02860681120539084,0.029175369646400214,-3.126062452793121e-05,-0.05436043874360621,0.046445198012515905,2.0,2.0
Rit2,-0.37746274098870347,0.07793876315932721,-0.031149468678049744,0.07858539283508435,0.0022576448926702143,0.0,0.03535214774194174,0.002445143205113709,-0.005718925106339157,-0.01890717993490398,0.004593726091552525,-0.09989326689392328,-0.09991046080831438,0.015819375324063002,0.012201066447887569,0.01815295919048367,0.02535133173689246,-0.0715905430028215,-0.04761457121931016,-0.008117009690031408,-0.09255189221468754,-0.07407815617974847,2.0,2.0
Cs,0.20677995840786026,-0.21653698239009828,-0.013816140731796623,-0.034363734154030684,-0.004305680487304926,0.0,0.012485170178115368,-0.02765929642599076,-0.021046701720915734,-0.03683091852813959,-0.05316352684982121,0.03829186405055225,-0.33403192590922115,-0.07116251657949761,-0.058581918743439015,-0.1216854013968259,-0.02165552359074354,0.0034114765003323555,0.016403531967662276,-0.003192193303257227,0.01799965131096542,0.034132890859618785,2.0,2.0
Ly6h,0.2558821272337809,0.18630461188731715,-0.0010413354495540262,0.00801788309821859,-0.006399680669419467,0.0,0.01046542976051569,0.018111746702343227,0.010295622446574271,0.03785978344269097,0.01625585394212976,-0.04413222391624003,0.13764582281466572,-0.02745694599347189,0.034449478320311755,0.007415252558421344,0.00940961005166173,0.03742255141958594,0.03096845857799053,-0.04062258758582175,-0.1034073813026771,0.04490890088491142,0.0,1.0
Sec14l1,0.08876835099887102,0.20865096607943998,-0.012182660242542625,-0.027274055397137998,-0.004305680487304926,0.0,0.013204744830727578,-0.022197455186396837,0.017733253845945,-0.005500187361612916,-0.010694828814594074,-0.04940839824499563,-0.2788287689792924,0.021834393045865,-0.06406392268720083,-0.052004860192537306,0.01617403666023165,0.010422565196640789,0.006736348294652999,0.014400522392243147,0.006119909971021116,0.02085856705904007,0.0,0.0
Adprm,0.295545861168066,0.07033572773449123,0.11601131664589047,-0.010557609191164375,0.002375958077609539,0.0,0.010771570466458798,0.013415688332170248,0.014493554905056953,-0.07937175979837775,0.0012523380073253066,0.03421063235029578,0.17812270081369205,0.028949624011293053,0.07508661135565489,-0.03856512520287651,0.017193135488778353,0.0338421036535874,0.011787883266806602,0.017296442119404672,0.06769037786871195,0.06122693979181349,2.0,1.0
Srgap1,-0.4081222755042836,-0.08087715095840395,-0.05184380908496678,-0.028658617814071478,-0.0005320927314460277,0.0,-0.04948474679142237,0.005956642022356391,-0.04474679575301707,-0.021252355915494264,0.013171871530357749,0.050738929451908915,0.07861355756875127,0.009481284462381154,-0.05498944528400898,-0.02978544680518098,0.016024861838668584,0.008963446575216949,-0.07990100902505219,-0.011208827178925275,-0.04750320280902088,-0.09995550135150552,0.0,0.0
Plp1,0.21045606526080518,0.007994096796028315,-0.0431517798313871,0.07834159801714122,0.006898251855745912,0.0,0.006959330029785633,0.015535232964903117,0.01012826967984438,0.04754572247155011,0.0244121700944379,0.018522734344005583,0.13622072042431682,0.0030927257426083088,0.05892171741928905,-0.06545394788874546,0.016801184490323067,0.04399086246266961,0.01005221789702773,0.0004104276280850172,0.09715326695004478,-0.028834388442337513,2.0,1.0
Hunk,-0.21430240262299777,-0.09220010372810065,0.04217624410055578,0.13346714101266116,0.0029936025105416777,0.0,-0.006047972500091418,-0.011083134459331631,0.013957496867515146,0.09992398752830922,-0.01269492912106216,-0.03306444910354912,-0.1437559798406437,-0.03087666102917865,-0.048332434468902646,-0.06383267707191408,-0.02754041140899062,0.0038606593757867813,0.03318316493183374,-0.00858164885547012,0.006484495126642287,-0.09834589116740972,0.0,0.0
Gm13269,0.34036079282406717,-0.08573015793692321,-0.017223609834909438,-0.0061663894262164835,0.008028825316578149,0.0,0.012327441163361073,0.008265389669686556,0.00881725856103003,-0.0032762655452825127,0.02367634234018624,-0.03808126508258283,0.2009990234160796,-0.02148157460615039,0.09731300733052194,0.03724092053016648,0.004162585027515888,0.05406505343038589,-0.08690199508331715,-0.015514760874211789,0.06538640255341306,-0.03903429594822228,0.0,1.0
Sntb2,-0.0016364706645254047,0.0104788716789335,0.09762566446326673,-0.009398507834412158,-0.019274654081091285,0.0,0.0106997250020504,-0.025175890373066067,0.005030471053905785,-0.003993054423481226,0.013450221412349493,-0.08494766815099865,0.18278210289776325,0.03267565309535712,0.02705524298828095,0.05014760866499273,-0.026799324778839947,0.02819934514351189,0.030208073016256096,-0.008117009690031408,-0.16046608924516476,0.03501946113072336,2.0,2.0
Lrrk2,-0.4029419024346862,-0.04971651334315538,-0.025893452218733726,-0.012406427306123078,0.007767923725768924,0.0,0.016692650355398655,-0.0015766703244298698,-0.0728086188621819,0.02259781556436792,-0.03057613787939772,-0.0010707125905901193,0.14035096898907795,0.020024475062964484,0.04686453786678612,0.05049541966262041,0.008606562144123017,-0.13429685085313395,0.024407467041164636,-0.011208827178925275,-0.03470626131282188,0.028805358884856105,2.0,2.0
Xndc1,0.2916815782804042,0.026953902146779,0.07904227331280708,-0.0032861585356295108,0.006898251855745912,0.0,-0.03935335027985275,0.001181378150358796,-0.07360767372418195,-0.02568478281144053,0.01006617615232244,0.03881920959800482,0.17256024673988576,0.017552205109968782,0.06960061586927623,0.08604875565913972,-0.018011551396921278,-0.03212456883396953,0.02737773830536753,0.017296442119404672,0.0834028126206249,0.07830449131317437,2.0,1.0
Gm15810,0.08562427464872599,-0.12364241575822234,-0.02121080198325217,0.22283740882761777,-0.00046805220190435646,0.0,0.006062140641734004,-0.014482232630252839,0.011592397708445787,-0.03276796891819686,0.03757462038658559,-0.08597192871617153,-0.0859723523480352,-0.05335957003990188,-0.061908879569964485,0.14275074491742998,0.011427015983499586,0.03858865948393941,-0.06125156430527568,-0.0034339928906410933,-0.023212179281981663,-0.0369900289690122,0.0,0.0
Nos1,-0.3912015182315372,-0.07449712553992867,-0.0154611393250525,-0.020045365528203546,-0.019274654081091285,0.0,0.01663173470646143,0.0029972762521356345,-0.010917576658539475,-0.022970711807720364,-0.028859152349177748,-0.0909048717096448,0.12129340399987995,0.01968095952179283,0.03359063485637307,0.0394862647386617,-0.026578085352666675,-0.10813301358837635,0.02923984635155648,-0.00036898091435432433,-0.09059206312173046,0.0352135928440839,2.0,2.0
Maml2,-0.49236231280257925,0.07780886250548065,0.09867466903291643,-0.005744182253256441,0.008028825316578149,0.0,-0.0187368224945385,0.00568133587948978,0.08905668515712023,-0.0002288172789849341,-0.0010686460346914827,0.031247356054373086,0.16545905543956907,0.02299854841316119,0.02056916009867564,0.06786498952278634,-0.00020708274096250534,0.0071185267111286525,-0.04820306722074747,-0.007851996738463641,-0.030141236912459134,-0.05285159229766578,2.0,2.0
Prepl,0.2820306472014636,-0.1303128865780309,-0.021511483546346424,0.11290498315822334,0.00035678753163665534,0.0,0.009012769097462297,-0.036722735334187746,0.01279046330600977,0.11213306094519794,0.01223664965480566,0.036071252233814445,-0.1934983544703573,-0.05755450692493468,0.06125947260763496,-0.026036223750561475,0.0037020676070824267,0.005064759308006614,0.027983598625287414,-0.0007838636543601751,-0.023489669759292155,-0.0032683850638568403,0.0,1.0
Rps6kl1,0.108598936884664,-0.10392097138799727,0.07701415058225393,-0.037503719106316565,0.019126015827059747,0.0,-0.018839300256222487,-0.016396241337060927,0.012298735175281763,-0.03931454140227288,-0.01731939774006605,-0.08289753564400598,-0.24162329608108848,-0.006925201106350869,-0.10545328373555093,0.01390832854900509,0.011899749501608312,-0.001894447817467153,0.009500685990788042,-0.003192193303257227,0.012936110192677007,-0.018753939038142563,2.0,0.0
Mbp,-0.31468077693600205,-0.044520189804024994,-0.03176301106344909,-0.0157999963266775,-0.002881339192390442,0.0,0.01675189457833767,0.0010770237445831298,0.019515596581622958,-0.029792872914113103,-0.02259073292487301,-0.021591397922020406,0.14358024121262133,-0.006176078347489238,0.061119136302731934,-0.05320847215130925,0.01750993225723505,0.0020925973169505594,0.02145282419398427,-0.008558697942644357,0.06201777255744673,0.024104368928819894,2.0,2.0
Mkx,0.027858780765673146,0.07036713238339871,-0.08076871258206665,-0.019487473564222455,0.008028825316578149,0.0,-0.048847423680126664,0.010916036237031222,-0.006384360524825752,0.01304157798178494,0.024083678603637963,0.0664213553443551,0.1967241258872673,0.020949094884563237,0.030677571727428587,0.055505183848727026,-0.008630019519478083,0.03870576190995052,-0.07194515211507678,-0.012422943385317922,-0.14404384142253548,-0.0263656288292259,2.0,1.0
Ralgds,0.15026234984165057,-0.21596996610052885,-0.0344022795278579,-0.01543397685047239,-0.002881339192390442,0.0,-0.06559412609785795,0.0032524805329740046,0.020896205664612352,-0.03795871876645833,-0.011206858402583748,-0.08238053207285702,0.14996386327780784,-0.08954986171331257,0.06577113979961723,-0.052612826875410974,0.0003459098935127258,0.019985846900381146,0.02244295078795403,-3.126062452793121e-05,-0.10311747992411256,0.028164601912721993,2.0,2.0
Hnrnpm,0.19321428711758926,0.0636865338915959,0.037563980761915444,0.04734507060144097,-0.004165506246499718,0.0,0.009321258999407292,-0.004589865170419216,-0.05037060043774545,-0.10285500616766513,0.015107968884985895,-0.011729643824510276,0.12526641877833755,-0.1037821772834286,-0.039212500867433844,-0.04250780259259045,0.008369668275117875,0.023960173383820803,0.02432876024860889,0.017473117420449852,0.04068345223553479,0.018869988257065415,2.0,1.0
Mroh1,0.013725397626403719,-0.079105981499888,0.08436252489220351,-0.005872259587049484,0.007767923725768924,0.0,-0.011531541370786727,-0.0072280129324644804,-0.10594170109368861,0.005813909396529197,-0.07445108668180182,0.03390101979020983,0.1787575147068128,0.029796443795785308,0.06518144205212593,0.02144809658959275,0.00756086137611419,-0.14495440346188843,0.017877526809461416,-0.01286463163793087,0.0971941630949732,-0.01914334169588983,2.0,2.0
Bsn,0.006114714806899429,-0.0902902638912201,-0.051498509988887234,-0.010026703267358243,-0.01901375250890851,0.0,0.01675189457833767,-0.02631374340504408,0.0022184826154261826,0.005696887560188771,-0.025892574196914212,0.051666779241058974,0.14224746069055982,-0.03118526283185929,0.0677337323082611,-0.07157798406668008,-0.0021444431971758605,0.025489549357444047,0.012000064263120294,-0.00036898091435432433,-0.06563769757165573,0.033996541015803815,2.0,2.0
Auts2,-0.2798881486058235,-0.0568260204559192,-0.011651939833536745,-0.03492498811334371,0.0029936025105416777,0.0,0.012284685038030147,0.009429452819749712,0.038532773689366875,0.02727897689677775,-0.031881892282981425,0.054164306968450544,0.02060498179635033,-0.03109218237455934,-0.040264740134589375,0.0070408767205663025,-0.008151366105303169,-0.10917098713340238,0.010676990505307913,-0.011208827178925275,-0.02628085745382123,0.03691923613660038,0.0,2.0
Ctnnal1,0.03808330743107945,-0.07357025009114296,0.07805347901536151,-0.05331814100965857,0.0009558343747630715,0.0,-0.028254422135651113,0.03570920272730291,0.01961981311440468,0.009442632272839546,-0.007209658650681377,0.04948217166122049,-0.10640954524744302,-0.035428233905695376,-0.038266611113213,0.05329949025064707,-0.021379220499657094,0.02438324677525088,-0.11930462286341935,-0.01286463163793087,-0.02653669802006334,0.027975667701102793,2.0,1.0
Sema4d,-0.3842905967659317,-0.0729238157859072,-0.03209053902653977,-0.014447354138828814,-0.019274654081091285,0.0,0.01649310190230608,-0.027156011117622256,-0.07275833503343165,-0.012596715786494316,-0.026500424651894717,-0.057294189799577,0.1753744654264301,0.01495500491000712,0.04273607607930899,0.045143112703226504,0.008385322717949749,-0.04072816405445337,0.029549600589089096,-0.00036898091435432433,0.06572445923346094,0.025829943204298614,2.0,2.0
Pantr1,-0.012201765663921832,-0.10840706372633577,-0.04993359620217234,-0.07029830753803253,0.10676893951836973,0.0,-0.05654692122712732,0.015688330084085465,0.020159006607718764,0.0744724683277309,0.023866279569920153,-0.09630668991943821,-0.1513375588064082,-0.005832641646265984,-0.054359478624537584,-0.07029385804198682,-0.02175188367255032,0.008188169319182634,-0.1185282071819529,-0.011984643572941423,-0.0073870823113247755,-0.09951878302264959,0.0,0.0
Gm14372,0.16091800806112588,0.10797092784661799,0.045962371414061634,0.1616303408006206,0.00035678753163665534,0.0,-0.020120870154350996,0.03682258700020611,-0.0612258487008512,0.06557725888676941,-0.06674592555966229,0.015722699069883675,0.013908073753118515,-0.06537532097660005,0.045917397094890476,0.090648741312325,0.007910709152929485,0.02091632458847016,0.030207059485837816,-0.04062258758582175,-0.02099848278448917,-0.012772103203460575,0.0,1.0
Gapdh,-0.07362685438245535,0.14772105967858806,-0.01472911990713328,0.05438003955408931,-0.00477292800322175,0.0,0.006660785926505923,-0.022245975416153668,0.012485669767484069,-0.0063838120829314,-0.016137118136975916,0.010580874378792942,-0.30894184203236363,-0.03688671453390271,-0.0005272240552585572,-0.03754283682908863,0.01003382820636034,0.008015428986400366,0.00012469255365431307,0.016808852041140198,0.004250005864305422,-0.03718431612011045,0.0,0.0
Neto1,-0.4459533966786694,0.0784311085473746,0.07540769891347736,-0.01999973858706653,0.002562030078843236,0.0,0.0011396392807364465,0.0035894272988662122,-0.0029875933052971957,-0.0024925955315120516,-0.005877185098361224,-0.08411047393456102,-0.05603678645100445,0.014246265213005245,-0.0002065092045813799,0.029361110469035338,-0.028053870284929873,0.10401817827718332,-0.0465570689085871,-0.008117009690031408,-0.060385469913017006,-0.046400746651925145,2.0,2.0
Smc5,0.0831148340785876,-0.14361007133498788,-0.03696466436609626,-0.015379410339519381,0.006898251855745912,0.0,0.015440827570855617,-9.858896955847741e-05,0.05323548695538193,0.10165456444956363,-0.0005923157616052777,0.06469358495669439,0.13869429234298877,-0.006268658374901861,0.05774911750573665,-0.06563793481444008,-0.01874863147735596,0.02718917264137417,0.034679235350340606,-0.01286463163793087,-0.06980276298709213,-0.061904382240027186,2.0,1.0
Ift140,-0.003766475960146636,-0.08147251629270613,-0.025143371424637736,-0.009411247507669031,-0.019274654081091285,0.0,0.01663173470646143,0.009027329050004482,-0.09809426746331155,-0.026411492773331702,-0.01846618755022064,0.07243168510496617,0.18619481582194566,-0.0005412827059626579,0.04637199230492115,0.08106813083635643,0.013916307725012303,-0.09112788694910705,0.029864940154366196,-0.008558697942644357,-0.15987064845045096,0.028572405250743033,2.0,2.0
Marf1,-0.006496481457725167,-0.14518727004993706,-0.022562494240701197,-0.009505907152779401,0.01468716508243233,0.0,0.01625302352011204,-0.03094367398880422,-0.06948721348308026,-0.004483749843202532,0.016276605494786055,0.04820743150776252,0.13947372894734145,-0.057176147028803824,-0.10668377933558076,-0.05272405536845327,0.005993517860770225,0.029652908835560085,0.020829835180193185,-0.0026813898608088493,-0.01686326979077421,0.02686142472550273,2.0,2.0
Kit,-0.00046901942929252985,-0.008294581049121917,-0.05448763412423432,-0.011903953105211258,0.0014314566180109979,0.0,-0.00833935827948153,0.004945083693601191,0.014061525356955826,-0.013635876923799514,0.0035451697162352503,-0.1146374234277755,-0.12063312989659608,0.024226050027646124,0.007793702189810574,0.07879368623107438,-0.028053870284929873,0.013909358759410679,0.008100649686530232,0.00033772028982639315,-0.14891513079055585,0.02413252760656178,2.0,2.0
Rpl41,-0.17254722339566797,-0.08926889908965677,-0.022334050331264736,0.049842288387008014,0.00013936955481767656,0.0,0.0053425659704953435,-0.02275255585089326,-0.01058568412438035,-0.0073196871718391775,-0.027576191406697034,0.01706327778287232,-0.21494837015867232,-0.045924995813984425,0.025793012171052395,-0.01450054686050862,0.005523974397219717,0.045124668646603826,-0.024427393274381756,-0.0007838636543601751,0.05437231900403276,-0.06161445824895054,0.0,0.0
Sptbn2,0.043856835146434604,-0.07817829748615622,-0.03546917090192437,-0.04878753167111426,0.019126015827059747,0.0,-0.04117209000512958,-0.011714423792436719,0.015743495412170887,-0.03024010900175199,-0.012632144866511225,-0.05654537429101765,-0.12265106270788237,-0.03579257583711296,-0.05377889581024647,-0.01784645762294531,0.003452721983194351,-0.035804944052360954,0.010491314237006008,-0.0028388427011668683,-0.032236326311249286,0.029654241977259518,0.0,2.0
Dnm3,-0.4133017252222635,0.055251015671528875,-0.03810244509484619,-0.019460960030555724,0.006898251855745912,0.0,-0.03280334155075252,-0.0013687210623174906,0.005444443565793335,-0.013124355906620621,-0.005851937665138394,0.025597852803766728,0.12390152751468123,0.014424422841984778,0.02480886005796492,0.03964294003177202,0.03164966571610421,-0.1602009443566203,0.006424696864560247,-0.007851996738463641,-0.05775332721183077,-0.05961402945686132,2.0,2.0
Gtf3c2,0.3147887289209757,0.1463617547112517,-0.009243453480303287,0.06669264139840379,-0.004165506246499718,0.0,0.011084460653364658,0.009336156221106649,-0.019563005538657308,-0.0801642093155533,0.019609935727203265,-0.005107858972623944,0.10062360988231375,0.06096297774929553,-0.11736096234293654,-0.07331208681047428,0.009413501191884279,0.02263336342992261,0.02435209944844246,0.017296442119404672,0.020789667665958404,0.09771566861309111,2.0,1.0
Chrd,0.3398883959557861,0.20673428279347716,-0.0071422567265108225,0.008632615217939019,0.007767923725768924,0.0,0.018688134737312793,0.003793719178065658,-0.018854483598843216,0.10336887812474743,0.05945862867170945,-0.011368406466208398,0.18652670395560564,-0.03362025298178196,0.09552878964925185,0.029721756265498698,0.012501128185540437,0.0228799125389196,0.03120491363108158,0.017296442119404672,0.13558604372199626,0.06577115323394538,2.0,1.0
Edil3,-0.3116912098613102,-0.07318282014224678,-0.027721714689396323,-0.017753837015479803,0.005692848833277821,0.0,0.025232702493667603,0.00284352975897491,0.09111505910288542,0.021102299268823118,-0.004694991947617382,-0.11662297189235687,-0.003704114146530628,0.010599889433942735,0.033358122296631335,0.049566730421211104,0.015506376205012202,-0.08770701424684375,-0.051275846962817014,-0.011208827178925275,-0.04367861626669765,-0.0709986220439896,2.0,2.0
Homer2,-0.20842193658929317,0.083107621637173,0.02374027075478807,0.19414110780693591,-0.004305680487304926,0.0,-0.024637866774573924,0.018783085038885473,0.020388555685058235,-0.08258529404178262,0.01363686557393521,-0.0394773596082814,-0.05617051606066525,-0.03047066764906049,-0.030904896068386735,-0.043490103255026044,-0.006639940198510885,-0.04923914113314822,0.021436187122017145,0.0025748434429988267,-0.02156442539882846,0.009855906246230006,0.0,0.0
Esrra,0.2599717015435454,0.15623959065414966,0.029084106883965434,0.053794161200057714,0.0014314566180109979,0.0,0.007969142077490688,-0.013068827781826258,-0.03290924052707851,0.15504788127727806,0.03888166963821277,0.030537949074059725,-0.3492611092887819,0.01076444495934993,0.06364279938745313,-0.022202964168973268,0.006941987774334848,0.008716076952405274,0.01686240048147738,0.016808852041140198,0.05077746794559061,0.05747895588167012,2.0,1.0
Hs3st2,-0.3586289434297942,-0.07715092299971729,-0.0154611393250525,-0.017801133347675205,0.006898251855745912,0.0,0.01663173470646143,0.006389613738283515,-0.010719071733765304,-0.013451271811500192,-0.02205955017590895,-0.08456547102890909,0.15212299569742754,0.016942229266278447,0.048198349620215596,0.044630907143873626,-0.013202358307316898,-0.05161800743546337,0.028419027286581695,-0.00036898091435432433,-0.10497650271863676,0.031627387823536995,2.0,2.0
Prrc2a,0.19394548180047422,0.17962289987364785,-0.013780915200477466,-0.03594775496050715,-0.0030908371601253747,0.0,0.012485170178115368,-0.0160310491733253,-0.019889759803190826,-0.02240436861291528,-0.013265744692180306,-0.07229402349330485,-0.3868353545817081,-0.021539430171251296,0.05465420559514314,-0.03903169147670269,0.006223506168462336,0.012052214103750885,0.006346267671324313,0.014400522392243147,-0.03233761221636087,0.03758516190573573,2.0,0.0
Srrm3,0.01567835743073374,0.1436780413496308,0.012800343679264187,0.21352558489888906,-0.0030908371601253747,0.0,-0.008224703592713923,-0.039569147936999796,-0.0553474351298064,-0.03147339388728142,-0.02910161602194421,-0.012638441883027554,-0.28649430014193056,-0.03369187815580517,0.050430195890367034,0.039251055479981006,-0.0038201187876984477,0.010125211649574339,0.02358700959943235,0.016808852041140198,0.017763430626364426,0.016814907658845187,2.0,2.0
Dnajc6,-0.4376478572213091,0.008482537418603896,0.09481903894804418,-0.013482676204293966,0.007767923725768924,0.0,0.0106997250020504,-0.02760317095555365,-0.011883666007779538,0.008310202872380615,-0.021176626237574964,-0.11031254093162715,0.16060353117994963,-0.0193665753910318,0.0365078398026526,0.052036686644423756,-0.026799324778839947,0.0052688443567603825,0.01717253267765045,-0.007851996738463641,-0.0633135346393101,0.051741238245740534,2.0,2.0
Rps9,-0.04317134584998712,-0.10414335015695542,-0.007587556820362806,-0.010341341681778431,0.00230112848803401,0.0,0.01504147656261921,0.018471740004606545,0.005772254485636949,0.006479512362275273,-0.0030928533687256277,-0.0069857159606181085,-0.2799518130347133,-0.017327095442451538,0.03509589295368642,-0.03366387404967099,-0.023654449693858624,0.0066480431449599565,0.015704042045399547,0.1447502692975104,0.0855246136104688,0.08259250566130504,0.0,0.0
Zdhhc23,0.11557472750078887,0.17017357928911225,-0.009703494654968382,-0.06244037894532085,0.00021661329083144665,0.0,0.0141861068084836,0.044129759008064866,0.008756356532685458,0.03806996346451342,0.01664346766192466,-0.08153633231762797,-0.30529681011801585,-0.04391582290176302,-0.08623148032696917,-0.05353421752108261,-0.012366281021386386,0.004178155972622335,0.011001657960005105,0.014312184741720557,0.034279217943549156,-0.037481899154372514,0.0,0.0
Anxa6,-0.011248554766643793,-0.11787526940461249,-0.03397254167124629,-0.013155878968536854,0.0014314566180109979,0.0,0.0036583458445966243,-0.011021391027607024,0.003493671384640038,-0.010125260530039669,-0.044010709126014264,-0.07053789329715072,-0.008488661858718842,0.01741194732952863,0.013772583017125726,0.042015162486059125,-0.020097653069533407,-0.18448276318609713,0.05910899417009205,-3.126062452793121e-05,-0.17086696914979257,0.020775174470618368,2.0,2.0
Plxna4os3,0.20318775629624725,-0.09200653548818082,-0.019045325024053456,0.17012815166264772,0.00021661329083144665,0.0,0.009374042842537164,0.03880086041986942,0.011179680321365595,0.043781582154333594,0.010838334774598479,0.035530867197085175,0.04482759711099789,-0.052541157712694256,-0.06839366296771913,0.13925755369476975,0.00023502899799495935,0.009950026182923465,0.022097579753026366,0.060866724415682256,-0.014311106554232537,0.03972399890422821,0.0,1.0
Ptpn14,-0.3345316380239092,0.04069649849087,-0.015224395613186061,-0.017703832294791937,0.006898251855745912,0.0,0.011514419950544834,-0.0014922402519732714,-0.022729418012313544,-0.02594271196052432,-0.005851937665138394,0.06445831190794707,0.16293575651478023,-0.0080873223207891,0.021094225612469018,0.03251698103267699,-0.026578085352666675,-0.1972964917914942,0.012030608714558183,0.00033772028982639315,-0.06785511325229891,0.02585464815609157,2.0,2.0
Ugdh,0.32090025677811357,-0.027698107631877064,-0.009455372774973513,0.007105295471847057,0.0021706777019426227,0.0,0.01305884748697281,0.03526689859107137,0.006806926005519926,0.030131393144838512,0.00290302824229002,0.022986740907654166,0.14292182978708298,-0.050633205454796555,-0.10179022182244807,-0.015374196730554103,0.0003459098935127258,0.05278284999076277,-0.08819155529141426,-0.012422943385317922,0.05089285897905938,-0.052722337748855354,2.0,1.0
Nr4a3,0.04429951646365225,0.0052721931505948305,-0.017238773265853526,-0.06765746403485537,0.00021661329083144665,0.0,0.016880010701715947,0.011342807719483972,0.011769097899086773,0.13056021289899944,0.03470885522896424,-0.09559442104306072,-0.24224756000563502,-0.053928809456992896,-0.07024478019215166,-0.10872688637115062,-0.0433804570697248,0.006139231640845537,0.017425661743618547,-0.015407200763002038,0.049670819779857996,-0.10439257814083248,0.0,0.0
Cdk9,0.19053426675498486,0.10865784644149244,0.04677105288952589,0.09911988362902775,0.0014314566180109979,0.0,0.006691793268546462,-0.023920003161765634,-0.023919661897234618,0.010391262881457806,-0.023219740126514808,-0.06494429201353341,-0.41209276486653834,-0.01050325317773968,0.0769232060899958,0.006858301162719726,-0.0027034131810069082,0.008225146383047104,0.013054010150954127,-0.04111017766408622,0.03255533482762985,-0.018230215208604933,2.0,0.0
Atp6v1f,-0.09556731121148915,0.1468838512757793,0.03139065452269278,-0.028812260502018034,0.0019921535812318326,0.0,0.009062466323375701,-0.025173306204378604,0.02768121010158211,0.016661155477631837,0.0027937493985518815,-0.024629382900893688,0.15213540689088403,-0.12303967531304806,0.019124311860650778,0.01893017124850303,0.005907399198040366,0.044079264330212024,0.029866639534011485,0.017561455070972443,0.02987929742783308,0.015137316025793553,0.0,0.0
Trpm7,-4.523497074842453e-05,0.1290062755579129,-0.041309314202517274,-0.01038543889299035,-0.0030908371601253747,0.0,0.01675189457833767,-0.03256457949057221,-0.05617606203071773,-0.03835914088413119,-0.006596968459198251,0.05738707031821832,0.1625533490080852,-0.04895401630550623,-0.08028128726407885,-0.04093989795539528,0.011978947268798947,0.020304126043338328,0.0037697476986795664,-0.007851996738463641,-0.00971218390041031,0.022527307143900544,2.0,2.0
AY036118,-0.1704569999501109,-0.11406507148873062,-0.020583532634191215,-0.014679775731638074,0.006898251855745912,0.0,0.009666523784399033,0.011656890185549855,0.01122475605458021,0.048742071092128754,0.03660678544547409,0.034285785285755994,0.13937780907028355,0.03798232830129564,0.04462492553982884,-0.09463081453344785,0.016801184490323067,0.056210614922456444,0.013685988374054431,-0.0026813898608088493,0.012712038655299693,-0.05790297357365489,0.0,0.0
Fam45a,0.24822135213762522,-0.23706004911335185,-0.04356863461900502,0.05813883159076795,-0.0030908371601253747,0.0,0.011084460653364658,-0.032784938672557475,0.007525444459170103,-0.029629311310127377,-0.01774625710910186,0.011100442190654576,0.08407008652575314,-0.055980049073696136,-0.11039568356238305,-0.04437931601074524,-0.0011425858829170465,0.006702883476391435,0.016706083831377328,-3.126062452793121e-05,0.07265189584810287,0.05311245967634022,2.0,2.0
Fat3,-0.26402657102793453,0.058848435920663175,-0.024623776031658055,-0.06589733079075813,-8.046859875321388e-07,0.0,-0.03909554980695248,-0.0025195854902267454,0.03111664876807481,-0.015174514008685946,0.004261769244913012,-0.030372379147447646,-0.21217077164445072,-0.012905033021233976,-0.023257204471156,-0.10896978091448545,-0.033858389612287286,0.004688840119633823,-0.025118754198774695,-0.008918718327768147,-0.01784940330777317,-0.10125390529632568,0.0,0.0
Cep85,0.04465187261113897,-0.12290289141237735,-0.01893667280673981,-0.007209918517619371,0.006898251855745912,0.0,0.01649310190230608,0.003287138743326068,0.00458050322253257,-0.004236065223813057,-0.03661930956179276,0.07672982018440962,0.23373208660632372,-0.03834339300170541,0.06197242913302034,0.09291631060186774,-0.02126833960413933,0.03737517901696265,0.017330742739140988,-3.126062452793121e-05,-0.04998866952140815,0.029974964195862413,2.0,2.0
Rps26,-0.12241521797608584,-0.09125683307182043,-0.026710447752848268,-0.0026654477417469027,0.006898251855745912,0.0,0.01649310190230608,-0.021337171322666108,-0.040986534068360926,-0.0060912452545017004,-0.09425932176527567,0.046813230358529835,0.20318654831964522,0.035405654963105916,0.03685741270892322,0.10740074132889277,-0.0008285518456250429,0.05707567165605724,0.013534743702039123,-0.00028455084189772607,0.02058106954675168,-0.00379405764862895,0.0,0.0
Adap1,0.041969018336385486,-0.12721678615547716,-0.03390951388515532,-0.04086599359754473,-0.0030908371601253747,0.0,0.012485170178115368,-0.010493217362090945,0.059313481878489255,-0.028081318084150552,-0.021543913474306464,0.025300064762122928,-0.10802338229492307,-0.017237914088182153,0.04463875046931207,-0.043815697878599166,0.014124330119229853,-0.02351027202559635,0.01679361259099096,-3.126062452793121e-05,-0.028475446476368235,0.02419600699096918,2.0,2.0
Lmo3,-0.22991714110365138,0.04746278478298336,-0.026389612713828683,-0.057592547833919525,0.0009558343747630715,0.0,-0.05109148971736431,0.0038098698575049638,0.024834136166609823,0.05613818840589374,-0.016796740263234824,-0.030372379147447646,-0.1833992307446897,-0.03253896452020854,-0.030149173820391298,-0.08466107614338397,-0.04197592100128531,0.004043848433066159,-0.04459034801926464,-0.008918718327768147,-0.0202163429511711,-0.10032222965732217,0.0,0.0
Unc45a,0.2059814014751464,0.15707129070535303,-0.02541534212883562,0.15084121488966049,0.0014314566180109979,0.0,-0.055390636585652825,0.03749172926414758,0.006727813640609383,-0.04844458412379026,0.014273500357521698,-0.07802782100625336,-0.3201671753078699,-0.019762352318502964,0.025187083673663437,0.024084237958304583,0.0011498943343758582,0.012885076287202537,0.024218138651922346,0.01654383908957243,0.025393361006863416,0.011047807605937123,2.0,1.0
Cwc27,-0.4083766135992482,0.06458765815012157,0.06426203665323556,-0.029124758020043374,0.0021706777019426227,0.0,0.007764341793954372,0.007273654015734792,-0.0005912245437502861,0.05419634732417762,0.00931351656327024,-0.05297499659704044,0.10426580816041678,0.009779209666885436,-0.032886445885524154,-0.10225921502453275,-0.0128203852660954,0.05416938400361687,-0.07852196675725281,-0.00794033438898623,-0.03968100740807131,-0.08202333525754511,2.0,0.0
Clpb,-0.3609166620648466,-0.07384915490169078,-0.02405028259381652,-0.012844224330037832,0.006898251855745912,0.0,0.011773212626576424,-0.002012113407254219,-0.05310618006624281,-0.013451271811500192,-0.028859152349177748,0.06363492451608181,0.14097355669597164,0.01982399428496137,0.05275070496834815,0.05713286340556806,-0.00551682832185179,-0.20163765123113989,0.028378151427023112,-0.00036898091435432433,-0.06983820457593538,0.03344977308064699,2.0,2.0
Rpl37a,-0.14059556181076915,-0.011123969187028706,0.0011872486025094986,0.010816385527141393,0.0031227270420640706,0.0,0.005556366611272096,-0.00040798204950988294,-0.026438991976901888,0.03961456697667018,0.022745900209993123,-0.0167174631729722,0.12957975550089032,-0.08465369851561264,0.04509377994108945,0.01176878655795008,-0.045324382707476615,0.04331405465956777,-0.08230635458603501,-0.012422943385317922,0.0943882428703364,-0.09991437475197017,0.0,0.0
Eya3,-0.029770470624789595,0.08166001062374562,-0.02492604423314333,-0.018139887233264745,-0.0030908371601253747,0.0,0.01675189457833767,-0.0007344026118516922,0.03321429327130318,-0.025542762707918883,-0.02396927250199951,0.05627121138153598,0.11451769803301431,0.024875705840531736,-0.0597146182321012,-0.047076595054240895,0.027331484486348926,-0.1748941769055091,0.0008800529129803181,-0.007851996738463641,-0.06856376011506654,0.03075387462042272,2.0,2.0
Lmtk3,0.17987700131256135,0.1777444309531711,0.0056990174925886095,-0.05060240233317018,-0.004305680487304926,0.0,0.006691793268546462,-0.0160310491733253,0.011330287409946323,-0.026275329049676655,-0.037350917200092225,-0.08160763191524893,-0.38030870703049,-0.030582663039676845,-0.00023843939416110516,-0.06441399609670043,-0.0014658899186179041,0.01162511229980737,0.01905940830241889,0.014400522392243147,-0.008553927815519273,0.04826106530614197,2.0,2.0
Rbm3,0.2561628787778318,0.06977083098609001,0.0492981493647676,0.04354915373492986,0.007767923725768924,0.0,0.0051961283758282665,0.01572491127997637,0.011994416848756373,0.0586214957293123,0.015753330069128425,-0.0059593458427116275,0.1702411502087489,-0.03532095680944622,-0.012972080428153277,0.037822513026185334,0.014536686670035125,0.0649580499320291,0.018400280186906457,0.017296442119404672,0.07142346660955809,-0.029471256746910514,2.0,1.0
Ano6,-0.33044871033751405,-0.0628967718873173,-0.019187098424881695,-0.02359109703451395,-0.002881339192390442,0.0,-0.039947776012122634,-0.0015268984623253345,0.04015345173887908,-0.030851295003667473,0.01667914360994473,0.05822035612538457,0.11811131384922191,0.022715198074001818,0.040973519473336634,-0.04469703905546339,-0.00551682832185179,-0.10855017381021753,0.022035835082642733,-0.0030191101506352423,-0.07012736831442452,0.031973798824474216,2.0,2.0
Actr2,0.09388742345385254,0.08110451567918062,0.06879073300398886,0.25625620116479697,-0.004305680487304926,0.0,-0.0160212722979486,0.02989646576344967,0.023685643267817795,-0.04225799050182104,0.022382288125809283,0.009059891058132052,-0.09668572657741606,-0.08928894674638287,-0.06329084356082604,0.0833834989881143,-0.035219581816345456,0.008468047855421901,-0.007047580098733306,-0.013175546415150166,0.03357662384747528,-0.08859891633037478,0.0,1.0
Lrrtm4,-0.4522881494660396,0.08186125966720283,0.09595234301406891,-0.020367530835792423,0.002562030078843236,0.0,0.039810863661114124,0.0024493542639538648,-0.012018647608347238,0.022145905655343086,-0.01851265790639445,-0.07642595713026822,-0.06562209603376687,0.009937537494115531,0.01632301975507289,0.016743639891210478,-0.037226048558950425,-0.07979212314123288,-0.05336470347829163,-0.008117009690031408,-0.09084576458786614,-0.04721678910311312,2.0,2.0
Syt14,-0.32682295532897115,-0.14923536635935306,0.026554544558748602,-0.0329542500898242,-0.004305680487304926,0.0,0.005815268284641207,-0.021711360290646554,-0.07225247452035546,-0.04225327054038644,-0.009005582612007856,0.014443885604850947,-0.10012853929307312,-0.006840601931326091,-0.015790368146263063,-0.09213640340138227,0.0008407110953703523,0.0016397239337675273,0.016949899052269755,-0.008205347340553998,-0.009610024453140796,-0.002228597062639892,0.0,0.0
Gm5441,-0.006458340804092586,-0.09251158446539193,-0.06841959742829204,-0.024177335761487485,-0.0030908371601253747,0.0,-0.06559412609785795,0.003143149819225073,-0.08900701728649438,-0.027154807783663273,-0.02141384862945415,0.05805083245737478,0.1200234641879797,0.007928901652339846,-0.1000835909275338,-0.06982738803257234,0.01750993225723505,0.020195408570580185,0.01720995279029012,-0.008558697942644357,-0.013728426238521933,0.031110117314383387,0.0,2.0
Cdc7,0.25280030713882296,-0.0205490115378052,0.011010966364992783,-0.01492125182878226,0.00021661329083144665,0.0,0.014680203013122083,-0.01750599282793701,0.012805527672171593,0.06608551589772105,-0.034850178845226766,0.04342619701521471,-0.09421529135666788,-0.06269856036175042,-0.07447057939600199,0.0258732183650136,0.008301010294817389,0.010868130077142268,0.03371837054844946,0.020607133181765675,-0.011906682723201811,0.04457375125028193,2.0,2.0
Wasl,0.06845995027571916,0.04700827648921404,-0.03488897019065917,0.21238087066914887,0.005168326287530362,0.0,0.0053425659704953435,-0.036891595479100946,0.016835031230002642,-0.004463539561256767,0.013674967912957072,-0.0578035074705258,-0.0914176609867718,0.04551887322217226,-0.03283532632049173,-0.023411898032645696,0.02159809451550245,-0.0060685261990875,-0.04192695129662752,-0.012157930433750153,-0.011237519662827253,-0.09134067522827535,0.0,0.0
Mccc1,0.17450484278146178,0.1165280644595623,0.13771097495686263,-0.008870522510260343,0.006680833878926933,0.0,0.0068537725880742075,-0.025467373952269553,0.033102783225476745,-0.004762051766738296,-0.026406865572789685,-0.029939848829526453,0.17633784816833212,0.024875862039625645,0.05784490920603275,0.028299580881139264,0.022191864121705294,0.02285788327921182,-0.029632139331661166,-0.012157930433750153,0.08266815068200231,-0.08367835883051157,2.0,1.0
Myo5a,-0.3265902680298314,-0.0011002828367054462,0.1456873337831348,-0.018687570043839516,0.0014314566180109979,0.0,-0.011673577767796815,-0.013653115495108068,0.019396484838798644,0.0350330132804811,-0.01690574482665397,0.05230031470535323,0.10056779024424031,0.014951271628960967,-0.027580153313465416,-0.010388615834526717,0.010614637807011605,-0.09256570521043614,0.015195172037929297,-0.007851996738463641,-0.0498470907099545,0.04676134622190148,2.0,2.0
Rpl27a,0.010798291834071279,0.12857686763396486,-0.037012234795838594,0.08266854126239195,0.002375958077609539,0.0,0.01082566797733307,0.004389491416513919,0.012616770714521408,-0.10008751888759435,0.0031992292357608675,0.0248484536469914,0.14099711467511952,0.08484626905061304,0.01929012846201658,-0.09416626194200944,0.013299679700285196,0.058322589304298164,0.02508789349347353,0.017561455070972443,-0.029908996938029304,0.035921977059915663,0.0,0.0
Lrrc4,-0.456800316600129,0.035515096285380424,-0.027531814547255635,-0.04275677083991468,0.019126015827059747,0.0,-0.04739579865708947,-0.0027008815761655567,-0.07225247452035546,-0.024693427975289523,0.007410750414710492,0.023018601913936437,-0.08556874042609706,-0.008776353648863732,-0.002247831714339554,0.0273865602677688,0.02281984966248274,-0.0005265636672265828,-0.0008720308309420943,-0.008117009690031408,-0.03005680622532964,-0.08921647022943943,0.0,2.0
Pou3f1,0.015678764258045704,0.21036068495246582,-0.0177155957557261,-0.018254601806402208,-0.00018069976475089787,0.0,0.012328220009803771,-0.011062741074711084,0.02327926748432219,0.12118485165759921,0.024053924882318823,-0.021733533941442146,-0.21369322361773813,0.024371200962923466,-0.03704262518207543,0.013312087696976959,0.0020696970960125327,0.04470413944683969,-0.12596891961526124,-0.043518507312983276,-0.012497798471013084,-0.03765801480738446,0.0,0.0
Skap2,-0.3426675803377293,-0.041224419223144654,-0.024724303162656724,-0.009528539143502712,0.01576890508644283,0.0,0.01649310190230608,-0.0017996764555573462,0.07224507123231888,-0.020762303303927185,-0.026500424651894717,0.07473830113187432,0.15915079320780934,0.021009161316324024,0.047293776888400314,0.12643592349108077,-0.012886894503608345,-0.0153959620045498,0.030167197156697512,-0.008558697942644357,-0.03185659668408334,0.018239842159673572,2.0,2.0
Ncaph2,0.2619608574616723,-0.16426678760908545,-0.04027192532084882,-0.0004056102130562067,0.006898251855745912,0.0,0.0106997250020504,-0.025768969608470797,-0.01968911281786859,-0.013662807513028383,-0.024601918106200174,0.023312801984138785,0.21587298875674604,-0.07085098105482757,0.08196950476616621,0.062440393855795265,0.006697581317275762,0.014321780330501497,0.029135008882731198,0.025031525045633315,0.05160495584830642,0.03697445048950612,2.0,2.0
Pnpla6,0.13215338009409605,0.15773206240264698,-0.018282077498733996,0.0576647113612853,0.006898251855745912,0.0,0.01082566797733307,-0.0260659930575639,-0.09209644553251564,0.012254970874637365,-0.09379102893639356,-0.0281074908724986,0.16852294290438294,0.010286739314906299,0.06508305170806125,0.054182712761103174,0.006423934707418084,0.03405068094609305,0.023990792483091355,0.017561455070972443,0.08744650685694069,-0.018224605722352863,2.0,1.0
Tle1,-0.024385794484987854,0.06934096479322761,-0.02948121295310557,-0.05848925159778446,0.07250555778387933,0.0,-0.05734511500224471,0.0350339175760746,0.020031959977932275,0.013729932892601937,0.0023004845180548726,-0.09664476623293013,-0.20022849779110402,0.00044597638538107276,-0.05380873607937246,-0.06401658145245165,-0.02175188367255032,0.016172578022815288,-0.03733698566909879,-0.011101267067715526,0.008039023964665831,-0.04681523051345721,0.0,0.0
Fbxl5,0.06544444828294217,-0.09149810585193335,-0.02553234724327922,-0.02677692173048854,0.0009558343747630715,0.0,-0.05132115002721548,0.029300325717777014,0.05403615810442716,0.01320826131850481,0.015696228637825698,0.02377448105253279,0.030695499314460903,-0.014304483653977513,-0.1293372691096738,0.0030156901362352073,-0.03381504574790597,0.019785441127605736,-0.03569452434312552,-0.015514760874211789,0.0748938282392919,-0.06101338567212224,0.0,0.0
Gm28376,-0.41489296190906316,0.10706584610044956,-0.029468875229358673,-0.020308723067864777,0.019587952797301113,0.0,-0.0036081410385668277,-0.0280395395681262,-0.06335346818901598,-0.005753573519177735,0.003707325190771371,-0.08859207323519513,-0.10504087656037882,0.008274244773201645,-0.024538502995856106,-0.011439276888268068,0.024807054959237577,-0.03950149560347199,-0.048717383188195525,-0.008117009690031408,-0.05784456899622455,-0.07544763708952815,0.0,2.0
Rpl27,-0.13882215649355203,-0.12502948589622975,-0.017537188455462455,-0.019239400764927268,-0.004305680487304926,0.0,0.012485170178115368,-0.020016871918924154,0.010837838798761368,-0.022627487992867828,-0.04260042305104435,0.02539492065552622,-0.3293006156105548,-0.07336064607137814,-0.014130146387033164,-0.12858974776230753,-0.012349628075025976,0.006616764338687063,0.00027045804541558026,-0.003192193303257227,0.011438338826410472,0.027593091912567615,0.0,0.0
Kif5a,0.19035338006913663,0.2176401268900372,0.043540813291911035,0.09351528241066262,-0.0030908371601253747,0.0,0.0050545345898717646,-0.036053593070246276,0.018926089368760585,0.0074600656703114505,-0.08424101618351415,-0.03390011989045888,-0.20860011475975626,0.07376979556400329,0.04355264810845256,-0.10855837343697203,0.0011498943343758582,0.01946280707605183,0.007829306004568935,0.016808852041140198,0.023185887472936883,0.0508083728607744,2.0,2.0
Sox5,-0.3385773155244533,-0.04022595300804824,-0.017304308949969708,-0.016350774662569165,-0.022405472761020066,0.0,0.015833540931344033,0.002912846179679036,0.09221613005269319,-0.01465689496602863,0.009805253355298192,-0.09152542050927877,0.12435141113819555,0.01668126560281962,0.04041769724339247,0.055207017075445036,0.0028680560970678927,-0.08534808723488822,-0.04270092542748898,-0.011208827178925275,-0.043800892528379334,0.030952705442905425,2.0,2.0
Golga5,0.150737806619145,-0.09052889848593622,-0.024161452697589993,0.055633240295574066,0.007724440130405128,0.0,0.006720922961831093,0.002123383367434144,-0.017861320329830052,-0.019748724373057483,-0.046740432364167646,0.04004921224201098,0.184793958759401,0.0549902406334877,0.08393850934691727,0.08950702058471506,0.024866886297240855,0.059112498136237264,-0.10704904662445187,-0.01286463163793087,0.039014494488947095,-0.08885797028429807,2.0,1.0
Glra2,-0.30682525710901243,-0.07878341807518155,-0.03261546482797712,-0.025386985507793725,0.021424058228731155,0.0,0.012759524770081044,0.01219822594895959,0.0011376112326979637,0.013656125329434872,0.06979315135860815,0.02444233250338584,0.0701745933946222,0.011105491453781724,-0.08450279996730387,-0.05852839545463212,0.013958673039451242,0.09566885272972286,-0.07779033175203949,-0.008823710894212126,-0.01243446871638298,-0.042481938321143387,0.0,0.0
Meis2,-0.34560013573733156,-0.05325827751774341,-0.016989451511763037,-0.016400549509562552,-0.003995923041366041,0.0,-0.003927849363535642,0.006305183665826917,0.04474452785216272,-0.014810336311347783,0.008043242732528598,-0.07963985873386265,-0.03796240920899436,0.008770413952879608,-0.014837941345758736,0.049005963725212494,0.012431237231940031,-0.0403379106009379,-0.11006657576188444,-0.011208827178925275,-0.10089537958381697,-0.08087072004098445,2.0,2.0
Bex2,-0.10163417431525885,0.12964084522565827,-0.007177360607311129,-0.016673225581180305,0.002861825451254845,0.0,0.0035670063272118567,0.012218523547053337,0.011571941492147743,0.05696344724856317,0.03009944742778316,0.020807783976197244,0.14890993502922356,0.0755826516635716,0.014871691279113293,0.03903693010972347,0.013149014730006457,0.06622923926915973,0.018344572558999062,0.017296442119404672,0.02427102542249486,-0.06416948582045734,0.0,0.0
Atxn7l3b,-0.17349185725906863,-0.12517416172195225,-0.007806121166795492,-0.022339369701221586,0.002562030078843236,0.0,0.006631297152489423,0.01007222609128803,0.010599615387618541,0.009960643625818192,0.03407391377026215,0.027637162245810032,-0.41337742609903216,-0.08844877028139309,-0.032147135636769235,-0.0589844603696838,0.00146863529458642,0.04884694684296846,-0.10862081568222492,-0.018675693552941085,-0.0064322016132064164,-0.0381659911153838,0.0,0.0
Pik3cb,0.010648235122207552,-0.0723651066282764,-0.036155788609758016,-0.01069508070126176,0.006898251855745912,0.0,0.01649310190230608,0.003880217978730798,0.0020511790784075857,-0.029659993390087038,-0.015646840466652066,-0.054991384567692876,0.1538159669120796,-0.000607613236643374,0.036557817314751447,0.07278763084992533,-0.02126833960413933,-0.1241028969688341,0.023065039049834014,-0.008558697942644357,-0.22812985173542985,0.022325202403590084,2.0,2.0
Ldlr,0.23549230041448027,0.12507175892125816,-0.030610513868741692,-0.002278028018772602,0.006898251855745912,0.0,0.0106997250020504,-0.007606891067698598,-0.06640767344273626,-0.01741613988764584,-0.004496806585229933,-0.029249199340119957,0.12374142362270504,-0.04524666351033375,0.05472219007089734,0.045617443951778115,-0.00048684959765523674,-0.2024281547497958,0.036794646042399105,0.017561455070972443,-0.14209877810440957,0.0319190355297178,2.0,2.0
Capn15,0.30600079346913844,0.19970637712627648,0.028353149932809175,-0.009684193651191891,0.0014314566180109979,0.0,0.010543948151171207,0.006192270671017468,-0.02447636101860553,0.028809874691069125,-0.03129056242876686,0.031538597671315075,-0.15557320383843035,-0.011323717809282242,0.0480247780540958,0.04425058118067682,0.0013634426472708583,0.016599302398972213,0.025110899503342807,-0.040357574634253976,0.014439221143256874,-0.018004913888871668,2.0,1.0
Bod1l,0.06832920156419277,-0.1097800687327981,-0.0456215107627213,-0.01900827668607235,0.0014314566180109979,0.0,0.016564947366714478,0.009657044745981693,0.05408177214674652,0.011411254091653973,0.014704545319546014,0.05737580008339137,0.10160771187394857,0.021940457553137095,-0.09922749205958098,-0.09020638540503569,0.018205720558762552,-0.06509747563395649,0.02095267193391919,-0.015514760874211789,-0.0260232266318053,0.0379204701539129,2.0,1.0
Ptpre,-0.29117827255045997,-0.10014275912428275,-0.02465668597724289,-0.015079553411342204,0.00230112848803401,0.0,-0.0001967307273298502,-0.0027828034432604907,0.033779664551839235,0.09225948810577393,-0.005022493454162031,-0.1276447775401175,-0.15454366886522622,-0.0036050212802365422,-0.022643594266846777,0.03549738714238629,-0.008098810175433756,-0.07319246157770977,0.015482310871593654,-0.00036898091435432433,-0.09774210519273765,0.017711409516632557,2.0,2.0
Ubr1,-0.3345752233685926,-0.008570351684466005,-0.028290143730118872,-0.019830574709922076,-0.0030908371601253747,0.0,0.013245794735848904,-0.0280395395681262,0.01661777287721634,-0.026943063344806433,-0.01543850650661625,0.05129225176526234,0.0952184991282411,0.010188709173817187,-0.09032844419125467,-0.05181411818251945,0.02711024506948888,0.016977793234400452,0.01720995279029012,-0.007851996738463641,-0.016271454943343998,0.00024513473734259604,2.0,2.0
Ncam1,-0.3924422454147134,-0.05864981597289443,-0.024384225844405593,-0.01987541182897985,0.010302109848707915,0.0,-0.002391763562336564,1.556510105729103e-06,-0.010917576658539475,-0.022970711807720364,0.016874922553543,-0.13265408867970108,-0.0805049079284072,0.01968095952179283,0.024218463134020568,0.042302734020340724,-0.026578085352666675,-0.12178981652949006,0.003744917241856456,-0.011208827178925275,-0.07904110466712154,0.02894741336815059,2.0,2.0
Rnf216,-0.2797969336505048,-0.07568191690836101,-0.0154611393250525,-0.014447354138828814,-0.019274654081091285,0.0,0.01649310190230608,-0.013254801989533008,0.07276247919071466,-0.012596715786494316,-0.02866337340557948,0.04882978843525052,0.1505428108246997,-0.0080873223207891,0.039699635691940786,0.06794225464109331,0.007339916252531112,-0.18634874059353024,0.016472771358676256,-0.00036898091435432433,-0.10011146539007314,0.02697502295486629,2.0,2.0
Kitl,0.018401490709511564,-0.0989201517868787,-0.011516678594052792,-0.011292121708393096,0.008028825316578149,0.0,0.012626763880252839,0.008180959597229958,0.0036673718551173805,0.023594849712681026,0.0011695531965233387,-0.06756504408083856,0.1782310645794496,-0.028459628862328827,0.06229438462294638,0.021607847596751526,-0.000564038222655654,0.023070283085107803,-0.09409553646109999,-0.011208827178925275,-0.1426581497117877,-0.08121195958927274,2.0,2.0
Fbln2,0.07061578343622386,0.09713453299598768,-0.029944846848957242,-0.016971116627100855,0.0019921535812318326,0.0,0.01082566797733307,0.0019524544943124056,-0.0996835866663605,-0.07151628227671608,0.0003301481995731592,0.018343277892563493,0.16290009344462306,-0.0744337207917124,0.06841295765712857,0.0438983216881752,0.013532379474490881,-0.03237455090507865,0.03302978257648647,0.017561455070972443,0.0505088895407971,0.05473891966976226,2.0,2.0
Atp1b1,0.20071243696380406,-0.20180698855780066,-0.016854263665154575,0.08713739464990794,0.003532960037700832,0.0,0.0006407182570546865,-0.002563165216706693,0.007094679200090468,-0.03202050391584635,-0.006772039664210752,-0.06325683294562623,-0.048734033815562725,0.03520673346007243,0.05148146838881076,-0.03776833973970497,0.0015997565910220147,0.11129136969801039,-0.08187757575884462,-0.01286463163793087,-0.05355812218971551,-0.06232405704911798,0.0,0.0
Ggnbp2,0.14154288817197083,0.13381093778065406,-0.030704919970594345,-0.04047807115130127,0.0014314566180109979,0.0,0.011109774187207221,-0.009795345580205322,0.02740857781842351,0.03978776182048023,-0.018711732565425337,0.01826062298612669,-0.11621747111086733,-0.004667140687815845,0.05076183940749615,-0.02355626561678946,0.014021479380317033,0.0324434050405398,-0.014545975900255144,0.017296442119404672,0.023966495319036767,-0.030287479921244084,2.0,1.0
Cbx7,-0.0013189521944150329,-0.11050509648863226,-0.03497690706048161,-0.021086801122874022,-0.01901375250890851,0.0,0.016564947366714478,0.009708061758428812,0.02179946169257164,0.032333703469485046,0.03404006292345002,0.059152615286875515,0.09991584676434286,8.768494240939618e-05,0.0532603396801278,-0.06166992987506092,0.027331484486348926,-0.15765451413812115,0.03217218244448304,-0.0026813898608088493,-0.12937692362233066,0.028728660978376865,2.0,2.0
Slc6a7,0.35720829190686343,0.18943570010364055,-0.008202255885116756,-0.0014919828996062278,0.006898251855745912,0.0,0.01649310190230608,0.003793719178065658,-0.012918639285489917,0.0359734852053225,-0.03062079055700451,-0.011368406466208398,0.21690437845885754,-0.025502090961672365,0.08364604543661698,0.05852085140068084,0.005868596751242876,0.026084442196879536,0.02560849167406559,0.017561455070972443,0.06406712586991489,0.03383267976343632,2.0,1.0
Rasl11b,-0.06536901390179992,0.014422723772004247,0.0010742811392992736,0.1352197625953704,-0.0005544977402314544,0.0,0.009017544146627188,0.021608643336221575,0.012688884083181619,0.052353967363014814,0.03735134944319725,-0.0006028016074560583,-0.20063436712138355,-0.02262342904927209,0.03186083829496056,0.11759165307506919,0.014125084206461906,0.013918751734308898,-0.07708895049989223,-0.013175546415150166,0.06668413335457445,-0.06443645250517875,0.0,0.0
Dancr,-0.12048486897721887,-0.10483934436924755,-0.0113123335596174,-0.013739219652488827,0.0021706777019426227,0.0,0.011608645245432854,-0.009841137118637561,0.02309122819453478,0.055946773048490286,0.03936735034920275,0.01058594707865268,-0.08631450056564063,-0.02396740692202002,0.03134590913075954,0.07630352718289941,0.034457189608365295,0.049549954985268416,-0.07780603233259172,-0.015514760874211789,0.05939827137393877,-0.04496219773311168,0.0,0.0
Serac1,0.20974740050616675,-0.0763823271682486,0.06305474660359323,0.007993943905457854,0.007767923725768924,0.0,0.010339486785233021,0.011708744168281555,0.022430111267603935,0.02873911284841597,0.04089573426404968,0.07438473063055426,0.22012074740603566,0.09128547530854121,0.03033288462087512,0.11691589855327038,0.0003459098935127258,0.03737517901696265,0.031017208974808454,-0.0026813898608088493,-0.03585985476966016,0.07072486964054406,2.0,1.0
Rngtt,-0.4221248994162306,-0.09374122332315891,-0.020074018584564327,-0.024901984222233296,0.0021706777019426227,0.0,-0.0026975719071924685,0.007696838742122054,-0.0005912245437502861,0.05419634732417762,0.02122230421984568,-0.04302718263817951,-0.1024612577573862,0.0036436478653922677,0.04287940772715956,-0.00638175385654904,-0.0172978300601244,-0.013526258021593095,-0.12440599859692156,-0.011208827178925275,-0.07775195388821884,-0.06675455739255995,2.0,2.0
Rab40c,0.093612139984034,0.22627999285236,0.035635368741350246,0.06214072941336781,0.00035678753163665534,0.0,0.0050545345898717646,-0.04656074984464795,-0.018590510436333717,0.01664011417189613,-0.021632811792660505,0.02429699540603906,-0.18845314782578498,-0.049430344230495395,0.038478203709237276,-0.021320978977018967,-0.008070603981614112,0.02369637249503285,0.012560883807018398,0.016808852041140198,-0.039171042698435486,0.024079287289641798,2.0,2.0
Rasgrp1,-0.03598505325149745,0.032091527287848295,-0.04304124138318002,0.05016584614291787,-8.046859875321388e-07,0.0,0.011729574725031854,-0.027335640294477343,-0.07516499629244208,-0.008263650387525558,-0.0259709317330271,-0.06742199835833163,-0.2341767646849621,-0.04544726797612384,-0.07515858690370805,-0.05625596113037318,0.013479031100869178,0.018648541523143648,-0.026776840589009226,-0.015318863112479448,-0.001165919261984527,-0.06491879210341722,0.0,0.0
R3hdm4,0.15061854988336562,-0.15415836802683772,0.17802679606713354,-0.05781796566210687,-0.004305680487304926,0.0,0.009768126122653485,0.022178295673802494,0.010000287089496851,-0.041401950735598804,-0.026259266911074518,-0.08479879143415019,-0.2771555200312287,0.008553658814635127,-0.051147536979988216,0.05056525363586843,0.00023502899799495935,0.04033518958371132,0.005152440234087408,-0.003192193303257227,0.01495698224636726,-0.002480350052937865,2.0,0.0
Klf9,0.21386906928848476,0.08350719622336328,0.09807115309871733,-0.04351936961524189,-8.046859875321388e-07,0.0,0.008292955877259374,0.011342807719483972,0.007863084473647176,-0.02256861106492579,-0.06030973445624113,-0.08399794212309644,-0.23369844677858054,0.04626673837890848,-0.09924173942999914,-0.08633998088771477,-0.022079917378723623,0.026748944339342415,-0.013109621908515692,-0.015318863112479448,0.057586042284965513,-0.055837247096933426,0.0,0.0
Robo1,-0.38079421141301284,-0.060325175258331004,-0.016422150093130767,-0.01304804160259664,0.008028825316578149,0.0,0.012327441163361073,0.0077561027277261016,0.05520612170919776,-0.0024925955315120516,0.003819742540363222,0.03529942652210593,0.1558255613106303,0.0098898308374919,0.04881056296173483,0.09092677810200257,0.026554627697914838,0.0064251626981422305,-0.08458025735802949,-0.011208827178925275,-0.06737488640472293,-0.08857085979543626,0.0,2.0
Rab27a,0.04795392214669846,0.050799759798683224,-0.008501205602660775,-0.00420174203813076,0.012290217643603683,0.0,0.0161328636482358,0.01426035726442933,0.02159099612850696,0.01770633370615542,0.022101250991690902,-0.11624359519220889,0.1857083435729146,-0.07233174663502723,0.02064771546982229,0.057230364800198004,0.028670720607042312,-0.036837779805064204,0.01740294547751546,-0.012422943385317922,-0.11960296550882049,0.022809056863188744,2.0,2.0
Fgfr1,-0.015872591650113465,-0.15974839756730944,0.025230794241651894,-0.024749495536088944,0.019126015827059747,0.0,0.007411367921158671,-0.027166780149564147,0.025229881834238767,-0.02248770940583199,-0.030211180644109846,-0.09799933769740164,-0.2522723247855902,-0.03333967451239005,-0.07469281844911166,-0.06786475692410023,0.019219021182507276,-0.003498817468062043,0.005487217493355274,-0.0028388427011668683,0.03090889483690262,0.02105248891748488,0.0,2.0
Prtg,-0.294717931766063,-0.054851705036126075,-0.017304308949969708,-0.019924152051098643,-0.02275334152393043,0.0,0.01115418180823326,0.005320222033187747,-0.010035718488506973,0.010864329459145665,0.07965654786908999,0.045673040430992844,0.14337631679605692,-0.0063962652254849674,0.03438935937825591,0.026525007314048707,-0.026578085352666675,-0.25135657624341545,0.02521512797102332,-0.011208827178925275,-0.11166242384468206,0.025540997684001924,2.0,2.0
Wipf3,-0.016005771607160567,-0.05231833628378808,-0.03516562785953283,0.20481058094650506,0.0010808685095980764,0.0,0.006062140641734004,-0.046878256537020206,-0.06972514952998608,0.006011936976574361,0.021215361452195793,-0.033133670291863385,-0.09359950653626584,-0.040870291881728915,-0.08058215370518156,-0.014428592724725605,-0.029011204577982425,0.00524976656306535,-0.04127145650330931,-0.012998871114104986,0.06438837696332485,-0.10655004063155502,0.0,0.0
Htr2c,-0.4348240701714531,0.0535126613965258,-0.01566091662272811,-0.018744443925097585,0.006898251855745912,0.0,0.01305884748697281,0.010188644668087363,0.01814810372889042,0.04404133545234799,0.06946996936807409,-0.03307372983545065,0.12441802328452468,-0.002039545988664031,0.03742386288940906,-0.014832962431246415,0.03264123015105724,0.06663302783854305,0.010445218896493316,7.270733825862408e-05,0.02995029463432729,0.003982333079911768,2.0,1.0
Cadm2,-0.25455878804437815,-0.06870298164198176,0.07929283847566694,-0.05024064525263384,-0.00018069976475089787,0.0,-0.02743406277149916,0.012273564385250211,0.03579900006297976,0.03275320120854303,-0.00877313788747415,-0.024859041266608983,-0.1607145701069385,-0.03510486809071153,-0.030448178532533347,-0.07561288509517908,-0.04197592100128531,0.003689050024840981,-0.0758170961169526,-0.009802094832994044,-0.036476005581207574,-0.05715443098451942,0.0,0.0
Ubr2,-0.005089281853288412,-0.14420725642703475,-0.020959239886142313,0.0011516111064702273,-0.0006042027892544866,0.0,0.006572708580642938,-0.005370295820757747,-0.02477107470855117,0.0026877782004885377,-0.01776675528846681,0.0174154864018783,-0.20598273932933808,-0.10609336311463266,-0.0011376892263069748,-0.03689287264831364,0.019891063664108515,-0.046548159499652686,0.030999446641653775,-0.00352991359308362,-0.04083405935787596,0.02001504063606262,2.0,2.0
Ptk2,-0.34451504512340764,-0.049333452065475285,0.06226816702634096,-0.01444726865272969,0.002375958077609539,0.0,0.011270441524684429,0.004160541752353311,0.05745571587700397,-0.026387462746351956,0.004194708971772343,0.052104053501971066,0.1572563287615776,0.022715198074001818,0.03399800394661725,-0.05437515571975382,-0.005197925199754536,-0.08691187888616696,0.01649400847032666,-0.011208827178925275,-0.07012736831442452,0.046945894816890356,2.0,2.0
Prkca,-0.25336294210515914,-0.061005914355628195,-0.03355614986736327,-0.06398771769367158,0.019126015827059747,0.0,-0.04281435238197446,-0.0038495946303009985,-0.06190739135723561,-0.03505081872921437,0.007820839795749634,-0.028086294615641237,-0.14262539874995128,-0.036998071516864,-0.04259878222830594,-0.08148702851030976,-0.004463645685464143,0.004734176371712238,0.021040120502002536,-0.009802094832994044,-0.010105066071264445,-0.05256314849946648,0.0,0.0
Gapvd1,0.0172326101642102,-0.10749132337747141,-0.042037097655702384,-0.04967792800627649,0.0014314566180109979,0.0,0.012485170178115368,-0.017188640120439233,0.037344932053238154,0.029390842504799366,-0.010871295956894756,0.01794418312609196,-0.16444471325725318,-0.004453905040863901,0.05060124748386443,0.006132962913252413,0.026900544408708812,-0.033445285179186615,0.03324480203446001,-0.00036898091435432433,0.029972328181611375,0.02419600699096918,2.0,2.0
Prr12,0.35127593208570035,0.07998299361672252,0.09565211669541895,0.07025946444831789,0.002375958077609539,0.0,-0.03152165023609996,0.0029081252403557302,-0.01807485877536237,0.01734053942374885,0.00405271390103735,0.033021674400661144,0.11818143835989758,0.05567784823477268,0.07550132255069912,-0.030592561574303546,0.014780691992491483,-0.05221903794910759,0.024645019476301967,0.017296442119404672,0.06483918699901552,0.07280075948685408,2.0,1.0
Ranbp17,-0.4949083138955757,0.03874001198913902,0.08116309389472008,-0.014348588995635509,0.006898251855745912,0.0,0.0106997250020504,0.001815667161718011,-0.0025349950371310113,-0.0071767990849912165,-0.008742345666978507,-0.1193650861363858,0.1681516667548567,0.0159001232823357,-0.0007861719513311982,0.07625282146356767,-0.02126833960413933,0.006434726160950959,0.015708844950422643,-0.007851996738463641,-0.04768732871627435,0.015001666406169534,2.0,2.0
Clmp,-0.030688734925352037,-0.0934346593823284,-0.031951844210270794,-0.04957995671778917,0.003906758013181388,0.0,-0.03909554980695248,-0.012042343840003014,-0.006896156608127058,-0.010312133841216565,-0.01934447609819472,0.01849723861552775,-0.21621655219933017,-0.046628173482604326,-0.058431105222553015,-0.012169135389849544,-0.02569751435890794,0.009506423801649361,-0.028600646802224218,-0.011719630621373654,0.003980954517610371,-0.09993068918120115,0.0,0.0
Riok1,0.2632160621648654,-0.10077477159444242,-0.03192099383100867,0.07802139026112855,0.006898251855745912,0.0,0.00977339368313551,-0.001770993508398533,0.010044984412379563,0.09950989324599505,0.04778214619494975,0.04443505458999425,0.10895477845217101,0.0030909686535596846,0.09049040268640965,-0.15055111400899476,-0.028314042799174786,0.0069116565678268675,0.022527754465118052,0.0005871029291301965,0.06551694662310183,-0.05465249603614211,2.0,1.0
Kcnh3,0.12294691343326121,-0.11844439148902892,-0.025737722304183988,-0.06420735855586827,0.006823422405868768,0.0,-0.055390636585652825,0.015435409494675695,0.006628561187535524,0.007835031459107996,0.034335541727487,-0.10622899109963328,-0.41584126161411405,-0.08916011188644916,0.03481554535217583,-0.02038931371178478,-0.011169684641063214,0.014572451303247363,0.03299749745056033,-0.005842322539538145,-0.027035822230391204,0.03344065148383379,2.0,2.0
Cdh6,-0.36043994141276925,0.15273689478635788,-0.03567606016993523,-0.021172593026421965,-0.004619550509378314,0.0,0.012759524770081044,0.010477766944095492,0.00500974090769887,0.008221144776325674,-0.00599699568701908,0.046500647652428596,0.09916685164556839,-0.0025269050151109696,-0.02803809746634215,-0.004394845734350383,0.045279550198465586,0.027022188464179635,-0.040069919163361195,-0.008117009690031408,-0.033330992050468924,-0.05482776353135705,0.0,0.0
Rnasek,-0.0849912679172121,0.1743072464875877,-0.005220388169400394,-0.007857792740687729,0.00230112848803401,0.0,0.015306027978658676,0.0006189204985275864,0.022716352557763456,0.07946986029855907,-0.058617015747586265,0.017792630929034204,-0.28077971627935766,-0.029141852748580277,0.004562038442818448,-0.030593849807046353,-0.003305269880220294,0.009685437784064561,0.03793849837500602,0.06796852738596498,-0.002398177336435765,0.06791521058185027,0.0,0.0
4430402I18Rik,0.095618218886666,-0.09682458298746496,-0.0358452261891216,-0.016114982897415756,0.002375958077609539,0.0,0.01355771854519844,0.010503414198756217,0.02108483524993062,-0.045035648588091136,-0.012442287547746672,0.04078816323773935,0.15850783219677397,-0.003017477747052908,0.08909070443827659,-0.11708908265922219,0.035370433311909436,0.012984164198860526,0.0172993834502995,-0.01286463163793087,0.054274128573015334,-0.07492466766387224,0.0,1.0
Nop56,-0.06345960748381912,0.14330297053791582,-0.007252410352230072,0.0804818205954507,-0.004165506246499718,0.0,0.007537310924381018,-0.022929783039726318,-0.015352814137004315,-0.08659336687065661,0.01907894666190259,0.016789854625239967,-0.34947359500452874,-0.0966794519731775,0.024557075592456387,-0.10246277747210115,-0.008070603981614112,0.0033970391657203434,-0.0011478706914931536,0.01654383908957243,0.017677552059758454,-0.024803336504846812,2.0,0.0
Gab2,-0.46554644032847137,0.09563814939465373,-0.021547723598778247,0.03449546405114234,0.0019921535812318326,0.0,-0.03696574152447283,-0.027173758428543807,0.04786759397480637,-0.0204008536064066,-0.0060082434583455325,-0.05373774914536625,0.08187503512017429,0.022005048643331974,-0.04902344884816557,0.03721667026577052,0.003878624876961112,0.002605265965685248,0.008567751944065094,0.0030394826084375382,-0.04879463903955184,0.02999792605638504,2.0,2.0
Cox5b,-0.11562799314502627,-0.15421882973983883,0.06628088637720793,-0.008381593134254217,0.0022576448926702143,0.0,0.005936197672272101,-0.010356084597297012,-0.02245639328379184,-0.02848249392118305,-0.003229100350290537,0.015319526037201285,-0.3217511373956222,-0.03733003605389967,0.005302013795590028,-0.0807939972449094,-0.02189561625942588,0.04361916440539062,-0.10298764989245683,-0.003192193303257227,-0.011038002138957382,-0.02176655368413776,0.0,0.0
Atrnl1,-0.36320265963324344,-0.06158860844094306,-0.01512106201145798,-0.016910900520160796,-0.004343791804276406,0.0,-0.0020535823050886392,0.004363765241578221,0.06269526467192918,0.022405211683362722,-0.032739086633082476,-0.10707192931324244,-0.0771620059479028,0.01645858955103904,-0.027618652121163906,0.03599560838396428,-0.005197925199754536,-0.11104757250519469,0.00433941600844264,-0.011208827178925275,-0.07904110466712154,0.02435008983127773,2.0,2.0
Gm15965,-0.09523472426924855,-0.1022325934143737,-0.01837671489454806,-0.003603433817625046,0.006898251855745912,0.0,0.012626763880252839,0.010265235109254717,0.008402723972685634,0.004654412735253573,0.04347770201973617,0.044870086454320696,0.21518279845360666,0.06929088442586362,0.04707800669129938,0.13924139744922287,0.012830674946308136,0.062020312077365816,0.01537768111564219,-0.0026813898608088493,0.043328354109544304,-0.05697951497510076,0.0,0.0
Gm14412,0.20709489798173308,-0.12614981209393591,-0.01943246745504439,-0.0093898269161582,0.0014314566180109979,0.0,0.0037601903267204763,0.008276129248552025,0.01122475605458021,0.0469461352750659,0.04447872114833444,-0.022605933826416732,-0.05509448100812733,0.021809891751036047,0.06776827842928469,0.04053356038493803,0.0019496728107333183,0.10419500165618956,0.011682029189541936,-0.0026813898608088493,0.0852545092976652,-0.033543122676201166,2.0,1.0
Cpsf7,0.1455784120503813,-0.23498713498469442,-0.03367688334081322,-0.06371107113547624,0.00021661329083144665,0.0,0.014343057051301003,0.02486844616010785,0.013635355271399021,0.03184767251834273,0.04084028084762394,-0.12030751396436244,-0.23524387330922764,0.014483620347455144,-0.015405544554814696,-0.04285468664660584,0.01271979405079037,0.04403464322444051,0.02646477410104126,-0.005842322539538145,0.02011440892703831,-0.02503890184685588,2.0,0.0
Arhgef2,0.09959495536284521,0.08575801771134138,-0.015928394438233226,0.2158526539709419,-0.0002506342250853777,0.0,0.009395198058336973,0.07013714984990656,0.01305251886602491,0.04168554376345128,0.026347587057389318,-0.042143177755642684,-0.12882691231323407,-0.06234420343767852,-0.049417329323478046,0.01550042490940541,-0.008732154360041022,-0.036862536526750776,0.021938918465748428,-0.04137519061565399,0.023928122086217626,-0.001699782768264413,2.0,1.0
Plat,0.3016588802775368,0.16557403040817006,0.005473321196623146,0.0024873312679119406,0.00035678753163665534,0.0,-0.005099537568166852,-0.007465641172602773,-0.016482282085344194,0.022019761058036238,-0.08488308634143323,-0.04611087095458061,-0.1251104484964162,0.04251477133249864,-0.06958806215552613,0.032196177653386254,-0.004372125994414091,0.01339910218026489,0.004776191506534815,0.017561455070972443,-0.06758106049965136,0.06776659475639463,2.0,1.0
Thada,-0.38708018587669357,-0.06303750487044453,-0.04326503080781549,-0.021276417677290736,-0.019274654081091285,0.0,-0.0639175383746624,-0.027032491927966477,0.006092916247434914,-0.025604180418886246,-0.02866337340557948,-0.13651030933484434,0.10258460301905871,0.01968095952179283,0.02653787925373763,0.03550113009609049,0.023139735432341695,-0.06274926199112088,0.010906157558783889,-0.008558697942644357,-0.07008458068943582,0.02268832754343748,2.0,2.0
Pbx2,0.2532229826285038,0.166311373419594,0.00038894128985702994,0.04799986403668299,0.0014314566180109979,0.0,0.009832731299102306,0.01752982461825013,0.0003229397814720869,0.04143047482706606,-0.06333482213667593,0.03544450349640101,0.13384070279076696,0.015635226899757982,-0.04137701787054539,0.012367676572175697,0.014234483521431685,0.023981748311780394,0.034877787595614794,0.017296442119404672,0.0356228260230273,0.05980363912880421,2.0,1.0
Gm16552,0.21893905715551226,0.17635806576348842,-0.010984234833158553,0.034333235761150716,0.00035678753163665534,0.0,0.007319568246603012,-0.00669529055710882,-0.013850192874670028,0.013005624443758279,0.01074429091415368,-0.06289001894183457,0.06714789051155094,0.03474101663101464,0.056013996936380865,0.062206453308754135,-0.018875824958086013,0.01690516987349838,0.024551239041611553,-0.040357574634253976,0.07841004118090496,-0.13073350317776203,0.0,1.0
Cc2d2a,0.03216331546660513,0.07146081717684866,-0.0722432249225676,0.05874413744546473,0.0019921535812318326,0.0,0.010897513441741467,0.043751381672918796,0.05704690388403833,0.010540859922766686,0.0018979157344438135,0.06808768184157088,0.11627289338968694,0.01820817463332787,0.028446164820343255,-0.05002126252395101,0.007783458046615124,0.01379736163187772,0.0072855125740170475,-0.008117009690031408,-0.08691271234769374,0.04170595407951623,2.0,1.0
Ccnl1,0.14841319704893977,0.1143600769015029,-0.005650742538273334,-0.05016565249301493,-0.00187656007707119,0.0,0.013167209513485432,0.01741626118775457,0.0055830786190927024,0.020217498580459504,0.015232922334689647,-0.11386495909653604,-0.34774816589429974,0.02116599618224427,-0.03661535227671266,0.005082805275451392,0.00146863529458642,0.006424649939872324,-0.047172525599598884,-0.015583876064047217,0.04060227713896893,-0.033694010660983625,2.0,0.0
Gm15594,-0.1146203804994002,-0.08511641438584774,-0.017933820132166146,-0.036456216890364886,0.0022576448926702143,0.0,0.012155697923153639,0.009880934744141995,0.005794823076575995,-0.02401055217254907,0.026204727666918188,-0.03133409978356212,-0.3847570017492399,-0.11248261022614316,0.04082808271516115,-0.027285316865891217,0.00146863529458642,0.048193666646257044,-0.06154277842026204,-0.018675693552941085,0.06286127725499682,-0.03822491232305765,0.0,0.0
Eif4enif1,0.15667588918469846,0.24035118965199218,-0.014324417491443454,0.09543875562725589,-0.0002506342250853777,0.0,0.010897513441741467,0.016411866517737506,0.030591034889221193,0.06516690986230969,0.019662417569197715,0.02121860395884141,0.04077895764261484,-0.0049781001498922705,-0.022818753717001528,-0.06219815999967977,0.012633807440288365,0.02140408201608807,0.02945190016180277,0.017296442119404672,0.03287860312848352,-0.0002418420184403658,2.0,1.0
Lhfp,-0.4390745428716764,-0.08062435051426292,-0.04149074446409941,-0.02543707870878279,0.001214038641192019,0.0,-0.04799444394186139,-0.001762354914098978,0.004870147262699902,-0.0076668515894562006,0.015369172219652682,0.040308404492679986,0.06549022988183424,0.0015066698472946882,-0.0832061724551022,-0.05396364421118051,-0.033707866165786984,0.004701996361836791,-0.023763429690152407,-0.011208827178925275,0.06957953630946577,-0.13250780113041402,0.0,2.0
Cep250,0.07569446626934223,-0.12325375411193817,-0.02849770619533956,-0.015706982687115668,0.0014314566180109979,0.0,0.0077861428260803224,0.004775714953429997,0.021553138457238673,-0.010444548279047013,-0.01987149066058919,0.04873006003675982,-0.24339521889109164,-0.11784115074668079,-0.009949013302102684,0.015813051112927495,-0.008282772176899015,0.003289360033813864,0.036584479827433826,-0.01286463163793087,-0.030994778997264803,0.022216115253977476,2.0,2.0
Plcxd3,-0.49003056609188206,0.05792090755421668,-0.018203931921161712,-0.02114506714977324,0.002562030078843236,0.0,-0.0031296555884182454,0.006305183665826917,-0.011764554264955223,0.04040363477775827,0.01446867746533826,-0.12290724020451307,-0.05705565941985696,0.01823588627856225,0.009883993952535093,0.024250062971550506,-0.000564038222655654,-0.05304333920357749,-0.0903129090834409,-0.008117009690031408,-0.06460855892975814,-0.07503209546674043,2.0,2.0
Zfc3h1,0.09375219284556806,0.07746771931182593,-0.04246093750931323,0.23923948270268738,0.0004885868588462472,0.0,0.007499775746837258,0.0705522196367383,0.028299698419868947,0.012850420945324004,0.013484448769595474,0.011729964879341423,-0.06420561856590211,-0.04272462756605819,-0.03272136646322906,0.12063029625453055,0.024065335914492607,0.00722698934841901,-0.03862265648320317,-0.013175546415150166,0.027149350525578483,-0.05458723152521998,2.0,1.0
Spata6,-0.37743003097944894,-0.06629052431322634,-0.008887326740659774,-0.015693432330153884,-0.01901375250890851,0.0,0.016564947366714478,0.005472884755581617,0.02476259250193834,0.03379085460677743,0.02417261408874765,0.029470957908779384,0.12602668858598917,0.006041337341303006,0.06654289429541677,-0.045819800237659365,-0.012452026540413498,0.0008191739907488227,0.02678991253953427,0.060529004125855865,0.027667114228243007,0.034846949642524126,2.0,2.0
Exd2,0.19342886209487914,-0.02402367833070457,0.013913791263476014,-0.020706029692664742,0.00021661329083144665,0.0,0.010771570466458798,0.01222275678999722,0.026656583920121192,0.039773225709795954,0.04317995566641912,0.03294827614910901,0.017601696103811265,0.004408620432950556,-0.04724778120871633,0.03249776003882289,0.001751252938993275,0.017049112098757178,0.03221922583412379,0.0004104276280850172,0.01791298946365714,0.03835038920864463,2.0,2.0
Nos1ap,-0.3501592970546335,0.008959269183687866,-0.010459949197247624,-0.040204199738800524,0.019126015827059747,0.0,0.011608645245432854,-0.012050572969019412,0.042849312648177144,-0.024693427975289523,0.0051436737668700515,0.015330115905962885,-0.09409055564086884,-0.00876252809073776,-0.008571860562078655,-0.08011603804305195,0.0059634548658505085,0.006300545146223158,0.002616353021003306,-0.00794033438898623,-0.023361991751007737,-0.05877412235364318,0.0,0.0
Yeats2,0.03319694623118266,-0.11007747416384518,-0.028274064371362328,-0.009100858988240361,0.0014314566180109979,0.0,0.011773212626576424,-0.012556493780575693,0.1073172001587227,-0.013830080525949598,-0.044010709126014264,0.0477822481514886,0.12596269491361453,0.008827728368341923,-0.06847600180655718,0.08122707508970052,-0.006783474213443696,-0.28379450789187105,0.008059580991975963,-0.00036898091435432433,-0.12029634075588547,0.019014439666643738,2.0,2.0
Ppip5k1,0.1361452706134878,0.0033010872453451156,0.07599027250427753,-0.0033689954690635203,0.006898251855745912,0.0,0.010958517678081989,0.003613635040819645,0.018856935338117182,-0.024104790035635232,0.014981184320058674,0.07285455180797726,0.24123993472196162,0.0007790254708379507,0.029657177412882447,0.14693061754573136,0.0003459098935127258,0.03737517901696265,0.029392839279025793,0.0006754405796527863,-0.04335334809496999,0.030498223886825146,2.0,1.0
Trpm3,-0.3860444803640712,0.050447535174898805,-0.026977711808867752,-0.013084042114205658,-0.019274654081091285,0.0,0.007039407417178154,0.006305183665826917,-0.005718925106339157,-0.013079688251018524,0.0049461766262538735,-0.10166590947657823,0.13692275058943779,0.011912111467681825,0.01357506834436208,0.05556323132215766,0.028670720607042312,-0.004407209726050496,0.016278488170355557,-0.008117009690031408,-0.07819908534875139,-0.0009642623644322157,2.0,2.0
Wwox,-0.329739881856367,-0.052660462823696436,-0.032416988192126156,-0.02798671105876565,-0.002881339192390442,0.0,-0.04347150152549148,0.003405957780778408,0.016483483691699802,-0.021924883062019944,0.008148457745555789,0.05959604776697233,0.08176532965269871,0.01119947778293863,0.043406055555678905,-0.01963404409121722,0.00829752412158996,-0.09207615447463467,0.010727423238568007,-0.011208827178925275,-0.04532880382263102,0.04392095188610256,2.0,2.0
Gm15680,-0.25944295891560615,-0.09445738590322435,-0.02300154050113633,-0.03893241008743644,0.0009558343747630715,0.0,0.013167209513485432,0.016488671358674763,0.014140123124234379,0.030926363747566937,-0.003961117754224688,-0.03879841910442337,-0.020582367537426764,0.007869000434875489,-0.0291413593897596,-0.08430187236692291,-0.02754041140899062,0.0038965549878776074,-0.07514208749402314,-0.008823710894212126,-0.010669754575937987,-0.10439542906824499,0.0,0.0
Shisa6,-0.19135411193594337,-0.05132426677737385,-0.014111520217265933,-0.054487871453166005,0.019126015827059747,0.0,0.013204744830727578,-0.013380582109093667,0.04036169739440083,-0.03505081872921437,0.007384038341697306,-0.03047374893911183,-0.17161522086011247,-0.034380859904922546,-0.04141769244917668,-0.06361583899240941,0.0059634548658505085,-0.011413532437290996,0.021160655212588607,-0.009802094832994044,-0.02123525810195133,-0.0019029431138187648,0.0,0.0
Adarb2,-0.36589392062276604,0.10426252981647849,0.024853147827088834,-0.014514338029548525,-0.02275334152393043,0.0,0.009959374628961086,0.005472884755581617,0.0052247929852455854,0.1534684454300441,0.046606841310858724,-0.036826127362437545,0.07743915270490107,0.013824476178269833,0.021994666969403623,0.01867929124215152,-0.0008897185046225786,-0.06858508626697585,0.02380561053752899,-0.016813307153061032,-0.0636355083854869,-0.04867515963502228,2.0,2.0
5330434G04Rik,0.14388876949436963,0.04144901752006262,-0.05912712396588177,0.055746495630592106,0.0014314566180109979,0.0,0.0015019334852695466,0.011368557536043227,0.024067856762558223,0.04754572247155011,0.033037601041141895,-0.06441039325436577,-0.09586957874707877,0.047196215204894545,0.025863257250748575,0.026156000097689685,0.0019496728107333183,0.07910382398869842,0.0075265634618699555,0.0004104276280850172,0.11016994944075123,0.008333264100365341,2.0,1.0
Rusc1,0.19667044051457197,-0.15954500039108097,-0.005494864284992218,0.034683905977290125,0.0014314566180109979,0.0,0.0050545345898717646,-0.003923191488720477,-0.03903900274541229,-0.009708565827459097,-0.021359461713582276,0.036706153322011235,-0.3000381227536127,-0.05195748352678493,0.07679448934737593,0.02111369736492634,-0.010956136328168213,0.006423251056112349,0.023111274605616926,-0.00028455084189772607,0.007579491416690871,-0.01379762158729136,2.0,1.0
Itm2c,0.16188698929734527,0.08504953049123287,-0.004586894884705543,0.10732669380260632,-0.00477292800322175,0.0,0.006817736262455583,-0.04789589279331267,-0.08529267476405948,-0.0244874354172498,0.018073598332703115,0.03136266730260104,-0.23526501226471738,-0.04105092667974532,-0.07157879897626117,-0.06082810152322054,0.007090664603747427,0.006751545295119285,0.011969319032505154,0.004301478583365679,-0.010839675205061213,-0.016281282352283596,0.0,2.0
Chst9,-0.4111413611017633,-0.08153788527008146,-0.016422150093130767,-0.016230391445569693,-0.022188054784201085,0.0,0.01305884748697281,0.009003798300400377,0.015318889417685569,0.031143292719498276,-0.006457002570386976,-0.04473408872261644,0.11708730248734354,-0.006370457257144153,0.044134711176157,-0.019834218710893765,0.04130904069170356,-0.0007001511100679636,-0.08881216240115464,-0.011208827178925275,-0.09096587989246473,-0.08796567016281187,2.0,2.0
Epha4,-0.2274301591515541,-0.06646601288579404,-0.01157231779769063,-0.03973304573446512,-0.00018069976475089787,0.0,0.0141861068084836,0.01254540436901152,0.04036169739440083,0.03665208083577454,-0.018799773377832025,-0.03300497801043093,-0.07751493025338277,0.043762682690285146,-0.03649622672703117,-0.05791178360581398,0.008661523088812828,0.004225052034016698,-0.08609384189825504,-0.008918718327768147,-0.036476005581207574,-0.07155154445674271,0.0,0.0
Rundc3a,0.25850212925579397,0.1615695627569221,-0.019460213501006365,0.10672315814765171,-0.004305680487304926,0.0,0.011084460653364658,-0.0061861679423600435,-0.04065701378043741,-0.0772070243768394,-0.04096970544429496,0.0303218632703647,0.0611968217487447,0.015369777590967715,0.035422793964389715,-0.011416107621043921,0.00699577069375664,0.02256059730425477,0.013698360738344491,0.017561455070972443,0.03624880258925259,0.029900444047525523,2.0,1.0
Agap1,-0.31143778103403746,-0.07840185828506946,-0.029498609523288907,-0.019570936299860477,0.01468716508243233,0.0,0.012085136584937572,0.0038813165295869113,0.03923479538410902,-0.030851295003667473,0.016055297779385,0.05116353250574321,0.07479108943138271,0.0165314188064076,-0.041335068778134886,-0.045020975755760445,0.012895974894054234,-0.1378739307099022,0.008918645246885716,-0.011208827178925275,-0.04532880382263102,0.040737958662211894,2.0,2.0
Gpr107,0.11553433870198206,-0.12149522330146283,-0.0218515295535326,-0.004742415104992688,-0.019274654081091285,0.0,0.01675189457833767,0.00276726558804512,0.07754715819377452,-0.021783288633450866,-0.016520443318877368,0.05435457805171609,0.21882108467631042,-0.07251434853300452,0.09867591133806855,0.14263639569748193,0.01423521101474762,0.02050093750935048,0.03552244159858674,-3.126062452793121e-05,0.054087321633705866,0.029484807578846813,2.0,2.0
Smg5,0.20207558385794983,-0.11483036307152361,-0.03540545148774982,0.01620172156020999,0.0014314566180109979,0.0,-0.04281435238197446,-0.005971457134000957,-0.02325184354558587,-0.005482355328276753,-0.07830889909528196,-0.10713439592625945,-0.34234272545203565,-0.0019925738801248372,0.060424523362889886,0.01770290477667004,0.042170994114130736,0.005722493035718799,0.006978200078010559,-0.016025564316660166,0.04228996597230435,-0.027442229841835798,2.0,2.0
Sgsm1,0.018525452390313148,-0.10552597304107621,0.09260420810664073,-0.06063634324818849,0.07493600676301866,0.0,0.006444689705967903,0.007493873443454504,-0.014401725511997938,-0.036677120409440246,-0.005625297231599689,0.004280215669423342,-0.28486085032578556,-0.07670389854582027,0.02314883836079389,-0.01148498713504523,0.020080851446837186,0.004040682858321816,0.02530274075921625,-0.003192193303257227,0.026775229381164535,0.01004464827477932,2.0,2.0
Rps7,-0.11989579369779677,-0.08897085441742092,-0.015374287124723196,-0.02083784740418196,0.001214038641192019,0.0,0.006111424099653959,-0.0037017082097008823,0.007507147677242756,-0.020573126822710036,0.01896189635852352,0.020786093310453,-0.4540187700185925,-0.08870862516807393,-0.016316810571588576,-0.11336713493801653,-0.015588468397036195,0.0462356384890154,-0.06224858958739787,-0.005842322539538145,0.0002560942037962377,-0.017439527497626842,0.0,0.0
Mast1,0.26761955306399615,0.10552335108397529,0.021772030075080693,0.085427085661795,0.002375958077609539,0.0,0.009321258999407292,-0.026441906709223986,-0.10907652231864631,-0.030871028238907458,-0.010872431104071439,0.044903922511730344,0.10640255235135555,0.020941206132993103,0.03999714714474976,-0.06453924391593319,0.003787622293457389,-0.019036734816618262,0.031149566965177657,0.02996207505930215,-0.047065637916093694,0.04500868646427989,2.0,2.0
Rtn1,-0.3235892940335907,-0.06420710415113717,-0.034234707248397174,-0.01275016148108989,-0.019274654081091285,0.0,0.01663173470646143,0.006305183665826917,0.0031930170441046356,-0.005475265346467495,-0.028859152349177748,-0.13183221263810993,0.12929803338833154,3.8284077309072014e-05,0.013762744534760714,0.05543250321643427,0.028670720607042312,-0.019952687500044704,0.029760829340666532,-0.008558697942644357,-0.09900401378748938,0.041958335880190135,0.0,2.0
Cpt1c,0.2149993840837851,0.14114320983178913,-0.015715829166583716,0.02776515857782215,-0.004165506246499718,0.0,0.009321258999407292,-0.012656527496874332,0.013505339496769011,-0.010613254206255078,0.008752492065541446,-0.007300918349064886,0.11331508100032807,0.03079513028729707,-0.11423828978557139,-0.008673765040002763,-0.009079244653694332,0.020920562131796033,0.018986932495608927,0.02996207505930215,0.039523023469373586,0.06177969413809478,2.0,1.0
Epha7,-0.23983264007605612,-0.0755262339906767,-0.014401987171731889,-0.04009235519915819,0.006173865818418563,0.0,0.013886784091591836,0.020418243817985057,0.013830450237728656,0.013729932892601937,-0.005038561273831874,-0.04204635556321591,-0.08130131338024511,0.07598433975828811,-0.04337653222959489,-0.05914474403485656,-0.006239871717989445,0.020881725829094647,-0.0758170961169526,-0.009802094832994044,-0.015369422822259367,-0.03391995332203805,0.0,0.0
Cdc27,0.06634389953687787,-0.09166658853180706,-0.053244578335434195,-0.029840193558484315,0.00021661329083144665,0.0,0.01625302352011204,0.0007755210436880589,-0.0521009436994791,0.03320870751515031,0.014487046923022717,0.028102186061441898,0.053254976764437745,0.011720236265100539,-0.05492587150074542,-0.014926882429863326,0.0019440308911725878,0.023497262129094452,0.02113070132210851,-0.015514760874211789,-0.030209568314021454,0.03581706647761166,2.0,1.0
Simc1,0.14206950549734756,0.02036400882061571,-0.05237030118238181,-0.004885131316259503,0.0014314566180109979,0.0,0.0048717800434678795,-0.02492260015569627,0.02982757638208568,-0.020791408568620683,-0.0877529082656838,-0.05161185932345688,0.0374240475683473,0.007462872406467796,0.023580882754176854,0.08278330424102023,0.005264131454750896,0.01052405769471079,0.06449451770167798,0.018775904858484863,0.1573346944991499,0.01839526359923184,2.0,2.0
Map3k10,0.15201499708462507,0.1128269813139923,0.04781839975505136,-0.04606416581897065,0.00021661329083144665,0.0,0.009269255064427852,0.04472061408683658,0.013827240420505404,0.031926916148513555,0.014952799417078494,-0.07364031108561903,-0.3602108875475824,-0.037890060399658976,-0.04362456757575273,-0.018769779559224844,0.014021479380317033,0.00946448755916208,0.014057289445772767,0.014135509440675377,0.02199682980775833,0.045813943967223165,2.0,2.0
Psmd13,0.2937157218065113,0.17910457640187816,-0.013066055346280336,0.017610599489416928,0.0019921535812318326,0.0,0.013279493488371373,0.0022789507918059824,0.00448480605147779,0.14766234040260315,0.0731087784958072,0.03735749393701553,0.14790601282380522,0.058230110043659807,0.07360129589214921,0.0021889464411651714,0.012049813624471425,0.022910658228211103,0.04994612495414913,0.03987224268261343,0.06230408180039376,0.08002471156418324,2.0,1.0
Actb,-0.09634480326902121,-0.09358808221295475,-0.01884755877777934,-0.022894932553172112,0.0014314566180109979,0.0,0.013131996989250183,0.00717038796748966,-0.03283246776554734,-0.012316514784470201,0.019223524315748364,-0.02353332102764398,-0.36265813079662623,-0.042046739181969314,-0.003640844216570258,-0.00497994652017951,-0.0204755802359432,0.011139221079647542,0.027464469871483745,-0.00609561275690794,0.008704874534159898,0.02164658622816205,0.0,0.0
Capzb,-0.08314971358049661,0.08556407158495859,-0.019180402329657228,-0.06306410231627524,-0.004305680487304926,0.0,0.012485170178115368,-0.018265708051621914,-0.08950715620070696,-0.029844568502157928,0.00447088856366463,0.015235809448640794,-0.24928489158628508,-0.05735654271673411,-0.05905766181414947,-0.029501035450957714,-0.0006616543978452682,-0.011802072739228606,0.018560169213451445,-0.019709226880222558,0.013857808598550037,0.022152115143835544,0.0,0.0
Ror1,-0.30187662471551446,-0.06907147797290236,-0.03634472056757659,-0.024246239233762026,-0.002881339192390442,0.0,-0.06559412609785795,-0.00249981957487762,0.03780356083530933,-0.019091661013662817,-0.029314533477881922,0.004415390726644546,0.08217629226041026,0.006294374049175531,0.044089025147259236,-0.058116900568129494,-0.006137985470704734,-0.0787792934360914,0.021051808912307023,-0.008558697942644357,-0.04557674181647599,0.034463958134874705,0.0,2.0
Gm20721,0.2754375906661153,0.16944303865544497,0.05473095698165707,-0.022943561505526303,0.0019921535812318326,0.0,0.009062466323375701,-0.02710365385748446,0.010577450888231397,0.00428113296860829,0.013317246346268803,-0.04025248183868826,0.1552959297131747,-0.03140057562151924,0.046541864965111014,0.02744122065487318,0.005588496075943112,0.03594762207008898,0.016661920472979545,0.017296442119404672,-0.09185642284806818,0.04936234525404871,0.0,1.0
Syne1,-0.28127268615411594,-0.06577415144536644,-0.029308865233324467,-0.013992260028608143,-0.019274654081091285,0.0,0.011514419950544834,-0.009776234431192278,0.07276247919071466,-0.011211077817715704,-0.02866337340557948,-0.0665638099424541,0.10759831580799073,0.011912111467681825,0.039070221767760815,0.06219561613484984,0.007879764405079186,-0.15855218469630927,0.010906157558783889,-0.008558697942644357,-0.07891882840543986,0.027351974304765464,2.0,2.0
Gm26936,0.041925496058538556,0.027719365798402576,-0.049733879137784244,-0.06905298361554742,-8.046859875321388e-07,0.0,-0.04524940090253949,-0.011367058688774705,0.012611309215426445,-0.025424332758411765,0.006227189528290183,-0.09261501761619001,-0.29039777477271855,-0.05127011152449995,-0.05726624506060034,-0.04530120687559247,0.004712473675608635,0.023222080345731227,-0.011114137414842844,-0.015407200763002038,-0.02295308858738281,-0.0228015509294346,0.0,0.0
Crtac1,-0.45070768376463094,-0.05786508945282549,-0.007158986255526543,-0.02009852007497102,-0.02275334152393043,0.0,0.018826767541468142,0.0077561027277261016,-0.012018647608347238,0.06238231068477035,0.039859404175076635,0.0744492199830711,0.17681636617518962,0.002646008183946833,0.03153058657888323,0.0660016924131196,-0.02126833960413933,0.006821233853697777,0.03761876027565449,-0.011208827178925275,-0.024327826510416345,0.033511626003310084,2.0,2.0
Igsf11,-0.204592016893439,-0.06585427130106837,-0.036053800829686226,-0.05421564515214414,0.0029936025105416777,0.0,-0.04711349816992879,-0.011940938057377934,-0.06178828842472285,-0.0011400029389187693,-0.02022427838295698,-0.031145599405281246,-0.16375697679584847,-0.04531182273523882,-0.04876746409572661,-0.04393328548409045,-0.00026009694673120973,-0.022484629799146207,0.011138201016001404,-0.009183731279335916,0.011697533135302364,0.037334237992763517,0.0,0.0
Acp1,0.1480738641647622,0.01921058409381658,-0.06793962026014924,0.129780438169837,0.0014873609924688936,0.0,-0.02189562699873932,0.00985605210531503,0.006425105705857277,0.010878363135270774,0.03583718634443358,-0.06341357263270765,-0.12301789827179163,0.05331722814124078,0.021143314756918698,-0.02093179559800774,0.00017585722729563714,0.04110774957574904,-0.049399714428000153,-0.012422943385317922,-0.07100715897977353,-0.06729277566075326,0.0,1.0
Mrpl41,-0.146410427573137,-0.10643666360992939,-0.02800352684687823,-0.014345895098522306,0.002375958077609539,0.0,0.01706381842494011,0.010014679776504635,0.010827746279537677,-0.04440041534602642,-0.01988144397502765,0.034285785285755994,0.15261250328854659,0.02604197901673615,0.04510856526438147,-0.11690099399304017,0.016801184490323067,0.05712887901347131,0.004302728129550815,-3.126062452793121e-05,0.019205074389465154,-0.026814904557541014,0.0,0.0
Ndufa4,0.2670179897826165,0.0641156100993976,-0.05137838564347476,0.015517882178537548,0.0027313746651634573,0.0,0.006660007312893868,0.015193430203944445,0.009777313191443681,0.01554150253534317,0.025621351799927652,-0.03522116159554571,0.14833831804804504,-0.021915967836976052,0.06603321641217917,-0.0007587484549731016,0.028146726470440628,0.040819291709922254,-0.029502727380022405,-0.012422943385317922,0.11715556482202373,-0.04247595567256212,0.0,1.0
Fau,-0.08511817257851362,0.18217228196095675,-0.016830437541939317,0.05060117422603071,-0.0030908371601253747,0.0,0.013110995143651962,-0.005930811706930399,0.01213523936457932,-0.05136519668623805,-0.03504581620218232,0.003172093341127038,-0.2714476992934942,-0.08986817060504108,0.013231342065846547,-0.0545410916628316,0.014021479380317033,0.009066440290771425,-0.0031933428067713976,0.03891805097460747,0.006502663565333933,0.05956625953316688,0.0,0.0
A330102I10Rik,0.2764880461385474,0.17760375287383795,-0.026418676432222128,-0.024072086811065672,0.0021706777019426227,0.0,0.01305884748697281,0.016065270602703095,0.01023486197926104,0.020711947693489493,0.0035255166981369257,0.052559954109601674,0.12651666833669878,0.006118539092130959,-0.12816702529788018,-0.16847184475627727,0.021278629284352063,0.0348618724476546,-0.050124541129916905,-0.012246268084272743,0.01816166840493679,-0.03443377174437046,0.0,0.0
Nell1,-0.3336652682442218,-0.06530341429635883,-0.04230908343102783,-0.03254883419256657,0.01468716508243233,0.0,-0.06758330017328262,0.005956642022356391,0.016101651284843685,-0.025160910091362895,-0.002003841872792691,0.05447465100791305,0.08738927515689283,-0.0010572448908351363,-0.06995517523959278,-0.1223172940465156,0.0244803548976779,0.009925999869592488,0.007940237023867668,-0.008823710894212126,-0.008210179684683681,0.036596726514399054,0.0,0.0
Fchsd2,-0.44791920628165827,-0.07654441931284964,-0.023501395757775753,-0.014781234771944582,-0.019274654081091285,0.0,0.01649310190230608,-0.00245271104387939,0.05609358775429427,-0.012596715786494316,-0.018699180579278617,-0.10645481783896685,0.10811105167958886,-0.015572003675624729,0.03733394371345639,0.08304076982982224,0.00015861932653933762,-0.06426765518262982,0.02923984635155648,-0.00036898091435432433,0.03956210691365413,0.03538127087056637,2.0,2.0
Chn1,-0.16767240607645362,-0.08785699397325515,0.009732579009141772,-0.054436386851593854,0.0009558343747630715,0.0,-0.03909554980695248,-0.011314373826608062,0.025706513882614673,0.001707686884328723,-0.017749816961586475,-0.03345146502833814,-0.16413134213304148,-0.036994919397402556,-0.047720748172141614,-0.0274518808349967,0.0012006098451092838,0.0027537886565551163,-0.08097226812969893,-0.009183731279335916,-0.011297970744781196,-0.057314338744618,0.0,0.0
Traf7,0.3214768141880631,0.19700961366295813,0.05564603544189595,-0.007203595926985145,0.002375958077609539,0.0,0.011270441524684429,0.01033248532563448,0.011400999445468187,0.007024845983833075,-0.017271671653725208,-0.03201469979714602,0.16838107611518352,-0.022228702178690583,0.059237378146499396,-0.05823184383567423,0.010022428873926402,0.03661242308560759,0.014089754880405963,0.017561455070972443,-0.08133829415775835,0.03564573667012155,2.0,2.0
