gene_name,gene_length.meta,9mo.2mo.activity.log_ratio.max.20kb-5Mb.enhancer_peak,18mo.2mo.contact.log_ratio.min.20kb-5Mb.enhancer_peak,9mo.2mo.activity.log_ratio.std.20kb-5Mb.enhancer_peak,rel_pos.DAR,9mo.2mo.log_ratio.DAR,18mo.2mo.log_ratio.DMR,18mo.9mo.Q.mean.loops,9mo.2mo.Q.mean.loops,loop_size.log.mean.loops,18mo.2mo.Q.std.loops,18mo.2mo.log_ratio.mcg_genebody,9mo.2mo.log_ratio.mcg_genebody,18mo.9mo.log_ratio.mcg_genebody,9mo.2mo.log_ratio.mch_genebody,18mo.2mo.log_ratio.mch_genebody,18mo.9mo.log_ratio.mean.atac,18mo.2mo.log_ratio.max.atac,18mo.2mo.log_ratio.mean.atac,9mo.2mo.log_ratio.min.atac,18mo.9mo.log_ratio.min.atac,9mo.2mo.log_ratio.mean.atac
Bora,28318.0,0.0,0.0,0.0,0.0473372781065088,-0.49523574059645,0.0,-0.0001501307419999,0.00012779191,20.78217391591277,0.0006429461982543,0.0318370261074751,0.0332329321286239,-0.0013959060211488,0.0279836771988668,-0.0077227212128529,-0.1058493836732879,-0.0495113155014919,-0.3208228615632683,-0.49523574059645,-0.458549265639124,-0.2149734778899803
Drosha,110476.0,0.0,0.0,0.0,0.0,0.0,0.2593866287826789,0.0,0.0,0.0,0.0,0.0116123041318312,0.0098327179116412,0.00177958622019,-0.0618530237243726,-0.0814297078711006,-0.0060633945479573,0.265530393762734,-0.2319522827295884,-0.5819930799556572,-0.4262547602570806,-0.225888888181631
Snx14,62208.0,-0.1025556802570966,-0.2223924213347308,0.1331042477929815,0.0,0.0,0.0,0.0014749528714285,-0.0013059250571428,17.10255731280387,0.0011731790328399,-0.0176376877767756,-0.0095105112147721,-0.0081271765620034,0.0240819902197563,0.0709032374035264,-0.0138663343412056,0.351026614000788,-0.117597019107694,-0.3449538826168236,-0.3408620939979389,-0.1037306847664883
2810405F17Rik,1116.0,0.0992380309923524,0.584962500716347,0.0161266682887211,0.0,0.0,0.0,0.000931598885,0.0002193309599999,17.877099933189342,0.0016768831115107,0.0057203027781431,0.0507964623254657,-0.0450761595473225,-0.0109975347324484,-0.0387887441986092,-0.1325756620885128,0.1684108906727604,0.1302581367914696,0.234057030674613,-0.1419516477644342,0.2628337988799824
St6galnac3,526908.0,-0.1398982828142614,0.0,0.0,0.4461725900732731,-0.487823698940133,0.5767354746561597,0.0007025765439501,-0.0002440882329313,16.606847680904618,0.0009712949161788,0.0118192625191369,0.0137853561170481,-0.0019660935979112,0.0022668679607982,0.0175642341575695,-0.0342551291510968,0.484651178114016,-0.0396411792303167,-0.7123802930601102,-1.0079792693700893,-0.0053860500792199
Nap1l1,24927.0,-0.317055081613053,0.8073549220421463,0.136997402486025,0.0,0.0,0.5510151686913072,0.0006536013390243,0.0002506627292682,17.27314163662151,0.000818496513368,0.0275138666187765,0.0149480657475983,0.0125658008711782,0.0608742325865386,-0.0010077594247235,0.0029468428415538,0.3375118075592354,-0.1852195883747849,-0.4004193305627737,-0.1881809765890914,-0.1881664312163387
AI987944,20456.0,0.2833178652627657,-0.1520030934434468,0.1325896944767672,0.0,0.0,0.0,0.0,0.0,0.0,0.0,-0.0139653797273344,0.0170987488685734,-0.0310641285959078,-0.0590941870821082,-0.062363270104468,0.0117474188097053,-0.081932793207927,-0.081932793207927,-0.0936802120176323,0.0117474188097053,-0.0936802120176323
Polr2b,39177.0,0.0,0.0,0.0,0.0,0.0,0.0,-0.0001388240683333,-0.0001092430783333,22.133477019870853,0.0002523418160528,0.0369045463056194,0.0491582748704362,-0.0122537285648168,0.0540259130111002,0.0175465946181865,-0.0993430209898221,-0.1008646092086619,-0.2868384323322278,-0.5462580486402953,-0.1597322294491032,-0.1874954113424057
Txn1,13038.0,-0.1864790383611523,0.0,0.0,0.0,0.0,0.0,0.0,0.0,0.0,0.0,0.0184703731547012,0.0083746051252633,0.0100957680294378,0.0258442214872496,-0.0796448286880681,-0.0720955194575484,0.1278481970423375,-0.0264453671754967,-0.2016927278885614,-0.1687549392567278,0.0456501522820516
Aprt,2274.0,0.0,0.0,0.0,0.0,0.0,0.0,0.0010903577,-0.0003279533,17.535639892993036,0.0,-0.0083342177256556,-0.0121747921340393,0.0038405744083837,-0.0414221724345583,-0.0510877719638623,-0.0965804931464102,0.5366890188329037,0.2229987990630508,0.2181753014668939,-0.2522966147576857,0.3195792922094611
Sidt2,17401.0,0.241299170337053,0.0,0.113172341467267,0.0,0.0,0.0,0.0009293027869565,-0.0009997811565217,16.638904020744054,0.000896768949144,0.0316079858839852,0.0220342182906208,0.0095737675933644,-0.0675540395233484,-0.0385281240636681,0.04711640038782,0.2946405663635234,0.1583563883218736,-0.1796144353832658,-0.1577901162417849,0.1112399879340536
Stox1,67085.0,-0.0973106922937701,-0.4150374992728327,0.1876617553074976,0.0,0.0,0.8014422041070716,0.0002311079227272,0.0006297210454545,16.642996729989555,0.0010357179001161,-0.0015275891280581,-0.0082982873892449,0.0067706982611868,-0.0441426929256163,-0.0185771763530411,0.0192545274921579,0.6120724667416446,0.3229753478553877,0.021534284568921,-0.2250288657746086,0.3037208203632296
Coq7,23697.0,0.3893460191617444,0.415037499274836,0.2761797992506326,0.0,0.0,0.0,0.0005587286166666,-0.000204537390909,17.357575183546093,0.0012019588449973,-0.0021428755670229,-0.0020020029904092,-0.0001408725766136,-0.0536214593358957,-0.0267182639800667,-0.0973398414909963,0.4859561941380381,0.1729150755598436,0.0651376952152484,-0.2175617411253697,0.27025491705084
Ephb1,432565.0,0.0,0.0,0.0,0.0,0.0,0.4948670373022649,0.0004284659925,6.579659900000004e-05,16.873850598929256,0.000771852074654,0.0129276110244585,0.0141491766623572,-0.0012215656378987,-0.0309239086408519,-0.0206579742811858,-0.0093565938333907,0.8953471299564655,0.0883008291114233,-0.6241079537100143,-0.559704453258062,0.0976574229448141
Acvr1,178513.0,0.0273822415524023,0.9175378398042556,0.1118988266447937,0.0,0.0,0.1186444964660771,0.001327818910404,-0.0006493189937373,17.93721996477268,0.0008548528699446,0.0465244815593033,0.0805288373013183,-0.0340043557420149,0.0673581933813443,0.0432835007900044,0.0446845579094907,0.4971048734447332,-0.0667408835807577,-0.5743224333187933,-0.3125018111007691,-0.1114254414902484
Aimp2,7143.0,0.2191899488773065,-0.2630344058313891,0.0632008190051475,0.0,0.0,0.0,0.0,0.0,0.0,0.0,0.0168831017255012,0.0004958513134299,0.0163872504120712,-0.114113691947159,-0.0782949389238349,-0.1407562246771219,0.0308815716978347,-0.0094182983226462,-0.017589309796528,-0.2493835908076445,0.1313379263544756
Cluh,21352.0,0.0934721749031091,-0.1520030934434468,0.0,0.0,0.0,0.0,-2.6115649999999957e-05,0.0001160468999999,20.54851259941131,9.648040694153908e-05,-0.0010046423226567,0.0381867628430122,-0.0391914051656689,0.0336573467372516,0.0296948503695575,-0.0607838633562429,0.2027193892183907,0.1698244532236262,0.132032431588446,-0.178038412060113,0.2306083165798691
Rabepk,22356.0,0.2634059190437416,0.1069152039161158,0.1189442125886699,0.0,0.0,0.0,0.001494311,0.0005760138333333,16.312581782587444,0.0007442863365929,-0.0082389369709438,0.000681921669715,-0.0089208586406588,0.016377630605509,-0.0088776122042464,-0.1525623801191935,0.4024257665449485,0.0999990053991873,0.180428918821811,-0.4264868727406135,0.2525613855183808
Ap1ar,30516.0,-0.3886497923997805,-0.8073549220421463,0.0,0.924141054107748,-0.3247968066478227,0.7145977809932509,0.0,0.0,0.0,0.0,0.0520097377001436,0.0654798100057487,-0.013470072305605,0.0565820373697438,0.0570095021467489,-0.0097618588993089,-0.0819327931978338,-0.3473690606914452,-0.6857695936737371,-0.3235356392960031,-0.3376072017921362
Rbm8a,3858.0,0.0916526674864925,0.0,0.1403835119445714,0.0,0.0,0.0,0.0023250449555555,-0.0003385080777777,16.15727561261282,0.0009132890619898,0.051172141047354,0.0543181046248636,-0.0031459635775096,-0.054115276659364,-0.0057674314205251,-0.1142173025162142,0.0363655687354214,-0.0082096445534203,-0.0408213535476598,-0.4347116400332379,0.1060076579627939
D11Wsu47e,10235.0,-0.1002814050455662,1.099535673545418,0.0,0.0,0.0,0.0,0.0004609110014705,-5.374959999999997e-05,18.528738141339957,0.0016557693418588,-0.0344718703992435,0.022740814345104,-0.0572126847443475,-0.0261328548417312,-0.0317900294699523,-0.0610999562066328,0.0384902468149495,-0.0109257174505731,-0.0360261113177324,-0.2325628097865553,0.0501742387560596
Pfdn1,50848.0,0.0,0.0,0.0,0.0,0.0,0.0,0.0,0.0,0.0,0.0,-0.0070405583486758,-0.004638801997304,-0.0024017563513717,-0.0816184006007822,-0.0857619576050691,-0.0576487157950024,0.3359197216343336,0.0816128395971554,-0.1428606634452932,-0.2990153053744993,0.1392615553921579
Ssh3,7512.0,0.2232252886030545,-0.3785116232504006,0.0935807347268379,0.0,0.0,0.0,0.00055523028,-0.0004135555199999,17.039063414412766,0.0013296749383874,0.0124935565660516,0.0191597751321992,-0.0066662185661475,-0.0865205670887057,-0.0657477464117768,-0.0073124252886853,0.3373516771552484,0.2418991292006571,0.0627728716956226,-0.1014867136472379,0.2492115544893425
Vps18,9713.0,-0.0499087946399123,-0.3923174227766131,0.0059553725434647,0.0,0.0,0.0,0.0015136746323943,-0.0002469732211267,17.11083615032085,0.0013837654325514,0.0132029096033804,0.0200742122437232,-0.0068713026403427,0.0176597657231171,0.0527696423513774,0.0596521617795607,0.4050215036842238,0.2069660796774245,-0.0983544509323319,-0.0824791233582029,0.1473139178978637
Smyd5,14446.0,-0.1836161275940089,1.3219280948729355,0.0,0.0946004553832809,0.3452933381708423,0.0,0.0005425316116438,0.000262506369178,18.571863975166394,0.0010497930151382,0.0021015946018474,0.0194361454269011,-0.0173345508250537,0.0469833183513361,-0.0573231509633541,-0.1066189939692416,0.4421349279800957,0.1537671105485496,-0.0233781373033765,-0.4465390317571076,0.2603861045177912
Polr2a,24640.0,0.3637955626458873,-0.2410080995031229,0.1509425423142886,0.0,0.0,0.0,0.0015358682785714,-0.0001983507380952,16.6981836718854,0.0020922926076214,-0.0100262908058866,0.0101867078147013,-0.020212998620588,0.0027271064373415,-0.0740820859456581,-0.2454539462323296,0.4853277056983804,0.039157449199432,-0.0031337641142865,-0.9399765342960364,0.2846113954317616
Tpm1,26816.0,0.1584631069600146,0.3514723705003026,0.1706056014130562,0.5031801661474559,0.1903210244551765,0.4425182356032356,1.4093607692307693e-05,-8.360468461538459e-05,18.384562501441867,0.0006473213464666,0.0412664913591331,0.0705596344257701,-0.0292931430666369,0.1355035058129392,0.1197631873968351,-0.0375996889154883,0.4003765303885059,0.0562708912173026,-0.1885500986407571,-0.1029989814516518,0.093870580132791
Bcl9l,29071.0,0.1746266327678647,0.0,0.1059408601438429,0.0,0.0,0.0,0.0016258177833333,0.0004123460166666,16.902945781590862,0.0021108573797655,0.039497867730542,0.0766663179762359,-0.0371684502456938,-0.0114516638629319,-0.027008680018764,-0.0468709240759593,0.5599147710218155,0.3590515580953421,0.1943926185288271,-0.3026914215359211,0.4059224821713014
Hdac6,17769.0,0.0511482488637016,-0.3625700793801285,0.1025535468450134,0.0,0.0,1.2911137655995186,0.0,0.0,0.0,0.0,-0.0109605764618135,-0.0249736389404671,0.0140130624786535,-0.0475435938809922,-0.0491438000484931,0.0,0.0,0.0,0.0,0.0,0.0
Ap1s2,24649.0,-0.2194230005990252,-0.5849625006971113,0.1352278457256545,0.0,0.0,0.0,0.0,0.0,0.0,0.0,0.0058827781161662,0.0276933449112357,-0.0218105667950694,-0.0329494514495582,0.0148024588408836,0.0,0.0,0.0,0.0,0.0,0.0
Rrp7a,9368.0,0.1288623452841601,0.8813555034979101,0.0,0.0,0.0,0.0,0.0,0.0,0.0,0.0,0.0375287554672045,0.0728112415874204,-0.0352824861202158,-0.0557229413433408,0.0041702395111161,-0.0573372012363711,0.245930356991086,0.0465621956383071,-0.148838494595342,-0.2956225463895358,0.1038993968746783
Ddx39,11715.0,0.0510754177118233,0.0740005814433972,0.1948363697900133,0.0,0.0,0.0,0.0,0.0,0.0,0.0,0.00616940592781,0.0153884688513617,-0.0092190629235517,-0.0319309386783952,0.0012725158155953,-0.0095843607578807,0.5553851125093229,0.1407248628896003,-0.1375794122293634,-0.0935187539234165,0.1503092236474811
Gm14399,12519.0,0.0,0.0,0.0,0.0,0.0,0.0,0.0,0.0,0.0,0.0,0.0125901865818855,0.0092508115183246,0.0033393750635609,-0.0351499740413476,-0.0108108900440446,-0.1059669215351152,0.1476016973662954,-0.0111936362452666,0.0863854289174423,-0.2731501115190836,0.0947732852898485
Sf3a2,6726.0,0.3614003257043539,-0.5025003405256472,0.1332557104784994,0.0,0.0,0.0,0.0023490310899999,-0.0011255561399999,16.436765034077922,0.0021623425947783,0.0699734689657214,0.0882817568890882,-0.0183082879233668,0.0318839351481691,0.009132779633407,-0.086928421219728,0.4779387265384733,0.2025518437091257,0.0740293727780985,-0.3189786490729462,0.2894802649288538
Htr7,98773.0,0.0,0.0,0.0,0.0,0.0,0.0,0.0002108890698412,-3.727580158730158e-05,19.15241643865798,0.0006980974856505,0.018163228541908,0.0172866380072325,0.0008765905346754,0.0622267041477365,0.0482448699408876,-0.0945442831508904,0.3742963933473157,-0.0906919213570814,-0.3079445889799843,-0.6336289277245344,0.003852361793809
Trabd,11953.0,0.1800739575734931,-0.222392421333013,0.1403057097706418,0.0,0.0,0.3141085903517748,0.0002736563454545,1.2272700000000122e-05,16.77364024540806,0.0010506808008361,0.0233856238603565,0.0581212406390784,-0.0347356167787218,0.0100144032223038,0.0307756674631947,0.0665785713263654,0.4191981166933993,0.2108916982651951,0.0650512872400319,-0.0833389329476692,0.1443131269388297
Ptges2,9876.0,0.0,0.0,0.0,0.0,0.0,0.0,0.0,0.0,0.0,0.0,-0.0055206207891604,0.0067211240781825,-0.0122417448673429,0.0306322338287413,-0.0071794968357679,-0.0760209005881586,0.4246418088183898,0.1744548543851141,0.1236985873805203,-0.2340968982969467,0.2504757549732728
Clip4,95800.0,-0.2116380994042641,0.0,0.0,0.0110317894632107,0.2863907538536407,0.0,0.0012962246029702,0.0002626037990099,17.441073988873153,0.001664290854852,-0.0105206951918337,0.0004347409172565,-0.0109554361090902,-0.0895262595534011,-0.0768524866960869,0.0146702952777008,0.6365127129305874,0.1748523183952421,-0.2774613718071521,-0.2636318974141696,0.1601820231175413
Trpc4ap,58113.0,0.2935509245983687,0.3219280948837557,0.1774559516572775,0.0,0.0,0.4226910717443219,0.0021373913482142,-0.0005112323410714,16.44476234854105,0.0016946636842867,0.0295893931488021,0.0418128078270143,-0.0122234146782121,0.0146902628900454,-0.0284762731358477,0.0121936879617932,0.5114489604674096,0.2164375872516437,-0.1183881397756858,-0.2906516596374509,0.2042438992898504
Tmem130,25903.0,0.2940365519104135,-0.184424571136641,0.0,0.9247998923790948,0.4710492791499261,0.0,0.0005202565939024,-0.0001630562829268,18.314667210821263,0.0010038687534212,0.0064414847482233,0.012144532830569,-0.0057030480823456,-0.0287390964169563,0.001790427707571,-0.1395427839330059,0.5556246584356824,0.2593023000364096,0.2572699881017024,-0.4282060726133591,0.3988450839694156
Uqcc1,83416.0,0.2195714919115499,0.5849625007177206,0.0054610064150226,0.0,0.0,0.491419724243896,0.0024303802906976,0.0001231993581395,15.1032476006756,0.0023817579208858,0.0016537305921314,-0.0018091547894998,0.0034628853816313,0.0181140204509082,-0.0119645782282833,0.0993948875445218,0.5451991617153076,0.2763348168189002,0.1235384273217104,-0.0092890125726503,0.1769399292743784
Blm,80386.0,0.179998479690385,0.0,0.0885975412726789,0.0,0.0,0.0,0.00138676203,8.187626e-05,15.8968026852665,0.00033975793299,-0.0030500559368805,-0.0060542943812105,0.0030042384443299,-0.1302537565832183,-0.0745128274035396,-0.1540561806533447,0.4851395485700754,0.2450989840167802,-0.2855833484277419,-0.5014554677207235,0.399155164670125
Apbb1,23170.0,0.2465426541069055,0.1255308820833125,0.1556121808184396,0.0,0.0,0.0,0.00268504991,-0.0003623461199999,15.580626598608925,0.0005126566357596,0.0264166036626363,0.054642519544781,-0.0282259158821447,0.0189071847832422,-0.019162922340008,-0.1067264745944061,0.3026737878983789,0.1526838015440196,0.0431678297732363,-0.3079702124532972,0.2594102761384258
Chdh,31504.0,-0.0424763016896152,0.2630344058313891,0.0,0.0,0.0,0.0,0.0006665366542857,-0.0002165887485714,17.383730706495157,0.0007827065876667,0.0026697402692427,0.0093473219732639,-0.0066775817040211,-0.0377807235515271,-0.0315270124300069,-0.1212855034671389,0.493984567853576,0.1831118713051048,-0.0498604788475107,-0.2899476665102181,0.3043973747722437
Sema4a,25223.0,0.2076917251374683,0.2223924213347308,0.1046567880919052,0.053074632994559,0.1638192485244047,1.2662475389822652,0.00163141235,0.00163664085,16.073106195237674,0.0022298983245397,0.029431827273248,0.0429060639614689,-0.0134742366882208,-0.0845800999196591,-0.0782396547714181,0.0893953443181697,0.4599609855974309,0.2990493254796293,-0.1759827589118288,-0.1014867136442961,0.2096539811614595
Pqbp1,4750.0,-0.0582113925751279,0.0,0.11029360746372,0.0,0.0,-0.7884958942540603,0.0,0.0,0.0,0.0,-0.0203498730154232,0.0113107093949483,-0.0316605824103716,-0.0707123436523303,-0.0423903286895396,0.0,0.0,0.0,0.0,0.0,0.0
Dld,20176.0,0.0,0.5849625007091332,0.0,0.0,0.0,0.0,0.0008396278851851,0.0004872205555555,17.853894953282115,0.000790009430508,0.0173580857009284,0.0152596076768904,0.002098478024038,-0.0347883116741678,-0.0223030034581113,0.031645661518257,-0.0171900284561558,-0.0659694950664168,-0.1479525973178193,-0.0685521045169501,-0.0976151565846739
Mrpl52,2847.0,0.121931887523659,0.3048545815268042,0.2341132956117078,0.0,0.0,0.0,0.00125720773125,-0.000447143425,17.662741238860164,0.0011248809897339,0.0266883974910088,0.0659220504356672,-0.0392336529446584,0.0146387318351666,-0.035569433768566,0.0102968221305682,0.1096872793287637,-0.0196058110743986,-0.102155250684031,-0.1274102785432118,-0.0299026332049669
Noc3l,31109.0,0.0,0.0,0.0,0.0,0.0,0.0,0.00096716666,0.00033160552,19.502150684962963,0.0006012105148011,0.0002720718516286,-0.0028007005439536,0.0030727723955823,-0.0621397468452922,-0.0133304550662469,0.1576287668707942,0.3371118674636155,0.1801855782275941,-0.0794014799563269,-0.02565142773043,0.0225568113567999
Ankrd44,281047.0,-0.06533939370737,0.1443899093344516,0.1968594031013078,0.9345958736629398,-0.2983615721369768,0.3170964693363141,0.0011667502370558,8.519436751269032e-05,15.922389718155824,0.0010022843390509,0.0167816879859543,0.0122867789010977,0.0044949090848566,-0.0080751442334688,-0.0056904959761658,-0.136906164942532,0.2077314524779438,-0.4133284503575623,-0.8773943830842597,-0.9983932204078244,-0.2764222854150303
Wdr43,43136.0,0.2344840679072328,0.0,0.2188273667960454,0.0,0.0,0.0,0.0006322974045911,-6.625744213836475e-06,18.609480295292578,0.0012917249828169,0.0239149909929753,0.044771621064372,-0.0208566300713967,0.0154057381632235,0.0159245558989729,-0.0275455863346199,0.2606942943355463,0.1233195193095217,-0.0441986808824284,-0.2932981417665177,0.1508651056441417
Pygo1,26536.0,0.0564091553551659,0.1520030934434468,0.2053245790184413,0.0,0.0,0.0,0.0,0.0,0.0,0.0,0.066321530938762,0.0505385076522648,0.0157830232864971,0.1449723131280405,0.1508868907436119,0.108363056390884,0.1656945652170369,-0.0425676113614328,-0.2966953035654847,-0.2430155893702261,-0.1509306677523168
Mcm9,94124.0,-0.2804649421693588,0.5849625007151449,0.0144547741930098,0.0,0.0,0.0,0.0,0.0,0.0,0.0,0.0045885966892213,0.0205891313461784,-0.0160005346569571,-0.0323150551909346,-0.0044691074540252,-0.052370629621814,-0.0681269936739731,-0.3536896623013058,-0.8726261596006275,-0.3628046468402037,-0.3013190326794917
Atpaf1,34016.0,0.0363646909161534,0.222392421333013,0.0,0.7611005892255892,0.1290297663226731,0.0,0.0016157824285714,0.0006322354142857,16.50339294930053,0.001533727731719,-0.0065914712794472,0.0150193959331502,-0.0216108672125974,-0.0523558167418053,-0.030704996592656,0.098756336387488,0.4994184539375936,0.0996447431940156,-0.2308047469070122,-0.1076036797036597,0.0008884068065276
Wdr41,46970.0,-0.0214080212275371,0.0,0.0,0.0,0.0,0.0,0.0010158576863636,0.000300173325,17.794581782149653,0.0010083639928197,0.0309551603906703,0.0280383848758896,0.0029167755147807,-0.0165605664184176,-0.0396823635630028,0.0179528882195359,0.3256837658831621,0.0766905717769798,-0.3990413982374703,-0.1375559683335789,0.0587376835574438
Wdtc1,61022.0,0.0,0.0,0.0,0.1413982959613669,0.3941276175594148,0.0,0.0006990857071428,-0.0002171724964285,16.723195262424117,0.001277427308819,0.0063428221246419,0.0193209162036875,-0.0129780940790456,-0.0387908955018274,-0.030427398592575,-0.0226804629884708,0.5858221171864159,0.247238471788783,-0.0112253677050754,-0.1707087695483087,0.2699189347772538
Ccdc136,30685.0,-0.0873172521888565,-0.5849625007151449,0.0569019227586992,0.3506414876747873,-0.1282961507451138,0.0,0.001751178130303,-0.0005533484181818,16.652321248152244,0.0009527362181694,0.0265847321946436,0.0254690530783087,0.0011156791163349,-0.1486483122101651,-0.1007088623526928,-0.1155239803554783,0.4458048387739907,0.146008274424206,-0.1282961507451138,-0.3697602482636939,0.2615322547796844
Mtss1,140771.0,0.0,-0.4854268271619979,0.0,0.0,0.0,0.2895066171533487,0.0008581512396226,0.0001730990125786,15.97147014128033,0.000983179957133,0.0210312680382868,0.019687766675656,0.0013435013626308,-0.1559971600700027,-0.0888375493118077,-0.0485463319728032,0.519708448577691,-0.0711650958581097,-0.5522730009512173,-0.6235448113942228,-0.0226187638853065
Cd302,32495.0,-0.3851438146337456,0.5849625007151449,0.0,0.0,0.0,0.3841434912758985,0.0008126877571014,-0.000282562033913,18.235121163854267,0.0007701656765726,-0.0095692830220458,0.002216903392038,-0.0117861864140838,-0.0385772658407916,0.0126011391723387,0.2367784180660833,0.1273856465270422,-0.0412149121505545,-0.5629274831361987,-0.1744235847595981,-0.2779933302166378
Wls,98992.0,-0.2276904232038226,0.0,0.1997197394038148,0.0242067615089514,-0.4405449504186627,0.0,0.0,0.0,0.0,0.0,0.0016745779254524,-0.0092549688175998,0.0109295467430523,-0.0014643865045945,0.0232270982109563,-0.071128791934745,-0.1634309072250959,-0.4872831656620793,-0.9136145708166356,-0.3488904677321496,-0.4161543737273342
Efcab14,39583.0,0.0363646909161534,0.0,0.0,0.0,0.0,0.0,0.0009850823666666,8.250117777777785e-05,19.295937695526824,0.00067876683047,0.0070022078215618,0.0242309092985158,-0.017228701476954,-0.0065722454847928,-0.0566013968069697,0.0756446007257061,0.1405906619086514,0.1405906619086514,0.0649460611829453,0.0756446007257061,0.0649460611829453
Tbc1d23,62642.0,-0.068034151702522,-0.5849625007171486,0.0,0.0,0.0,-0.3443115893633603,0.0016955522789473,-0.0001279063157894,18.335598350827677,0.001428636724132,-0.0074625008364993,0.016124920643641,-0.0235874214801404,0.0531795181745042,-0.008637574278632,-0.1350618395506548,0.1303030130797887,-0.0917954593948869,-0.3697392623939506,-0.8894588489514583,0.0432663801557679
Dpm1,21543.0,0.3109822984520805,-0.7369655941613971,0.1159232724459919,0.0,0.0,0.0,0.000722593917647,0.0001470924235294,17.64366555989361,0.0011587682142242,0.0593269335658456,0.0765687842143135,-0.0172418506484679,-0.0200528405015365,-0.0014757719984845,-0.0622981674581805,0.651626199461405,0.2359425997783748,0.094359811494233,-0.3221816575717851,0.2982407672365554
Dnttip2,10883.0,-0.2464175070999088,2.1699250014236107,0.0,0.0,0.0,0.0,0.0,0.0,0.0,0.0,0.0023035818816942,0.013996498172385,-0.0116929162906907,-0.0170400719157024,-0.0166014477593918,-0.0196978262546432,-0.343550562539054,-0.343550562539054,-0.3238527362844108,-0.0196978262546432,-0.3238527362844108
Sil1,233384.0,-0.0381051892051234,0.8073549220421463,0.0,0.3462171017862805,-0.3406817591972951,0.6520766963298756,0.0002607247191489,-0.0005879189957446,16.32501113955221,0.0008855786708914,0.0084628287323992,0.0170783880144299,-0.0086155592820307,0.0435258632583951,0.0341330273092698,-0.0224194448786472,0.6362962382871655,0.0664421482896742,-0.4400733530125196,-0.9328048788287588,0.0888615931683214
Adamts20,195255.0,0.0,0.0,0.0,0.2080550048932272,0.2550274644645963,-0.0250909809584666,0.0006271182875,3.374759583333323e-05,17.454074378406304,0.0005851664436932,0.010080908115951,0.0177136473471748,-0.0076327392312238,0.0547595691857906,0.0436254104123833,0.099357304079375,0.5651514193903244,0.1060132379745611,-0.4270238107302366,-0.3648207756825786,0.0066559338951861
Gm12743,27424.0,-0.2360436887316712,0.2630344058289848,0.0109180971754995,0.0,0.0,0.0,0.0015924558538461,-0.0004260792384615,17.80387133285602,0.0007356817586078,-0.0053253826596635,0.0120433730646347,-0.0173687557242983,-0.0021893961041699,0.0372083979865842,-0.1548529873969711,0.2852936485715022,-0.0071033361599904,-0.1966236766707503,-0.5280732858567663,0.1477496512369807
Helq,36453.0,0.0046042028240562,-1.5849625006890964,0.0980913916615584,0.0,0.0,-0.0679040644938119,0.0007893945473684,0.0004520365508771,17.21458117391768,0.0008801743421196,-0.0093376520377016,-0.0023360296839879,-0.0070016223537136,0.0497910806957072,0.0061325812018272,-0.0557958336807917,0.2234687628473359,-0.1097611381421801,-0.2070822303691795,-0.2967344952020252,-0.0539653044613884
Fbxo36,60646.0,-0.0012586061054564,1.2223924213227084,0.1791338455531727,0.0,0.0,0.0,0.0,0.0,0.0,0.0,0.0086363646133426,0.050914478617768,-0.0422781140044253,0.0094108793111651,0.0265463758385717,0.1125004784334543,0.436999837113626,0.0275475373006605,-0.5527328417333879,-0.0744291117190845,-0.0849529411327937
Nap1l2,2464.0,0.0,0.0,0.0,0.0,0.0,0.0,0.0,0.0,0.0,0.0,-0.0403085045610366,-0.0044216502097558,-0.0358868543512808,-0.0747879441364876,-0.0491560867242123,0.0,0.0,0.0,0.0,0.0,0.0
Stradb,22193.0,0.0125319936895809,0.0,0.1685577347608934,0.0667735654564196,-0.2713141770162579,0.0,0.0007188409975308,-2.1556598765432145e-05,17.620497481070068,0.0008081358520428,0.0273054649562663,0.0730927691161806,-0.0457873041599143,0.0485263051183516,-0.0247726327730257,-0.0564101033575286,0.1801104101922727,-0.1320305117804149,-0.2713141770162579,-0.1278653738945143,-0.0756204084228862
Rimbp2,195695.0,0.0,0.0,0.0,0.2442717086123648,0.3256884668643844,0.800059287003438,0.00090700146344,-0.00064739048984,15.859974242545688,0.0011920496480961,0.0858942165955192,0.118797863437025,-0.0329036468415057,0.2130927419095696,0.1789179577298814,0.0652071764190102,0.8119799483521095,0.2071657773471519,-0.372013110497173,-0.2942834546401816,0.1419586009281416
Grik2,693933.0,0.0,0.0,0.0,0.992638171312523,-0.4327328197689546,0.0443941193447914,1.895332536585366e-05,0.0001940919102439,21.289021580097387,0.0004869063724541,-0.0009153348880654,-0.002781645626315,0.0018663107382496,0.1133370205108547,0.0882698633277174,-0.0374770008925854,0.4505622874915709,-0.2941185324647755,-0.6958966817829735,-0.7616929625490408,-0.2566415315721901
Sh2b3,22158.0,0.0,0.3479233034174966,0.0,0.0,0.0,0.0,6.491816470588236e-05,0.0006803600352941,16.50009941865425,0.0007798336166185,0.0226792695096531,0.0655847191288219,-0.0429054496191687,0.0151041293389194,-0.0112018542850172,-0.0931592291175934,0.5798453045449701,0.3347453177397599,0.1650579646376564,-0.2041737008135715,0.4279045468573533
Tbc1d13,18267.0,0.1768035555400287,-0.2115041051926764,0.0757389729489303,0.0,0.0,0.0,0.0,0.0,0.0,0.0,0.0234686323267401,0.0130970601546878,0.0103715721720522,0.0382209066763185,-0.0350841030232502,-0.2169865422350502,0.3921456013368345,0.1390757067951717,0.24278698623595,-0.4467507931116574,0.356062249030222
Taf1b,60180.0,0.1437753451446526,0.8797057662796535,0.0014652297841316,0.0,0.0,0.0,0.0017135961818181,0.0009991137272727,14.354564435169522,0.0011436764111703,0.0103092891926782,-0.0013054118248473,0.0116147010175256,-0.0249627510137491,-0.0384125700314256,-0.04435269538752,0.4205675472771899,0.1378353056269293,-0.1483509825026231,-0.3550867336770786,0.1821880010144493
Ranbp10,59042.0,0.0858215457624447,-0.1805722456406893,0.1225224562912301,0.0,0.0,0.0,0.0001999741931034,0.0002943458172413,16.92887564561624,0.0006823493908043,0.0311487448268481,0.0271998246117817,0.0039489202150664,0.0530576896590392,0.0365036036276863,0.0764396648926121,0.7247161365819444,0.2249431074727211,-0.2404918819325534,-0.2595180364837265,0.148503442580109
Bag5,3769.0,0.2415390675389894,0.2630344058321907,0.1453416248137502,0.0,0.0,0.5034763802274563,0.0015600755611111,-0.0008842359222222,17.138671681366148,0.0010126185310141,0.0283180989351358,0.1454028489462684,-0.1170847500111326,-0.0263086157720936,-0.1157238487061071,-0.1093795730979813,0.1913853574483788,0.1147811695209799,0.1515230591265732,-0.2396232561958236,0.2241607426189612
Pcsk5,405313.0,0.0,0.0,0.0,0.0,0.0,0.0,0.0004471115614243,-0.0002217345356083,16.969035891312533,0.0009448964279825,-0.0116993451570717,-0.0172005181176252,0.0055011729605534,-0.1461145763854722,-0.1038185371411537,-0.2392047041014333,0.0247983817437146,-0.2641278364196586,-0.5179945255740757,-0.8091228693718749,-0.0249231323182253
Ppp2r2a,58388.0,0.175233774769469,0.0,0.0924425937536086,0.0,0.0,0.0,0.0008826367633663,-0.0002805012247524,18.148149754706917,0.0007981699553021,0.0059726397695465,0.0316622526343453,-0.0256896128647988,0.0762239759484466,0.0787083762005049,-0.0575078501668719,0.3946535464191297,0.0475049131588643,-0.169559552112449,-0.4561637049170137,0.1050127633257363
Ilkap,24954.0,0.0341259051347773,0.2801079191909164,0.0029548825837879,0.9990674863576708,0.4521054987087011,0.0,0.0006626200875,-0.0002738691193181,18.097941609401506,0.0007174733315651,0.0615806810178793,0.0533844405540009,0.0081962404638783,0.0370164411631994,0.0245291273523211,-0.062765839985771,0.5706561330749503,0.2721563590978818,0.1676661173880456,-0.2034444424040062,0.3349221990836528
Clcn1,29071.0,-0.4402407171961746,-0.3959286763293175,0.0,0.0,0.0,0.0,3.439818000000002e-05,-0.0001584642571428,19.150885837690996,0.0006275932583509,-0.0048125844485312,-0.0166116500631111,0.0117990656145798,-0.1146916170916097,-0.072070437341339,-0.2206197482470296,0.1084563107814575,0.0294724976350781,-0.0038123800504297,-0.3955405610331879,0.2500922458821079
Timp3,49134.0,0.0842044836192732,0.2515387669948659,0.1478509495382494,0.0,0.0,0.0,0.0007371306892307,7.442760307692306e-05,17.021550042951525,0.0009569125572364,-0.0111941617669011,-0.0055296185956313,-0.0056645431712697,-0.0455739345610404,-0.0103458558691154,0.0984502993286251,0.7567862995157981,0.1931288551625156,-0.1673711632790178,-0.3145389629590495,0.0946785558338905
Idh2,20546.0,0.3295165165275264,0.1069152039157192,0.1253022257750679,0.0,0.0,0.0,0.00074531455,-0.0006730453266666,17.142111944305228,0.0009359198636645,-0.0146017585213258,0.0172597582801814,-0.0318615168015073,-0.060220075153683,-0.0881013809211141,-0.0711256191266647,0.3015876813097662,0.1018652064955522,-0.2083578366012101,-0.4365967045312873,0.172990825622217
Rnf40,16032.0,0.0792078268473552,-0.2223924213347308,0.0734103950065147,0.0,0.0,0.0,0.0004708851846153,-0.0011339759815384,17.17554192317654,0.0015008385193727,0.0167686133436947,-0.0029108519402097,0.0196794652839044,0.0291244738943141,0.0046687019037148,-0.060364416832714,0.1009312639384065,0.0872356210591118,-0.0187968077700911,-0.2266622083545073,0.1476000378918258
Serpinb6a,84876.0,-0.1685439272745115,-0.4854268271619979,0.0,0.0,0.0,0.0,0.00017593535,0.0002427170999999,19.834586210942284,0.0004148782868518,-0.010379044358746,0.0224577075311416,-0.0328367518898877,0.0724822166852002,0.0437826061883684,0.0097823732842403,0.5880658112575416,0.0763890130452971,-0.1826727645299199,-0.307721278781776,0.0666066397610567
Rspo3,83451.0,-0.2564195985445963,0.0,0.0,0.9486272159339773,-0.2292688290521005,0.0,2.6757643478260888e-05,0.0001723136028985,18.70520853834966,0.0008140249318381,-0.0085137720253644,0.0197492399241778,-0.0282630119495422,0.0652657257440042,0.078556072719139,-0.0719864658875787,0.245533485185339,-0.3440587647691415,-0.5722341135001615,-0.5033162234219338,-0.2720722988815627
Panx2,13833.0,0.2676391554584891,-0.5145731728235754,0.0860010825995617,0.0,0.0,0.2074102952104115,0.0002971838499999,0.000244211475,16.50651032336323,0.0011495678058994,0.0519363027052632,0.0858498200850482,-0.0339135173797849,-0.0559975343805079,-0.0406253777755059,0.122969048549952,0.4191981166933993,0.263778205118347,-0.2748808139109244,-0.1239241027675812,0.140809156568395
Mrpl36,3665.0,-0.2625181882668679,0.0,0.0,0.0,0.0,0.0,0.0001701580519999,0.000220951859,19.068868374664014,0.0009295234236839,0.0393097573626262,0.0556936130670643,-0.0163838557044381,-0.0672488583383695,-0.0341803415582465,-0.0447199101389879,-0.1183191705820925,-0.1183191705820925,-0.0735992604431046,-0.0447199101389879,-0.0735992604431046
Cggbp1,7511.0,-0.1776143132075427,-0.5145731728235754,0.0,0.0,0.0,0.0,0.0018034027625,-0.00099756054375,19.272847254056646,0.001035249908548,0.0138700033473105,0.0626372408790227,-0.0487672375317121,-0.0060895879076462,0.0095950287252445,-0.0095045857443115,-0.0735842119166747,-0.2912187134325816,-0.4119131756286549,-0.0665067204856511,-0.28171412768827
Pxn,49311.0,0.0,0.0,0.0,0.0,0.0,0.1389347234591392,0.0018516222823529,-0.000564875817647,15.277016602247116,0.0017545226763611,0.0156479135278073,0.0220329675017498,-0.0063850539739424,0.0028728426831801,0.0008988815465205,0.0336784698113941,0.7917909383905828,0.3725587365369065,-0.1782754652894345,-0.3009559906801167,0.3388802667255123
Got2,24413.0,0.202781685844585,-0.3219280948837557,0.2026785945411079,0.0,0.0,0.4930400111254418,0.0008045038999999,-9.64202049999998e-05,16.85150889438246,0.0006185978400378,0.0182654424082863,0.045752181988086,-0.0274867395797997,-0.0238093226791484,0.0374021382707603,-0.0201679330595012,0.4125174145552109,0.0638577475310915,-0.2762668951412395,-0.2312780158293514,0.0840256805905928
Mapk1ip1l,24938.0,0.0356020996007369,-0.222392421333013,0.1734920607728595,0.0,0.0,0.0,0.0011117394464285,0.0004886853964285,16.387095032768325,0.0013128315397109,0.0267878681781794,0.0020455691143514,0.0247422990638279,-0.0410257581235152,-0.0320398909766532,-0.1369138910239316,0.4716965006572852,0.0047705498575596,-0.024100544189934,-0.4966440881751861,0.1416844408814913
Gm15513,1992.0,0.1764788951396143,-0.415037499274836,0.1053554560509802,0.0,0.0,0.0,0.0011447183974358,-0.0005441248487179,17.02463108926384,0.001128278899735,-0.0170887686205725,-0.0107947222821089,-0.0062940463384636,-0.0385388254850327,-0.0695699771881352,-0.2305393383464484,0.2706845057300953,0.1154544326600456,0.1971922148005001,-0.4820723855185415,0.3459937710064942
Bbs7,40335.0,-0.2718748786514036,0.4974996594683416,0.1505440076072757,0.0036991090560505,-0.0927834167614076,0.0,0.0001936157367647,-1.4311761764705875e-05,18.820400765234176,0.0008093091597536,-0.0212445274218375,-0.0003937204518654,-0.0208508069699721,0.0764201468710905,0.0406324297346435,-0.1600285452483208,0.3827354737228596,-0.192433934680142,-0.2639483930890938,-0.5296237374271981,-0.0324053894318212
Tmem161a,11325.0,0.1798760448450096,-0.4360991148044597,0.2031881760395822,0.0,0.0,0.0,0.0004009210142857,-2.8290085714285714e-05,17.078108911500344,0.0009350709120782,-0.0160426641939123,-0.0054760039722923,-0.0105666602216199,-0.0363443660241818,-0.0508619830396215,-0.0619583494639286,0.0226514545661826,0.0226514545661826,0.0846098040301113,-0.0619583494639286,0.0846098040301113
Mettl22,19896.0,0.3388435491616732,0.0,0.0752240644172646,0.0,0.0,-0.1926450778779898,0.0009432156813461,0.0001001842538461,17.297641111963774,0.0014210489964179,0.017562692980771,0.0128701816272257,0.0046925113535452,-0.0606462184245788,-0.062608757779531,-0.0056228375552328,0.528564799568931,0.3073095424343636,0.137011501975753,-0.2725681841114951,0.3129323799895964
Crim1,176344.0,0.0124491401322512,0.5849625006971113,0.0,0.006160448919842,-0.197944775859197,0.0,1.7869186849315064e-05,0.0001048610523972,20.02420242932409,0.0005957828340584,-0.0252940964894587,-0.0251732080263826,-0.0001208884630761,-0.1929079854676575,-0.1852964658172275,-0.0550814003098089,0.6154422502441748,0.045741414139096,-0.3325671203516755,-0.5721284659019541,0.1008228144489049
Wrnip1,20571.0,0.0,0.0,0.0,0.0,0.0,0.0,0.0,0.0,0.0,0.0,0.0329614767962441,0.0373444853187048,-0.0043830085224607,0.0837599813428187,0.0362897652575526,0.0272479248674896,-0.0195876789641865,-0.1659566286008089,-0.3354211174154793,-0.1162058791583424,-0.1932045534682986
Plxnb2,25239.0,0.1800739575734931,-0.1699250014413102,0.0,0.0,0.0,0.0,0.0012838714777777,-0.0005883715777777,15.997466205888884,0.0013754840085323,0.0277065904961788,0.0324783065593709,-0.0047717160631921,-0.0500858546837105,-0.0626619239426117,-0.1052547611623758,0.4065999447967675,0.2162641737812759,0.0737439895185763,-0.2576360473303906,0.3215189349436518
H2afz,2435.0,0.0,0.0,0.0,0.0,0.0,0.0,0.0017740459285714,-0.0003113943857142,17.158053958159947,0.0019460422339737,0.0879681600710331,0.1803736236366679,-0.0924054635656348,-0.1013089461844417,0.0341029330368003,-0.0456944034062197,-0.1223351472678944,-0.2144173074618422,-0.2790017802384112,-0.1317206140583851,-0.1687229040556224
Sgpl1,49061.0,0.1516657387232438,1.0703893278838406,0.206884466872177,0.0,0.0,0.0,-0.0003109982777777,0.0008403459333333,19.258770798608765,0.0005181569792279,0.0434483799857019,0.0560474536779677,-0.0125990736922658,-0.0283105763366185,0.0107926630910902,0.0006027571250787,0.3688930348121694,-0.0381691809126061,-0.4716100241578337,-0.2785011398407298,-0.0387719380376849
Actl6a,20675.0,0.0,0.7776075786549645,0.0,0.0,0.0,0.0,0.000995904071875,0.000398097871875,17.077258226746668,0.0007656123041615,0.0314799694133655,0.0073034911251842,0.0241764782881813,-0.0882124480495571,-0.0614187135549811,0.0004117812766088,-0.1810480732279282,-0.2311956248330741,-0.3006376941726746,-0.0468022835029344,-0.231607406109683
1700037C18Rik,13510.0,0.273111749671814,-0.2995602818568268,0.1416550093162327,0.0,0.0,0.0,0.0015914909249999,-0.0003910003535714,16.50676810584332,0.0013395045998364,0.0127472969465251,-0.0130987753022853,0.0258460722488105,-0.0880713083651446,-0.0864132278580321,-0.0664132552115593,0.5396881779850631,0.2618141679638765,0.187817178719984,-0.160178877317537,0.3282274231754358
Cog7,102348.0,0.1665963090056155,0.222392421333013,0.0777072657392558,0.0,0.0,0.0,0.0004916306213888,-0.0001965912418888,18.2895576438966,0.0013261387492185,0.0035301958903569,0.0049508310157699,-0.001420635125413,-0.0267839666623905,-0.0464711329877413,-0.143571966416507,0.5014742409812077,0.1894727952520597,0.1820131225422185,-0.5145774433862474,0.3330447616685668
Rab11fip5,39672.0,0.0,0.0,0.0,0.0,0.0,0.0,0.0009389343999999,-0.0002476990047619,15.99953199467731,0.0009313432394721,-0.0094574355876844,0.0254264920919149,-0.0348839276795993,0.0120984242889523,-0.0536815082875872,-0.1266525587907701,0.3676094982329965,0.0455549487844122,-0.0342097827967347,-0.7962043699315118,0.1722075075751823
2510002D24Rik,3582.0,0.2014812332393738,-0.1255308820827658,0.0823218806482748,0.0,0.0,0.0,0.0,0.0,0.0,0.0,-0.0241114835828567,-0.0028851656994171,-0.0212263178834395,-0.0492231974231631,-0.0809146174348065,0.0164000354116115,0.1060348056140227,-0.0219184081221858,-0.1560223263159947,0.0061507044576003,-0.0383184435337973
Kif3b,41977.0,0.0,0.3870231231066356,0.0,0.0,0.0,0.0,0.0008585461294117,0.0004548329941176,16.717574698116895,0.0009669614224816,-0.0035867829691459,0.0062252433433492,-0.0098120263124951,-0.012613578060158,0.0647389998863666,-0.0750363409966545,0.3094075248445784,0.069119901254128,-0.2546514888671891,-0.3227439778045426,0.1441562422507826
Rif1,49551.0,-0.3187427929026247,0.5145731728235754,0.0,0.0,0.0,0.0,0.00035222085,7.774639071428571e-05,20.753674375527027,0.0003611405568761,-0.0134238268768432,-0.0144295144761261,0.0010056875992828,-0.0095458530902494,-0.0282569694224521,-0.1388007894306605,0.2593606265113588,-0.0017340383988086,-0.0581212127578361,-0.1705741960648423,0.1370667510318519
Ell2,65607.0,-0.2850148546940088,0.3959286763293175,0.077916705432309,0.0,0.0,0.0,0.0005993017875,0.00015508004375,17.49336403151979,0.000740397575682,-0.0006243244135411,0.0447857900568338,-0.045410114470375,0.0827620155328416,0.0929302913646809,0.0345509198090733,0.2281698662473995,-0.3308987855304244,-1.2726956641059175,-0.511971088126524,-0.3654497053394978
Nptxr,18415.0,0.0267735642739399,0.432959407274236,0.0,0.0,0.0,0.0,0.0,0.0,0.0,0.0,-0.0336576102201851,0.0099566935318575,-0.0436143037520426,-0.0244066487749511,-0.0655348358898293,-0.1682918317619057,0.3054858301423458,0.20298640925118,0.1261117072314681,-0.5993731187101113,0.3712782410130857
Rfc1,73820.0,-0.0709011424519565,0.0,0.1216532970679802,0.0,0.0,-0.0246620542300533,0.0004830102948051,-0.0002473245792207,17.435315627255548,0.0010210982337105,0.0043672146415573,-0.0018703254788642,0.0062375401204216,0.0976980631886741,0.0565703372180041,-0.2343301765761302,0.3467264765454891,-0.0552301304039565,-0.1663806414507559,-0.6041142815286707,0.1791000461721737
Zfp667,21304.0,0.2031335034374866,-0.999999999981966,0.1688100412463611,0.0,0.0,0.0,0.0,0.0,0.0,0.0,0.0157975907089669,0.0027564067803927,0.0130411839285741,0.0981562846533278,-0.0073352455135734,0.0980413802076624,0.9624613259148278,0.3846049651934747,0.0247463631269019,-0.1137879253069673,0.2865635849858123
N4bp2l1,25544.0,0.3525305290973031,-0.4854268271619979,0.2613584183658672,0.0,0.0,0.0,0.0026167712962962,-0.0008858263444444,16.318246311509398,0.001076005681646,-0.0030472311518889,0.0416531386154634,-0.0447003697673523,-0.0206133391840382,0.0163070966933571,-0.0874561390675556,0.5030297073988694,0.1321285355172521,-0.0218674617291064,-0.3769048438850834,0.2195846745848077
Ccnl2,12054.0,0.4365930072826107,0.0,0.1416443778460296,0.0,0.0,0.0,0.001666482635,-0.0007787540949999,16.592801380275606,0.0010005288263478,0.0535467076427038,0.0672538113994259,-0.0137071037567221,-0.0192411149325668,0.0314524880118405,-0.0216660899765302,0.4347949716945755,0.202781319057976,-0.0932640824127539,-0.2260605840371462,0.2244474090345062
Ccdc186,34709.0,0.0,0.0,0.0,0.0,0.0,0.3483882519511051,0.0,0.0,0.0,0.0,0.0623812057784572,0.0403846603483443,0.0219965454301129,0.0884437222841127,0.0767118147655576,0.1162524868430489,0.5065963224987939,0.1470776390615389,-0.5197416817658835,-0.0290969681280772,0.0308251522184899
Atraid,6311.0,0.1839526840974295,-0.2801079191909164,0.1146582033564641,0.0,0.0,0.0,0.0025820090583333,-0.0002460516624999,16.475858266892335,0.0015124014978413,0.0535656929376453,0.0898378831726695,-0.0362721902350241,0.0395258771958978,-0.0330821867944511,-0.049502271613385,0.8400646946824752,0.2772474637874862,0.1716014311532587,-0.2117968587908554,0.3267497354008712
Cwc22,65216.0,-0.3352126415691936,0.3219280948837557,0.0,0.0,0.0,0.0,0.0016416236666666,-0.0002842636466666,16.439126824433014,0.001109350791332,-0.0011360477825488,-0.002860560084052,0.0017245123015032,-0.0448699289757751,-0.019184429997106,-0.1530639814600185,0.2759251587917251,-0.0616212267174171,-0.2864986189362553,-0.6982694960755678,0.0914427547426013
Etf1,29222.0,0.0304629842944472,-0.6780719051018176,0.0918379717124261,0.4604177954367588,0.0576159059638463,0.0,0.002146433925641,-0.0007455892487179,16.6526819525535,0.0011133650155725,0.023971217144789,0.0454568660246834,-0.0214856488798944,-0.010435074511619,-0.0021554794756135,-0.0928649538233934,0.3240595664154521,-0.0031314035761062,-0.4050284239678554,-0.4578248392420058,0.0897335502472871
Gpr161,30956.0,-0.2201955099031138,0.0,0.1338453640996619,0.0,0.0,0.3959286762400217,0.0,0.0,0.0,0.0,0.0490728454939293,0.0562229333146628,-0.0071500878207335,0.0940146636302416,0.0670933909391655,-0.0184549865887512,0.091536915276269,-0.1412506584357425,-0.2505998984396473,-0.2696952424916286,-0.1227956718469913
Zfp64,62256.0,0.0,-0.2016338611687098,0.0,0.0,0.0,0.0,0.0001269535166666,-0.0002258994874999,18.152468762165334,0.0007432927276895,0.0200853140480859,0.0336993240605429,-0.013614010012457,-0.0345533499982601,0.0152340878361604,-0.0397402965234879,0.7738836176662276,0.2155418160482494,-0.2402232910523132,-0.5502974327617832,0.2552821125717374
Aagab,41928.0,0.0,0.6214883767423856,0.0,0.0,0.0,0.0,0.0008539163895652,-9.044502608695652e-05,17.529766336957657,0.0009600576438726,0.0092442300298875,0.0210331004336993,-0.0117888704038118,-0.053714525108546,-0.0772027848921366,0.0219515670874861,0.5377951256380642,0.1603138613305639,-0.1620022009345569,-0.1459973344010436,0.1383622942430778
Rufy2,36987.0,-0.0973106922937701,0.0,0.0,0.0,0.0,0.0,0.0011210656789473,0.0003228214578947,17.0374774377942,0.0006253092242893,0.0184233286795467,0.0441958078161349,-0.0257724791365882,-0.0273000013841188,-0.0702108114778815,0.1051458527478913,0.4618070447413507,0.0597403388120433,-0.4178296579074727,-0.210546457511332,-0.045405513935848
Tacc2,187347.0,0.0251333988014916,0.2895066171920701,0.0,0.4899111343439624,0.3210041525806524,0.0,-0.0002690847878125,0.00024791000375,19.15282260654901,0.0004545348831966,0.0052245428032987,0.0113664255680558,-0.006141882764757,-0.0401805534899254,-0.01396243065753,-0.0005455487810932,0.6545761795330329,0.3042534799839114,-0.2340151962026874,-0.4481961380555683,0.3047990287650046
Zmpste24,39004.0,0.0436114052302354,0.8479969065421264,0.0,0.0,0.0,0.0,0.0026191059461538,0.0001322459461538,16.229815886450275,0.0007588538084676,0.0176992243648904,0.01381779720309,0.0038814271618003,-0.037485347631476,-0.0577795803949275,-0.0249672682955913,0.3395309751966356,0.1202567271328228,-0.249405319324423,-0.3848615677357629,0.1452239954284142
Tjp2,130525.0,0.0,0.0,0.0,0.0,0.0,0.0,0.001194710466129,0.0008900317612903,16.094560344874214,0.0013741183695557,-0.0045646029542841,0.0095341357304131,-0.0140987386846972,-0.044645696556354,-0.0365994555159243,-0.0039453250913824,0.5536557804653047,0.1314509231059724,-0.4461096518025601,-0.8640921287571255,0.1353962481973549
Kdm4d,37934.0,-0.2472072980122637,0.0,0.058251645663611,0.0,0.0,0.0,0.0,0.0,0.0,0.0,-0.036760011044399,0.0031353199153472,-0.0398953309597463,-0.0191018756661893,0.0043810235161723,-0.0715232853386399,-0.0502438339563076,-0.1186898545079693,-0.0757424714396375,-0.1486980266558917,-0.0471665691693294
Cab39l,144792.0,-0.2080223651712209,0.0,0.0,0.010623469916549,-0.305931993846642,0.0,0.0,0.0,0.0,0.0,0.0002245884189577,-0.0106594632286825,0.0108840516476403,-0.048353472392803,-0.0315204607662303,-0.0799012325957028,0.3016989016672052,-0.2656294060204608,-0.5848819960296923,-0.3696490278844153,-0.1857281734247579
Cyb561,19634.0,0.0,0.0,0.0,0.0,0.0,0.0,0.00047303415,0.000620317575,18.86951967155233,0.0003552221960585,0.0171379806529805,0.0330316730122977,-0.0158936923593171,0.0155831576290237,0.0300763009132865,-0.0790500047065451,0.3740432667692898,0.1814935005282431,-0.1766489769055015,-0.4236990553800892,0.2605435052347882
Marcks,5545.0,-0.3065582995010953,0.0,0.0727064779370084,0.0,0.0,0.0,0.0,0.0,0.0,0.0,0.0051582358362307,0.0108262409165997,-0.005668005080369,-0.0464593219870043,0.027539397153524,-0.0120573297365003,-0.2975783820981217,-0.3358170061504038,-0.408691568274143,-0.0903157101265117,-0.3237596764139034
Btg3,44555.0,-0.0553597591584078,-0.3219280948801484,0.0900307407705472,0.0,0.0,0.0,0.0025002089545454,-0.0009323700818181,17.365514581312116,0.0016655076339264,0.0018622989734441,0.0065025161252837,-0.0046402171518395,-0.0241562242099621,-0.0331427259317341,-0.0284125839122841,-0.0283725484563593,-0.1541705797501544,-0.280384441790225,-0.2592597898058278,-0.1257579958378702
Atat1,12480.0,0.2288694442836485,-0.1255308820827658,0.055993309463357,0.0,0.0,0.7224660241869238,0.000980731875,-0.001138483625,16.10079373517027,0.0013209795098656,0.0061770468366186,0.0341469020540103,-0.0279698552173917,-0.0333383055697014,-0.0599216801176447,0.0128571274659313,0.253657786249188,0.2119276188239469,0.0863854289112981,-0.0499118735856622,0.1990704913580155
Qsox2,28888.0,0.2483777795622757,-0.1255308820827658,0.2012103081211935,0.0,0.0,0.0,0.0013184302833333,0.0002663849666666,17.27852036428451,0.0031049254193614,0.0206295618292098,0.0361444092987998,-0.01551484746959,0.0608781646781266,0.0219297200808037,-0.0689799464839662,0.8386327391348528,0.2401837355560598,0.0533703716909155,-0.3176717371209321,0.309163682040026
Ost4,1903.0,0.0,0.0,0.0,0.0,0.0,0.0,0.0010575071363636,-0.0005715393818181,17.302507353793587,0.0006152755106208,0.006922790762477,0.000679846167095,0.0062429445953819,-0.1279695117687621,-0.0449657892252471,-0.0775203334292453,-0.0196956610799052,-0.0381176484298749,-0.0175872322739492,-0.1160882633525952,0.0394026849993703
D330041H03Rik,9893.0,0.2990148813157791,-0.5849625007151449,0.0829732136396845,0.0,0.0,0.0,0.00145655636875,-4.099557500000014e-05,17.381466770486234,0.0007544049380264,-5.258217850467872e-06,0.015257557063807,-0.0152628152816575,-0.0361474752037989,-0.0694199075347342,-0.1235632831129851,0.5468248253588698,0.2391089205841013,0.203668950611928,-0.3129038439937632,0.3626722036970865
Gm17750,39475.0,-0.2830253225524544,-1.087462841240792,0.0847821211914474,0.8226612995974698,-0.3138168481962233,0.0,0.0002426479617037,2.525747637037036e-05,19.031363394965684,0.0008074002351593,-0.0036089024522233,0.0271216204319498,-0.0307305228841732,0.0019293143383089,0.014502003948431,-0.0532498095912639,0.1461418931271794,-0.4339385118317041,-0.8187029240183425,-0.2838979073137535,-0.3806887022404402
Rab43,23311.0,0.0176373375762963,0.3219280948837557,0.085298977305628,0.0,0.0,0.0,0.0013749532411764,0.0001867547058823,16.63906699079582,0.0014376580354743,0.021303959892696,0.0327622953090098,-0.0114583354163138,-0.0154883764398385,0.0052240821392256,0.1272834195091412,0.2403690084559815,0.0783054759877857,-0.078282314896338,-0.0386214466514411,-0.0489779435213554
Rnf208,2007.0,0.0,0.0,0.0,0.0,0.0,0.0,-0.000142035,-0.0002799688333333,17.290054801847436,0.0004948386015967,-0.0561708725557705,0.0264444829521935,-0.0826153555079641,0.0265448933060259,-0.0405712886908083,-0.0335651574221687,0.4044658730137129,0.2331692549375469,0.1104309028859988,-0.1624088318263218,0.2667344123597157
Arf4,27010.0,-0.0794014799568447,1.7369655941325433,0.0,0.0,0.0,0.0,0.0010170441190476,-0.0001404708619047,17.2377421362277,0.0010651709243385,0.0120159516696,0.0350838672386933,-0.0230679155690933,-0.029694281796228,0.0549767493626414,-0.088526242639728,0.5529549327403369,0.0395500104856183,-0.2664955942843994,-0.4700142482514325,0.1280762531253463
Ola1,126123.0,0.0,0.4150374992668215,0.0,0.0,0.0,-0.3959286762855804,0.0009221806282758,3.315072706896558e-05,17.17820793946078,0.0012253646858371,0.0076908247178248,0.0059982538961224,0.0016925708217024,0.0046186170232976,0.0158559498401276,-0.0252494596868497,0.65914890934891,0.0470612862005744,-0.3963966769266625,-0.4997910046861682,0.0723107458874242
Megf11,323579.0,-0.030653992269241,0.7104933828024649,0.1065813654591129,0.0,0.0,0.5011910338392362,0.0002167006326562,-8.642533645833335e-05,17.30617678684751,0.0009181587207647,0.0035588556941842,0.007865137894897,-0.0043062822007128,-0.1177466642729988,-0.1008456869779514,-0.1741825170378062,0.7456000106549221,0.2425729766755257,-0.2440042446898001,-0.7035333689468684,0.416755493713332
Gm5577,24588.0,0.1614150504191518,0.2115041051926764,0.0699434546047538,0.0,0.0,0.0,0.00207753582,0.000195539514,16.868610495887136,0.0020502184282959,0.0533918879510588,0.0744415911924837,-0.0210497032414248,0.065478301662731,0.0351332710292421,-0.0133175119311287,0.3659348213489886,0.1290983849502509,-0.1852450005909162,-0.1379676696926766,0.1424158968813797
Ppp6r1,27524.0,0.2813389280495744,0.4150374992668215,0.2255203262056234,0.0,0.0,0.0,0.0,0.0,0.0,0.0,0.034461645051614,0.0618723237182059,-0.0274106786665918,0.0086332246553484,0.037198683908219,-0.0597536157148921,0.9404350197171046,0.3320494463079735,0.1603860103462263,-0.3040195031987651,0.3918030620228657
Nrg3,1104136.0,-0.1887442022338614,0.8479969065421264,0.0,0.3881130113993228,0.3087778502414005,0.17154937200115,0.0006314029369031,3.427196532871974e-05,18.62136355205745,0.0009383290426959,-0.0105122826787122,-0.010825907548339,0.0003136248696267,0.0127507216924067,0.0087574465182609,-0.0546717599871241,0.7009690850195551,-0.0311204909901993,-0.5948310719338519,-0.7826645294625522,0.0235512689969248
Ndel1,50424.0,0.2437103935815052,0.1805722456406893,0.0,0.0,0.0,0.3734583954526634,0.0008236034455128,-0.0007010696467948,18.014370926331814,0.000659253008508,-0.0043416426490106,0.0219016663021531,-0.0262433089511637,0.0056230436710967,-0.0199563584074483,-0.0998479658472697,0.5425580715646883,0.197404933583927,-0.0067239754700864,-0.4365143329871201,0.2972528994311968
Akap9,153256.0,-0.0280503569647321,0.3081222953610112,0.0874415622170881,0.0,0.0,0.2428565238589108,0.001250461246,-0.000233850412,15.347153316834373,0.0012571006170116,0.0055930788335591,0.0037028222443706,0.0018902565891885,-0.024799182284243,-0.0206490812325588,0.0085526357827889,0.3371639606461896,-0.0364064115434809,-0.3712318590892915,-0.4983196175202405,-0.0449590473262698
Tsc22d1,92804.0,-0.2592052413614558,0.4694852832981371,0.0140392850237837,0.4773976281971819,-0.3524877917074862,1.001404083246806,0.0011331292566197,-0.000251204387183,18.211847395684064,0.0011703998468878,0.0478358470457209,0.0919923665371173,-0.0441565194913963,0.1083843560303029,0.0686726915431613,0.0036906211495978,0.5113449756846016,-0.0243310874047084,-0.4077082360862842,-0.4963516796416936,-0.0280217085543062
Pfdn6,1522.0,0.1906040058060885,0.5849625007177206,0.0339592688051529,0.0,0.0,0.0,0.002128702725,0.0016490531,16.279157624356763,0.0017155260426176,-0.0201737215739859,0.0288338784073582,-0.0490075999813441,-0.0620216476768994,-0.039334173851113,0.0159827679484207,0.2633592947355223,0.1817545586971966,0.1471499487787504,-0.0470001261198795,0.1657717907487758
Dpf2,16494.0,0.0,0.32192809488616,0.0,0.0,0.0,0.4671260103686149,0.0003131316319999,-5.841353999999989e-05,17.91197170411487,0.001217020040675,0.0206643897024126,0.0336940381579862,-0.0130296484555735,0.0174930405867866,-0.0088188756241923,-0.1081723715220635,0.2514268933215189,0.1096151763866476,-0.1115539486831562,-0.1524268493492061,0.2177875479087111
Rab40b,32126.0,0.254842214143169,-0.4474589769677237,0.1573315481038154,0.0,0.0,0.0,0.0,0.0,0.0,0.0,0.024791963917184,0.0528144845249988,-0.0280225206078147,0.0137761138785118,0.0136758046655697,-0.0539546330503043,0.390978739437728,0.0876767802831493,-0.3596789659554134,-0.2705682803615167,0.1416314133334536
Mcm8,28056.0,0.2554044993778932,-1.0995356735399224,0.1492694516264026,0.0,0.0,0.0,0.0,0.0,0.0,0.0,-0.0118595222518421,0.0065045358193011,-0.0183640580711432,-0.009825211351421,-0.006143296380822,-0.2754966558227714,-0.2164947968701636,-0.2166785850600501,-0.2768715826916668,-0.6113700974670461,0.0588180707627212
Mars2,11293.0,-0.2919402920004232,-0.3219280948801484,0.1582381194640094,0.0,0.0,0.0,0.0004798777316216,-0.0001846202731081,19.600300646616407,0.0008060842308739,0.0369971546474334,0.05890116626527,-0.0219040116178366,0.0235380612970484,0.0229298350599398,-0.0187489833815657,0.0165865400103042,-0.2040720802854847,-0.2851150103977407,-0.0961383944223364,-0.1853230969039189
Ankle2,25647.0,0.2318502383704097,0.0,0.0863278230239742,0.0,0.0,0.0,0.0041118499499999,-0.0001044843499999,15.873182754565924,0.0015102423638062,0.0184185899104704,0.0123933833425112,0.0060252065679592,-0.0244507274232512,-0.0167341590732079,-0.0311855882645211,0.0946253005627884,0.0936055189687569,0.1159970850271985,-0.0409993920646321,0.124791107233278
Ppp1r10,15849.0,0.3503092891806507,0.3410369178330419,0.1296380426833637,0.0,0.0,0.0,0.0,0.0,0.0,0.0,0.0108694631231656,0.0050382957411564,0.0058311673820091,-0.0326292785463826,-0.0427824646094798,-0.0531143203568403,0.6866296457892751,0.0766694072405423,-0.6545273496530291,-0.3713052442576297,0.1297837275973827
Rapgef6,176438.0,0.3288229301434064,-0.4854268271661199,0.1428983506762698,0.5884163350661539,0.2937061356901634,0.0,-0.0001054980812499,0.000993284375,17.298979423268058,0.0011119456453926,-0.0016622871454591,-0.0127051074170865,0.0110428202716273,-0.0657020842151633,-0.0612973341584765,-0.0707154056283377,0.5154134319283915,0.1296379503927611,-0.3286520702962994,-0.4890283387807069,0.2003533560210988
Ppp1r9a,262744.0,0.0,0.0,0.0,0.4646627478031371,0.1871860696990059,0.6794495257477521,0.0003107475531707,-6.430754971544713e-05,18.47276184161861,0.0006937247216888,-0.0061669714031137,-0.0136507568275898,0.007483785424476,-0.1129329405316345,-0.0923777737439478,0.0198940544742075,0.3253867928713808,-0.0716374851945496,-0.5977524768080099,-0.5880170987072059,-0.0915315396687571
Col20a1,31828.0,0.2158961619112525,-0.9259994185493888,0.0951350746887148,0.0,0.0,0.0614005446380074,0.0035636917272727,0.000647021,15.42142329050223,0.0018626243691203,-0.000865731455997,0.0008137161633883,-0.0016794476193854,-0.0390018603729857,-0.0184963024393361,-0.018562094073592,0.65914890934891,0.3533416247692521,0.1206553309965894,-0.3329686918434886,0.3719037188428442
H2-Ke6,2027.0,0.1906040058060885,-0.2344652536357498,0.0974411436819489,0.0,0.0,0.0,0.0004381052874999,-0.0003380441714285,18.09528901134052,0.0013802287859309,0.0470895457094613,0.0629358472182262,-0.0158463015087648,-0.0191208259573274,-0.0302885312235147,-0.0285498352765651,0.2652685378868971,0.1493440462022451,0.1028109768326781,-0.1754158534823047,0.1778938814788103
Fam222b,62040.0,0.1867053890034791,-0.415037499274836,0.0470535233059632,0.6307540884312538,0.8352340145646172,0.2630344057803606,0.0028722119296296,-0.001203295237037,15.46711230241236,0.0008196561948736,0.0278600829785935,0.0382315657888031,-0.0103714828102095,0.099698414116023,0.0583021916182579,0.0260159264689641,0.6139103546273018,0.2435092147649127,-0.0094303584924064,-0.2213236599373154,0.2174932882959485
Zfp61,10193.0,0.619508998103282,-0.4150374992728327,0.2727798612465359,0.0,0.0,0.0,0.0,0.0,0.0,0.0,0.0203689341637058,0.0370560167151279,-0.016687082551422,-0.0112621243489761,-0.06613490470294,0.0680642747831318,0.5382052968186672,0.2551495889671554,-0.0800757172151311,-0.0915026250777355,0.1870853141840235
Ddx19b,28563.0,0.1148418749690036,0.1864131242302784,0.1132084217411568,0.7261308847464915,-0.0682114408171563,0.0,0.0011824217138888,-3.690114722222218e-05,17.235998658552276,0.0012473969127274,0.0169435246747443,-0.0096971666224951,0.0266406912972395,0.0129794937875751,0.0089048564896503,0.0348949458097105,0.3013125474476896,0.0702815045779264,-0.0682114408171563,-0.1841670507862574,0.0353865587682159
Rgs17,96737.0,-0.3806880580671175,1.3219280948440812,0.0,0.000903342366757,-0.4085448709363053,0.0,6.121153875000001e-05,-8.448841309210524e-05,19.96754974697605,0.0004719447567433,0.0033617359706651,-0.0009515040105627,0.0043132399812279,-0.0741482627444393,-0.0594417345964393,-0.0244308353670525,0.7998668212670469,-0.1385986388958668,-0.4522586460488957,-0.2523445217437676,-0.1141678035288143
Tbl1x,151970.0,0.0,0.0,0.0,0.0,0.0,0.0,0.0,0.0,0.0,0.0,0.0161676201678579,0.0431146574750196,-0.0269470373071617,0.1198471400111448,0.0660528234836941,0.0,0.0,0.0,0.0,0.0,0.0
Mest,24918.0,-0.0064104937671398,0.9999999999759548,0.067215419280582,0.0,0.0,0.0,0.0,0.0,0.0,0.0,0.0222475770690236,-0.0031006073898218,0.0253481844588454,-0.1264482894265472,-0.080926569838463,-0.2367035484505417,0.4008751634741652,0.0456546050229365,-0.0150166032863333,-0.7391503939006172,0.2823581534734783
A830031A19Rik,26099.0,-0.1062596490208296,0.1255308820827658,0.0,0.9728894647662713,-0.453204230341059,0.3703684498654455,0.0001403103375882,-8.53872358235294e-05,20.242944521636,0.0005006809357225,0.0258091119053518,0.0461575963773837,-0.0203484844720318,0.0620623571832492,0.1232826328751932,0.0693174337292715,0.037785657408579,-0.1861963338513961,-0.453204230341059,-0.1055353883449838,-0.2555137675806678
Tfg,27118.0,-0.2409400636551049,0.0,0.0,0.0,0.0,0.0,0.0010167495348837,-0.0003952237279069,18.5878259569018,0.0009652734216736,0.0122326017657524,0.0506166184078848,-0.0383840166421324,0.004911878561967,-0.0443207533685739,0.0368691970481023,0.4547745388229067,-0.1415874830271501,-0.4461096518914251,-0.0647357155044937,-0.1784566800752525
Pop7,1080.0,0.1671103549134827,-0.1520030934434468,0.1298851280766438,0.0,0.0,0.0,0.0013063181529411,-0.0003469714882352,17.121978478550115,0.0009455452648645,-0.0150669585683884,0.0010426917929068,-0.0161096503612953,-0.0627061001206457,-0.0537380740802422,-0.1247966689170982,0.2444549498638859,0.2173439611977483,0.3227477177232103,-0.1713005699748722,0.3421406301148466
Klhl33,8925.0,-0.148762019158879,-0.4150374992764392,0.0792965212123448,0.0,0.0,0.0,-5.463019999999742e-06,0.0017067111399999,16.23117179649328,0.0010216315746019,0.0033372814593152,0.0045713809845067,-0.0012340995251915,-0.0539321466694012,-0.0284420175399885,0.0,0.0,0.0,0.0,0.0,0.0
Nsun7,38129.0,-0.0803752706759768,0.2730184944053793,0.1083020722417495,0.0,0.0,0.0,0.0012314909448717,1.834814230769229e-05,17.20773524106085,0.0014358369851716,-0.0136945032945811,0.0017732428746435,-0.0154677461692246,0.0070748668254476,0.0278578457146695,0.1186824963529878,0.5495722933894263,0.1737901978796401,-0.0840297016368869,-0.200498627857239,0.0551077015266522
Dennd3,59682.0,0.0561621841396347,-0.3785116232504006,0.0761054505374205,0.0,0.0,0.0,0.000977090516024,-0.0001238418120481,17.1743519935763,0.0012764357546741,-0.0079039867969108,-0.0176862941707801,0.0097823073738692,-0.176799915897548,-0.1793825650798362,-0.0905544269421488,0.5415038552618713,0.272051574092316,0.1029366051784953,-0.2896245183254104,0.3626060010344649
Atg101,6673.0,0.2078987783568373,-0.6374299206124299,0.1007293244076238,0.0,0.0,0.2969817376804435,0.00022016065,-0.0007566667125,16.264137403298236,0.0005501907866266,-0.0041124738013635,0.0214761878416155,-0.0255886616429791,-0.0189926297551841,-0.0486902384996904,-0.0695488325791631,0.3374867736182247,0.2044619754742208,0.1317391060364734,-0.1135950357864779,0.274010808053384
Hsbp1,4434.0,0.0461791065253849,1.5145731728163616,0.0569857939680311,0.0,0.0,0.0,-2.9852349999999985e-05,-0.0006360457625,19.88164424579574,0.0001500464928928,-0.0055782232289119,0.0189537370450297,-0.0245319602739416,-0.0008402247901623,-0.039832329860261,-0.0461067884733585,0.0482659299162371,-0.0612123692472081,-0.1130299754450989,-0.0576606929655545,-0.0151055807738496
Yeats4,9286.0,0.0810519846168085,-0.3219280948801484,0.1314715357421138,0.0,0.0,0.0,0.0017131915794117,9.146488235294116e-05,16.969909982764946,0.0013425831278525,0.0554896786509818,0.031191965832731,0.0242977128182508,-0.0203266724908584,-0.0003735151122785,-0.0576088964137024,0.1426274648029226,-0.000699629062126,-0.1796548773155875,-0.2067923699341589,0.0569092673515763
Pcyt1b,95088.0,-0.2895054941713999,-0.3219280948801484,0.0520828402801971,0.0,0.0,0.0,0.0,0.0,0.0,0.0,-0.0126232457338583,0.0017999826021377,-0.014423228335996,-0.0446645617928492,-0.0288477174565265,0.0,0.0,0.0,0.0,0.0,0.0
Ephx2,40126.0,0.0715449376082428,0.1650592462700242,0.0599584393721575,0.0,0.0,0.0,0.0005181875157894,-0.000569895968421,18.04110739668945,0.0011687592429672,0.000356336912135,-0.0171610676216597,0.0175174045337948,-0.0692467766749422,-0.0454427269985415,0.087532069851673,0.3308487320903161,0.1645574410402691,-0.5361404847081125,-0.1807699631574143,0.0770253711885961
2810006K23Rik,13755.0,0.0,0.0,0.0,0.0,0.0,0.0,0.0007603319514285,-0.0007570626485714,17.434624058445827,0.0009862431804421,0.0612688398757936,0.0875905048151989,-0.0263216649394052,-0.0383070682477466,0.0023446635364552,0.0756338412586898,0.5115512623256323,0.2274022809801219,-0.0154051051044676,-0.1234423533273667,0.151768439721432
Lrrc58,20469.0,-0.2412025203842862,-0.4150374992728327,0.0,0.0,0.0,0.0,0.0006153968714285,-0.0001595355178571,17.880342881760143,0.0012981097843716,0.0009024483115324,0.0536886985898539,-0.0527862502783215,-0.0506064323759369,-0.0623261934923089,-0.0429450089112517,0.4593592357976203,0.0622956861873304,-0.1727017923882707,-0.2707654910517278,0.1052406950985821
Fut9,190912.0,0.0,1.5849625006249766,0.0,0.9879586685273354,-0.4524194078581576,0.4296842751674079,0.0002491432275862,-0.0002097828103448,18.672041167926007,0.0004742616719906,-0.013215420266587,-0.0154118773082941,0.0021964570417071,-0.0284884447899799,-0.0313376867779482,-0.1664133432745828,0.0879922082156872,-0.4050756326231882,-0.56761871612561,-0.6726230593324245,-0.2386622893486053
Psmb7,56051.0,0.0863854289187946,-0.4150374992768402,0.0953297197907686,0.0,0.0,0.0,0.0,0.0,0.0,0.0,-0.0039296942133782,-0.0130508589240964,0.0091211647107181,-0.0518813440521338,-0.0829720026264772,-0.1037214407083973,0.4874569035513487,0.0216633074586114,-0.2908500376380405,-0.7071619229317582,0.1253847481670088
Fam133b,26405.0,-0.2663941472699767,0.6880559936822195,0.0,0.0,0.0,0.0,0.0,0.0,0.0,0.0,0.0066895975740336,-0.0254194805150243,0.032109078089058,0.1010203656150292,-0.0216035938180187,0.0951660422966977,0.1330800977514691,0.0018742493717007,-0.1360069924035351,-0.0787550055616086,-0.093291792924997
Snx19,39625.0,-0.1432798781292641,0.8073549220421463,0.0,0.0,0.0,0.0,0.0008027293192307,-0.0004153323230769,19.128653981407464,0.0009146199650888,0.0231242542802995,0.0100918216784773,0.0130324326018221,0.0031766081786491,0.0251750041775849,0.0463488164669472,0.3567402652377445,-0.0136584869982798,-0.2642471617487678,-0.2439704294355562,-0.0600073034652271
Thumpd2,38750.0,0.0,0.5849625007187518,0.0,0.0,0.0,0.0,0.00018356034775,-0.0001981565369999,20.22855832117561,0.0008084685828672,-0.0042819881449265,-0.0148786072166871,0.0105966190717606,-0.1263167803691762,-0.076641685284108,0.1140521078510004,0.426947314654638,0.2182638683517253,0.0280025187846819,-0.070144224035944,0.1042117605007248
Clta,28394.0,-0.0148366212579045,-0.2223924213347308,0.0,0.0,0.0,0.4962624396107634,0.001575835695238,-0.00057095695,17.0600826716337,0.0018874353154579,0.0261312845639554,0.0303626324250853,-0.0042313478611298,-0.0418923552576937,0.0090929917917791,-0.0012621441052278,0.144330192373786,0.0001160586690458,-0.1264899291457384,-0.12465699332956,0.0013782027742736
Necap2,11845.0,0.0,0.0,0.0,0.0,0.0,0.0,0.0031697825555555,-0.0001672632333333,16.358823224819098,0.0011531299843217,0.0286821410250635,-0.0009883639284164,0.0296705049534799,-0.0100978033512362,0.0496681135268076,-0.013597434777361,0.6968014508352693,0.3410600253152873,0.0949474424198131,-0.162173481895796,0.3546574600926483
Sprtn,8275.0,0.2671028587236992,-0.1375035237486233,0.0905562147873438,0.0,0.0,0.0,0.00043027575,0.0002482281461538,17.382932918865297,0.001300852337757,-0.0268862228891778,0.0304779518763236,-0.0573641747655015,-0.0659918821697806,-0.012641818603452,-0.0644994706019267,0.2834090354170977,0.180152353035801,0.1301356317111333,-0.1154326418749112,0.2446518236377278
Uso1,64860.0,-0.0967733063647129,0.0,0.1275773421882715,0.0345067967933077,-0.3097017766051195,0.0,0.0025891681310344,-0.0001476118999999,15.055337384920415,0.0014938677048452,0.0049678925442883,0.0196317949729789,-0.0146639024286905,-0.0891559972851157,-0.0537436436187299,-0.0725158512714088,0.4665038314234302,-0.0486958730806742,-0.5617332540805826,-0.5261158808523725,0.0238199781907346
Akap7,138780.0,0.0,-0.4150374992764392,0.0,0.0,0.0,0.0,0.0004702305648717,-0.0001044488310622,18.510483474314043,0.0007775341440172,-0.0124680388555168,-0.0053769421626275,-0.0070910966928893,-0.0024959358628262,0.0165899020744435,-0.0321216706444071,0.6573578538126716,-0.1021067178458531,-0.6022557178801324,-0.7623258622846713,-0.069985047201446
9330159M07Rik,18634.0,-0.1983651170961229,0.0,0.0634217547466025,0.0,0.0,0.0,0.0,0.0,0.0,0.0,-0.004299692542609,0.0279517994668851,-0.0322514920094941,-0.0339868994169448,0.0328678377287488,-0.215075573960568,0.260052953994548,0.1017692602748196,0.1911604293655306,-0.2476748628104395,0.3168448342353876
Nle1,7643.0,0.2082077720193544,-0.5849625007151449,0.0,0.0,0.0,0.0,0.0004476294301075,-0.0002617652845161,18.34523448800274,0.000902965605618,-0.0162490009280488,-0.0046005866620887,-0.0116484142659601,-0.0326706120340263,-0.0142256594846713,-0.0681251258054402,0.4779387265272097,0.2712705572423092,0.1911144452876136,-0.1265120573302049,0.3393956830477495
L2hgdh,34440.0,-0.1820164374140866,0.5145731728235754,0.0144978111081959,0.0,0.0,0.0,0.0,0.0,0.0,0.0,-0.0056309254076472,-0.0045631512899727,-0.0010677741176744,-0.0453543939413353,-0.0592285768702677,-0.0566238215183623,0.2484568803838404,-0.0487467682932753,-0.2089309357115771,-0.2229534786733475,0.007877053225087
Pprc1,28029.0,-0.0909684782725346,0.1375035237486233,0.0,0.0,0.0,0.0014587417557803,-0.0001491447339285,-0.0005898074660714,17.316323117594372,0.0010020829193149,0.0172197342134264,0.0383241314216417,-0.0211043972082152,-0.0165573009332926,0.0174603920246956,-0.0639032103361856,0.2821498095039692,0.0856006507014872,-0.0918405891071616,-0.1426151501579835,0.1495038610376729
Pcdhb19,7137.0,0.0742107149740229,-0.9999999999759548,0.1322110850404665,0.0,0.0,0.0,0.0,0.0,0.0,0.0,-0.0336675737994325,-0.0121304181647613,-0.0215371556346711,-0.0312501448918995,-0.09170575798448,0.2688811490351189,0.7531250575042288,0.4080131423790396,-0.3792781433078827,0.0955829275085047,0.1391319933439206
Grb2,64552.0,0.3345586538544487,0.4656635723469167,0.1413824260765298,0.0,0.0,0.4329594072137676,0.0,0.0,0.0,0.0,0.0396363618157501,0.0341074748592558,0.0055288869564943,0.0143429104762805,-0.0079220524189699,-0.0303969885746281,0.4396676464834326,0.1525977413280151,-0.1774397113946981,-0.2629881404848715,0.1829947299026433
Unc13b,205918.0,-0.021909244462523,0.5849625007151449,0.0,0.0,0.0,0.0,0.0009401289732217,5.374828577405861e-05,16.172467359998247,0.0013700387909066,0.009385011026342,0.0071716357901765,0.0022133752361654,0.0172910988887209,0.0226418652257603,-0.0963907582694781,0.4259886717013488,-0.0052219098497341,-0.3448492978559307,-0.9548039520137188,0.091168848419744
Ndc1,48562.0,0.0,0.8073549220421463,0.0,0.0,0.0,0.0,0.0004910363913385,1.119730866141731e-05,17.681568904247985,0.0010629667269613,-0.0139013353577502,-0.0140271100872324,0.0001257747294822,-0.00920412167393,-0.0347473480789046,-0.0746825777169756,0.9202647622291008,0.3611992259532361,0.1104978850279908,-0.4918017834576202,0.4358818036702117
Car11,4839.0,0.2185530425978972,0.1520030934434468,0.0652547950533842,0.0,0.0,0.0,0.0005788568081081,-0.0007549725918918,17.274237655594323,0.00108875763606,0.0481337568336726,0.1451322553564848,-0.0969984985228122,0.0133296487822361,-0.0098102696491652,-0.0371374925541974,0.2803177877677218,0.1582054317990879,0.1375423006173504,-0.1720780769103043,0.1953429243532853
Caly,12668.0,0.2522402059733455,0.2630344058313891,0.0630294092588001,0.0,0.0,0.0,0.000754514154375,-0.0002833074125781,18.64410271612304,0.0010145350984133,0.0303899977697539,0.052236805961574,-0.0218468081918201,0.0103250622412768,-0.0033447983250664,-0.2233903549889036,0.0301154916556485,0.0240392490995457,0.1769953702411482,-0.2639171785446548,0.2474296040884493
Sypl,25969.0,-0.2547456934246668,0.0,0.0,0.0,0.0,0.6438561894501185,0.0019996069714285,-0.0007335462428571,15.718571319568344,0.0009487487181505,-0.0387409230708172,-0.019128410935671,-0.0196125121351461,-0.0269872183566063,-0.0302266625295847,-0.1388647438060642,0.159545469238203,-0.1941488069293476,-0.2742597735383496,-0.8266268722264929,-0.0552840631232833
Mgat1,18839.0,-0.0925209649112597,-0.2410080995017773,0.0,0.0,0.0,0.0,0.0011873496866666,0.0001128245866666,17.045303568737996,0.0013849939296688,0.028773348988092,0.0218892358820033,0.0068841131060886,-0.0596027115203746,-0.0139238167190856,-0.0290909227575731,0.4283323401803565,-0.0203023136920202,-0.2324367550871169,-0.2561909781289944,0.0087886090655529
Zfp236,99290.0,0.0,0.0,0.0,-0.0017620292380675,0.2307753382395618,-0.1805722456041032,0.0010434311636363,-0.0007165208636363,17.84955330118592,0.0011788798991444,-0.003380387673558,0.0252269661503996,-0.0286073538239576,0.0144730097287381,0.0372493753410217,0.0145052286389295,0.570457634996647,0.0674814363488578,-0.3588523080967818,-0.4490546296723154,0.0529762077099283
Emc6,1518.0,0.0,0.0,0.0,0.0,0.0,0.0,0.0002525019999999,-0.000105897,20.47500902052051,0.0,0.0635473831950699,0.1134273044910718,-0.0498799212960019,-0.0711765013488745,-0.0541571478758035,0.0080115697256137,0.1949074121424754,0.1425239088089395,0.1047420349441106,-0.0132901247150902,0.1345123390833257
Rnf168,23975.0,0.2522242996559289,0.7776075786549645,0.1031464537762606,0.8339588918677391,0.3084130266183913,0.0,0.0018171314142857,0.0002364089999999,16.320224177468337,0.0013550899116954,0.021548661827409,0.0344437562352756,-0.0128950944078666,-0.1594425244831092,-0.0876352906013219,0.114498909527136,0.6923994720540079,0.2451707732406491,0.0239056573520906,-0.0841797528277235,0.130671863713513
Slc12a9,19039.0,0.3615335425064829,0.4694852832981371,0.0,0.0,0.0,0.0,0.0,0.0,0.0,0.0,0.0326110130626569,0.0405870939649795,-0.0079760809023226,-0.0062261721120877,0.0252956101102365,-0.0395125303769395,0.4799460943648354,0.2073986247434257,0.0186408222835876,-0.2313703926313617,0.2469111551203653
Atad2b,130041.0,0.0785706307759444,0.5525410230257184,0.0,0.0147922200194422,-0.1841661293507261,0.0,0.0,0.0,0.0,0.0,-0.0070402247316733,0.0121479808974129,-0.0191882056290862,-0.030541249651154,-0.0468839535459247,-0.1325114466354741,0.4229764558796164,-0.063920621497979,-0.3220794164213352,-0.5076460615438607,0.0685908251374951
Unkl,46046.0,0.247447861651501,0.9068905956001028,0.0,0.0,0.0,-0.2410080994533511,0.0009583529840579,-0.0006068627115942,17.384001249830245,0.0015040177786453,0.0017089347069103,-0.0031694010432747,0.0048783357501851,-0.1082391797953857,-0.1396422907043693,-0.0540750459859962,0.6982859988685491,0.324277577570051,0.0374758284365275,-0.4557415247769859,0.3783526235560473
Col6a4,107329.0,0.0,0.0,0.0,0.0183510136622084,0.1802686037966907,0.0,0.0004421393204347,1.3546312028985466e-05,17.259408240638393,0.0009335175473807,0.0068956135154436,0.0031807900698879,0.0037148234455557,-0.0005462637661539,0.0118644709091221,0.071354313451904,0.5753439122572336,0.291904747756734,-0.1263438950478388,-0.145234608979037,0.22055043430483
Ints4,60439.0,0.0,0.2895066171920701,0.0,0.0,0.0,0.3923174227071981,0.0006770981820224,-9.53080438202247e-05,16.9090880250222,0.0016975358464927,-0.0106121248406231,-0.0183193004114512,0.0077071755708281,-0.127315743526616,-0.0772498440598951,-0.1749850249135023,0.4394645786301809,0.0822253114863491,-0.2437631727230711,-0.9688489449289304,0.2572103363998514
Prr3,7695.0,0.031301171141588,-0.2895066171920701,0.0,0.0,0.0,0.0,0.0,0.0,0.0,0.0,0.0306389803959579,0.0983928289433268,-0.0677538485473688,-0.0869245999621779,-0.0687427733201802,-0.1963032800789803,0.1633057801180388,0.0920346314364768,0.1905898183552175,-0.2296132159685568,0.2883379115154572
A330032B11Rik,22698.0,-0.1096312211113046,0.2410080995017773,0.0083699513813742,0.0,0.0,0.0,0.001528790375,-0.0006067295,17.50546895423005,0.0007389670411771,-0.0157117380318698,0.0281426114864443,-0.0438543495183141,-0.0538531240604385,-0.0631714333089644,-0.0917523720693439,0.1839451628277979,-0.0602994948105658,-0.1308837802080851,-0.2335951905761666,0.0314528772587781
Zscan12,9469.0,-0.3657863167663007,0.3625700793824178,0.0,0.0,0.0,0.0,0.0,0.0,0.0,0.0,-0.0066381324733463,-0.001292060667582,-0.0053460718057642,-0.1184807137716364,-0.0727362473995228,-0.1005804205135612,-0.4401319610368834,-0.4401319610368834,-0.3395515405233222,-0.1005804205135612,-0.3395515405233222
Tmem160,2715.0,0.0,0.0,0.0,0.0,0.0,0.0,0.00061505306,-0.00055528581,17.623673154378515,0.0012029565417046,0.0150670773793671,-0.0201366433700287,0.0352037207493959,0.0251303296788016,-0.0529113416316219,-0.1511363250465933,0.024356973908846,-0.0238956535642378,0.028754291795277,-0.2013700772605879,0.1272406714823555
Slc35f3,256983.0,0.0,0.3219280948849579,0.0,0.2979965122270223,0.1006932656020711,0.0,0.0018179754062499,-0.000904971284375,15.77200247377674,0.0013716023021131,0.0347768539445458,0.0473417156789233,-0.0125648617343775,0.0849060805448318,0.0950410693474859,0.0128038011552486,0.7400689046926464,0.2147825885093407,-0.4332856115235963,-0.3775461842576908,0.201978787354092
Cmas,19028.0,-0.2078021065888755,0.5849625006971113,0.0,0.0,0.0,0.0,0.0006053907199999,-0.0005716309866666,16.56422141144996,0.0010239609812559,0.0177634357919116,0.0015771247238368,0.0161863110680748,0.0119056113473043,-0.0422925612707659,-0.2439836957895283,0.0190055980412433,-0.0955279133026425,-0.1161207076681503,-0.659123228967375,0.1484557824868857
Polr2h,4602.0,0.2816923065828991,0.0489096004807807,0.1160153214853595,0.0,0.0,0.0,0.0007890290433333,4.3263105e-05,18.41104318764882,0.0011601762468778,0.0407349332596043,0.1011640403940413,-0.060429107134437,-0.0480689214624683,-0.0129735395588445,-0.0805828588864945,0.0863038580793884,-0.0103632200232247,0.0048163018992291,-0.2159846557361786,0.0702196388632698
Emb,65879.0,0.0,0.5849625007091332,0.0,0.0389574234858107,-0.3949768297822076,0.0,0.0006341350962962,0.0005241658148148,16.983488161568363,0.0008538952400149,-0.0036437934780983,0.0073983625915953,-0.0110421560696936,-0.0376870704388387,-0.0337304820910147,-0.0123610014149075,0.2693219729130548,-0.0645017856219418,-0.4488691525298447,-0.2385272243846052,-0.0521407842070343
Zfp955b,17697.0,0.1752418643528499,0.0,0.0425278491256216,0.0,0.0,0.0,0.0010280503499999,0.00101006895,17.729962609728283,0.000416476843152,-0.0060257920137234,-0.0042189227791591,-0.0018068692345642,-0.0414967952123896,-0.0400739864472705,0.0,0.0,0.0,0.0,0.0,0.0
Cdk16,11926.0,-0.1174869044426878,0.0,0.1419002117047046,0.0,0.0,0.0,0.0,0.0,0.0,0.0,-0.0391545830218947,0.0023876822568559,-0.0415422652787506,-0.0807757791236669,-0.0517818456862919,0.0,0.0,0.0,0.0,0.0,0.0
Ankrd45,27807.0,-0.1463701619465367,0.222392421333013,0.1088527198520165,0.0,0.0,0.0,-0.0002192716230769,-0.0006397531307692,16.133092617887186,0.0011429757686405,0.0070009846148507,0.0161034507116979,-0.0091024660968472,0.0911024274782304,0.0446387481886699,-0.0149243951861148,0.0247983817408952,-0.1105636201598789,-0.2100075738075639,-0.2105464574893493,-0.0956392249737641
Ophn1,336748.0,-0.2195096827926574,0.3625700793824178,0.2202477146963997,0.9946617441628416,-0.528697060134318,-0.4059141991127885,0.0,0.0,0.0,0.0,-0.0107954277786755,-0.0162262612136851,0.0054308334350095,-0.0562792050645303,-0.0683984925250494,-0.1626226164488831,-0.6913196765832013,-0.6913196765832013,-0.528697060134318,-0.1626226164488831,-0.528697060134318
Npy1r,9600.0,-0.4626201940147516,0.6374299206095668,0.0,0.0,0.0,0.1854944565920368,0.0005335063625,-6.660439814815172e-07,18.65698599217413,0.0008068578399517,0.0248063734318361,0.0042518741380829,0.0205544992937531,-0.0468497285977047,-0.0474453061491698,0.0035544085933939,-0.1773249433881916,-0.249040705524139,-0.3809083074756398,-0.1077229775342374,-0.252595114117533
Pigc,4249.0,-0.1594447919473238,-0.4739311883301687,0.1257926859540481,0.0,0.0,0.0,0.0007368511892857,-0.0001589547107142,18.33821718157548,0.0008170993972217,0.0039932615585435,0.0221869512652294,-0.0181936897066858,-0.0427378958275898,-0.0389942399426579,-0.0041957160786517,-0.2272100234468452,-0.3562833261882405,-0.4595829401725997,-0.1230198751999065,-0.3520876101095886
Gtf2ird2,40336.0,0.3258431917646649,0.1699250014403088,0.0,0.0,0.0,0.0,0.0002699565333009,0.0003552074980582,17.969928141713723,0.0013260428111503,0.0131605208102952,0.0021456200908394,0.0110149007194558,-0.0630591988393825,-0.0334160951546541,-0.2555929292427738,0.5162292052161698,0.1939618526366186,0.0685689156006033,-0.5477318115934884,0.4495547818793924
Ppp2r3c,24007.0,-0.0301024330521726,-0.5305147166938475,0.162263909295851,0.0,0.0,0.0,0.0,0.0,0.0,0.0,0.0061004465091779,0.014327954603156,-0.008227508093978,0.0213778549431596,0.0553573189568683,0.0328002972606943,0.7400689046473541,0.0792856398335055,-0.1628551773952917,-0.1340890822010685,0.0464853425728111
Rasgef1b,511639.0,-0.1935510368215864,0.7004397181376243,0.0,0.0,0.0,0.4020984434460148,0.0008419648560377,-7.489909811320766e-06,18.309083877985227,0.0011531482172402,-0.0014047659142391,-0.0006891530187385,-0.0007156128955005,-0.0872891584003245,-0.0683284432239074,-0.1394153537104053,0.3485197584051415,-0.0089331770289349,-0.1551692494915949,-0.5572664924644259,0.1304821766814703
Arl2bp,7825.0,0.1041158075387507,-0.7655347463570363,0.1485770412408359,0.0,0.0,0.0,0.0005815616185185,-0.0005416949037037,17.550019545314836,0.0007370271261037,0.0071388460072844,0.0331033959826491,-0.0259645499753647,-0.0662455812315258,-0.0322102333690771,-0.1351473665172612,0.1249864157034465,-0.0033505251815679,0.0350080695543804,-0.3040581912378401,0.1317968413356933
Gtpbp3,11480.0,0.3084511899928985,-0.4150374992764392,0.1192248213156121,0.0,0.0,0.0,0.0,0.0,0.0,0.0,0.0333628990473615,0.0720994521203874,-0.0387365530730258,-0.0018533579040731,-0.0385707322711376,-0.0591264179595116,0.4117806451094959,0.2518351780502688,0.2095534713496558,-0.186178007532993,0.3109615960097804
Sdhaf1,2489.0,0.322280084277013,-0.1312445332776555,0.0492443499710058,0.0,0.0,0.0,0.0016576374814814,-0.0004226267259259,17.186397492388203,0.0010576040713821,0.0260751122551829,0.0369880345312279,-0.0109129222760449,0.0153843586865253,-0.0472212376538041,-0.0642331646172509,0.1184004638233542,0.0823294568735795,0.1425733654816725,-0.0963149155578677,0.1465626214908304
Smarca1,83606.0,-0.146633996925968,0.7369655941469699,0.0,0.0,0.0,-0.3043157032351484,0.0,0.0,0.0,0.0,0.0040474263648609,0.0030953775413835,0.0009520488234773,-0.048234533875169,-0.0465686472700237,0.0,0.0,0.0,0.0,0.0,0.0
Ndufab1,16483.0,0.3649703128234161,-0.2630344058321907,0.1157146188001409,0.0,0.0,0.0,0.0007186150285714,0.0002857744499999,16.206546068822156,0.0011926724201609,0.0171578233002541,0.0138517201516859,0.0033061031485682,0.0033179925019901,0.0981798710008635,-0.2592189668307319,0.1421479782746961,0.073316123468026,0.1263648668883599,-0.458704799690484,0.3325350902987579
Dnajc12,28133.0,-0.2708717400564264,0.0,0.0443350101008051,0.0,0.0,0.0,0.0,0.0,0.0,0.0,0.0018712758753024,-0.0241184250901565,0.025989700965459,0.0645879041742414,-0.0130134954587838,-0.0210881089510414,0.5915663820155528,-0.0071433310061107,-0.2616967295426087,-0.4547715153125196,0.0139447779449307
Rangap1,41282.0,0.2093963190249557,0.2115041051926764,0.1067573545265045,0.0,0.0,0.0,0.0010317020812499,-0.0006227536458333,16.78386371686152,0.0012104108897262,-0.0043176564113526,0.0188210724745743,-0.0231387288859269,0.0347938857060798,-0.0086884452845636,-0.1262716107731887,0.3086803233210375,0.1212008047299671,-0.0277775202255465,-0.3233985190956328,0.2474724155031559
Dse,56322.0,-0.1654132597101565,0.5405683813586042,0.115563170180663,0.0,0.0,0.0,0.0011254227559999,-0.0004891350919999,14.826240475644408,0.0013314497749485,-0.013747249207888,-0.0048110992069945,-0.0089361500008934,0.0372828859426276,0.0318328920294447,0.0434671375877626,-0.0819327932048201,-0.363766621222652,-0.8462086269603135,-0.2348334164866971,-0.4072337588104146
Rbl2,53787.0,0.0,0.0,0.0,0.0,0.0,0.0,0.0008472733805333,4.1958370666666686e-05,16.314590246515802,0.0011486198599208,-0.0004797897697432,-0.0121661620137639,0.0116863722440206,-0.1022506971425801,-0.090096769671265,0.001069462260068,0.6781164140239331,0.1748772092774399,-0.0566776201694256,-0.1565609120979845,0.1738077470173718
Ppp3cb,47209.0,-0.1183070723020245,-0.5145731728235754,0.0286921651775221,0.0,0.0,0.5250910446364054,0.0014499167857142,-4.412864571428571e-05,16.073471846960455,0.001176586768008,0.0466861740880899,0.0790423050926427,-0.0323561310045527,0.1601619657936744,0.1312797564555593,-0.0323141678999225,0.746955290234349,0.0679452216070211,-0.1723488394574385,-0.1647516070830279,0.1002593895069437
Rab5c,23206.0,0.0,0.0,0.0,0.0,0.0,0.0,0.0,0.0,0.0,0.0,0.0064912628902946,0.0075028439027653,-0.0010115810124706,-0.0477257171440541,-0.0100152230725897,0.0114166459654534,0.5377951256439357,0.3165808513129617,-0.0973218847562007,-0.2315923969706286,0.3051642053475082
Sepsecs,29621.0,-0.2982306228896307,-0.4150374992668215,0.0,0.0,0.0,0.0,0.0007360528549549,-0.0001959181324324,17.63250259463207,0.0013229466375532,-0.004637998220261,0.0224355881666248,-0.0270735863868858,0.0248547139984947,-0.0269033260871585,-0.1494516301597275,0.0954480131450961,-0.1984271747961501,-0.2827293514060547,-0.4374361829384157,-0.0489755446364226
Olfm2,78659.0,0.4427951982198865,0.4474589769694725,0.1120219817023879,0.1191755016891629,-0.4355672742537374,0.1524272907237988,0.0013841741615384,-0.0004340336807692,16.00591802323001,0.001234300503304,0.0355714630308323,0.0498700848727201,-0.0142986218418877,0.0674862146034968,0.0350193693247444,-0.0772518968399086,0.6501834012398039,0.0345283809309854,-0.4355672742537374,-0.4450763465356845,0.1117802777708941
Rsu1,194594.0,0.0,0.0,0.0,0.0,0.0,0.3423921973926501,0.0006226502760456,-0.0001593641711026,16.800237241107734,0.0009795743692988,-0.0015495594088847,0.0003148561052184,-0.0018644155141031,0.0068831569001805,-0.0100131496505867,-0.142728696228092,0.4984569776370487,-0.0913680282593064,-0.68641476426866,-0.7109057710930753,0.0513606679687855
Bcl6,23800.0,0.0,0.0,0.0,0.0,0.0,0.4614467923383777,0.0001499519726099,-1.7771469530791793e-05,19.81979767495928,0.0005578631670824,0.1996516772643326,0.2521454170296114,-0.0524937397652788,0.2635053272554846,0.2491736003200411,0.108418083542073,0.4638591102129303,0.0183326431242644,-0.3483344361940324,-0.1652728307975466,-0.0900854404178085
Mfn2,31105.0,0.0926869460333623,-0.5639008851912974,0.1303287738513414,0.0,0.0,0.0,0.0,0.0,0.0,0.0,0.0055474439602957,0.0052397547425486,0.000307689217747,0.0026887589684581,0.0324437564402533,0.0527931985584992,0.4023734940186973,0.2187426974000484,-0.1016042882796943,-0.2533225768542853,0.1659494988415492
Pcbp1,1829.0,0.0,0.0,0.0,0.0,0.0,0.0,0.0021258585166666,-0.0010757645166666,16.976840163851715,0.0009502818073818,0.0768396762437839,0.1443948407971145,-0.0675551645533305,-0.0345399705073201,-0.033391242966184,-0.1134526031053672,0.1189332393701954,0.0216882744818009,0.0611955204589418,-0.1361272253096406,0.1351408775871682
Agbl1,894811.0,0.0,0.0,0.0,0.0,0.0,0.6113656801702839,3.997533627530363e-05,-6.598884060728744e-05,19.137723288431985,0.0005667977944832,-0.0152183822112988,-0.0209906798517333,0.0057722976404344,-0.0993351492517318,-0.0875663700941118,-0.0758383788315098,0.8371841045161068,0.0286055973647834,-0.6207241810401886,-0.5529820722562181,0.1044439761962932
Hnmt,46484.0,-0.2291020524078568,0.0,0.0,0.0,0.0,0.0,0.0,0.0,0.0,0.0,-0.0194727161649055,-0.0366966222528028,0.0172239060878973,0.0107797152154391,-0.0409977128096771,0.0215355479746115,0.959668111018636,0.3094586334439745,-0.0740792432632819,-0.3440174080030369,0.2879230854693629
Hipk2,181775.0,0.0,0.0,0.0,0.0,0.0,0.0,0.000920600953719,-0.0001825183462809,16.63104442994127,0.0010961089172344,-0.0008913484623749,-0.0070519429949717,0.0061605945325968,-0.111443020863563,-0.10461525182018,-0.1421570926537546,0.7831376265512155,0.1420063993044298,-0.2514538963332899,-0.7146002545343686,0.2841634919581844
Commd2,7366.0,-0.1226380422614998,0.3625700793801285,0.1349567006961187,0.0,0.0,0.0,0.0007922541481481,4.089051111111104e-05,17.48573621113192,0.0008345036203877,0.0140131247362735,0.0124291750348509,0.0015839497014225,0.0589423629311169,-0.0744570136062419,-0.0722350620054009,-0.1391554369079384,-0.2507041588471721,-0.3367983090545525,-0.2753284433292491,-0.1784690968417711
Apba3,6286.0,0.0878283645707567,-0.7062687969403507,0.0776179195449811,0.0,0.0,0.0,0.0,0.0,0.0,0.0,0.0271072120782945,0.0243088420924393,0.0027983699858551,-0.0373185186369586,-0.0174729764077787,-0.1122908943600513,0.223145791896091,0.1331418821723442,0.1927747735090612,-0.1496368010604638,0.2454327765323956
Tom1,36416.0,0.103458942278257,0.2294818461220362,0.1889080069205563,0.0,0.0,0.0,0.0006772976525,-0.0001568837424999,16.970828594855625,0.0013934378255668,-0.0012023332334375,0.0187566179698374,-0.019958951203275,-0.0418867206822615,-0.0453791636193858,-0.12617266435234,0.3103846295078698,-0.0097528332408286,-0.2248081976643794,-0.5289079373032141,0.1164198311115114
Hnrnpab,6747.0,0.2553144378835381,0.3625700793831816,0.1558997306514846,0.0,0.0,0.0,0.0,0.0,0.0,0.0,0.005435650731843,0.0405013619493738,-0.0350657112175307,0.0367668560377719,-0.0114095510084647,0.0013521990152437,0.1470828387969693,-0.0088923476165965,-0.0983746136830778,-0.0996285155304947,-0.0102445466318403
Esco1,43845.0,-0.078070103467311,-0.1520030934434468,0.1418996511602957,0.0,0.0,0.0,0.002263527776923,-0.0001724166653846,16.80476644293556,0.0009203771803781,0.0234761233270932,0.0256229196036443,-0.002146796276551,0.0692524042662287,-0.0090753909429263,-0.0685823093931878,-0.161986044743325,-0.2443776625993159,-0.5072942888924308,-0.3739023557119907,-0.175795353206128
Asxl2,79995.0,0.1001314362882523,0.0,0.1149050703918415,0.0,0.0,0.0,0.0017755569642857,-9.449017857142852e-05,15.198113426990217,0.001227481735129,-0.0009330010446211,-1.6390626856438092e-05,-0.0009166104177647,-0.0222018722280465,0.0123451652441367,-0.0376454481014123,0.5337919612214785,0.0179924246104338,-0.2849442101008015,-0.3769048438572312,0.0556378727118461
Zfp646,9775.0,0.295250859317917,-0.0780025120008511,0.1088485240587026,0.0,0.0,0.0,0.0021310331799999,-0.00151361799,16.280875477993355,0.0015791490792663,0.0572520809489642,0.0696671567431814,-0.0124150757942171,0.0182935940451491,0.0536980333063159,-0.0606047054092511,0.3328792673333915,0.164703325704295,-0.0380619420019985,-0.2191953111147735,0.2253080311135463
2810455O05Rik,2232.0,0.44325314893613,0.4150374992771271,0.2010574673946291,0.0,0.0,0.0,0.00481164372,-0.0003564956799999,16.583071593255237,0.0030035939229444,0.0948813141007253,0.0889133644876285,0.0059679496130968,-0.0285519503248276,0.0130565180788412,-0.0795940558172271,0.2177281195581137,0.0866758408548242,0.086385428917711,-0.1996274986736197,0.1662698966720514
Tmem69,4303.0,0.4255048252269604,0.0,0.1663160122252175,0.0,0.0,0.0,0.0025641008999999,0.00043282975,16.021268926688258,0.0003825388996356,0.0292655849580034,0.0316117050274309,-0.0023461200694274,-0.0415816890042317,-0.0601463369319664,-0.1314752864585049,0.1715265331477531,-0.0479127518004626,-0.0309263237960877,-0.1941673053658723,0.0835625346580422
Gm26638,10698.0,-0.2501307588143069,0.415037499274836,0.045685951809927,0.0,0.0,0.0,0.0010580379869565,-0.000348087973913,17.190725507984713,0.0014934495316285,-0.0008800882416711,-0.0036485237528596,0.0027684355111884,-0.0227038096075675,0.0764257944324531,-0.0676706338868585,0.0879922082287285,-0.0646318864091986,-0.188621618574627,-0.261427626501321,0.0030387474776598
Drc1,85307.0,-0.1510014962875434,-0.3625700793801285,0.0,0.0,0.0,0.618909832464756,0.0,0.0,0.0,0.0,-0.016019675793003,0.0143413825757982,-0.0303610583688013,-0.1388966073366563,-0.120820234272605,0.1677268221447649,0.5401995000633408,0.157100328083372,-0.2921261943043703,-0.0597937653502786,-0.0106264940613928
Dpy19l2,139246.0,0.0,0.0,0.0,0.0,0.0,0.0,0.0011805270615384,-0.0002708615692307,18.44844511079157,0.0010064205019489,-0.0063161548505118,-0.026457330854168,0.0201411760036561,-0.0484688383507397,-0.0513999977467346,-0.1604456786999403,0.2562636907846463,-0.1361129023226905,-0.5246577252539137,-0.4389658120219586,0.0243327763772498
Bmpr1b,332289.0,0.0,0.0,0.0,0.6946207973895469,-0.5099860282571175,0.0,0.0003671637296975,-5.040161070564516e-05,18.885131159119936,0.000621075173301,-0.005211441005172,-0.0072817519044,0.0020703108992279,-0.078140792529421,-0.0584993760094014,-0.1585936880012268,0.5285647995181532,-0.5678579368654426,-0.9529888093716532,-0.9052838160415178,-0.4092642488642158
Evc2,86556.0,0.0,0.0,0.0,0.0,0.0,0.0,0.0006776946620689,-0.000391643475862,17.147819406050225,0.0007977097159824,-0.0035512452417617,-0.0125535675115706,0.0090023222698089,-0.0936960003322482,-0.0463388929809772,-0.014794298244301,0.6410118163914535,0.2186571033338728,-0.0859301199371032,-0.5747425910395306,0.2334514015781738
Gm4117,147706.0,-0.2934400388567144,0.0824621601915014,0.1294036013299679,0.0,0.0,0.4150374991695487,0.0003095869094488,-2.428618346456693e-05,18.631444633954573,0.0007273689793916,-0.0137572001962434,-0.0095711686525388,-0.0041860315437045,0.0483560424288007,0.0506261031343741,0.1503257287467413,0.2948667224613892,-0.2242498197545015,-0.7875849179819558,-0.098547943823648,-0.3745755485012429
Cdk5rap2,193587.0,-0.471959371947845,-0.7369655941565885,0.0,0.4904168796530135,-0.5110851035505491,0.2075187495726304,0.0002633273135099,5.0010250596026505e-05,19.197170319456987,0.000610926469031,0.0058832615947404,0.0210349579013965,-0.015151696306656,0.1312124643143554,0.082837810034901,0.0069657682164293,0.3814379269231416,-0.2060081148545536,-0.7072716433908024,-0.3863188742941648,-0.212973883070983
4930432K21Rik,24565.0,0.067100997548823,-1.263034405825378,0.1247195210587564,0.0,0.0,0.0,0.0006675380189873,-0.0003027104265822,17.465141853150897,0.0008685768870969,0.0181149656908164,0.0164751198763969,0.0016398458144194,-0.0466680802886309,-0.0297960102830563,-0.0863234585913296,0.3787716044984739,0.2041073461060026,-0.1200654485198262,-0.2010223871795635,0.2904308046973322
Gm17036,13411.0,-0.1036951253473041,-0.1604646721923526,0.1004765838223912,0.0,0.0,0.0,0.0002865712857142,0.0018238168571428,16.149320116619105,0.0015847945345071,0.0656930229474321,0.096637523088062,-0.0309445001406299,0.0548743933762857,0.0304502404228373,0.1375542268126605,0.1799879923033226,-0.0554943642982648,-0.3349383331989091,0.0611636239899356,-0.1930485911109253
Smarcb1,24848.0,0.0,-0.0384741478145329,0.0,0.0,0.0,0.3219280947430929,0.0004339888727272,0.0004310816545454,16.585604656134734,0.0007479537142214,0.0274451851921932,0.0330184835705979,-0.0055732983784047,0.0319334096107899,0.0343157368155211,-0.1089695376457166,0.4851395485700754,0.0364005747728478,-0.2414796909657592,-0.4376782661642253,0.1453701124185645
Ccnyl1,35189.0,-0.0858369312675004,-0.1926450779398196,0.1611599143780247,0.0,0.0,0.4525122046293633,0.0014776579814432,-0.000308655527835,17.79638044583877,0.0009421003727358,0.0549355742247628,0.0821119364015066,-0.0271763621767437,0.0531575795521208,0.0166658348036052,0.0141024356776765,0.4050763308580822,-0.1716000792036462,-0.4281877438618753,-0.1118512704555494,-0.1857025148813228
Topbp1,45213.0,0.0,0.0,0.0,0.0,0.0,0.0,0.0,0.0,0.0,0.0,-0.0119245380454642,0.0002785075738876,-0.0122030456193518,-0.0541628865743488,-0.044001174824543,-0.169956555348649,0.4195063519015606,0.0620961610560754,-0.0127899761693266,-0.4264868726898845,0.2320527164047245
Rai14,145655.0,-0.2539799142223078,-0.7369655941469699,0.0,0.8672319781893995,-0.5221896290059163,0.3119440062180079,0.0,0.0,0.0,0.0,-0.007300038979725,-0.0041898185591612,-0.0031102204205638,-0.0125457612982042,-0.0055003942639535,-0.0528267685475929,0.3824395665971623,-0.2379955434057069,-0.5672244187084435,-0.7220619921610386,-0.185168774858114
Zfp637,4776.0,-0.1093446290626953,0.6629650127179998,0.0968093035222233,0.0,0.0,0.08926733807867,0.0001983452522222,6.328727833333333e-05,19.258991213709216,0.0009685581891922,-0.0225742354457844,-0.0042455420042453,-0.0183286934415391,-0.0053797231067009,-0.04736217565313,-0.1046821154807356,-0.1260318889348057,-0.1369828589788964,-0.0726692872941576,-0.1741473009265466,-0.0323007434981607
Tpr,57097.0,-0.3947364831804467,-1.3219280948440812,0.037076694418259,0.0341915314990916,-0.5416309337976584,0.0,0.0009807669406976,-6.125719651162789e-05,18.74008845772353,0.0009900087953416,0.0104231099631929,0.0006661114298564,0.0097569985333364,0.0481378364808651,0.205328504490472,-0.0350058951248004,-0.3435522793723455,-0.4499175935660382,-0.5416309337976584,-0.0553598162875283,-0.4149116984412377
Heatr1,45262.0,0.2344840679056465,-0.9999999999759548,0.2410081921551064,0.0,0.0,0.2927817491615996,0.0015298250975609,-6.53660658536585e-05,16.956384665408883,0.0012863549527998,0.0126868519517799,0.0083379835598405,0.0043488683919393,0.0939547153431428,-0.0123251666312,-0.0238265815423037,0.1502764864543595,0.0316777388581917,-0.1967029240977875,-0.250666931671986,0.0555043204004954
Zmiz2,17084.0,0.0,0.0,0.0,0.0,0.0,0.0,0.00222848995,-0.0010228459857142,16.239570130379473,0.0005634627642977,-0.0069982230298401,0.0225720193746582,-0.0295702424044984,0.0107099320134504,0.0152052992553095,-0.0680240191366418,0.5474238268329107,0.2697536808153032,0.0784178620924418,-0.3730283658763809,0.337777699951945
Bcan,12699.0,0.0529680376532506,0.222392421333013,0.1443280877911869,0.0,0.0,0.0,0.0,0.0,0.0,0.0,0.1823322217278054,0.1537063102893237,0.0286259114384817,0.1189380362177195,0.1159123990081493,0.1724150964399496,0.2119403199511134,0.0819536777600479,-0.2678144846989401,0.0433803781439094,-0.0904614186799017
Ggact,97534.0,0.0498398655972551,0.6374299206095668,0.0842730222967711,0.0,0.0,0.3667823305863937,0.0004913061854368,0.0002957908038834,17.674031184708458,0.0009170052306731,-0.0136484980254346,0.0232980082134819,-0.0369465062389166,0.0379273302553805,-0.0090379294113802,-0.0872804987413593,0.7003311477837502,0.0367705821089468,-0.4323999951793615,-0.7056114712870788,0.1240510808503062
Cbx1,19513.0,0.4320816897311328,0.2410080995017773,0.2108887056269652,0.0,0.0,0.0,0.0023957178411764,-0.0002905812470588,16.905037270024348,0.001636639099311,0.0328632267565042,0.0203591933261766,0.0125040334303276,-0.0031501450624015,0.0082956434543358,-0.1202089996581606,0.4629194940973867,0.2205243712361712,-0.0018417540907002,-0.4241571265313187,0.3407333708943318
Foxp4,57512.0,0.0,0.0,0.0,0.0,0.0,0.4444843436586868,0.0009449569054794,-0.0002872575479452,17.037631328252534,0.0013511403927339,0.0704343941388931,0.1029530649945951,-0.0325186708557019,0.0812149112856123,0.0814085232963089,0.0938943587491682,0.5803885901537594,0.1713518681106871,-0.1857799886601139,-0.2852743684556533,0.0774575093615188
Nupl2,19050.0,-0.1228616163579574,-0.3625700793801285,0.0,0.0,0.0,0.0,0.0014198292794117,-0.0004409497411764,17.032864797605637,0.001731643518031,-0.0153767623830783,-0.009591174059352,-0.0057855883237262,-0.0123647486634163,-0.049832739548854,-0.0830899497941789,0.5367503252592771,0.0026863204263927,-0.3075723522249273,-0.4979642301044095,0.0857762702205716
Aspscr1,36474.0,0.2974741010822503,0.0,0.1124123886235829,0.0,0.0,0.0,0.0,0.0,0.0,0.0,0.007361280958367,0.0058753144249665,0.0014859665334004,-0.0467109827337528,-0.0274281963973053,0.024863786494515,0.824957802231723,0.3514522153262523,-0.033908804789579,-0.2925763250438653,0.3265884288317372
Sh3bgrl,102508.0,-0.268567446700283,-1.5849625006249766,0.1324449286360663,0.016712359634957,-0.5627387561310018,0.0,0.0,0.0,0.0,0.0,0.0038883474029974,-0.004990392837958,0.0088787402409554,-0.019500078732305,-0.0066826599497751,-0.1178413264986733,-0.6805800826296751,-0.6805800826296751,-0.5627387561310018,-0.1178413264986733,-0.5627387561310018
Mrpl14,12173.0,0.5056107251531028,0.3219280948859202,0.1717766441566026,0.0,0.0,0.0,0.0001726343562499,0.0001897866312499,17.752675998919297,0.0010133633699152,0.0227621076653539,0.056895613850387,-0.0341335061850331,-0.0401530098010199,-0.0646572711788848,-0.1755323993512939,0.3149071882358992,0.1664923787874744,0.1238601343385319,-0.5987857619300274,0.3420247781387683
Mtmr9,24331.0,0.0,-0.9999999999927862,0.0,0.0,0.0,0.0,0.0005713962641304,5.440795434782607e-05,17.954578392090266,0.0007618499535954,-0.0010577688894971,-0.010208586287358,0.0091508173978609,-0.1180991389523527,-0.1501907013099376,0.0790033173777032,0.50920828241212,0.1772994753723553,0.0110201665856091,-0.1099199640687453,0.098296157994652
Atp6v0a2,95879.0,0.2214353890824303,0.6780719051072275,0.1133074354904532,0.0,0.0,0.0,0.0,0.0,0.0,0.0,-0.0025222360385213,0.019835263249781,-0.0223574992883024,0.0627426242995926,0.0297803271075881,-0.0410718799725857,0.1134709285496802,0.0615460366150932,0.1023622814696727,-0.093252407025179,0.102617916587679
2900093K20Rik,0.0,0.3581007383012142,-0.0740005814433972,0.2042155354183945,0.0,0.0,0.0,0.0008327282333333,9.913890000000003e-05,18.07207728792818,0.0012090071709453,0.0,0.0,0.0,0.0,0.0,-0.0750656050541854,-0.0048950893076358,-0.0324436613906777,-0.0502732489198463,-0.1404122255544975,0.0426219436635076
Eqtn,21576.0,-0.3368099251457517,-0.5849625006971113,0.0722977319776188,0.0,0.0,0.0,0.00065032816,-3.1784353333333463e-05,18.467759200832177,0.0010590627147098,-0.0058562763446584,-0.0170290038833743,0.0111727275387159,0.026801690140268,-0.0191517561127567,0.0,0.0,0.0,0.0,0.0,0.0
G2e3,28925.0,-0.2862826219814627,1.3219280948440812,0.0,0.0,0.0,0.0,0.000517453429375,-0.000254091598125,19.674946652719647,0.000877145637927,0.0077733562703901,0.0087578885018977,-0.0009845322315075,0.0824304480429295,0.0467381513273136,-0.126194021401695,0.0783848805569789,-0.2295838150462362,-0.4311141040197244,-0.355945225267895,-0.1033897936445411
Setd6,3129.0,-0.2419186870634142,-0.9068905956001028,0.0372933589498229,0.0,0.0,0.0,0.001698987916,0.00028332898,17.04704586585659,0.0018641497374927,0.0107105964979179,0.0115453184715649,-0.0008347219736469,-0.0477083822660898,0.0334709773370246,-0.2063348744632067,-0.0303540059514433,-0.1642851696840352,0.0166764571088753,-0.4124787601408133,0.0420497047791714
Mzf1,12461.0,0.1780953603410533,-0.7369655941565885,0.0444353647457323,0.0,0.0,0.0,0.0,0.0,0.0,0.0,0.0443691823526264,0.0490800163327683,-0.0047108339801419,-0.0016560094026518,0.0136186209366553,-0.1190656429618588,0.6799074695545778,0.3065532300743159,0.1884008284595175,-0.1846291586303676,0.4256188730361747
Skp2,43440.0,-0.3602165863125588,-0.9999999999759548,0.0,0.4779300168634064,0.3443069113493204,0.0,0.0,0.0,0.0,0.0,0.0001173248173536,0.0106104898833661,-0.0104931650660124,0.0533101598755552,0.0255881045363846,-0.0853966648504346,0.3796624820157668,-0.0586235532629818,-0.3512383499013563,-0.520029785998888,0.0267731115874528
2810404M03Rik,218935.0,-0.287354613316805,-0.4854268271619979,0.0,0.988068271020701,-0.3642759800481864,0.0,0.0002226108726315,-8.617327698245614e-05,19.766636140366828,0.0004645812092679,-0.012369524876542,-0.0156636156662239,0.0032940907896819,0.003825486925783,0.0108362654713962,0.1056405998457542,0.3759729711668375,-0.0970102006495949,-0.5934797579782769,-0.4951551173614829,-0.2026508004953492
Ift74,78738.0,-0.464742901302607,0.0,0.0101936224467296,0.020752254103314,-0.3595581119418805,0.0,0.0002642422962962,0.0001322028382716,19.2511527210659,0.0008324845635892,-0.0034777366455092,-0.0055388986030869,0.0020611619575777,-0.0069628183049388,-0.0103452937286299,-0.0212403283993374,-0.0846471778950879,-0.3426983248109708,-0.8274946740291739,-0.1491731728445103,-0.3214579964116334
Kras,33540.0,0.2299179847712302,-0.3985493764886918,0.2002728057759459,0.0,0.0,0.0,0.0009414591515151,-0.0001791226583333,18.37837523097792,0.0011475637837352,0.0375706045421901,0.0720191139922656,-0.0344485094500754,-0.0057036756218871,0.0389482637710024,0.0362043427424137,0.3290003076516037,0.1440623501172939,-0.0428975880175224,-0.1854787732470786,0.1078580073748802
Pusl1,3902.0,0.4139600869389834,-0.3959286763293175,0.0941546267016472,0.0,0.0,0.0,0.0007482523433333,-0.0001733203599999,16.855917297040275,0.000950397582315,-0.0033824119664395,0.052757301155618,-0.0561397131220575,-0.0077091483046551,-0.0713736911830265,-0.1750726545423093,0.1554310064164019,0.0822448158196406,0.1312009576696691,-0.2499319876761361,0.25731747036195
Ttc4,16688.0,0.1970556613284491,0.440572591383269,0.1600469197490909,0.0,0.0,0.0,0.0018104774857142,-0.0002659211428571,15.916658570278967,0.0015316586658579,-0.013977495729406,-0.0035335510879517,-0.0104439446414542,0.0662864150317174,-0.0105757737645916,-0.1725445763851566,0.234212949038471,0.1391771739232499,0.030387647635198,-0.4173457699097467,0.3117217503084066
Tet2,81460.0,-0.2981272033412572,0.0,0.1330087873086657,0.9734036901937174,-0.4717482760857718,0.0,0.0007052410142857,-0.0002945325685714,17.990228781821603,0.0008375084493436,-0.0034175670721876,0.0061134879500117,-0.0095310550221994,-0.0189697585446712,-0.0445709692358799,-0.0009618101041948,0.6480800402083379,-0.1740423823366188,-0.5463434907174738,-0.3622766319761139,-0.173080572232424
Zrsr2,23218.0,-0.4763270552061027,0.9999999999759548,0.0187513038583749,0.0,0.0,0.0,0.0,0.0,0.0,0.0,0.0091711794688192,0.0056933974115297,0.0034777820572895,-0.0151592767138692,-0.0565529656465512,0.0,0.0,0.0,0.0,0.0,0.0
Hyal1,4783.0,0.3031429629764628,-0.459431618632379,0.1747800591591273,0.0,0.0,0.0,-8.770685714285659e-06,0.0002566802928571,16.724828996106947,0.0008935270688561,0.0068373560835453,-0.0108893237278031,0.0177266798113485,-0.0814209437696799,0.0880996293352802,-0.1212681636773573,0.3446288428584778,0.1589158697990436,0.0226985725587831,-0.1930406515355409,0.280184033476401
Ikzf5,21869.0,0.1818185244863248,-0.999999999981966,0.0205348466587939,0.0,0.0,0.0,0.0003433204624242,-0.0001917952896969,19.205543104512603,0.0008136718661659,0.02770767096063,0.0306056954441024,-0.0028980244834723,-0.0068311162767451,0.0309201957290888,-0.1252866836638031,0.4077813923436213,0.0899463693799886,-0.0034112414293893,-0.2938491042040936,0.2152330530437917
Nmnat1,17630.0,0.4260997590985194,-0.5208321632995396,0.2524830709903143,0.0,0.0,0.0,0.000477873851923,-0.0004245001673076,17.347538265182877,0.0009111481626847,0.0123805501127142,0.0274463578838692,-0.0150658077711549,-0.1083367865014006,-0.0966899425354343,-0.219848676630601,0.4731401355732065,0.1058585300071762,0.0449655015340924,-0.3629656529222849,0.3257072066377773
Ubtd1,52880.0,0.1093609174845378,-0.6520766965721987,0.0906436264813522,0.0,0.0,0.2410080994029071,0.0021782865657894,8.09305499999998e-05,15.17248174337522,0.001442530734784,-0.0056659394049105,0.0104564890265222,-0.0161224284314327,0.0577411230682392,0.0347944704663927,0.063630721404004,0.5938831378854845,0.1608710421069145,-0.2344195089949041,-0.4622192838865221,0.0972403207029105
Tbc1d30,87458.0,-0.1811485576268747,-0.3870231231066356,0.0,0.0,0.0,-0.0552119947510483,0.0003276461643835,-0.0001394062246575,19.487041892437485,0.0004780461707217,0.0392960888534227,0.0570046712321342,-0.0177085823787114,0.0343477510095378,0.0018080154201791,0.0305309189454043,0.3233702711352029,-0.0677932592390095,-0.5089190159751514,-0.2302088958806236,-0.0983241781844137
Srrd,5648.0,0.1649278919136905,0.0,0.1840548745657246,0.0,0.0,0.0,0.0005867296916666,-0.0001705705916666,18.290885480976424,0.0010079141456897,0.0087461372186291,0.0680108481278681,-0.059264710909239,0.0056229463161565,0.0009241334313008,-0.1638839977884882,0.3338660628931712,0.2126003343335794,0.2579688913274918,-0.3079375911066426,0.3764843321220676
B3gat2,87405.0,-0.1542030385132502,0.0,0.0,0.0,0.0,0.0,0.0006012872524691,5.361196172839505e-05,17.446878089655144,0.0010753388074693,0.0215721243896442,0.0210127165392486,0.0005594078503955,-0.0231045492042639,0.0060537943253,-0.0368589432539573,0.1735102794097668,-0.2117228462611116,-0.5034758711804086,-0.3265353741573095,-0.1748639030071543
Smim4,40824.0,0.2241397035244885,-0.9999999999855732,0.0552961909582954,0.0,0.0,0.0,0.0013365948042253,2.902812816901416e-05,16.47564775470718,0.0016658603011646,0.0147194454584047,0.0364755634066562,-0.0217561179482514,0.0208144655291361,-0.0274978758712237,0.1276621783370697,0.644385556635344,0.1898239935450292,-0.3162273260919981,-0.0734415109933959,0.0621618152079595
Tsga10,111653.0,0.0334675443426224,0.1443899093344516,0.1713843338954781,0.9697024720500116,-0.1967595596733788,0.7589919000422101,0.0014150858261538,0.0001031490092307,16.133508434521552,0.0012828327150853,0.0086641377041298,0.0317582674269443,-0.0230941297228145,0.0284508114137466,0.00495522662631,-0.0246555224952601,0.906879526037446,0.0476872396793245,-0.3672276495661775,-0.2720413005219784,0.0723427621745847
Wdr33,103307.0,-0.1862698949247008,-0.3219280948801484,0.1582924124193419,0.0,0.0,0.0,0.0011771552692307,-8.791651230769227e-05,16.30582796922948,0.0012707934618565,0.0025013878718515,-0.000416913230654,0.0029183011025056,0.0893868847562482,0.056331336435342,-0.0117572039431485,0.6903367871029991,-0.0364451648085004,-0.5155302050350539,-0.3503785493687351,-0.0246879608653518
Orc5,63944.0,-0.2749424159228573,0.0,0.0,0.9568468150241376,-0.2693472203990716,0.0,0.0006285330864406,0.000105784878531,19.11202432757833,0.0008584127212641,-0.0311226993623081,-0.0210924275641607,-0.0100302717981474,-0.1796313019803345,-0.1485780235563666,0.0153595409723091,0.2151041260948325,-0.1030528536305357,-0.5702380569030733,-0.2675798534889213,-0.1184123946028449
C2cd2,107389.0,0.1213100761561447,0.5849625007131416,0.2022766322714777,0.1494616580093247,-0.0372236531689973,0.4594316185143401,0.0045967064444444,-0.0016398035,15.580832581891688,0.00159335556684,0.0046007959879226,0.0136719056726929,-0.0090711096847703,-0.0106843033176821,0.0173995710424785,-0.1198719459978216,0.672954708858897,0.0472927625877875,-0.0372236531689973,-0.5537024473612052,0.1671647085856092
Ubap2l,52488.0,0.0757724520231302,0.476438043941223,0.0,0.0,0.0,0.0,0.00372886463,-0.00203012048,14.47565456174014,0.001821974628135,-0.0093839680115435,0.0237432470999725,-0.0331272151115161,0.00951725671649,0.0389171199212963,-0.1060107859823949,0.4650618572306182,0.0325353158107875,-0.1592524765652747,-0.2974813391950317,0.1385461017931825
Bace1,25819.0,0.241299170337053,-0.5405683813586042,0.0821713825163693,0.0,0.0,0.0,0.0005449166356321,-0.0003157542655172,17.69895482252162,0.0008569904022368,-0.0048746624860743,0.0043951806806223,-0.0092698431666966,-0.1215122875791364,-0.0859770524157138,-0.1460668149548813,0.466503831438205,0.1734541786725404,0.0709965359044066,-0.4298812407207146,0.3195209936274217
Zmat3,31222.0,-0.1275998238057454,-1.222392421308968,0.0733457357591153,0.0,0.0,0.0,0.0014051826307692,-0.0001442482923076,16.432157165833676,0.0008190649792235,0.0004218886279946,0.0338886322245845,-0.0334667435965898,-0.0598245788859933,0.0190603323399364,-0.0591013372759399,0.3472842123560229,-0.0078146269795478,-0.1899608229801708,-0.2766943831471668,0.0512867102963921
Hrh2,44051.0,0.2144772843475104,0.4854268271674935,0.0,0.1044515056992099,0.8045179106946867,0.0,0.0006361182794871,0.0002507913230769,17.652437813344143,0.0010973535463811,-0.0071486482601829,-0.0055071934837942,-0.0016414547763886,-0.0383005799521933,-0.0365695024150916,-0.0657881906311057,0.6211558083470095,0.2322534559824688,-0.0448591043550221,-0.2561909781289944,0.2980416466135746
Wdr25,134821.0,0.0,0.0,0.0,0.0,0.0,0.4575736731259944,0.0004894406910344,-2.1912780804597725e-05,17.252491285779115,0.0009449718879561,0.0165688121282038,0.0179163727157297,-0.0013475605875259,-0.0153048484025202,-0.0138697846027249,-0.0092887296550556,0.8828777782013163,0.2646889006067787,-0.3670331620698921,-0.5880170987072059,0.2739776302618344
Mvp,27761.0,0.2068342633321336,-0.0614005446638818,0.0371697080934238,0.0,0.0,0.637429920329043,0.0011673010666666,-0.0013001612833333,17.431980472624073,0.00104623399684,0.0108223938702323,0.0155916639952054,-0.004769270124973,-0.0407171580932739,-0.0317980093855829,-0.0945909688510701,0.3614799480572825,0.2794936606937081,0.2563104303449589,-0.2100892459332679,0.3740846295447783
Plcg1,44460.0,-0.0946175362462318,0.0,0.0,0.9424680148576146,0.5170942928402724,0.2837929659445861,0.0011978786528205,-9.01496817948718e-05,17.95426722763434,0.0011186121159255,0.0069576770375108,0.043384064384056,-0.0364263873465452,0.0094926151867248,0.0424788505001365,-0.0283731846381771,0.610039500984892,0.1603439302840123,-0.3664481006227253,-0.3384686622558178,0.1887171149221894
Dcaf12,23589.0,-0.1621833009144389,1.353636954609822,0.0,0.0,0.0,0.4306343541679891,0.0012704410253731,-0.0002704153208955,17.25573564797892,0.0011335851245764,0.0360743515127764,0.020678361506178,0.0153959900065984,-0.0291468729842624,-0.1056489248383594,-0.0142693312621626,0.3290003077044764,0.1150316134480545,-0.0098298863372421,-0.1174173238276234,0.1293009447102172
9330182L06Rik,215707.0,-0.3290498905817265,-0.7369655941469699,0.0729256171591995,0.8036521367093448,-0.5404907134873711,0.0,0.0003601523421189,1.5972563568773245e-05,18.368848095534727,0.001035597828014,0.0009061972207008,0.0043918532320136,-0.0034856560113127,0.0608339701371813,0.0328013746766908,-0.0334656723624456,0.1819683564163385,-0.3135463351380596,-0.8790573489839169,-0.5907352516610995,-0.2800806627756139
Bclaf1,32144.0,-0.0074282444818569,0.4474589769677237,0.2220457473520699,0.0,0.0,0.0,0.0016154457888888,-0.0005583784888888,19.22635450004729,0.0010391732576645,0.0292746721926561,0.0592786878168336,-0.0300040156241774,0.0514978855908914,-0.0537218397388348,-0.0058282783467009,0.2262715830396681,-0.0738877298273677,-0.3148059444903444,-0.166593541647124,-0.0680594514806668
Cstf2t,4232.0,0.0,0.0,0.0,0.0,0.0,0.0,8.789651064516134e-05,0.0003271058774193,18.09478584620599,0.0006330526084135,-0.0011143368694397,-0.0321957002147378,0.031081363345298,-0.0196232058855764,-0.0329768872633998,-0.0585825233905087,-0.1546631169897361,-0.2395518117507385,-0.2513607711090211,-0.0730797354027199,-0.1809692883602298
Nfyc,74134.0,0.3362444460010034,-0.2895066171935276,0.0,0.9634346123326591,0.4536132738242302,0.6404576131607443,0.0013517615560606,0.0004048172742424,16.176588671707673,0.0008920858104347,0.0337736077141251,0.0221231191398489,0.0116504885742762,-0.0198437122390295,-0.0076627224905451,0.0160938228481018,0.4466788530814501,0.1853525417597659,-0.0657267901270692,-0.18732288312773,0.169258718911664
1110017D15Rik,12324.0,0.1400540937133305,-0.5405683813586042,0.1416948912432828,0.0,0.0,0.0,0.0001230093826086,0.0008117373608695,17.279807934906756,0.0013750152157699,0.0093895170483475,0.0593793847481821,-0.0499898676998346,-0.0665511338845612,-0.0515235675408181,0.0283849362758897,0.4120881397821575,0.1608592198025015,-0.0924626515362729,-0.1447116091653327,0.1324742835266117
Tmem18,6789.0,-0.1915993183778135,0.9259994185493888,0.1276017044494614,0.0,0.0,0.0,0.00039173266,-1.5640572857142957e-05,18.00913695025678,0.0008734164025433,0.0100939036351085,-0.0051503526922137,0.0152442563273222,-0.0140868337352403,-0.0681262013372819,-0.1067160574244749,0.3518730177355595,-0.0287148142862046,-0.1503710809985809,-0.3609633000540815,0.0780012431382702
Cmtr1,45384.0,0.4177702053180097,-0.0458036896129794,0.246317735487953,0.0,0.0,0.281770968365191,0.0005121724807692,-6.767086057692311e-05,18.03790813420049,0.0009791358979009,0.0262378628044411,0.0244879635928764,0.0017498992115646,0.0729298346444959,0.0605465168308459,-0.0313228477884033,0.5318623896759056,0.2289468516027598,-0.1480798247058031,-0.3087333412712009,0.2602696993911632
Ralb,34489.0,0.1271230543058652,0.0780025120010625,0.253989435304607,0.0,0.0,0.3665566342103461,0.0003611767510204,-3.698151632653058e-05,18.50890825899834,0.0006036704836658,-0.0018213933153145,-0.000586111069741,-0.0012352822455735,-0.0653474834497401,-0.0376644601914795,0.0091234050044578,0.5596132357795937,-0.0461425321883801,-0.3350492379607299,-0.3258242912237199,-0.055265937192838
Flcn,18608.0,0.2329340922713081,0.8875252707382737,0.163842648740536,0.0,0.0,0.0,0.0007919285081967,-0.000676294114754,17.815170497264234,0.0008825629755673,0.0088682034137911,-0.0055700950365519,0.014438298450343,-0.0204210435724665,-0.000124255357474,-0.0849331417780617,0.1457077060673021,0.0661464827718771,0.1155317745621025,-0.156865809453246,0.1510796245499389
2810454H06Rik,3147.0,0.0,0.616671360445149,0.0,0.0,0.0,0.0,-0.000381881,0.001520221,15.63625642352508,0.0,-0.0139956359722444,-0.0348708043098117,0.0208751683375672,-0.007505530900667,-0.0296289479563631,-0.0723234585577472,0.1333161987414062,0.1209532127535828,0.1477326815584336,-0.130230434298467,0.19327667131133
Hars,16677.0,0.0649915467660564,-0.2223924213347308,0.1215030246542461,0.0,0.0,0.0,0.0007715361642857,-0.000621274,19.620038534614974,0.000732358068499,-0.0175372268339484,0.0027261616146656,-0.0202633884486141,-0.0327547457937438,-0.0360542880543408,-0.0991116514665207,0.2682222180519212,-0.002837708767734,-0.1068771089236588,-0.1869130359650992,0.0962739426987866
Bhlhe22,3343.0,0.0,0.0,0.0,0.0,0.0,0.0,0.0,0.0,0.0,0.0,-0.0739665133745683,0.0346591242224305,-0.1086256375969989,0.060032933423794,0.0498917020796909,-0.0186578619645212,-0.323434037483975,-0.4299635092380361,-0.523723885687537,-0.0921076555082405,-0.4113056472735149
Sema4b,39686.0,0.1396274501968251,-0.6374299206095668,0.1073581596486347,0.0,0.0,0.216317906897222,0.0006041726052631,0.0003562544736842,15.83208749292418,0.0009583958305633,-0.012837807349336,0.0208942651837666,-0.0337320725331027,-0.1530513381352956,-0.1320238999121964,-0.0619460126685948,0.5350754344153293,0.2856047702240784,0.1711276291527895,-0.3657642862867546,0.3475507828926733
AA465934,2933.0,0.0796280627443115,1.357552004612586,0.0,0.0,0.0,0.0,0.0002271390999999,4.1883128571428506e-05,19.158618244979102,0.0003416638705859,0.0008555077038212,0.0546334963698212,-0.053777988666,-0.0510302700535677,-0.0934639300069393,-0.0133236265170595,0.2195890910077556,0.1389844830403268,-0.018471884898207,-0.0634882489065318,0.1523081095573863
Gm26953,18259.0,0.2417791115638037,0.0473057147782016,0.1724856747073847,0.0,0.0,0.0,0.0004450591985714,-0.0001392893880952,18.75368422547846,0.0008777077737055,0.0362699158601471,0.0802598951184236,-0.0439899792582765,0.0028191755330091,0.081907183160638,-0.22256357318405,0.0435359024030184,0.0112478416400352,0.2177386684495901,-0.238778887572538,0.2338114148240853
Plk4,16864.0,-0.2216312108754987,0.2630344058289848,0.0427689632194189,0.0,0.0,0.0,0.0003921646749999,-0.0004435177583333,20.018036043308232,0.0011880597418573,0.0342390402150275,0.0454233256623277,-0.0111842854473001,0.0415744615504741,0.040452033534257,0.0843410369259914,-0.1150799907764708,-0.2000016607794993,-0.3648527120576381,-0.0538883332783384,-0.2843426977054908
Znrd1,4203.0,0.4830443988639035,-0.8365012677125865,0.2157774356283531,0.0,0.0,0.0,0.0017964954874999,-0.0007409155937499,16.700082168721497,0.000963174286675,0.0157770480471736,0.0248111538908201,-0.0090341058436465,-0.0465608900977145,-0.0203348238186806,-0.1863784741896585,0.1879110168283086,0.1090060361414984,0.199332121276996,-0.225497769364791,0.295384510331157
Tshz1,76079.0,-0.038151519233641,-0.8479969065421264,0.0,0.9642662198357388,0.4092489971417586,0.0,0.0004932780210526,-0.0001734426035087,17.72104451983609,0.0008030503385036,0.0185110282607517,0.0213188624993339,-0.0028078342385822,0.0002483511904414,0.010391628401511,0.3087212466361894,1.178447159103134,0.568300387341937,-0.0983703774456721,-0.08510485386933,0.2595791407057475
Pmpcb,20011.0,-0.1743668329490484,0.2756344426121071,0.0523900791566081,0.0,0.0,0.0,0.000294709947619,0.0006533835523809,19.02533005572101,0.0012874130039311,0.0123307766742862,0.0387243082040291,-0.0263935315297428,-0.0300908532262712,-0.0208712942019982,0.0343049967701763,0.2110736923682483,0.0356952063223299,-0.3770150918433984,-0.2995627553832873,0.0013902095521535
Dnmt1,52679.0,0.2219771298314716,-0.3785116232504006,0.000137029777125,0.0,0.0,0.0,0.0013974467653846,-0.0003733407788461,15.87913185601059,0.0009626562094636,0.0021359748995256,0.0020416945849838,9.428031454186692e-05,0.0030872964593545,0.0099689600206896,-0.104606281341176,0.3761175949743716,0.1422522598708319,-0.046881101938927,-0.3173436157301368,0.2468585412120079
Flad1,10866.0,-0.0723366472868001,0.3625700793801285,0.0,0.0,0.0,0.1733316028508121,0.0007831739333333,-0.0021329379333333,16.26283085450092,0.0015410578487859,-0.0063872699515612,-0.0152875182277001,0.0089002482761388,-0.0136292494934942,-0.0271276363299978,-0.0622329851641431,-0.1993715269503199,-0.2036572230303308,-0.1489315584967285,-0.0740260018746949,-0.1414242378661876
Gt(ROSA)26Sor,9905.0,0.0455131475049856,0.0,0.1182566080421452,0.0,0.0,0.0,0.0016227893354838,-0.0005960359967741,17.058656202487494,0.001720628154637,0.0636862268839073,0.0725425195410545,-0.0088562926571471,-0.0291465794022711,-0.0003044949010398,-0.125770998653706,-0.1794881026290062,-0.2534201336952293,-0.2013161269919985,-0.2945253146461105,-0.1276491350415232
Msh2,51383.0,0.0802121416189947,-0.7369655941565885,0.1237238844489918,0.0,0.0,0.3275746579710441,0.0012814773129411,-0.0001868311670588,17.05527716405664,0.0009349498486821,0.0257123993172115,0.0243494102306149,0.0013629890865966,0.0624083376404348,0.0625996733079543,0.0291775504596612,0.1544343516036443,0.1022263251793228,-0.0894644064755931,-0.2161467472029345,0.0730487747196616
Smarcal1,49883.0,-0.1998731967242402,0.6780719051018176,0.0,0.0,0.0,0.5335570976540791,0.0008183004385416,0.0001234910239583,17.34257430112045,0.0010883890079521,0.0152512022239804,0.0166335207899384,-0.001382318565958,0.0238643045803773,0.0222961145815449,-0.0034762142942348,0.2586109798296587,-0.0110201581580833,-0.3531223118499689,-0.2938491041675665,-0.0075439438638484
Clp1,5246.0,0.0,0.0,0.0,0.0,0.0,0.0,0.0031804383499999,-0.001542551725,16.188977326702183,0.0005192509558138,-0.0086703397573792,0.0259031766303061,-0.0345735163876853,0.0306780149859485,0.0233131333352208,0.0649842871951444,-0.1950029393224155,-0.2203353694769025,-0.2913046724691228,0.0456368728377332,-0.285319656672047
Vac14,101813.0,0.0,0.0,0.0,0.0,0.0,0.578622629393952,0.000453447039423,4.24246408653846e-05,16.9895204256174,0.0010633620803172,0.0018803383113158,0.0113861380540972,-0.0095057997427813,-0.1440330763874979,-0.1151211115549037,-0.0527864136733148,0.696112429856019,0.1399274147593315,-0.2480336101404048,-0.3158754105212379,0.1927138284326462
Haghl,5830.0,0.2633859474403652,-0.0824621601915014,0.0802189383866751,0.0,0.0,0.1671099858075752,0.0011078537538461,-0.0008533006384615,17.95168328044254,0.0008634460819131,0.0431123768363814,0.0776332585955788,-0.0345208817591973,0.0142170673727168,0.0026324585253685,-0.0605781916632931,0.2460570544627947,0.0832573526021574,-0.060956287152462,-0.134966273557892,0.1438355442654505
Glrx5,10218.0,-0.3103631510951623,0.0,0.0,0.0,0.0,0.0,0.0005151243890909,-1.7545429090909135e-05,17.951834588606488,0.0010235347214637,0.0023216285749592,0.0126101321010932,-0.010288503526134,0.0633975423468287,0.0258629608685476,-0.1243405412784699,0.3070019901391148,0.0113367010237003,-0.1545989066734145,-0.3484919882326295,0.1356772423021703
Mt1,1245.0,0.0985286119940478,-0.3870231231066356,0.1286339943347582,0.0,0.0,0.0,0.0016291348285714,-0.0009916782428571,17.003590603549128,0.0010496399889923,0.0109741908948924,0.048156787441453,-0.0371825965465605,0.0759071109096641,0.0865640464083848,-0.0985862994774838,-0.1046528697029272,-0.1414899247500702,-0.0790832750748378,-0.0992437047223755,-0.0429036252725864
Furin,16851.0,0.0073305269459988,-0.6214883767423856,0.0,0.5442904417054338,0.5533085904598738,0.0,0.0015614389130434,0.0003612825826086,16.82337894226755,0.0016030818175543,0.0205993542350327,0.027077298077074,-0.0064779438420413,-0.0356565826159758,0.009074543496617,-0.1041649410075793,0.4200534091508467,0.277945413543076,0.2455840237579492,-0.1824647957236065,0.3821103545506553
Ccdc151,12763.0,0.1574101907820804,-0.3479233034174966,0.1805533193466681,0.0,0.0,0.0,0.0,0.0,0.0,0.0,-0.0066656479542676,0.046879657651602,-0.0535453056058696,0.0013773378007623,-0.0595758925856278,0.0117691121804579,0.6323127243718758,0.2660594191197705,-0.1385551738976724,-0.1452346090014032,0.2542903069393126
Shank1,50319.0,0.4080217460602746,0.0874628412498088,0.1385430264449079,0.0,0.0,0.0,0.0006504285282051,-0.0008165856358974,16.023138683577788,0.0016403617910199,0.1110873293028735,0.1523997497679818,-0.0413124204651083,0.0349358539634523,0.0146089768132924,-0.0229850905218028,0.3634783551015763,0.1335226475378464,-0.1548308667052365,-0.2316711252165331,0.1565077380596492
Jph3,64653.0,0.2206469399765467,0.2995602818578673,0.2361065535140983,0.0,0.0,0.2364401957922065,0.0016248243411764,-0.0008604657411764,15.77442183696079,0.001044147278935,0.0336073727151163,0.0755755132803981,-0.0419681405652817,0.0857973599920398,0.0063512632194524,-0.0181553258077535,0.6339605772978193,0.1630809461271476,-0.1919157335566826,-0.3333239807627954,0.1812362719349012
Insig1,7299.0,-0.0176584832893462,0.6780719051018176,0.0462382735436499,0.0,0.0,0.0,0.0009829026621621,0.0001079552054054,17.52241469304979,0.0011371099093204,-0.0110632490995794,0.0406955090929553,-0.0517587581925348,-0.2341945442593804,-0.1583373005799759,0.0848459278585123,0.3233702711352029,0.1311559808624488,-0.0439998636723162,-0.1926319086873307,0.0463100530039364
Gria1,318857.0,0.0,0.0,0.0,0.950637588777694,-0.217936044799603,0.7452096553527965,0.0005610742125748,-0.000116140651976,18.263794888794397,0.0007445890518662,0.0932625626091162,0.1203450227660682,-0.027082460156952,0.0899087170190258,0.0866793697733649,-0.0422264801763218,0.4019933873301651,0.0248059302231008,-0.3730461897001489,-0.43727746188859,0.0670324103994227
Doc2g,3692.0,0.0,0.0,0.0,0.0,0.0,0.0,0.0,0.0,0.0,0.0,-0.0055450413834989,-0.0063408067110226,0.0007957653275237,-0.0052533189172632,0.0289789039012051,-0.1748197880612049,0.0997693760037324,0.0997693760037324,0.2745891640649374,-0.1748197880612049,0.2745891640649374
Atp5d,7186.0,0.5362933880393452,0.099535673550227,0.2983002597099068,0.1500089397461112,0.2548524261509697,0.0,0.0,0.0,0.0,0.0,-0.0364507885058293,0.03401528664862,-0.0704660751544494,-0.0449497604344164,0.0206466598983345,-0.0485889293941327,0.3414314572807879,0.1807311518732479,0.094875462069389,-0.1331221896268655,0.2293200812673807
Gm13563,7492.0,0.2549036091467931,-0.2141248053520508,0.1990132342382906,0.0,0.0,0.0,0.0,0.0,0.0,0.0,-0.0290062495052119,0.0337456426466835,-0.0627518921518954,0.0172574053752248,-0.0556816349335567,-0.145243961816221,0.2312144161344922,0.1182841172792419,0.229607636821556,-0.2388058295935748,0.263528079095463
Mlec,15198.0,0.2975505948302559,-0.0614005446638818,0.0541933492111464,0.0,0.0,0.5193741590208855,0.0009237521655172,0.0005268673965517,16.79805409300189,0.0017010948527265,0.0187816120896766,0.1190902511547582,-0.1003086390650815,0.0463408352118487,0.0448631492590677,0.1139774560721675,0.4469636450641254,0.1603708851938207,-0.1875785370611488,-0.1436359794143857,0.0463934291216531
Lin9,49544.0,0.0411888761239898,0.3923174227766131,0.0,0.0,0.0,0.0,0.0006976960499999,3.228181666666659e-05,17.3966358811385,0.0010317622517769,0.0126434167938568,0.0163099842288121,-0.0036665674349552,-0.0399878190668896,-0.0175860976924947,0.0032133406465809,0.757843606397916,0.2517705624202489,-0.10154752165939,-0.1434435534704929,0.2485572217736679
Lcmt1,60574.0,0.0,0.0,0.0,0.0,0.0,0.0,0.0009401224940298,-0.0001292608268656,16.719080543171472,0.0016086874819699,0.0275758069576144,0.0345014639003795,-0.0069256569427651,0.0562623129635576,0.016125861973078,-0.1663527542132499,0.3691739607446682,0.1171576123233311,-0.0374862292375238,-1.1239241025563798,0.2835103665365812
Rab4b,10472.0,0.3130779876881568,0.3785116232504006,0.0854697439386398,0.0,0.0,0.0,-0.0003095198279999,0.0005287050899999,18.51409727143387,0.0010508279270745,0.0063588979582678,0.0058330181877124,0.0005258797705553,-0.0388116708977627,-0.0265017109846105,-0.0648607273503079,0.1977358849826309,0.1626953647706829,0.167395872566566,-0.1399596669738105,0.2275560921209908
Pdap1,11469.0,0.2092281829316737,0.9652345818359728,0.0993518260268824,0.0,0.0,0.0,0.0,0.0,0.0,0.0,-0.0098152816127429,0.073452531704541,-0.0832678133172839,-0.0295877647119839,0.0029064129684035,-0.1133068660766903,0.1583815361198901,0.0698944002165765,0.0422178456435327,-0.2271720846765841,0.1832012662932668
Dna2,27159.0,0.0249247431454628,0.2630344058313891,0.1462234967807094,0.0,0.0,0.4764380437665707,0.0012493652727272,-0.0002418472954545,17.079467498975074,0.0009974720530961,-0.005893154858834,-0.0097069784444525,0.0038138235856185,-0.0379324342469872,-0.0811516712403429,0.2658914973842178,0.0879922082327033,-0.1451667938615071,-0.9985034685556,-0.0883946778314466,-0.4110582912457249
Extl2,21555.0,-0.265100172518979,-0.6780719051018176,0.2136065936955629,0.0,0.0,0.1575412769577789,0.000296112647826,-0.0001704488724637,18.60604203864043,0.0010041535659223,0.0718893661357844,0.1469878552521222,-0.0750984891163378,0.3061952225390784,0.284918598181468,0.2109365402822419,0.3425650352906795,-0.0997283829921704,-0.685662624358524,-0.0756038144339368,-0.3106649232744123
Smarce1,21970.0,0.0,0.0,0.0,0.0,0.0,0.7369655937814874,0.0022050887299999,-0.0020069795749999,17.049880799018794,0.0009638641976305,0.025736358086058,0.0624700316547499,-0.0367336735686919,0.0006402856050735,-0.0334184594900192,0.0402168355357507,0.3093789166872122,0.137176130687376,-0.2440877750659493,-0.2268094296379919,0.0969592951516253
Tob1,4041.0,0.2224336448365642,-0.6520766965721987,0.1304895975578942,0.0,0.0,0.0,0.00287305856875,0.0004668013874999,16.757814715760226,0.0028936664180625,-0.0558338084886502,0.0202048792876443,-0.0760386877762946,-0.0153371766756502,-0.1068133475342498,-0.1527007172171203,-0.0221907095156326,-0.1079301499988245,-0.2131340982646099,-0.3066030343233357,0.0447705672182958
Trmt1,13501.0,0.1761068126431357,-0.099535673550227,0.1287431268911118,0.0,0.0,0.0,0.0006403257451612,-0.0004184909806451,16.95199810554127,0.0015349734527705,0.1303752820987702,0.1604881167851102,-0.0301128346863399,-0.0035434988344078,-0.0625220745001378,-0.106598819657767,0.2859315858362121,0.0985336854921208,0.0673606032367197,-0.2988087370412349,0.2051325051498878
5031439G07Rik,44615.0,0.2297742978353127,-0.5025003405256472,0.0327580251777356,0.0,0.0,0.0,0.0018665531944444,-0.0003216934722222,15.58171386717462,0.0009323864746875,0.0042074591465165,0.0310835084801681,-0.0268760493336516,0.0052444600477141,-0.0359520135406472,-0.0248046500321919,0.6271510192779275,0.1321997861421879,-0.1354059946754306,-0.4430643802755254,0.1570044361743798
Stox2,266314.0,-0.2457695389061283,0.0,0.0,0.0,0.0,0.3698903047977799,0.0011753916272727,-0.0002396063090909,16.755772816393797,0.0010249119111374,0.0292941698894936,0.0411556778091775,-0.0118615079196839,0.0262928887552321,0.0629353003993991,0.0208523317943427,0.398921304136405,0.0065526345308427,-0.373439992097424,-0.3803807538813955,-0.0142996972635
Sra1,4134.0,-0.0199911544775428,0.0,0.114070174134722,0.3556487863350314,0.038089871877516,0.0,0.0027993920714285,-0.0004012939523809,16.15245439530375,0.0016064330540185,0.0325897878167404,0.0300589479769648,0.0025308398397756,-0.0419585745488474,-0.0464315227237956,-0.1081999732689453,0.0553260193117823,-0.1430447208831463,-0.1460547812745778,-0.7150388304140713,-0.0348447476142009
Gm1673,1580.0,0.0,0.0,0.0,0.0,0.0,0.0,0.0006219278285714,-0.0004283857857142,17.172888612884602,0.001252304018612,0.0815525105693613,0.1448464349133083,-0.0632939243439469,-0.0431754824879117,-0.0047813482932038,-0.0199501471164729,0.1118784333483908,0.017966155155462,-0.0766316825773789,-0.2280414580221332,0.0379163022719349
Eif5,8736.0,0.1904596799372457,0.6918777046334399,0.1120540034135528,0.0,0.0,0.0,0.0014055298117647,-0.0006426275764705,16.846939556253,0.00127296060858,0.0203816083004845,0.0126751769280403,0.0077064313724442,-0.0454652995500319,0.0020719551628224,-0.0892007170585895,0.2081984700547869,0.05414414245758,-0.0902979227945435,-0.1007895490141383,0.1433448595161695
Adck2,14896.0,-0.2335063988089079,-0.1926450779398196,0.0,0.7646508494873139,-0.1629650947055436,0.0,0.0002951635036363,-0.0001491796690909,17.926005366552587,0.0008114179320597,0.0229262990345731,0.0266319179520979,-0.0037056189175247,-0.0099516778269272,-0.1006897546905021,-0.1162679745951739,0.4416291627999337,-0.1502108593271006,-0.2143038695890933,-0.2174842789308093,-0.0339428847319266
Esrrg,606094.0,0.0,0.0,0.0,0.090810596399899,0.3061666367726495,0.3909423233761545,0.0003764577142153,-4.492524024615385e-05,17.469452841098462,0.0007612902040978,0.0006607593581951,-0.0039109140764881,0.0045716734346832,-0.0276036649266626,-0.0131804923373506,0.0701150363960195,0.6421924551315052,0.134674029707832,-0.3447717356952681,-0.5068575838431886,0.0645589933118124
Nrd1,61122.0,-0.2360436887316712,-0.999999999981966,0.0,0.0,0.0,0.0,0.0015744529396551,-0.0001998527327586,16.568692147615263,0.0015486948044454,0.0199335876354236,0.0185730172862612,0.0013605703491624,0.0518540405028737,-0.0486692352214799,-0.0975819974789189,0.3480550474749019,-0.0245394963319444,-0.1797382608321385,-0.426977251768708,0.0730425011469745
Sipa1l1,282466.0,0.0,0.1699250014403088,0.0,0.9079001700692176,0.2424183993936308,0.3334525554378852,0.0014008003327868,-0.0001400855371584,16.113464534381368,0.0012298050913504,0.072865791401434,0.0864423831883322,-0.0135765917868981,0.1026798185456576,0.1264239126162598,-0.0145637733175693,0.5547732825650026,0.0579431970374704,-0.4050756839561376,-0.4588736907032993,0.0725069703550398
Sirt6,6012.0,0.0,0.0,0.0,0.0,0.0,0.0,0.0,0.0,0.0,0.0,0.0235425879648115,0.0012219378363977,0.0223206501284138,-0.0548900370899551,-0.0423657684207972,-0.0606652520574569,0.1132521606330909,0.0965580913974684,0.0078383187320216,-0.1950402291781878,0.1572233434549254
Pgp,2718.0,0.4729614357890845,-0.12928301694458,0.2146438008961533,0.0,0.0,0.2537565921562859,0.0007605155136363,0.0001379591454545,17.18418573395054,0.0014480957613001,0.0085230569232223,0.084296382045224,-0.0757733251220017,-0.0681203970253121,0.0104530647086877,-0.1533083171896366,0.2628664256378246,0.2001864226830301,0.2990148813157791,-0.1748451292176431,0.3534947398726667
Atp5e,3033.0,0.3123626563579091,0.1926450779411075,0.1784090613701335,0.0,0.0,0.0,0.0004155538752777,-0.0002114989883333,18.447120895776667,0.000885710051686,0.0064188354474293,0.0082566128794457,-0.0018377774320164,0.0465695660799414,-0.0300011523563814,-0.0729137184021076,0.1646270599037191,0.1178727247843669,0.1771316959423261,-0.1333228007656083,0.1907864431864745
Mrpl9,7812.0,-0.054854884563622,0.1520030934446499,0.08490107405725,0.0,0.0,0.0,0.0007605873589743,-0.0004833662358974,17.8457317057424,0.0010692036642343,0.0185599163041493,0.0037440742507308,0.0148158420534185,-0.0670482779488926,-0.0364083209016626,-0.0270520595045233,0.087992208228809,0.0067943595368397,-0.0209275952206426,-0.1630239224584984,0.033846419041363
Trim39,13374.0,0.1920372164811068,0.584962500716347,0.0,0.0,0.0,0.0,0.0,0.0,0.0,0.0,0.0621691204141,0.045927775995403,0.016241344418697,0.0263741181486805,-0.0478598486662171,-0.1561721870073319,0.1301456596459811,-0.0125888345495973,0.0365751291485252,-0.3103372269654125,0.1435833524577345
Znrf1,89933.0,0.0,0.0,0.0,0.0,0.0,0.0,0.002246548187037,-0.0001001211814814,14.707354639224553,0.001112353636578,0.028611797871164,0.037918472820326,-0.0093066749491619,0.0517456627306888,0.0494439143994226,-0.0480145425761355,0.5633302177347127,0.0478427497096743,-0.300912755200919,-0.3844516529651481,0.0958572922858099
Ppp1r3f,16987.0,0.2018626463373589,-0.6780719051018176,0.1841859667161855,0.0,0.0,1.0339473315718504,0.0,0.0,0.0,0.0,-0.0318177631453559,-0.0034072591299369,-0.0284105040154189,0.0102846938203329,0.0026850056785747,0.0,0.0,0.0,0.0,0.0,0.0
Gnpda2,19232.0,-0.3286520703545013,0.5849625007091332,0.0,0.0,0.0,0.0,0.0002986404386153,-0.0001444317464615,20.848091187060756,0.0004006342604158,-0.0254743603818589,-0.006371118485447,-0.0191032418964119,0.0904153135977096,0.0619054919630463,0.0454887281532437,-0.1262974074881322,-0.1467437778519743,-0.2137093494029707,0.0444582551193333,-0.1922325060052181
Map3k12,19418.0,-0.0213204228155223,0.2016338611687098,0.1224492923030294,0.0,0.0,0.0,0.0025269066,-0.0016807836666666,16.1223855575368,0.0006059879726989,0.0658974623499395,0.0894308744264009,-0.0235334120764614,-0.0190483433179164,0.0137010738349476,-0.0324970818900183,0.2295631015776238,0.0752283494552949,-0.0728131659239985,-0.2081442026113722,0.1077254313453133
Kcnip3,65596.0,-0.2685186705726412,0.2141248053520508,0.0,0.6696649232714523,0.1705984328203369,-0.4753380094478855,0.0021959563424242,-8.829216666666665e-05,14.93785881107005,0.0013850270744562,-0.012866958831142,0.0253218196426861,-0.0381887784738281,-0.1104449894955797,-0.1019232178749868,0.0557783627851159,0.8342356158785224,0.2424113620169765,-0.1220137203242029,-0.2234597763015147,0.1866329992318605
Cacul1,56329.0,0.1110203135001293,-1.1699250014222748,0.0468939220357328,0.0,0.0,0.0,0.00074930305,0.00064420245,18.51969329571114,0.0011425634767068,0.0169056268500715,0.0101198000021276,0.0067858268479439,-0.0079563702691018,-0.0089622407274143,0.1317043322854075,0.6729547088629806,0.3018682391059797,-0.0627060691006218,-0.1023954459173759,0.1701639068205721
Gatm,16836.0,-0.1896570462309617,0.3219280948801484,0.109991583200931,0.0,0.0,0.3652844640270479,-0.0003159743363636,8.674850909090916e-05,18.17211409274048,0.0005089972070426,-0.003800993987372,0.0126340106361462,-0.0164350046235182,-0.0231035311602509,-0.0289165272811084,-0.0101910395250796,0.5839497027972411,0.0591740136191758,-0.2231338792715598,-0.2251640825117305,0.0693650531442554
Slc25a16,25865.0,-0.0973106922937701,0.0,0.0918943866545819,0.0,0.0,0.0,0.0005871387297872,-1.4904942553191478e-05,16.849487699366442,0.0011208718377048,-0.0026470923241113,0.0071251560004928,-0.0097722483246041,0.0055393908791783,-0.0209859793753355,-0.032718500633581,0.1345926210906578,-0.0096631900699152,-0.0619742226852353,-0.1690401110802248,0.0230553105636657
Rnf215,5970.0,0.1971771108714914,0.3785116232504006,0.1553826584323098,0.0,0.0,0.0,0.0003321356090909,-0.0001747793454545,18.012290786437816,0.0008352814928269,0.0071770660953606,0.0036010467630482,0.0035760193323124,-0.0148619293949519,-0.066515414491203,-0.1370955505237338,0.1821712973918963,0.164876150950929,0.2131173059031428,-0.2432450925362211,0.3019717014746629
Dctn3,8372.0,-0.0708562799570318,0.459431618632379,0.1336028355684069,0.0,0.0,0.0,0.0001535262391304,0.0005776970021739,17.67290413212014,0.0006602091431781,-0.013228587878811,0.0463775579626931,-0.0596061458415042,-0.0089621308287747,-0.033552622709397,-0.1119868078606916,0.1068718020756374,-0.042361073213034,-0.0690874003258597,-0.3006627897885301,0.0696257346476575
Traf3,100783.0,0.0,0.1375035237486233,0.0,0.0,0.0,0.0,0.0004905355235294,-0.0002051316941176,16.938129971778498,0.0010296273398776,-0.003572236333009,-0.004283854966896,0.0007116186338869,-0.1060448978794539,-0.1280522723076442,-0.0552880402957296,0.5967441422820794,0.2164935523086458,-0.1312060061430228,-0.4363675312308925,0.2717815926043754
Cdh22,123346.0,0.1418156406554862,0.1520030934434468,0.0,0.0,0.0,0.4764790864203043,0.0010904096275862,-2.4971824137931004e-05,16.630564021498465,0.0021476767180014,0.0446055068545257,0.0490789562065531,-0.0044734493520273,-0.0247419220284158,0.0062548310309713,-0.113579222741689,0.9090220670981336,0.3816593723474392,0.0006555548948625,-0.5316936015519391,0.4952385950891282
2210016F16Rik,5408.0,0.232857149640516,0.1926450779411075,0.1865592197911549,0.0,0.0,0.0,0.00125639603375,-0.0005340117874999,17.5089408832233,0.0019045426501813,0.0069013847937275,-0.0012911263872629,0.0081925111809904,-0.0050975137373144,-0.0071415324007127,0.0560739650875372,0.6166864892817115,0.4648156795812136,0.3113380905678031,0.0016067793129126,0.4087417144936764
Tmed10,34233.0,0.1482321725293358,-0.2223924213347308,0.1175734708204716,0.0,0.0,0.0,0.0,0.0,0.0,0.0,0.0149557707172446,0.0720688219481641,-0.0571130512309194,-0.0024483306509753,0.0025988978944329,-0.0153270886710746,0.2568552331471265,0.0796523400841616,-0.2155819242241212,-0.2048440981322792,0.0949794287552363
Mir99ahg,537110.0,0.0,-0.3625700793801285,0.0,0.5953394353127737,-0.3795694198504562,0.0,0.0008642427047058,-3.563288980392157e-05,17.231173560189415,0.0010477192240711,0.0159313645760971,0.0406067828657908,-0.0246754182896937,0.1469371613612078,0.0915562337532652,0.0129476044392267,0.6450487122889634,-0.150450580043423,-0.6964106420788183,-0.5354212442782312,-0.1633981844826498
Mpp3,28809.0,0.0,0.0,0.0,0.0,0.0,-0.1110313123459973,0.0006169596033333,0.00011261119,16.84262375494636,0.0016220642898595,0.0152618501501583,0.0314998638874606,-0.0162380137373022,-0.0361013667279181,-0.0599352886832156,-0.0437087495642954,0.6819998484755385,0.3113973827800861,0.2099244633205598,-0.2617952389624252,0.3551061323443816
Ttc26,46178.0,-0.1839228666606862,-0.9999999999855732,0.0140479163947904,0.0,0.0,0.0,0.00195479374,2.0297292307692285e-05,16.360901869210323,0.0017882906138133,-0.0018002757775995,-0.0154747456801544,0.0136744699025549,-0.198683703958024,-0.1177678843085732,-0.0197714518203601,0.1596531933499375,0.0071971913033039,-0.4297987938044854,-0.168318222114359,0.026968643123664
Utp14b,13474.0,-0.1098525246728847,0.0,0.094023776604051,0.0,0.0,0.0,0.0,0.0,0.0,0.0,0.0298721407181107,0.0823304673035623,-0.0524583265854515,0.074730648290179,0.0581925582740044,0.0170963902059504,0.2420258368935535,0.0070509595555694,-0.1634845177135977,-0.1267173176519334,-0.010045430650381
Gprin3,79068.0,-0.3746970596050216,0.0824621601915014,0.0,0.0,0.0,0.0,0.0005182543111111,0.0004977434,14.427656669610876,0.0011930143150799,0.0209938688006252,0.0398802437903883,-0.0188863749897631,0.1740477153090391,0.1131713762544714,-0.0873902716891523,0.1328464439965311,-0.2759622987473517,-0.4059141148804117,-1.0585142128834455,-0.1885720270581993
Ccdc124,5708.0,-0.0152074918009104,0.2630344058313891,0.0689685753677331,0.0,0.0,0.0,-6.044147826086952e-05,-0.0002883202347826,17.33665142599227,0.0010169456677882,0.0549683380590907,0.1141534215126867,-0.0591850834535959,0.0100342997378748,-0.0422180172280488,0.0290529503334613,0.266180766577925,0.180485428144031,-0.0010774123295065,-0.0771885311905915,0.1514324778105697
Ndufs6,8704.0,-0.2625181882668679,0.0,0.0195716922146173,0.0,0.0,0.0,0.0003039713073684,0.0001379896389473,19.40852947937737,0.00080646063834,-0.0120262203572658,-0.0147338867956482,0.0027076664383823,-0.0077716910017078,-0.0347298885490692,-0.0926529633831185,-0.0603604710840314,-0.0919171538670153,-0.1402315782762033,-0.2020636683924411,0.0007358095161031
Coil,21361.0,-0.02078888746514,1.5849625007019204,0.0770515729065378,0.0,0.0,-0.2223924211646988,0.0,0.0,0.0,0.0,0.01638088015861,0.0178756205478748,-0.0014947403892647,-0.0490458446551265,-0.0419392089565751,-0.0288158413475312,0.1949074121383858,0.1212833316234087,0.0195105852045349,-0.1464918596572211,0.1500991729709399
Gpr37,24851.0,-0.2708718413710418,0.0,0.0629147202056182,0.5787076027869229,-0.4026694816277939,0.0,0.000594698203125,-0.00040115278125,19.006502019604007,0.0009653068601773,-0.0083672588084756,0.030751027487487,-0.0391182862959627,0.1076817193779704,0.0187328531359538,-0.0277851004551758,0.2756964219107165,-0.3826328454051916,-0.7979542960800883,-0.4134307199074787,-0.3548477449500158
Ttll12,20067.0,0.4705052032162613,0.6463630453830342,0.0,0.0,0.0,0.0,0.0001667817777777,0.0002257174444444,16.66362400970977,0.0014888451295876,0.0031575310448048,-0.007878034147128,0.0110355651919329,-0.048576283128664,-0.0501727862570939,-0.0576709190150001,0.396541273277056,0.1954082707147324,0.140833212926581,-0.2217714261541956,0.2530791897297325
Dnah9,337269.0,0.0,0.0,0.0,0.2306010800863834,0.1388528488099967,0.2810410120737302,0.0006029652204449,-0.0001616693128337,16.94669456849631,0.0009168433709839,0.0066087013149809,0.0129594970819421,-0.0063507957669611,0.0587971021435391,0.0694150251207147,-0.0067237784380343,0.5553851125093229,0.0997108860693706,-0.5916864760788729,-0.6422494102985725,0.1064346645074049
Copb1,39152.0,0.0655716998259992,0.5305147166938475,0.0,0.0,0.0,0.0,0.0009226279346153,0.0001756155826923,18.099066437390217,0.001284931743619,-0.0067360991196155,0.0137403522879976,-0.0204764514076132,0.0881152781832776,0.0810931842641626,-0.2607137888606647,0.2679012982333218,0.1221124483790618,0.1562250539875163,-0.5177673797075785,0.3828262372397265
Psmg2,12563.0,0.1823987648525351,0.2223924213347308,0.1404428762303187,0.0,0.0,0.0,0.0012807535261904,-0.0006880088214285,17.092734368711497,0.0012957053522445,0.030311181235294,0.0446591445767006,-0.0143479633414065,-0.0614843842108887,-0.0042222810405387,-0.0705803868508044,0.1846682276316223,0.0111636161683013,-0.0463697799226675,-0.3656021948045452,0.0817440030191058
Zmat1,37837.0,-0.4040314352883989,-0.3219280948801484,0.0099035155456218,0.0,0.0,0.0,0.0,0.0,0.0,0.0,-0.0336559129818169,-0.0248467113232302,-0.0088092016585866,-0.0274982835284017,-0.0417870476124233,0.0,0.0,0.0,0.0,0.0,0.0
Sap30bp,33443.0,0.0,-0.2223924213347308,0.0,0.0,0.0,0.0,0.0005452078217391,0.0004185685173913,16.49285501070805,0.0016846115263394,0.0069551526320143,0.0035476301084137,0.0034075225236006,-0.0089270811425978,-0.0487788803759002,0.0220080692342151,0.4110169926548287,0.0123407025716458,-0.3483344361940324,-0.2515121576079802,-0.0096673666625693
Bcl7c,47477.0,0.1340034491526549,-0.5849625007151449,0.0423798653767524,0.0,0.0,0.0,0.0006508440848484,-0.0005246177863636,16.93441854469632,0.0012472900389266,0.009057518506017,0.0289041024396506,-0.0198465839336335,-0.0469323420752262,-0.1090493075821438,-0.1339704571551498,0.5579380485722364,0.2690418789880143,-0.0018644370835625,-0.5158721246657919,0.4030123361431642
Hist1h4d,1137.0,-0.2343471173152846,-0.2630344058313891,0.0644133444594933,0.0,0.0,0.0,0.0,0.0,0.0,0.0,-0.0476513802271552,-0.0224622705807628,-0.0251891096463923,-0.0655982793447679,-0.1085763340783058,-0.0653779173398347,-0.2460455689250769,-0.2956557748786945,-0.2699337956133321,-0.1546440613679247,-0.2302778575388597
Npm1,10919.0,0.0,0.0,0.0,0.0,0.0,0.0,0.0005412297682539,-0.000323383547619,18.869951458616736,0.0006413103739526,0.0221957980444295,0.0400950801673719,-0.0178992821229424,0.074294846839317,-0.0112582224293487,-0.0368251874618548,-0.1000345995818188,-0.1849245889992872,-0.1592920943617048,-0.1105224840550507,-0.1480994015374324
Kat2b,105859.0,0.0,0.0,0.0,0.0,0.0,0.0,0.000234929865,0.000188390035,19.92132093827137,0.0004800040087325,-0.0034616437088515,-0.0092731291863464,0.0058114854774949,-0.0303898250691225,-0.0286664788632795,-0.0139150567575209,0.5633302176890282,0.0122316486690119,-0.3724879791870057,-0.6358231412063993,0.0261467054265329
Zfp84,11269.0,0.3296851376845917,-0.1993088082227174,0.0659902430232046,0.0,0.0,0.2787160280245149,0.0003022278673076,-0.0002444034326923,17.942998467761967,0.0010084038315086,0.0153856350307325,0.022728015982308,-0.0073423809515754,-0.008152158625131,-0.0101290930020999,-0.0524552956094403,0.2348335965215598,0.0184902620223791,-0.4123305656822227,-0.5389616019614831,0.0709455576318195
Iqcb1,44336.0,0.0,0.0,0.0,0.0,0.0,0.0,0.0020404399,0.0004010414555555,16.517832768696014,0.001019306363214,0.0028142152336738,0.0057147892050351,-0.0029005739713612,0.0187632518706131,0.0019210953563006,-0.1300726085813923,0.2963094443166807,-0.0677828844057276,-0.2025024041890856,-0.3032478021807385,0.0622897241756646
Pim2,5170.0,0.1121741103539522,0.0,0.1733939895160396,0.0,0.0,-0.9652345815042024,0.0,0.0,0.0,0.0,0.0071796098323014,0.0151739133781835,-0.007994303545882,-0.0236225208227912,-0.0598003704420855,0.0,0.0,0.0,0.0,0.0,0.0
Armc2,103452.0,-0.0544366346410489,0.099535673550227,0.1538516839565412,0.0,0.0,0.1837043180782521,0.000377246390566,4.179937452830194e-05,18.68463769143837,0.0010638541822311,0.0123684586817662,0.013834131986223,-0.0014656733044567,0.0367874933603584,0.0018832542084441,0.1208503684468713,0.539929290286618,0.0805079015577146,-0.2957832179359001,-0.1828177918137593,-0.0403424668891567
Snrpc,13818.0,0.2085695438714281,0.440572591383269,0.0,0.0,0.0,0.0,0.0002757365945205,-8.658406438356159e-05,17.82829591989445,0.0011668947672548,0.0385639867039903,0.0097873983454062,0.0287765883585841,-0.0644557780549527,-0.0177332604871893,-0.0722552024014582,0.1384819786859656,0.1259148805951909,0.1317094194231056,-0.126148767884227,0.1981700829966491
Lmln,65174.0,0.1912842872374462,-0.3870231231066356,0.0945407964318891,0.0,0.0,0.0,0.0012817616585365,0.0001323468951219,16.454630936123003,0.0012537905020364,0.0057240425234418,0.012850452588064,-0.0071264100646222,-0.0971656072459139,-0.0694006933483339,-0.0235122933578446,0.4750153312596232,0.186634430299106,-0.1289522348726121,-0.2795749731824841,0.2101467236569507
Ints9,89787.0,-0.0650973056216575,-0.5305147166938475,0.0,0.0,0.0,0.0,0.0004339501978571,-0.00010842739,17.747937615246865,0.0008890778270768,-0.0205665255157426,-0.0071257169162691,-0.0134408085994734,-0.0939032126784481,-0.0938917978626081,-0.1697361287276498,0.3975365786414128,0.0412735732981933,-0.2831536622640698,-0.7384251178081265,0.2110097020258432
Dkk2,95012.0,0.0,0.0,0.0,0.0,0.0,0.3536369545711409,0.000354248596875,6.907608333333344e-06,17.788764179497313,0.0009127709754015,0.0026352154583735,0.023792993476318,-0.0211577780179445,0.0081839464132396,-0.0039571031925966,-0.0107835828441037,-0.1325081537527305,-0.3888951321595259,-0.7209694930542733,-0.3488904676540918,-0.3781115493154221
Atad1,68148.0,-0.2593166345791613,0.9999999999944512,0.0,0.0,0.0,0.0,0.000543503090909,-9.289611818181816e-05,18.790143469440928,0.00094344554993,0.0350275379564403,0.032699725528593,0.0023278124278473,0.0116789281226282,0.0346447058948611,0.0317862087288336,0.2841347303922453,0.0153985095398793,-0.2653778954799716,-0.1605869370082062,-0.0163876991889542
Sfpq,15689.0,0.3567863218999507,0.9328858041352172,0.0,0.0,0.0,0.0,0.0007522560928571,-0.0004252880964285,17.918994797032475,0.0011278542846929,0.0695317999806237,0.1231214775107905,-0.0535896775301667,-0.0493215575216028,-0.0486745131784729,-0.0187064484833689,0.151002005738967,0.0095069755338353,-0.3180048261331545,-0.1939566899647151,0.0282134240172043
Cand1,40800.0,0.0,0.0,0.0,0.0,0.0,0.0,0.0002482276928571,-0.0003571705571428,19.650050003006264,0.0003556234428018,0.0162307911657469,0.0104400945451952,0.0057906966205516,0.120486171753978,-0.0068463732088757,-0.0217433878163398,0.5030297074367738,-0.0369556897636059,-0.4115203374945517,-0.4946268027472607,-0.015212301947266
Acly,51647.0,0.2704893655291895,0.0,0.0,0.6829298973888979,0.4976998421429675,0.0,0.00100804329,-0.00061672851125,17.3436372845059,0.0012665167938444,0.0059400024929836,0.0022800046143955,0.0036599978785881,-0.1216580382333526,-0.1423531101735704,-0.0148130176485723,0.6554672821240954,0.3362560918371786,-0.0002712289153121,-0.2117968587530997,0.3510691094857508
Mrpl55,3648.0,0.0,0.0,0.0,0.0,0.0,0.0,0.00093070750625,-0.00034982636875,17.78144515714416,0.000800782734489,-0.0123441863244872,-0.0006968231094789,-0.0116473632150082,0.0019965617682501,-0.0617799202287304,-0.0578918867664279,0.2263958224954723,0.1861928855659994,0.2172447259181331,-0.0989072639582029,0.2440847723324274
Prune2,267814.0,0.0,0.0,0.0,0.0,0.0,0.0,0.0008642490534358,0.000338373832,16.333150152395582,0.0013286680612739,-0.0007193360795212,-0.0074165906151211,0.0066972545355998,-0.0406151847284386,-0.0429656685257808,-0.0065004273852292,0.5850070096168835,0.0410244100459717,-0.4743295255419333,-0.5261045455847013,0.047524837431201
Atp1a3,27791.0,0.0028153143374787,-0.2995602818568268,0.0483648946357618,0.0,0.0,0.0,0.002451433956,-0.00087704696,16.16147893459931,0.0011296053797741,0.0268582038505408,0.0124149902157221,0.0144432136348187,-0.0072703535786935,-0.0231079070837039,-0.0255823574028536,0.3048035972898383,0.1903228843967191,0.1151991264203926,-0.1252495002308108,0.2159052417995728
Cic,26455.0,0.272815258453317,0.459431618632379,0.0,0.0,0.0,0.0,0.0021364101,-0.0004251345,15.36025917753892,0.0012265617730159,0.0379486753258072,0.0433832168943609,-0.0054345415685537,-0.0342481588512968,-0.0228760161100831,-0.1193172121356522,0.2325504895091577,0.0780280888613021,-0.0743809255736662,-0.2968992005679061,0.1973453009969543
Triap1,2344.0,0.2576331544299024,-0.530514716696314,0.0552567137656554,0.0,0.0,0.0,0.0014370312588235,-0.0003833269264705,17.020786815633276,0.0011805046570734,0.0376207552724864,0.02310388428569,0.0145168709867963,-0.0239824406675804,-0.0527579323521877,-0.0504391138605805,0.3474467237732871,0.2583110477398267,0.2533278056753651,-0.1931216131220428,0.3087501616004072
Farsa,12268.0,0.2728768987475471,0.2451124978356968,0.1774542311600028,0.0,0.0,0.0,0.0019242750411764,-0.0020473535294117,16.224174141603687,0.0014450007893901,0.0288446977485227,0.018355626869508,0.0104890708790146,0.0023325743903537,-0.0004134660339414,-0.050962757398696,0.1044685619409526,-0.0136927255166267,-0.1662800035271443,-0.1686643997001287,0.0372700318820693
Rab34,3763.0,0.2389790647531389,0.0641303374194306,0.1029316330832209,0.0,0.0,0.0,0.000979026717647,-0.0006856080088235,16.9872485917957,0.0013230137526067,0.0239966522700523,0.056467116757382,-0.0324704644873297,0.0605713085451335,0.0442939627032676,-0.0149791007970394,0.2757316277385611,0.1954620287406717,0.0707463051402061,-0.1426867736966617,0.2104411295377112
Itsn1,191316.0,-0.0341482363865379,0.0,0.0,0.0,0.0,0.0933246181026276,0.0016955015195402,-4.142319080459766e-05,15.886270178114438,0.0012545023805049,-0.0189617528439217,0.0007541262008746,-0.0197158790447964,-0.1423208485305452,-0.1496691982402515,-0.0558450796976593,0.6682782216619968,0.2018393422813524,-0.3033207803752415,-0.7898065987577902,0.2576844219790118
Pmvk,14472.0,-0.0721027390406225,-0.4150374992728327,0.0001653981070475,0.0,0.0,0.0,0.000196459475,-0.0004235667708333,18.265641549097456,0.0011121089818608,-0.0123417846333164,0.0037760227768753,-0.0161178074101918,-0.094276743480077,-0.0150509402444459,-0.0483949208713354,0.4979228170555785,0.2019281676507525,-0.2862734680668355,-0.231706928392245,0.2503230885220879
2610203C22Rik,70343.0,-0.3863292484304543,-0.1926450779398196,0.042870072403456,0.0,0.0,0.0,0.001250018252745,6.436144225490203e-05,17.98402384294589,0.0015969970389482,0.0045983587866879,-0.0017635561420951,0.006361914928783,-0.0846371513012915,-0.0503248198361154,0.0104649023084467,0.2240537577731273,-0.1503122785301827,-0.8838672275831332,-0.577255521780776,-0.1607771808386295
Kbtbd2,20289.0,-0.4122368717094158,0.9999999999639329,0.0221320821543112,0.0,0.0,0.0,0.0002947668,-0.00017267654,20.34111283638308,0.0004261396298451,0.0206808293743042,0.0265162835051822,-0.0058354541308779,0.1204324268119273,0.0070723979939932,-0.1467220036563562,-0.2241653250559023,-0.3598254673467889,-0.3077292969722868,-0.2720413005219784,-0.2131034636904326
Noa1,15902.0,-0.1001908130698723,0.0,0.1543893335144137,0.0,0.0,0.0,0.0,0.0,0.0,0.0,0.0331979468614812,0.0583874532429753,-0.0251895063814941,0.0640725609896074,0.0004155389119572,-0.0729682121485438,0.0176028803401023,-0.2052660882672635,-0.2560627444309311,-0.1597322294491032,-0.1322978761187196
Sh2b1,8430.0,0.2116122427965487,0.3219280948849579,0.093912046624751,0.0,0.0,0.6463630451587894,0.0015180503454545,-0.000373021890909,16.56194105075463,0.0016015054153602,0.0101267107518108,0.0116390886379245,-0.0015123778861137,-0.086164259977098,-0.0274567780404354,-0.0811424305215291,0.3353022617549691,0.1578627267824345,0.1385230522525631,-0.2141219117371,0.2390051573039637
Fxyd7,8954.0,0.4862365243675908,-0.6415460290854522,0.2079815356670138,0.0,0.0,0.0,0.0003795328,-6.847530000000002e-05,16.235411933501908,0.0007260250345519,0.0323158322177408,0.0644567504146147,-0.0321409181968739,0.0034094486753366,0.0940702860368704,0.1258792401624634,0.6278811946822587,0.3960808945546302,0.0863854289110919,-0.1158508022314717,0.2702016543921667
Lrp3,15471.0,0.0,0.1699250014403088,0.0,0.0,0.0,0.0,0.0006260512590909,-0.0005519463045454,18.318338916871088,0.0008373298969307,0.0213356460438413,0.0453631547085576,-0.0240275086647163,-0.0299136953417027,0.0233490961083805,-0.0753184893756762,0.1180643599094044,0.1177201874608728,0.125432333049952,-0.1425806607137416,0.193038676836549
Cacna1b,159265.0,0.255946893745866,0.8073549220537402,0.0,0.9070713257587358,0.5333335136548618,0.3504972470063408,0.0022855440807228,-0.0002834880337349,15.225070982480496,0.0007847241728932,0.0234281191747823,0.0268217867590918,-0.0033936675843094,0.0034924654170871,9.80389897038414e-05,-0.0616946828404848,1.032282775467988,0.223403763026524,-0.169559552112449,-0.5415355456745862,0.2850984458670088
Xkr6,214306.0,0.0123056677046036,0.0,0.0,0.9272626496752264,0.461555545061267,0.3620132691216043,0.0001241989480916,0.0001040097709923,17.127650033287164,0.0010226911383927,0.0158964056538558,0.0266508297824516,-0.0107544241285958,0.0834861718020608,0.0640807357793166,0.0831290940954354,0.6661655431715366,0.1655855835411534,-0.618486535459467,-0.4493774163187504,0.082456489445718
Cdc42se2,70219.0,0.3149213444537184,0.616671360445149,0.1468525670237729,0.1607000902733801,0.3288229301434064,0.0,0.0028505274102564,-0.0007867426358974,15.36515907824104,0.0023199951225892,-0.0167576797733287,-0.0168432862395721,8.560646624344859e-05,-0.0406845137178275,-0.0743866388890182,-0.0924501421240468,0.5345079389153985,0.2128758919323177,-0.0989079739425546,-0.3866638103654252,0.3053260340563645
Pwp1,59602.0,0.0208728213038877,-0.3923174227766131,0.1404301284662551,0.0,0.0,0.5193741589481917,0.0,0.0,0.0,0.0,0.0012526650402198,0.0179887467679833,-0.0167360817277635,0.0588375842230579,0.0389089584922973,-0.1927747945572253,0.0124411752255335,-0.0288634229447421,-0.0021965614360026,-0.4592344095470643,0.1639113716124831
Ddx51,7045.0,0.3699452320780718,0.3131578852587777,0.322761879425779,0.0,0.0,0.0,0.0015558295583333,-0.000234654475,17.06371473202306,0.0014577145685376,-0.0008065708059224,0.0359790139415357,-0.0367855847474581,-0.0322381375864159,-0.0266629259164129,-0.2337189243527173,0.4628903166334972,0.283128875376499,0.3390778905296483,-0.2357104564101475,0.5168477997292164
Sec24d,98186.0,-0.2594217615069789,-0.7369655941469699,0.1323067492519876,0.0,0.0,0.9037846845240518,0.000623226791228,0.0001489868745614,16.396875534928157,0.0010773650579401,-0.00370022666199,-0.0149550791994036,0.0112548525374136,-0.1692285882612575,-0.1498822313375153,-0.0275716454899778,0.599891246619162,-0.0513959105409512,-0.42626286691003,-0.4232785058462971,-0.0238242650509734
Abi1,100168.0,0.0003905078858168,0.5305147166938475,0.0952046330226394,0.0,0.0,0.0,0.0,0.0,0.0,0.0,0.0159972864105014,0.034458737663196,-0.0184614512526946,0.0848890721216151,0.0628388014323084,-0.0426010774308184,0.3428061072068576,-0.0310662964843312,-0.3854380964122852,-0.5349926997725707,0.0115347809464871
Zbtb25,21820.0,-0.1166015932415476,0.2895066171920701,0.0004885834424543,0.0,0.0,0.0,0.0006960906203539,-9.525774601769914e-05,17.851674185799528,0.0010355469691726,0.0165515862226561,0.0772359609074124,-0.0606843746847562,-0.0353325769983208,-0.0679009268969327,0.0918411355312851,0.7984855908894948,0.1121676876887699,-0.2792640433774275,-0.1543559989801959,0.0203265521574848
Nmd3,34388.0,-0.2148751419235788,-1.3219280948657215,0.0063995921264203,0.0450401167031363,-0.3850653792607121,0.0,0.0003377963407407,0.0001407086925925,17.908130201403832,0.0010214695357453,0.0173517319513989,0.0461212343682811,-0.0287695024168821,-0.0242746021921498,0.0497488318763098,-0.0946771062122025,0.1969265797675621,-0.1404954864627044,-0.3850653792607121,-0.5379127505681346,-0.0458183802505019
Scamp2,27852.0,0.2087951586006391,-0.184424571136641,0.0,0.0,0.0,0.0,0.0009029316492063,-5.55516952380952e-05,17.151460922745883,0.0016475703857754,-0.0166855837678134,0.0122323159595094,-0.0289178997273228,-0.0222708525596195,-0.0495660415298782,-0.0723883973384725,0.4099203031009146,0.2425620053207262,0.0955454282038952,-0.2122029086253909,0.3149504026591988
Zbbx,127127.0,-0.5350915340526763,-0.9999999999278651,0.0,0.0,0.0,0.0,9.437815014925372e-05,0.0001141952927611,20.921890546495035,0.0003985605476023,-0.0020655726779856,-0.0047091429257843,0.0026435702477986,0.0315321216771414,0.0583599337149157,-0.025745106145231,0.0879922082129547,-0.3471079820085903,-0.6451257351038102,-0.3000489205164212,-0.3213628758633592
Akr1a1,15170.0,0.1973676291200825,0.2344652536357498,0.1511240161859998,0.0,0.0,0.0,0.0007303325042553,0.0002365030255319,17.696554872160238,0.0010844562248753,0.0215986261702139,0.0339841866860976,-0.0123855605158837,0.0197252782359511,0.0752472019946892,-0.20021221450626,0.048571858498029,0.0246677088027869,0.0863854289138773,-0.3417419818840888,0.2248799233090469
B4galnt1,7105.0,0.1147334301956495,-0.0780025120010625,0.0640067843502523,0.0,0.0,0.600392541132333,0.0017524941214285,-0.00062541855,16.722423359459306,0.0020076116187812,0.1465059842445558,0.2250334294082117,-0.0785274451636558,0.0166780157894533,0.0640063885899223,-0.0273927708996832,0.1905799138921469,0.1154360573740553,0.0589967608056323,-0.1086405257814764,0.1428288282737386
Elovl1,4860.0,0.0587324842282335,0.4150374992668215,0.013952475966416,0.0,0.0,0.0,0.000813645615,-0.000796960015,18.172933510233943,0.0009980549544812,-0.011231588057342,0.0045772596190845,-0.0158088476764265,-0.0339321425253951,-0.0815415889832528,-0.0863238469569112,0.3956596099503593,0.1695029627664599,-0.004625509586379,-0.2580370372949235,0.2558268097233711
Sar1a,12998.0,0.1454425869028583,-0.2410080995017773,0.1778869281855336,0.0,0.0,0.0,0.0007357948576923,-0.000295507026923,17.864129929486506,0.0008492163673163,0.0241611176481464,0.0196065975410377,0.0045545201071087,-0.0698107398267888,-0.0174043949436806,-0.0184731514954348,0.2181026958234124,-0.043607621099511,-0.2029140443843431,-0.0874665123823126,-0.0251344696040761
Gm21887,9622.0,0.0,0.0,0.0,0.0,0.0,0.0,0.0,0.0,0.0,0.0,0.0021671874442979,0.0072709597656646,-0.0051037723213666,-0.053815216881673,-0.0149148383987827,0.0,0.0,0.0,0.0,0.0,0.0
Pnisr,28892.0,-0.2751576019097204,-0.222392421333013,0.0711989567717525,0.0,0.0,0.0,0.0016323699038461,0.0009881388076923,16.152109465423447,0.0007175732850263,0.0081085643881071,0.0217889845212832,-0.013680420133176,0.0330117969459713,0.0057753309091788,0.0239514735466489,0.087992208226198,-0.1729149542766975,-0.4241242755704046,-0.0389882049710781,-0.1968664278233465
Zfp937,22652.0,0.220806928336152,-0.9999999999639329,0.2129497296159574,0.0,0.0,0.0,0.0,0.0,0.0,0.0,-0.0157011176971426,-0.0243624498350187,0.0086613321378761,0.0060741315048693,0.0467080111795521,0.0400809271268465,0.1407153117839725,0.1407153117839725,0.100634384657126,0.0400809271268465,0.100634384657126
Nek6,82963.0,0.0,0.2223924213355896,0.0,0.0,0.0,0.0,0.0,0.0,0.0,0.0,0.0095219860203511,0.0143352107539468,-0.0048132247335956,-0.0716187418956582,-0.0766468079630064,0.0210529987395145,0.7687136916195418,0.1268234395736734,-0.2799367852949562,-0.2851066229626243,0.1057704408341588
Tulp3,34690.0,-0.0198210854434952,-0.8479969065421264,0.028101550004729,0.6963912066337733,0.1958639057070655,0.0,0.0015895961888888,-0.0004903074111111,16.409555870391845,0.0010635616253844,-0.0149598155367318,-0.0084058481344724,-0.0065539674022593,0.0044731941808056,0.0603911852049949,0.033735459526849,0.7014432658383183,0.20403369240324,-0.1523533896724496,-0.083239797468515,0.1702982328763909
Egln1,40737.0,0.0454136478641906,0.8073549220524514,0.0,0.0,0.0,0.6520766963298756,0.001284978573913,-0.0001112079753623,17.260517449040513,0.0014795159676277,-0.0084475723835415,0.0424451256552893,-0.0508926980388309,-0.1051432780890953,-0.0976394186559754,-0.0387646581122309,0.5179800488814492,0.2038417759501038,0.0018519187088735,-0.4745107250754379,0.2426064340623347
Tpd52l2,20824.0,0.3500299827974649,0.0874628412498088,0.1733402877841119,0.0,0.0,0.0,0.0028841593095238,0.0001721430238095,16.35509011699748,0.0008352555736126,0.001229415097481,0.028790663108422,-0.027561248010941,-0.0065231130643994,0.0090617308843969,-0.0979647815414234,0.5420238390787275,0.1382874411584693,0.0736743771706596,-0.1840855379805073,0.2362522226998928
Rrnad1,8116.0,0.246637690177915,-0.5849625007131416,0.1765245433510938,0.0,0.0,0.0,0.0003371454187499,0.00010752913125,18.16835562032449,0.0008291321209622,0.0581499277689914,0.0813914308852717,-0.0232415031162803,-0.0249243698843093,-0.063744294673347,-0.0610934070687845,-0.1071582741713959,-0.1071582741713959,-0.0460648671026113,-0.0610934070687845,-0.0460648671026113
Sin3b,34916.0,0.0,0.0,0.0,0.0,0.0,0.0,0.0005971764153846,-0.0005404204076923,21.078475764686296,0.0006907856327745,0.0071050124725981,0.0189459577879152,-0.011840945315317,-0.0283737834589119,-0.0255471125887489,-0.1368454066095534,0.5377951256146174,0.1167976861991854,-0.1610521218603349,-0.4925022909422933,0.2536430928087388
Pdia5,93561.0,0.0,0.0,0.0,0.2269013940139401,0.341746736281272,0.59946207026763,4.4664918918918935e-05,-0.0002102972121621,17.502876148426218,0.0009533987606034,0.0095939387489879,0.0099394093011924,-0.0003454705522044,0.0438348949536964,0.033451963656401,0.0735868571892924,0.7547488000005288,0.3483297144021129,-0.2934626418473536,-0.2798061558159838,0.2747428572128205
Dnajc14,15384.0,0.0515266717080535,-0.0931094043908804,0.1598948134253995,0.0298818232976927,-0.2315638603880336,0.0,0.0026992451428571,0.0002131263571428,16.167834329550146,0.0009669019023774,0.0057733429765872,0.0174316956293694,-0.0116583526527822,0.0043262726374884,-0.0725566312451283,-0.0384681024904063,0.1471542806966517,-0.1684933352426717,-0.2356343500582829,-0.1134368708471518,-0.1300252327522653
Zhx3,124290.0,0.0,0.0,0.0,0.2203133525606048,0.5170942928402724,0.2837929659445861,0.0011643898309411,-0.0001114949137647,17.14630667474271,0.0011825076449856,0.0116699241118442,0.0252103072387587,-0.0135403831269145,0.0661689409163422,0.0454685283000317,0.0131634052811713,0.6163711804335608,0.0749030794808716,-0.7510615582569454,-0.6452834704479493,0.0617396741997002
Casd1,42516.0,-0.1548575224517456,0.0,0.059797688592493,0.0,0.0,0.0,-0.0001090585033333,0.00040591512,19.54643795513665,0.000583748449568,-0.0125106137866479,-0.0103681827635692,-0.0021424310230786,0.0098400321203305,0.0152520120191564,0.0688848500964115,0.1357801071826001,-0.1487365639656999,-0.6368564466031719,-0.0602252320047527,-0.2176214140621114
Fam117b,72340.0,0.0,0.4854268271619979,0.0,0.0362850406078071,-0.1564204216426108,0.0,0.0010398875896551,0.0001831849551724,14.378552815291572,0.0006896120219482,-0.0067132832726465,-0.0051415672188731,-0.0015717160537734,-0.0328650723487882,0.0245336526756569,-0.0159563489983807,0.3675147368201535,-0.0031034668594215,-0.7520920106049758,-0.2585451179663127,0.0128528821389591
Gm13481,394697.0,0.0,0.0,0.0,0.0,0.0,0.0,0.0003126964174774,-7.169825891891892e-05,17.598985904132988,0.0005575499496162,-0.0095962232504604,-0.0200073830975483,0.0104111598470879,-0.050343122828912,-0.0542227146240194,-0.1251113129800523,0.1219395401347083,-0.2988359164915691,-0.6653016709292108,-0.6764651256831,-0.1737246035115169
Tln2,342616.0,0.1915189777270729,0.8300749985506743,0.0,0.4934519275894169,0.4302802071053302,0.4659142484541247,0.000614289787898,-0.0001337077401273,15.68836053590312,0.0009880591732534,-0.0109052356190435,-0.0166848234451428,0.0057795878260993,-0.0590252210032621,-0.0746727153604278,-0.1240515367968213,0.6888962526772597,0.2242525022445866,-0.3990413982174905,-0.6842846301396418,0.348304039041408
Arid2,117474.0,0.0,0.0,0.0,0.0,0.0,1.1926450773627415,0.001103284031081,0.000180181081081,16.743623967331153,0.0011620698591268,-0.0018527608350263,0.0188241418782166,-0.0206769027132429,0.042237932076554,0.0177108884260482,-0.026709260935845,0.4181408098705254,0.0815506740286043,-0.4590487075601356,-0.6504699172324874,0.1082599349644494
Yif1b,9268.0,0.3554409478668763,0.6374299206095668,0.1146503483147665,0.0,0.0,0.0,0.0003207891877551,-0.0003204629918367,17.793953171215826,0.0010915303778714,-0.0251087601390298,0.007922529148985,-0.0330312892880149,0.0100416166775826,-0.0540970220998299,-0.0724031327472038,0.6367345209737916,0.4029076177261872,0.1761774826980122,-0.1444082442863641,0.475310750473391
Plvap,13987.0,0.2800138273861914,0.337034987275989,0.1003630707227744,0.6524562864279767,0.3463205960926574,0.0,0.0,0.0,0.0,0.0,0.040523818949984,0.0593757660884333,-0.0188519471384493,0.0471623699073912,-0.0290431202947364,0.0439996542790418,1.146885897022523,0.50945935817198,0.2358463277910747,-0.1284537612397361,0.4654597038929381
Ighm,4172.0,1.0379140711128547,0.0,0.2217106195586785,0.920704845814978,0.6897710488661049,0.0,0.0,0.0,0.0,0.0,-0.0217738254340866,-0.0347835621720644,0.0130097367379778,-0.0466223440617892,0.0649567696855595,1.5400665707224364,2.229837619588541,2.229837619588541,0.6897710488661049,1.5400665707224364,0.6897710488661049
Gpsm1,32722.0,0.3815785025245377,-0.5145731728235754,0.2150811656707054,0.0,0.0,0.2963930027332198,0.0,0.0,0.0,0.0,0.0088948340744788,-0.0079575890801662,0.0168524231546451,0.0889831216929303,0.0203788114013354,-0.0292398892455764,0.6380884629379606,0.3309175932027376,-0.027947246553896,-0.2677747332828195,0.3601574824483141
Fstl1,59641.0,0.0045049838535211,0.3219280948801484,0.1737414424349759,0.0,0.0,0.8300749982070328,0.0006846583768339,-0.0003477844760617,17.890759322456717,0.0010324452492568,-0.0039797872057391,-0.0025551159099901,-0.0014246712957489,-0.0516356035765576,-0.0434334617638373,-0.0979104748103961,0.683601952960037,0.1644236826532532,-0.449108395470463,-0.4859432196859845,0.2623341574636494
Rnf44,14508.0,0.294619140982356,0.5849625007177206,0.1402381995063261,0.0,0.0,0.0,0.0005837112578947,-1.2027436842105278e-05,17.577001888938742,0.0015843393067572,0.121740071637311,0.1094744273447669,0.012265644292544,0.0690326383023787,0.0877079013652037,-0.12520366333191,-0.0197380316007702,-0.1027636553529982,-0.1539826895302942,-0.2063651262727317,0.0224400079789117
Tmeff1,77957.0,0.0016684700813938,0.0,0.0,0.0,0.0,0.2684888358702234,0.0022397019490196,-0.0003585150882352,15.67690151662778,0.0017796911935426,0.0498357615836915,0.0623637400414395,-0.0125279784577479,0.1611468383732723,0.100662604108079,0.0290327284401917,0.4704618449985635,-0.0969501895509303,-0.6495848598727678,-0.2938491041827888,-0.1259829179911221
Ankrd26,60918.0,-0.0214831327429454,0.2895066171920701,0.0302656782212747,0.3286145599063433,0.5037479811018053,0.0,0.00142062329375,0.0006463926041666,15.561060585280876,0.000824528367419,-0.005723487728553,-0.0022893290978888,-0.0034341586306641,-0.1287932962726754,-0.1109237404906211,0.0851239427144013,0.6256489941239164,0.3179163280289608,-0.3393105518373989,-0.2568548967085127,0.2327923853145594
Lrp6,120489.0,0.0,0.0,0.0,0.0,0.0,0.0,0.0018544952,-0.0009499385259259,14.759203214413096,0.0010581334457171,0.0150801596492062,0.016494782119274,-0.0014146224700677,0.0103440798914573,0.0181002549978891,0.0328412419940516,0.637330799123242,0.2011201781712956,-0.2813463555719033,-0.7172114679650584,0.168278936177244
Sgms1,266987.0,-0.1394849390521457,0.0,0.0,0.0,0.0,0.0962153152272076,0.0,0.0,0.0,0.0,0.0042824571756847,0.00280715925024,0.0014752979254447,0.0225974740451827,0.0444089369376773,0.0215606705697741,0.5250560137881912,0.0175793436579454,-0.591686476114552,-0.5334304960306796,-0.0039813269118287
Gm16153,14336.0,-0.1035230211640301,-0.4150374992728327,0.1313908562663269,0.0,0.0,0.0,0.000836734675,0.00086108685,19.539305494339548,0.0001272899881689,0.0013613004131799,-0.0140841149918379,0.0154454154050178,-0.1482703589173588,-0.14080728572436,0.0211327674650087,0.339217311751501,0.0510253159171039,-0.3520160634171416,-0.1484186646819264,0.0298925484520952
Impact,37098.0,-0.3548915932993468,0.0,0.0,0.1257491091674765,-0.4209245421548115,0.0,0.0,0.0,0.0,0.0,0.0128039860953566,0.0138153685025616,-0.0010113824072049,0.0463192057933892,-0.0095186720812736,-0.0687908168002985,-0.1485910892221844,-0.4105677251780129,-0.5005227160894339,-0.1571981625323952,-0.3417769083777144
Hspbp1,24547.0,0.0933687848874651,0.6780719051072275,0.0477342974318621,0.0,0.0,0.0,0.0,0.0,0.0,0.0,0.0549665697329533,0.0620723961074933,-0.00710582637454,-0.0116253442180784,-0.0131810084491377,0.0253424899524431,0.5262444210748061,0.1449121007558242,-0.2259988932870167,-0.2226083776234224,0.119569610803381
Kif21a,116672.0,0.0,0.0,0.0,0.0,0.0,1.3410369172529266,0.0009497695859649,-0.0001646206877192,18.615351260101395,0.0007774668133794,0.0093389658517644,0.0073824010532449,0.0019565647985195,0.007051863137779,0.0005925965193273,-0.0340736514272164,0.3983323288011521,0.0101921689720664,-0.4466492797418349,-0.4931579123888071,0.0442658203992828
Fabp5,4059.0,0.0,0.0,0.0,0.0,0.0,0.0,0.0,0.0,0.0,0.0,0.0213828054731991,0.0869644357561016,-0.0655816302829025,0.0295050891447111,0.0219377060500367,-0.0189048965346628,-0.1494480161783031,-0.2610893016446817,-0.316891455352744,-0.0789559730062046,-0.2421844051100189
2410018L13Rik,56287.0,0.1296736110519138,-0.9999999999278651,0.1249264208861073,0.963408363328744,-0.5369909553894487,0.0,0.0,0.0,0.0,0.0,-0.0071618336066592,-0.0022589092876276,-0.0049029243190315,0.0561777862306664,0.0667086136294667,0.0304645282355653,0.0879922082236477,-0.2499296938725618,-0.5369909553894487,-0.0508606405793226,-0.2803942221081272
Gm21781,4837.0,-0.3520160634171416,0.2223924213347308,0.0,0.0,0.0,0.0,0.0011385132,9.930365000000004e-05,18.609189491289616,0.0012359484780127,0.004691503481119,0.0339014609406977,-0.0292099574595787,-0.0948288930125635,-0.0951090843187701,-0.0750145022859465,0.3520762285268954,0.3520762285268954,0.427090730812842,-0.0750145022859465,0.427090730812842
Zmat4,520566.0,0.0,0.0,0.0,0.3882453939701264,0.097078418500306,0.0375603498132204,0.0005637481336116,-0.0002794295004175,16.767923695327813,0.0008670311397601,-0.0073519783738178,-0.0108453924285532,0.0034934140547353,-0.0381387920497526,-0.0381601528656644,0.0003625438678255,0.9977943990868502,0.1267800339212368,-0.3121639475419126,-0.6276449974976663,0.1264174900534113
Mtmr14,43549.0,-0.2091697231813434,0.2094533656283408,0.0504834438032892,0.0,0.0,0.0,0.0017077853,-0.0006790481698113,16.16675146961359,0.0013845337368428,-0.0146283066951872,0.024976171346508,-0.0396044780416952,0.0408951943782027,0.0170072351906958,0.0431591009253815,0.5059122159908539,0.2728178711754273,-0.0384553335409179,-0.1641037335471047,0.2296587702500456
Gm20457,8414.0,0.1527357888684202,-0.7369655941613971,0.1025707160985977,0.0,0.0,0.0,4.908657999999999e-05,-6.238680000000005e-05,18.359973114566493,0.0009803887462683,-0.0112440798369566,-0.005629450080401,-0.0056146297565555,0.0079092266751231,-0.0463071681771445,0.0,0.0,0.0,0.0,0.0,0.0
Rbak,8589.0,0.1936319441337608,0.459431618632379,0.0337785169593304,0.0,0.0,0.0,0.0014796016419354,-7.564544193548384e-05,16.81331784377032,0.0013847550135549,0.002426711991948,-0.0155494107039751,0.0179761226959231,-0.0265477625858575,-0.0441976099209097,-0.0768362309032372,0.2270259018586052,0.161408240325969,0.1765595422862715,-0.0807689634929387,0.2382444712292063
Trmt44,18867.0,-0.0977058994882664,0.2630344058313891,0.0,0.0,0.0,0.0,0.00061138049,-0.0002689831633333,18.08576477442436,0.0008813141444067,0.0120430201867784,0.0111057015631043,0.0009373186236741,0.0330957424573554,0.0105901169301508,0.079366805603305,0.3630698048780416,0.1393192293411534,-0.244820479536267,-0.0687825485728062,0.0599524237378483
Ppp2r5a,51297.0,0.1242772163591943,0.9999999999919846,0.1222031609100198,0.8500641987811274,-0.3069017172315345,0.0,0.0011643574857142,-0.0004697001571428,17.333039188740113,0.0013604806469094,0.010645892778739,0.0283532324423559,-0.0177073396636169,-0.0960994939895366,-0.0937354442448177,0.0037802522774675,0.5343258379601665,0.1096386050224023,-0.3069017172315345,-0.3039522431461651,0.1058583527449348
Slc35a4,4646.0,-0.0199911544775428,-0.5849625007091332,0.1091973604070893,0.0,0.0,0.0,0.0026712010416666,-0.0007471382083333,16.176072807325593,0.0014759719275595,-0.0221642958189791,0.0023782254805967,-0.0245425212995758,-0.1164823868909717,0.0071424557453455,0.0725168285618901,0.0553260193117823,-0.0002926540243217,-0.1460547812745778,0.0548902032096283,-0.0728094825862119
Psmg4,15209.0,-0.1357226895188041,-0.3479233034174966,0.051677569389609,0.0,0.0,0.4753380094478855,0.0010350757765432,-0.0003127420629629,18.2397788503914,0.0009071569036581,0.0002196146130862,0.0045074159508618,-0.0042878013377755,-0.0329799558666713,-0.0202465243430764,-0.1072328064180248,-0.1491039866757315,-0.2226900587711642,-0.2284400022369843,-0.146629484206437,-0.1154572523531394
Dlk2,5850.0,0.2142506242301678,-1.321928094876542,0.0568261592422654,0.0,0.0,0.0,0.002917495,-0.00078945,15.89277995770484,0.0,-0.0019089025455952,0.015607790392341,-0.0175166929379363,-0.0352661404285693,0.0012050105672153,-0.0029137143450754,0.3495039806313391,0.2239402782465768,0.0234786773595936,-0.107371382589581,0.2268539925916523
Mtx3,13470.0,-0.0111310769933803,0.1926450779415374,0.0064097852436493,0.0,0.0,0.0,0.001296017179661,0.0001789612677966,17.45436923554799,0.0011528079378836,-0.0029568314599311,0.0036749123188369,-0.0066317437787681,-0.0471154526743359,-0.0565074218522352,0.0577524646165496,0.3002958119288872,0.157544514283282,-0.1801295456293996,-0.1040871815487056,0.0997920496667323
Mamld1,105800.0,0.0,0.3219280948837557,0.0,0.0,0.0,-0.8382489298107321,0.0,0.0,0.0,0.0,-0.0375345913471336,-0.0054689334317349,-0.0320656579153986,-0.1293681448886909,-0.1335947067075447,0.0,0.0,0.0,0.0,0.0,0.0
Gm28154,25997.0,-0.1655530218845227,-0.4150374992668215,0.1837665822978997,0.0,0.0,0.0,0.00053854882425,-0.00010834160175,18.873440053722828,0.0007380861947579,-0.012000814685098,-0.0195755549064853,0.0075747402213872,-0.0275457536430874,-0.0163628850367408,-0.07401026732686,-0.0239972280743164,-0.0239972280743164,0.0500130392525435,-0.07401026732686,0.0500130392525435
B130034C11Rik,8034.0,-0.0774082626496415,-0.3870231231066356,0.0703354656193489,0.0,0.0,0.0,0.0006008876308571,0.0002276111365714,19.04555711459481,0.0010756105296918,0.0140880029326,0.0302786013623496,-0.0161905984297496,0.0134556184935437,-0.0027587038432422,-0.0621408565590801,-0.1299950339798519,-0.1999893580418774,-0.1959341211912768,-0.0740495609126261,-0.1378485014827972
Polg,20131.0,0.2911191837572899,0.0,0.1416999369292367,0.915534745723425,-0.0505884386852915,0.0,0.0019695616588235,0.0004374168705882,16.424162981647665,0.0015327559570282,0.0280021207168977,0.028600326496702,-0.0005982057798042,0.0276620292527716,0.0089911890126164,-0.129534549581794,-0.0131642610222533,-0.1519353126358039,-0.1510363699970138,-0.2159395002739113,-0.0224007630540099
Samm50,25026.0,0.0,0.0,0.0,0.0,0.0,0.0,0.0011408898919999,-0.0002022519419999,17.490842719237982,0.0010016185682153,-0.0070222255171533,0.0190609389412183,-0.0260831644583716,-0.0215864500850505,0.0183106502624704,-0.1821961939494147,0.3707224153813751,0.0828963782133166,-0.0923634229043799,-0.5028658034981013,0.2650925721627313
Arsk,38238.0,-0.0895564297613411,-0.6374299206095668,0.205686635904196,0.0,0.0,0.0,0.0004240712166666,-0.0004718092833333,19.06338568573381,0.0003662833295253,-0.020485985764753,-0.0271532084413305,0.0066672226765775,0.0604001740705359,0.0749422367064472,-0.1182625795657128,-0.043252325041452,-0.2512302251449492,-0.5105924479338957,-0.4789045574138496,-0.1329676455792363
Dync1i2,51597.0,0.072667147671805,-0.2756344426121071,0.1141557815988219,0.0,0.0,0.0,0.0007505799218045,-1.806782406015038e-05,18.13376238358004,0.0008844910031589,0.0341781723384753,0.0504327790866951,-0.0162546067482197,0.1553249211014115,0.0965669996803373,-0.1295815497122679,0.4127743001477004,0.0286197561043504,-0.1575401539504581,-0.637126977799922,0.1582013058166183
Iqgap2,265309.0,0.2552914143330898,0.4694852832996785,0.2007855422010112,0.5845268439102743,-0.3497179097981729,0.5872283338526383,0.0015860942520202,-0.0001770845171717,16.095553122896014,0.0012169171605547,0.0834252839489297,0.0997267390364388,-0.0163014550875091,0.2120708744648433,0.1985156796886568,0.0274002794350591,0.3652579998889181,-0.0502479173235594,-0.5125108415474446,-0.487778061365833,-0.0776481967586185
Set,15199.0,0.2701240057295448,-0.2223924213353028,0.0955525140220354,0.0,0.0,0.0,0.0006485448416666,-0.0016191995,17.957083821080435,0.0007828628072676,0.0243001699923303,0.0914232799511355,-0.0671231099588052,0.0213061102198246,-0.022507514944569,-0.0003006137913146,0.4290291259893096,0.2327681584973498,-0.0121784055625751,-0.1789654663228188,0.2330687722886645
Fem1c,24225.0,-0.0592016023056256,0.2064508774659463,0.1618915931536504,0.9177679362267492,-0.3945849197210425,0.2801079191472722,0.0024142859999999,-0.0022859464999999,17.38852799301736,0.0001958251848186,-0.0518861727450309,0.0284566501847116,-0.0803428229297426,-0.0290145108207828,0.0139686784667362,-0.035553483877954,0.3651017992182848,-0.1288798085156289,-0.3945849197210425,-0.1338309309373784,-0.0933263246376748
Mfap1b,13832.0,0.0,0.0,0.0,0.0,0.0,0.0,0.0,0.0,0.0,0.0,-0.0155204924228534,0.0045361898488116,-0.0200566822716651,0.0045433342447384,0.0110338430742368,-0.0624057962522363,0.2497432781991247,0.0895476839363235,-0.0886372204903445,-0.2408512650556997,0.1519534801885599
Dtnbos,9603.0,0.1871245183925998,0.7004397181376243,0.1430536158159644,0.0,0.0,0.0,0.0014251176111111,-0.0003940624444444,16.269871263031277,0.0017639590753386,0.0013566279628512,-0.014187504574408,0.0155441325372593,0.0231524991622324,0.0435234663253712,-0.1578190309004667,0.0741864086976368,0.0073107142621466,0.003923268728374,-0.252149812899216,0.1651297451626134
Zkscan5,17188.0,0.2092281829316737,0.9999999999855732,0.0,0.0,0.0,0.0,0.0,0.0,0.0,0.0,0.000696247664527,-0.0255060629032634,0.0262023105677904,0.0365277617604715,0.0919855519809136,-0.1581700964909989,0.0252977665846807,-0.0501422942978708,0.0343547261603811,-0.1599370813408036,0.108027802193128
Tnfaip1,13482.0,0.1941887184541566,1.5360529002307572,0.0,0.0,0.0,0.0,7.361220967741935e-05,-0.0002399175645161,19.16821291162287,0.0005305841857336,0.0187284390634957,-0.0040759140072796,0.0228043530707754,0.0269108504778592,0.0229135513414577,-0.0818737557482657,0.3350850701721094,0.1374764543988926,0.0570554716254054,-0.1827349948945174,0.2193502101471583
Gm26724,2039.0,0.4039196969269167,0.0,0.0199567628678578,0.0,0.0,0.0,0.0007483310812499,-9.447649374999992e-05,18.00192005034934,0.0008138733472745,0.0268976167710053,0.0082117693187881,0.0186858474522171,-0.0623102847550725,-0.0524137001491857,-0.148887042221353,0.3875524900758413,0.2561079314481525,0.1757747012224619,-0.276377967977315,0.4049949736695056
Txlng,50535.0,0.0,-0.4150374992668215,0.0,0.0,0.0,0.9634741236234604,0.0,0.0,0.0,0.0,0.0359151600292078,0.0466122330201058,-0.0106970729908979,-0.0056666834651982,0.0107918545446026,0.0,0.0,0.0,0.0,0.0,0.0
6230400D17Rik,15792.0,0.2931326693738314,-0.3219280948801484,0.2298463333931239,0.0,0.0,0.0,0.000878482948,-0.0002137490479999,17.28881130197947,0.0010796922841723,0.0287690445255497,0.0991281917822759,-0.0703591472567262,-0.0043955423250843,0.0273724728302877,-0.1225043073044016,0.0267777817451637,-0.0672405566444845,-0.0760815003560777,-0.4068580660284917,0.055263750659917
Slc18b1,30982.0,-0.3243405096614538,1.5849625006890964,0.0,0.2254873935166657,-0.6378611089271111,0.0,0.0007081162238961,-0.0002739401433766,18.214423449354893,0.0010685086135829,-0.0053829798307212,-0.0240245477861601,0.0186415679554388,-0.0094300222057637,0.002751332694806,0.0293752139069876,0.0994422289711223,-0.1342965868329208,-0.6378611089271111,-0.133980814479166,-0.1636718007399084
Trrap,92046.0,0.0,0.0,0.0,0.5482829254018351,0.2282879700628799,0.0,0.0011469911587155,-0.000494688372477,16.539778187255358,0.0013560045280934,0.0052816554041725,-0.001775200890168,0.0070568562943406,0.0528981808079913,0.0486913128101011,-0.076413298467268,0.684359472192396,0.2649982544579875,-0.036233857742546,-0.7126387382867766,0.3414115529252556
Grm4,99016.0,0.1757747012224619,0.2995602818568268,0.0,0.0,0.0,0.8598223417118356,0.0005494112581081,-9.257635540540536e-05,17.04679479046916,0.0010938932481362,0.0118413178129559,0.0422542696573156,-0.0304129518443597,-0.0231858422692565,-0.0170108804961877,0.049588897255577,0.869351921594498,0.3687065168891321,-0.2205032664795204,-0.5008935610829925,0.3191176196335551
Ccdc13,41834.0,0.0,0.9068905956001028,0.0,0.0,0.0,0.0,0.0010360305069767,-0.0001487483186046,16.26626056162287,0.001139772801204,0.0210830786062775,0.0216094270597917,-0.0005263484535142,-0.0177146465501134,-0.0087057753445697,-0.0484475160217723,0.4606511051753415,0.2070843390867633,0.084918529920777,-0.3799010963734255,0.2555318551085357
Camkk1,23065.0,0.0,0.0,0.0,0.1506004064289673,0.0417721802448816,0.0,0.0001231301793103,0.0004312208034482,17.83698327740864,0.0008222624321541,0.0028840875222934,0.0634384356545769,-0.0605543481322835,0.1070116084448373,0.0266685132169852,-0.0252848652669984,0.3050214447744107,0.1317987192232614,-0.0456807955252065,-0.2204169020721758,0.1570835844902598
Dusp5,13322.0,0.2210710261456778,0.777607578659258,0.1649451163956812,0.0,0.0,0.0,0.0,0.0,0.0,0.0,0.0076546270848007,0.0558084672007517,-0.048153840115951,-0.0253357178861471,-0.0082711244084213,0.2343121286590744,0.7094805848934427,0.2114956240561653,-0.2845968902507476,-0.0557955317304479,-0.0228165046029091
6530401F13Rik,24490.0,-0.1045749307336709,-0.2630344058289848,0.0470218355965384,0.0,0.0,0.0,0.0,0.0,0.0,0.0,-0.0481361901518907,-0.0565835145581946,0.0084473244063039,-0.037104461680359,-0.0063877289543949,-0.0895832349251749,0.2042452767081863,0.0669299517437342,0.002300743675792,-0.1898743654784588,0.1565131866689092
Dgcr6,18772.0,0.1899618323614844,0.0,0.1166131318407218,0.0,0.0,0.0,0.0011710466454545,-0.0004096637772727,16.919716967614104,0.0008212560801366,-0.0006689019557696,0.0578031020749714,-0.058472004030741,-0.0170231889791342,0.0157760485102419,-0.1934417071360128,0.9901448846469288,0.3036164482152926,0.1985499122981777,-0.3369615812517037,0.4970581553513054
Polr2f,10765.0,-0.0484997434686222,0.0,0.0,0.0,0.0,0.0,0.0002759048448979,2.45162489795918e-05,17.037865518639745,0.0012486487293455,0.0076983465511041,0.0125921509815644,-0.0048938044304602,-9.112520492182696e-05,-0.0244390113489515,-0.1621268593365429,0.3620917780165029,0.2109715023127536,0.3195846051936227,-0.2843887749433011,0.3730983616492965
Fam135b,296229.0,0.0,0.0,0.0,0.4485305423539278,-0.0220202656257997,0.0,0.0010450602982162,-0.0002039486214054,16.959774734899444,0.0010106173726697,0.0009506106741766,0.0027910221038481,-0.0018404114296714,0.0504841540978066,0.024707512392734,-0.0627393663575797,0.5348785735091866,-0.0665403914478605,-0.5642803187752239,-0.5008935611096401,-0.0038010250902808
Yipf1,45460.0,-0.2598939427104314,1.247927513433145,0.0,0.0,0.0,0.93288580351692,0.0004961426258928,-0.0002402409294642,18.2447125870163,0.0014735300266696,-0.0192164457501856,-0.009554761460724,-0.0096616842894615,-0.0617818398232746,-0.0627535943418696,0.0211766421586889,0.7920073804407373,0.2397364075513243,-0.0430184623096545,-0.214330619870527,0.2185597653926353
Sipa1l2,151745.0,0.063850515102803,0.0740005814433972,0.0,0.0,0.0,-0.2823997306660656,0.0003586742066666,-0.0001375862711111,17.48340080674729,0.0007066529080921,0.0041594819688042,0.0036934927618404,0.0004659892069637,-0.0121536511367645,-0.036746869095416,3.63811174862505e-05,0.7127806893791011,0.3859502925240973,-0.1401231008676914,-0.3943218969267117,0.3859139114066111
Ice1,85927.0,-0.3162515390095715,0.7776075786549645,0.0,0.0,0.0,0.0,0.0004156310847234,2.474372587234042e-05,19.35312095822834,0.0007080469589657,0.0144377012852599,0.0201000289148027,-0.0056623276295428,0.0453505349788241,0.0335662742845469,-0.1072608982860475,0.2673540666345593,-0.1107604188108847,-0.5946641759308121,-0.3960486417063256,-0.0034995205248371
Apobec4,6993.0,0.0425241215636051,0.9999999999944512,0.1647599061566187,0.0,0.0,0.0801703486617024,0.0016962346954545,-0.0006653312715909,18.002735307040187,0.0009349360943245,0.0185554047423803,0.0188482862962436,-0.0002928815538633,0.0229687297892847,0.0138232263075138,-0.1222564681919437,0.2500489663169187,-0.0153904769770711,-0.118252706806573,-0.2000270818390582,0.1068659912148725
Ints2,46894.0,0.0224640535731461,-0.459431618632379,0.1743715681937604,0.0,0.0,0.0,0.0008551273433734,-0.0001179608915662,18.180170038515424,0.0008786568180808,-0.0112152524536501,-0.0160942648044911,0.0048790123508409,-0.0947110795463763,-0.0538749511326186,-0.1490950961052929,0.3785073504484966,-0.0839747923351782,-0.3386361588883966,-0.3957287181686508,0.0651203037701146
Fkbp5,118433.0,0.0,0.0,0.0,0.9870373849333084,0.4224514057183572,-0.3785116231871438,0.0007005837926605,-0.0002922194743119,17.079463484430445,0.0016702970074912,-0.0054770755537036,0.0227732069043616,-0.0282502824580652,-0.1091644688782149,-0.1166077192318737,-0.0254514607063384,0.6467231672685647,0.2401783023032929,-0.2641118181503127,-0.6047871019092486,0.2656297630096314
Stk38l,53817.0,-0.2015431560629572,0.0,0.0,0.0,0.0,0.0,0.0016986316121212,0.0009146003212121,15.930101663944276,0.0016012325769789,0.0182630569717544,0.0283821334581996,-0.0101190764864451,0.0149101762643467,0.0061749187336325,0.0502500766815509,0.3560534311158245,-0.0003552044006221,-0.3260963654464874,-0.0878656667179595,-0.0506052810821731
Snrpg,8024.0,-0.0086033220582262,0.0,0.090267725199071,0.0,0.0,0.4150374991929693,0.0008668837438596,-0.0005004386894736,18.38064496835217,0.000895359261224,-0.0090413676027737,0.0158444580684725,-0.0248858256712463,-0.049086551706306,0.014420731725186,0.0093284970143804,0.3532308849480812,0.0123201384375724,-0.2320788106552302,-0.0727754170039612,0.0029916414231919
Gm9925,0.0,0.0,0.0,0.0,0.0,0.0,0.0,0.00134536232,-0.0009918717,17.181260217931232,0.0020387654738793,0.0,0.0,0.0,0.0,0.0,0.0257623985785576,-0.005117196157637,-0.0912762471958143,-0.2687544449820847,-0.0803798380448048,-0.1170386457743719
Cyb5d2,18910.0,0.0068018811000003,-0.1699250014403088,0.0371108565365045,0.0,0.0,0.0,0.0013322881517241,-0.0001572708931034,17.006721680521196,0.0012675568656773,0.0222081894118283,0.0327667209738443,-0.0105585315620159,0.0237462604690565,-0.015375790926658,-0.067745596939652,0.4336816608001164,0.1889996301771265,0.0603475680184888,-0.1288189131954422,0.2567452271167785
Ibtk,61974.0,-0.1457088764731304,0.8073549220421463,0.0197910680888905,0.0,0.0,0.0,0.0004535262879787,-0.0001482150353191,20.00975603623881,0.0006859778194695,-0.003758880962419,0.0026047447543953,-0.0063636257168143,-0.0462703971661979,-0.030647961968734,-0.1519023845108602,0.2269686213446354,-0.1288825157551147,-0.1684284701069045,-0.4324890557665626,0.0230198687557455
Xrcc5,87525.0,-0.234367217458034,0.2630344058289848,0.1191662354035622,0.0,0.0,0.9999999996393264,0.0010476400061946,0.0001372842831858,16.647775548600674,0.0011445659970883,-0.000317847070192,0.0083182648337946,-0.0086361119039867,-0.0617003026164978,-0.063716958062912,0.035634420733288,0.1182068212710964,-0.0766354245251836,-0.5528201165643911,-0.2248211552483754,-0.1122698452584716
4932438A13Rik,189929.0,-0.248863444460385,0.0,0.1320652334454105,0.0,0.0,0.0,0.0003911796845303,-2.4096194475138163e-05,17.103133212461845,0.0008739084714297,-0.005946127539388,-0.0102841237614693,0.0043379962220813,0.1204800526730237,0.1469897521768213,0.0740127655904601,0.414220440511551,0.0184554920956386,-0.3813935323221484,-0.2000270818214184,-0.0555572734948215
N4bp2l2,58176.0,-0.128888247717481,1.1699250014222748,0.0,0.0,0.0,0.0,0.000835621615625,-0.000167451115625,18.44833134380192,0.0008651628862739,0.0196951352878755,0.0054389023663907,0.0142562329214847,-0.014556898499072,0.0033649849600593,-0.0903940482181991,0.4743469527573516,0.1548582234564469,-0.1462753278519533,-0.5181715526084392,0.245252271674646
Orc3,44148.0,-0.3098069873299662,0.0,0.0966028118911522,0.0,0.0,0.0,0.0005480005567741,-0.0001080494858064,19.95245817801937,0.0003984434618738,0.0175546602778469,0.0188579649801862,-0.0013033047023392,0.0603254839715717,0.0460383108692892,-0.0156730019320304,0.1109533566724507,-0.1759710260200649,-0.3447119212310786,-0.4554382464338117,-0.1602980240880345
Oprd1,33760.0,0.1085051468233704,0.0,0.0359573955441551,0.2864141949152542,0.379720276283457,0.0,0.000737577801875,0.0002669702921875,18.35845457689731,0.001628988610769,0.0221489063394746,0.0314482304580562,-0.0092993241185816,-0.0431546440979455,-0.0123008477770458,0.025775086460793,0.6476347357512293,0.4967622298582779,-0.0544771069121522,-0.2706461565215436,0.4709871433974848
Mrps16,4330.0,0.093690229542537,0.3479233034189022,0.1206016757188846,0.0,0.0,0.0,0.0015150789434782,-0.0007988697956521,16.491451008873334,0.0007406751865342,0.0107460783600479,0.0787845007740088,-0.0680384224139609,-0.0460782915628387,-0.0888983118719727,-0.1061863354332537,-0.2244934077352782,-0.2244934077352782,-0.1183070723020245,-0.1061863354332537,-0.1183070723020245
Zfand6,76193.0,0.2127627146858648,0.8300749985506743,0.0,0.3022677031636582,-0.113692406521289,0.2954558834047325,0.0016858207090909,0.0007647980363636,15.132708720581872,0.0011091763981028,-0.0063338248370649,0.0089441671777736,-0.0152779920148385,0.0656103005056784,0.0165369791797003,-0.2446867058843017,0.5159455953727989,0.1896801654086173,-0.113692406521289,-0.7938544640573404,0.434366871292919
Tbcel,95493.0,0.0,0.0,0.0,0.0,0.0,0.190410891942259,0.0006557950833333,-0.0001110118055555,16.08618099742834,0.0006986643261833,0.0092622616965548,0.0123700375008494,-0.0031077758042945,-0.0243519945569725,-0.0385293282283396,-0.0470438539622282,0.466503831407424,0.118513269735193,-0.2334653509222429,-0.4370819880069985,0.1655571236974212
Astn2,1023808.0,-0.25052976005089,0.0,0.0,0.6909471418786387,-0.5162903755211055,0.3111541378711299,0.0004663822388996,-4.482627589591079e-05,17.6709791997389,0.0007637320368777,0.004397651357336,0.0063398862002982,-0.0019422348429622,0.0265223286754758,0.0427949041336831,0.1270700380769108,0.6025653809504554,-0.2004812647034238,-1.002272190745651,-0.5748941425342928,-0.3275513027803347
Szt2,46530.0,0.0889997969701217,0.7198920808039313,0.0,0.0,0.0,0.0,0.0004433902666666,-0.0001551330106666,17.64379251147409,0.0009706677508798,-0.0024787449471577,-0.0157451564479357,0.0132664115007779,-0.133086963440224,-0.1333472252485262,-0.0880759296033114,0.5267339680611435,0.3037675957075982,0.0210316909264247,-0.173651666422099,0.3918435253109097
Poli,21940.0,-0.039145453162205,-0.3344190390692612,0.1315236856341099,0.0,0.0,0.5004289904063521,0.0,0.0,0.0,0.0,-0.0127115851115738,0.001993298746807,-0.0147048838583809,-0.0642565564016082,-0.0525536769967956,0.1404259717001645,0.254642077566654,0.0394521640463047,-0.605492275573004,-0.2614276264551454,-0.1009738076538597
Psmc1,13251.0,0.0193202451408245,-0.415037499274836,0.1017233044835693,0.0,0.0,0.0,0.0006154058908759,-0.0001103506010948,18.814852057884067,0.0011718179982692,0.0343300566546166,0.0327332468744256,0.0015968097801909,0.0276757906855743,0.0277259589732143,0.0759517313721485,0.0416985559593312,0.0153930881448447,-0.3033853117412413,-0.0524330603969747,-0.0605586432273037
Pdcd11,41097.0,0.0727535633323084,0.6655809609276027,0.1166075669998834,0.0,0.0,0.0,0.0016723664945945,-0.0001797903864864,16.513617921660746,0.0015135175786239,0.0229850057599017,0.0253230271073892,-0.0023380213474874,-0.0691584699084634,0.0175208637743009,-0.0128467860797687,0.8007102560618633,0.15075469576599,-0.2088123003378488,-0.320321315522733,0.1636014818457588
A530017D24Rik,3490.0,0.134295413880825,-0.5849625007151449,0.0338774752522149,0.0,0.0,0.0,0.0010651754666666,-0.0006207084222222,18.340851111141905,0.0011278989632554,0.0157593267925255,0.0160287218324933,-0.0002693950399678,-0.0384222157919926,-0.0433632791729371,0.1492682543097713,0.3652204956063556,0.2782952218385839,0.0656268687510397,0.1257430793197724,0.1290269675288125
Wipi2,42890.0,0.2939634119412235,0.2168113890726042,0.1272432318088799,0.0,0.0,0.0,0.001453176176923,-0.0004939259551282,16.546920402515603,0.0010467623908531,0.0221137386759009,0.0079619265095311,0.0141518121663698,-0.0170352991007468,-0.001884683591659,-0.0721794113257167,0.4288434629639623,0.1831979176726109,0.0434153899536773,-0.2526135777387682,0.2553773289983276
Gm12064,15717.0,-0.1062596490208296,-0.0395283641865296,0.1093237125746201,0.7086270730841406,-0.418150221182517,0.0,0.0001346459181818,-0.0001813101181818,18.902086887303103,0.0007774643319235,0.164996284114578,0.2387009502212935,-0.0737046661067155,0.0211260641141479,0.038375267747579,0.0519078160136471,0.0067523602732397,-0.113874450877088,-0.418150221182517,-0.1106795962572182,-0.1657822668907352
Polr2m,7498.0,0.4304086757798093,0.0,0.0,0.0,0.0,0.0,0.0,0.0,0.0,0.0,0.0290687322306003,0.0130897980261752,0.015978934204425,-0.0992381740034789,-0.0537632530975465,-0.0895331436388553,-0.0245293306167972,-0.0456298585901904,-0.0449828187198324,-0.1995197753807458,0.0439032850486649
Ankrd63,4860.0,0.1541667670044768,0.2115041051926764,0.1692399664692235,0.0,0.0,0.3985493764111301,0.001132144928,-0.000710748028,17.56793366473411,0.0010249546175829,0.1305986629883342,0.1913755436960018,-0.0607768807076676,0.0355380863703662,0.0269968026400397,-0.0503276183217407,0.0370982169272606,-0.0405376754459016,-0.0748148242993052,-0.2191022170410563,0.009789942875839
Smad9,45675.0,0.150188463798238,-0.3785116232504006,0.223460496416606,0.0,0.0,0.3625700792931088,-0.0002781477842105,-3.2045289473684114e-05,18.57826273131069,0.0003789842004512,0.0040569833138632,0.0174750085490912,-0.013418025235228,-0.0027168308174253,-0.0168586167355932,0.0809860495011084,0.6405332311932707,0.2912406651357317,-0.1238895430391977,-0.1337450735793002,0.2102546156346232
Focad,316382.0,-0.4640742243948326,0.0,0.0,0.0032898227740634,-0.2607480058424332,0.4150374991786565,0.0005325122985321,-0.0001146971251376,17.243986095722914,0.0008981251551761,0.0094879812445685,0.0133703479385239,-0.0038823666939553,0.0554171144040751,0.061111620813686,0.0159833332112181,0.6381892906955846,-0.0770534708082048,-0.5778659815744907,-0.5415355455186144,-0.0930368040194229
Thrap3,38678.0,0.1365482236578974,0.1520030934434468,0.1041373667260478,0.0,0.0,0.0,0.0016223349553191,-0.001238410974468,16.20858624354953,0.000985064690935,0.0390454642254902,0.0236899832082325,0.0153554810172577,0.0065221115025171,0.0224109850449529,-0.0750131194585607,0.3667082362827411,0.0856286449124867,-0.1732098929391836,-0.24940407584551,0.1606417643710474
Stag2,127868.0,-0.2689458242300762,0.3219280948801484,0.0,0.0221433554766888,-0.5118007669505396,0.0,0.0,0.0,0.0,0.0,-0.0072022654056697,0.0125311031478007,-0.0197333685534705,-0.0212335442518403,-0.0708240078776577,-0.1203056031524063,-0.6321063701029459,-0.6321063701029459,-0.5118007669505396,-0.1203056031524063,-0.5118007669505396
Nup107,42084.0,-0.1388962777147191,-0.7369655941597939,0.063684479608139,0.0,0.0,0.0,2.797095925925925e-05,-0.0002797772137037,19.55101478189593,0.000573405762911,0.0056302003617482,-0.0080724281294312,0.0137026284911795,0.1250372743055262,0.025444976204259,0.1027687022772529,0.3607855805066472,0.1495894040471347,-0.0027232599897528,-0.0667077175498294,0.0468207017698818
Zfp846,24118.0,0.1759933293558302,-0.1520030934434468,0.1075126364408453,0.0,0.0,0.0,0.001311663,0.0008352114999999,16.16506562255612,0.0015448324483142,-0.0272165426624904,-0.0099985485514992,-0.0172179941109911,-0.0233647354047565,-0.0304436231161344,0.0478382294532786,0.0055300480415114,0.0052647004129338,-0.110846918512121,-0.0207005076470752,-0.0425735290403448
Rars2,45210.0,-0.3098069873299662,0.0,0.0042459904310607,0.7121316805527332,1.6909196703007798,0.0,0.000516736,-0.0003497949999999,14.343602137745732,0.0,0.0052042865296101,0.014480483500694,-0.0092761969710838,-0.0184463249106525,-0.0041054677614747,-0.1317573143985302,1.2403985350595992,0.0009318227919797,-0.3804509709144005,-0.4505211352411805,0.13268913719051
9530059O14Rik,107097.0,0.0,0.0,0.0,0.9238066949297472,-0.2239546916756725,0.573713542059139,0.0,0.0,0.0,0.0,0.1494241813349648,0.1582574914931631,-0.0088333101581983,0.1270060375636532,0.1609692492290202,0.0176239107581568,0.3253208998595581,0.0334847305550749,-0.4673735722544641,-0.5833557213434601,0.015860819796918
Sgce,72857.0,-0.1248145775426645,-0.2895066171920701,0.1114074625878417,0.0,0.0,0.5405683811577746,0.0001188944699999,-0.000144772959,19.297355532629965,0.0007028645704604,-0.0052061011467605,-0.0059261693576824,0.0007200682109218,-0.0354197230180975,-0.0307443649559735,-0.0565958428643716,0.5102252087787083,-0.1679105952342549,-0.3841471829164156,-0.4216046513697336,-0.1113147523698832
Slc1a4,30533.0,-0.1626767248012779,-0.8073549220421463,0.1133542469751565,0.0,0.0,0.7136958146181576,0.0,0.0,0.0,0.0,0.006053999471131,0.0140309188398372,-0.0079769193687062,-0.1099515305866113,-0.0759528303828816,0.0182839807812751,0.3933374188859857,0.0247173738118078,-0.4608672657286563,-0.4962989870961034,0.0064333930305326
Nudt9,19073.0,-0.0592732020879958,0.2801079191909164,0.0,0.0,0.0,0.0,0.00066606996,0.0001386240333333,18.12113140932011,0.000873048324871,0.0408782743937166,0.0757156633358951,-0.0348373889421785,0.1282491942044866,0.1080757776134898,0.0801925269116372,0.4276223048178583,0.1232511148973569,-0.1840664484687524,-0.1592160150167405,0.0430585879857196
Kri1,14512.0,0.3104524819464473,-0.1255308820827658,0.1716008985902915,0.0,0.0,0.4696560365085769,0.0017589641310344,-0.0006918589724137,16.862432213605594,0.0010460481157405,0.0630187363484103,0.0491219766218634,0.0138967597265469,0.035661607980407,0.0094316300532422,0.2137670230712899,0.2384090507812866,0.1784989480171772,-0.1898451440380986,-0.0007201486768053,-0.0352680750541126
Chd1,67643.0,0.0384953609201064,0.8073549220421463,0.1351469846075818,0.0,0.0,0.6280312223815938,0.0015203213338983,-5.078123728813527e-06,17.512050444816204,0.0015285248254517,0.0108520621285514,0.0458073790742163,-0.0349553169456649,0.087440217366901,0.0262739541685422,-0.0660059414822363,0.2598472367514349,-0.1406988686539417,-0.4274939737254342,-0.3520301752361858,-0.0746929271717053
Raver2,83387.0,0.0,0.0,0.0,0.0,0.0,0.494764691559193,0.0009569619889406,-0.0001803905466949,17.925447950399807,0.0010758274991925,0.012317784701893,0.0275358146288849,-0.0152180299269919,0.0410478164761214,0.0557239759316834,-0.0405752589980313,0.5522732264641734,-0.0140057125581864,-0.3077010867058876,-0.470981742480983,0.0265695464398449
Dcaf15,7696.0,0.3055927010722961,-0.5405683813586042,0.2314752242684924,0.0,0.0,0.0,0.0036622054666666,-0.0012866404666666,16.387448385678542,0.0003451137220638,0.0172347489796218,0.0221814153617296,-0.0049466663821078,-0.0240768010857543,-0.0705555211355126,-0.1818092347518165,0.2651487788875695,0.0960673658513828,0.067100997548823,-0.359334975900581,0.2778766006031994
Gltp,21586.0,0.3102565459754585,-0.4150374992728327,0.0614669484982725,0.0,0.0,0.7211862608729018,0.00142022112,-0.0001989374066666,17.368847837887447,0.002070658304411,0.0408702549575756,0.0488939749333153,-0.0080237199757396,0.0740901408298274,0.07606902059797,0.0543253088683866,0.7291988195101464,0.3389033688502805,0.0232458401078416,-0.2744543067913975,0.2845780599818939
Cfap69,84961.0,-0.2551279666101926,0.0,0.0,0.0,0.0,0.3093280580472036,0.0003436508126315,-8.476823157894734e-05,18.31390894512653,0.001154691973381,-0.0067537572911906,-0.0020152817456849,-0.0047384755455056,-0.0845724100506631,-0.0845643016291867,0.0980391538912139,0.0130765014553111,-0.183633969289897,-0.5986280855868611,-0.0939708806677157,-0.281673123181111
Zfp579,12675.0,0.3034726481249739,0.2630344058289848,0.1065717121603504,0.0,0.0,0.0,-2.335797857142852e-05,-0.0001936083642857,16.991943055010292,0.0009330400095756,0.0610522621595747,0.0615406251376026,-0.0004883629780279,-0.0164559994093872,-0.0573308855587053,-0.1249331228892978,0.4946174676181582,0.0861416367971685,-0.0380619419985851,-0.3170756560224228,0.2110747596864663
Pdcl3,11630.0,0.1218884137069218,-0.2410080995017773,0.2950302979474196,0.0,0.0,0.0,0.0009847509346938,0.0006129695224489,17.675993546489646,0.0011406722525308,0.0323492251147634,0.0357519724886535,-0.0034027473738901,0.0224974138027327,-0.0062385041390313,-0.0332713676341703,0.1218258033032414,0.0646635616671088,-0.055899065185045,-0.1211828991284431,0.0979349293012792
Vamp2,3894.0,0.2610093167236673,0.1408625358395054,0.0685798541985553,0.0,0.0,0.0,0.0006229809533333,-0.0005282206133333,17.80447518039987,0.0013693429985902,0.0965439543878301,0.1354875914688968,-0.0389436370810667,-0.0012299044627234,0.0282412610901722,0.0241392030387521,0.5605807300602712,0.2848711455182789,0.0898999130953126,-0.1950525162505805,0.2607319424795267
Fbxo11,74432.0,0.0,0.0,0.0,0.0,0.0,0.0,0.0007730493941176,-0.0001542492514705,18.09997374987732,0.0009044546100763,0.0183333643765409,0.0382953818424636,-0.0199620174659226,0.0571301468103959,0.0059128437938271,-0.0249207619854238,0.9681524380635408,0.0860813567803433,-0.3750625352765777,-0.3755508362643409,0.1110021187657671
Scn1a,170062.0,0.0,0.0,0.0,0.0,0.0,0.0,0.0015805431429629,-0.000159830337037,16.254601989504664,0.0012963153307901,-0.0100132196191275,-0.0223323920137213,0.0123191723945938,-0.0505554807955425,-0.0297229929983599,-0.1517513707785445,0.3201656502895516,-0.1313323362869442,-0.4985770717325206,-0.7390065917577691,0.0204190344916002
Nap1l4,35527.0,0.0096041944332734,0.5849625006971113,0.0,0.0,0.0,0.6490928380220727,0.00092181336,-0.000690661105,16.367758531621458,0.000963428053754,0.0044659569459161,-0.0076239353642776,0.0120898923101938,-0.0707013111477627,-0.0435735210810733,0.0164905859365428,0.5409975576793848,0.1910264002309124,0.0425420195893817,-0.1127352621560664,0.1745358142943696
Gabra4,88559.0,0.0,0.0,0.0,0.0,0.0,0.0,0.000626306198913,4.151542456521738e-05,18.79095080282624,0.0008553386006247,-0.0012671361984055,0.00216394141391,-0.0034310776123155,0.0295614154760909,0.0622129373403979,-0.0051333852051226,0.2806372861482538,-0.1816408650510075,-0.5895836922851725,-0.3303516806987099,-0.1765074798458849
Plcl1,348364.0,0.0,0.0,0.0,0.0047138754242771,-0.5685796700142571,0.1202942336675312,0.0004813096219838,-4.6159892995951385e-05,17.364764072520945,0.0008761521290371,-0.009090906907624,-0.0077282837121774,-0.0013626231954466,-0.0336916390555546,-0.0352433367396196,0.025065332546059,0.0120433549999381,-0.251603891126315,-0.7209694930392612,-0.7102678337442678,-0.276669223672374
Smc1a,46266.0,0.0076017958681657,-0.5025003405256472,0.1230638970457779,0.0,0.0,0.0,0.0,0.0,0.0,0.0,-0.0228192050708923,-0.037106309482712,0.0142871044118196,-0.0468982801133361,0.0190129393507916,0.0,0.0,0.0,0.0,0.0,0.0
Ddo,51836.0,-0.0499746867709545,-0.0931094043911811,0.1086626222136227,0.0,0.0,0.0,0.0009012888868131,-0.000193410065934,18.343658303021023,0.0009519123113301,0.0187163210080772,0.0228924940930735,-0.0041761730849962,-0.0060797705986186,0.0045283509221883,0.0177181184051041,0.4081490382513826,0.0759129994037944,-0.2348571372973351,-0.2789805201826858,0.0581948809986902
Eepd1,122563.0,0.0,0.0,0.0,0.0,0.0,0.242347520759985,0.0005692239235294,0.0001081470602941,18.362147897413774,0.000995535263571,0.0257570862796097,0.040850093242157,-0.0150930069625473,0.1284151397806712,0.0903739649493353,0.1794770067395251,0.5459818526168819,-0.0008280974872817,-0.6674539836512956,-0.3394301384713309,-0.1803051042268069
Slc35c2,11315.0,0.2968841716718509,0.2035333940845571,0.1476736641665238,0.0,0.0,0.0,0.0015755465242424,-1.734151212121206e-05,17.393435994268973,0.0013973084143404,0.0420047818608588,0.046265111248141,-0.0042603293872822,0.1013022212508815,0.0691737425925093,-0.0434997510348288,0.2843894210314746,0.1122304762399503,0.0075365896222687,-0.1477708447227068,0.1557302272747792
Tcf3,24133.0,-0.0083394063818591,0.0,0.0,0.0,0.0,0.0,0.0007023143369565,-0.0005296218282608,17.329349739683707,0.0017153221850812,0.0199586577165139,0.011675033243832,0.0082836244726818,-0.0135901015362056,0.0272566091865144,0.0577032517598379,0.5592979270746854,0.2620575454165449,-0.1430964171960582,-0.1010788846495252,0.204354293656707
Senp2,39785.0,-0.0571765348870347,0.0,0.0,0.0,0.0,0.0,0.0009751766709302,-0.0002232490918604,17.690537199197145,0.0010062018512686,0.0086220277384327,0.0141000164891935,-0.0054779887507607,0.0149803188723667,-0.0233512854956684,0.0742741686527976,0.8128849699607095,0.2653457350589921,0.010436575686866,-0.140011302458042,0.1910715664061944
Snrpd2,3820.0,0.2180165105393947,0.0317088597272681,0.1044126440117839,0.0,0.0,0.0,-0.0002033368294117,-0.0002484206823529,16.897475722719324,0.0011375008486982,0.0662895505389947,0.073818036257778,-0.0075284857187832,-0.0436202292856831,-0.0358269254965115,-0.0578269089629295,0.1493927528920464,0.0434995523220503,0.0254138620006969,-0.0606774989391913,0.1013264612849798
Pgk1,16599.0,-0.1481804977576679,0.0,0.1016348366273544,0.080100975775523,-0.5082146631042526,0.0,0.0,0.0,0.0,0.0,-0.0256942436279704,0.0083813465689961,-0.0340755901969666,-0.0987699428421138,-0.0017672687819756,-0.0694548779894592,-0.5776695410937118,-0.5776695410937118,-0.5082146631042526,-0.0694548779894592,-0.5082146631042526
Stambp,29518.0,-0.1350180429482206,-0.5849625007131416,0.0512989611262588,0.0,0.0,0.4005379294438309,0.001314927816129,-0.0004211952086021,17.435565607785723,0.0012869686947995,0.0354852384226914,0.0399718502793612,-0.0044866118566698,-0.0260958147578784,0.0416651864804715,-0.0035092727099354,0.1580397057500294,-0.0246371731242956,-0.5071137537452617,-0.4927531725724487,-0.0211279004143601
Alkbh2,4292.0,0.0,-0.2630344058289848,0.0,0.0,0.0,0.0,-0.0001525638944444,-0.0003074945,18.03758737463512,0.0009992901949353,0.0309928328727423,0.0055401714835605,0.0254526613891818,-0.0010417818590444,-0.0363514707799305,-0.0582801111641102,0.1354709183967526,0.1281788677183013,0.133864139083851,-0.118167001641122,0.1864589788824115
Slc15a2,34785.0,0.0973232754045212,-0.5849625006971113,0.1449795832813217,0.7071988448844885,0.04360056242324,0.0,0.0,0.0,0.0,0.0,-0.0055423311756354,-0.0195733439554264,0.014031012779791,-0.0758662494367306,-0.0052199707067528,-0.0602044532312391,0.2544433456268429,0.2201836803877288,0.04360056242324,-0.4134307199034495,0.280388133618968
Lbr,27711.0,-0.1362491569204684,0.0,0.0265693029029199,0.0,0.0,0.0,-6.359485999999993e-05,7.275041999999995e-05,19.066519124059912,0.0004741596012082,0.0157935177676441,0.0270615703762278,-0.0112680526085836,-0.1107356110417699,-0.0796286429144038,-0.050009789717975,0.1602810690309792,0.0445352977046217,-0.0477999184710437,-0.143934063490831,0.0945450874225968
Agk,71590.0,0.0,-0.3625700793801285,0.0,0.0,0.0,0.0,0.0003818514007633,-0.0002091775030534,18.811349472824364,0.0007021864291975,0.0150660826749808,0.0012833833503494,0.0137826993246314,0.0005805160365482,0.0478737073846834,-0.0410065312474961,0.7141773715830436,0.0570226394865596,-0.4094580141908861,-0.4279012027291005,0.0980291707340558
Kdelr2,18063.0,0.2253347804571781,-1.378511623235974,0.0568466271063469,0.0,0.0,0.0,0.0007178282761904,0.0015314935428571,16.602313500258624,0.0022373718854912,-0.0056233637864089,0.0220584264894037,-0.0276817902758126,-0.0716160751758634,-0.0749355039393918,0.0507130768720452,0.5354511851116327,0.3560729727410522,-0.1320380901943619,-0.1421286981290199,0.3053598958690069
Etfdh,25712.0,0.0,0.0,0.0,0.0,0.0,0.0,0.000524656990625,-6.302471874999993e-05,18.07479401582814,0.0006130221716673,0.0159441380074271,0.0314436456864689,-0.0154995076790417,-0.0104922337261346,-0.0087113364281423,0.0345604356514105,0.1672352632390614,-0.0972949891047133,-0.3418211292601958,-0.1539107983023611,-0.1318554247561238
Chst2,7430.0,-0.2089018859246709,-0.8479969065421264,0.0766117820105551,0.0,0.0,0.0,0.0,0.0,0.0,0.0,0.0057944982185627,0.1194558884337558,-0.1136613902151931,-0.0186221706072283,0.0265466071423072,0.0755226677636072,0.087992208229392,-0.2020454637285482,-0.3612630895374611,-0.0325819068624899,-0.2775681314921555
E130304I02Rik,35482.0,0.2622976001838211,0.3219280948801484,0.1917917832194998,0.0,0.0,0.3252100299553399,3.743205668639055e-05,-2.697336680473373e-05,19.48697526972989,0.0006340489213451,0.038524927469154,0.0465026360675116,-0.0079777085983576,0.003838398139436,0.0474203363553074,0.1100883208924755,0.824957802119584,0.5654275994787291,0.1633474107300057,-0.2152046097572855,0.4553392785862535
Rxfp1,96269.0,0.0,0.0,0.0,0.0,0.0,0.0,0.0,0.0,0.0,0.0,-0.0090172241681853,-0.0107489250161939,0.0017317008480085,-0.0313603901231186,-0.0181013705384631,-0.1117981202142138,0.4452090530949308,-0.0863996754118592,-0.4665482175716183,-0.548867344968591,0.0253984448023545
Exosc9,13121.0,-0.2639483930890938,0.3219280948801484,0.1561488792993622,0.0,0.0,0.0,0.000851622978125,-5.388665937500003e-05,18.87379726416368,0.0008609524447332,0.0015927992271613,0.0088944190491433,-0.007301619821982,0.097018407507845,0.0688036181800488,-0.0568873022032862,0.0783742056680589,-0.130306528114654,-0.2269466422764421,-0.1659931691796869,-0.0734192259113677
Fkbp9,47299.0,-0.0918275438446234,-0.1926450779398196,0.142494952029991,0.0,0.0,0.4025621463783175,0.0004659367573333,-0.0001059706373333,20.35716275412225,0.0005030303311167,0.0084587907145055,0.0127967694497139,-0.0043379787352084,0.1055454204245195,0.0502459534381836,0.1916448755556704,0.1185805280540918,0.0083833406082213,-0.2993653232485629,-0.1446139615103692,-0.183261534947449
Exoc3,39244.0,-0.1918841215128015,-0.4150374992728327,0.0504593897336272,0.0,0.0,0.0,0.0009944457915492,-0.0001005711718309,16.789282652443035,0.001206544079176,0.0052259350771679,0.0219737726881384,-0.0167478376109704,-0.010935957277269,-0.0201216630985534,-0.1315459284033602,-0.0061299691304763,-0.2485064507515917,-0.2656347311187157,-0.256461373590889,-0.1169605223482315
Use1,2884.0,0.0847153206408961,0.6896598793860811,0.0,0.0,0.0,0.0,0.0,0.0,0.0,0.0,0.0001420405978853,0.0575484638928195,-0.0574064232949341,0.0215139282874153,-0.0233374663651479,-0.0629671140732521,-0.0299415260103979,-0.039039423072668,-0.0191029597621992,-0.0968998677737653,0.0239276910005841
Leng8,11138.0,0.1646799548951261,0.7589919004916648,0.0,0.0,0.0,0.3785116231704973,0.0004344153195652,0.0002082750021739,18.80292934501568,0.0014221600484319,0.0505306862960538,0.060472453156594,-0.0099417668605401,0.0581693881628784,0.0036315974746119,-0.0997361500800207,0.3343226842125391,0.1559691695176293,0.1067213261088042,-0.2084160746120398,0.2557053195976501
Csad,27725.0,0.2714012186376218,0.0,0.0532252176719591,0.0,0.0,0.0,0.00077129858125,-0.0008000821312499,17.022419273219455,0.0013205078402483,0.0248851036114217,0.0095629906341292,0.0153221129772925,-0.0362265619577521,-0.0435771817786617,-0.0584023876303446,0.5372068227977566,0.3743144184152369,0.1452791179512272,-0.4134307198652882,0.4327168060455815
Dtnbp1,80072.0,0.1505157663380134,0.0,0.2639368164273061,0.6321220705333445,0.463259030274918,0.4210739152951415,0.0001864509415708,-0.0001557860309578,19.17007601153513,0.000607958727256,0.0460093493498073,0.085006131001975,-0.0389967816521676,0.16168491253518,0.1977966583490107,-0.029215575240376,0.6555516626325545,0.1343533754851466,-0.1823177269792984,-0.3237119047665999,0.1635689507255226
Ubxn1,4367.0,0.1564962711346318,-0.8479969065506752,0.0709819715301265,0.0,0.0,0.0,0.0021910365304347,-0.0014423427217391,17.15135367228291,0.000541214639518,0.0136427139885958,0.0483772980280493,-0.0347345840394535,-0.092700298199847,-0.0358548556473329,-0.032520835200851,0.2054088876550674,0.2054088876550674,0.2379297228559185,-0.032520835200851,0.2379297228559185
Ttc28,409977.0,0.1327144799755766,0.7935491225285047,0.1550144059081198,0.0,0.0,0.3719164505491338,0.0003741596026905,-9.385902533632273e-06,17.313691846641373,0.0009404924280416,0.0141799030187396,0.0188990229329207,-0.004719119914181,-0.0156750206935627,-0.0023363906736031,-0.0060583212412842,0.7998668212670469,0.1770873157225037,-0.4529802052818347,-0.8568390763817727,0.1831456369637879
Scyl1,13068.0,0.435380650833403,-0.1443899093344516,0.0,0.0,0.0,0.0,0.0002520425837209,-0.0001173874930232,17.996023302005128,0.0011995636106292,-0.0159254522355039,0.0092811647644497,-0.0252066169999536,-0.1222504314079654,-0.0990944371148691,-0.1020038604537764,0.4722573586757519,0.3421338667187157,0.2284426726559374,-0.2421592927992971,0.4441377271724922
Kcnh2,32015.0,0.1964238334633563,0.2995602818568268,0.1316323624323249,0.0,0.0,0.0812577058612479,0.0010589363117647,2.1540694117646976e-05,16.210986109940162,0.0013251872359381,0.0280396852332014,0.0321056865443221,-0.0040660013111207,-0.0316471502150619,-0.0505349394776927,-0.0099995598568407,0.5976665815840327,0.2285746052026464,-0.1074943046625167,-0.3943218969633043,0.2385741650594871
Dlg3,50688.0,0.0,0.0,0.0,0.0,0.0,-0.6518265934356224,0.0,0.0,0.0,0.0,0.0209967513593705,0.0275860754067998,-0.0065893240474292,0.0442211473137834,0.1175877037612002,0.0,0.0,0.0,0.0,0.0,0.0
Apex1,2171.0,0.0,0.0,0.0,0.0,0.0,0.0,0.0008998147125,0.0006058338749999,17.21945202336153,0.0009323411289504,0.0375659341171326,0.0311077153763125,0.00645821874082,-0.0437869389687184,0.0147350402615447,0.0121238710656266,0.0029841830271117,-0.0863321152311798,-0.3018510626694257,-0.0675907310431924,-0.0984559862968065
Slc26a2,18693.0,-0.0002575933510331,0.0,0.07642196585769,0.0,0.0,0.0,0.0006917231925352,0.0004728057985915,17.92266600350012,0.0013441269534256,0.0163731245743119,0.0111218714378714,0.0052512531364405,-0.1181507727790931,-0.0840990004015,-0.0619726861004261,0.3721356406257815,0.057957486163832,-0.0621370957865294,-0.1389383858317208,0.1199301722642582
Cwc25,21075.0,0.016998377072726,-0.2410080995027863,0.0133589688586411,0.0,0.0,0.0,0.0002380896562499,-0.0004019709312499,17.274083625818502,0.0012648031670892,0.0002379503092023,0.0254515308557483,-0.025213580546546,-0.0041985200718459,0.0312898895173556,-0.100746156459006,0.6729547088648956,0.1770471942547113,-0.03833963903572,-0.2293476555046686,0.2777933507137174
Tmem216,22373.0,0.2508228047218575,-0.1520030934442484,0.1127753357137326,0.0,0.0,0.0,0.0,0.0,0.0,0.0,0.0118990008860908,0.0062409163580285,0.0056580845280622,0.0409348746461619,0.0016104535655439,-0.1378080979589575,0.1691652118301263,0.0848021377868574,0.1294541508113589,-0.1947904334618712,0.2226102357458149
Cntn3,410446.0,0.0,0.0,0.0,0.0,0.0,0.2927817491615996,8.641193561643837e-05,0.0002455241958904,18.094728278066786,0.0005665041420284,-0.0236386317661244,-0.0146530148362755,-0.0089856169298488,-0.0114149208553683,-0.0229226570166627,-0.0495620640120262,0.4652276747267634,-0.1413107775594563,-0.5481591006026785,-0.4667801444762669,-0.09174871354743
Sbno1,57299.0,0.1918912002878086,-0.0740005814433972,0.0540966705472781,0.0,0.0,0.0,0.0009636213755102,8.829692244897952e-05,16.586922753132825,0.0016385111143473,0.027393733642229,0.029723553113887,-0.0023298194716579,0.0032998657523739,0.031315498614876,-0.0554816212255045,0.6443855566598973,0.2659888324463309,0.0592945945823757,-0.1503963141103014,0.3214704536718354
Kmt2e,69794.0,0.0,0.0473057147782016,0.0,0.0,0.0,0.3219280948449299,0.00222917258125,-0.0006718733625,16.620985105535667,0.0012566609700402,0.0715260889192338,0.1069451539822324,-0.0354190650629986,0.0625158054076033,0.0659346779349894,0.069147278894812,0.3535823189534173,-0.0600174281580094,-0.4230868721834789,-0.2499319876554928,-0.1291647070528214
Cacna1g,65807.0,0.1904845996898796,0.0430687218917578,0.1193708173576006,0.0,0.0,1.1662876690542865,0.0021313650242424,-0.0011142194272727,15.784781052827064,0.0011221411540537,-0.0063710085806542,0.0203026986438839,-0.0266737072245381,-0.1360657575713002,-0.144363657744423,0.0275044291221278,0.8394158550200801,0.2537375322652623,-0.233410078668951,-0.2819750039090689,0.2262331031431345
Grin2a,427662.0,0.0658998014697576,-0.5208321632995396,0.0,0.3431306399880345,-0.0830785178381289,0.4030532258332807,0.0004134225702127,-0.0002418762674468,17.481782990810213,0.000888706446036,0.1501253077512059,0.1974756105143451,-0.0473503027631392,0.164992490264344,0.1246976084805486,-0.0149607958011752,0.4906246865760333,0.0512397901434598,-0.4954935135403586,-0.559951117049077,0.0662005859446351
Spata7,41658.0,-0.0848322273641688,0.3785116232520655,0.0608045017096681,0.0,0.0,0.0,0.0015015393285714,-0.0002474438469387,17.45775969992811,0.0011317124154395,-0.0105205077397316,-0.0102620977170724,-0.0002584100226591,0.0490620717140344,0.0686352761270362,0.0410456232568372,0.321949381170454,0.0279801629962039,-0.3144940073566284,-0.2825663935646866,-0.0130654602606333
Pcbp3,200030.0,0.0,0.1219905243782664,0.0,0.5526540214674313,0.2983335157696627,0.6670420782207814,0.0008986073774193,4.3045870967741365e-06,17.096800791902222,0.0016571903513385,-0.0016762161069755,-0.0061031293068875,0.004426913199912,-0.060044334272809,-0.0695700670161614,-0.0728361648536406,0.824957802119584,0.2117869102485539,-0.2187994021172314,-0.5566877708694217,0.2846230751021946
Acot7,93721.0,0.2220117716314789,0.2895066171935276,0.0,0.8275498613399371,0.5548889530444914,0.0,0.0006272701888888,-0.0005768369730158,15.745120976161855,0.0017944259488192,0.014423857243655,0.0311223854853516,-0.0166985282416966,-0.0609166011122782,-0.0251820527549623,-0.1344314142368129,0.8007102560618633,0.3114769398637934,0.1309607247176645,-0.4604281994636139,0.4459083541006063
Fbxl7,355121.0,0.0,0.0,0.0,0.4918629640554549,-0.4743295255345841,0.0,0.0009355764955555,7.068777777777762e-07,16.873980825881745,0.0013114111395058,-0.0104939657764595,-0.0090830933722459,-0.0014108724042136,0.0282459394342193,0.0096304630706725,-0.0784392828274113,0.2363840481166736,-0.1957118827405773,-0.8510300336094239,-0.3742601226555622,-0.1172725999131659
Uqcrb,4761.0,0.0338415647268215,0.0,0.1088732296348939,0.0,0.0,0.0,0.0,0.0,0.0,0.0,-0.0108666625925422,0.0245424603956634,-0.0354091229882057,-0.0838517868183078,0.0157205422569715,-0.0659160325811846,0.2000188259492058,0.10256259371621,-0.0423345362454332,-0.1602809030496186,0.1684786262973946
Dennd4a,108327.0,0.0718719671876249,1.584962500710469,0.0,0.7766966090076295,0.4807102195397323,0.0,0.0014532005807692,-0.0003409695596153,15.271070434685472,0.0010767521308759,0.0114214485940236,0.0251794572106512,-0.0137580086166275,-0.0217933611209497,0.0055603842162736,0.0236092981370179,0.5151025397546785,0.2434593433535882,-0.1813828047977619,-0.3898181626768985,0.2198500452165702
Agap2,17885.0,0.1061253717906751,-0.9999999999944512,0.0406506060692589,0.0,0.0,0.0,-8.154467499999998e-05,-0.001221297775,16.991977067362736,0.0008745331260617,0.03021011446543,0.089114917660577,-0.0589048031951469,0.0188606313860215,0.0342600186955983,-0.070336467831658,0.2147648304917493,0.0001394345912744,-0.1095347810518356,-0.29025046167769,0.0704759024229325
Man1b1,19874.0,0.269335487215617,-0.443606651474087,0.0242570811284014,0.0,0.0,0.0,0.001195782646875,-0.0011289565124999,16.78662691774323,0.0011594008495123,0.0692278010811868,0.0940591294140092,-0.0248313283328224,-0.0089411444194091,-0.02534845232583,-0.0159470827532586,0.4048493135239285,0.1987005401841977,-0.0266772355653102,-0.1392557565217589,0.2146476229374563
Etv1,91104.0,0.0,0.0,0.0,0.0772607314051812,-0.3921855048588831,0.0,0.0003953080815789,-9.933073539473686e-05,19.260151530555884,0.0006395943069412,-0.0277942705488468,-0.0327028887767706,0.0049086182279237,-0.0993468828739375,-0.0620455734385992,-0.0751816440969761,0.3561883191287859,-0.2204645406343343,-0.7583363455810712,-0.6264244432128252,-0.1452828965373581
Cdh7,157726.0,-0.3976145497557022,0.0,0.0346688829608101,0.0,0.0,0.0,0.0001588888404545,0.0001520280422727,20.93807440022761,0.0002678337804996,-0.0272779262478601,-0.0184643928683729,-0.0088135333794872,0.0426346201378269,0.0111900201882363,0.0191036554492264,0.3525871280225078,-0.1348050554999406,-0.3965808603357952,-0.3651755513265944,-0.153908710949167
Uhrf1bp1l,74880.0,-0.0842925984912552,1.0740005814397913,0.0589883938572772,0.0,0.0,0.2394659346647439,0.001633683975,0.0005830210090909,15.330173081056955,0.0018556530439713,0.0460120169055247,0.0528853684959106,-0.0068733515903859,0.1631988386029879,0.1187097354918301,-0.0901129592182198,0.1894735260880665,-0.140398435089385,-0.2654958880639309,-0.725374726132084,-0.050285475871165
Kdm2a,83866.0,0.0377913210326239,0.3870231231066356,0.0,0.0,0.0,0.0,0.0018056048063492,-0.0006531733619047,15.27298348828532,0.0015170687140739,0.0284423423407094,0.0434006525687795,-0.01495831022807,0.0314877365245171,-0.004336870776529,-0.0380566905522556,0.4099203030414799,0.1923146011246469,0.008848828448936,-0.2061981057868226,0.2303712916769025
Kndc1,46841.0,0.2869284921366808,-0.1375035237486233,0.1311566952582463,0.0,0.0,0.0,0.0010624702689655,-0.0003283061051724,17.39711624168604,0.0010664505768078,-0.0231666194806704,-0.0071812950402041,-0.0159853244404662,-0.0694003000266598,-0.0481058778807491,-0.0660686906462903,0.9121423727452992,0.4588358664367246,0.0388850053143567,-0.404649834397802,0.5249045570830149
Snd1,460023.0,-0.4817360824200651,0.0,0.0,0.3623096268934945,0.0373856888943946,0.900509003016863,0.0008825824217431,-0.0003715028039755,16.41883410826987,0.0009476481271863,0.0177197043112907,0.028820794640113,-0.0111010903288222,0.0368019293176948,0.0085961592683988,0.0296543438356245,0.76892376733363,-0.0091999059703957,-0.54277687561965,-0.7490337516101697,-0.0388542498060202
Xpo7,112382.0,0.0,0.0,0.0,0.0,0.0,0.839535327471763,0.0005180064094086,2.9209763870967752e-05,19.472691272783266,0.0014509944939229,0.0165047985546131,0.0365895304405759,-0.0200847318859628,0.1672577940739735,0.1206840573431171,0.0051944907206136,0.33591972161714,-0.0462287658345439,-0.3250942509231739,-0.2415828151129522,-0.0514232565551576
Actr1a,18937.0,0.1895121311835774,0.0,0.0582187186698825,0.0,0.0,0.0,0.0028803141958333,-0.0013672061083333,16.304278124778406,0.0023107756760384,0.0121700801911655,0.0352443852159807,-0.0230743050248151,-0.0106427260002974,0.0314319751387759,0.0316634362128167,0.5354511851765522,0.1936986791087711,-0.2074787475435819,-0.0708334415781584,0.1620352428959544
Dennd6a,60466.0,-0.0794014799568447,-0.1520030934434468,0.0,0.0,0.0,0.0,0.0021799209632653,3.5943969387755104e-05,16.090577724892885,0.0016990849788968,0.0072022244693098,0.0249395326743451,-0.0177373082050353,0.0153999247507474,0.0370636793445601,0.0079108436103141,0.0841578005513996,-0.1452977791922046,-0.7133159205145465,-0.1205650906728628,-0.1532086228025188
Tenm1,901260.0,-0.2960842078950549,0.0,0.0,0.9986158672646532,-0.3632461857133138,-1.0026471495128235,0.0,0.0,0.0,0.0,-0.025323990828513,-0.0305341216208397,0.0052101307923267,-0.1133732753811852,-0.0937617753557867,-0.2629632254262697,-0.6262094111395835,-0.6262094111395835,-0.3632461857133138,-0.2629632254262697,-0.3632461857133138
Hecw1,296790.0,-0.1757904853422216,0.0,0.2200762527906804,0.9898832400228732,-0.4425738212697414,0.0,0.0007652629842696,0.0002506717561797,15.793323091877216,0.0010560128401483,-0.0132368912236834,-0.0244149888322966,0.0111780976086131,-0.0424144026888813,-0.0409405614937514,-0.123389317352492,0.0712164954764511,-0.2698749828546546,-0.6053614130746838,-0.4976258473211624,-0.1464856655021625
Ctdspl2,57641.0,0.0,0.1926450779398196,0.0,0.0283739718693726,-0.1906744037240715,0.0,0.0,0.0,0.0,0.0,0.0068535182892818,0.0184541664973635,-0.0116006482080816,0.0222687223080063,-0.0021668387306328,-0.0047282711208181,0.4061681682230592,0.0156134939113635,-0.1906744037240715,-0.1875361376706426,0.0203417650321816
Rps21,1068.0,0.0505827108722725,0.4150374992758383,0.0,0.0,0.0,0.0,0.0008201683324324,-0.0002381971405405,17.716556323887367,0.0008237577512258,0.0341198063703159,0.0743443351061229,-0.0402245287358069,-0.0762514117823915,0.0293140780504574,-0.0977566487785579,0.3668253238986416,0.1498929706573179,0.06683972720334,-0.148391178238437,0.2476496194358758
Rbm25,51887.0,-0.1908259403804244,0.0,0.0,0.0,0.0,0.0,0.001778895753125,-5.334494062499994e-05,16.286930113695483,0.0012975718589494,0.0234283284997751,0.00750358309424,0.0159247454055351,0.0109561383247771,-0.0036690706705337,0.0232651446276757,0.223151791485712,0.0161395404966971,-0.1426626326677607,-0.0770663073165627,-0.0071256041309785
1700109K24Rik,11916.0,0.1570097425660321,0.7776075786549645,0.0,0.0,0.0,0.0,0.00235948772,-0.0004813042199999,16.12688410394194,0.0014370030144564,0.0474193289433937,0.0745625841722044,-0.0271432552288106,0.0046516046552709,0.0096569286300428,0.0739957724549915,0.3094959969233304,0.2301991423180471,0.107987683402394,-0.150133982089843,0.1562033698630556
Strip2,42669.0,-0.1547868277243544,0.8624964762441629,0.0,0.0,0.0,0.2223924212982813,0.0,0.0,0.0,0.0,0.0215411150708408,0.0439017568173623,-0.0223606417465214,0.0884800798153988,0.0586850032930921,0.1895419475177826,0.1468858972639311,-0.0233673276072112,-0.4324878812582133,-0.0151149215606558,-0.2129092751249939
Nmnat2,164268.0,0.0,0.0,0.0,0.1802660042313452,0.2657744101473277,0.0,0.0007993920964102,-0.000158896396923,16.595342405259675,0.0009808189288,0.001134772533555,0.0003146015847399,0.0008201709488151,-0.0374493382064977,-0.0039671059259677,0.021350506886979,1.1414314669561412,0.2628890572857132,-0.629161181529306,-0.6860088983975456,0.2415385503987342
Erbb4,1075873.0,0.0,0.0,0.0,0.1037946128850337,-1.0511180947585574,-0.1662876694951099,0.0002309479199137,5.7664381206896536e-05,17.76818601090804,0.000558329129454,-0.0119752434599445,-0.0134365177568371,0.0014612742968926,-0.0540260020568956,-0.0366162352846589,-0.12523768017144,0.5854918674771734,-0.2844399025303466,-1.0511180947585574,-0.82151545845734,-0.1592022223589066
Tmtc2,386788.0,0.0,0.0,0.0,0.3659375415826484,-0.1297336910958745,0.7107318838241149,0.0005601714558823,-0.000280854667647,17.93961515585128,0.0006689067186277,-0.001532888691151,-0.0025579926972485,0.0010251040060975,-0.0484581467433808,-0.0098102844865017,0.0687867604484039,0.5431868338672821,-0.2697994012478275,-0.7483299564377409,-0.5036285288856565,-0.3385861616962314
Psmb5,3903.0,-0.1181180072513412,-0.1154772174190115,0.1450292487951863,0.0,0.0,0.0,0.0001558727285714,0.0007512163857142,18.263680151611123,0.0014222856522241,0.0011541153560205,0.0410992517476634,-0.0399451363916429,-0.0522074115752478,-0.0849905285311132,-0.0745344803812099,0.1665256107745281,0.1009437419857098,0.0786675157590091,-0.1057633182003023,0.1754782223669198
Cdk7,28308.0,-0.3103202475847881,0.2630344058313891,0.0455342983164117,0.0,0.0,0.0,0.0011381424883333,-0.0004850066916666,18.30340637633651,0.0010552876740906,-0.0122297296061409,-0.0010798280215625,-0.0111499015845784,0.0204716598940244,0.0326809207892146,0.0448000476085735,-0.1243113954571818,-0.2488947418076449,-0.3583994137330619,-0.142170292953137,-0.2936947894162185
Ccdc85b,4714.0,0.0,0.0,0.0,0.0,0.0,0.0,-9.95851200000002e-05,0.0003923378399999,17.173479162122426,0.0016091626535279,0.0838517484421383,0.2032502269527458,-0.1193984785106074,0.004427325103735,-0.033326242914984,0.0272321131039383,0.1939256529793271,0.0764516329098466,-0.0423478851986138,-0.0747951162104221,0.0492195198059083
Arf1,16858.0,0.158011203175822,0.4150374992728327,0.0,0.0,0.0,0.7390236480935034,0.0008233510873417,-0.0006172242443037,17.858084892074437,0.0009879691149952,0.122073495155127,0.2092524125800028,-0.0871789174248758,0.0601740377770387,-0.0256859664357145,0.0314232350486783,0.2362613751866207,0.0982024151943478,-0.0718766549908235,-0.2535079632181982,0.0667791801456695
Ywhag,26207.0,0.2240617408652654,-0.3219280948855587,0.1651523887761081,0.0,0.0,0.0,0.0015641358636363,0.000558007390909,16.392808312203847,0.0015020229206825,0.0675359498483687,0.0774533927917289,-0.0099174429433601,0.0546191327232017,0.066904100561286,0.1048054733772748,0.4566784016128917,0.1652155780599108,-0.0081775726117945,-0.098483573311157,0.060410104682636
Tbc1d1,195181.0,0.0,0.0,0.0,0.6610554237763665,-0.138623892423793,0.3871825889125299,0.0007100939087854,-0.0001739982846153,17.69380818429515,0.0009073318500255,0.0723878317043847,0.0904808932538032,-0.0180930615494185,0.2526032114344679,0.1998028193793786,0.1097078876787372,0.4701808279080179,-0.0040906692293255,-0.5916864761184168,-0.3148668854419744,-0.1137985569080627
Sbf1,27075.0,0.314152842228709,-1.0418201756902628,0.1253608704129894,0.5493322606596943,0.3787379326405574,0.1249417292954949,0.0015558382418181,-0.0011292403872727,16.695498112326277,0.0014355001176843,0.0179421014498438,0.0200759235732,-0.0021338221233561,-0.0236721806887305,0.0733444583732378,0.0677043007480702,0.4913005270637125,0.198092008534098,-0.0499087946385394,-0.1632674533856286,0.1303877077860278
Wipf2,41402.0,0.0,0.0,0.0,0.0,0.0,0.754887501979792,0.0012069417631578,-0.0002992686368421,17.37187860619549,0.0011264644960441,0.0176997058320264,0.00977147388374,0.0079282319482864,0.0140275714529026,-0.0122875603755855,0.0018839973167104,1.0615199966530622,0.4305058648789446,0.2099601140356712,-0.2373598665529361,0.4286218675622342
Mgat5,283321.0,-0.1967960384761156,0.0,0.025513165011326,0.5239958095649118,0.1069405228995329,0.1672491675639012,0.0007323528029362,-0.0001050899072853,17.59442289482299,0.0008793972902335,-0.0051711569785678,-0.0085529217781783,0.0033817647996105,-0.0912345598309672,-0.0590560474907686,-0.0493065888050217,0.8447210570442825,0.1082511950793798,-0.5126522569640942,-0.7096721711480858,0.1575577838844016
Traf3ip2,42373.0,-0.3281522626117388,0.5849625007091332,0.0399754635098925,0.5111918573307744,-0.4659232855782854,0.0,0.0010816705702702,7.408296486486484e-05,17.12668941444053,0.0012112487701204,0.0016686037388679,0.0064686352051882,-0.0048000314663203,-0.1181896141006748,-0.166504733478054,-0.1585809688987004,0.080235764595937,-0.3125618499644175,-0.5417939561624712,-0.4945674826738679,-0.153980881065717
Pcdh20,6653.0,-0.4641901862088611,-0.4150374992668215,0.0,0.644607152914672,-0.5000508006106352,0.3692338095299816,0.0,0.0,0.0,0.0,-0.0453783905649249,0.0885475204235997,-0.1339259109885247,0.1109887876824891,0.0704095972233719,0.058306536697166,-0.0992107846360532,-0.3836626857156247,-0.6645870231999977,-0.1084359988449179,-0.4419692224127907
Aars,24520.0,0.1319512920565215,-0.4854268271661199,0.1670249762581385,0.0,0.0,0.0,0.0009711129691176,0.0002135014058823,17.06634804149915,0.0010490484346116,0.0078266905794353,0.0109543509723319,-0.0031276603928966,-0.0033106821702459,-0.0005113553187081,-0.1888099022032787,0.223093241762839,-0.0875566261221429,-0.0679077527925855,-0.4723244089349171,0.1012532760811358
Sec16a,35785.0,0.229607636821556,-0.4150374992764392,0.0194105429025193,0.0,0.0,0.0,0.0018119144703703,-9.75732962962963e-05,17.307107993029156,0.0008050388351884,0.0271046248133451,0.0544027493916901,-0.0272981245783449,0.0825354634857933,0.0087789905277251,-0.0705709500111764,0.7147748845829359,0.2747517999732349,-0.1226854639082688,-0.4134307199400241,0.3453227499844113
Sphkap,154061.0,0.016321729072755,0.415037499274836,0.0,0.4738740106667679,-0.540246251063984,0.0,0.0011972798492413,-0.0001930177689655,16.707432587799964,0.0009759069301862,0.016291621686065,0.0425004955903681,-0.0262088739043031,0.1967255851326298,0.1351929927034509,-0.0521096679320045,0.7700221268097225,-0.1017658489477414,-0.540246251063984,-0.4331130857965238,-0.0496561810157369
Sertad2,109768.0,-0.2630770637422008,0.0,0.0,0.0,0.0,0.193939178771062,3.3179475555555664e-05,0.0005139185133333,14.689367589466482,0.0017234076754806,0.0476248693710013,0.0648133121296659,-0.0171884427586646,0.146923994674397,0.1262695324208625,0.0282608689433381,0.5030297073928867,-0.00908087159027,-0.3884363424745602,-0.3871194428294446,-0.0373417405336082
Gm3848,15777.0,0.0,0.5235619560542686,0.0,0.0,0.0,0.0,0.0007067570481818,-0.0002413647618181,18.4648214692991,0.0008375586669363,-0.0184920835453931,-0.0379073338176066,0.0194152502722135,-0.1194057622970398,-0.1493724085439814,-0.3548191095633887,0.0171087220753494,-0.19739766519229,0.0357593558494198,-0.4610201784114262,0.1574214443710986
Kif1a,86487.0,0.0,0.9999999999759548,0.0,0.7779128493595765,0.1670360889064213,0.0,0.0002053690399999,-0.0003110131963636,15.969155700672044,0.00123334501298,0.0134053495193826,0.0170205275249841,-0.0036151780056015,0.0072403820697701,0.0759331783653756,-0.0864350433275699,0.4386792960617353,0.0681889813423015,-0.1833148064541472,-0.712772129744757,0.1546240246698714
Usp54,92151.0,0.0289809546891928,0.2537565922448879,0.0779926383874023,0.0,0.0,0.0,0.0021944018277777,0.0003929522407407,15.323272999179077,0.0016099001740814,-0.0039147893474888,0.0069444707020067,-0.0108592600494955,0.0262795632190219,0.0011770477857002,-0.1298101289352139,0.3373516771400557,0.0061324065844604,-0.1540020612438999,-0.6003088546367668,0.1359425355196744
Pkp2,59394.0,0.0669481285471063,-0.6780719051018176,0.0,0.0,0.0,0.0,0.001412915325,-0.0002250921,15.689395550146305,0.0011729460094878,0.0368486781856376,0.0506256755533571,-0.0137769973677195,0.0611315026532994,0.1079090554415762,0.0816642582183051,0.9421413416277956,0.1710837055999757,-0.2234698336496966,-0.1481403401751124,0.0894194473816706
Gid4,33782.0,0.0944527101883476,0.5145731728266663,0.0,0.0,0.0,0.0,0.0008839059459016,-0.0001734652639344,17.961863811053913,0.00092907514357,0.0115659748735486,0.0593534804248094,-0.0477875055512608,-0.0105636621745582,-0.0551966508055459,0.0666005030175279,0.7053761865454211,0.1836771204002493,-0.1337403854224819,-0.132656638708501,0.1170766173827213
9530026P05Rik,332650.0,0.0,0.0,0.0,0.0998038749554261,0.6404975542563114,0.3958199201970183,0.0005576927676507,-0.0001285151447619,17.33355975195611,0.0009547329395245,2.009050155309111e-05,0.0024931970294472,-0.0024731065278941,-0.0521454795255069,-0.0412401056921463,0.1429597063176871,1.4224112466726089,0.4160695814274712,-0.2065912922656279,-0.4723244089630984,0.2731098751097842
Far2,135499.0,-0.0676071742200585,0.5025003405256472,0.0,0.0,0.0,0.6955524835020533,0.0,0.0,0.0,0.0,0.0231306213364937,0.0265778454160642,-0.0034472240795705,0.0492957940784603,0.0683441763469425,0.0081951368992048,0.446039728884347,-0.1083658338783285,-0.431221803939244,-0.4464457771580363,-0.1165609707775335
Fam120b,37381.0,0.0845921470960933,0.459431618632379,0.1258804518805643,0.0,0.0,0.0,0.0023210131916666,-0.0001359515041666,15.595642667910449,0.0011339464223321,0.0097770867918903,0.001418575242808,0.0083585115490822,0.0442264432356743,0.0306824087763179,-0.2212161192861238,0.0562833485055533,-0.1948099699550266,-0.1892490136895737,-0.6179129434100439,0.0264061493310971
Neurod6,3441.0,0.1270751776575855,0.0614005446638818,0.208737143069609,0.0,0.0,0.0,0.0009173277114035,-0.0001090103649122,17.619636716478134,0.0010225446181447,0.0432297695987677,0.0697116289006956,-0.0264818593019278,-0.0608289725295054,-0.0683286765353095,-0.0266308139899908,-0.2899462725673489,-0.4508191004133937,-0.5167244185062501,-0.1836080931526402,-0.4241882864234028
Slc9a4,50644.0,0.0,0.0,0.0,0.0,0.0,0.0,0.0008271368698275,0.0002520422327586,17.292006228605565,0.0014218888559642,-0.0174730462593102,-0.0326153190083268,0.0151422727490165,-0.0502668528313304,-0.0311558377997882,-0.1472588792416538,0.0948785938119075,-0.0840955096559713,-0.4392429323969821,-0.5269424124439063,0.0631633695856825
Dnmt3a,108436.0,0.0696236382357167,-0.4854268271661199,0.107356155439883,0.0,0.0,31.61981887889453,0.0007881919814285,-0.0001723243328571,15.675010084023,0.001092600971744,0.0151558977769105,0.0136619384839848,0.0014939592929256,-0.0649925424194375,0.0208391771632265,-0.0159544103493245,0.3615958557626029,0.0816466302798994,-0.2666651834508855,-0.4099247764381841,0.097601040629224
Rspo2,150032.0,-0.3560914059392228,-1.5849625006890964,0.0904284157585567,0.2676891310135253,-0.9119926540437396,-0.5145731727679285,0.0005005897070921,9.731975177304998e-06,17.900449905588083,0.0008290239444307,-0.0102892834349408,-0.0029613787333604,-0.0073279047015803,-0.1269305450864484,-0.1202363961783185,-0.0748740532398187,0.0089843337934887,-0.2745530866204713,-0.9119926540437396,-0.4741266515580254,-0.1996790333806525
Vps16,19930.0,0.1693271287667457,-0.3219280948849579,0.1338128177077282,0.0,0.0,0.0,0.0018588953365384,-0.0005543531480769,16.845517332256026,0.0013899448067918,0.0103214069108713,0.0089466676556944,0.0013747392551769,-0.0599314103799756,-0.0310604233335042,-0.0673480440153657,0.5048593780349231,0.2393866093413223,0.1448021151369556,-0.1142923404405457,0.3067346533566881
Gm28379,30750.0,0.1138171771175273,0.8744691179052118,0.1265939467309093,0.0,0.0,0.0,0.0014410428848484,-5.918021515151498e-05,16.21628449942123,0.0017603550454282,0.0177482985700715,0.0098573498663326,0.0078909487037388,0.0587857831139326,0.0410387900521869,0.1227611251243198,0.5440569756792849,0.2433084954618087,-0.0277855909936289,-0.1449418840268784,0.1205473703374888
Gm15283,106775.0,-0.291302555411792,1.099535673545418,0.0,0.0,0.0,0.0,0.0008706911851851,-0.0001790012074074,18.07074694125135,0.0010809676224182,-0.0037206805750689,0.0069730016360916,-0.0106936822111606,-0.0220639134833369,-0.0101689440517988,0.0922993201664882,0.8546286689417472,0.1727307386352195,-0.2031211882423483,-0.0639815623036319,0.0804314184687312
Hook2,12746.0,0.3354844365709066,0.3985493764886918,0.1095623336396786,0.0,0.0,0.0,0.0008511666714285,-0.0005106548571428,15.851333264068296,0.001871822235048,0.0608854642107785,0.0816070948182288,-0.0207216306074503,-0.0444003394749687,-0.0213403894686391,-0.1157364642450497,0.0679007902931285,0.0292986224179528,0.1047413286119591,-0.1517649180403535,0.1450350866630025
Shisa9,286789.0,0.0,0.0,0.0,0.577626732785628,0.4212520015383866,-0.4341865211444872,0.0005628407330597,0.0001915803102238,17.117522494359317,0.001173841453003,-0.0182112775992216,-0.0032306256231032,-0.0149806519761183,-0.132734812615913,-0.1452014128513822,-0.1700577309319993,0.7489035620613655,0.2203519478085352,-0.0967368748924605,-0.6017342505800641,0.3904096787405345
1600010M07Rik,152826.0,0.0,1.4150374992487875,0.0,0.0,0.0,0.0,0.0006069718378461,-0.000223461684,18.16822215420789,0.0006941678388546,0.0074200453071571,0.0231119373251739,-0.0156918920180167,0.0033434277770212,0.0156289849404899,-0.0097393008584772,0.8098365153280906,0.1779260211152166,-0.1653127430785834,-0.3867486772865485,0.1876653219736939
Camkv,14017.0,0.4315639054118119,0.0418201756945055,0.1583265838434936,0.0,0.0,0.0,0.0028874086666666,-0.0032489593333333,15.803394812191824,0.0003423318523104,0.0335907300270853,0.0736035287324643,-0.0400127987053789,-0.0329255680841962,0.0453767058917151,0.0181033854904708,0.3302294409539161,0.1704445641817876,0.0407078545252646,-0.1121427534553634,0.1523411786913167
Dpysl2,65824.0,-0.0351873175818866,0.2895066171920701,0.044402787647714,0.2821522685609532,0.2380620838360647,0.0,0.0012413872566037,0.0001747446999999,16.19179656051774,0.0014533005622405,0.027032050433403,0.0442885215720803,-0.0172564711386772,0.067465166643694,0.0503720266190095,-0.0571091112047746,0.4547745388641326,0.1432158549553565,-0.1667535111667115,-0.4625252694633965,0.2003249661601311
C530008M17Rik,217042.0,-0.1932370993568408,-0.2895066171920701,0.0885956735166734,0.7857466001936284,0.0090028976081395,0.6560180178219523,0.0012066752561983,-9.830972148760327e-05,15.725126186782765,0.0011268782587432,0.0239436515519925,0.027851819828824,-0.0039081682768314,0.0558875926931937,0.0189432669703311,-0.0238190992600981,0.4826234967767008,-0.0046007965402505,-0.530732309935434,-0.6662487296915152,0.0192183027198476
Acaca,271979.0,0.0,0.0,0.0,0.6796785262646796,0.3842667058467338,0.0,0.0006098787267857,-2.014114241071431e-05,16.541039898374063,0.0010083850729579,-0.0085742859793247,-0.0113526533010163,0.0027783673216915,-0.2141752330158161,-0.1545133457679725,-0.1090408555076305,0.7400689046236307,0.242120929486812,-0.0753656410664148,-0.7277456306676136,0.3511617849944426
Parp1,32330.0,0.086385428919816,-0.1520030934442484,0.0858563381961126,0.0,0.0,0.0230836131093477,0.001072589877528,-0.0008693305235955,17.23363482659745,0.0010910116260783,0.0324148549758757,0.0550086258030756,-0.0225937708271999,0.0050974640785599,0.0619390346448538,-0.098701891747111,0.0190742675581105,-0.0868298740464914,-0.0987815148039192,-0.2127123414761386,0.0118720177006195
Gramd1a,25769.0,0.2609140599213497,0.3219280948864611,0.0,0.0,0.0,0.0,-0.000570305876,0.00025956939,21.907713330615348,0.0002433232223783,0.029179338864785,0.0355971061722614,-0.0064177673074764,0.050418624184746,0.0416608624167864,-0.1154372665795873,0.4295772624675558,0.2878895083066756,0.1704496937035184,-0.1621734819042339,0.4033267748862629
Setdb1,33677.0,-0.1443276898543342,0.0,0.0,0.0,0.0,-0.0801703486617024,0.0007933899640449,-0.000320661394382,17.827448198002823,0.0020950235979919,0.0186699243846025,0.0184547053213222,0.0002152190632803,0.0139087506703816,-0.0090564250914515,-0.0042605252013069,0.6518930933537903,0.2979921455859136,0.0261679060863482,-0.2257137255108976,0.3022526707872205
Copa,39801.0,-0.05642537870802,-0.432959407274236,0.0813831394954748,0.0,0.0,0.0,0.0014352560096774,-0.0006131701451612,16.20733926234787,0.0010734829285729,-0.0042789713331479,0.0098545365732484,-0.0141335079063964,0.0066338020345251,0.0135930590223469,0.0715189447225013,0.3688013157738964,-0.037535634722503,-0.3714651538771321,-0.195325657023153,-0.1090545794450043
Kcnj6,249065.0,0.0,0.0,0.0,0.5653884245137266,0.4151230817929472,0.4694852829929519,0.0011400463437317,-0.0001872813629737,17.092845866750558,0.0015302841456882,0.0230872889625503,0.0362218651473152,-0.0131345761847648,0.0639849339701505,0.0373298990959575,0.0542155317707271,0.5693722023116339,0.1157903247795981,-0.5112244480589928,-0.483820047839542,0.0615747930088709
Wfs1,23101.0,0.0,0.0,0.0,0.0,0.0,0.3475290368974872,0.0006507707961538,-0.0006926038307692,17.00638511266216,0.000980952424903,0.111147930161578,0.1400970241209914,-0.0289490939594134,0.3298614669391869,0.3580799854791095,0.1818633216257983,0.6443855566967345,0.1137691433556696,-0.5656912676364336,0.0042946143537929,-0.0680941782701287
Adarb1,127544.0,0.0810886995528701,0.3785116232504006,0.0,0.0,0.0,0.59946207026763,0.0017089460674796,-0.0003441090796747,16.342241521868903,0.0011956321686148,-0.0029362568889476,0.0044339971025413,-0.007370253991489,0.0033386643451032,-0.0048371546503587,-0.0230174112923844,0.5158537477872194,0.0805103771389914,-0.7990114494056043,-0.5331699642112002,0.1035277884313758
Prr16,302311.0,0.0,0.0,0.0,0.872996649942593,1.553782052993872,0.0,0.0,0.0,0.0,0.0,-0.0189307327034284,-0.0122739037067767,-0.0066568289966516,-0.0787375956483752,-0.0751344584487196,-0.0462228642591002,1.5449513349120747,-0.0863644865125583,-0.5521064681456128,-0.5192253838929813,-0.040141622253458
Hsp90aa1,12123.0,0.2409368913925718,-0.2223924213347308,0.0699540385127928,0.0,0.0,0.0,0.0013366835151515,-0.0006217871939393,17.20484661645217,0.0014590465630871,0.035446887700042,0.0834167907001501,-0.0479699030001081,-0.0031291480738638,-0.0299320595260234,-0.0037328772926334,0.3863334827666955,0.1582535578157919,-0.3133312710543029,-0.1617439918337431,0.1619864351084254
Adamts17,313436.0,0.0,0.0,0.0,0.5905361481902237,0.6218339745675092,0.0108911800376414,0.0005332524626735,3.920813907455013e-05,16.89404543852355,0.000947830834831,-0.0197912400692483,-0.0179010856470411,-0.0018901544222072,-0.0776815163744426,-0.083392913524789,-0.0598715514527233,0.7420647940042924,0.2271331339357409,-0.3927824077462397,-0.664655823422567,0.2870046853884643
Myo18a,102734.0,0.3787037699426663,0.16664986940913,0.1413529089012561,0.8975303089924486,0.2418031867701224,0.4812626471320726,0.0022583639016393,-0.000808166252459,15.969798081201516,0.001313154963037,0.033387777726092,0.0555010460636718,-0.0221132683375797,0.0340538263359389,0.0212202880556685,-0.0119012227433616,0.8801873230342802,0.2968468289518864,0.0237001607042457,-0.429550385297623,0.3087480516952481
Pde4b,519716.0,0.0,0.0,0.0,0.0,0.0,0.3274938974295308,0.0012787458316708,-7.500353815461348e-05,16.273125285680823,0.0011749208892175,-0.0185448530012777,-0.0194788667423829,0.0009340137411052,-0.1322819237209635,-0.1049505773248766,-0.0632344831424498,0.8324329228301313,-0.0352710218627396,-0.6491989348344456,-0.8036648281500985,0.0279634612797102
Gng3,2261.0,0.2379297228559185,-0.5849625007184844,0.0881212944385595,0.0,0.0,0.0,0.0012369813199999,-0.0009199690625,17.15643667412371,0.001538551350698,0.0216183716439757,0.0779973564850298,-0.056378984841054,-0.0382586912768934,-0.032235757573868,-0.0636173538891196,0.1261168390269014,0.0622194280789347,-0.0625245594323247,-0.091723068968295,0.1258367819680543
Rpl37,2495.0,-0.2126640539235289,0.2223924213353028,0.1729386770136591,0.2564731116899035,-0.3989892598682214,0.0,0.0007634139368421,0.0004615822526315,19.98342759879816,0.0006898847301361,0.0231953898391183,0.0509822234098213,-0.0277868335707029,-0.0315717042105441,-0.0681094728575255,-0.092703575621929,-0.3489284089367457,-0.3839414696473347,-0.3989892598682214,-0.14218300728144,-0.2912378940254057
Tenm4,739847.0,0.0,0.0,0.0,0.2940200228809879,0.0646695279691484,-0.4226910717443219,0.0004452200205267,-0.0002114785319205,17.645248358188372,0.0007320752549151,-0.0286857494744952,-0.0258398052812185,-0.0028459441932767,-0.1763985005196689,-0.1323130517216137,-0.1448906252384946,1.1557368146239226,0.1433180770488959,-0.2171641366324072,-0.9159310603812144,0.2882087022873905
Lingo2,1245100.0,0.0,0.0,0.0,0.9972211992634696,-0.2138197929871053,0.0,0.000163249439009,-8.888668738738736e-06,20.2196028749184,0.0004377604275546,-0.0173188736563511,-0.0192536361864805,0.0019347625301293,-0.00936807672042,-0.0456371576339899,-0.1576978531120273,0.81734461802628,-0.3320424388451792,-0.8528228869131689,-0.8197959171008175,-0.1743445857331518
Pfkm,39862.0,0.2597646473352286,0.2064508774659463,0.0,0.0,0.0,-0.6404576131607443,0.001787943928,-3.048912800000008e-05,17.117728040064605,0.0021407722285046,0.0010532479791265,0.0054637969578429,-0.0044105489787163,-0.0254965479996197,-0.0118365203647711,-0.0092700554725321,0.2648699703057364,0.1520160089883423,-0.0796245225140612,-0.2927048216316454,0.1612860644608745
Cwf19l2,75644.0,0.2003096913514097,-1.5849625006249766,0.1977328406874805,0.0,0.0,0.0,0.0,0.0,0.0,0.0,-0.0104428970630841,-0.026296222328953,0.0158533252658689,0.0457052953949105,0.0699488295208009,-0.182244374783354,0.103422248799893,-0.1340830381884336,-0.1556075414298887,-0.8022506983507971,0.0481613365949203
Elavl2,150022.0,0.0,0.1699250014403088,0.0,0.0,0.0,0.0,0.0006607241778461,6.352910769230772e-05,18.34058468537528,0.0008694715118829,-0.003443591616781,0.0054668569057922,-0.0089104485225733,-0.1155893895917841,-0.0917663834786841,-0.0673026432907742,0.5218887346404785,-0.1519036218255981,-0.4739665334942584,-0.4775610573235473,-0.0846009785348238
Rb1,142149.0,-0.0583919371209749,0.1699250014403088,0.0,0.0,0.0,0.5479982637115527,0.0019707032857142,-1.7788730158730078e-05,15.259573840128796,0.0012951505260441,0.0760532496161505,0.0853125465343049,-0.0092592969181544,0.2205613293161146,0.1588069754738717,0.1350162112157416,0.6331537008129076,-0.0812270029642699,-0.7176943610768003,-0.6639741815240486,-0.2162432141800116
Phka2,96712.0,-0.1762553893901901,0.2410080995017773,0.1098214245664948,0.0,0.0,0.0,0.0,0.0,0.0,0.0,-0.0139871810597081,-0.009724434361659,-0.004262746698049,-0.0145364183194993,-0.0160875153336628,0.0,0.0,0.0,0.0,0.0,0.0
Cep70,57037.0,0.0,0.0,0.0,0.0,0.0,-0.0051561872153046,0.0,0.0,0.0,0.0,0.0023420275008938,0.0232351260329516,-0.0208930985320577,-0.0064322274430891,-0.0816729507050313,0.113475906461999,0.2420258368809489,0.0547976036408205,-0.4283953109886518,-0.1105035870045303,-0.0586783028211785
Rnf217,115991.0,-0.2587500571256442,-0.3219280948801484,0.0,0.0,0.0,0.0,0.00114564167,-0.0009248211999999,17.262877649715435,0.0008507452056027,0.0034499470030894,-0.0057502885862112,0.0092002355893006,-0.0293561115943675,-0.0303320495085246,-0.1448959619379286,0.4464461789880489,-0.2824012387256414,-0.5067975785683987,-0.5362874677012835,-0.1375052767877127
Gm11099,48184.0,-0.4167625861586526,0.0,0.1306669122707461,0.0,0.0,0.0,0.0,0.0,0.0,0.0,0.0085013358304582,-0.0071548439812395,0.0156561798116978,-0.0191705988599289,-0.0721359849903261,-0.0561568192577004,0.1493927528730932,0.0479022677113872,-0.1333957789509946,-0.2837954395087431,0.1040590869690876
Brd8,25986.0,0.0586874401811661,-0.1255308820833125,0.1517837864838617,0.0,0.0,0.0,0.0005445808846153,0.000299241751282,17.081648745581635,0.0008916535949872,0.0104313557431195,0.0101557325039755,0.0002756232391439,0.0229442569269509,0.0084279019818112,0.1024510225756766,0.4324377396150807,0.0514936261732535,-0.2656075388066812,0.0016067793129153,-0.050957396402423
Cecr2,104821.0,0.2312231159765754,0.6780719051072275,0.1952557283255666,0.0,0.0,0.0,0.0019644893959183,0.0004072032367346,16.37536290360636,0.0015042136700258,-0.0092125129419258,0.0128993243264713,-0.0221118372683971,-0.0506140059973116,-0.0570528400578922,-0.0202826300845966,0.5574774914206737,0.1402042419160373,-0.1427485702778641,-0.451758838534814,0.1604868720006339
Ociad2,18829.0,-0.0048042213072299,0.0780025120008511,0.1236717101733662,0.8475033738191633,-0.1508368087433653,0.0,0.0036273503333333,-0.0010658549999999,15.669645536569227,0.000870195385297,0.0498038284309392,0.0395138992103374,0.0102899292206017,0.0468351014949264,0.0959795185798518,-0.0709914338910424,-0.0271258170910719,-0.1967749473366305,-0.3134054815208436,-0.3397326220024084,-0.125783513445588
Xist,22888.0,0.1274906322476248,0.1926450779398196,0.1603714486369207,0.0,0.0,0.0,0.0,0.0,0.0,0.0,-0.0179048146834135,-0.0212977183467281,0.0033929036633146,-0.0611935965061253,-0.0048425649386592,0.0,0.0,0.0,0.0,0.0,0.0
Tuba4a,5637.0,0.0123848474769072,-0.4720684443139245,0.1200474345025937,0.5847255369928401,0.1943998291076449,0.0,0.0004607116041666,0.0002142289041666,17.130739210316985,0.0008474246938321,0.0572763905812599,0.1151534721313639,-0.0578770815501039,-0.0195269943611176,-0.027359810626846,0.0104047510840735,0.3357008828248231,0.1538602699632873,-0.0238686820509403,-0.2027517191843644,0.1434555188792138
Sorbs2os,95972.0,-0.0881123023105119,-0.4854268271619979,0.0923358215879939,0.0,0.0,0.3016556997977974,0.0009521451907894,0.0001854266960526,17.093249272001714,0.0010548781342701,-0.004744894233887,-0.0050518514318858,0.0003069571979987,-0.0234989912048805,-0.023770812477285,-0.0097394013521628,0.6398964202949864,-0.0510114300841051,-0.6451257351038102,-0.5019673944864502,-0.0412720287319422
Btaf1,86673.0,-0.0773713344899831,0.0,0.0,0.0275826320955521,0.2606226648985617,-0.8889686874883598,0.0021741295821428,-0.0007671870196428,15.632866618670109,0.0012961564586295,-0.0252407242982432,0.0334715216723041,-0.0587122459705473,0.0426654174278752,0.0296037353145369,0.1618789277609683,0.8905461439033939,0.1898926421413382,-0.5534390068079384,-0.1434435534704929,0.0280137143803699
Zfyve26,63958.0,-0.1891342316851672,-0.7369655941565885,0.0,0.0,0.0,0.0,0.0015038579779661,-0.0001763016033898,16.262718846593515,0.0015066096917736,-0.0085391979256072,-0.0162959318023531,0.0077567338767458,0.0307285141972489,0.0948636191689507,-0.0887976378708137,0.2685644538099454,0.115142476998194,-0.4026526517085771,-0.7420534673253188,0.2039401148690077
Rplp1,1258.0,0.0,0.0,0.0,0.0,0.0,0.0,0.0005712901030769,-0.0003068902423076,19.378317664198235,0.0008380486715479,0.0658760535384423,0.0744260383263241,-0.0085499847878817,-0.0055611743754226,-0.0373333696333614,-0.1109112987564403,0.0832229640815692,-0.0022303750567949,-0.0394775270602387,-0.1736164103779602,0.1086809236996453
Mdm2,21883.0,0.0249218418023295,0.6780719051018176,0.0195480389437738,0.8925782759953614,-0.1464125596679739,0.0,0.0003011380170731,0.0002672333390243,18.272209353184092,0.0008200217552469,-0.0087250695610469,0.0310694100804492,-0.0397944796414962,0.0215321929786806,-0.0388401293293128,-0.07309434456676,0.3865156987235423,-0.0627670895864163,-0.3550497604091382,-0.3247264946809791,0.0103272549803437
Dgke,31671.0,0.2119850877311244,0.0,0.0,0.0,0.0,0.0,0.0,0.0,0.0,0.0,0.0061279274290481,0.0216136570027617,-0.0154857295737135,-0.0205546467896264,0.0060085426871266,-0.2482628214815714,0.0596475825361204,-0.072849697129918,-0.1385842657885279,-0.7468544535736088,0.1754131243516534
Micu2,83001.0,0.0,1.1699250014222748,0.0,0.0,0.0,0.1252177292319323,0.0007992874468354,-6.441095443037976e-05,18.95916139537113,0.0008522227824376,-0.0018307905538658,0.0062775645516781,-0.0081083551055439,-0.1239053048345802,-0.1257433913723906,0.0377045409381136,0.73708504616389,0.1193632892695955,-0.2301694938557569,-0.5767529864855367,0.0816587483314819
Slit2,324595.0,0.0,0.0,0.0,0.1084820268580704,-0.4408818477821822,0.2115041051419404,0.0003346096243023,-3.16767165503876e-05,19.8396355201188,0.0005706408379023,-0.0020047066694284,-0.0100543408092467,0.0080496341398183,-0.1377023993563038,-0.1065970691173314,-0.2320463758245943,0.1451361153149337,-0.4727446051474346,-0.9534548355265546,-0.6708185625318639,-0.2406982293228403
Galnt18,308316.0,0.3194250944510584,-0.0614005446638818,0.0,0.0,0.0,0.4514974027938913,0.0007020412987288,-0.000263855184322,16.567096836479767,0.0008392826217454,0.0746640778572854,0.0951054142794464,-0.020441336422161,0.2013308516966527,0.1833899694872249,-0.021672088438098,0.7241800321998648,0.1186296035193232,-0.5372386921192047,-0.6902709252336074,0.1403016919574213
Ift172,37839.0,0.0970681511175151,-0.8930847960739761,0.103911273159493,0.0,0.0,0.5682837594125554,0.0009809543707692,-0.000394665336923,16.678913927535497,0.0011344544079583,0.0249469059233534,0.0339636837373705,-0.0090167778140171,0.0350944697797801,0.044699726780036,0.1364213025457749,0.389882549837238,0.2891647359279822,-0.1382601477043357,-0.0967482926612914,0.1527434333822073
Nsg1,22715.0,0.1791952392788887,0.0671141958582248,0.1981994991683498,0.0,0.0,0.0,0.00077701901875,-0.0003720995187499,17.336039540576145,0.0011128452332696,0.0519285383953231,0.0795278336922662,-0.0275992952969431,0.112901837511496,0.1303353682592968,0.0079319535259471,0.1872018121520718,-0.0190104727742639,-0.2659964624960431,-0.3769048439331861,-0.026942426300211
Grin3a,184133.0,-0.3705737692236646,0.0,0.0,0.6866153200129695,-0.2680453056421967,0.0,0.0003697190073368,-0.0001146168862663,19.46737779347868,0.0007170262409337,-0.0165479913029263,-0.0087233850916729,-0.0078246062112533,-0.1396949087516168,-0.0914806914900318,-0.2244815142423837,0.5142569628272519,-0.2919120598369391,-0.5217347927233132,-1.141351174280775,-0.0674305455945553
Gpatch1,41904.0,0.085772429106071,-0.1805722456406893,0.1257059070094608,0.0,0.0,0.0,0.0006257787504672,-0.0004673923224299,17.538678743413833,0.000972194281606,0.0046039254856778,0.0076886416869165,-0.0030847162012386,0.081089896536046,0.0220850143860142,-0.0217314593778355,0.4638591101560387,0.2214690537902235,-0.3695243517546926,-0.2094480980690379,0.243200513168059
Gm17171,23853.0,0.0,0.999999999981966,0.0,0.0,0.0,0.0,7.529627727272727e-05,-0.0003072598,18.78809861361717,0.0004499686504729,-0.006850446335493,-0.0033223898571032,-0.0035280564783898,-0.1013262859190049,-0.046034631583835,0.0867741625670168,-0.1642815027473262,-0.1642815027473262,-0.2510556653143431,0.0867741625670168,-0.2510556653143431
Arhgef12,143397.0,0.0,0.0,0.0,0.0,0.0,0.0,0.0011025721496453,3.4112134751772843e-06,16.4312876890777,0.0012130682536941,0.0015579267476267,0.0003436381475434,0.0012142886000832,-0.0553253781453336,-0.0731930835551932,-0.1178923110344415,0.6866296457892751,0.1741166777316245,0.0159961010287776,-0.6306614360578794,0.2920089887660661
Sh3bp1,12283.0,0.249235904600729,-0.5025003405256472,0.1458778835698287,0.0,0.0,0.2630344057857039,0.000618189676923,2.5952646153846332e-05,16.772268239032737,0.0007461703985922,0.0426655189708745,0.0387774554138918,0.0038880635569827,-0.0239329922119833,0.0166605877749103,-0.0290877318868736,0.3729097319429181,0.2034970473587486,-0.0078704764650869,-0.1273212874395297,0.2325847792456222
Bin1,58507.0,0.0,0.0,0.0,0.0,0.0,0.0,0.0021487731673469,-0.0004295661632653,16.126341960269393,0.0014711805478826,0.043049577630759,0.0525539384538594,-0.0095043608231003,0.0839716983560758,0.0802467500503951,0.0638317279371703,0.6127677028280522,0.0143512805706077,-0.4329405929950929,-0.1689777398688676,-0.0494804473665626
Armc9,123504.0,-0.1487392993924992,0.0,0.0,0.3921210314970511,0.5692497419997389,0.2046954680239435,0.0024968917666666,-0.0012625859602564,15.231466855094869,0.0010639218445207,0.0042181797744894,0.001074527827011,0.0031436519474784,-0.1247584973184242,-0.1515539285006907,-0.0038253592991382,0.8689824261442458,0.1846575637737032,-0.0715270548182376,-0.47727720196274,0.1884829230728415
D430041D05Rik,267940.0,-0.0127477630983339,1.152003093436233,0.216778711702429,0.7770523591670015,-0.4481792190770765,-0.8061580751413778,0.0009331903254545,4.761392484848484e-05,16.189301035535625,0.001238762583531,-0.0224663687883466,-0.0218163029860148,-0.0006500658023318,-0.1550004047765741,-0.1192227935032948,-0.1372826241071871,0.5961391117297379,-0.0041552608001583,-0.4481792190770765,-0.5468298452971131,0.1331273633070288
Rps25,3288.0,0.0342341468693581,1.247927513433145,0.0316921420754039,0.0,0.0,0.0,0.0,0.0,0.0,0.0,0.010595566115618,0.0503297217258694,-0.0397341556102514,-0.0328212494336778,-0.0240758642952394,-0.0876310736701324,-0.0298442820597992,-0.0384452525324809,0.0188305943974147,-0.1093853299376874,0.0491858211376514
Slc24a2,247353.0,-0.3580429198787636,0.0,0.0,0.4892442103336741,-0.3031300486097646,0.5019725972195366,0.0018412409725409,-0.0008648667360655,15.676624679568471,0.001415556023784,0.114276693669125,0.1305087806346204,-0.0162320869654953,0.1987061140787716,0.205735606454722,0.0310652274028396,0.4774946153672457,-0.1021057128471809,-0.52181378035177,-0.3854163437526057,-0.1331709402500205
Adamtsl1,914213.0,-0.2468197312030677,1.736965594149375,0.0,0.0,0.0,0.1468656015069229,0.0004531206847648,-0.0001358040194887,16.99301611854425,0.0008112599244128,-0.0147120023071648,-0.0228299276139176,0.0081179253067527,-0.1380962519182307,-0.1071116542421395,-0.0809342215368529,0.6366128617677571,-0.0479135483094333,-0.4111142305418691,-0.7456271501499451,0.0330206732274196
Ppp1r1a,7724.0,0.0648164966675457,0.0,0.0,0.0,0.0,0.0,0.0,0.0,0.0,0.0,0.1085214142681071,0.1090187945749598,-0.0004973803068527,0.0757887636221873,0.0572790132320587,0.0055746158996548,0.1850166626225289,-0.0187755224341589,-0.1513200479085106,-0.1115813901832889,-0.0243501383338137
Kcmf1,58865.0,-0.0731366133519868,-0.222392421333013,0.2012896801075744,0.0,0.0,0.4273839321498547,0.0010261649071428,-0.0006348711547619,17.366415408959664,0.0012084020530114,0.0288375263077698,0.0175478916551407,0.0112896346526291,0.0424792872831792,0.0047914539139982,-0.0886205839846677,0.7269945485977447,-0.032811913334387,-0.3572212225461275,-0.3989311502181075,0.0558086706502807
Klc2,10814.0,0.1546547049365245,0.0,0.0,0.0,0.0,0.8744691175518242,0.0014588369611111,-0.0009810473944444,17.00796421923523,0.0013723803612032,0.0825527498313154,0.1343326625877605,-0.0517799127564451,-0.0192670064323723,-0.0417644834531412,-0.0471851830418014,0.4123429653718105,0.2427301811897531,0.0965096461918513,-0.2929631999428841,0.2899153642315547
Ldb1,13644.0,0.1908759844128074,0.0931094043908804,0.07590692806701,0.0,0.0,0.0,-0.0002625928562499,0.00037854719375,17.13174431791565,0.0009195155934686,0.0305226986996235,0.0447582655042252,-0.0142355668046016,-0.017858757143671,0.0295344024277239,-0.0626816524272612,0.3690480216909537,0.1262575617855992,0.0726289953387659,-0.2732530619060271,0.1889392142128604
Hist3h2ba,0.0,0.158011203175822,-0.1255308820827658,0.043595387444445,0.0,0.0,0.0,0.0001570288954545,-0.0001982234227272,18.234346148487926,0.0009626118994651,0.0,0.0,0.0,0.0,0.0,-0.0260025172003326,0.2099380678190079,0.0154680701540132,-0.1176957526661595,-0.232750645548224,0.0414705873543458
Gle1,24945.0,0.2889959978909338,-0.7884958948007657,0.0701281183314088,0.0,0.0,0.0,0.0009542558249999,-0.0002720671678571,17.014086095903384,0.0019838838468971,0.009656492344717,-0.0150241415817583,0.0246806339264754,0.0040157778919087,-0.0614509802205782,0.0431218965493375,0.1386182812784258,0.1322180608502673,-0.0580044804030724,-0.1103789685828231,0.0890961643009297
Zmym3,16465.0,-0.0511830532943409,-1.1699250014222748,0.1293408111157306,0.0,0.0,0.0,0.0,0.0,0.0,0.0,0.0261808314768507,0.0318939956592857,-0.0057131641824349,0.0235202779643437,-0.0878729213357913,0.0,0.0,0.0,0.0,0.0,0.0
Pitpnm3,88250.0,0.0,0.0,0.0,0.0,0.0,0.0,0.0007019017477876,0.0001311779088495,17.016832403964983,0.001290025556741,0.0118052940913532,0.0213234287648287,-0.0095181346734755,0.0209498016746961,-0.000104494175615,-0.0215465513091151,0.6153439857561523,0.3123392096645707,0.0019932416302899,-0.3448436346422602,0.3338857609736858
Setd1b,26436.0,0.3858153094542897,0.4150374992758383,0.0,0.0,0.0,0.0,0.00130187372,-0.0004884051657142,16.913265722951966,0.0016800070078856,0.0100178472890744,0.0148633807620982,-0.0048455334730238,0.0331645547059304,0.035458214387344,-0.0738785089712595,0.5486265738854289,0.1758379074896392,0.0280286565240333,-0.2986727522588099,0.2497164164608987
Enpp2,113991.0,0.0,0.7983661388276841,0.0,0.0,0.0,0.0,0.001227167107317,-0.0001792602243902,15.642368015466229,0.0012730249709739,0.0133993384307928,0.0199475823408227,-0.0065482439100298,0.0603626788275939,0.0481392542610711,0.2879180447791631,0.1761680196089009,-0.1479030653159951,-0.9868635528845576,-0.0866204036949707,-0.4358211100951581
Rpl21,4142.0,0.0,0.0,0.0,0.0,0.0,0.0,0.000772899225,-0.00099371845,16.513610636549224,0.0001338849923426,-0.0110480669954002,0.0386835875126211,-0.0497316545080214,-0.035560348213106,-0.0361630224447585,-0.002294705824549,0.3049792465249672,0.1343161951037187,0.1204090112089621,-0.1567558675264919,0.1366109009282677
B130024G19Rik,125062.0,-0.2613207083509019,0.0,0.0,0.0,0.0,0.0,8.486507338235296e-05,9.780065125e-05,20.25194634307033,0.0005285966179065,0.00619481383826,0.0033602816102924,0.0028345322279676,0.0167136753938916,-0.0065024103693279,-0.2713940189583722,0.4742707144741939,0.2718372968426563,0.1265869630862384,-0.3334624152330698,0.5432313158010286
Snrnp70,19289.0,0.0817552188774008,0.9999999999939888,0.0,0.0660352991820921,0.3880065404808421,0.0,0.001360322109756,-0.0006884571170731,17.045579529387844,0.001459071562627,0.0361802327363798,0.0586746243670386,-0.0224943916306588,0.0343650493810261,-0.0336094287764789,-0.0192815787237078,0.6385006525890935,0.3993697630327486,0.2000920025969002,-0.3052000285448266,0.4186513417564566
Eif1,2211.0,0.0268474311557036,0.0,0.0,0.0,0.0,0.0,0.0005244630309523,-0.0002213834071428,20.196978561658256,0.0005994892441015,-0.0036769605739195,0.0924511321133099,-0.0961280926872294,-0.0422088003837427,-0.0517542714718319,-0.1208423657907789,0.0031033106471112,-0.0644768789190757,-0.087643970853656,-0.2450812292552588,0.0563654868717031
Brinp1,192883.0,-0.6607930589804356,-0.2064508774659463,0.0,0.9916447839579852,-0.5683373471170969,0.3168059903080084,0.0001162972251522,-5.9728149010152295e-05,19.865110771933555,0.0006326911716381,0.1013339909546093,0.1342028693111774,-0.032868878356568,0.2288515094042824,0.1683118419646776,-0.0044553708938325,0.2530514544816252,-0.3514357163472232,-0.6499197417591986,-0.5188669949025035,-0.3469803454533907
Ndufa5,9347.0,-0.2837726915298955,-0.8479969065421264,0.1542041455046411,0.0,0.0,0.4329594071825982,0.0005927640521739,-2.2616002826087e-05,18.61815344860552,0.0008369601618115,0.0497236852479537,0.0602564193776336,-0.0105327341296798,-0.1017013239005092,-0.0416041969569832,-0.0545001040170287,-0.3737935502266576,-0.4331764471245469,-0.5546922686920122,-0.2170785006862612,-0.3786763431075182
Klf12,414047.0,0.0,0.0,0.0,0.295429643580948,-0.8597362023486368,0.0,4.5484090593607296e-05,-4.6929383333333335e-05,18.51688571585645,0.000553389622364,-0.0083494691310694,-0.0059568434624395,-0.0023926256686299,-0.0708756835768318,-0.0324940985750197,-0.0185685804167892,0.6064592970605,-0.2344624595359138,-0.8597362023486368,-0.5151842187162651,-0.2158938791191246
Ptpn9,67884.0,0.0,0.1255308820827658,0.0,0.0,0.0,0.0,0.0,0.0,0.0,0.0,0.0201650570199002,0.026941791574704,-0.0067767345548037,0.0208593416142365,0.0589823072936015,0.0943957204893699,0.351026614058588,0.163551289992996,-0.1341149330566795,-0.0602956596120289,0.069155569503626
Fam13b,64480.0,0.0,0.5849625007131416,0.0,0.5464503220341459,0.6169001455598315,0.0,0.0007725392166666,9.481249999999854e-06,16.252508979671607,0.0012327439709215,-0.0090826222275615,0.0077438867455365,-0.0168265089730981,-0.0702174002666301,-0.0549827898041518,-0.0242424171846311,0.7116163292571489,0.016335730190306,-0.3068477000257747,-0.3817218601650959,0.0405781473749371
Agfg2,34263.0,0.3615335425064829,-0.1520030934434468,0.1763768438912407,0.0,0.0,0.5145731726236586,0.0022884146783783,-0.0008433631297297,16.200567522799055,0.0010049717780823,0.030340241424642,0.0635970604614822,-0.0332568190368401,0.0433303303806467,-0.0303393401225217,-0.0170870970971534,0.7310576633922496,0.2169712386018691,-0.1117808767257853,-0.4236990553800892,0.2340583356990225
Celf4,276525.0,0.0,0.0,0.0,0.8675963345948472,-0.271097915246988,-0.4739311882576058,0.0002422126140564,-0.0001262689237213,19.55885925432684,0.000603044258354,-0.0472953448970005,-0.0471296835447019,-0.0001656613522985,-0.153681633927814,-0.1157821229623514,-0.0805185037370292,0.6780615993417443,-0.0576385583577323,-0.5826316735522599,-0.5561708920261811,0.0228799453792969
Crocc,43913.0,0.0719259485642354,0.4474589769677237,0.0,0.0,0.0,0.0,0.0024981235352941,-0.0009095957588235,15.304967382745652,0.0016597268797948,0.0016077365773478,0.0161453144533705,-0.0145375778760227,-0.0768166508068234,-0.0694155349893774,-0.0026488933338937,0.7358319118842791,0.2977857179646425,-0.0273567371268087,-0.2383920896181677,0.3004346112985362
Sycp3,13667.0,-0.1046686647400214,0.222392421333013,0.1290939016397636,0.0,0.0,0.0,0.000868167775,-0.0004572553499999,16.71698763690138,0.0011269669439049,0.011022717811142,-0.0009219492292229,0.011944667040365,0.0998454450268503,0.0878733386438961,0.3222312818187733,0.0777964411192752,-0.0479762197229862,-0.4935060821863864,0.0731600403318851,-0.3702075015417596
Lpgat1,66421.0,-0.1841255874393805,0.0,0.0,0.0,0.0,0.0,0.0014186155689655,-0.0001793775672413,16.63253829387514,0.0014338052578496,-0.0391555098476949,-0.0214515454215286,-0.0177039644261662,-0.241853351898304,-0.1905437854004498,-0.2103028738655976,0.6202132467583272,0.1084466615523643,-0.0420747842003548,-0.6602244846729757,0.318749535417962
Prmt8,80461.0,-0.0306687917976127,0.8479969065485378,0.0,0.0,0.0,0.2630344057736813,0.0004955381103448,-1.1580054022988568e-05,16.84309098765147,0.0006387855292026,0.0529347951843968,0.071421041104126,-0.0184862459197292,0.094527195289588,0.1113898915379347,0.0850978398015574,0.3856727568517626,0.0803808263536299,-0.3919780056825036,-0.2383966578504794,-0.0047170134479274
Tmem241,157087.0,-0.2125693295610542,0.7369655941613971,0.1389082350157105,0.0417126171303328,1.1967495038047655,0.0,0.0004323293116379,-8.498436637931023e-06,16.822839880148784,0.0009402599091738,-0.0068404095164444,-0.0166094836502933,0.0097690741338489,-0.0578737767223982,-0.0529162168433969,-0.108631532411337,1.305246434371084,-0.0643030481792747,-0.5692126143551732,-0.5644966940652015,0.0443284842320623
Gm13944,18269.0,-0.0341792002692469,0.3479233034174966,0.2128627877071148,0.0,0.0,0.0,0.0008148706666666,-0.0003881998499999,17.116978317164477,0.0013032552447933,-0.0085065989124004,-0.0056978766727391,-0.0028087222396613,-0.0281958525244404,-0.0374316282253902,-0.2013332793425406,0.0435980888717923,0.0435980888717923,0.2449313682143329,-0.2013332793425406,0.2449313682143329
Cdc14b,86022.0,-0.1595355279107702,0.0,0.0253962213502153,0.7708844355995742,0.2048953425044657,0.4425182356032356,0.0023045545333333,-0.0007475627624999,14.476076822503629,0.0008423265516228,0.0031501616786643,0.0221803722830651,-0.0190302106044007,-0.0489955952560232,-0.0290047933966739,0.0475748370535799,0.7029079309940162,0.370903471977075,-0.296943210542449,-0.4167058519490306,0.3233286349234951
Nell2,453329.0,0.0,0.0,0.0,0.0,0.0,0.2850209097883052,0.0010653689476635,1.0206106542056498e-06,16.74028958634882,0.0011284374986473,0.0410635931565391,0.0611317862690197,-0.0200681931124805,0.0875346535017826,0.0879336610851553,-0.0432538117404552,0.4297287841737617,-0.0122622280652727,-0.3828843820280865,-0.4515658488177912,0.0309915836751825
L1cam,42327.0,-0.0713412328177196,0.0,0.064527478679919,0.0,0.0,0.1878478389843441,0.0,0.0,0.0,0.0,-0.0113371494935688,0.0091988666880351,-0.0205360161816039,-0.044995804768465,-0.0635747187012676,0.0,0.0,0.0,0.0,0.0,0.0
Tox,305204.0,-0.2778232890129946,0.0,0.0,0.4567599384225301,-0.4793251978925578,0.0,0.0002485756989008,3.7921860501792114e-05,17.80523613400945,0.000680257887126,-0.021616014317861,-0.026222030678779,0.004606016360918,-0.0320423821633528,-0.0036024595175587,-0.0690772279665539,0.4235952399479739,-0.3028794285784881,-0.7057027364390644,-0.8057481425988653,-0.2338022006119342
Rpl17,4823.0,-0.1922941577889965,0.999999999981966,0.0,0.0,0.0,0.0,-0.000370454,-0.0001118289533333,19.168030273523204,0.0004496509015408,0.0130375983078293,0.0360347720594552,-0.0229971737516259,-0.0404510757975551,-0.0091038332504819,-0.0745454123283873,-0.0593164141407265,-0.093553164560076,-0.0823858779044401,-0.1721602884204882,-0.0190077522316887
Syt17,67505.0,0.1054779364944891,0.3625700793801285,0.1772684211223179,0.0,0.0,0.0,0.0013850531788461,-0.0006024750961538,16.388612553941854,0.0010298129357964,-0.0299251645391239,-0.0202269565699438,-0.0096982079691801,-0.2303812316767059,-0.2103391165244604,-0.1829125936391996,0.3820535096412641,0.1712095489785156,0.0064618846235231,-0.5583043493199914,0.3541221426177152
Sfi1,61613.0,0.0,0.0,0.0,0.2411717190190968,0.7777988712073208,0.0,0.0,0.0,0.0,0.0,-0.0159305750911677,-0.018602558351347,0.0026719832601792,0.0837978834990041,0.0685339663312232,-0.0604053375682735,0.9974799152501344,0.3646535659147189,0.1149545810998049,-0.3825367119770697,0.4250589034829924
Bicc1,236868.0,-0.1642797308774612,0.0,0.0,0.4343706926615407,-0.1003830826809635,0.2639657777909797,0.000934061575,-0.000529030025,18.123047949204867,0.0006515256401142,0.0056667725328644,0.009590417287687,-0.0039236447548225,0.0286132577142734,0.0767210237737393,-0.0043541181734118,0.6858937644253886,0.040830588970367,-0.4595829401547276,-0.3421256858693943,0.0451847071437788
Ppp1r14c,98918.0,0.0,0.3625700793824178,0.0,0.0,0.0,-0.0333355197899859,0.0002769937833333,0.0002858026222222,18.663738130637658,0.0018568088955421,0.0350370137145719,0.0649914721344424,-0.0299544584198705,0.201726785642446,0.1206175101933439,0.038372514453554,0.2554489540737241,-0.12379943796276,-0.6400494977248122,-0.3464848960484636,-0.1621719524163141
Fras1,410773.0,0.0,0.9999999999909832,0.0,0.5128371422440708,0.449855786033893,0.0,0.0008050844880434,-6.918119972826085e-05,16.287599217849944,0.0008875268308768,-0.0183238101653156,-0.0230691208910543,0.0047453107257387,-0.0976105817874887,-0.0952351667543026,-0.1172091162690407,0.9624613259789296,0.0041276035225473,-0.399041398174108,-0.5833557213310622,0.1213367197915881
Clip2,63051.0,0.1532055273268189,-0.3923174227766131,0.0,0.0,0.0,0.8491519865403686,0.0010458924252336,-0.0001137038981308,16.855906645462564,0.0014129803892701,0.0343273116648912,0.04256297422585,-0.0082356625609588,0.0728050070404731,0.0348232697636499,-0.0893337599099305,0.5710065012842885,0.2447172589184494,0.0119900032354949,-0.2818471677534155,0.3340510188283799
Rreb1,173605.0,0.0,0.0,0.0,0.0,0.0,0.0,0.0009139072423529,9.034281647058822e-05,16.35266221340112,0.0009890498580697,0.0103774388705109,0.0154020846244583,-0.0050246457539473,-0.0474824122390952,-0.012339111709386,0.0070794386707686,0.9884565344273806,0.2894104349752555,-0.1496819292888395,-0.4234843845910305,0.2823309963044867
Nemf,46643.0,0.0111917157417358,0.2895066171920701,0.0,0.0,0.0,0.0,0.0013077954749999,0.000123368375,17.365443800925796,0.0008021518819268,0.0120658155194723,0.0284783524902663,-0.0164125369707939,-0.0381137895966607,-0.0073694121470211,0.1387034337855652,0.1145456272736775,-0.0245004657380979,-0.3265163259879117,0.1144371003330921,-0.1632038995236631
Stac,128911.0,0.0,0.0,0.0,0.0,0.0,0.3348622811331017,0.0005941697083333,0.0005135229166666,16.664739744867028,0.0008229124357068,0.030311858187858,0.0295545094674437,0.0007573487204142,0.1931217420558895,0.1758670333581377,0.1679078050433281,0.6877517107923742,0.1005758628251384,-0.5152283123179183,-0.2614276264847087,-0.0673319422181896
Zfp871,22791.0,0.1697411754138711,0.0,0.2009548098371071,0.0,0.0,0.0,0.0001861749199999,-0.0005562217799999,18.11849487687559,0.0009830453762594,0.0269403489387069,0.0192053237291251,0.0077350252095818,-0.0148722051346004,-0.044001440856104,0.0279080085968009,0.4792735842270499,0.1326260864989907,-0.0268058622626177,-0.1838886448539822,0.1047180779021898
Numa1,80853.0,0.2973506900679998,0.3625700793801285,0.0,0.0,0.0,0.0,0.0014878996958333,-0.0010058584083333,16.29876898937597,0.0012394664715809,0.0268662252945449,0.0510858290855185,-0.0242196037909736,0.0811825230108587,0.059446688665841,-0.0508248279067205,0.3989213041009676,0.1911532654111996,-0.1218565040616483,-0.3281834333393068,0.2419780933179201
Ddx6,35839.0,0.0342341468693581,-0.2630344058321907,0.0316921420754039,0.0,0.0,0.0,0.0019817026482758,-9.767189310344829e-05,16.581159304009073,0.0011138934932342,0.0507334861699155,0.0540933075797513,-0.0033598214098358,-0.0109720196506057,-0.0046177473304556,0.0544005126089597,0.4623877229816058,0.1961571556414576,-0.0222071325151633,-0.0536756561851313,0.1417566430324978
Efr3b,76361.0,0.1508741553681141,-0.1699250014403088,0.0914490019539164,0.0,0.0,0.0,0.000905860235,-0.0003772285799999,15.877046876127176,0.0013233784847166,-0.0252593582296426,-0.0153185546251156,-0.009940803604527,-0.1343363097781997,-0.0950145272837954,-0.196910059490821,0.4517404787699096,0.1027056390907366,-0.1713178243014255,-0.5657616613291713,0.2996156985815577
Mphosph8,29182.0,0.0,-1.2630344058169625,0.0,0.0,0.0,0.0,0.0,0.0,0.0,0.0,0.0537949856402175,0.0688367545326188,-0.0150417688924012,-0.0095102942814266,-0.0950232331414315,-0.1393833428432909,0.3336445358106383,-0.104266065493333,-0.2613856962928871,-0.5560052332141463,0.0351172773499578
Gm28750,17926.0,0.0,0.0,0.0,0.0,0.0,0.0,0.00063567676,0.0003796772733333,18.86245283451092,0.0007437941732216,0.0441664461919783,0.019559139249184,0.0246073069427943,0.1406947149808605,0.0677378408739332,-0.0192742981918202,0.2467643487282955,0.0529080828426405,-0.0656176645210009,-0.2077016282501642,0.0721823810344607
Plxnc1,153969.0,0.0,0.0,0.0,0.1535837475905448,0.4713577757851286,0.0,-0.0001386380833333,0.0007449439,19.073056434721803,0.0008233321508376,-0.0057202091814548,-0.0055284970561127,-0.000191712125342,-0.233947291609132,-0.1847863373032002,-0.1017351781679421,0.7502967974063359,0.0451233593246938,-0.4188498793148525,-0.8017013095908275,0.1468585374926359
Rsf1os2,46818.0,0.0838566026088973,1.152003093436233,0.0088347098644554,0.0,0.0,0.5849625005797154,0.0012237634102564,0.0004590420974358,16.80111872578773,0.0014521014669033,0.0152546968435473,0.0162503857321787,-0.0009956888886314,0.0402973269431078,0.0082892475087167,-0.1273439398187572,0.313704987825265,0.0713802194419405,-0.0427221737053842,-0.3802638559796684,0.1987241592606978
Eef1a1,10702.0,-0.1061174204955173,0.1699250014403088,0.0529373627966823,0.3481159025982859,-0.5078040244804818,0.0,0.0,0.0,0.0,0.0,0.0408939961282219,0.0597152595283723,-0.0188212634001503,0.0993269085743693,0.0316421999415218,0.0052020279679499,0.0548253442957199,-0.2197573595203259,-0.5078040244804818,-0.0462805500827445,-0.2249593874882759
Rpl28,2192.0,0.0,0.0,0.0,0.0,0.0,0.584962500560857,0.0027945549999999,0.0001242699999999,16.095067301607052,0.0,0.0501287967143906,0.0776631609919251,-0.0275343642775344,-0.0123302587804905,0.0016661579010093,-0.0850495486282228,0.3817234112759595,0.15485004676304,0.0933687848874651,-0.1653921026373446,0.2398995953912629
Rsrp1,4079.0,0.0,0.0,0.0,0.0,0.0,0.0,0.001018999925,-0.0007036805499999,18.03597584629427,0.0007652666866031,0.0705039746348318,0.0714753644400348,-0.000971389805203,-0.0694832708432779,-0.0489634161158949,-0.0882610843886391,0.1767104246942172,0.0441232566915782,-0.15206333862468,-0.1635299832756735,0.1323843410802174
Map1lc3a,1776.0,0.1692645803894845,-0.1255308820827658,0.1271324832562866,0.0,0.0,0.0,0.0,0.0,0.0,0.0,-0.0237390278339725,0.0268987547044753,-0.0506377825384479,-0.0490442555899728,-0.1257835081586379,-0.0674083256058614,0.2794733530293243,0.0319969280058883,-0.0650921882693724,-0.1724528678583019,0.0994052536117497
Cdc73,104093.0,-0.2986064290208512,0.3959286763293175,0.0786103120780892,0.0,0.0,0.0,0.0001409840640338,0.0002104441206038,20.36052345586802,0.0005345205904522,-0.0053916917694418,-0.0181231169718388,0.012731425202397,0.1702780075242576,0.1136165894092554,-0.1032814616468187,0.2021632281173904,-0.3090272866399025,-0.4740825098708026,-0.5302443848678495,-0.2057458249930837
Lsm14a,48669.0,0.0747003612187908,-0.3219280948801484,0.0,0.0,0.0,0.0,0.0013092534768421,-0.0002792529778947,17.716913997066992,0.0015232453483413,0.0232742461193452,0.0264765813043782,-0.0032023351850329,-0.0139151139511116,-0.0072851290763836,-0.0372268259087246,0.450562287544434,0.1528325790335457,-0.1546226705718075,-0.4093263215719548,0.1900594049422704
Ipo8,60784.0,-0.0676071742200585,0.0,0.0888855545034884,0.0,0.0,1.6322682145222034,0.0010563231569892,-0.0002806784139784,17.429347149091164,0.0011545621134691,0.0100725493429442,0.012536046921672,-0.0024634975787277,0.0992791671672287,0.0367213702961372,0.0253242047442563,0.3989213041009676,0.1085243384957745,-0.2372694106662296,-0.2167837114575785,0.0832001337515181
Izumo4,3189.0,0.0,0.0,0.0,0.0,0.0,0.0,0.0002657435111111,-0.0007986898555555,17.37476272932393,0.0009644271032187,0.0681635207566977,0.1353590403233777,-0.06719551956668,-0.0376515812526683,0.0161441321014231,-0.0377238234432284,0.1378886524786731,0.0063492142504288,0.0067772657839366,-0.1455981456272366,0.0440730376936572
Lrsam1,36398.0,0.2057190012338128,0.459431618632379,0.1695030349125313,0.0,0.0,0.0,0.0004403315527777,-0.0006739137111111,17.102536724805475,0.0008272203968168,1.1986658591303307e-05,0.0103806522688972,-0.0103686656103059,-0.0911177136234162,-0.0671297410878253,-0.1594237910547638,0.3428061072532715,0.1765279169798901,0.1321037292227773,-0.2757521012352915,0.3359517080346539
Pcgf6,17289.0,-0.0794721086707292,0.1926450779398196,0.0396348446564195,0.0,0.0,0.0,0.000312243502985,-0.0001424408328358,17.792897715963,0.0010157730837174,0.0770398030998573,0.0615314485165513,0.0155083545833059,-0.0320646962887137,-0.0086295536157053,0.0703047047038926,0.3647315293320323,0.1715110842973039,-0.2413717447551631,-0.1641304251557349,0.1012063795934112
Fxr2,20307.0,-0.0031337641142865,0.2801079191909164,0.0,0.0,0.0,0.0,0.000715377616,-0.000354887136,17.135929365688643,0.0007037184806968,0.0220804410855137,0.048300051835255,-0.0262196107497412,0.0175073506771339,0.0011399568437815,-0.0517124326842522,0.1543347030347651,0.1303080163010944,0.1032592474663457,-0.176485542982432,0.1820204489853466
Gm6994,27385.0,0.0,0.415037499274836,0.0,0.0,0.0,0.43740531222869,0.0003230571804854,-3.282778058252426e-05,18.256399757104955,0.0007585681598653,0.0301093934960327,0.0197491384261683,0.0103602550698644,0.1296833487342287,0.1194571389551768,0.085164317178727,0.2523790261025492,0.0465047787373189,-0.2921261943247826,-0.224758916467378,-0.0386595384414081
Shkbp1,13886.0,0.1633240849325954,-0.146841388328772,0.0028111473052423,0.0,0.0,0.0,0.0010114830285714,-0.0007215361,16.403976677795406,0.0010295068142549,0.0032622913781133,0.0315280253771335,-0.0282657339990201,-0.028989674645347,-0.0311444552558324,-0.0880967135523709,0.2490056771181619,0.1646696946478354,0.0933214761276604,-0.3326596501238872,0.2527664082002064
Bche,72607.0,-0.3707341544865778,0.0,0.1162182176292394,0.0,0.0,0.0,0.0005475493164285,-0.000414750405,20.973808191839414,0.0004457560068949,-0.0114574739781513,-0.0096340100916411,-0.0018234638865102,0.1012777025816649,0.0849542013504732,0.0964659656475376,-0.169567067522914,-0.169567067522914,-0.2660330331704517,0.0964659656475376,-0.2660330331704517
Pde1c,499299.0,0.0,0.0,0.0,0.028310177642168,-0.1582994025728512,0.0,0.0003703178882812,-6.590947031249999e-05,17.21196428353723,0.0007937252399451,-0.0103196512522337,-0.0133902122281578,0.003070560975924,-0.0244023816337763,-0.0452940223601465,0.0783336104166231,0.5072175043961277,-0.2421185927594686,-0.7627896687655376,-0.5796800632097325,-0.3204522031760918
Pde11a,349633.0,-0.2738202046596143,0.0,0.0,0.1800397587329237,0.6234134525250945,0.8744691176429034,0.0011087242987029,-2.0177670083681965e-06,16.843529277484507,0.0010979208693321,-0.008071691757178,-0.0090844131113885,0.0010127213542105,-0.0821419498508407,-0.1020700999332137,-0.1399330552154263,1.0355247880569916,0.1564539157311701,-0.2242568583996594,-0.6068146942076518,0.2963869709465964
Matk,10430.0,0.2014590388272665,-0.443606651474087,0.0938372341505046,0.0,0.0,0.0,0.0,0.0,0.0,0.0,0.0916393549847049,0.104081806855352,-0.012442451870647,-0.0665451146475466,-0.0484822904308486,-0.0628170818121839,0.327857449606415,0.130858527594858,-0.069382260525761,-0.2116520026225488,0.193675609407042
Tbc1d5,446228.0,0.0,0.0,0.0,0.0,0.0,0.3219280948217855,0.0003141830454576,-5.506463822033897e-05,18.875166952609447,0.0007403586968873,-0.0041113221928364,-0.0034556844353455,-0.0006556377574909,-0.0128669008963185,-0.007544688953627,0.042607013810033,0.5644302520135962,-0.0059704156421702,-0.5083580925488569,-0.405817535799747,-0.0485774294522033
Rit2,343801.0,-0.341507417908637,1.3219280948440812,0.1100638008486318,0.0,0.0,0.4930400112027794,0.0005482957404371,0.0001132411262295,16.98977392836549,0.0008476751015182,-0.0173679468947824,-0.0289173713547965,0.011549424460014,-0.0652810882216331,-0.0705166461630447,-0.0344826310687575,0.8104582324558061,-0.1349009949831034,-0.8809483820100092,-0.5458810159014863,-0.1004183639143459
Mpdz,164315.0,0.0,0.0,0.0,0.0,0.0,0.0,-1.40494888235294e-05,-4.821973529411759e-06,20.22879677423931,0.0005574660845813,-0.022110410947646,-0.0222445182770105,0.0001341073293645,-0.1703540399092243,-0.1704111978357327,-0.1029776873224369,0.573419035277289,0.0335676707585232,-0.2773628416518447,-0.5763692909880278,0.1365453580809602
Arpc5,9055.0,0.0538665080444458,-0.0588936890533284,0.1129409460736743,0.907698199923401,-0.3486364447921039,0.0,0.0011919556607142,-0.0004407147123809,18.160262966832743,0.0011118363663921,0.0722717503633134,0.1507472169558881,-0.0784754665925746,0.0253163426635428,0.0014696839140301,-0.0748576331304901,-0.090674388598297,-0.2341397016863915,-0.3486364447921039,-0.2835627655581794,-0.1592820685559014
Cs,24745.0,0.1188911983386535,0.3344190390692612,0.0896184415114383,0.0,0.0,0.0,0.0017518925785714,-0.0012314037071428,16.575428357904737,0.0014716111867671,0.0275393854783709,0.0433235612187972,-0.0157841757404262,0.0240816725083707,-0.0163773235711761,-0.0814435937501411,0.2944430856868471,0.1102334737583986,-0.0200844800035104,-0.1631749188451098,0.1916770675085397
Ly6h,15987.0,0.4196497576292608,0.2223924213353028,0.3916616153413794,0.46505228398459,-0.2277298953658157,0.0,0.0,0.0,0.0,0.0,-0.015118490604723,0.0130468032070889,-0.0281652938118119,-0.0782278776180325,-0.0678509982009843,-0.1906437223127581,0.4416291628201435,0.1122741906605837,-0.2277298953658157,-0.6674199861563003,0.3029179129733418
Pcdh7,415263.0,-0.4989715202024838,-0.3219280948801484,0.0,0.0030056319818326,-0.2731377749016555,0.0,0.0001273090352066,6.660897876033058e-05,20.65572600537701,0.0004180036093994,-0.0158807732100882,-0.0035136467176358,-0.0123671264924524,-0.1170626198132253,-0.1126585150986018,-0.1346447535087291,0.402865545449421,-0.3470932814392954,-0.6714387701299418,-0.5540911268192354,-0.2124485279305663
Ankrd6,146806.0,-0.1102581667774975,0.0,0.1024480381779562,0.0,0.0,0.0,0.0004890299729729,6.958569864864864e-05,16.363638813756186,0.0011716793135763,-0.0009628974650832,0.0051499021496921,-0.0061127996147754,-0.0292199535018612,-0.0361765894223106,0.0019512862999199,0.5792402740603932,0.0837670116180172,-0.3703142204114416,-0.3594919128403857,0.0818157253180973
Ak5,205545.0,-0.1254650640840529,0.0,0.0479781279229097,0.0,0.0,0.0,0.0016843356199999,-0.0003405114729411,15.964313294818226,0.0010107302015517,-0.0219273718980546,-0.0299253089181582,0.0079979370201035,-0.2540971045818745,-0.2056089200617226,-0.166895500059206,1.042188518372242,0.1440000693736137,-0.1723488394684095,-0.5864954288911729,0.3108955694328197
Magi3,207115.0,0.0,0.0,0.0,0.0,0.0,0.0,0.0012205477666666,3.574506666666659e-05,18.116642498768307,0.0008478744977994,-3.137094060440618e-05,0.0102660011463987,-0.0102973720870031,-0.130918817975983,-0.1157856574685665,-0.0206890295522917,0.467840278972945,0.0747895410699037,-0.5034758711804086,-0.5509342436004799,0.0954785706221955
Rps8,2416.0,0.0,0.0,0.0,0.0,0.0,0.0,0.0011675725095238,-0.0001945195714285,17.582947916443693,0.0010736193835851,0.0230370647743065,0.0512729411348256,-0.028235876360519,-0.0342473161463195,0.0211504470001701,-0.0440291494648077,0.0625696113523912,0.0616037013331507,0.0978354496634583,-0.0508606405800673,0.1056328507979584
Prnp,28501.0,0.2531500894616099,0.3479233034189022,0.0631705197214729,0.0,0.0,0.0,0.0,0.0,0.0,0.0,0.0135401581797072,0.0578224562987501,-0.0442822981190429,0.0630090180228903,-0.0179555788678287,-0.1359769971901364,0.1500531763596944,-0.0365193793349555,-0.3070652081430092,-0.4602973249664033,0.0994576178551809
Dpy19l1,91364.0,0.0,0.0,0.0,0.0,0.0,-0.9999999997114608,0.0011377317333333,-0.0004641594999999,17.17423005533207,0.0011902342600005,-0.0076147783746816,-0.0084125163753546,0.0007977380006729,-0.1840117908687262,-0.2060113695596798,-0.1528648390340589,0.6405332311240277,0.049605287297277,-0.4223111775497841,-0.6457216022737935,0.2024701263313359
Prkcb,345651.0,0.0,0.0,0.0,0.0,0.0,0.5178555395110266,0.0014329046432432,-0.0003661723820945,16.59721116991592,0.00122517546607,0.0823029218794941,0.1060263520307724,-0.0237234301512783,0.198910413086137,0.1471801852881787,-0.0144201002307769,0.501683281779656,0.1286014552858693,-0.3482229903082845,-0.5718600825491404,0.1430215555166463
Cdh8,392000.0,0.0,0.0,0.0,0.2215770202020202,0.0066620277529799,0.0,0.0001464489422242,6.221685547794119e-05,19.62193731583841,0.000619619675036,0.0228325673194508,0.0277030020233322,-0.0048704347038814,0.137130666387755,0.1438969619501306,0.1048374192764867,0.2977845927529615,-0.1777495403837179,-0.988161524280267,-0.4578248392890623,-0.2825869596602047
Cdc26,24988.0,-0.0260472386443355,-0.3219280948801484,0.1068377174074807,0.1292948806402649,0.4792494306017179,0.0,0.0,0.0,0.0,0.0,-0.0049115169390895,0.0124756197149511,-0.0173871366540407,-0.0039620826934891,-0.0139471327820395,-0.0181574049882103,0.3759729711668375,0.0622077114470914,-0.2555560472002653,-0.1520164097953651,0.0803651164353017
Stt3b,67840.0,0.0,0.0,0.0,0.0,0.0,0.0,0.0003569574888888,0.0006303751814814,18.185453982592133,0.0006102107842645,0.0372088074029138,0.0703999359630422,-0.0331911285601283,0.0825991389767322,0.0960291309799766,0.1909836688025365,0.6311345331429512,0.128985766481477,-0.4644288493358244,-0.3609633000334603,-0.0619979023210595
Rbbp4,28270.0,0.1261270924545927,0.3479233034174966,0.0,0.0,0.0,0.0,0.0012842911722222,-1.7197438888888867e-05,17.022867303299957,0.0017470102884968,-0.0211334477765177,0.0329032962606642,-0.054036744037182,0.0371318460427901,0.0168531139436994,-0.0444185095653651,0.413762369376962,0.1038084636128875,0.0213381317547942,-0.1032864270180295,0.1482269731782526
Daam1,161255.0,0.0,0.0,0.0,0.0,0.0,0.0,0.0012607599,-3.673400925925931e-05,16.050696944273394,0.0010791797384617,0.0002475293204193,-0.0011579959924469,0.0014055253128663,-0.0888820902967046,-0.0493903298154272,-0.1076411646821244,0.5398664756097906,0.0031176720820724,-0.4150741669554776,-0.5998438441456309,0.1107588367641968
Arhgef26,123877.0,-0.3758435755847102,0.6214883767423856,0.0254633635790932,0.0,0.0,0.754887501979792,0.0002020701333333,0.0001647556166666,18.097062310498885,0.0007811225711361,-0.0083161573715803,-0.0051081264394207,-0.0032080309321595,-0.1220640513571113,-0.1007814104231664,-0.01576328264868,0.3070019901391148,-0.0210059087523779,-0.4916906861926197,-0.3888526971756171,-0.0052426261036979
Gm20629,99474.0,0.0,0.0,0.0,0.0,0.0,0.0,0.0,0.0,0.0,0.0,-0.0196153399964157,-0.0270708496066679,0.0074555096102522,-0.0443901527030328,0.0685267810359209,0.6077857659021046,0.4855845730213253,0.4855845730213253,-0.1222011928807793,0.6077857659021046,-0.1222011928807793
Cox8a,2463.0,0.0,0.0,0.0,0.0,0.0,0.0,0.0020055413882352,-0.0012744703529411,17.076766867325713,0.0014736354403685,-0.020510580869301,0.0274359282783661,-0.0479465091476671,-0.0353732142711118,0.0026932622392156,-0.0947679385784205,0.2266984790550177,0.1146433167300213,0.0598750641453253,-0.1322489674165408,0.2094112553084419
Sec14l1,44100.0,0.2006009977739591,0.0,0.0,0.0,0.0,0.3799379289868531,0.0025918641937499,0.0002799442625,15.793212292500542,0.0022480861212396,0.1211184054762902,0.1838602619346034,-0.0627418564583132,0.1029930507029356,0.1065941683141887,0.0291934995526921,0.3296862438139198,0.1604777100653156,-0.0372288379368104,-0.2106530592834508,0.1312842105126234
Adprm,14689.0,0.2359783698625155,-0.440572591383269,0.0,0.0,0.0,0.0,1.2463333333333042e-05,0.0002844477833333,17.649239794253944,0.0004653814815976,0.0020870318477116,-0.0099963780111927,0.0120834098589043,-0.0013896794275789,0.0414199057814768,-0.0313302475711115,0.1226563704243539,0.1082506524487924,0.06273416085213,-0.0937712687633238,0.1395809000199039
Brk1,12179.0,-0.015215294244931,0.4005379295823292,0.0759626305200089,0.0,0.0,0.5849625005946039,0.0017922933318181,0.0002748604818181,16.692316856794342,0.0011522379591919,0.0889804609962885,0.1049607973294459,-0.0159803363331574,-0.0283334674606623,-0.0139825798724271,-0.0896447947923653,0.0836137677211787,-0.0554461147024816,-0.174788634885342,-0.1717248235688937,0.0341986800898837
Rnf112,5689.0,0.3063511128552405,0.9198296513141786,0.1683916048098472,0.0,0.0,0.0,0.0,0.0,0.0,0.0,0.0413062471760858,0.1247119986898149,-0.083405751513729,-0.0166175385712255,-0.0271578075558167,-0.0407441960129631,0.3390539723914207,0.1388387430028299,0.0295630898862611,-0.1316597515461381,0.1795829390157931
Sppl3,87653.0,0.3281622141886138,0.6629650127179998,0.1817779306508276,0.0,0.0,0.5655971756670646,0.0007162983782608,-0.0002875023391304,15.992880252411366,0.0008325857813381,0.034943203324985,0.0551137118774377,-0.0201705085524527,0.0671304731294824,0.0730715266906089,-0.0610954451767023,0.7170098889272827,0.1565936658484059,-0.410962423829134,-0.416821309153796,0.2176891110251083
Uqcr11,3833.0,0.0,0.0,0.0,0.0,0.0,0.0,0.0005212219666666,-0.0005494582749999,17.29105262963371,0.0016147354569368,-0.0022330558870483,0.0254162946226678,-0.0276493505097161,-0.0442424936686179,0.0031534754275479,0.0490666960320698,0.2925633524663186,0.2592147643381767,0.2053265016322776,0.0108965412300987,0.2101480683061068
Gm12339,30473.0,0.1784459819074615,0.0962153152589824,0.0,0.0,0.0,0.2630344057900757,0.0013748257571428,-0.0005864504428571,17.309869362199,0.001338904819946,0.0034323596606207,0.0824686598418673,-0.0790363001812465,-0.0118082122309336,-0.002320781923864,-0.0302439181235794,0.6041158325416327,0.2784275532019238,0.019271233060249,-0.3802638559796684,0.3086714713255034
Sgcd,1092716.0,0.0,0.0,0.0,0.92839805382615,-0.0139307397408929,0.5166792983322404,0.0001867023494801,8.242712836633662e-05,18.140983538850925,0.0006068339648158,-0.015800777180029,-0.0205111076715693,0.0047103304915402,-0.0950935278059114,-0.0966538451655002,0.0079001990509082,0.7073882058885873,-0.052191373429215,-0.7633719354739676,-0.4490546295994158,-0.0600915724801233
Srgap1,266324.0,0.0,0.0,0.0,0.8067855610304672,-0.2616557982568155,0.6841418649641389,0.0003937786906666,-0.0004634025066666,17.30218954726422,0.0008552585549536,0.0116409895007154,0.0127148461952155,-0.0010738566945001,0.0321479048403995,0.0228054577391484,-0.0836088584048627,0.2145246141359782,-0.3305260193237596,-0.7209694930105659,-0.6150645810094109,-0.2469171609188968
Rpl36a,2408.0,-0.1124435206393601,0.1699250014403088,0.1319940763312642,0.264669163545568,-0.5130584485009884,0.0,0.0,0.0,0.0,0.0,0.004780116437805,0.0056862696297008,-0.0009061531918958,-0.0312277696030296,0.0072236846379219,-0.0343127949416595,-0.5473712434426479,-0.5473712434426479,-0.5130584485009884,-0.0343127949416595,-0.5130584485009884
Asxl1,58178.0,0.0,0.0,0.0,0.6278112029857469,0.522318152492304,0.0,0.0012597013391304,0.0001549186260869,15.41374594021492,0.0013466480257872,0.0011637360742494,0.0156580518068066,-0.0144943157325572,-0.0200808762268013,0.0084618238651216,-0.1058927344083366,0.7139264898995111,0.1987754843426381,-0.0620638388629464,-0.1789654663046486,0.3046682187509747
Mif,0.0,0.0394400153199252,-1.1926450779308029,0.1224803200499501,0.0,0.0,0.0,0.0013016497391304,-2.4580795652173936e-05,17.49304700761493,0.0013475703239082,0.0,0.0,0.0,0.0,0.0,-0.0288933888536214,0.0942511986990447,-0.0572111275215676,-0.1499316385332758,-0.1181877332143429,-0.0283177386679462
Appl1,52244.0,-0.0807539083213875,1.584962500673066,0.0,0.0,0.0,0.9796790072154692,0.0,0.0,0.0,0.0,0.0364690441126246,0.0617642453996892,-0.0252952012870646,0.0721407265060002,-0.0515559475600607,-0.0066702071210777,0.2837166790727363,-0.1221368906921144,-0.4620511957004843,-0.5935514883576221,-0.1154666835710366
Bptf,99046.0,-0.1337771696511271,0.5849625007131416,0.0,0.0,0.0,0.15200309341299,1.3697922222222214e-05,-0.0010276662888888,18.23932400774541,0.0004472020979109,0.0087570318587455,0.0182101887760524,-0.0094531569173069,-0.0412100597189527,-0.0675623392287512,-0.0449408649251478,0.8016880229980463,0.2246306269485708,-0.1585016302004791,-0.5192253839168597,0.2695714918737187
Hspa8,9103.0,0.0,0.0,0.0,0.0,0.0,0.0,0.0009127010111111,-0.0002820634888888,18.29535505492386,0.0015228806864534,0.0266354707559224,0.0321596231973981,-0.0055241524414757,-0.0871220487224301,-0.0462941386048417,-0.009434330585727,0.1578136577263431,-0.0726884912108316,-0.2271140438882815,-0.1108927383059819,-0.0632541606251046
Arhgap5,68003.0,-0.1151462137359864,0.415037499274836,0.131490797343348,0.0,0.0,0.0,0.0,0.0,0.0,0.0,-0.0382081094376827,0.0082074503033435,-0.0464155597410263,-0.3201113145461058,-0.2574691148232728,-0.3654638691981909,-0.3537132414364329,-0.5813137700386266,-0.6685020731162026,-0.5905155128717643,-0.2158499008404356
Fndc3a,172057.0,0.0,0.0,0.0,0.0,0.0,0.0,0.0001140044490654,7.957643719626167e-05,19.152108528081538,0.0007062391380938,0.0073841030538706,0.0096968247662426,-0.0023127217123719,0.076614826531389,0.017414865640989,0.1045249986143881,0.2460570544277308,-0.1395206520359926,-0.4371765270852806,-0.0843572932684622,-0.2440456506503807
Gnal,138576.0,-0.1976607646538495,0.0,0.0,0.0,0.0,0.2903710169685599,0.0014755850864864,-0.00016127339009,15.641747160387617,0.0018052203997876,-0.0052498647353809,0.0219203500800624,-0.0271702148154434,-0.2158946144742712,-0.1591708714092854,-0.067609818312664,0.4287519778297204,0.1865215060958007,-0.2236464564460285,-0.514642971248127,0.2541313244084647
Rsf1os1,46763.0,0.1657678501990651,0.4150374992728327,0.0,0.0,0.0,0.0,0.0028030471809523,-0.0004968266190476,15.564482786137464,0.0018507201771107,-0.0065686194983291,-0.0057676895795874,-0.0008009299187417,-0.0339967882577962,0.0301991088860381,0.011679650037464,0.3490380609329112,0.1228259093732837,-0.4638116535682524,-0.5151842186658987,0.1111462593358197
Actr3b,90691.0,0.0,0.0,0.0,0.4631617997774127,-0.4387056158055225,0.4924132790043444,0.0007236244698224,-0.0001875011265088,17.72418109269368,0.0010681668146854,0.1854355008765577,0.2182392512139568,-0.032803750337399,0.2485480254445982,0.1654843500287575,0.0831642415084004,0.4126144122634204,-0.1056733277061679,-0.5263426001531621,-0.3515722495244298,-0.1888375692145684
Plp1,17062.0,-0.1222011928862589,0.8073549220421463,0.1081609595043888,0.0,0.0,0.0,0.0,0.0,0.0,0.0,-0.0078917769200882,-0.0080986496572439,0.0002068727371556,-0.0548893675088089,-0.0036808964491672,0.0,0.0,0.0,0.0,0.0,0.0
Ube4b,98333.0,-0.0541013463704906,0.9068905956001028,0.0,0.0,0.0,0.0,0.0011271403965034,-0.0006543438426573,16.66640483679283,0.0016664610570537,0.0222098916480082,0.0300101789728935,-0.0078002873248852,-0.076469991756515,-0.0698794979829506,-0.0030053103978622,0.7292621497882154,0.2970857772711388,-0.0904923331488698,-0.3820975131214705,0.300091087669001
Jdp2,40851.0,-0.024562130018495,0.6780719051018176,0.0617094873739857,0.0,0.0,0.0,0.002002591376923,-0.0009830824384615,16.838098703162885,0.0015498919971237,0.0388449138197792,0.0696605303112837,-0.0308156164915044,0.0622207148581028,0.0456618339998702,0.1389994097121949,0.4665038314474402,0.0796457434007145,-0.3934161416032391,-0.1326943123908577,-0.0593536663114803
Mrps9,54450.0,-0.0957591413334366,-0.2801079191909164,0.0769548526460903,0.0,0.0,0.8577162160019457,0.0007121897735555,2.6275214444444057e-06,18.9347687388631,0.0011466383857457,0.0341235755498016,0.0434990813298669,-0.0093755057800652,0.0918564828820759,0.0684313320800874,0.0965639998337079,0.6346265902031146,-0.0178207547724396,-0.3547608366827708,-0.3073434615137653,-0.1143847546061475
Arfgef2,92464.0,0.1650335355220575,1.1154772174069891,0.1560352109077269,0.5347124315806933,0.4714953054060593,0.3585736543881477,0.0,0.0,0.0,0.0,0.0181100094528763,0.023275032220494,-0.0051650227676177,0.0057555451782953,0.041279730119855,0.0520365154061282,0.9665286956777815,0.3344784704037032,-0.1636463117115538,-0.4017489148612754,0.2824419549975749
Hunk,113540.0,0.008226365995211,-0.2630344058313891,0.1258042915521912,0.8855628392912015,-0.9041313470144918,0.5668764532191383,0.0008735895116279,0.0001583345767441,18.095438640591208,0.0011993439753506,0.1742082905203242,0.1991728714075101,-0.0249645808871859,0.3376260023904467,0.2823060912076926,0.1295973930075556,0.3335126503580999,-0.0353854329230639,-0.9041313470144918,-0.2736712222541839,-0.1649828259306196
Sec23a,53634.0,-0.1653662662773358,-0.1255308820827658,0.1138600317774202,0.9614810702016172,-0.552117283515555,0.0,0.0,0.0,0.0,0.0,-0.0032880477585222,0.0221548554184774,-0.0254429031769996,0.0203003934650616,0.0103427194091008,-0.1220694917910417,0.1029425496830764,-0.2553672895928062,-0.6383018354339209,-0.3984803784456761,-0.1332977978017645
Rpl15,3568.0,-0.0062861981828641,0.1926450779398196,0.0898492224758209,0.0,0.0,0.0,0.0,0.0,0.0,0.0,0.0359349586026327,0.0613396935889574,-0.0254047349863246,-0.061830900285865,-0.0323507561464523,0.0016227587905828,0.1083600059237213,-0.0903445641125052,-0.3110325479729923,-0.0596001256426408,-0.0919673229030881
Gm13269,26652.0,0.0,0.0,0.0,0.0,0.0,0.0,0.0003685461999999,-0.0002305486249999,19.17592154321909,0.0003208918791991,-0.0222520257092466,-0.0075310902133998,-0.0147209354958467,-0.0388784046067918,-0.0707253359734304,-0.0725449768327338,0.072353084453085,-0.1054818057412675,-0.3187241954248541,-0.1862532360553268,-0.0329368289085337
Sntb2,83964.0,-0.0720237912034851,-0.415037499274836,0.0550234726407369,0.7095594478542491,0.4849126604922891,0.0,0.0017609792666666,0.0003862440549999,15.61725199313566,0.0009725046434688,-0.0073425615001272,-0.0103444994677446,0.0030019379676173,-0.0857432763217409,-0.1120301998639571,-0.0908324595051819,0.3736644177086533,0.0782132780911948,-0.4349609724375578,-0.5123549524794493,0.1690457375963768
Nfatc3,71697.0,0.0487414758674615,0.2801079191909164,0.0758396334776487,0.0,0.0,0.0,0.0010947693732142,-0.0003017135607142,16.547349414474755,0.001141306728085,0.0188620823314606,0.0166435453144093,0.0022185370170512,0.0983883537070317,0.0408988112272088,-0.1058561477393423,0.7535731690005969,-0.1054117345909035,-0.4768820006093528,-0.3920570690715981,0.0004444131484387
Slc12a5,38929.0,0.3665658180345428,-0.440572591383269,0.099085745406032,0.0,0.0,0.3899465181981889,0.0009194281218181,-0.0004305204836363,16.606473052143638,0.0011540654480059,0.0757188123286621,0.1118425689824947,-0.0361237566538326,0.0839297061810073,0.0328341825500635,-0.0212129484001998,0.5842504836657085,0.2623913724172459,-0.031988503070321,-0.2141219117230914,0.2836043208174458
Senp1,55000.0,0.2597646473352286,0.5235619560542686,0.0,0.0,0.0,0.6966078563595406,0.0016905973246575,-0.0004232017232876,17.028454686469473,0.0018358712101532,0.0079882341426525,0.0151592765986256,-0.0071710424559731,-0.0409880505663391,-0.0583564226649276,-0.0931895112790044,0.4212356163027241,0.197898288777455,-0.0059785892271295,-0.4979642301044095,0.2910878000564595
Sf3b5,3840.0,0.0699909906693396,0.4150374992668215,0.0,0.0,0.0,0.0,0.000371074425,-0.00054495996,18.21424363004993,0.0008422119979765,-0.0199675320096398,-0.0167043181463766,-0.0032632138632631,-0.0622463144895401,-0.0012939689792738,0.0037197015880938,-0.269119096180699,-0.3332397616989478,-0.4083455388459445,-0.00354570845256,-0.3369594632870417
Ccdc93,75411.0,-0.1603465227281706,0.3833286395500419,0.0672925182941959,0.0871163944541688,0.0407263581516814,0.0,0.0008927606704504,-0.0001140283667567,17.519337132611252,0.0009115223933035,0.0029277359282865,-0.0051007913842562,0.0080285273125428,-0.1064806828496676,-0.1268850005679226,0.011153493157168,0.7278166438826412,-0.0406602744527229,-0.4439512871511888,-0.6289367556600352,-0.051813767609891
Gm13619,8211.0,-0.2711183064593738,-0.7776075786549645,0.0860906870110803,0.0,0.0,0.0,-0.0003279347,0.0009249890999999,17.41503199582352,0.0,0.0353088983756069,0.0807874162218343,-0.0454785178462273,0.0239064317169431,-0.0236654057509662,0.136574924524034,0.4224112472758643,0.0144492965259561,-0.3802345206721562,-0.1804535479732891,-0.1221256279980778
Brip1os,103073.0,0.2725079006800639,-0.3625700793801285,0.0,0.0,0.0,0.0,0.001080420916,-0.0002556957176,17.54599975799707,0.0009656299560027,-0.0040467697645149,0.0133305950436164,-0.0173773648081314,-0.0221279314212129,0.0178145841262593,0.0621146855474135,0.4072707246548503,0.0595192545100289,-0.4009662751244494,-0.3957287181686508,-0.0025954310373845
Cog4,35627.0,0.1084649623903404,0.2630344058321907,0.1044203529030059,0.0,0.0,0.0,0.0011278744681034,-0.0002750924336206,17.19832114696314,0.0013297026473622,-0.0010558175304443,-0.0049148147932681,0.0038589972628238,0.0605431192084915,0.0503969155850787,-0.2061353041614308,0.4721356995119761,0.0325018637539847,0.0738944847276115,-0.6150645810346388,0.2386371679154155
Zfp523,28757.0,0.3105400790133408,-0.3479233034174966,0.091280955187834,0.0,0.0,0.0,0.0005496627274193,0.0001056950032258,17.490522806753148,0.0011839149634525,0.0192063302892223,0.0268604437989832,-0.0076541135097609,-0.0460926344990422,0.006270962757069,-0.04139173299512,0.6208661977489475,0.3146728792729716,0.2369892060169061,-0.1820243392820204,0.3560646122680915
Srcin1,66846.0,0.0,0.0,0.0,0.0,0.0,1.4150374982769724,0.000794909240909,0.000230574290909,15.935229455993552,0.001445758015183,0.0349695044830652,0.0804594707796124,-0.0454899662965472,0.0140650186221853,0.0003213558846422,-0.0208223662435362,0.4916494796425179,0.2651288519670117,-0.083086860860428,-0.2374283072218701,0.2859512182105479
Rpl6,4760.0,0.2777717936441228,-0.0565835283661453,0.0754531554838145,0.0,0.0,0.6338721010252206,0.0013892240294117,-9.570202941176462e-05,17.43019983483386,0.0008873941840755,0.0251655796048729,0.0721488444875198,-0.0469832648826469,0.0118236179217017,-0.0504045329114324,-0.0780809003124745,0.1004831524156943,0.0999288145414531,0.1588139020809946,-0.0967223752111663,0.1780097148539277
Lrrk2,142945.0,0.0,0.0,0.0,0.0,0.0,0.0,0.00104718308,-0.00062899564,18.64397054022226,0.0003083847475602,-0.0058914853404847,-0.0161514455969437,0.010259960256459,-0.0978512778755738,-0.0799884024221745,-0.0026476577311833,0.8049200490494861,0.192308085761087,-0.2262510631049357,-0.3232329109501115,0.1949557434922704
Fam49a,118826.0,0.0,0.0,0.0,0.8140331585180173,-0.6092805361604596,0.9400059403081452,0.0009130714144927,-0.0002021034268115,18.254877060424796,0.0014156521358048,0.1076362089871144,0.1300481511754587,-0.0224119421883443,0.1309943065855539,0.0818095435543755,0.0395950260672855,0.2806372861527223,-0.1679503089073488,-0.7157349558773896,-0.2747587381890737,-0.2075453349746343
Gm15414,32417.0,0.1653699005560138,-0.2223924213347308,0.1004163417331741,0.0,0.0,0.0,0.0004831948,-9.616600000000256e-06,18.58546872881957,0.0,-0.0138980205549089,-0.0348968045324114,0.0209987839775024,-0.1441789722570204,-0.0516913968134695,-0.1455430951110769,0.3412455932617479,0.1696538192159906,0.1216609036636757,-0.3802638559541499,0.3151969143270676
Caskin1,20070.0,0.1556380143837814,0.1699250014413102,0.0,0.3575159605339524,0.4729614357890845,0.0,0.0003927714714285,5.545151904761934e-05,17.08117842571341,0.0016436806958949,-0.0211284698171316,0.0150530017517376,-0.0361814715688693,-0.0548220662020944,-0.0550812559375757,-0.1213333107524802,0.454076429363337,0.2820988084043477,0.223202118542459,-0.3571071132291039,0.403432119156828
Cdc40,51690.0,-0.0773344229941987,0.1768777620833557,0.0509593467438524,0.9658663112199868,-0.3895613733021186,0.0,0.001677283488,-0.000161967632,16.961997298880423,0.000971137717791,0.0737440319647884,0.0937862888809597,-0.0200422569161713,0.1065037606124383,0.0627562356124681,0.0314380594821088,0.3869591546419098,-0.1376362891523079,-0.4790689129055083,-0.2814653797303617,-0.1690743486344168
Xndc1,18254.0,0.2973506900679998,-0.5849625007131416,0.0783730892425505,0.0,0.0,0.6014506233401293,0.0011400301933333,-0.0009425378,17.39047448180837,0.0006656013646609,0.0007332079729604,-0.0120440766550462,0.0127772846280066,-0.0323482606610668,-0.0499624954805804,0.0661108461418994,0.5786939774053828,0.2828184900344634,0.0696308927537083,-0.1166818760591557,0.2167076438925639
Gm15810,5566.0,0.0962621083605546,0.4594316186348379,0.1836851279444935,0.0,0.0,0.0,0.0011299063578947,1.7319510526315682e-05,17.336987093479163,0.0008041224957933,0.0587631118560464,0.0862350108918765,-0.02747189903583,0.0460539726402262,0.0317774752465273,-0.0551850292704911,0.0945648621505046,-0.1070117620895712,-0.1363510236625802,-0.1722373626670668,-0.05182673281908
Nos1,177808.0,0.0,0.0,0.0,0.6258459473730529,0.581348633700044,0.0,0.0005623260430851,4.9260596276595664e-05,17.064330784681644,0.0012132224678952,-0.0111697256837551,-0.0088839951802147,-0.0022857305035404,-0.0716170236211227,-0.0419712267139974,-0.0618898277608519,0.7526141580914001,0.3044335101972816,-0.1962535348421622,-0.5524496797823963,0.3663233379581335
Porcn,12677.0,0.1121741103539522,0.4150374992728327,0.1449760337137564,0.0,0.0,0.8336364267694156,0.0,0.0,0.0,0.0,0.019908157205911,0.0337846277906324,-0.0138764705847214,-0.0432452587125882,-0.0324042178785088,0.0,0.0,0.0,0.0,0.0,0.0
Svop,64660.0,0.2200505371450676,0.6780719051072275,0.0,0.0,0.0,0.6057210606728933,0.0008406163584444,-0.000605722448,17.481261503893762,0.0016200184946516,0.0193386987953293,0.0238618404449641,-0.0045231416496347,0.0306657733884874,-0.0006237249367678,-0.1184157707859492,0.4908755072055166,0.2685835425071168,-0.005873078930924,-0.3854163437635333,0.3869993132930659
Maml2,411431.0,-0.1608410097323629,-0.4474589769677237,0.0946808428232949,0.0,0.0,0.9836955244718772,0.000664082201081,-0.0002072446372972,20.180550288614857,0.0010979598132346,-0.0056352406801261,-0.0040100519951872,-0.0016251886849389,-0.0766962811825662,-0.0696077006875124,-0.0655898282513522,0.2915256022760326,-0.1534103588878978,-0.3894553493860594,-0.4759721859958307,-0.0878205306365456
Rfx7,90697.0,0.130573510796685,0.9999999999948476,0.1816582507443729,0.0,0.0,0.0,0.0023178660210526,0.0001714319526315,15.418329391716318,0.0015019316482177,-0.0100166423160105,-0.005448787682219,-0.0045678546337914,-0.0642864858322818,-0.063542557478139,0.0200699455123128,0.9725149905952412,0.1237709364551937,-0.3105047235773535,-0.3830570708517623,0.1037009909428809
Camsap1,56444.0,0.1454284465154263,0.5025003405256472,0.0,0.0,0.0,0.0,0.0009548513436363,4.2160581818181865e-05,16.80665185739112,0.0010352488761775,0.0279487041114561,0.0426160917304686,-0.0146673876190124,0.0242456987120629,0.0211758490892834,-0.0767129111018036,0.7586845828840613,0.2973473057581899,-0.1120497372207496,-0.3880994299767239,0.3740602168599936
Prepl,26771.0,-0.0024647898365905,0.7369655941469699,0.1780115527518807,0.0,0.0,0.0,0.0011252284792857,-2.7798207857142797e-05,18.079805145977677,0.0010675103994577,0.032506106627276,0.0490636801360288,-0.0165575735087527,-0.0092792100626752,-0.0067442239296315,-0.0660365710899458,0.2949925791287032,-0.0091800265852731,-0.1495870806832164,-0.4244859084463935,0.0568565445046726
Ano4,395768.0,0.0,0.0,0.0,0.0766319465289868,-1.1256650481547936,0.1958487557570504,0.0010090027552795,-0.0002259085993788,16.060410798470183,0.0011150146216053,0.0213201874017783,0.0204393563494546,0.0008808310523236,0.1594934481508958,0.1442504053153352,0.0471085779111935,0.5340566030292839,-0.075883175357429,-1.1256650481547936,-0.6133682904066171,-0.1229917532686225
Rttn,159226.0,-0.336434893483307,0.0,0.1346358914498262,0.0,0.0,0.0,0.0,0.0,0.0,0.0,-0.0144287262494579,-0.0299964603186796,0.0155677340692217,-0.0773972240676018,-0.0952517293790977,0.0750448743102133,0.3168108986582203,-0.1904450260045573,-0.8066993671275531,-0.1271265347847339,-0.2654899003147706
Celf3,13903.0,0.0886204333033688,-0.7776075786549645,0.1647869753665082,0.9513880889298468,-0.3383672251775669,0.0,0.0006039920285714,-0.0004145095285714,17.81624911222252,0.0008183282338328,0.0611528364807636,0.1522196976784295,-0.0910668611976659,0.0142949648477757,-0.0178892681033828,-0.0586876657650123,0.301536179485005,-0.0926209735435167,-0.3383672251775669,-0.134597604278956,-0.0339333077785043
Atp5h,4273.0,0.4043297942041262,0.0430687218917578,0.2723221696749469,0.0,0.0,0.0,0.0031433440142857,0.0001576497357142,16.268401423352692,0.0010924102895794,0.0565241971707414,0.0832920485177054,-0.026767851346964,0.0296801236420388,0.0238683935935377,-0.0447764673196794,0.1503292638244395,0.0801173538147688,0.0447337365989257,-0.0991227422718301,0.1248938211344482
Cbx5,48272.0,-0.0640279939226724,0.2995602818568268,0.0075105588176328,0.4899181205999388,0.3340906872370284,0.0,0.0004744727652173,-0.0002106368782608,17.98338216531585,0.0014759716031514,-0.0207347378910283,0.0057017530459075,-0.0264364909369358,-0.0528545781383434,-0.0926599969187584,-0.048596135474851,0.3068871853088614,0.1180525120526611,-0.1139952977986706,-0.4787221801416011,0.1666486475275122
Rad17,33887.0,-0.3103202475847881,0.0,0.0125997109291019,0.0,0.0,0.5305147164521653,0.0013081118797872,-0.0003185972765957,18.02475993231744,0.0012992420534178,0.0241681223290076,0.0285871411261581,-0.0044190187971505,0.0785727661108964,-0.009356008806619,0.1068013958531423,0.3717851742016218,-0.0200073464714202,-0.2661879834091056,0.0231801912610811,-0.1268087423245625
Rps6kl1,16015.0,0.1737331171149718,-0.3219280948849579,0.073080870209933,0.8881431767337807,-0.2030470461217794,1.0473057142819453,0.0027763289851851,-2.2045370370370467e-05,16.960607174738048,0.0016713515058757,0.0873680279613683,0.123864949759818,-0.0364969217984497,0.0452829951658733,0.0572663698481232,-0.018976658600444,0.4166719195364201,0.0721537582966484,-0.2030470461217794,-0.2463207341204492,0.0911304168970925
Tmem259,9382.0,0.2393856412790782,-0.8413022539782862,0.1896651717066985,0.0,0.0,0.0,0.0006819804166666,-0.00044265345,17.774050457532457,0.0011414312409555,0.0194682183103688,0.0108625289309587,0.00860568937941,0.0222795516860587,0.0051210169810138,-0.1254834413148996,0.7002355734818178,0.1026879737778734,0.0147586026677641,-0.3540521728614552,0.2281714150927731
Zbtb18,8413.0,-0.105902502084517,0.2115041051926764,0.0,0.0,0.0,0.0,0.000876039780303,-9.477164393939396e-05,17.849031321750402,0.0011731058983101,0.0803728255176139,0.255792658896159,-0.175419833378545,0.1115075789000614,0.0213949438441477,-0.1252081507197857,-0.1865378364336627,-0.3284947334215352,-0.3207899525841435,-0.2202611210040554,-0.2032865827017495
4930512B01Rik,50191.0,-0.1820164374140866,0.2479275134421614,0.0227880199026221,0.0,0.0,0.5284877829866855,0.001825519464,-0.000480959592,15.386943659517389,0.0013792389933477,0.0328105956121999,0.0676407539704981,-0.0348301583582982,0.085440348740155,0.0403716473748845,0.0321479672658009,0.2608288050611008,-0.0676602058328108,-0.4745924312434766,-0.4354570262521927,-0.0998081730986118
Rps14,31448.0,-0.0480770832147676,-0.2016338611687098,0.1279241477831603,0.0,0.0,0.0,0.0008927795607843,-9.583823725490192e-05,17.40096228222119,0.0014518739459333,0.0128380147226542,0.0457790247996011,-0.0329410100769469,0.0355196285925936,-0.0353904519471978,-0.0193426732676088,-0.2348549261596004,-0.2687279608666075,-0.3424870208304469,-0.1208153235791515,-0.2493852875989986
Rpl26,5406.0,0.2495703764667163,0.1926450779398196,0.1146557383291244,0.0,0.0,0.0,0.0009215438875,0.0005003467291666,16.943671412779622,0.0013634341658986,0.0422988724590284,0.0612837312073185,-0.01898485874829,-0.0873358241089766,-0.0281858858318245,-0.1206804028617157,0.3237636593544996,0.1617059806324601,0.0251221334630133,-0.239059813482146,0.2823863834941759
Nisch,46016.0,0.4239103788511458,-0.9175378398004832,0.1861820139265629,0.0,0.0,0.4758316813798738,0.0009829675651515,-0.0002743137818181,16.73139251156358,0.0010694568601453,0.0358851005766306,0.053343213640127,-0.0174581130634964,0.0315119221631899,0.0010299933226404,-0.0438433177494524,0.5369770393787481,0.1633631991158644,-0.0840297016343647,-0.4660603625341328,0.2072065168653168
Ythdc2,61978.0,0.0,0.3219280948801484,0.0,0.0,0.0,0.0,0.0,0.0,0.0,0.0,0.0143076381488482,0.039061906633304,-0.0247542684844558,0.0389783856938462,-0.0010984440616891,-0.0761993853169493,0.1275205724022145,-0.1864312760659995,-0.3733903851102826,-0.6098279326998054,-0.1102318907490502
Mbp,110491.0,0.0,0.0,0.0,0.8940353390222813,0.3202402763463152,0.0,0.0008230758463725,-0.0002990667363725,17.067978602980897,0.0010856809712952,-0.0124916905389868,0.0068510199700868,-0.0193427105090737,0.0076038717117319,0.0047146821751024,0.0029480353056699,0.599638031258713,0.1373578153406164,-0.2648369727371519,-0.269040810616004,0.1344097800349464
Mkx,70262.0,-0.2575982540023309,0.4150374992668215,0.0851319158201397,0.0,0.0,0.8797057660188394,0.0,0.0,0.0,0.0,0.0142467982178038,0.014171129233337,7.566898446687009e-05,-0.0473563613822722,-0.037679201513744,-0.0877909047777092,0.0162015251644669,-0.3597390413317267,-0.6651162583012461,-0.5289079372371175,-0.2719481365540174
Ndufs7,7673.0,0.1905396582891954,-0.4594316186348379,0.0769874142744567,0.0,0.0,0.0,0.0002126526863636,-0.000596351740909,17.95223552897956,0.0005288517594374,0.0138676144455247,0.0110905887546927,0.0027770256908319,-0.0276746303189407,-0.0507933829949289,-0.1086201881336627,0.3563940745535686,0.0034201079260643,-0.0702479080362152,-0.2532071197101797,0.112040296059727
Tnpo2,20668.0,0.1047413286119591,-0.8744691179106763,0.1002174154763149,0.0,0.0,0.0,0.0020773196999999,-0.0010090038,16.05057472877906,0.0014769790860443,0.0460265216186921,0.0490839348030602,-0.0030574131843681,0.0004934240382303,-0.0322398180491778,-0.1506814808181779,0.356282339481998,0.1615011688811141,0.0863854289172294,-0.2686956269624412,0.312182649699292
Cars2,36806.0,0.2526994884872886,-0.222392421333013,0.1131178067065755,0.0,0.0,0.0,0.0013402654183673,-0.0004565131857142,17.022899379424146,0.0010707754368848,0.0084464582489956,0.0064168704371523,0.0020295878118433,-0.0662457514859042,-0.0368415042418549,-0.0934943264398126,0.4273023813043177,0.2259090487715633,0.0287979373658566,-0.3997557830356284,0.3194033752113759
Gm11906,304582.0,0.0,0.0,0.0,0.0872960833749214,-0.6061302129319976,0.3546136408362926,0.0011646893850515,7.839769587628915e-06,16.84884845872973,0.001315763268346,0.0532634743145547,0.0637469235340079,-0.0104834492194532,0.088708278742533,0.1181179697329192,0.0606369425854784,-0.0330996086813444,-0.3650285305832319,-0.6765753737164595,-0.4477006219387758,-0.4256654731687103
Pcmtd1,84708.0,-0.3744746551576172,-0.5849625006971113,0.1011440934666082,0.2102628849709158,-0.6732556031730186,0.0,0.0009403555761904,-0.0005675936619047,17.31368819202226,0.0006473843079455,-0.0061653490366073,0.0165947303182102,-0.0227600793548176,0.1290228750110471,0.1243969446789254,-0.0535370532354549,0.1990235205627497,-0.2829368801674399,-0.7557994772706382,-0.5230552110240685,-0.2293998269319849
Sos2,98090.0,-0.0393129649239076,0.2630344058289848,0.1800983129520872,0.0,0.0,0.0,0.0,0.0,0.0,0.0,0.0020997496590105,0.0095605559766336,-0.007460806317623,0.006501865935214,-0.0241817842106157,0.0060297505366418,0.438489455241938,0.0132418147554905,-0.2595419852497616,-0.3980006792844448,0.0072120642188486
Atp5g1,6818.0,0.0,0.0,0.0,0.0,0.0,0.0,0.0,0.0,0.0,0.0,-0.0297235574813609,0.0392025913075149,-0.0689261487888758,-0.064349932956901,-0.0935148509510622,-0.134380445778863,0.1154729446527242,-0.0108611435809794,0.023608305379895,-0.1608035371945781,0.1235193021978835
Ralgds,39956.0,0.1697758285754509,0.184424571136641,0.0,0.5013422513422513,0.4939863393520931,0.6520766963923299,0.0007950020455,0.0001446650875,17.623627017457416,0.0010494538091008,-0.0170872330312374,0.0067238844500132,-0.0238111174812507,0.0040631738217155,-0.023476935814955,-0.1061678570794592,0.3975172212852931,0.2218526862088371,-0.0504963774960417,-0.3442845589023295,0.3280205432882964
1700111E14Rik,48736.0,-0.4840030640321373,0.5849625006971113,0.0,0.0,0.0,1.8744691167503271,0.0016417366166666,-0.0001313425583333,16.238816495079586,0.0012671880914406,0.0104911777762183,0.002530212597864,0.0079609651783543,0.081713911193931,0.0869130971705106,0.0924106891325331,0.0973909062260923,-0.0430819633372296,-0.8231022780455279,-0.4737312301840911,-0.1354926524697629
Hnrnpm,40627.0,0.3168177785006199,-0.9068905956001028,0.1887516758298034,0.0,0.0,0.0,0.0010575814238095,-0.0005134431704761,17.678950817907577,0.0008983036800935,-0.0278121903106013,0.0032018031387475,-0.0310139934493488,0.0336903608331391,0.0730587318110624,-0.0909584822021707,0.2994963133947766,0.0935660601030915,-0.1703899864097491,-0.171160971895786,0.1845245423052622
Pacrg,437299.0,0.0,0.1699250014403088,0.0,0.7218212595088591,0.0127893981287012,0.2060958163529469,0.0003823435447368,-7.663719649885583e-05,17.989645470451354,0.0007519934124937,0.001280162078436,0.0007162641832937,0.0005638978951422,0.0278438633346502,0.0100159573542816,0.011075673529081,0.7302295142206037,0.1490008502373355,-0.4871723084788633,-0.673771016508998,0.1379251767082545
Arap2,163714.0,0.0,0.0,0.0,0.0,0.0,0.1789701410135618,0.0004200130666666,0.000269244675,20.080258880809563,0.0004202568320322,0.0106039702912617,0.0161490816235465,-0.0055451113322848,0.0257546614603023,0.0223575084234717,0.1342431049571609,0.1794152359719978,-0.2853741142635587,-1.1115539486336417,-0.3291451659341295,-0.4196172192207197
Cntnap5c,640785.0,0.0,0.0,0.0,0.0,0.0,0.0,0.0003149394879063,0.0001545601830578,17.386699751881768,0.0005508017869445,-0.015872683194536,-0.0243725889855655,0.0084999057910295,0.0053328054565864,-0.0009662787881761,-0.0715092707588102,0.509455976610445,-0.0794094157271412,-0.4700079195143491,-0.74971410768305,-0.007900144968331
Copg2,149240.0,0.0,-0.3625700793801285,0.0,0.0,0.0,0.0,0.0,0.0,0.0,0.0,-0.0102856334889304,-0.0211864985840244,0.010900865095094,-0.1278651049830204,-0.07149025651866,0.0062344399076574,0.9772117774160372,0.2628953112467809,-0.2317905310633948,-0.2951107527453687,0.2566608713391234
Mroh1,72777.0,0.0349247597801998,-0.628031222608413,0.0819692802216602,0.0,0.0,0.5849625005708752,0.0023279981577777,-0.0009713325355555,14.94218846954389,0.0015503993134391,0.0005427725239502,-0.0007928455469613,0.0013356180709115,-0.0574074769205396,-0.0457069062574311,-0.0081041032399251,0.8742855146108599,0.4111945643314924,-0.2376169941805966,-0.2719582939718509,0.4192986675714175
Sh3bgrl3,1383.0,0.2765002021354705,0.6629650127179998,0.0960954779263683,0.0,0.0,0.0,-2.386514545454557e-05,0.0002833136363636,17.09410801884371,0.0016124262638817,0.0385267395550847,0.0506881331494946,-0.0121613935944098,0.004342761872057,-0.0228288263714592,-0.0509617552420098,0.1551689166034422,0.0091181666072836,-0.0423843864860331,-0.076284879789461,0.0600799218492934
Ptpn5,55889.0,0.2094438253231656,0.0,0.0499901731444738,0.0,0.0,0.0,0.00219193140625,-0.00121952740625,16.59799541017154,0.0008294407589301,-0.0047565416345691,0.0082919671066915,-0.0130485087412607,0.01293497170939,-0.0612046789093587,-0.0823222998751087,0.6025653808751001,0.2933073049189971,0.1178891199413589,-0.2682328043997223,0.3756296047941058
Gm27153,17255.0,-0.043075504498919,-0.3048545815268042,0.0903464313704838,0.0,0.0,0.0,0.0,0.0,0.0,0.0,0.0196682503602865,0.0461101715181145,-0.026441921157828,0.0470480873886866,0.092788527369016,0.2010226319677257,-0.0282008092680612,-0.1382839862900845,-0.4938078275898576,-0.0524764760557223,-0.3393066182578103
Ube2r2,57637.0,-0.0088000947538064,-1.2223924213227084,0.0,0.0236059509710076,-0.2545914154169768,0.0,0.001628473775,-0.0008168585499999,15.67678963611909,0.0012664522039734,0.0006126398176818,0.004054019402747,-0.0034413795850652,-0.007786414630742,-0.0006540568267018,-0.0791652252069509,0.6325404404635301,0.075173862819043,-0.2545914154169768,-0.5663826427423923,0.154339088025994
Map4k2,14480.0,0.0,0.0,0.0,0.0,0.0,0.0,0.0007464944604938,-8.80747197530864e-05,18.238063710624587,0.0012979660499508,-0.0170150209761631,0.0181991647675566,-0.0352141857437198,-0.0741756773162324,-0.0732422711749649,-0.0189805507463339,0.2754046364018143,0.1330404195618152,-0.0057327730671701,-0.1085761384324532,0.1520209703081491
Atp6v0b,3007.0,0.0,0.0,0.0,0.0,0.0,0.0,0.00124763502,-0.0004188445799999,17.276483372633663,0.0011153315150715,-0.0262813195397577,0.0568554578943705,-0.0831367774341282,-0.0440322889091938,-0.1195958101472316,-0.0679950455624357,0.2493939996783583,0.1285288536592353,0.0983209264957247,-0.121345558667989,0.196523899221671
Bsn,94362.0,0.0080958705514655,0.5145731728235754,0.0,0.6051930623614811,0.2139266358593312,0.0,0.0016503827866666,-0.00028628821,15.146301746205882,0.0021207922642702,-0.0051372381887708,0.0215570060330845,-0.0266942442218553,0.002121679648916,-0.00230352248258,-0.0843209152446151,0.4606511052309123,0.1701535155074297,-0.1023762145290295,-0.3323941478561318,0.2544744307520449
Fhod3,424878.0,-0.3285294287072311,0.7004397181341564,0.0779172515885057,0.0546009274509116,-0.4521758051749199,0.4505798329048536,0.0011542201669172,-0.0001729322571428,16.11455860519847,0.0008321932613706,0.0136556644495896,0.0155204461977214,-0.0018647817481317,0.127729816712736,0.1395160254168604,-0.0196665200279008,0.1909257305679466,-0.2888697011242999,-1.1410250670367976,-0.8391946256942688,-0.2692031810963992
Npas2,169505.0,0.0,0.0,0.0,0.0873231318982162,0.397354311803203,1.1443899089193603,0.0007833639476562,2.4014264062500043e-05,16.721419038244616,0.0012532911371156,-0.0060607775171889,-0.0119241580318992,0.0058633805147102,-0.0497637239262976,-0.0632100802460882,-0.0303462043364568,1.045763972614635,0.1430665953397739,-0.3634174884792118,-0.7387494039512359,0.1734127996762308
Arhgap23,86869.0,0.186912304872675,-0.0458036896129794,0.1502587503969734,0.7583994541592842,0.8329370718032444,0.0246620542300533,0.0017278893273972,-0.0006668368342465,16.047184776111262,0.0016239158752678,0.0475397409351009,0.0913090181906944,-0.0437692772555935,0.0478389752702883,0.0123740612759336,0.0542651337085237,1.079954889032625,0.305335149198996,-0.1638816808288054,-0.4280182561737735,0.2510700154904722
Itch,93346.0,-0.0650921882693724,0.1154772174190115,0.0,0.0,0.0,0.7269815053966644,0.0,0.0,0.0,0.0,0.0093701505508852,0.0169871030123786,-0.0076169524614933,0.0201057194266687,-0.0436067772201913,-0.0293981893162419,0.269439079530562,0.1562718300869055,-0.3526575333529669,-0.3077212787492593,0.1856700194031474
Zbtb4,18111.0,0.1775218203464361,-0.1375035237486233,0.0961112661614166,0.0,0.0,0.0,0.0016834493642857,-0.0001151204714285,16.786478541005327,0.0021746905247432,0.0263925985539754,0.0446015781157291,-0.0182089795617536,-0.0185026454392093,-0.0398490924501835,-0.0233812356288848,0.5497779666600792,0.2512064506615357,-0.1035142722770414,-0.3173436157523304,0.2745876862904206
Auts2,1106011.0,0.0,0.0,0.0,0.3852044709466843,0.2932232035683484,0.3330428233974545,0.0002993217088377,-0.0001619694096855,17.95166623761553,0.0007078981456859,0.0145652176498675,0.0283829632069386,-0.013817745557071,0.0533022355053016,0.0389925059710414,0.0535227278368895,0.9841563971430884,0.1824125204365239,-0.4555083498215753,-0.7820753136447915,0.1288897925996343
Hpgds,27615.0,-0.3415871256836569,1.5849625006249766,0.0734208099560954,0.0,0.0,0.0,0.0,0.0,0.0,0.0,-0.0088422388895857,-0.0234815179532117,0.0146392790636259,0.0155453746494858,0.046877434609154,-0.0231592116583605,0.3084925701880388,-0.1004961803302404,-0.6374047763795735,-0.3914044135835663,-0.0773369686718799
Dpyd,870795.0,0.0,0.0,0.0,0.9124257392354044,-0.6667691216124327,-0.2157286909908002,7.397737733980582e-05,1.972146842718447e-05,18.3703532721237,0.0005973860302901,-0.0226646005633087,-0.0276929560266327,0.005028355463324,-0.0953730443807638,-0.0580688483700122,-0.1772411016365789,0.6088243714195405,-0.2529477159212506,-0.8682236255819532,-0.9841793612559466,-0.0757066142846717
Arhgap33,12834.0,0.5662105386840559,0.2115041051926764,0.147549258853129,0.0,0.0,0.0,0.001460892244,3.095867999999988e-05,16.964784044773918,0.0008792980040234,-0.0217360971660754,0.0067577246229667,-0.0284938217890422,-0.0597370340842906,-0.06996684302036,-0.0778808560347456,0.4562199224680223,0.2912599587243058,0.1976775490074089,-0.2899476665102181,0.3691408147590514
Arl5b,33061.0,-0.3497136858834464,0.0,0.0,0.0,0.0,0.0,0.000177253390597,-0.0002669111134328,20.77084968470628,0.0004172507169686,0.0074563855743795,0.0252612768229,-0.0178048912485205,0.063664175640975,0.0418374046370307,-0.0404034705587504,0.7633700040349812,-0.0564266149115285,-0.3097312084470922,-0.3376632123267673,-0.016023144352778
Fdft1,34428.0,0.0648522673696354,-1.201633861161496,0.119465240311842,0.0,0.0,0.0,0.0,0.0,0.0,0.0,-0.0164021295898599,0.0089887931929152,-0.0253909227827752,-0.0770935376997116,-0.1171169491722128,-0.0384806565064456,0.5363497806453521,0.1229401756512069,-0.2180249047019518,-0.6581462950527817,0.1614208321576526
Ctnnal1,54253.0,-0.0164314396422859,-0.2223924213347308,0.0,0.0,0.0,0.4105149293729945,0.000286003940909,0.0005458629363636,17.861272472551022,0.0011965799323248,0.0142802919239349,0.0392260421936801,-0.0249457502697451,0.0412103193246651,0.0218071069121905,-0.1142890950400414,0.104294020553646,-0.0841601125283604,-0.2131748529227556,-0.4091047945308771,0.030128982511681
Mageh1,1409.0,0.0,0.0,0.0,0.0,0.0,0.0,0.0,0.0,0.0,0.0,-0.0205010074982244,0.023079716431097,-0.0435807239293214,-0.0282727714211923,-0.0142213954271918,0.0,0.0,0.0,0.0,0.0,0.0
5330417C22Rik,80842.0,-0.1269761159374942,0.099535673550227,0.0418693949573704,0.0,0.0,0.0,0.0018633188938461,-0.0002776689415384,15.110518135776315,0.001111797841263,-0.0072232728118505,0.0009578582701679,-0.0081811310820184,-0.0012633390588575,0.0021770052737364,-0.0170236549708051,0.549896312504359,0.1281404285813717,-0.1813103542578452,-0.5254083721465277,0.1451640835521769
Osbpl7,18276.0,0.32600565429501,-0.3625700793801285,0.1546635965785822,0.0,0.0,0.0,0.0021571428972972,-0.0009520216081081,16.44761849193671,0.001568990583445,-0.0055759506369464,0.0090850280168886,-0.0146609786538351,0.031827208262132,0.0482677210619166,-0.0496818391845307,0.534792269848199,0.300950440346842,0.1399999388291428,-0.2466256469553216,0.3506322795313727
Sema4d,108218.0,0.0,0.0,0.0,0.8939596480865484,0.4107748702976579,0.0,0.0017279944494252,-0.0004123001885057,15.507393716147766,0.0012117539407269,-0.0144584164823444,-0.0073875515452463,-0.0070708649370981,-0.0843648390099039,-0.0967411916501274,-0.0383225504578516,0.6778041085285238,0.2887182356682047,-0.0228436408320441,-0.2982950092289945,0.3270407861260563
Flrt2,92989.0,0.0,0.5849625006971113,0.0,0.0288537875429172,-0.5349504522766628,0.4886287690053767,9.373496945017184e-05,5.510346841924399e-05,20.80513542559482,0.00041634752168,0.0864722224990751,0.1179459396741308,-0.0314737171750556,0.2669746592091669,0.2579872895114022,-0.0006861271784131,0.1386182812784258,-0.2858156308500462,-0.6234123439102359,-0.7553502899718274,-0.2851295036716332
Pou2f2,92382.0,0.1849948393449167,-0.9999999999909832,0.0782082336496717,0.0,0.0,0.5165957397494889,0.0017352322,-0.0009778263633333,16.19253980252697,0.001357328916845,0.0233387691757946,0.0419822998040291,-0.0186435306282344,-0.0073997904171081,-0.0196884336463351,-0.0365829770227486,0.7696307282717014,0.3716482785946599,0.0118180845383517,-0.3874355113718216,0.4082312556174086
Zbtb20,766721.0,0.0,0.0,0.0,0.3325730063148662,0.0423210297502503,0.4971726663367601,0.00070823472825,-0.0003524178076764,17.352921683077756,0.0009707115908953,0.0586700561345431,0.0861095105657742,-0.0274394544312311,0.1955152093578923,0.1854924433855594,0.0684756929384089,0.5789785605388271,0.038796343089134,-0.7418482226336461,-0.4550316243699249,-0.0296793498492748
Pantr1,104060.0,0.0,0.0,0.0,0.98713677586526,-0.5237614953421525,0.4312231902784553,0.0002352410293726,-1.876143431734318e-05,18.188426360774823,0.0008221866593579,0.086763415061411,0.0909662734368599,-0.0042028583754489,0.1891565102621885,0.1892973303975132,0.0780270960325495,0.1416301718193868,-0.1754446359091273,-0.5237614953421525,-0.1954300677331332,-0.2534717319416768
Ldb2,327548.0,-0.2574746476760632,0.4150374992668215,0.0,0.4381706647686489,-0.3285870663156069,0.0,0.0005728513809615,-0.0002158744109615,17.040640039712358,0.0007738333514252,-0.0409269325139259,-0.043442565268433,0.0025156327545071,-0.0484033563356515,-0.1280583794978215,-0.0831685508962205,0.3071094975138146,-0.1266577346057044,-0.4396833827140435,-0.6567767907815083,-0.0434891837094838
Ulk2,79424.0,0.0899812524966661,0.1699250014403088,0.0,0.0,0.0,0.0,0.0028624510620689,-0.0002477438586206,15.215128048173865,0.0014969689561856,0.0168300170618458,0.0347129750299909,-0.0178829579681451,0.0003706517554979,0.0004926220532037,-0.010800687976966,0.642581059781214,0.2099656783046619,-0.1958968614961379,-0.4598006830740235,0.2207663662816279
Gm14372,38885.0,0.4029997239064871,-0.5849625007187518,0.2687367148204163,0.0,0.0,0.7369655939257571,0.0005360597142857,-0.0003171609214285,18.236370176390786,0.0006306883807647,0.0225896874986684,0.0361185362450449,-0.0135288487463765,-0.0004735086586173,0.0155220515988256,0.0119042381505067,0.4858691563096191,0.1231310235449336,-0.25151689768831,-0.3696490279112007,0.1112267853944268
Tnrc6a,71411.0,0.1918965499588054,-0.3219280948849579,0.1066656042930323,0.1825060010874899,0.3224127503667338,0.0,0.0012295684252873,0.000166425875862,16.938190389872272,0.0013641855203769,-0.0107621430410234,-0.009693429347932,-0.0010687136930914,-0.0646904390691773,-0.0662979324951488,-0.0990631183915769,0.4466788530814501,0.3024967692472195,-0.055342680685582,-0.6295259027471106,0.4015598876387964
Dalrd3,2888.0,0.2766304147409011,-0.2630344058313891,0.1480675804143476,0.0,0.0,0.0,0.0003353495809523,-0.0007101561,16.973649910431387,0.0009188619877234,-0.0064788737628443,0.0057066133371977,-0.0121854871000421,-0.0218149444124438,-0.0405361724528167,-0.0473447517948727,0.2746134985387933,0.2371468496628107,0.1491490384797913,-0.1500944635059495,0.2844916014576835
Ndufc2,7799.0,0.2567860179831616,-0.415037499274836,0.1858137171568211,0.0,0.0,0.0,-5.856833600000011e-05,2.113652000000004e-05,17.568028654789106,0.0008235724488786,0.024632860437623,0.0167877363702313,0.0078451240673917,-0.0354934746756308,0.0155517001679258,0.1177977841795911,0.2611196417047916,0.1036701010355076,-0.3376858822173991,-0.0111323325173626,-0.0141276831440836
Dennd5b,113609.0,0.0494666860671033,0.0,0.1819994299629563,0.0,0.0,0.0,0.0012439196826446,-0.0002469474016528,16.633704241818588,0.0012974611930433,0.0273408270654164,0.0273441000800202,-3.2730146038856267e-06,0.0784528867866456,0.0618547530759191,0.1143834783575001,0.5446306119018256,0.062299208997833,-0.4957287094537816,-0.3701269357361956,-0.052084269359667
Gapdh,4752.0,0.2153990098675953,0.7369655941623594,0.169515109035712,0.0,0.0,0.0,0.0020822822,0.000227367176923,16.434565625064867,0.0015941715196482,0.097503227881208,0.2091213128784765,-0.1116180849972685,0.0130944965762646,-0.0021584285806669,-0.0393179027602623,0.1469371011695712,-0.056680504757177,-0.1760282149830754,-0.1738352270949925,-0.0173626019969146
Serinc1,16756.0,-0.2334813329193314,-1.222392421308968,0.0607300178505302,0.0,0.0,0.0,0.0,0.0,0.0,0.0,-0.0093562749362979,-0.0200779476944998,0.0107216727582018,-0.0041181978194446,0.0225839749034528,0.0118116410477403,0.2094557206982419,-0.1266277931598379,-0.3962952297171016,-0.2614276264879939,-0.1384394342075783
Rps3,5842.0,0.2822099091544729,-0.2630344058289848,0.1822363867665294,0.0,0.0,0.0,0.0004925984453125,0.0001671129625,17.800427026488563,0.0012295942655888,0.0406744800510458,0.0377943799293989,0.0028801001216469,-0.0740168586632727,0.0058125702547595,-0.058376458868949,0.180768849375503,0.087437307078221,0.0441392710744317,-0.2394013201800207,0.1458137659471701
Eftud2,42512.0,0.0,0.0,0.0,0.8230349157206742,0.4231330439150382,0.0,0.0017338329949152,-0.0004733265050847,16.52916943772304,0.0012866128912919,0.0120378348896718,0.0289681506184097,-0.0169303157287378,0.0458696443396901,0.0081150179387625,-0.0493371785097902,0.5414499257851813,0.1924572269400172,-0.4656624492823572,-0.7613540233320188,0.2417944054498074
Neto1,111766.0,-0.2952872515583209,-0.3219280948801484,0.0,0.0,0.0,0.0,0.0001645005352727,-2.052974727272726e-05,19.200343290203808,0.0007055926007046,-0.0365382967487099,-0.0403407820221334,0.0038024852734234,-0.2701091023666004,-0.2452600658280874,-0.1310369339648585,0.0073737480241617,-0.1931207697652361,-0.5908551911960942,-0.3936945018480345,-0.0620838358003776
Rbm33,102118.0,0.0,0.0,0.0,0.0,0.0,0.0,0.0003175817866666,-0.0003012436066666,19.81941350677388,0.0007936871864051,-0.0061866115967663,0.0013053136022786,-0.0074919251990449,-0.1669075509013877,-0.1816330130212603,-0.0013116018327518,0.389500761852522,-0.0330505538965612,-0.3775616707956785,-0.3303749802071353,-0.0317389520638093
Smc5,67446.0,0.0,0.0,0.0,0.0,0.0,0.0,0.0007792197232142,-8.266850089285718e-05,18.247923033835672,0.0012262476835185,0.0006194782915888,0.004528304129995,-0.0039088258384062,-0.0109394793253395,0.0464533939345841,0.0634823602238708,0.4040197016236485,-0.0109070119732136,-0.2429221962888084,-0.6150645810094109,-0.0743893721970845
Supt5,23855.0,0.1354693722551809,0.0,0.0,0.0,0.0,0.0,0.0004378080315789,-0.0001150584973684,17.781008455670623,0.0009845841300205,0.0178309325587277,0.0090699337755061,0.0087609987832216,0.0817273618460656,0.0432002724058704,-0.0666324798603692,0.2944430856942999,0.2472809622440401,0.2121338300443707,-0.1212499684701482,0.3139134421044094
St6gal2,69199.0,-0.2374632489942545,0.0,0.0507880089901429,0.0,0.0,0.5250910446364054,0.000377500541234,-9.520320063829788e-05,19.2454826604332,0.0007387356528409,0.0445286697595229,0.0611733837766401,-0.0166447140171172,0.2155000890388379,0.2227322658365768,-0.0858166209143682,0.4238594940216875,-0.147975997049218,-0.2845295171100623,-0.3125018110003459,-0.0621593761348498
Cpeb3,187310.0,0.0511960004579434,0.3219280948837557,0.0,0.0,0.0,0.0,0.000907013740909,-0.0001393999363636,15.63097725444296,0.0011717265516575,-0.0021156270907047,0.019811911085814,-0.0219275381765188,-0.0069525357705773,0.0143183759242642,-0.0381656668365218,0.7265926724527592,0.1363509726593278,-0.1308837802080851,-0.5101067393132761,0.1745166394958497
Dhx57,52167.0,0.0749273842516262,0.0,0.1333137051706248,0.8394751833653777,-0.3309475283362211,0.9870023950566787,0.0010154614378048,-0.0004320178036585,17.1757421102508,0.0013338814254208,0.0069000835426626,0.0094955918175833,-0.0025955082749207,0.0752854117331893,0.0580898016166246,-0.129442743323887,0.1962450988666098,-0.1057183895292792,-0.3821675796259959,-0.453397127217472,0.0237243537946078
Dtx3,5350.0,0.1061253717906751,0.1202942337172103,0.0406506060692589,0.0,0.0,0.0,0.0018211686,-0.0003195078923076,16.590237445574072,0.0023478033957567,0.0478693366525373,0.1293365619884066,-0.0814672253358692,-0.04079576611311,-0.1247018579440626,-0.0203408074825967,0.3417488004736388,0.1232237535986009,-0.0413701182771326,-0.1581906992281774,0.1435645610811977
Nrgn,8412.0,0.0926039516549042,-0.2630344058321907,0.2030075210938685,0.0,0.0,0.6951454182089034,0.0009208801545454,0.0003386841772727,17.38235046843977,0.0009960134074417,0.1371686412695261,0.1493297299348388,-0.0121610886653127,0.0500300978654764,0.0053751116072902,-0.0081357718301168,0.1830585332566832,-0.0819101075546079,-0.2765604501626315,-0.143236522552437,-0.073774335724491
Hs3st1,141540.0,0.0,0.0,0.0,0.0,0.0,0.2094087666191121,0.0001008542115533,1.7165e-06,18.76187112931381,0.0005697514384295,0.0323192490743074,0.043237685118529,-0.0109184360442216,0.1621768662456284,0.1139779881753821,0.1558691827031236,0.1271628054964708,-0.1522747527918598,-0.6261541228504868,-0.036298719124381,-0.3081439354949835
Ift140,83410.0,0.0340169559103551,0.0,0.0,0.78181776577731,0.3801945880922222,0.1552465998856639,0.0006186784265432,-0.0005055981074074,17.444128908581277,0.001271649403868,0.003674675516516,0.0129586707504347,-0.0092839952339186,-0.1274697927248576,-0.0982591412750579,-0.0139366937812162,0.6729547089034709,0.2839275151009247,-0.4911596001409897,-0.5270875016520712,0.2978642088821409
Setx,58290.0,0.0,0.0,0.0,0.0,0.0,0.0,0.0008188918958333,9.934563437500005e-05,17.190407446340622,0.0011702677649686,0.0249708771492662,0.0071643134328691,0.017806563716397,-0.0408813902634997,-0.0871248781443575,0.0669703398077611,0.6793524800369906,0.3250473737799538,-0.5577860695353107,-0.3603007535231541,0.2580770339721927
Aatk,39854.0,0.357949306625136,0.2223924213347308,0.1922013547919681,0.0,0.0,0.0,0.001449762345,-0.0008206725199999,16.3804099113181,0.0010900053261947,0.0463381810197891,0.0873984201788402,-0.041060239159051,0.0273028039127114,-0.0374020207021792,0.0197900810624875,0.6898285274674667,0.3493818657648375,0.0929223455898085,-0.2594390734175082,0.3295917847023499
Marf1,54178.0,0.0255895191198183,0.0,0.0,0.5248207289125453,0.4019997498636358,0.0,0.0022455041999999,-0.0003851672999999,15.546294503654286,0.000277790574066,-0.0053018011964808,0.0075884589693511,-0.012890260165832,0.0878115461658416,-0.0106408383930028,-0.201460902749158,0.3832147403459089,0.0825885592232102,-0.1741042199754421,-0.6032552787682983,0.2840494619723683
Zdhhc1,24479.0,-0.1082544388736499,-1.3219280948657215,0.0,0.0,0.0,0.0,0.001028117745,0.000105227875,16.548714062831923,0.0010490319252092,-0.0311740724354386,0.0160745121133419,-0.0472485845487805,-0.1127114396190331,-0.1022975005429034,-0.1452964572956202,0.6861300976221438,0.195819464834327,-0.1084572047231051,-0.4269541640465134,0.3411159221299473
Pou2f1,137524.0,0.0,0.0,0.0,0.2380302987479155,0.2335391226811936,0.0,0.00089413186125,9.629399125e-05,17.319895345477512,0.0011228403582534,-0.0019145858663486,0.008193830211998,-0.0101084160783466,-0.0880538590323074,-0.0411069099891184,0.0387134498333669,0.6170165373069069,-0.0715719450190421,-0.5971409061718647,-0.3481392596728078,-0.1102853948524091
Sorcs3,599480.0,-0.1089567801876634,0.1926450779398196,0.0,0.0,0.0,0.5625668685336525,0.0003782136856521,-0.0001378362842608,17.286688048753575,0.0008752787349737,0.0181106191247484,0.0248401465562932,-0.0067295274315448,0.1863157539614647,0.1522470471489809,0.0393234320568067,0.8777745006643487,-0.0029067480537614,-0.5140071123277752,-0.5115650382770021,-0.0422301801105681
H2afj,1830.0,-0.3175115127477586,0.4525122046954628,0.0,0.0,0.0,0.0,0.0010416469055555,-0.0001617053388888,17.815846598339384,0.0008942661700278,0.0122679964287638,-0.009935228793381,0.0222032252221449,-0.012217816725685,-0.0479209835119572,0.0015483710907728,0.1059546875262742,-0.0008724463773162,-0.0444689653459531,-0.0632306149349535,-0.002420817468089
Kit,81806.0,-0.0575146840954969,0.0824621601915014,0.0243119611784957,0.0,0.0,-0.6404576131607443,0.0005315713667346,1.9285419523809503e-05,17.68744110621459,0.0010442113805501,-0.043450281419352,-0.0642320178713504,0.0207817364519983,-0.2909325330817882,-0.2066122726080475,-0.1640247656592313,0.3346321757761992,0.0483506911448522,-0.1856005777466021,-0.7708143525920891,0.2123754568040836
Tspyl4,3878.0,0.0,0.0,0.0,0.0,0.0,0.0,0.0006784248636363,-1.7598199999999933e-05,18.1746552938813,0.0006753407677365,-0.0829515576668407,0.0801452728560809,-0.1630968305229216,0.0514036991067758,-0.0303220765638536,-0.052419712979149,-0.2424330633254277,-0.3575593518431745,-0.400328325668275,-0.0723573146926463,-0.3051396388640255
Rpl7a,2554.0,0.1824213443420208,-0.7548875021597947,0.1613378496019192,0.0,0.0,0.0,0.0008258531125,-0.00035248311875,18.33853577393242,0.000745187581971,0.0044233680160136,0.0222706397480056,-0.017847271731992,-0.0817413239948293,-0.0723603824700408,-0.1943626917805287,0.1977236488860221,0.080707886585145,0.1924747411768299,-0.2133169711136346,0.2750705783656738
3110021N24Rik,62255.0,0.0493595719368809,0.8930847960739761,0.1500393980519406,0.0,0.0,0.0,0.00204814658,-0.0001860990685714,15.00196069825588,0.0012727921460648,-0.0244683523270211,0.0169210613908713,-0.0413894137178924,-0.0208078331241159,-0.0119006770319589,0.0308994543356315,0.4590863598407573,0.0961498091478721,-0.2615378744337207,-0.4891403797365111,0.0652503548122405
Mapk4,136873.0,-0.0510525490646553,-0.4854268271661199,0.0760329883977544,0.0381549338766122,-0.424322517088348,0.4072764269311586,0.0010894004122093,-0.0006484232976744,16.276437178014827,0.0011453165801826,0.0344090749716694,0.0566186290693346,-0.0222095540976652,0.2049770208696658,0.2175757591887636,-0.0009695491255081,0.5423426314972816,-0.0584894138523639,-0.424322517088348,-0.2711241251204144,-0.0575198647268557
St8sia3os,175985.0,0.0,0.0,0.0,0.1254262548700378,-0.6552566524290229,0.5646714453329209,0.0001319086542857,7.614289428571421e-05,17.709773212095666,0.0009418382223277,0.0110597388181333,0.0247041902884295,-0.0136444514702962,0.0727722549819629,0.0561845617117874,0.0382990158994841,0.4144357842254469,-0.0449027351913286,-0.6552566524290229,-0.2785011398342212,-0.0832017510908128
Mfsd11,23195.0,0.0,0.0,0.0,0.8636881779738923,0.5761906965920511,0.4854268271015419,0.00116581125,-0.0001991150899999,17.986217455823358,0.001582758807761,0.0049501491410742,0.0366444296204372,-0.031694280479363,-0.1241624752253872,-0.0471035583855156,-0.0266479844688987,0.5661783926382995,0.241817278773675,0.0471875412079381,-0.1183832604686214,0.2684652632425737
Sgsm2,47799.0,0.0,0.0,0.0,0.0,0.0,0.0,0.0,0.0,0.0,0.0,0.0185773039846323,0.0381336252814306,-0.0195563212967982,-0.010758996245416,-0.0085047229255146,0.0480361548204799,0.573846563926184,0.2461135859133622,-0.1408482554732168,-0.2308206584190331,0.1980774310928823
Golga2,20537.0,0.2919156330669561,-0.0671141958582248,0.0305716571760466,0.0,0.0,0.0,0.0011163360384615,-0.0019805062076923,16.688739831037143,0.0016444095126911,0.0383083912307226,0.0428857137211978,-0.0045773224904752,-0.048874579291206,-0.0529221595075266,-0.0215287594123453,0.4841930654685502,0.2303153337683096,0.1056715044235829,-0.1790753901353663,0.2518440931806549
Cnih2,5653.0,0.1546547049365245,0.432959407274236,0.032325877535446,0.0,0.0,0.0,0.0011783259136363,-0.0010242932681818,17.38802485143668,0.0011102363260751,0.0802695347189568,0.1305296129780557,-0.0502600782590989,-0.0631758512712357,0.0339613420210844,-0.0136284963741556,0.1497318515073029,0.073957664830834,-0.0062548826227621,-0.160336626208327,0.0875861612049897
Scube1,120022.0,0.0,0.0,0.0,0.0,0.0,0.6132542647545216,0.0008060178886184,-4.286850032894738e-05,17.21700659297983,0.00111694034722,0.0032671747275182,0.0027123782572787,0.0005547964702395,-0.0865622829107986,-0.0667488295951461,-0.0375273288644686,0.8920719980888334,0.3565376315315088,-0.1003152852627126,-0.6093509298728651,0.3940649603959774
Ndufb9,5732.0,-0.1940619079979146,-0.7369655941469699,0.0854908015030309,0.1224300030994937,-0.3587972339701166,0.0,0.0003163182730769,0.0006694493,18.09181544512611,0.0005517308038443,0.0346449309725701,0.0633528009766803,-0.0287078700041101,-0.0648929053088771,-0.0555859057856359,0.0603189491564431,-0.0308152218043182,-0.2378746461752534,-0.4232889444726195,-0.1444515050236097,-0.2981935953316965
Ddx24,17848.0,-0.2612582553401825,0.5849625007151449,0.0,0.0,0.0,0.0,0.0,0.0,0.0,0.0,0.0235250509195328,0.0388059820261775,-0.0152809311066446,-0.0046526149900201,-0.0047243985302307,-0.0209281384901652,0.5189712513556628,0.136460833679798,-0.1159966603863553,-0.2028329726014568,0.1573889721699632
Dcaf8,48921.0,0.0802903837708775,0.3344190390692612,0.0594185369440958,0.0,0.0,0.0,0.000958387310606,-0.000308149060606,16.366039385720953,0.0011056520361438,0.0038140362780569,-0.0048964588716529,0.0087104951497098,-0.1097712874497889,-0.0887671754095761,-0.0904323718813845,0.2979152775558682,-0.0284549211015459,-0.2104724481339346,-0.5048944828123576,0.0619774507798386
Ociad1,21285.0,-0.1709040413303193,0.2801079191909164,0.0620983081303068,0.0,0.0,0.0,0.0015787074624999,-0.000294674625,16.996274388954212,0.0013422371729486,-0.0077853701665775,0.0205421840838126,-0.0283275542503902,-0.0078640123870219,0.0565001442280039,-0.1428030068169485,0.3181900320396286,0.0325315030931766,-0.1264017968756512,-0.7414205675482365,0.1753345099101251
Cox6a1,3339.0,-0.0236573492390856,0.3219280948801484,0.0,0.0,0.0,0.0,0.001372270847619,-0.0002023402071428,16.89395592142045,0.001346997278244,0.0224676647870554,0.0355930586613364,-0.013125393874281,-0.0323498569565244,-0.0680578866333254,0.0078526496868619,0.413271512603953,0.3038838359917415,0.1621733676528793,-0.0079514836638519,0.2960311863048796
Rpl41,1191.0,0.008565895553827,0.4150374992668215,0.1889202565851183,0.0,0.0,0.0,0.0018438767727272,-0.0002967012272727,16.33065257682028,0.001136490891919,0.0090999346615128,0.0601587576418365,-0.0510588229803237,-0.021705451501145,-0.0021375037812146,-0.0538413485825968,-0.0291160947643325,-0.0967123835683014,-0.0494074373416386,-0.1087915142738529,-0.0428710349857045
Foxg1,4201.0,0.0,0.0,0.0,0.3859187668216295,-0.6002624494975295,0.0,0.0004155294377499,-9.243905662499996e-05,19.97396406016208,0.0007713033614562,-0.055037890516187,0.0502184782102252,-0.1052563687264123,-0.0187940367196065,0.0110109332223834,-0.0753611833114318,-0.4522965539664856,-0.5580902942599569,-0.6463014032401615,-0.2166793991498505,-0.482729110948525
Ablim2,127093.0,0.0,0.0,0.0,0.2291655542248632,-0.473456206822572,1.072089793219178,0.0010480290001869,-0.0002469525502336,16.90170086145575,0.0015064367749713,0.0322152468069299,0.0303998160300163,0.0018154307769135,0.0732542113605664,0.0320722541334757,-0.0379028436903337,0.5651789651484228,0.1289016932260989,-0.473456206822572,-0.3563760305566323,0.1668045369164328
Lin7a,149788.0,-0.1811644580314668,0.3785116232520655,0.0,0.0,0.0,0.0,0.00042199650125,0.0001626294156249,16.91707796118417,0.0009139703570675,0.0108466226302938,-0.004730507654125,0.0155771302844188,-0.0481206951902636,-0.0157625314645761,-0.0607254240045925,0.4011500934081219,-0.3010119091938121,-0.8197230061308498,-0.4365143329871201,-0.2402864851892195
Sptbn2,41193.0,0.1677063668705813,0.8579809951235298,0.0707056110915893,0.2702181858456086,-0.0610907619731184,0.4160883187671805,0.0010600349283582,0.000284229741791,17.198543456660104,0.0017727605629391,0.1318993062722552,0.1772983945119634,-0.0453990882397081,0.0426007881737973,0.0725477467515183,0.007539126514881,0.9086685087188432,0.2507860825227833,-0.1719838312385064,-0.3740564816062125,0.2432469560079023
Dnm3,495581.0,-0.3699928657367928,0.1069152039157192,0.0,0.0,0.0,0.403352227653439,0.0010621733778378,2.007618675675673e-05,16.207328656812443,0.0010763638975783,-0.0030719451197393,-0.0038079655152506,0.0007360203955112,-0.0512398309186414,-0.0463312671680529,0.0418647218906364,0.8722635169835755,-0.0247498009020373,-0.6868437090818635,-0.9983932201684912,-0.0666145227926738
Mid1,320537.0,-0.5667856278913739,0.0,0.0,0.8172095939754174,-0.3457699974749353,0.637429920329043,0.0,0.0,0.0,0.0,0.0218160923402263,-0.0266823693432129,0.0484984616834393,0.0607037695733295,0.0600187718352677,-0.2270579160082616,-0.2785014390847236,-0.4720347520019789,-0.8191498870424239,-0.587885379854299,-0.2449768359937172
Mapt,100700.0,0.0958457581692702,0.8930847960739761,0.0,0.0,0.0,0.8070277057778503,0.002663276,-0.0011651577692307,16.57596327532029,0.0010325408728204,0.0527152617385608,0.0762650629277273,-0.0235498011891664,-0.0047745595706762,0.0686603786846575,0.0054912983457864,0.5688317658747597,0.178262704348359,-0.1982554330908453,-0.5430918511631012,0.1727714060025725
Gm20713,83134.0,0.0,0.0,0.0,0.5182592329056396,-0.1962245152406669,0.0,6.436943492063494e-05,-8.787821492063492e-05,20.240933672846424,0.0005995678444903,-0.0064051780188506,-0.0200327039635205,0.0136275259446698,-0.002647557418244,0.0147588690793742,-0.0894964903874794,-0.2484354563313259,-0.4198909305922784,-0.4092251702266387,-0.543699521023666,-0.3303944402047989
Tnni3k,269116.0,0.0,0.1520030934434468,0.0,0.3556053105640094,-0.308925771999925,0.3755091350028501,0.000285339190258,-0.0001320536665806,18.28793538685845,0.0006199442668873,-0.0124810837679567,-0.0178808326167991,0.0053997488488424,-0.0666186312210092,-0.0333523574126081,-0.1674149688191524,0.3254915219111163,-0.2221391495164507,-0.7388666976209082,-0.7795586186963694,-0.0547241806972982
Cck,5870.0,0.1575186057755537,0.1069152039163139,0.1216885252190649,0.0,0.0,0.4526815627898753,0.0,0.0,0.0,0.0,0.139891715385098,0.2035164107484086,-0.0636246953633106,0.0363076808921791,0.0107095047379992,0.0459805959823163,0.2614750290785639,0.0490265120322063,-0.1721172858183448,-0.144852049669566,0.00304591604989
Ncam2,426131.0,0.0,0.0,0.0,0.007589081078047,-0.2444390664510769,1.0356239093612505,9.504320768656715e-05,0.0001149481547014,20.60914595298341,0.0003667020903688,-0.0102459690856008,-0.0094020816123288,-0.000843887473272,-0.0209789307679725,-0.0084483093650146,0.0675933298185257,0.3681001273519104,-0.2250399688641297,-0.7933203372691776,-0.5472864665732177,-0.2926332986826555
Swt1,60756.0,-0.3319292313842243,0.222392421333013,0.0880513597931381,0.9624281919822102,-0.2978609635532299,0.0,0.0007990066610526,-8.965224315789469e-05,18.94861546334906,0.0007958156177784,0.0019603923642591,0.0102553347048986,-0.0082949423406395,-0.0106366884072667,-0.0232735486639823,-0.0519999262596216,-0.0208599327025187,-0.2214561635405755,-0.3947364831804467,-0.1971488331340485,-0.1694562372809539
Colgalt1,13913.0,0.2800138273861914,0.1699250014403088,0.0994147135093233,0.0,0.0,0.5305147165754726,0.0017123582222222,0.0001485016666666,15.82601037860178,0.0015856737554964,0.0313005428977231,0.0573566718279899,-0.0260561289302668,0.0220807851864003,-0.024639092711207,-0.1765079482482178,0.1365221021558829,0.0461569059286625,0.0004314678127146,-0.1977020289063222,0.2226648541768803
Jam3,58037.0,0.143307260730956,0.1154772174190115,0.1819178338026453,0.4594590237926365,0.15720676610672,0.0,0.0012620532812499,-0.00092029198125,16.874284482218204,0.0006015865809747,0.0316449251377384,0.06267486342896,-0.0310299382912215,0.1051451809949542,0.1083628729918078,-0.0022574060257152,0.5047794894293234,0.1141881630229647,-0.3223105434586804,-0.2873096923468758,0.1164455690486799
Ptch1,65270.0,-0.1364659378749726,0.0,0.0375815601503012,0.0,0.0,-0.3479233033640977,0.0005643109961538,-0.0001964087538461,18.27220538654256,0.0007411202948774,0.0316774946413555,0.0614359645358291,-0.0297584698944736,0.12311870129761,0.099049775073463,0.0673308361895397,0.5734190352350603,0.1704291999914558,-0.259263504958009,-0.4305042332355484,0.1030983638019161
Neurod2,4233.0,0.3172622013861073,-0.12928301694458,0.0895457434150993,0.0,0.0,0.0,0.0030612987888888,-0.0001078264555555,16.296389534649318,0.0010404376882105,-0.02973991718764,0.076964271011499,-0.106704188199139,0.0585464446585184,-0.0338802595066061,-0.0780075093569191,0.2219078290112914,0.1011619264814298,-0.0261490132999184,-0.1784151869089587,0.179169435838349
Lpcat4,7643.0,-0.0985589386688952,-0.0874628412498088,0.1478464864661354,0.0,0.0,0.0,0.0,0.0,0.0,0.0,0.022374389954794,0.0667923349133001,-0.044417944958506,-0.003051603436995,-0.0588176101033374,0.0301165112787352,0.0879922082257109,-0.1757596011320469,-0.2795748774956128,-0.1620795311467966,-0.2058761124107822
Kdm5c,41515.0,0.0388258238974126,0.0,0.1597722739561653,0.0,0.0,0.0,0.0,0.0,0.0,0.0,0.0472295448716526,0.0417162133619904,0.0055133315096622,-0.0453859670895513,0.0431912838112078,0.0,0.0,0.0,0.0,0.0,0.0
Slc35f1,421089.0,-0.4804806080876558,0.1699250014403088,0.0,0.0,0.0,0.0,0.0005823265689655,-4.656195517241379e-05,16.546731065511253,0.000981198894073,-0.0118436490505223,-0.007952457761283,-0.0038911912892393,0.025252446902365,0.0171213536596547,-0.0538093921416875,0.5278128083721586,-0.2565040384813304,-0.7115707950379955,-0.5129663934320821,-0.2026946463396429
Scly,22737.0,0.2585664042958129,-0.4405725913846252,0.064276209284285,0.0,0.0,0.0,0.0002788704558823,-0.0002380550764705,17.732182822673963,0.0006615207804796,0.0257953328915837,0.0286583188511926,-0.0028629859596089,-0.054683120390287,-0.0083216726864521,0.0325673439270141,0.4028655455412357,0.141085524107944,-0.2453236867359416,-0.2614276265097301,0.1085181801809298
Gtf3c2,24139.0,0.3844122880864069,0.146841388328772,0.2073332202743667,0.0,0.0,0.0,0.0007509002614035,-0.0003620094964912,16.988484869121276,0.0009430941279889,-0.0125781995011224,-0.0129417567338205,0.000363557232698,0.0554685409264956,0.0052082819392242,-0.0873432361765297,0.2802088689325193,0.1336463505823455,0.0203350367531667,-0.2682812975407644,0.2209895867588753
Gm16351,57763.0,0.096286316098721,1.0641303374162945,0.2110198820372143,0.0,0.0,0.0,0.0003785524444444,-0.0001715385333333,17.28195448865951,0.000295734724909,-0.0176606871182321,-0.0050116598013428,-0.0126490273168893,0.1013183348955876,0.045328252336633,-0.0155537623850943,0.537299609528032,0.0565955172693004,-0.3688091967506239,-0.3534390572807191,0.0721492796543948
Rbm10,33398.0,0.0249848842557667,-1.087462841240792,0.1365842799378318,0.0,0.0,0.0,0.0,0.0,0.0,0.0,0.0070207329116067,-0.0024345383399466,0.0094552712515533,0.0625008149751357,-0.012975539026963,0.0,0.0,0.0,0.0,0.0,0.0
D030068K23Rik,198589.0,0.0,0.0,0.0,0.8730039636900325,-0.275366260474005,0.8699394592103528,0.0003526468788617,7.394378000000001e-05,17.860722311319908,0.0008835187087655,-0.0080472177665127,-0.0113361211109116,0.0032889033443988,-0.1074969018533483,-0.0935110419953091,-0.1712163538597609,0.3075585854304636,-0.2494538049162394,-0.3975471515564277,-0.3275771315585996,-0.0782374510564784
Chrd,9257.0,0.2618422708241565,0.5525410230257184,0.1034570481802647,0.0,0.0,0.0,0.0009984651477272,-0.000389288365909,18.12242161818955,0.000996063069295,-0.0479589159522048,0.0091592484733331,-0.0571181644255379,-0.1082189460430678,-0.113209193525909,-0.0490235773179621,0.2585085993230926,0.1486529022705527,0.0932066947750822,-0.0993221295363322,0.1976764795885149
Aldoa,6917.5,0.1542683580369646,-0.9434164716283058,0.0399378543930778,0.0,0.0,0.0,0.0007795093941176,-0.0004981392441176,17.52490328769749,0.0011684694013746,-0.0229061919309904,0.0067062778058656,-0.029612469736856,-0.0405788665876187,-0.026517594528134,-0.0744870185645388,0.4766429410746329,0.2782770721537228,-0.0376905367014739,-0.238135560213768,0.3527640907182617
Rpl11,25163.0,0.1004245695538736,0.0,0.0,0.0,0.0,0.0,0.0003798203729166,-7.042256249999997e-05,17.779137134816413,0.0012262377012133,0.0184570277733963,0.0310412293893669,-0.0125842016159705,-0.0228768601398175,-0.0115807987216994,-0.1215996184660187,0.296806223034316,0.0987622564010881,-0.0314510613630638,-0.2723760374241282,0.2203618748671069
Rps16,2503.0,0.4036269088261659,-0.4150374992758383,0.1407965061053165,0.0,0.0,0.0,0.0007512814130434,-0.0002495668173913,17.20458401245427,0.0011759163948663,0.0022717623068118,0.0407981714044902,-0.0385264090976784,-0.088098112498859,-0.0516500327648845,-0.063471208022794,0.2058286985193922,0.138207116922565,0.1425006258291405,-0.0974876356165206,0.2016783249453591
Rpl14,3210.0,0.149401146129386,0.2499782530077272,0.0,0.0,0.0,0.8579809947233688,0.0,0.0,0.0,0.0,0.0355300774614337,0.0900520655420891,-0.0545219880806553,-0.0152552364305798,-0.0361621162068301,-0.0994229657267588,0.0392328963119974,0.0043321369038172,0.0131572997550808,-0.1915655031005827,0.103755102630576
Gm12296,133202.0,0.0,0.0,0.0,0.785506042185974,0.370569669619714,0.1375035237237042,0.0006400345690797,-4.996963558282205e-05,17.079833130580514,0.0008351098089178,0.0459662407383958,0.0792863313068757,-0.0333200905684798,0.1388601505254982,0.1738175739612475,0.0090771903733516,0.4567145145654789,0.0398928163795441,-0.4926603374253262,-0.468535319356791,0.0308156260061924
B230110G15Rik,18690.0,-0.4798578744495145,0.9175378398004832,0.0,0.0,0.0,0.0,0.0,0.0,0.0,0.0,0.0574688792266294,0.0616139749793789,-0.0041450957527494,0.156733045248673,0.1251606934470288,0.1221430096717079,0.1802507160600396,-0.1165778996274973,-0.4104461614616539,-0.2083162900259634,-0.2387209092992052
Zswim8,16067.0,0.0522372065082499,0.0,0.1900267329590853,0.0,0.0,0.3899465181981889,0.0004416854621621,8.566903243243233e-05,17.219424289194947,0.001013183240344,-0.0105259466412457,0.0301992861883628,-0.0407252328296085,0.1440593828157204,0.0155403903849289,-0.0367856812551738,0.6121514298163664,0.2410683046218786,0.1326720079283649,-0.1894587901337883,0.2778539858770525
Pcsk1n,4588.0,0.1530947713858963,0.1699250014403088,0.1494714841596587,0.0,0.0,0.7004397177942905,0.0,0.0,0.0,0.0,-0.0093568924746442,-0.0156399271298924,0.0062830346552482,-0.0106384726861189,0.0086668031170583,0.0,0.0,0.0,0.0,0.0,0.0
Edil3,501751.0,0.0,0.0,0.0,0.1200907165779207,-0.5151858089641399,0.4677789612658138,0.0003421548448648,-4.923668711711713e-05,18.55973427158124,0.0005655488055627,-0.0194875232294852,-0.02291506721469,0.0034275439852047,-0.0346160405410891,-0.0480759184534634,-0.1580453422259414,0.7451044945309452,-0.4009418796422306,-0.8284751185774801,-0.9471678970878012,-0.2428965374162891
Cnih3,108013.0,0.0,0.0,0.0,0.0,0.0,0.0,0.0009587431706766,-5.8703598496240594e-05,16.081530978432582,0.0013779763329921,-0.040888416310083,-0.0420912697986075,0.0012028534885244,-0.237643622695092,-0.1820876970046351,-0.2251575276131263,0.3795957662214037,0.0662647003613932,-0.1763430294925085,-0.6171440348285309,0.2914222279745196
Tom1l2,126191.0,0.4453827784889763,-0.2630344058328315,0.2628964643592995,0.5220406940571929,0.3157642805622809,0.618909832464756,0.0012393385788732,-0.0005631416154929,16.389068300182988,0.0009215217034417,0.0084403161403215,0.0200176264400752,-0.0115773102997536,-0.0239899878144755,-0.0219546945503473,-0.051592445970732,1.0722248921112096,0.2311892319114696,-0.1414204885886283,-0.4222009295666458,0.2827816778822016
Ctxn1,1614.0,-0.0203908873862932,-0.9999999999855732,0.1233063573624995,0.0,0.0,0.0,0.0019473548181818,-0.0018351174090909,16.131094806519254,0.0007430158403785,0.0001113995852037,0.0943264512825301,-0.0942150516973263,-0.0766237070464094,-0.0568691476226743,-0.1151213517201375,-0.0203605747525728,-0.0916974762741656,-0.0283393431896143,-0.1781689316002341,0.0234238754459719
Ccdc73,150099.0,0.0,0.0,0.0,0.0,0.0,0.0,0.0001773754803448,9.844064229885057e-05,16.77168303554714,0.0006315737536781,-0.0084383749673263,0.0003454741582492,-0.0087838491255755,0.0115134167324491,0.0197266421058562,0.0475935900249061,-0.0903450330160817,-0.2367100713750333,-0.5264368762427769,-0.0633486625216672,-0.2843036613999395
Fhl1,61559.0,0.0587290860164577,-0.3625700793801285,0.1831256831427869,0.0,0.0,0.0,0.0,0.0,0.0,0.0,-0.0014445164971304,-0.0135750320525846,0.0121305155554541,-0.0979921692705134,-0.0668253389098222,0.0,0.0,0.0,0.0,0.0,0.0
Gabra3,224167.0,0.0,0.0,0.0,0.0,0.0,0.0,0.0,0.0,0.0,0.0,-0.0215588472283719,-0.0322834502964569,0.010724603068085,-0.1135884247588207,-0.032545796351071,0.0,0.0,0.0,0.0,0.0,0.0
Rpl34,3567.0,-0.1807916790854697,1.3219280948440812,0.0,0.0,0.0,0.0,0.0006832289117647,-0.0002018915205882,18.443749965227376,0.0006753569001848,-0.0055520441089014,0.0495108221843762,-0.0550628662932776,-0.0498431751032356,-0.0148772898990064,-0.0544412247563848,-0.1575850005188637,-0.2556797079701811,-0.3015838271587148,-0.0566918612499858,-0.2012384832137963
Limch1,311331.0,-0.2159565782810921,0.0,0.0,0.0,0.0,0.0,0.0015364431796703,-7.274559120879124e-05,16.031990526255267,0.00088306353402,-0.0247477060065853,-0.0211574141394284,-0.0035902918671568,-0.1599187805211248,-0.120199064799537,-0.1060460224283992,0.9019802224500248,0.123226612618304,-0.4522383571081823,-0.6010577230040886,0.2292726350467033
Luzp2,433387.0,-0.0144642554908323,0.5849625006971113,0.0862333823808834,0.2282219714956149,-0.3273230134941858,0.0,0.0,0.0,0.0,0.0,0.0014934507943034,-0.0049710427661952,0.0064644935604987,-0.0076478281286763,-0.0120993033492817,0.1418183217073426,0.2867720723244807,-0.1107688743399674,-0.9554347464629118,-0.1910382986118833,-0.2525871960473101
Homer2,107046.0,0.2487726857685226,-0.2313255461055261,0.134488898170206,0.0,0.0,0.4706859828386964,0.0002109540882352,8.232845882352946e-05,17.41177911777495,0.0009371826456626,0.0717403784622762,0.0940132960714005,-0.0222729176091242,0.2140525832658957,0.2708558591096783,0.0818541275289677,0.7547488000005288,0.2263490349063516,-0.1520193103872401,-0.4554382464338117,0.1444949073773838
Hpca,10466.0,0.3686178227207923,0.3973354975445371,0.2137933384696117,0.9030139637771326,0.2613060841939711,0.8314492012730164,0.001228306072,-0.0001688663339999,17.540085411705046,0.0014079925332275,0.2500128383104667,0.3417671722996538,-0.091754333989187,0.1090221057319257,0.0997947254977361,0.0245005431717499,0.446359004600505,0.0540799386576984,-0.2792640433906195,-0.1934407888395415,0.0295793954859485
Spock2,28979.0,0.0628909173591196,0.1699250014403088,0.1071546438036631,0.0,0.0,0.0,0.0008953346475,0.00033803809,17.203699495828815,0.0012638147869492,0.0108950075373114,0.0688540544382646,-0.0579590469009532,-0.061563520270483,-0.0259970210662731,-0.0684431340724469,0.2922472023982226,-0.0198954389457741,-0.1597751583468976,-0.3156682904412831,0.0485476951266727
Hist3h2a,2145.0,0.0,0.0,0.0,0.1021969080553295,0.4877479912868736,0.0,9.574736e-05,-8.922548666666664e-05,18.270541114341363,0.0010959092159514,-0.0120611991788612,0.0816754226266252,-0.0937366218054864,-0.0570568443482483,-0.0857185596989428,-0.008750440829413,0.5299967550960409,0.1547146684489257,-0.0077181377064419,-0.1658650757443425,0.1634651092783388
Zkscan3,15752.0,0.0,0.0,0.0,0.0,0.0,0.0,0.004590198,-0.0026467969999999,15.617065640352328,0.0,-0.0266875930034836,-0.0291357491880032,0.0024481561845196,0.0517257446774921,-0.0209349416858826,0.1112163647792009,-0.0946341138788846,-0.1761493010449766,-0.4008018560912714,-0.0837350126539848,-0.2873656658241775
Cd38,43822.0,-0.224285084514884,0.0,0.0,0.0304734474204263,-0.8501822970549234,0.1408625358054382,0.0005864820163392,-4.3935855e-05,18.43719269768976,0.0010068779446769,0.0522545246901492,0.0326438029248804,0.0196107217652687,0.0949812202284366,0.0916933566411298,0.2842105690896524,0.2761959433612547,-0.2665759012697354,-0.9968700746207416,-0.1368399906419976,-0.5507864703593879
Homer1,105494.0,0.0,0.0,0.0,0.0,0.0,0.0,0.0003744024799999,0.0002937519066666,18.39418010892416,0.0005447097602397,0.0654012577111905,0.0618863043883176,0.0035149533228728,0.095853711110551,0.0617976593181164,-0.0130495938565131,0.4888158482493364,-0.1241719477716671,-0.5822350007931926,-0.3488904677477613,-0.111122353915154
Adk,395995.0,-0.3780872061719584,0.8073549220421463,0.0,0.3262061430921464,-0.1026147852525872,0.2655692258357011,0.000836952755102,5.473374421768706e-05,16.59207744448011,0.0013857734705474,-0.0020067873561203,0.0006219778329934,-0.0026287651891137,-0.0342658309552852,-0.0150287486280916,-0.0587555509426882,0.771964714628621,0.0811267039659771,-0.7560732937857164,-0.708886603235569,0.1398822549086653
Smc3,45435.0,-0.0650334591946792,-0.1926450779398196,0.1018724490137858,0.0,0.0,-0.070715542788346,0.0003660682588888,-0.0004919193533333,19.579723160597,0.0006231956871223,0.0422294135647463,0.0509825770234848,-0.0087531634587385,0.0178799496642263,0.0039350034285144,0.0845104614148654,0.7895524661700778,0.2000889151486984,-0.0933205933132965,-0.1646425639680152,0.1155784537338329
Esrra,10836.0,0.3254170643158951,-0.331205908474419,0.1122452379827649,0.0,0.0,0.0,0.0010158039533333,-0.0005989938366666,18.028909321933703,0.0012070348871393,0.0032961328942489,0.1303097697285817,-0.1270136368343328,-0.006454819863858,0.0021896877556494,-0.0308597121514008,0.4237141026245872,0.1659974075684749,-0.0604332464184969,-0.1209850350308023,0.1968571197198758
Hs3st2,109911.0,0.0,0.0,0.0,0.0,0.0,0.0,0.0005944406956521,-3.941403260869566e-06,16.85050535997768,0.0011346583031713,-0.0120230301221441,-0.0116127645218908,-0.0004102656002532,-0.1152133256099817,-0.1002460638432335,-0.1895484760137696,0.6729547088381402,0.2939680058570768,-0.1861404258641479,-0.5255116468068597,0.4835164818708463
Camk2g,59213.0,0.1326720079283649,-0.7369655941565885,0.1951741287807128,0.0,0.0,0.0,0.0013190157811881,-0.0008698322326732,16.82734616830268,0.00136108567322,0.0094351804384476,0.0408775799696703,-0.0314423995312226,0.0711078612875916,0.0310914291892773,-0.0415928317930699,0.4904042243384983,0.1569150517933706,-0.0785639772275625,-0.421974295635356,0.1985078835864405
Cdh18,925396.0,-0.4432858530584678,0.0,0.0,0.8472545610267314,-0.793696858619398,0.0,0.0003403940572727,-0.0001898813481818,19.40820299795861,0.0002732366288703,-0.0149456811873615,-0.02376309108086,0.0088174098934985,-0.0053413904982281,-0.0143175405880331,-0.0013353053136389,0.3983323287340568,-0.1467077360373342,-0.793696858619398,-0.5322168723160091,-0.1453724307236953
Prrc2a,15821.0,0.2306568855231194,0.4150374992758383,0.0630745938013474,0.0,0.0,0.0,0.0026969658904761,-0.0004006319714285,16.779016677254763,0.0021334912023616,0.0438531461219386,0.067976440836262,-0.0241232947143233,-0.0260479617778037,-0.0014223378117088,-0.2098863249093768,0.1842075234810634,0.0462630371528098,0.0920581124624648,-0.3430413920500826,0.2561493620621866
Srrm3,67882.0,0.1776206815603789,-0.3625700793801285,0.1311692835711992,0.0,0.0,0.5437810471115511,0.001971375846875,-0.000450621596875,15.497383847566413,0.0013800793483293,0.0479731429849234,0.0604637739402857,-0.0124906309553623,-0.0047764175146501,0.0306348394503741,-0.0715952062751575,0.4207676853304317,0.21235507728065,0.0888706923079898,-0.2614276265007624,0.2839502835558076
Edf1,4235.0,0.350235147031658,0.1926450779415374,0.2538915036632946,0.0,0.0,0.0,0.0004240640037037,0.0002465924888888,16.986674234351142,0.0006964711816176,0.0286379456708543,0.0585672916914468,-0.0299293460205924,0.0368216009335707,0.0046079449529029,0.0191808447086413,0.3750220951198199,0.261527530910263,0.1596594266867379,-0.033641946413967,0.2423466862016217
Taf1,69055.0,0.0,0.5235619560542686,0.0,0.0,0.0,0.0,0.0,0.0,0.0,0.0,-0.0136000120166679,-0.0212641244299212,0.0076641124132532,0.0427584015066395,0.0261001612193629,0.0,0.0,0.0,0.0,0.0,0.0
Ctps2,131270.0,-0.5280016833935863,-0.5849625006971113,0.0,0.7510238781695867,-0.7479769280166406,0.0,0.0,0.0,0.0,0.0,-0.0040467751364029,-0.0052276182584534,0.0011808431220505,-0.1056696980666666,-0.1031198041420857,-0.08490221393823,-0.8328791419548707,-0.8328791419548707,-0.7479769280166406,-0.08490221393823,-0.7479769280166406
Dhx30,33510.0,-0.1884028053331148,0.8073549220421463,0.0,0.0,0.0,0.3195591353183448,0.0019687675391304,-0.0006693583326086,17.040472252218386,0.0008673385737477,0.0201293360873865,0.04782162408113,-0.0276922879937434,-0.0177144259000263,-0.0346699671517167,-0.0393808442344312,0.0503779164310272,-0.0145464192252425,-0.088188076094219,-0.1451213720897355,0.0248344250091886
Dnajc6,146151.0,-0.0581016136076968,-0.459431618632379,0.0,0.0,0.0,0.0,0.0013036667664179,0.0002377259544776,15.38519473316833,0.0013640129066139,-0.0141096099804091,0.0022490768597017,-0.0163586868401108,-0.1074776272657278,-0.1593876662359511,-0.1271665273228668,0.536703796539451,-0.020257668506891,-0.4753217194774608,-0.7760007992509186,0.1069088588159758
Gm17066,5286.0,-0.2239153683406862,0.0,0.1304596577304224,0.0,0.0,0.0,3.241449999999988e-05,-0.0016673558999999,20.41699539649441,0.0,0.0044999719045862,0.0147875437751894,-0.0102875718706032,-0.0450212387729619,0.0128284804181603,0.0,0.0,0.0,0.0,0.0,0.0
Glt1d1,77112.0,0.0,0.0,0.0,0.0,0.0,0.0,0.0005079927610169,-0.0002467028584745,17.61404363858398,0.0009385609618399,-0.0133949234841138,-0.0171291007858795,0.0037341773017657,-0.056854954378307,-0.0531159662823326,0.015779339922199,0.7642037712225935,0.3183671046517301,-0.0331961868298431,-0.3143114687029789,0.3025877647295311
Tubb2a,3733.0,0.1768621773951699,0.0,0.1289111477051289,0.0,0.0,0.0,0.0014180175722222,-0.0002378364388888,18.137851769379036,0.0013913800857117,0.0500299253047273,0.0233354449443641,0.0266944803603632,-0.0045624858546455,0.0070985404024188,-0.0248545813234316,0.147934748683167,-0.1118756308526109,-0.284373428490879,-0.1065748724148778,-0.0870210495291793
Cebpd,3745.0,0.2422032373913505,0.3625700793824178,0.1321029312012452,0.0,0.0,0.0,0.0009339778,-0.0001484944151515,18.049777230186333,0.0006744981077091,0.0081176233718232,0.0667485454041663,-0.0586309220323431,0.0721812593900104,0.0367631939250169,0.0053841785943084,0.2579172096661637,0.0827715400848219,-0.2107747608144805,-0.1418646805093799,0.0773873614905135
Usp40,63432.0,0.0,0.0,0.0,0.0,0.0,0.0,0.0009752937768115,-0.0005358641057971,17.861792212085387,0.0008155621952315,0.0003791253667506,0.0125948142678383,-0.0122156889010877,0.0314575080400909,0.0158178201762054,-0.1353220765756684,0.6972022550510291,0.1040161626652343,-0.1588219799363446,-0.613103064684311,0.2393382392409028
Gripap1,30802.0,0.1446650745312458,-0.5849625007151449,0.1650521313714653,0.0,0.0,0.0,0.0,0.0,0.0,0.0,0.0173641727494728,0.0383293225216538,-0.0209651497721809,-0.045361403509858,0.075280553720895,0.0,0.0,0.0,0.0,0.0,0.0
Cadm1,327464.0,0.0,0.0,0.0,0.7567594067530712,0.6921038268677984,-0.2802083445638235,0.0005616239221322,-0.0001786067601484,17.820561108515328,0.0008930461200954,-0.0999722934073246,-0.1044918989596308,0.0045196055523061,-0.3391227693210452,-0.290616778942688,-0.1680322314897217,1.0465722806281696,0.2001823962967769,-0.2965046348311937,-0.881748301737979,0.3682146277864985
Rps4x,4453.0,-0.0022377978625884,-0.1926450779398196,0.1597518408092307,0.0,0.0,0.0,0.0,0.0,0.0,0.0,0.0159960826777005,0.0665485099266068,-0.0505524272489062,0.0002311260832748,-0.0417917422672778,0.0,0.0,0.0,0.0,0.0,0.0
Elp4,203537.0,-0.316043104654379,-0.5849625007131416,0.0,0.0,0.0,0.0,-1.0150800000000276e-06,-0.0001377572999999,18.51695893174419,0.0004317421845532,-0.0192479542585348,-0.0188419491456197,-0.0004060051129151,-0.1391746232661894,-0.1098973139003933,0.0559037230162457,0.3858970738646762,-0.1066322500538309,-0.5226626902576769,-0.2406690663476678,-0.1625359730700767
Taok2,19025.0,0.2998941393141576,-0.4360991148044597,0.0658032693632683,0.0,0.0,0.0759488532133028,0.0003180513999999,-8.391506999999984e-05,16.142544045404453,0.0005597693269902,-0.0239016394842012,0.0226000368124307,-0.0465016762966319,0.0036708716335809,0.0074014729465932,-0.1278847198855335,0.4160464058561696,0.2373448073931587,0.1542683580369646,-0.1601442906642504,0.3652295272786923
Slc16a2,124569.0,0.0,0.0,0.0,0.0,0.0,0.6553518284808795,0.0,0.0,0.0,0.0,-0.0197482587588246,-0.0123961086862434,-0.0073521500725812,-0.1093679820867417,-0.1026093194041522,0.0,0.0,0.0,0.0,0.0,0.0
4933411O13Rik,18338.0,-0.2146685839144582,0.0,0.094159936432357,0.0,0.0,0.0,0.0,0.0,0.0,0.0,0.0612148314906185,0.0798240467709536,-0.018609215280335,0.2696164587665179,0.2096980625049334,-0.1276733066832131,0.0790313406601965,-0.1328191690988932,-0.0941868167078999,-0.4627967972111355,-0.0051458624156801
Pabpn1,5669.0,0.1044193517499136,0.1154772174190115,0.1395044565779595,0.0,0.0,0.0,0.0015356600892857,0.0008445875178571,17.53665167229166,0.0035164247114157,-0.0247395825715757,0.0022003660835938,-0.0269399486551695,-0.0451211386348247,-0.0459278481300032,-0.1409548363336104,-0.0909779328102646,-0.1561514923371014,-0.1774936316193471,-0.2380782524226297,-0.015196656003491
Rps9,2904.0,0.0,0.0,0.0,0.0,0.0,0.0,7.240314285714294e-05,0.0004646851714285,18.74744202902009,0.000719283070462,-0.0168944287811452,0.0507286609245574,-0.0676230897057026,-0.0308883394842423,-0.043426907847883,-0.0813515600903731,0.2761350676113476,0.2506741575831874,0.3238091910687073,-0.1150289967233866,0.3320257176735606
Pcyt2,7849.0,0.0,0.0,0.0,0.0,0.0,0.0,0.0,0.0,0.0,0.0,0.0940096661112289,0.0866686369055692,0.0073410292056596,-0.0349358591703604,-0.0461072553575616,0.0868297787331899,0.2354225718845377,0.1877026732023463,-0.0217444715733168,-0.0870319210307808,0.1008728944691563
Irak1,10004.0,-0.0713412328177196,0.5069599887176333,0.0771198885047791,0.0,0.0,0.0,0.0,0.0,0.0,0.0,0.0105576002726483,0.0402143307458096,-0.0296567304731612,-0.0369756596457692,-0.065582832806803,0.0,0.0,0.0,0.0,0.0,0.0
Mapkbp1,54709.0,0.0,0.0,0.0,0.0,0.0,0.0,0.0007149755808988,0.0002043649168539,16.75443055145795,0.0010049914071027,-0.0037047782737337,-0.0075783492099227,0.0038735709361889,-0.2292007789242323,-0.2416623521831024,-0.1659386039321138,0.5854918676632079,0.190570308676122,-0.0943232482342137,-0.8573493391360976,0.3565089126082359
Zdhhc23,14758.0,0.1848480678038813,0.0,0.0450777069974896,0.0,0.0,0.0,0.0,0.0,0.0,0.0,0.1288328472954325,0.1599660219732845,-0.031133174677852,0.0601871317077572,0.0980868378957248,0.0847781161539194,0.4352631512164528,0.0668807506221816,-0.1694042022891622,-0.1132136226840476,-0.0178973655317378
Nlgn2,14662.0,0.3880900200230996,-1.0703893278838406,0.1748336105035105,0.0,0.0,0.0,0.0005310044111111,-0.0007341334999999,16.174207494626604,0.0010302621186704,0.0045296430834207,0.0308550593934048,-0.026325416309984,-0.0371996325432686,0.004137858599378,-0.0582205415144744,0.5110224982149061,0.206866266001489,-0.0053810884300591,-0.2490892919323689,0.2650868075159635
Anxa6,54337.0,0.0,0.8930847960739761,0.0,0.0,0.0,0.0,0.0012741491855263,1.7487539473684282e-06,16.698996054472207,0.0015605638420283,-0.0250804888555138,-0.0254467403051094,0.0003662514495956,-0.173069976515391,-0.1634113105974446,-0.1321525178318224,0.9541364613569988,0.274983527547068,0.0421650340537596,-0.6928906736493212,0.4071360453788905
Plxna4os3,12785.0,0.0267450116890022,1.0443941193538082,0.1244097146792152,0.0,0.0,0.0,0.0004582305495384,-2.3607028307692283e-05,18.586458097915056,0.0007244129027085,0.0214445850021179,0.0389227485522912,-0.0174781635501733,0.0791568068262501,0.0466222565226727,-0.1200774492326636,0.2481866368913964,0.0994017127900227,0.1516314535279903,-0.4419998721243117,0.2194791620226864
Prdm2,105604.0,0.0960819275306663,0.5849625007091332,0.0,0.7088518667201927,0.2079032484933045,0.3083356800770156,0.0008187216137333,0.0001822278982666,16.986735419820235,0.0012349644018518,-0.0083722008543105,0.0179095904807986,-0.0262817913351092,-0.061520610292451,-0.0931191732660075,0.0541483224728067,0.9087676459524284,0.3338853301692415,-0.0820121027691866,-0.8057481426432413,0.2797370076964346
Rap1gap2,227559.0,0.132032431588446,0.4150374992758383,0.0,0.4801854574775885,0.669433261077783,0.3167489881687311,0.0,0.0,0.0,0.0,0.0168311691475582,0.0276459823517288,-0.0108148132041706,0.0623620659610286,0.0587842103247346,-0.0207188519072048,0.6622283023144309,0.2414904812230739,-0.167371163302008,-0.568708945372058,0.2622093331302788
Rsrc2,20988.0,0.2802567670612816,0.4150374992773411,0.1068213147640947,0.0,0.0,0.0,0.0009497258051724,0.0007308020448275,17.08793469088047,0.0016837927129834,0.0206714417106579,0.0292736750693666,-0.0086022333587087,-0.0101510091578342,-0.0367480001466022,-0.2006240781342945,0.1017322648575151,0.059734796636129,0.1913785768088454,-0.2276069078744864,0.2603588747704235
Lrrc1,114047.0,-0.2577519714094824,0.222392421333013,0.0,0.0,0.0,0.3157362325185358,0.000646780137037,0.0001311438296296,15.271809468101289,0.0006813358117841,-0.0041907495024355,0.0109493256756786,-0.0151400751781142,-0.0135972896943572,-0.0029412225607181,0.1226789256791542,0.3256837658831621,0.0296786753228263,-0.4936108188744217,-0.3664332403869266,-0.0930002503563279
4932443L11Rik,44360.0,0.2386744593472469,0.0962153152589824,0.1002387777614577,0.0,0.0,0.2048197918561347,0.0020053124999999,-0.0011446103499999,15.190148445336622,0.0010237899603141,0.0382045502566349,0.0764551663870068,-0.0382506161303718,0.0215956842770408,-0.009644541731709,0.0145164887256688,0.4261609441003461,0.1019351566645042,-0.1947724102951635,-0.1796950740634417,0.0874186679388354
B830012L14Rik,7001.0,0.0,0.0,0.0,0.0,0.0,0.0,0.0007505200076923,-0.000129236976923,19.2592960569382,0.0006026061191939,0.076315457983124,0.0360591471413744,0.0402563108417495,-0.0413839942972635,0.0164961703740382,-0.1229505651012495,0.0211173645173962,0.0007905542242131,0.1063538451476396,-0.1606646495722556,0.1237411193254627
Dach1,382912.0,0.0,0.0,0.0,0.0,0.0,0.5849625004539907,-0.0002131362859036,0.0001009281554216,19.259642416554705,0.0004296992065513,0.0047291098708758,-0.0024582418075518,0.0071873516784277,-0.0449947264025991,-0.0304498038574438,0.0359989750604955,0.1901726030270837,-0.1380173365480434,-0.4581628033435274,-0.1986918711529911,-0.1740163116085389
Eef1b2,3661.0,0.0411966551538105,0.3219280948801484,0.0525733357458068,0.0,0.0,0.0,0.00375340325,-0.0013357249999999,16.11946153607494,0.001446571258083,-0.0118020426557897,-0.0023224682086717,-0.009479574447118,0.0171218417122286,-0.0908058345878627,-0.0624880057623603,-0.1448781861425283,-0.1792999377048178,-0.2205528737251301,-0.102365881881286,-0.1168119319424575
Hnrnpl,13725.0,0.3694080125377459,0.3219280948837557,0.1646286240679591,0.8416361071932299,0.4132514466183168,0.0,0.001877106932,-0.000904121252,17.169846280706416,0.0007658620617304,0.0361083365528422,0.0718381243210224,-0.0357297877681801,-0.0275558552178241,-0.0195639447292197,-0.0426351440881451,0.4016526871321297,0.1239278771012331,-0.1684643442060482,-0.2300993931610491,0.1665630211893783
Gfra1,220305.0,0.0,0.0,0.0,0.9711954704531776,0.8293497636380726,0.3429367411670141,-8.679576086956531e-06,-0.0002097684891304,17.000163961351287,0.0005204781696368,-0.0024305144121556,-0.001725001743988,-0.0007055126681675,-0.0386225748340871,-0.0311150163260361,-0.1496765257377124,1.1298123836815963,0.274784822477104,-0.3830998543574015,-0.5770967308431691,0.4244613482148165
Srrm1,32837.0,-0.1235947561548833,0.1926450779398196,0.0,0.0,0.0,0.6601621043383076,0.0017133320732142,-0.0003736345517857,17.64550932457194,0.0016697226904662,0.0031909528738097,0.0461741950565457,-0.042983242182736,-0.1132457251566585,-0.1320196873446498,0.1102991959190022,0.3636266508301784,0.2177105401456763,-0.1266082944082034,-0.0478079039510035,0.1074113442266741
Nsg2,58739.0,0.0568885316757561,0.1622714288985118,0.1343707370409957,0.0681872519485487,-0.3829661538950297,0.0,0.0017588970714285,-0.0005315765,16.199161663063073,0.0009732385909964,0.035908424286391,0.0485468403295702,-0.0126384160431791,0.0720528295096496,0.0662098843804028,-0.000427459661956,0.3268949515723529,-0.0282253454200877,-0.448536389284208,-0.2583416466425228,-0.0277978857581316
Firre,79577.0,0.0,0.8624964762441629,0.0,0.5297155916101319,1.2844325139542874,-0.1900085396977004,0.0,0.0,0.0,0.0,-0.0163431746454317,-0.0204406040340559,0.0040974293886241,0.0639160471041188,0.0887798216595057,0.3047483569827079,2.2988889903903957,1.5891808709369954,0.4907756839018434,-0.1475366599823774,1.2844325139542874
Mms19,40071.0,-0.056447654099033,0.0,0.0452555887055525,0.0,0.0,0.0,0.0014699373021276,9.836619148936164e-05,15.897227726981386,0.0016609240717745,-0.0041165162038413,0.0327155570648513,-0.0368320732686926,0.0674306359819353,0.0151880069110884,-0.0637040939273872,0.5918830982436429,0.2197089334299493,-0.1403508272086533,-0.2291009102170014,0.2834130273573366
Gm13986,253911.0,0.0,0.0,0.0,0.8747184106145143,-0.633361501217075,0.3479233033266253,0.0005773478892857,-0.0001720561607142,18.185521727424213,0.0009818829734853,0.0037960903148102,0.0075511459383145,-0.0037550556235042,0.1047781395998623,0.0729111005940763,0.0556439356704393,0.39349475515579,-0.2639045703680889,-0.8486456470246575,-0.5244620323014819,-0.3195485060385282
3222401L13Rik,6291.0,0.0742107149740229,0.1520030934434468,0.1041155496665753,0.4815372655718589,0.4033296989536796,0.0,0.0,0.0,0.0,0.0,-0.0187512040185404,0.006607079550392,-0.0253582835689325,0.0051703055725311,-0.0706554566863629,0.6678937743219715,1.2641741542567804,1.0305979861945176,0.2463427807133658,-0.3651755512303616,0.362704211872546
Pitpnm2,131070.0,-0.0154051051044676,-0.222392421333013,0.0,0.0,0.0,0.2449026336942161,0.0013880121940594,-0.0001425519861386,15.326488052381492,0.0018714328812369,0.0064439959374074,0.0272622537104272,-0.0208182577730197,-0.0018249885487519,0.0067302194906303,-0.0232454890110056,0.6521961487278827,0.2653491576981951,-0.084600767883613,-0.3840469131642584,0.2885946467092008
Gm11613,16183.0,0.494311999847655,0.1154772174194738,0.2185584163407404,0.0,0.0,0.0,0.0027988113666666,-0.0019874023666666,15.611728425657814,0.0017634912960349,0.032917888482561,0.0509868589851428,-0.0180689705025818,-0.0114903140784188,0.0025553619159888,-0.1222570056794245,0.6298859870228146,0.1697908900697151,0.0293043337115151,-0.5672360559858686,0.2920478957491397
Araf,62705.0,0.0947895014662116,-2.0506260730543326,0.1516395934976378,0.0,0.0,0.0,0.0,0.0,0.0,0.0,-0.0106423106321071,-0.0024074333443799,-0.0082348772877272,0.006142627501024,-0.0351317699528397,0.0,0.0,0.0,0.0,0.0,0.0
Tuba1a,3866.0,0.2608953266297429,0.5193741590921261,0.0968846317059725,0.0,0.0,0.0,0.00205989025,9.249250000000105e-06,15.8016786438737,0.0018187019757355,0.0048170068646902,0.0611268812201759,-0.0563098743554857,-0.0187553567575068,-0.0391423927005258,-0.0625017981029215,0.3834480917325799,0.1228927076318986,-0.0451941619212625,-0.1254770577520365,0.1853945057348202
Ptpn14,148427.0,-0.1551742297990377,0.9999999999919846,0.0,0.0,0.0,0.1733316028508121,0.0010681578327868,5.23828136885245e-05,17.19498178172219,0.0010624835742259,-0.0004757650878921,0.0078115186534592,-0.0082872837413514,-0.0558918398467388,-0.0367583738116256,-0.0989672770339018,0.953450084701374,0.2697534095799223,-0.2083578366012101,-0.6837576182548313,0.3687206866138241
P2ry14,39763.0,0.0,0.5474877952989883,0.0,0.0,0.0,0.0,0.0009531374,0.0003356530772727,16.328875093398754,0.0011937090362244,-0.013722539855979,-0.0180003959558546,0.0042778560998755,0.04202033820965,0.0269760608834925,-0.0156886672206399,0.3834480916984364,-0.0329804095756912,-0.2751697400632881,-0.2614276264995941,-0.0172917423550513
Dennd4c,102048.0,-0.054150141271001,0.1699250014403088,0.0,0.0,0.0,0.0,0.0012483405636363,9.363817727272729e-05,16.899237208259866,0.0010720019186342,-0.0047476496685926,-0.0079228434431224,0.0031751937745298,-0.05448783937572,-0.0255650671455045,-0.1345738382238633,0.5671600448181493,-0.0075369078931066,-0.1704349183119049,-0.5833557212912451,0.1270369303307566
Rps5,4396.0,0.0,0.0,0.0,0.0,0.0,0.0,0.0003122893333333,0.002045935,16.106389937022062,0.0003299570946961,0.0301137138900637,0.0700317501796453,-0.0399180362895815,-0.1013104762270079,-0.1142652321042457,-0.0590886112273325,0.5242774411956626,0.3181922901822266,0.0859338104972442,-0.1706621625858013,0.3772809014095591
Spock1,487137.0,0.0,0.0,0.0,0.7691598166635785,1.059163960073112,0.7563127714338282,0.0003022765073076,2.3184174658119663e-05,17.44887474825855,0.0008378209570841,-0.0056410969489336,-0.0073475446987792,0.0017064477498455,-0.0736281053494697,-0.059592241308923,-0.0989327394288023,1.0532267898824634,0.2819256592083863,-0.6102965697618852,-0.7907978011838334,0.3808583986371887
Ugdh,22728.0,-0.0412830962277399,0.0,0.1031056932785649,0.0,0.0,0.0,0.000312394495,0.000841080815,18.0739374647977,0.0006914472053875,-0.0151367870650923,0.0023486377894162,-0.0174854248545086,0.039632885689635,-0.0187584636576875,-0.0780483968172873,0.047813293885746,-0.124223483556826,-0.2733520172474488,-0.2404217683961476,-0.0461750867395387
Gm20642,30359.0,-0.0193037413375569,0.2630344058289848,0.0879622691973482,0.0,0.0,0.0,0.0004379566265853,-5.409409999999996e-05,18.312358753527864,0.0010695460313809,0.0034497438562204,0.0041521647673647,-0.0007024209111442,0.0879024940725032,0.0299178859735006,-0.1171402173266448,0.2466899542245527,-0.1115897322837952,-0.3596789659437841,-0.3384686622269578,0.0055504850428496
Ndufb8,6868.0,0.1466936020300671,0.0,0.0,0.0,0.0,0.0,0.0007601155907407,-0.0001461646314814,18.262188307961143,0.001210354949112,-0.0122632903906161,0.0112769226409436,-0.0235402130315598,-0.0334047538108469,-0.0328839360410013,-0.1441832226920001,0.1269534294060368,0.1230982858098654,0.1945342327739041,-0.2207856420161329,0.2672815085018656
1810013L24Rik,28822.0,0.1530101608071006,0.1154772174190115,0.0,0.0,0.0,0.0,0.0008462069513888,-0.0004131288180555,17.603047940782957,0.0010591773821835,0.0084853296089216,0.0640357523078714,-0.0555504226989497,0.0062708870364627,0.069603727327796,-0.1956180387287903,0.2603077570724841,0.0959127256229935,-0.0372281482520966,-0.6578056705307808,0.2915307643517838
Osbp2,160172.0,0.1019332583302889,-0.5405683813586042,0.01361576951281,0.0,0.0,0.3441062749249672,0.0008591391416666,0.0001233103770833,16.135577674006708,0.0013529956332699,0.042581466820271,0.0670192446901598,-0.0244377778698887,0.1064954739688357,0.0709303862916314,0.0125104363500861,0.6140610198370553,0.2181303178082723,-0.1490445155112441,-0.6045722072764317,0.2056198814581862
Lpp,599071.0,-0.0688927965561219,0.9004643264446206,0.0,0.2384562336504063,0.2363328377338636,0.3216690411633502,0.0003707312403081,-2.7096533921568625e-05,17.02542381712557,0.0008184696346218,0.0133836197056782,0.0183173462834038,-0.0049337265777256,0.1076799996535448,0.0864050303610241,0.0730761063107382,0.6545761795865352,0.0175394921214609,-0.8729725864442398,-0.6249348250251326,-0.0555366141892773
Tbc1d9b,41389.0,-0.0079566453968284,-0.222392421333013,0.0471068297065963,0.0,0.0,0.0,0.0022425923344827,9.909681724137942e-05,16.859888805207852,0.000892489226981,-0.0013054601878646,0.0105007023762006,-0.0118061625640652,-0.013186527965879,0.0214655761714802,-0.0856856161279535,0.6336138172938117,0.216705516623509,-0.2181735816966057,-0.6927669380784068,0.3023911327514625
Nfkb1,106892.0,0.0,-0.4150374992668215,0.0,0.9776900046892472,-0.2923970636312734,0.5322247508170075,0.0011648104868686,-0.0002146177494949,16.16158088859333,0.0009914952702143,0.0079845177137819,0.0292352414085983,-0.0212507236948164,0.1777489178687435,0.1316446699331397,0.0558024207152,0.3316612891625167,-0.084888190659672,-0.5532123283040379,-0.4475239185837457,-0.1406906113748721
Srsf5,5003.0,0.010631156490624,-0.7004397181341564,0.0,0.0,0.0,0.0,0.0,0.0,0.0,0.0,0.020183118602078,-0.0025886351749486,0.0227717537770266,-0.0028174144341658,-0.0700856384190425,-0.0999799940158783,-0.2148231286295239,-0.2315571541291805,-0.1585793894929335,-0.1437162488951662,-0.1315771601133022
Cmip,202366.0,-0.2644136687838436,0.8073549220498757,0.0,0.0,0.0,0.44745897685464,0.0012534658037037,1.1270792592592944e-06,16.113071900566165,0.0009898603167944,-0.0093069480419837,0.0025962309965935,-0.0119031790385772,-0.0178824174451903,0.0123358307475687,-0.0828712268658837,0.5519393079511788,0.1174584458586419,-0.3274767586435674,-0.5652083746537697,0.2003296727245257
Ttll5,237234.0,0.0,0.0,0.0,0.0,0.0,0.2480850544557297,0.0009878056512618,-0.000246543631388,17.04548021416928,0.001225410083256,-0.0148535158231402,-0.0142924720271768,-0.0005610437959633,-0.1510012366289164,-0.1172918731037493,-0.0974837446416664,0.6729547088684944,0.095485320826393,-0.3951474820956288,-1.2646732856804666,0.1929690654680595
Nr4a3,41294.0,-0.2352906448187091,0.0,0.0,0.0,0.0,0.0,0.0003491580567272,-3.723350733333335e-05,18.07339826401862,0.0008307068062713,0.2299004350716453,0.2522662866380245,-0.0223658515663791,0.1566851388072114,0.1848211567927997,0.0811937928104909,0.226094484847162,-0.055399887775985,-0.3857903747504325,-0.0701045881649871,-0.136593680586476
Tbc1d24,30131.0,0.1608320782471741,-0.4694852832981371,0.0595423619385103,0.0,0.0,0.0,0.0012150985172413,-0.0001888021689655,17.316234709340364,0.0010614385173691,0.0070954092367759,0.0353428688156825,-0.0282474595789066,-0.0938924522193525,-0.0839308785862238,-0.1936847120276644,0.4926877632751532,0.1521535175510314,0.1334705649808107,-0.4752959754876656,0.3458382295786958
Apbb2,320081.0,-0.1935208980061968,-0.2801079191909164,0.0,0.1426950893146524,-0.0429041576213585,1.473931187819454,0.0013440575289795,3.417690693877548e-05,15.85341791681852,0.0012053407729098,0.0012696105003816,0.0044292597196008,-0.0031596492192191,-0.0665205219770856,-0.0206051512075882,-0.0538184588845734,0.7087047338073686,0.0273826661177044,-0.4719828617677989,-0.6179129433755196,0.0812011250022778
Pfkp,69009.0,0.4676964229882765,0.0,0.7014199735378044,0.0,0.0,0.2954558834047325,0.0001494290733333,0.0001055986733333,20.543250207685883,0.0003773654243472,-0.0101654473602014,0.0108921524688856,-0.0210575998290871,-0.0639048451145971,0.0158211682622353,-0.0756287026696705,0.6025653809692956,-0.0605806197063881,-0.4046542357007379,-0.4166189975485467,0.0150480829632823
Gm17106,122747.0,0.1912842872374462,1.4854268271609676,0.0,0.0,0.0,0.0,0.0009488246795275,0.0002148455417322,16.600239261935933,0.0013530870493102,-0.0003352249595286,0.0115024751352853,-0.0118377000948139,-0.0176017371450611,-0.01206969410729,-0.0943028216534986,0.5285647995943223,0.138703177642332,-0.1622650587448266,-0.5872601758048496,0.2330059992958306
Cit,163669.0,0.0,0.0,0.0,0.9598136805253208,0.3851475392222405,0.0,0.0008942568522627,-0.0001119378503649,16.195339354313948,0.0011900611103707,-0.0002713145103074,-0.006770372428217,0.0064990579179096,0.0097113084561589,0.0093079355394621,-0.0291541516009488,1.1918280190237884,0.514431406834093,0.1976308863300833,-0.4407513259316464,0.5435855584350419
Cdon,86524.0,0.0,0.1926450779398196,0.0,0.0,0.0,0.3368716092279278,0.0028477052674999,-0.0004557182799999,14.31504681825931,0.0013397330035537,0.0295653178709251,0.0372270443916285,-0.0076617265207033,0.0346335200781184,0.0118052539191251,0.0264235809609954,0.300985931468744,0.0388415866394937,-0.2783008748768938,-0.4337793652933583,0.0124180056784983
Rnf214,43486.0,0.3038623598372933,0.2895066171920701,0.1050505306522303,0.0,0.0,0.4150374991695487,0.0008460498263157,-0.0004664066947368,16.705921845103504,0.000767257245861,-0.0046275143443322,-0.000437675108933,-0.0041898392353991,-0.1339514392699872,-0.0482377494526404,-0.0357965646447409,0.5327770508072371,0.2127331772652993,-0.5255441193587223,-0.4246579753601913,0.2485297419100402
Osbpl3,162871.0,-0.1315037014162765,0.0,0.0,0.5800243900977402,-0.46661060430332,0.2580567380303709,0.0005445478004597,-8.938109810344826e-05,17.84558915974535,0.0007195136361959,0.0573094047743939,0.0681894712099601,-0.0108800664355662,0.26071526416467,0.2242655003896795,0.2027350673101761,0.4300981849745797,-0.022484442772446,-0.6925385202955656,-0.1390267209518882,-0.2252195100826222
Gsg1l,203991.0,0.0,0.0,0.0,0.5014673641293895,0.4894352767305913,0.5331354123263791,0.0007955171285714,0.0001000692607142,16.630593547051717,0.0011490808304241,0.0110208985211098,0.0207805210540406,-0.0097596225329308,0.0297274072771194,0.0222686049862955,0.1598205496681216,1.0199279332344398,0.443051038694102,-0.672606471450286,-0.6395998319761925,0.2832304890259805
Cdk9,7292.0,0.273617010669317,-0.5501970825588458,0.1045979736284647,0.0,0.0,0.0,0.0014144914789473,-0.0008214543947368,16.83875223207521,0.0023119140584861,0.0365991511436814,0.0621093408944289,-0.0255101897507474,0.0083334974028682,-0.0545490492957096,-0.0516717936171025,0.3146018060243827,0.0378008601606107,-0.4324878813144652,-0.2139113454315377,0.0894726537777133
Ptpn3,110996.0,0.0,0.0,0.0,0.0,0.0,0.5106129378730323,0.00100153863625,0.0001575409275,15.896811591328175,0.0008273797100986,0.0269620326189984,0.0430735059242085,-0.01611147330521,0.0423889495727792,0.0454624789305461,0.1780066298091016,0.4807769006207663,0.0257334047796979,-0.5478902475222565,-0.1437538247859624,-0.1522732250294036
Atp6v1f,2794.0,0.2779972796848886,-0.9999999999855732,0.3152183055126136,0.0,0.0,0.0,0.0015210842666666,-0.0001230142444444,16.581043097347376,0.0012956952365192,-0.0146973580312975,0.023275107279546,-0.0379724653108435,-0.0475572231754858,-0.0435704875964906,-0.1342675282707631,0.1079705003553248,-0.0060958716371363,-0.0873172521888565,-0.2356900651007853,0.1281716566336268
Rpl12,3786.0,-0.0260764190742657,0.459431618632379,0.0695355646293334,0.0,0.0,0.0,0.0002872187081081,-0.0004413790891891,17.47078403874674,0.0006808431554422,0.0056106988383093,0.0758061570472239,-0.0701954582089146,-0.0696206844669432,-0.0310472074377892,-0.186841353196546,0.3088341779899893,0.1517064397585666,0.1927898338229949,-0.247341870209605,0.3385477929551126
Stard13,196326.0,-0.0538342908203235,0.4150374992668215,0.0,0.1039069367857428,0.0438876568569446,0.5326936131518076,0.0007866314955465,-0.0003026036777327,16.60993944260804,0.0009737175021602,0.0136894460917643,0.0214931624741234,-0.007803716382359,0.0044108792294077,0.0382032349783298,0.1147897786627858,0.6990675492130551,0.2202769564913438,-0.4077236412735716,-0.338071717705569,0.105487177828558
Prkab2,15619.0,-0.1966142997250073,1.807354922040429,0.0,0.0,0.0,0.0,0.0008823025448275,-4.785488965517231e-05,17.224129467579612,0.0010978711482245,-0.0044401542794415,0.0287802462462568,-0.0332204005256984,0.0971248802781199,0.0407622232158784,-0.144626207209453,-0.0709973155172617,-0.1480131330322791,-0.1427016449848874,-0.4918017834576202,-0.003386925822826
Rpl22l1,1988.0,0.0,0.0,0.0,0.0,0.0,0.0,0.0,0.0,0.0,0.0,0.0161440088686573,0.0350220523280375,-0.0188780434593802,-0.076819804546395,-0.069837298672258,-0.0504261551686362,-0.2877509900033717,-0.2977346666921119,-0.2689987228070798,-0.0621326897635001,-0.2473085115234756
Trpm7,84665.0,-0.1926135304544889,0.4854268271619979,0.036083120791579,0.0,0.0,0.0,0.0014423173607843,-0.0005071042,17.57060620314301,0.0013219431004442,-0.0047040561871161,0.0088382198358412,-0.0135422760229573,0.0581590572614146,0.0594744649740704,-0.0388656191798247,0.3826129570831824,0.0894860200270322,-0.5250492829765918,-0.3629656529222849,0.128351639206857
Uqcc2,11253.0,0.0,0.0,0.0,0.0,0.0,0.4110201757844206,0.00086198485,5.1309841176470485e-05,17.6706520116568,0.0017515612227603,0.0801879065467019,0.1295731379632876,-0.0493852314165856,0.0747535025980819,0.0313044405747196,0.0806652998224923,0.4168286724539649,0.2871918301518799,-0.0772680242614822,-0.2180801652966848,0.2065265303293876
Atp5k,1204.0,0.0,0.0,0.0,0.0,0.0,0.0,0.0008670539913043,-0.000398975673913,17.445606534556692,0.0007569962771295,0.0278663276192159,-0.0038857285088632,0.0317520561280791,-0.0255851120542932,0.015734154390634,0.1151424069171342,0.117217279985089,0.0740611863411889,-0.1458817403474142,-0.039156089598197,-0.0410812205759452
5330438D12Rik,74463.0,0.0,0.0,0.0,0.0,0.0,0.0,0.0,0.0,0.0,0.0,0.0207727187194355,0.0310290602602678,-0.0102563415408322,0.0481476020967652,0.0301408787399902,-0.1492063195723338,-0.1131202911088338,-0.1665286402029428,-0.1747447878379047,-0.3034380937087297,-0.017322320630609
Arpc2,32125.0,-0.14394816622824,-0.9999999999919846,0.0,0.0,0.0,0.3081222952302167,0.001362810325,0.00073928055,15.85777995882568,0.0014064750993173,0.0359144047153271,0.0548753880566845,-0.0189609833413574,0.1021890159065108,0.0224711540383153,-0.0556639451392795,0.1822425340181792,-0.0424805347317704,-0.1370219027825535,-0.2052772748692017,0.0131834104075091
Phkg2,9967.0,0.0792078268473552,-0.4360991148044597,0.0734103950065147,0.0,0.0,0.0,0.0010138639772727,-0.0015285591795454,17.45608901134385,0.0013734776914355,-0.0122963763129605,-0.028500192147121,0.0162038158341605,-0.0713055058964799,-0.034110305568445,-0.0805807604727576,0.3097729292971962,0.22516866605508,0.150228735834967,-0.151497187923512,0.3057494265278376
Zfp592,51483.0,-0.0042985042372749,0.459431618632379,0.0,0.0,0.0,0.0,0.0009795922558823,-0.0004300386088235,16.39208353458092,0.0007117675171139,0.0167853195629879,0.0359210017090524,-0.0191356821460644,-0.0155914851710496,0.0668786359358719,0.1639978636271795,0.5233783528242488,0.1834092024428782,-0.2217368664045262,-0.0777111993266208,0.0194113388156987
AY036118,0.0,0.0,0.0,0.0,0.0,0.0,-1.2294818458374477,0.0,0.0,0.0,0.0,0.0,0.0,0.0,0.0,0.0,0.0,0.0,0.0,0.0,0.0,0.0
Cttn,35276.0,0.2517878716707646,0.8073549220498757,0.0,0.0,0.0,0.2854022187813279,0.0006979428648148,-0.0002009066703703,17.703646301163612,0.0009966689389881,0.0228072663116423,0.0405140301544012,-0.0177067638427589,-0.0126987433247833,-0.0234340504734122,0.0248107279085355,0.4674309141024759,0.15921520903335,-0.2758065361713508,-0.234929824324941,0.1344044811248145
2010300C02Rik,108408.0,0.0818054408165105,0.0,0.1178322287896488,0.978311152231158,-0.1245209157329134,0.2309692370500271,0.0011746728725806,-0.000425041826344,17.393267003487075,0.0013342204144789,0.0824510077816997,0.0999170175808494,-0.0174660097991496,0.1389920429657491,0.0581430102862071,-0.0084400236414061,0.2572290651006539,-0.0817661766153731,-0.418150221182517,-0.3956718733251894,-0.0733261529739669
Arhgef28,306970.0,0.0,0.222392421333013,0.0,0.3592065988381423,0.3399025233228125,0.0,0.0011070393056666,-1.690251433333329e-05,16.424415374316922,0.0013129472700381,-0.0044287835027697,-0.0090802617223932,0.0046514782196235,-0.1210437722814553,-0.0740958085974354,-0.037908736151765,0.8535269544673404,0.083575160744227,-0.396556134796658,-0.4545257410336413,0.121483896895992
Fam45a,24642.0,0.1658198964112329,0.5849625007151449,0.1114879017331296,0.0,0.0,0.0,0.0047339683333333,3.39986666666661e-05,15.838642615105703,0.0011275325552599,-0.0217806027285011,0.0067190581053546,-0.0284996608338557,0.033803442761314,0.0471987813634756,-0.1150990796035215,0.3834480917325799,0.1514930067400224,0.097217149181418,-0.2164674854170944,0.266592086343544
Tlk1,113321.0,-0.0105089230921162,0.0,0.0,0.0,0.0,0.9004643260025371,0.0007249570666666,0.00047954374,17.242029415013015,0.0011341874339818,0.04892520488918,0.0739432872497034,-0.0250180823605233,0.2415955551984356,0.1587170030490692,0.0179532899818751,0.2692325228728111,-0.0763575441773593,-0.3792781433799688,-0.4484261412700858,-0.0943108341592344
Jakmip1,62980.5,-0.0848198235028636,-0.3959286763293175,0.0509118152748558,0.0,0.0,1.2630344052727456,0.0012943831755725,-0.0008674158389312,16.215387374462818,0.0018558843375096,0.0187669627158028,0.0213541024624336,-0.0025871397466308,-0.0130472373925539,0.0083955291716242,0.0298773267058983,0.8619885332406587,0.1395093955723609,-0.2269806524568869,-0.4405359500889222,0.1096320688664625
Habp4,24713.0,-0.0013905311676203,-0.5145731728235754,0.1032467292696825,0.0,0.0,0.0,0.0014943975,-0.0005445643090909,16.337075109768385,0.001162929327896,0.0368431412774815,0.0617138184521736,-0.0248706771746921,0.0528880492839124,0.1001992050817626,0.0093203644548196,0.2944430856792183,0.0040480562204765,-0.4799613935736266,-0.2561909781289944,-0.005272308234343
Mt3,1539.0,0.0,0.0,0.0,0.0,0.0,0.0,0.0031852865,-0.0003158069999999,16.191389840578253,0.0020836280165884,-0.0524258819140291,-0.0178899547657118,-0.0345359271483173,-0.071623476342558,-0.0347107452426252,-0.029263650236573,0.1600957545017096,0.040077453016186,0.0401535945114703,-0.1784694604633854,0.0693411032527591
Snx32,18303.0,0.0,0.0,0.0,0.0,0.0,0.0,0.000720248288421,-0.0003427086694736,17.96250902373975,0.0015439019767515,0.0729316848552811,0.0999965365413089,-0.0270648516860277,-0.0232805654359058,-0.0436270808992393,-0.1397246827725186,0.0780767393658612,0.054635597355511,0.1113379062836141,-0.1993059146065838,0.1943602801280296
Fat3,591096.0,-0.3077113189880092,0.0,0.0,0.0,0.0,0.4599208897515319,0.0007107179919811,-0.0001857174933584,16.483828799032153,0.0008069994147963,0.0480185953524678,0.05349010536224,-0.0054715100097721,0.2603512542807474,0.2273999521834933,0.0549915016675625,0.4166149556275105,-0.1646819566938303,-0.6555464180013411,-0.4438043688865676,-0.2196734583613928
A730090N16Rik,24653.0,-0.442966761491574,0.3219280948801484,0.0,0.0,0.0,0.0,0.000871446878,3.028534400000008e-05,17.933609437236314,0.0009075167566476,0.0397401553061819,0.0331159272691602,0.0066242280370217,0.1923056491768668,0.2209810220756017,0.0330074687097503,0.4750153312804633,-0.0086438798928805,-0.2120978129083912,-0.2448433197216553,-0.0416513486026309
Dus2,62503.0,0.0490249014162738,0.222392421333013,0.1010017629428724,0.0,0.0,0.0,0.0008036884522727,-4.82592939393939e-05,17.016585137958838,0.0008110564001507,0.0048164371865987,0.0032576851358794,0.0015587520507192,0.0157738600754795,-0.0283904797257402,-0.2213668929251995,0.5689639776701849,0.1643960081265472,0.1797598154105433,-0.8596869496923198,0.3857629010517467
Rpl24,5160.0,0.015826062129769,0.0,0.1063160007360821,0.0,0.0,0.0,0.0,0.0,0.0,0.0,-0.0124922948972514,0.011468301330631,-0.0239605962278824,-0.0677543810846694,-0.0919159410218395,0.009249642752034,-0.076509905361497,-0.1215530336738998,-0.1828231448546908,-0.0675329209199122,-0.1308026764259338
Pebp1,4971.0,0.0,0.0,0.0,0.0,0.0,0.0,0.00129634,0.000946834,15.866023172398176,0.0,0.0133010302263247,0.0324926683647833,-0.0191916381384586,-0.0306835799811392,-0.03298352187675,0.0109035711332702,0.19020381972522,0.1263665235835034,0.0717013831608295,-0.09669529429785,0.1154629524502331
Caln1,477957.0,0.0,0.0,0.0,0.6701510409980449,0.4973185298412952,0.5587114307421657,0.0006136001149852,-0.0002531558362241,17.265450882567176,0.0009959519446765,-0.0279245610126352,-0.0214855683122402,-0.0064389927003949,-0.0785036829988143,-0.0880548504488528,-0.1921934531062219,0.7676246272925901,0.1498647047383814,-0.2427381673602215,-0.9114099189837744,0.3420581578446033
Cep290,87282.0,0.0,0.0,0.0,0.0037821990466172,-0.3123870159889232,-0.3959286762703943,0.000885669613125,-0.000667596826875,19.75215100615383,0.0014805535074671,-0.0070762847542383,-0.0103007099243162,0.0032244251700779,0.1452707256023785,0.0790826065681358,-0.0708267357539085,0.3021170135281968,-0.0697733617296418,-0.4878409897019713,-0.1566553045875225,0.0010533740242666
Rora,734460.0,0.0,0.0,0.0,0.1264618259621374,0.4083617652266958,0.4705531553349573,0.0005142545055955,1.936919865168539e-05,17.450940409059434,0.0008050207665748,-0.0022005581757695,-0.0039814524622618,0.0017808942864923,-0.0349973359011102,-0.0334966432600241,0.0251341294182507,0.95588867194569,0.2427567241509373,-0.4744012318426349,-0.8082903371916454,0.2176225947326865
Cox6c,12360.0,-0.0726876572771635,0.9999999999879776,0.1020056614147011,0.0,0.0,0.0,0.0006598085226415,0.0001500593867924,18.01838548156264,0.0008917391379609,-0.0013967897276827,0.0128334869970187,-0.0142302767247015,0.0128269745861303,0.0311625522081072,-0.2648358159673507,-0.06431978041347,-0.208575909253212,-0.0404843813696929,-0.6651498124711845,0.0562599067141386
Ap1b1,55967.0,0.2014122839251628,0.0,0.0732873218536148,0.8431970917337869,0.3629611767653729,0.8194277539904331,0.002421551030303,-0.0002700681393939,15.429093000955987,0.0009997489541318,0.0028017132059083,0.0341687033825328,-0.0313669901766244,0.0732321716433518,0.0135298708345861,-0.0006163246521519,0.3353935426953311,0.1758296903020766,-0.0715394585361473,-0.2857410838610486,0.1764460149542286
Slc24a3,474412.0,0.0,0.0,0.0,0.3838699698168106,-0.2798997016764812,0.4529333405211776,0.0011688903157142,-0.0004757093842857,15.54035962887457,0.0008176710949903,0.0209403594969382,0.0264487311686075,-0.0055083716716692,0.0628907634249425,0.1005864238310416,0.0130608687095022,0.4527565009458383,-0.0779082109417961,-0.6304425195978292,-0.4799261316945939,-0.0909690796512983
Scand1,0.0,0.3323191984170228,0.0,0.2593702855949441,0.0,0.0,0.0,0.0019836138,-0.0013998183730769,16.921647706161583,0.001031122130344,0.0,0.0,0.0,0.0,0.0,-0.0174593079050073,0.0656902581569358,0.0511334784447417,0.0560789460133674,-0.0195022472808199,0.068592786349749
Gpr137c,63008.0,-0.1008040056170695,0.5305147166938475,0.0861926177335942,0.0,0.0,0.929610671782278,0.0,0.0,0.0,0.0,0.0642331299076243,0.0816927116651722,-0.0174595817575478,0.171490207385865,0.1560782143250582,0.0481456189416717,0.1200534174452389,-0.1817693278698602,-0.4967882370269169,-0.0597937653434982,-0.229914946811532
Cct3,24651.0,0.0,0.0,0.0,0.0,0.0,0.7846529524878207,0.0010820996263157,0.0001473212947368,17.040270065192477,0.0014483371474645,0.0415615638423225,0.0481595420580516,-0.006597978215729,-0.0026021230709816,-0.0594360599779306,-0.1178554361652877,0.3037208992182061,-0.0293762867526508,-0.1520388486595605,-0.1860202238261907,0.0884791494126369
Uchl3,42158.0,0.0,0.0,0.0,0.0,0.0,0.0,0.00032896152,0.00020341481,20.362082373306343,0.0001540183803673,0.0302047593943414,0.0547476788198392,-0.0245429194254977,0.0951685696736517,0.0259157616494652,0.0040255275298816,-0.1180568183083274,-0.3407949110055126,-0.6060417691589413,-0.2318833508630855,-0.3448204385353943
Cep85,57254.0,0.0,0.0,0.0,0.0,0.0,0.0,0.001003095230303,0.0001810816181818,16.39834055479646,0.0022598257520561,0.0001091825840049,0.0158657545362567,-0.0157565719522517,-0.0748615391998126,-0.0689711802987361,-0.0957495504907759,0.3925904245625754,0.1020692614135725,-0.1141475584373576,-0.4380163582084779,0.1978188119043484
Phf1,4856.0,0.0,0.0,0.0,0.0,0.0,0.0,0.0012336689357142,-0.0003959775071428,17.50523152393776,0.0021206137659653,0.0116874293920414,0.0127625234297523,-0.0010750940377108,-0.0320151323851437,-0.0760966002043456,-0.032270220215212,0.294141550523189,0.1722143421164674,0.0206309834362521,-0.0996765565223425,0.2044845623316795
Nxpe4,238002.0,0.0,0.5849625007131416,0.0,0.0,0.0,0.3904594765119505,-6.572247041666671e-05,-0.0001077621095833,18.12624702549661,0.0007159245032948,0.0005199496112886,-0.0032436993725233,0.0037636489838119,-0.0209733205253104,-0.0252292958339713,0.1968884498668496,0.1048660267885621,0.01252664272976,-0.2355426659504556,0.1557299246214135,-0.1843618071370896
9630028H03Rik,258137.0,0.0,0.0,0.0,0.0,0.0,0.0,0.0003238643198113,0.0002564315424528,17.143081249440932,0.000827839930435,-0.0018329062232378,-0.0125162544889034,0.0106833482656655,-0.0283172302501316,0.0022547553465672,-0.0474775173925666,0.2362062120541884,-0.137465263021172,-0.6099983544138561,-0.6432982617218742,-0.0899877456286053
Rps26,2213.0,0.0,0.0,0.0,0.0,0.0,0.0,0.002211945,-0.0017341235,16.171990959750197,0.0016364400015386,0.0189618806791005,0.0131666046884174,0.0057952759906831,-0.0841130171490659,-0.0486100483740056,-0.1136164160222314,0.0840013480358834,-0.0077892754391371,0.008565895553827,-0.1190870375764783,0.1058271405830943
Pdzd2,380213.0,0.2061854103185125,0.0,0.3399283215857593,0.8646844328536515,0.4539910981809172,-0.3479233033801576,0.0007198976031249,5.187500937500005e-05,14.895542478592706,0.0016500073497738,-0.0080107921049942,-0.0066068869911358,-0.0014039051138583,-0.0561531458791789,-0.0691560226493135,-0.0460258264872836,0.9648439772553792,0.11751810921465,-0.6083776667379037,-0.587324623550896,0.1635439357019336
A230077H06Rik,82461.0,0.1659083736483535,-0.2630344058313891,0.0,0.0,0.0,0.0,0.0005495693,-6.56469312849162e-05,17.65101549792854,0.0009216956792531,0.0105483678157215,-0.0039243830269765,0.014472750842698,-0.1175223597520054,-0.0752467969540398,-0.0656785539726801,0.8722635170614641,0.2967183031258786,-0.111214530949519,-0.3524221587340541,0.3623968570985588
Adap1,53746.0,0.0,0.0,0.0,0.0,0.0,0.2872819520363208,0.0010408233837209,-4.5369211627906855e-05,16.462817013376682,0.0013134265398305,0.0266887742052574,0.0374524547634671,-0.0107636805582097,0.0079065733068905,0.0413977599382242,-0.036788787908079,0.6340818172600331,0.2024903271148793,-0.0247502413132016,-0.4264868727710504,0.2392791150229583
Cdc25b,11548.0,0.1933776484518974,-0.4854268271661199,0.1791111869983284,0.0,0.0,0.10496955958244,0.00102718,-0.001239852,16.02518584730276,0.0004546343049638,0.0048296701332273,0.0115282134646805,-0.0066985433314532,0.0988775617690972,0.0595320083861961,0.1129603746194091,0.3556432421184207,0.175032891371955,0.0240195479589376,-0.1057029449206647,0.0620725167525459
Plekhg1,226939.0,-0.3193107079579356,0.4150374992668215,0.0,0.5413161051186677,-0.5539619750486215,0.5345495697723427,0.000828005122807,-0.0004254101181286,15.817251853440908,0.0010963037711874,0.0294908491621539,0.0378359033277595,-0.0083450541656056,0.1624216991511484,0.1350119759419875,0.2507563339576079,0.4021007986110084,-0.1496989757626496,-0.7880836888561562,-0.2346912440209762,-0.4004553097202575
Stk25,38908.0,-0.0183355615823654,0.1926450779398196,0.0988828236000579,0.0,0.0,0.0,0.0010092751757575,9.777528787878782e-05,17.026073727053387,0.0016383078861183,0.0423560116579048,0.0376950536254815,0.0046609580324233,0.1271080105941646,0.0627193853291362,-0.0057491194865318,0.2027623954604495,-0.0512974587719246,-0.6115860335457579,-0.1334431808464011,-0.0455483392853928
Ndufb11,2293.0,0.0,0.0,0.0,0.0,0.0,0.0,0.0,0.0,0.0,0.0,-0.0128462365129944,-0.0393892503858274,0.0265430138728329,-0.0086305716888561,-0.0256388967948826,0.0,0.0,0.0,0.0,0.0,0.0
Lmo3,219050.0,-0.4798578744495145,1.584962500711538,0.0,0.0,0.0,0.9187946228859486,0.0003480631997826,-4.679196891304348e-05,18.55720102737439,0.0006638912459141,0.043497435376737,0.0569044394826037,-0.0134070041058667,0.1471721426582596,0.1393248535333628,0.0527860182832659,0.3191425530326571,-0.1895083330940392,-0.7314757596204716,-0.4597243721536028,-0.2422943513773052
Gm21860,0.0,0.0,0.0,0.0,0.0,0.0,0.0,0.0,0.0,0.0,0.0,0.0,0.0,0.0,0.0,0.0,0.0,0.0,0.0,0.0,0.0,0.0
Nup160,59113.0,-0.1169304789131997,0.0,0.0,0.0,0.0,0.0,0.0014286323696969,0.000408464990909,15.153307268763854,0.001842718988237,-0.0201627410968111,-0.0185582059187889,-0.0016045351780221,0.1282541812464017,0.0985685068461255,0.1055170554362462,-0.0822913603857731,-0.1464416282590056,-0.3497136858582479,0.048527826700047,-0.2519586836952519
Herc4,74068.0,-0.091923876139853,0.4854268271674935,0.1182340156956269,0.6318323856359818,-0.2497057832313649,0.0,0.0012744391727272,0.0006166966545454,14.392640969277126,0.0012335506746235,-0.0125145198484321,-0.024140688125535,0.0116261682771028,-0.1356360780521256,-0.1273882352244951,-0.1643655379941201,0.2266984790344069,-0.1955307041433185,-0.3554735602570211,-0.5138909017241637,-0.0311651661491983
Snrnp48,22727.0,-0.2000119305140382,-0.3219280948801484,0.0,0.0,0.0,0.0,0.000984039763,0.0003276065403333,17.413390284774945,0.00129855043934,0.0349813640378638,0.0204881777928279,0.0144931862450359,0.0242342467081671,0.0276616809406701,-0.1939799802052685,0.2323821175326123,-0.0396190690636465,-0.2834857543077094,-0.5244620322217304,0.1543609111416219
Mark4,34046.0,0.2815829233606108,0.099535673550227,0.0,0.0,0.0,0.0,0.0009138123454545,6.143681818181848e-05,16.07757648204695,0.0008400459768038,0.0251562370120124,0.0399736145566813,-0.0148173775446688,0.0271847059201031,0.1135188464616554,-0.0477863926346204,0.5120937899214126,0.3320394654435755,0.1802014677064556,-0.3676270303272282,0.3798258580781959
Unc45a,15713.0,0.1804436627029471,0.1926450779415374,0.1057575005804947,0.0,0.0,0.4355691191933759,0.00047654372,0.0001480290733333,16.915493102178626,0.0005213901112913,0.063856616909186,0.0690457245116605,-0.0051891076024745,-0.0235343534933769,-0.0518582864376899,-0.0296587605409321,0.37873559791874,0.1519692992013028,0.0061088395766171,-0.1678605869001295,0.181628059742235
Rnf130,100373.0,0.0,0.0,0.0,0.0,0.0,0.0,0.0019103800833333,-0.0003147256777777,14.870490967002086,0.0012833729826474,-0.019025637353627,0.0015418167792196,-0.0205674541328467,-0.194699924997539,-0.1666684999120548,-0.0702745600629146,0.3794550223140441,-0.017741640325381,-0.1842621609813419,-0.5289079373286345,0.0525329197375335
Cwc27,186002.0,-0.2988056571565138,-0.3625700793801285,0.0865553960697255,0.0,0.0,0.0,0.0003537814831538,0.000148276222,18.469454678756517,0.0010203042259707,-0.0103566406900093,-0.0163424608848556,0.0059858201948463,0.0952829335091252,0.0772516236850145,-0.0926292613597143,0.0669305926906767,-0.2289858597703151,-0.497236899795064,-0.3655100893268068,-0.1363565984106007
Smarcc2,31234.0,0.1660090605975286,-0.0671141958582248,0.0969616192401299,0.0,0.0,0.0,0.0011126298901408,-0.0011892035943661,16.99594456866327,0.001357815613571,0.0212338402628807,0.054153261160118,-0.0329194208972373,0.0070153742151022,0.0155679937310309,-0.1186653248056675,0.0288649032708896,-0.0435336221719065,-0.0363744644419559,-0.2300699690664989,0.075131702633761
Nxf1,13849.0,0.0553495131579131,0.0780025120008511,0.0962909405945882,0.0,0.0,0.0,0.0015877350999999,-0.0013890054454545,16.169150530840838,0.0007799276638573,0.0057622760784721,0.0072309037531588,-0.0014686276746866,-0.0792049848776839,0.0001198445379089,0.0347963242032665,0.252050331607204,0.1432996689871724,0.0663078379110375,-0.0499357959784059,0.1085033447839059
Ehmt2,15583.0,0.2725859700743127,0.2410080995017773,0.1291690021077338,0.0,0.0,0.0,0.0009038472675675,-3.210467297297293e-05,17.020356906123084,0.001781368183474,0.0228811091296089,0.0266692085623208,-0.0037880994327118,-0.0061424352514183,-0.0289683252003757,-0.0645954907345857,0.4228593587755489,0.2555760254618064,0.0907113543193356,-0.1728909519016065,0.3201715161963921
Clpb,131873.0,0.0,0.0,0.0,0.0,0.0,0.3280541976217721,0.0010506391257731,-0.0004807801041237,16.299734756640117,0.0012822207049038,0.001201000457783,0.0004604256943258,0.0007405747634571,-0.0064559069787348,-0.0474412282333971,-0.0607769110137902,0.920047570799586,0.3024948441220776,-0.1200654485198262,-0.5677588662809145,0.3632717551358679
Rpl8,2236.0,0.0,0.0,0.0,0.0,0.0,0.0,0.0,0.0,0.0,0.0,0.0310332622061532,0.0664473801754377,-0.0354141179692845,-0.0814806931693515,-0.0597539046195066,-0.0201089629155858,-0.0249966282549674,-0.0341951104336899,-0.0277739578149391,-0.0245982910336983,-0.0140861475181041
Nrg3os,60492.0,-0.0193037413375569,0.4150374992668215,0.0878644194322657,0.0,0.0,0.0,0.000166375312,5.400845600000004e-05,19.93209128472423,0.0003824511024322,-0.0153122886116856,-0.0036068213505242,-0.0117054672611613,-0.0189525801074532,-0.0386512315221155,-0.0773559386259074,0.7009690850195551,-0.0256830187290453,-0.3016850227069404,-0.7826645294625522,0.0516729198968621
Kif16b,284057.0,-0.1985915297907534,1.0506260730646373,0.0,0.3192076568179214,0.1600476692248772,0.0,0.0003335620075,3.589023838235296e-05,19.076280771576236,0.0007757950598597,-0.0138836707344876,-0.023863657429325,0.0099799866948373,-0.1699267276999019,-0.1242681129324627,-0.0455635229607382,1.0335483643576404,0.0035827756737984,-0.2809856366891156,-0.4297325322098956,0.0491462986345367
Eif4g1,24571.0,0.1484225659199181,0.0,0.065798487734394,0.0,0.0,0.0,0.0004168683836734,0.0002631345836734,17.750160661567453,0.0010335084084218,0.0315391442663808,0.0487981552763174,-0.0172590110099365,0.0794985792137563,0.0277955933062914,-0.1595862462248877,0.1909959003746617,0.082890519686043,0.0506970349546405,-0.3761497038523944,0.2424767659109307
Cnnm1,56774.0,-0.0693131236914386,0.1926450779398196,0.0907154782190688,0.6644728182177175,0.1196217583908081,0.353636954440462,3.674973333333386e-07,6.096063466666667e-05,19.617334882209192,0.0006354605204914,0.0386303345136861,0.0552307794166654,-0.0166004449029792,-0.0675204534082904,-0.0960628007780457,0.0348660737343332,0.5056599635072265,0.1225576577096887,-0.2127592703084984,-0.3279613777634691,0.0876915839753555
Rpl37a,2523.0,-0.0738381713257767,-0.1443899093348131,0.186248863694234,0.0,0.0,0.0,0.0007869807505555,-0.0003876829503703,18.83621665026437,0.0008205968134212,-0.0108854072963093,0.0197056066165774,-0.0305910139128868,-0.0844471141304444,-0.0799360477178147,0.1106895981450275,-0.1056316618291912,-0.115570021878576,-0.2526460433229669,0.0942415348950489,-0.2262596200236035
Eya3,85778.0,-0.1205938115043459,0.0,0.0,0.0,0.0,0.0,0.0011434770961038,2.0872038961037944e-06,16.663303859679626,0.0018017498695082,0.0121779834996141,0.0045043613329364,0.0076736221666776,0.0940958687195236,0.0617231119983863,0.0198577400416531,0.7337087399594797,0.1706497501126416,-0.3232588115224423,-0.4626742389303551,0.1507920100709885
Srebf2,58198.0,0.1512582312924562,0.0,0.0,0.0,0.0,0.3140964440312895,0.00202278856,-0.00042575136,14.914219219773464,0.0009201496229249,0.0435370122153794,0.0659475512199595,-0.0224105390045801,0.0623763409788221,-0.0117941003703895,0.1991710640547939,0.7090884949596882,0.2669545714219828,-0.3887730627590636,-0.0818092288603827,0.0677835073671889
Lmtk3,20406.0,0.2450484074318484,-0.2837929659994715,0.0708961513005281,0.0,0.0,0.0,0.00291944,-3.691625000000028e-05,16.070557019912126,0.0014423062000984,0.0525788033069263,0.0567119401203354,-0.004133136813409,0.0236767356613272,0.1002030483686431,-0.0623106261835123,0.3872251627890155,0.1925317730720313,-0.0443416848075171,-0.3188332339094328,0.2548423992555437
Rbm3,6905.0,0.1849628194440558,-0.4474589769677237,0.1132103006003631,0.0,0.0,0.0,0.0,0.0,0.0,0.0,-0.0252945036134593,0.0158904331523232,-0.0411849367657825,-0.1469940395056165,-0.1178577338206735,0.0,0.0,0.0,0.0,0.0,0.0
Slc25a23,16152.0,0.1372443136456873,-0.4791678366973242,0.1532934246973368,0.0,0.0,0.0,0.0011427457833333,0.0003365022,17.0047439937493,0.0010280084026601,0.047296754606171,0.0562203093184372,-0.0089235547122662,0.0914370486224329,-0.0284932146482495,0.0785499548753178,0.3306124377840838,0.0791939676721,-0.2046261905386162,-0.090757238834803,0.0006440127967821
Akap8l,29183.0,0.0892867773909147,0.6374299206124299,0.0,0.0,0.0,0.0,0.00306584755,-0.0005695720333333,17.05426852523701,0.0002299062714569,0.0133144365913306,0.0395863945525717,-0.0262719579612411,-0.0471141182719236,-0.0311536068578417,-0.0380021247227846,0.5830692053859813,0.0997248381253513,-0.062006410971608,-0.2525452704723465,0.137726962848136
Ano6,183908.0,0.0,0.0,0.0,0.8850711214551932,0.3106502645695953,0.7520724862479438,0.0007591734219999,-0.0002434811694999,17.505374542978426,0.0009274586973213,0.0005618699275535,-0.0072362406594362,0.0077981105869898,-0.027696268061315,-0.0162419248391635,-0.0666306062943052,0.9019802224500248,0.2302831776958116,-0.2006839087474095,-0.5894302357716026,0.2969137839901169
Snrpf,6677.0,-0.1487105546186109,-0.9999999999759548,0.0597347903955754,0.0,0.0,0.0,0.0006595958,4.152445849056611e-05,18.00703528830479,0.0009951050979852,0.0126008782249736,0.0264611381942538,-0.0138602599692801,-0.0148291524602043,-0.0494264187874509,-0.19259379540822,-0.1725781576468992,-0.2114542412714644,-0.0488181933427016,-0.2614276265122426,-0.0188604458632443
Tmsb10,1401.0,-0.1980323116003006,0.4150374992668215,0.2158293819464047,0.4777818922421774,-0.4005288662236403,0.0,0.0010758898071428,3.082781428571439e-05,17.68988561893038,0.0005948069492821,-0.0007043772256776,-0.0038936075121871,0.0031892302865095,0.0512955394347957,0.0883334576602564,0.0710276406573582,-0.2866985475215546,-0.3295012255662821,-0.4515315800459776,0.0628276048797484,-0.4005288662236403
Zadh2,9465.0,-0.038151519233641,0.0,0.0,0.0050913447139862,0.075414311097544,0.2863041850933033,0.000725874290909,-7.769079090909082e-05,18.521044592640024,0.0005472446006959,0.0143492798569351,0.0448645553752692,-0.0305152755183341,0.0052188442594124,0.0371181356999111,0.2600824460323756,0.3789884435590602,0.220215570535462,-0.0983703774456721,0.2066214246615101,-0.0398668754969135
Usp50,74374.0,0.0,0.0,0.0,0.0,0.0,-1.387023122423804,0.0024545341529411,0.0003247605705882,14.05399978782881,0.00121115352063,0.0013788053125331,0.0064104511995196,-0.0050316458869865,-0.0170858957411249,-0.0166029122380674,-0.0765998001410435,0.2772625593575991,-0.0796745359610889,-0.3353158006250936,-0.380538838367092,-0.0030747358200454
Dip2a,85862.0,-0.1459839383849726,-0.3219280948837557,0.0,0.0,0.0,0.0,0.0011667244135135,-0.0002362640513513,15.945588320278876,0.0012734519924443,-0.0135683613081223,-0.0182572551901235,0.0046888938820012,-0.1320367639369386,-0.0516510834437092,-0.0650260637667558,0.5693320778059107,0.0449607431794831,-0.2147841057890035,-0.6316108899365439,0.109986806946239
Mto1,27140.0,0.0,0.0,0.0,0.0,0.0,0.0,0.0,0.0,0.0,0.0,0.0204135223278611,0.0310258101160302,-0.0106122877881691,0.0463049495839542,0.0270234007556713,-0.0231644649156061,0.193602396175908,-0.0760379917715472,-0.2042046994322439,-0.1144394363542731,-0.052873526855941
Actr2,50609.0,-0.1626767248012779,-0.415037499274836,0.1143086479039747,0.0,0.0,1.4150374985274403,0.0003724615413793,0.000678438775862,17.06716377577962,0.0008456489929852,0.0238809920598326,0.0478286371226739,-0.0239476450628413,0.105832071848575,0.0321955300161327,0.0697437879824633,0.4264084258869451,-0.066191698262043,-0.5360517771893248,-0.2531123582967467,-0.1359354862445063
Dock7,184244.0,0.0,-0.3625700793801285,0.0,0.0216733067729083,0.6252504383205794,0.6560455986228998,0.0017683311725352,-9.207789718309856e-05,15.338384118369408,0.0008171452609058,-0.0021133948653004,-0.0097857286305901,0.0076723337652897,-0.0667692014954764,-0.0707536961455888,0.0105899112129987,0.8778154560739158,0.1111197328570432,-0.3813795290097768,-0.4395830077753054,0.1005298216440445
Smarca2,173272.0,-0.0608846029371799,0.9999999999919846,0.0,0.6378960080358453,0.6686737953197397,0.6780719048421324,0.0004099783671162,-8.266385144186048e-05,18.171564894244025,0.0007085569047308,-0.0052041971194068,0.0053246478656211,-0.010528844985028,-0.0068259311964521,-0.0276899849867272,-0.0007121454106604,0.8342356158238088,0.1367644188787909,-0.3407227835387258,-0.4324890557215013,0.1374765642894514
Gm16152,9025.0,0.1496969255697853,0.1520030934434468,0.1080731293690683,0.0,0.0,0.7049921355411178,0.0007530337484848,-0.0001753131121212,17.306993468670097,0.001303801170351,0.0625331080561246,0.0832165520884229,-0.0206834440322983,0.1103850397895319,0.0769087143744122,-0.0980977078960944,0.3841243022094701,-0.00436991238756,-0.1551844677187746,-0.2018181373786252,0.0937277955085343
Rfwd3,29278.0,0.0,0.0,0.0,0.0,0.0,0.0,0.0019611734982142,-0.0003367177714285,16.887249017602233,0.0011235003141267,0.001308936626653,0.0108507846422467,-0.0095418480155936,-0.0580246848076832,-0.0205535402650276,-0.0381886670321718,0.1254669136451377,-0.0042146505920501,-0.039970557583902,-0.0939256572453359,0.0339740164401217
Lrrtm4,791266.0,-0.4589084563054921,-0.5849625007151449,0.0,0.0767692822275817,0.6609911368082073,0.5044725827617851,0.0001537644412244,-4.1319711224489786e-05,18.649816583579064,0.0004012190218386,-0.0238501348233638,-0.0335170846219904,0.0096669497986266,-0.1267675705613189,-0.1004194250112079,-0.1140986784976237,1.1493927526211891,-0.1594369430519264,-0.6806373990295873,-0.5192253838929813,-0.0453382645543027
Tmsb4x,2222.0,-0.4164854509694591,-0.1926450779398196,0.0,0.0,0.0,0.0,0.0,0.0,0.0,0.0,-0.0247376327594718,0.0012447869650945,-0.0259824197245663,-0.0138977460028377,-0.0292046950591605,0.0,0.0,0.0,0.0,0.0,0.0
Syt14,144542.0,0.0670633315179976,-0.3410369178330419,0.0,0.0,0.0,-0.0692626624260275,0.0013050422970802,-0.0004451536671532,16.414851532380005,0.0010931876231482,0.0340435352741636,0.0396432709086597,-0.005599735634496,0.185117381444044,0.1769320822561199,-0.0413126526307655,0.4557239926667221,-0.0189133410297975,-0.3942404119704668,-0.4759721859570492,0.0223993116009679
Gm15738,114381.0,0.0,0.0,0.0,0.0,0.0,0.0,1.028926e-05,0.0001326940124999,18.75714454674037,0.0005683595267048,0.0293319309418057,0.0400794726816388,-0.010747541739833,0.119154212105901,0.1211773431465851,0.0280706467629434,0.8836337096274045,0.2006725731655842,0.0116176605178718,-0.2356184401572568,0.1726019264026408
Gm5441,102501.0,0.0,0.0,0.0,0.0,0.0,0.4739311881079933,0.0009986415152941,-0.0007614236411764,16.452605276891553,0.0011829409471081,0.0137657948744089,0.0170753182145728,-0.0033095233401638,0.0900798663355907,0.0559401518665798,0.0101472157322416,0.5917586259905215,0.0686920696239459,-0.4140435615621357,-0.5249390351433084,0.0585448538917042
Taf15,33657.0,0.0,-0.3219280948837557,0.0,0.0,0.0,0.0,0.0005145466884615,-1.8352503846153702e-05,18.407480448986657,0.0006766626400252,-0.0037071932929972,0.0273382142047878,-0.0310454074977851,-0.0486441510911856,-0.0218054174874938,-0.0348739235559283,0.043303390672936,-0.0462898795529829,-0.0742219195578046,-0.0616612302210972,-0.0114159559970545
Rpl18a,2690.0,0.0,0.0,0.0,0.0,0.0,0.0,0.0009363362235294,4.118334117647053e-05,18.37539234050084,0.0012016649474671,0.0107282132549143,0.079165787681261,-0.0684375744263466,-0.0327955758766161,-0.0294393197147438,-0.0923624776445632,0.2143481947313208,0.0721210757623438,-0.0700827136293398,-0.2012101036807894,0.164483553406907
Cdc7,20110.0,-0.0531483125615994,0.0,0.0585899344039696,0.0,0.0,0.0,0.000980857898913,9.945728260869568e-05,17.90884920853223,0.0012276027089819,0.0268160256455158,0.0393620303049731,-0.0125460046594572,0.0665801518970696,-0.0002949352588007,-0.1797636086645642,0.3459597344715095,0.1820538006321581,0.2795471389217772,-0.4487859963693672,0.3618174092967224
Sestd1,100252.0,0.0,0.0,0.0,0.0,0.0,0.0,0.0,0.0,0.0,0.0,-0.0039659856416733,0.0035379408869186,-0.007503926528592,-0.116064075540933,-0.1088694696040094,-0.1107326059912791,0.5734190352657745,0.0601309700762197,-0.3519845741544365,-0.5584810526794539,0.1708635760674988
Zmynd8,114864.0,-0.055192685104445,0.0,0.0,0.0,0.0,0.0,0.0,0.0,0.0,0.0,0.0414766489081497,0.0603242575149031,-0.0188476086067534,0.0830180391964874,0.1063011478365864,-0.0020470346287785,0.4914880856032304,0.1372303628955683,-0.1907241621211981,-0.2446888285459278,0.1392773975243468
Bbs9,412565.0,0.0,0.0,0.0,0.5041182048419814,0.6251904834443607,0.2358900924025528,0.0003455570605839,-0.0002639695554744,18.235093903813805,0.0005269359640904,-0.0045572475627702,-0.008556534747838,0.0039992871850678,-0.0581117841751669,-0.0684475238665105,0.0110682901103729,0.726725965279778,0.0730658613191896,-0.65058016511337,-0.7076138242361856,0.0619975712088167
Wasl,51204.0,-0.2667935999494371,0.3219280948837557,0.1575969922153635,0.6310684008405189,-0.509214675872402,0.1561192018961436,0.0008267646043478,0.0001275689782608,16.156566509108245,0.0010482457369177,0.0437431152718579,0.0354029415370374,0.0083401737348204,0.0706601959018139,0.0749619993878071,0.003685785899349,0.5523957847402321,-0.2000416273266032,-0.5834659693456341,-0.2979535025175039,-0.2037274132259522
Epha5,362621.0,-0.3413631221052204,0.0,0.0,0.9939932506580196,-0.6878389001453478,0.3880253084776102,0.0003114176577777,-0.0001594368622222,19.974110520962675,0.0006094594685893,0.0873709832566026,0.1036011725290458,-0.0162301892724431,0.3496358401609506,0.3060547410124779,0.0952398255985994,0.5459818526168819,-0.2118512791677847,-0.8705458490903748,-0.2036183588603524,-0.3070911047663842
Stx5a,14656.0,0.2231729552254542,-0.8194277543545017,0.1732450104110003,0.0,0.0,0.0,0.0013374970947368,-0.001998132768421,16.354530872468395,0.0008063404431766,0.0298776050769011,0.0245543107417072,0.0053232943351939,-0.0497849729145776,-6.682622642983915e-05,-0.0531312664311989,0.2928120000861525,0.1479981837584754,-0.0247409571138068,-0.1123843272688682,0.2011294501896744
Mccc1,41366.0,-0.2119756051197878,-0.9999999999855732,0.0215859551326769,0.0,0.0,0.0,0.0014717647439999,-7.882292399999994e-05,16.199244566165806,0.001354093559855,-0.0094228969328394,-0.0138940215177689,0.0044711245849294,-0.0183122363881977,0.0066674472369527,-0.0106506756244133,0.1185265763720705,-0.1165114715095597,-0.3754699373390902,-0.1659931691659437,-0.1058607958851464
Arhgap12,111671.0,-0.2334780912909191,0.5235619560542686,0.0507775861280403,0.0,0.0,0.0,0.0022905781,0.0017590795,16.144057952199955,0.0002069113739751,0.0966882301896538,0.1106046684297522,-0.0139164382400983,0.2621649955403668,0.2034213774065594,0.076659045928058,0.216506948736352,-0.0847746860065124,-0.4929083216393592,-0.2317567598197978,-0.1614337319345705
Cfl1,4746.0,0.1599626636471089,-0.1699250014416442,0.0,0.0,0.0,0.0,0.000330427258,-0.000449882094,17.659705958103437,0.0013529504783465,0.0775362173826634,0.1449639967141756,-0.0674277793315121,-0.0519377853511097,-0.0721398008104167,-0.0518359614752029,0.2473479679605237,0.1649096344291012,0.08283985072643,-0.0962774402400272,0.2167455959043042
Gm26954,26679.0,-0.1587270689092665,0.2630344058289848,0.1054480859850889,0.0,0.0,0.0,0.0,0.0,0.0,0.0,-0.0100609927373904,-0.0122753315449367,0.0022143388075463,0.0258347685433872,-0.0581097038820804,-0.0518480216956711,0.1404596281119405,-0.2163939752583061,-0.8066993670599638,-0.4403977675120533,-0.164545953562635
Frrs1l,33218.0,0.120226582733258,0.3219280948849579,0.0,0.0,0.0,0.4071753814287513,0.0006814611272727,-0.0004910779727272,17.383340727318814,0.0007841119339747,0.0351741734300973,0.0613852993936067,-0.0262111259635093,0.1190321836836362,0.0860722043871079,0.0032611008378361,0.4250271954668332,0.0153904242106639,-0.3231350653570624,-0.1887652635835977,0.0121293233728277
Cntn4,1021650.0,0.0,0.1699250014403088,0.0,0.2242373129235119,-0.6744707451999176,0.3498938890470062,0.000373125217212,6.17744401832462e-06,18.294185423996986,0.0006148868373989,0.0176766373458065,0.0176650113747301,1.162597107637331e-05,0.152673377091578,0.1446450423724543,0.0574410563673557,0.4329809268581239,-0.3371664725568585,-1.1587180941565909,-0.9182228717256036,-0.3946075289242142
Pigk,266308.0,0.0,0.0,0.0,0.4111901978483803,-0.2593571765877879,0.2868811477361298,0.0006069034268852,-0.0002387157944262,17.9767407320368,0.0007581151165381,0.0519983415117448,0.0562312786619957,-0.0042329371502508,0.025503649807016,0.0214058162535031,-0.0945215553310881,0.5386536171630627,-0.0601281556107173,-0.5568222127970525,-0.521955176714517,0.0343933997203707
Zkscan16,14727.0,0.0331379484831755,0.5849625007171486,0.0439756696335207,0.0,0.0,0.0,0.0,0.0,0.0,0.0,-0.0032752753932855,-0.0287441363436705,0.025468860950385,-0.1087323659467973,-0.0569555670674671,-0.0344981894441571,0.4060333810114418,0.2202443186347096,-0.033908804795824,-0.1694709948874676,0.2547425080788668
Fhl2,73910.0,0.0,0.0,0.0,0.0,0.0,0.0,0.0008858765623853,-0.0002036157449541,17.46094487303497,0.00122216450745,0.0234909019156412,0.0549901198614411,-0.0314992179457998,0.1842647067704586,0.1654952845489478,-0.0287679840635614,0.2218479549455857,-0.0876068396478005,-0.3746949842264531,-0.7639279668259378,-0.0588388555842391
Bbs4,31518.0,0.0489900229600239,-1.1154772174069891,0.1015750904362256,0.0,0.0,0.0,0.0010987416414285,0.0001870686514285,16.97432762379961,0.0014079143701421,-0.0006135773451387,-0.0103211358518663,0.0097075585067275,-0.0553395894852302,-0.0262656354563606,-0.0070507125297947,0.5891863512025134,0.269731741395862,0.123379636394758,-0.3203213155326708,0.2767824539256567
Srcap,49236.0,0.1340034491526549,-0.1699250014403088,0.047890684190295,0.0,0.0,-0.275634442481373,0.0008704585480769,-0.0012553911884615,16.005252736841733,0.0016133115579307,0.0023921469215711,0.0331266603265488,-0.0307345134049777,0.0764599046180924,0.0620991373369992,0.0942213249910538,0.5275242694090168,0.2891247769265042,-0.0656176645152795,-0.1490119446514559,0.1949034519354503
Epha6,952048.0,0.0,0.0,0.0,0.6667758836376416,-0.4687314691144621,0.6825138228533522,9.14423509876543e-05,-4.947344987654319e-05,20.763079153744144,0.0006077092125304,0.0795424471909474,0.0959574786822255,-0.016415031491278,0.2400295770006485,0.2396461036330577,0.0451001873930609,0.39118374049512,-0.1409690271906765,-0.8154341770576439,-0.5964355484118575,-0.1860692145837374
Tmem120b,49334.0,0.1353927696551289,-0.2775339755281445,0.0759178924510773,0.0,0.0,0.0,0.0016888648732142,-0.0004957863321428,16.27655557357037,0.0018927549574179,0.0035276548543226,0.0232381016054305,-0.0197104467511078,0.0312624390068874,-0.0028853124683383,-0.0924559094349843,0.6146213985823371,0.336460084617673,0.1120055479917274,-0.4267275425104284,0.4289159940526573
Myo5a,152673.0,-0.1071158761136112,-0.4739311883301687,0.0,0.0,0.0,1.1443899089193603,0.001330225235955,-0.000281050783146,15.351551407855816,0.0015497868665604,0.015861569466824,0.0241625733139359,-0.0083010038471119,0.0270176151252512,0.0217652549638331,-0.0469344771421059,1.2436430785244557,0.0144090659245722,-0.4904947254673577,-0.355036031893892,0.0613435430666781
Gpr22,7080.0,0.0128729265062763,0.0,0.1040591967364213,0.0,0.0,0.0,0.0006675554342105,0.000759258218421,17.15696279464375,0.0009810893473612,-0.0077412498298206,0.0201528877286627,-0.0278941375584833,0.0166798689451126,-0.0701855853012944,-0.0136586937217139,-0.257143277802931,-0.3594426206015337,-0.4944927438971249,-0.1420866805492762,-0.3457839268798198
Igsf9b,58342.0,0.0,0.0,0.0,0.0,0.0,0.4150374992037036,0.0012579811931034,-0.0006525120724137,17.811048809393842,0.0007730745719581,0.0722122680403684,0.1107861095442849,-0.0385738415039164,0.2379036363899909,0.2522419980157342,0.0132047002795211,0.2940439447095496,0.0591520541678318,-0.2500140852370904,-0.2234597763116665,0.0459473538883107
Vps13a,165567.0,0.0,0.0,0.0,0.0,0.0,0.0,0.0008893662428571,0.000588918,18.061838323336044,0.0011976525926968,-0.0055382501658145,0.0104453999043178,-0.0159836500701323,0.030387930841113,0.003297607626022,-0.0279131883836198,0.928925722145214,0.0781417083924982,-0.199970427767985,-0.5199303412547507,0.106054896776118
Rpl27a,3220.0,0.4453888932755308,0.5849625007151449,0.1326029550352206,0.0,0.0,0.0,0.0010737918086956,0.0002544545347826,17.412065674454322,0.0010884539671748,0.0229025665542683,0.0043312797458981,0.0185712868083701,-0.0973436032567519,-0.0001447210262882,-0.2459543929430043,0.0231410638817333,-0.0550052061565363,-0.0168713775335858,-0.3756286872247885,0.190949186786468
Lrrc4,169916.0,-0.4817360824200651,0.0,0.0,0.5568952827801927,0.2037423795515476,0.9999999996721148,0.001053506562573,-0.0007461216789473,16.473287407423054,0.0008449147539143,0.0215596978619101,0.0319599766861735,-0.0104002788242634,0.0311812167159802,0.0228529720186526,0.0217558055786234,0.5497229428962056,-0.0702906693257615,-0.4276730165230478,-0.7490337516101697,-0.092046474904385
Actr3,42822.0,0.0258438869854504,0.5849625007171486,0.1531993323007262,0.0,0.0,0.0,0.0019895061815789,-0.0001294463710526,17.068323990068876,0.0012374106764938,0.0196230579622392,0.0600504178762688,-0.0404273599140295,0.1329427108674525,0.0668693734505745,0.0237837635379537,0.0493117400655492,-0.1615956009788156,-0.4228095641566235,-0.2905739721397753,-0.1853793645167694
Grid2,1448447.0,-0.3415871256836569,0.5849625006971113,0.1022936853643351,0.0,0.0,0.2604160815449891,0.0001294864414909,7.11659147439759e-05,18.62994177150412,0.0004608539331513,-0.0163375829888809,-0.020111816209891,0.00377423322101,-0.0452839957480115,-0.0270526907255026,0.0563895057299434,0.51970844849618,-0.153858063996607,-1.0859301198603613,-0.51624152547514,-0.2102475697265504
Pou3f1,3848.0,0.1977423509783937,0.6780719051072275,0.0087091474565689,0.3189347604485219,-0.2615868865773096,0.0,0.000892407915625,-0.0001151620447916,18.284170517887613,0.0013184008402508,0.1574776212867428,0.2914583272092397,-0.1339807059224969,0.1877572875277187,0.1560027270192249,-0.0564804585547992,0.0423334912409893,-0.0891132745086287,-0.2615868865773096,-0.1892976649441831,-0.0326328159538295
Rps27a,2263.0,0.0024841713118193,0.459431618632379,0.214660936362131,0.0,0.0,0.0,0.0,0.0,0.0,0.0,0.0423087979142345,0.0836266878639191,-0.0413178899496845,-0.0444884187598647,-0.0723059425613301,-0.0959784583418519,-0.1992424477951875,-0.2387939920530957,-0.151328381220531,-0.1270171550904728,-0.1428155337112437
Ccar1,48358.0,0.0249247431454628,-0.1926450779398196,0.1926049593404858,0.0,0.0,0.0,0.0015672610734177,-0.0002358796417721,17.046293495768055,0.0017033920910867,0.0301919607908003,0.0399383579535199,-0.0097463971627195,0.1829197549898251,0.0485700537053759,0.005063523329746,0.2759819254328364,-0.0239673959818958,-0.1290996253740446,-0.1318242080951579,-0.0290309193116418
Chchd2,6314.0,0.2624365331558369,-0.0874628412498088,0.1820664025842245,0.0,0.0,0.0,0.0,0.0,0.0,0.0,-0.0291187344539009,-0.0195119853085317,-0.0096067491453691,-0.0222141131549136,-0.0475314630833643,0.105407808214009,0.5773770488991604,0.2339951101009801,-0.0311400324868911,-0.0880385669188772,0.128587301886971
Myo5b,330557.0,0.0,0.0,0.0,0.8300857551926877,0.3808892628784575,0.6368696505254533,4.591612127659573e-05,-0.0002088293170212,16.796664712042226,0.0008775527155659,-0.0085347699021705,-0.0113162677251499,0.0027814978229793,-0.0222524050973116,-0.0213228620924007,-0.0198373762468295,0.720621142514573,0.1508307593649236,-0.2797424698343637,-0.6643922933918271,0.1706681356117531
Rogdi,4823.0,0.2208771785734691,0.337034987275989,0.0956064029558367,0.0,0.0,0.0,0.0019504267363636,-0.0010553553636363,16.343576040264267,0.0011651663424775,0.0132272335126629,0.0019694755880985,0.0112577579245643,-0.0768754041742282,0.024206739951612,-0.0941008267198872,0.6091580583129844,0.2250034913937931,0.0347573269722909,-0.2228871646528621,0.3191043181136803
Sirt2,21926.0,0.3938636893515475,0.7224660244696697,0.1532712545584168,0.0,0.0,0.0,0.0005012780734615,-6.67286211538461e-05,17.967629580257796,0.0011523964893928,0.0226435559997803,0.0261344640262515,-0.0034909080264712,-0.0269497581312729,0.0158339123349041,-0.1277865049413274,0.6854456530618712,0.2375546406685367,0.1365879796260163,-0.4053028390224918,0.3653411456098641
Oxr1,413566.0,0.0,0.4854268271619979,0.0,0.0,0.0,0.4238077088170076,0.0005660777313186,-0.0001007464593406,16.76399336267217,0.0009657168562292,-0.0224969014165024,-0.0214167089544339,-0.0010801924620684,-0.0815561701572693,-0.0787714424231602,-0.1472637358800128,0.5915663820155528,-0.055483888713934,-0.4930388881863127,-0.8678091106873715,0.0917798471660788
Adra1a,135917.0,0.0,0.0,0.0,0.0,0.0,0.0,0.0001096200636363,0.0006673311878787,15.085859478518037,0.0008168967858315,-0.0056195353575427,0.0001411139512735,-0.0057606493088163,-0.1190478203765829,-0.1402009153981586,-0.1599630875012171,0.680114500397734,0.1207712072937461,-0.4268756063953569,-0.5539119434103957,0.2807342947949632
Skap2,155127.0,0.0,0.0,0.0,0.1685823754789272,0.5321851819292173,0.0,0.0010931331457342,-0.0001428524030419,17.174396411275595,0.0012979029618373,0.0030190623569478,-0.0008222844779445,0.0038413468348923,-0.0539092987245815,-0.0383868578215292,0.0469951085717247,0.6405332311240277,0.1714310677636784,-0.4441292877351473,-0.3253162254693604,0.1244359591919537
Gm26827,63606.0,-0.0215584639436663,0.0,0.0,0.0,0.0,0.4150374991863633,0.0004979023774736,-4.215045242105268e-05,17.79194320528335,0.0009734809802515,0.0095386861560408,0.0193858219031748,-0.0098471357471339,-0.0638994872462391,-0.045644391516036,-0.0550027925923977,0.3648324135427641,0.1511980595016184,-0.1702512056933576,-0.5145774433862474,0.2062008520940161
Ncaph2,17107.0,0.1052743860514486,-1.0418201756902628,0.0517346870940375,0.0,0.0,0.0,0.0017991014027777,-0.0008417227111111,16.293613539215258,0.0012128948209391,-0.0060481284859222,0.0246143336110837,-0.030662462097006,-0.0681083184699606,-0.0292302085517295,-0.1495443749691775,0.3208770033540926,0.1485442218201049,0.1707186958257032,-0.2297187667735682,0.2980885967892824
Mink1,51602.0,0.292107488466284,-0.1604646721927993,0.097969622480299,0.0,0.0,0.1650592462232336,0.0010916978812499,9.642739375000008e-05,17.163300923979946,0.0018561506697461,0.0241747837886165,0.0596262120890221,-0.0354514283004055,-0.0273573365498539,0.0116214223793442,0.0527649832454625,0.6390073770039965,0.3468017559792786,0.0219948416501349,-0.4363451118858688,0.294036772733816
Lztr1,17645.0,0.2213792529901592,-0.1375035237486233,0.1095468386895623,0.0,0.0,0.0,0.00177366176,-0.0008769795,16.312489760094856,0.0014939229369116,6.44355599685037e-05,-0.0011802934438352,0.0012447290038037,-0.0110419379791382,0.0291727057289179,-0.1032142548537279,0.2847929156567925,0.1300160783362186,0.0353557765651926,-0.2564327165922757,0.2332303331899465
Arl3,42102.0,-0.07386581737404,0.0874628412500744,0.0435990912496156,0.0,0.0,0.5384199146771345,0.0008483889999999,-0.0001850814576271,17.85026006479987,0.0015005990674719,0.0282455672497699,0.0417957450877561,-0.0135501778379862,0.0048891062986223,0.0273215314599286,-0.0144682164220821,0.5177762928498497,0.2717584592295211,-0.0898849465444198,-0.3900802326411248,0.2862266756516032
Gap43,92209.0,-0.2106518099146086,0.0,0.0,0.8710099886704986,-0.2191537054173254,0.0,0.0005968540404545,0.0001023718413636,17.72225605855153,0.0009942085092339,0.0046210717384941,-0.0282517668675398,0.032872838606034,-0.1039406128949937,-0.0212395811405057,-0.1060612348103184,0.3211913844456127,-0.021911644365877,-0.3445936141927307,-0.3878956278287022,0.0841495904444413
Pnpla6,28883.0,0.2130006365255892,0.1699250014416442,0.134760528382322,0.0,0.0,0.0,0.0015845169842105,-0.0009798737236842,16.19825822764043,0.0015182076436862,-0.0121959320269565,-0.0093323707811563,-0.0028635612458001,-0.055454474013673,-0.0702446378389576,-0.0428280944546693,0.1180103531355012,0.0437920341946214,-0.0004244614060358,-0.1038960945421481,0.0866201286492908
Atxn2l,11729.0,0.0365182411047539,0.5849625007151449,0.0,0.0,0.0,0.0,0.00131052958,-0.00161636986,16.86625843941412,0.0010477707325702,0.005334396708461,0.0287845915508434,-0.0234501948423823,-0.0152471101537683,-0.0171275150119527,-0.1039537370577442,0.2110736923722562,0.1398342939590315,0.1829293688227418,-0.1541711259586309,0.2437880310167757
Ptn,95291.0,-0.1045868296307319,0.3625700793831816,0.2682877922374984,0.6099921763726454,-0.4022332026979935,0.0,0.0010810904822784,-0.0003624580974683,15.798203286926856,0.0011368546838679,0.004510827409305,0.0047604939138857,-0.0002496665045807,-0.0286364900967037,0.0177690739196335,0.0342537229216368,0.42848275410468,-0.1371685163391505,-0.6513236308641543,-0.4925022908682807,-0.1714222392607874
Tle1,83777.0,-0.471959371947845,0.0,0.0600070902604697,0.9729883682513644,-0.4328992541281915,0.9117498268010662,0.0003032206471739,4.7940418768115947e-05,19.781172666628777,0.0006368883905689,0.1184518642858675,0.1792094590276555,-0.0607575947417879,0.3473560429256021,0.2803344451564639,0.0808935865792585,0.0345529492672852,-0.3765869942790327,-0.6680373623043794,-0.2426300310339524,-0.4574805808582913
Fbxl5,77023.0,0.0,0.0,0.0,0.0,0.0,0.8231222376746674,6.474129365853661e-05,-0.0001519154358536,19.874423525423545,0.0005152091217586,-0.0085770647632688,0.0307181498038993,-0.0392952145671682,0.1064091451010036,0.0633136071409883,0.0678958655760992,0.1268114571065308,-0.2298302418733944,-0.7055774426715964,-0.1294569764343454,-0.2977261074494936
Nop10,1343.0,-0.0985589386688952,-1.1926450779308029,0.2144613562216694,0.0,0.0,0.0,0.0,0.0,0.0,0.0,0.0053798716939393,0.017984884327452,-0.0126050126335126,-0.0428025514436366,-0.0760703023711002,0.0079966228504404,-0.2217953237792458,-0.2269576786995113,-0.2704853629419173,-0.0223720836212595,-0.2349543015499517
Rps3a1,4762.0,-0.1755971845019832,0.0,0.0494771097593328,0.0,0.0,0.0,0.00035656366757,-4.762515887850469e-05,19.31002720162057,0.0006800317755564,0.0657857015850486,0.0975050655277696,-0.031719363942721,-0.0044266715327935,0.0111090710175393,-0.1539368975182865,0.0115401477946653,-0.1535037567978135,-0.1914382659075668,-0.3261191600829226,0.0004331407204729
Lrp1,82987.0,0.1692118600484602,0.3410369178330419,0.0911163171665287,0.0,0.0,0.0,0.0008910548517647,-0.0005041970388235,15.753530237183387,0.0013847390097493,0.0119179744379357,0.0157719688261034,-0.0038539943881677,0.0131403514526777,0.014776554172551,-0.0189562893348755,0.8182709072147054,0.2593760592717705,-0.2245436669974042,-0.3252035369448394,0.2783323486066461
Man1c1,142600.0,0.1693075362794873,0.0,0.0,0.2081718963165075,0.5685021663890093,0.0,0.0014159668692307,-7.437893589743584e-06,15.922587393165582,0.0016522073913096,-0.0261625539594625,-0.0131059689692181,-0.0130565849902444,-0.1607332038914483,-0.1736885318650931,-0.1594112908616648,0.6928542663005263,0.2443900043957498,-0.0345970040652197,-0.4708809921244929,0.4038012952574146
Gm28376,193446.0,-0.3185136235644394,0.0,0.0762185111382758,0.956671697578072,-0.009045317111016,0.0,0.0016545516882882,-0.0004601617144144,15.770629009500585,0.0010190172765587,-0.013452653241409,-0.0209130468222489,0.0074603935808398,0.0524590984819344,0.0460243733933663,-0.0324397438089563,0.6126541985463932,-0.1931593220839171,-0.6234285589205459,-0.5053532093645435,-0.1607195782749607
Numb,127900.0,0.0682277001586055,0.4739311883301687,0.0,0.4156027293404093,0.3518160507443857,0.0,0.0013445980181818,-0.0002181264981818,15.63776535072128,0.0013512384698566,-0.0039770470185395,0.0041286058038744,-0.008105652822414,-0.1030541516838371,-0.0811783769341644,0.0688765216250524,0.9693477116157578,0.3327959453512273,-0.1089537581904558,-0.3141397991479735,0.2639194237261749
Slc44a5,298286.0,0.0933684776013374,0.0,0.0,0.0,0.0,-0.3262282322774095,0.0014625238991304,-0.0001539688726086,16.09262624185208,0.0014439521097226,-0.021439881924128,-0.0311435527391465,0.0097036708150185,-0.1345291406428788,-0.1291574514847809,-0.0880275456473495,0.4997169734094939,-0.0330321523510458,-0.5182728731073399,-0.5472864665732177,0.0549953932963036
Rpl27,3231.0,0.0,0.0,0.0,0.0,0.0,0.0,0.00184140085,0.0010966442899999,16.76886020159175,0.0024932028845365,0.0079297150191013,0.0570721175107716,-0.0491424024916702,0.0138294320951872,-0.0253751613216017,-0.0296341345804416,0.2380652745709501,0.1622652759713958,0.1095982318554202,-0.0361353146773044,0.1918994105518374
Tmem243,60318.0,-0.2459970235959672,-0.2223924213347308,0.110626138968991,0.0,0.0,0.0,0.0007044536,-0.0002604348833333,19.183640847682412,0.0009029220557073,0.0137864764647572,0.0527860786017883,-0.038999602137031,0.0502861532891755,0.0052533315700535,-0.0576120238871369,0.1848055813814677,-0.2538259429144783,-0.3878912737173294,-0.5402869994662389,-0.1962139190273414
Unc5a,56607.0,-0.1539826895302942,1.222392421308968,0.0,0.6604682627419275,0.4276552461000302,-0.2223924212677481,0.0004873308894736,-0.0004450396131578,16.70806003441723,0.0012484732169397,-0.0369724405748032,0.0033449568398173,-0.0403173974146205,-0.0526686016287456,-0.0421186329182718,0.0515824033518921,0.6292934801365446,0.2675039904013967,-0.0453588255377783,-0.2032130125658358,0.2159215870495045
Cpeb1,108439.0,0.2024689481081276,0.1375035237486233,0.0505419401565034,0.0,0.0,0.0,0.0011885364404958,-7.98509702479339e-05,16.13193643426881,0.0015565298593976,0.0015657354280005,0.004188502701193,-0.0026227672731924,-0.0813132040291846,-0.0666892965134005,-0.1177758881585393,1.2676982301920985,0.2690049950640221,0.1265425553917896,-0.6128424858418062,0.3867808832225614
Kif5a,37652.0,0.3020099174010795,-0.4594316186348379,0.1153594912026037,0.0,0.0,0.0,0.0008801317347826,-1.9602236956521848e-05,16.276790578091944,0.0021849857706613,0.0442832333699077,0.0416415175564222,0.0026417158134854,-0.0208398074012514,-0.0203509475105125,-0.0173690775063656,0.3124649399960301,0.1851217820026611,-0.0311841674559884,-0.2249372852848941,0.2024908595090268
Sox5,953552.0,0.0,0.0,0.0,0.3949581850385149,-0.2843859378665274,0.1886410275380221,0.0004510933495384,-7.582693246153846e-05,17.134915921545005,0.0007234305203202,-0.0110293479139148,-0.0163538773825133,0.0053245294685985,-0.1267700547872603,-0.0963819519069927,-0.2212048553373451,0.7788881535658341,-0.0869937780006038,-0.5606380398940038,-0.9174732251169396,0.1342110773367412
Golga5,28772.0,0.0225320534984447,0.0,0.1169302501753371,0.0,0.0,0.0,0.0009231906465116,-0.0002736856209302,17.53986319397825,0.0012261263678684,0.0297914667786967,0.0180514006142148,0.0117400661644818,-0.1160946079989485,-0.1041628904790269,-0.18390660168025,-0.0296087246285812,-0.2908602856092132,-0.2813463555381172,-0.2707654910517278,-0.1069536839289631
Garnl3,145430.0,0.0,0.0,0.0,0.904028642173593,0.3763411340516445,0.6780719049323007,0.0005748109345588,-0.0004894710323529,16.19048688374273,0.0010931099755622,0.0117716706033759,0.0212065245897516,-0.0094348539863756,-0.0814329683187462,-0.0322408842017828,0.0613291339445146,0.9233615062461188,0.288983540195024,-0.4264272859764177,-0.3890340656270087,0.2276544062505094
Ubr4,136979.0,0.0631814005630397,0.099535673550227,0.0236135501575218,0.3684555855836685,0.4319268750661231,0.0928742152817563,0.0007347980808856,2.5163587564575667e-05,17.175483746875983,0.0016511742832202,-0.0001040558047613,0.0091950472363317,-0.0092991030410931,-0.0242889893780964,-0.0486450837358074,-0.0541284642743792,0.8542521091497227,0.3581895094307992,0.1731618717492922,-0.5172665308523827,0.4123179737051785
Glra2,198376.0,0.0,0.0,0.0,0.9891736174249912,-0.6695632685593186,0.0,0.0,0.0,0.0,0.0,-0.0020634527281641,-0.0047507881225334,0.0026873353943693,0.1848749085578882,0.1708859588307805,-0.2367979599863467,-0.9063612285456654,-0.9063612285456654,-0.6695632685593186,-0.2367979599863467,-0.6695632685593186
Lin28b,109775.0,0.0,0.0,0.0,0.8552535842018425,0.6443234880757709,0.0,0.0005620484565217,-0.0001982724826086,18.43990340433075,0.0011004398302266,-0.0185493345225932,-0.0040192467877397,-0.0145300877348535,-0.0103866367405575,-0.0191594589962668,0.3728600837303379,1.1278555572353235,0.4701533110793871,-0.5836690085521817,0.0284434119166515,0.0972932273490491
Acin1,44770.0,0.12253942840207,0.0,0.2121554113212945,0.0,0.0,-0.3770696490367298,0.00079607382,-0.0002502251516666,17.699803388408288,0.0011156731513956,0.0225498543498712,0.0755600781503677,-0.0530102238004964,0.0311412656587457,0.0001638416208595,0.0019000897674851,0.3301265334075792,0.0365970122045413,-0.2161850515308598,-0.1401213302921999,0.0346969224370561
Sorcs1,535347.0,0.0,0.0,0.0,0.0,0.0,0.5703717919907549,0.0002842864292857,-7.365403976190477e-05,18.455024134930746,0.0008531286423074,-0.0089837120882275,-0.0105174633950252,0.0015337513067976,-0.0823186275824056,-0.0500081115447682,-0.0563820932797365,0.8894465285469448,0.0167891193076659,-0.4804622772077073,-1.1138704378626278,0.0731712125874024
Gm16054,6517.0,-0.3557324473880232,0.5405683813586042,0.0870768656443554,0.0,0.0,0.0,0.0002948144999999,0.0001136484747619,20.05831906809344,0.0004335882757771,-0.007223073269671,-0.0085744547970747,0.0013513815274036,-0.0092631816461659,0.0180464570569948,-0.0336730895362666,-0.0239006718342785,-0.1361736895899218,-0.5209448848029877,-0.1837482626779432,-0.1025006000536552
Dpf1,14292.0,0.270220561967434,0.1096244911742205,0.0013446437720336,0.0,0.0,0.0,0.0008591924,-0.0007962229612903,17.514402380695948,0.0011479823381829,0.025858794191615,0.123177161629786,-0.097318367438171,0.0095652999790218,0.0037704517507564,-0.1008776521637667,0.3300959561862233,0.1930537472805801,0.119032662819015,-0.3542217221816381,0.2939313994443469
Madd,46477.0,0.1108204651238482,-0.4854268271661199,0.1374645889918541,0.0,0.0,0.0848888975615311,0.0003940164346938,-0.0002607040979591,16.444325924609814,0.0011053725325192,0.0159712680355992,0.001060244909815,0.0149110231257842,0.0376306296062745,0.0916803388390239,-0.0463340850594633,0.9219822566758412,0.2192436198943732,-0.1198572524185668,-0.4241571265313187,0.2655777049538366
Cul1,72741.0,-0.1763113464306211,-0.5849625007151449,0.0439124196353343,0.0,0.0,0.0,0.0013271349521739,-0.0007808810608695,16.991809673837313,0.0018875440443595,0.0070528152955049,0.0255541167036822,-0.0185013014081773,-0.035085684541388,-0.0823233206636553,-0.0571993310893762,0.137694825105662,-0.1405010499673447,-0.3637802936931409,-0.2967344952020252,-0.0833017188779685
Meis2,202775.0,0.0,0.0,0.0,0.8102365695401604,-0.5864221525812373,0.0,0.0006543725289473,-0.0002836319171052,17.481512679629176,0.0007417482716859,-0.0091312864168888,-0.0173775620444515,0.0082462756275627,-0.1690129730182973,-0.1115851437675915,-0.083570567311474,0.6657592074228238,-0.2014081950642098,-0.7483660568081333,-0.5658682945941353,-0.1178376277527357
Bex2,1672.0,0.2970301902555717,0.0,0.2342934468192966,0.0,0.0,-1.7369655924830618,0.0,0.0,0.0,0.0,0.014755958606892,-0.0076198759352114,0.0223758345421034,-0.0691891070102093,-0.0692194708518044,0.0,0.0,0.0,0.0,0.0,0.0
Nek9,39848.0,0.1463279693751302,0.0,0.0921019124105364,0.0,0.0,0.0,0.0020538558090909,-0.0004821865681818,17.223416573525242,0.0019767752472659,0.001785417069424,0.0243778055727185,-0.0225923885032944,0.0575985688168468,0.0317209524608766,-0.1251750637866246,0.302117013557388,0.1585150002640855,0.1236389384250009,-0.5407113839335496,0.2836900640507101
Rnf170,32422.0,-0.1760125171948416,-0.5849625007131416,0.0,0.0,0.0,0.0,0.0010902030392405,-0.0003387114873417,17.549866392178473,0.000931884609199,-0.0242201795702628,0.0144600495773662,-0.038680229147629,-0.0117242883525636,0.0015823432102864,0.058730821882611,0.2846841191921979,-0.0447291572486552,-0.2052087419412878,-0.1216249866794521,-0.1034599791312663
Hsp90ab1,5496.0,0.0,0.7162070339953761,0.0,0.0,0.0,0.0,0.0010981393357142,0.0003483205809523,17.498150819042845,0.0021152068656863,0.0847775619407429,0.1257670586235815,-0.0409894966828385,-0.0706020778258719,-0.0096402747748423,-0.0643085387251861,0.1859780358919724,0.0532952480797955,0.03537574537762,-0.1623347917781048,0.1176037868049817
Gm26749,41738.0,0.1246610868944251,0.8744691179052118,0.207938502263748,0.0,0.0,0.0,0.001276071425,0.0003810406071428,15.67114134926542,0.0007574509855077,0.0005964894970132,-0.0094553383875754,0.0100518278845886,0.0900864338674138,-0.0122616088018825,-0.1788193291142775,0.2959334732393203,0.0793170924860662,-0.2092894262990758,-0.4958928800832536,0.2581364216003437
Flt3,69748.0,0.0,0.0,0.0,0.3439008515485166,0.2339011313699295,0.736965593973847,0.0006641624844086,-0.0002370440005376,18.56954666949919,0.0007554246547267,0.0038088748575658,0.0176915100891737,-0.0138826352316078,0.0008189045176046,0.0194376518353134,0.1019021980045097,0.8001898971460343,0.3715982293291499,-0.1842621609813419,-0.3769048438572312,0.2696960313246402
Atxn7l3b,3571.0,0.0,0.0,0.0,0.0,0.0,0.0,0.0,0.0,0.0,0.0,0.006432884518682,0.0444810880986593,-0.0380482035799772,-0.0406197373902339,-0.0291170563181814,-0.0538618572487295,-0.239329145411365,-0.3555586899308878,-0.4514222191966692,-0.1665159794864763,-0.3016968326821583
Pik3cb,103967.0,0.0857925811449344,1.152003093436233,0.0,0.0,0.0,0.0,0.0008513711589147,4.873356124031005e-05,17.70823444600423,0.0012077500849595,-0.0102997322015388,-0.0070987976639331,-0.0032009345376057,-0.2009390781553678,-0.1496212183938333,-0.1024507303248205,0.7133124464748541,0.0341268313127405,-0.3751265001377311,-0.6264244432003575,0.1365775616375611
Ldlr,26436.0,0.2402181929199094,-0.8073549220498757,0.0,0.0577125906394199,0.3773485783286987,0.1828640571033917,0.0025234352222222,-0.0015461240555555,16.01688240190269,0.0012071355300283,-0.0262472728498815,0.0188600744946601,-0.0451073473445416,-0.099519780850472,-0.0621323719687108,-0.1147770109607728,0.7698162481409272,0.3035148821597113,0.0229600487752161,-0.4678785039661497,0.4182918931204841
Capn15,27432.0,0.2459617420663868,-0.1750867065575594,0.0456789351171749,0.0,0.0,0.6951454182089034,0.0024715853806451,-0.0004029436870967,16.304085578892963,0.0024080271526258,0.0167696385955759,0.0385727959696781,-0.0218031573741021,-0.0582058352578392,-0.0504951178307282,-0.04672605099389,0.4890905165119834,0.0740550126322083,-0.259610425917212,-0.3143225749352618,0.1207810636260983
Sema6d,577801.0,0.0,0.0,0.0,0.313495507914218,-0.4558808185906612,0.1891967587187818,0.0002796540150873,-9.129195505238648e-05,18.070607173520777,0.0006448322245458,0.0050688330652433,0.0156181050346757,-0.0105492719694324,0.066281264328358,0.0515694004918924,-0.0057362718095439,0.3554725190518537,-0.334285109960386,-1.024645883024001,-0.4134307199468345,-0.328548838150842
Gm20319,41056.0,-0.0044208554038744,0.0,0.1419321209997255,0.0,0.0,0.0,6.765436666666659e-05,0.0004877844111111,19.126087438432823,0.0008054513001089,0.0004270527589708,0.0148907504606976,-0.0144636977017268,0.033824601502539,0.0832905290505365,0.0915196062700993,0.3842336594175964,0.1117622417056783,-0.306174728778555,-0.3811129996290929,0.0202426354355789
Sorbs1,219026.0,0.0,0.0,0.0,0.0,0.0,0.0,0.0,0.0,0.0,0.0,-0.0230019027762843,-0.0201364565818299,-0.0028654461944544,-0.1482131764264891,-0.1409163845176349,-0.1364304093495353,0.805848979321728,0.2042795843336003,-0.1715703368715631,-0.6447562659869386,0.3407099936831356
Bod1l,56777.0,0.0,0.0,0.0,0.0,0.0,0.0,0.0004798153358333,-0.0001595050628333,19.55487737465536,0.0005820763386828,0.0216012358171695,0.0209217923342486,0.0006794434829209,0.1335811983352491,0.0586355184227844,-0.0430297580150426,0.6920635317848529,-0.0144846377875894,-0.4200264233505263,-0.4134307199335649,0.0285451202274532
Eif2b3,67904.0,0.2019397648761725,-0.5405683813586042,0.1337808009057906,0.0,0.0,0.0,0.0022933492574999,-0.00052268513,15.72732723631296,0.001461908424036,0.0046758237911018,7.67515666580676e-05,0.0045990722244437,0.0282637311329876,-0.0049333351085634,0.0529875616421242,0.7742380447045742,0.1957683817358872,-0.352356330920835,-0.5019673944864502,0.142780820093763
Pdxdc1,69983.0,-0.1741042199754421,1.8073549220060792,0.0,0.0,0.0,0.7009208109191667,0.0,0.0,0.0,0.0,0.0262427045557979,0.0450958244917572,-0.0188531199359592,0.0698347944339631,0.0204766420607187,-0.0409666712332795,0.8578724247394929,0.1648384780065038,-0.3442489253802967,-1.0999312469067908,0.2058051492397833
Ptpre,148812.0,0.1495134074838193,0.3536369546129583,0.0,0.0635993966026103,0.3295364104011641,-0.1315172028945475,0.0007640000350232,-0.0002374752808837,18.28126918921365,0.0012676151810211,-0.039069844534555,-0.0295449692965708,-0.0095248752379841,-0.2110299272771693,-0.1925482361159941,-0.1526854213717687,0.752057255307003,0.2194046476267335,-0.056847454893697,-0.8004538429561091,0.3720900689985023
Gm14330,9287.0,0.0979827183869113,0.4360991148044597,0.1541833374634622,0.0,0.0,0.0,0.0004586445919354,-0.0004510603193548,18.469681160012968,0.0006135089574499,0.0795138576476296,0.0950646589067675,-0.0155508012591378,-0.0078264216396868,-0.0690926362530054,-0.1137339473342307,0.4406638265052749,0.1080719812047796,0.0306759963326469,-0.3426891285848622,0.2218059285390103
Ubr1,110446.0,-0.0559309906648843,0.0,0.0,0.0,0.0,0.271680798046123,0.0014537626212121,0.0001795166090909,15.603026351786946,0.0012734225459758,0.004337658456322,0.0034459962579647,0.0008916621983572,0.0579018231766126,0.0365389204644439,-0.0456533355857675,0.2646745758376738,-0.029113330754862,-0.4275165668339006,-0.5573178604726043,0.0165400048309055
Ptprs,64057.0,0.2149248099039153,-0.5145731728266663,0.1748475612122892,0.0,0.0,0.0,0.0004953191772727,-0.00018480985,16.45291779503094,0.0017900065609958,0.0679277783195374,0.0689007758966471,-0.0009729975771096,0.0592306825223885,0.1190174013474352,-0.1196031464415921,0.4164140651629017,0.1222251530560151,-0.0232390622531752,-0.4310107975880084,0.2418282994976073
Angptl1,22516.0,0.3505173586043053,-0.2344652536357498,0.2528787592063642,0.0,0.0,0.0,0.00235513735,-0.00163342385,16.970135947497646,0.0001195173094764,0.0055305679745412,0.003762251174922,0.0017683167996191,-0.1436234908597731,-0.1302101395591499,-0.1875371333880193,0.5215023675115774,0.0365566187034983,0.0521697135807255,-0.6809110307296071,0.2240937520915177
Rpl23a,2652.0,0.2435057637452149,-0.2344652536357498,0.1157274952707038,0.0,0.0,0.0,0.0014513434738095,-0.0006715198261904,17.189651310927076,0.001876267381818,0.0359229923412885,0.0594384226324471,-0.0235154302911585,0.0165676518312485,-0.0281621756416824,-0.0437459874091209,0.1617870284205533,0.0835770898574249,0.0822646176611199,-0.1670143855776753,0.1273230772665459
Cep120,62885.0,-0.3372117210968577,2.8744691178746087,0.0,0.0,0.0,0.5725787761441423,0.0003955613043859,6.245342017543862e-05,19.07629950130565,0.0006071728183582,0.0056464851693474,0.0083933325126285,-0.0027468473432811,0.0250734668379824,-0.002456853819402,-0.0418523552108643,0.4359155115624675,0.0181450160335566,-0.3574223090363673,-0.4344923353825516,0.059997371244421
Smyd3,566081.0,-0.1024113715626162,0.4005379295823292,0.0,0.544543670110037,0.2359109781173979,0.0733980937278056,0.0005698667580536,-3.744614276845639e-05,17.36693444592933,0.0009520565802455,-0.0017495220560941,-4.049106414022452e-06,-0.0017454729496801,-0.004979321305506,-0.0073875895116959,0.0145706871803233,0.9485891514213776,0.2044761041664124,-0.484221778761683,-0.5401025233681364,0.189905416986089
Gm11655,12276.0,-0.1073110715637488,-0.1154772174190115,0.0342605865347767,0.5404276234947162,-0.6814060509114375,0.0,0.0008771576727272,-0.0007124943818181,17.981709575587615,0.000630839346679,0.0586705615522822,0.0727224233634211,-0.0140518618111389,0.1517403065951185,0.1211307110920615,0.1080775056273484,0.4466788530814501,0.0439016293375061,-0.6814060509114375,-0.0501757627871261,-0.0641758762898423
Rpl29,2114.0,0.2019273542414996,0.5849625007193069,0.1624853815976868,0.286228328426562,-0.0142542776212581,0.0,0.0012328548714285,-0.0003838244428571,17.423188332085207,0.0012704215769941,-0.0085779255780924,0.0512942355214973,-0.0598721610995898,-0.0256049580415493,-0.022867826224812,-0.0888520861143054,0.291738876764833,0.0034138556082083,-0.0142542776212581,-0.2545412409335901,0.0922659417225138
Necab1,197549.0,-0.4554201923493943,-0.4854268271619979,0.0,0.0,0.0,0.44745897685464,0.0019093054316666,-0.0006119935516666,15.400201244567125,0.0008962644232785,-0.0079301035957108,-0.0073713896225389,-0.0005587139731718,-0.0768788751195312,-0.0660997942112269,-0.0411287940119592,0.440152504504659,-0.15429721905379,-0.495549379062894,-0.8696599063240886,-0.1131684250418307
Doc2b,27083.0,0.1784459819074615,0.0458036896129794,0.0,0.0,0.0,0.0,0.0013605004123287,-0.000324292849315,17.45290590217058,0.001400508246281,0.0178668402700112,0.1013377534636513,-0.08347091319364,0.0777972759314891,0.0984419471735054,-0.0835742008664092,0.3457612978494846,0.080711334977584,0.0576899959193255,-0.2152046097511222,0.1642855358439932
Mrpl57,3062.0,-0.1655009335561912,-0.1069152039157192,0.1118710790786834,0.0,0.0,0.0,0.0027558501,-0.0011981348,16.575760974775182,0.0010755857476077,-0.0320582651361435,0.0409273603736192,-0.0729856255097627,-0.0210683549900002,-0.0055380539888995,-0.0576552897802295,0.099307521455496,-0.0315249605969039,-0.0788630853114913,-0.0834943573378126,0.0261303291833255
Rpl23,4910.0,0.1637052507193943,0.1926450779411075,0.1044089238508491,0.0,0.0,0.0,0.002027314337931,-0.0008920826689655,17.029876006119704,0.0014266319106821,0.0101829469081112,0.0667343535634843,-0.056551406655373,-0.070336148590118,-0.0005156422563722,-0.0971593690448756,0.3898190970300753,0.1655363077994896,0.0127283871945506,-0.1831761808403281,0.2626956768443653
Gm1992,46966.0,-0.0801577677800704,0.0,0.0883823545603692,0.0,0.0,0.0,0.0005555343266666,0.0002117484299999,18.494814249552217,0.000910992777367,0.0175110371851048,0.030905858336663,-0.0133948211515581,0.1088618730991681,0.1213934014457652,0.0850441193705236,0.4099203030414799,0.0343704574902088,-0.5488502782326125,-0.2861955316443122,-0.0506736618803147
Itgbl1,315647.0,0.0,0.0,0.0,0.0,0.0,0.0,0.0009727561083333,-3.872203333333339e-05,16.4364322023946,0.001056525846519,-0.0249169406252003,-0.0378577078063633,0.0129407671811629,-0.113240224056504,-0.1018517586207466,-0.2214634457764489,0.3337486225673145,-0.1424077159947745,-0.2258565009848848,-0.9394995314247834,0.0790557297816744
Cox7a2,4517.0,-0.2517139566320949,-0.4150374992668215,0.1026521398967917,0.0,0.0,0.0,0.00154742803,0.00040891937,17.948202968107015,0.000469362763354,0.0184400126052202,0.0090904662317175,0.0093495463735026,-0.0309371231513873,-0.0521363191343344,-0.0291186112051179,-0.2020452995009043,-0.2681158478194333,-0.348342975856398,-0.0723938021286716,-0.2389972366143153
Cdkl4,54263.0,0.0,-0.459431618632379,0.0,0.0,0.0,0.0,0.0018291828439999,-0.0004925733986666,17.076999353545435,0.002105146429041,0.000592786354765,-0.0172651047989796,0.0178578911537447,-0.0530348907434086,-0.0086650188772259,0.0563839939770778,0.6631069229404505,0.1941417454790749,-0.0410585883594265,-0.1929353337979424,0.137757751501997
Sema3e,231413.0,-0.3430255827460966,0.0,0.0,0.0,0.0,0.0,0.0008616438843262,7.22338295744681e-05,17.48445442671197,0.000867688263164,0.0161099767229207,0.0150154496939045,0.0010945270290161,0.1238268831970211,0.1267204172084283,0.054362600779096,0.5474238267566891,-0.1776838154583223,-0.6666998305935703,-0.282186186653961,-0.2320464162374184
Pid1,327884.0,0.0,0.0,0.0,0.0,0.0,0.5302136587825471,0.0007219604783175,-0.0003901331538563,16.698445992026535,0.0008745181148043,0.0248639725757312,0.0260394513962923,-0.0011754788205611,0.1668825193293532,0.1784465271914855,0.1412758293141404,0.7290977868829698,0.0692970058341913,-0.5942421810433428,-0.3758673069626758,-0.0719788234799491
Gm16070,51619.0,-0.3867649014847103,-0.222392421333013,0.0884189906117816,0.0,0.0,0.0,0.0008366523749999,-4.18822499999999e-05,18.861283817009515,0.0002869809020034,-0.0094143285481366,-0.0056801556981785,-0.003734172849958,0.0279635010293632,0.0543413041161623,0.1371411608367098,0.2313563833792824,-0.0996998101625624,-0.8430439886581119,-0.1771963734583203,-0.2368409709992722
Rims2,486111.0,-0.1369865296532602,-0.2344652536357498,0.1531067952419241,0.9023723974996308,-0.5420557084342265,0.823122237433414,0.0009955514333333,-0.0009941181666666,15.651512496214414,0.0003903882684081,-0.0203356264141259,-0.0117044877441858,-0.00863113866994,-0.1257782493729301,-0.086835790620381,-0.012359241164023,0.4791829654508341,-0.0465185640583694,-0.5511460148600857,-0.6551884660975725,-0.0341593228943464
Pacsin1,55973.0,0.0,0.0,0.0,0.0,0.0,0.2963930027332198,0.0022424138857142,-0.0001711747464285,15.730323433104688,0.0017708110826842,0.0368756141330662,0.0389831472521886,-0.0021075331191224,0.1005202788826872,0.1074627453859853,-0.0434436322422314,0.6164598226847315,0.2651272053022295,-0.3944198404701117,-0.5189460084745314,0.3085708375444609
Wdr95,83215.0,0.1241756729327518,1.0614005446608763,0.064452055294888,0.0,0.0,0.5606775926786893,0.0003033172325287,0.0001142380876436,18.172967345578144,0.0009155638389497,0.0404328460786341,0.0458768798657286,-0.0054440337870944,0.1361871288896441,0.1453754337160558,0.1048837872176939,0.566503767292757,0.0710534704870616,-0.640596076605333,-0.1876635718363661,-0.0338303167306322
Ncam1,296789.0,0.0,0.0,0.0,0.1711382397627572,0.0998902463155009,0.0,0.0006717446183111,1.486129991111112e-05,17.480101916832474,0.0009175965678312,-0.023193637557984,-0.0209250563433799,-0.002268581214604,-0.0882401705404247,-0.0820423186655608,-0.1027395595056866,0.7744927353417342,0.0991073422702528,-0.4839302957731395,-0.7088866033958816,0.2018469017759395
Rnf216,122101.0,0.0,0.0,0.0,0.3727909170915031,0.4617156221332744,0.0,0.0012643187941176,-6.818216838235287e-05,16.195686389008404,0.0012683473169111,0.0090576558817347,0.0173971586153795,-0.0083395027336447,-0.045256136315492,-0.0475449594469659,-0.0533496980172226,0.7965293939535112,0.3086213214460706,-0.1804011117340256,-0.9348280917303068,0.3619710194632932
Kifc2,8338.0,0.2578730322590883,-0.432959407274236,0.0949878294367632,0.0,0.0,0.0,-0.0003146606666666,-0.0008186958999999,17.03415963812646,0.0002218426435909,0.0419394313981448,0.0607308421716009,-0.0187914107734561,0.0432082140033088,-0.0063852907332766,-0.0630814275836663,0.1701932707751678,0.0409710126295822,-0.1283134212764487,-0.1519491497190022,0.1040524402132486
Kitl,84786.0,0.0,0.0,0.0,0.0,0.0,0.0,0.0003839129895833,-1.1315991666666658e-05,18.20238805542475,0.0006343235355152,-0.0120186050787555,0.0112267402300484,-0.023245345308804,-0.057605786903252,-0.0392032871314406,-0.192067238229678,0.213523090245127,-0.3434667200827063,-0.8868972326114719,-0.5758220486667416,-0.1513994818530283
Fth1,4500.0,0.3564745922778674,0.0324214776923046,0.2352100397414707,0.0,0.0,0.0,0.0015478170428571,-0.0006452191428571,17.211318015325467,0.0012207142917955,0.0477005793870217,0.1156352356382884,-0.0679346562512667,-0.0165087754370489,0.0066539848953983,0.0553708832896315,0.0159884368535641,0.0067341760909309,-0.0814087850705727,0.0318530661803926,-0.0486367071987006
Zfp804a,206657.0,0.0,0.0,0.0,0.3062869973463972,-0.6219043591155169,0.0,-3.250954999999997e-05,0.0002704211285714,18.117059591906617,0.0004588526595177,0.0090743541465499,-0.0119345873877988,0.0210089415343487,0.1280815329455997,0.1648055757394149,0.006058980030329,0.1175364838352418,-0.3424250944817266,-1.0187312767648828,-0.5116542559948425,-0.3484840745120557
Eid1,1690.0,0.0,0.0,0.0,0.0,0.0,0.0,0.0,0.0,0.0,0.0,0.0230232306541907,0.0368467652594152,-0.0138235346052244,0.0077030471561411,-0.0637213092791039,0.0129226212764489,-0.1215392950709608,-0.1458154451560029,-0.1851752717384485,-0.0377907341145897,-0.1587380664324519
Fbln2,60085.0,0.2138551928752283,0.2756344426121071,0.150577225486854,0.0,0.0,0.0,0.00112946434,-0.000498048537647,17.275628592011756,0.0012715803606083,-0.0035883973692249,0.0152184855655479,-0.0188068829347729,-0.0671342352466297,-0.0490416734635318,0.009228514926436,0.5487217981812434,0.2463674582200218,-0.206661545953205,-0.3091807579489926,0.2371389432935857
Egr1,5161.0,0.1721760109314993,-1.415037499263816,0.1838338623201693,0.0,0.0,0.4314922616979596,0.0005407581,-0.0004506451099999,18.28778729924342,0.0008812161138683,0.1545728827441248,0.2405598433403466,-0.0859869605962218,-0.0449131041248522,-0.0274720771531283,-0.0360357532821405,0.0481098367803038,-0.0889028551645553,-0.1697372895960125,-0.1366158746523984,-0.0528671018824147
Cacna1c,609178.0,0.0,0.0,0.0,0.6476406524695928,0.4297582555848303,0.206452355051768,0.000913287665853,-0.0004308313687203,16.713087468690183,0.0008428452589893,-0.0227959535531195,-0.018754277896019,-0.0040416756571004,-0.1188344748555514,-0.152906461232458,-0.0854937310632601,0.9118352529551066,0.1967441991271083,-0.3541871624167108,-0.795576337611608,0.2822379301903684
Chrm3,485361.0,0.0,0.0,0.0,0.2447083730111697,-0.4328492538590722,0.413122243751876,0.0003545433043204,-0.0001177260202636,18.34734785705316,0.0007015004933552,0.111471500050867,0.143122426017235,-0.031650925966368,0.4141175558033798,0.3645714408625812,0.1599837498311274,0.4674057977297166,-0.09721370072436,-0.7549168249675263,-0.2691083635892682,-0.2571974505554874
Gria4,378338.0,-0.1818253030728343,0.0,0.0701066862339207,0.7031939703837384,0.0375644129054579,0.0,0.0002106853438785,-3.572476280373833e-05,19.531820590138025,0.0006368919198724,-0.0250755348274769,-0.0349224553840005,0.0098469205565236,-0.1607983465423657,-0.1116524069975817,0.0246187633647377,0.7839860211493139,0.0416165601868961,-0.3344576919664148,-0.5187837200456047,0.0169977968221584
Ilf2,12253.0,-0.0098644100719944,-0.4150374992668215,0.0892196266424549,0.0,0.0,0.0,0.001692508990909,-2.9758440909090856e-05,16.876367561763395,0.0010539738836557,-0.0008801168848152,-0.0278226764870566,0.0269425596022413,-0.0466876088818746,0.0118006757489943,-0.1702471086848553,0.1775437931988118,-0.1122273981843994,-0.2087749025678134,-0.3080777197999872,0.0580197105004558
Med24,24844.0,0.2585942016265115,0.1586977460187082,0.0963846974726393,0.9878657606434614,0.6053738922324499,0.0,0.0,0.0,0.0,0.0,0.018923097227966,0.0320909407538101,-0.0131678435258441,-0.0241589758010494,-0.0424429253035083,-0.0192260612814522,0.6115541642281819,0.3234620475374238,0.0077020792280437,-0.2591025735572906,0.3426881088188761
Grb10,108175.0,-0.2850113422251903,0.1926450779411075,0.0178630720865021,0.0,0.0,0.0,0.0006652760102739,5.132570547945219e-06,17.7057351636458,0.00081674941656,0.0055962077380763,0.0182030904103605,-0.0126068826722841,-0.0435741946362591,-0.0295770961944756,-0.0626481118824264,0.6568350434503455,-0.010118036737736,-0.1108469185069791,-0.6029845280551082,0.0525300751446903
Grm8,860059.0,0.0,0.0,0.0,0.0,0.0,0.0,0.0002215601464824,2.926095899497486e-05,18.913143422695637,0.0006768631204439,-0.0115015559005608,-0.0179565680652986,0.0064550121647377,-0.0668418475301499,-0.0657984050852303,-0.0444720087590968,0.2859315857843648,-0.3088949145450237,-0.6844436170601701,-0.5648830612828012,-0.2644229057859268
Fbxl20,67847.0,0.1620448527226727,0.2630344058325917,0.0489189621511724,0.0,0.0,0.0,0.0016507532295454,-3.835729090909099e-05,15.92561324635668,0.0015225795102949,0.0111218978928869,0.0092405101097003,0.0018813877831866,0.0826509628372401,-0.0185480451415688,-0.0622122806147556,0.6994269201924175,0.2343259455337058,0.027943156417888,-0.4857449247235342,0.2965382261484615
Galnt11,44014.0,-0.1257095930036453,-0.1375035237492792,0.0,0.0,0.0,0.0848888975615311,0.0007112982428571,-0.0001781669571428,16.363760415079174,0.0016130053581221,0.0299664293447909,0.0448807205797183,-0.0149142912349274,0.1982362422817581,0.1605172754090479,-0.0856850612485777,0.5030297074283497,0.0815478033038188,-0.0693503833952942,-0.337195134129266,0.1672328645523966
Banf2,40920.0,-0.070758232503501,-1.222392421308968,0.0472729006070185,0.0,0.0,0.0,0.0005617681975,-4.9526989999999934e-05,17.824628185647885,0.0008334416440088,0.0040275626981952,-0.0044113027881984,0.0084388654863936,-0.0317709145979456,-0.0142476300645,-0.0436958174818772,0.42902912600256,0.1688193409646612,-0.1732583876774467,-0.2540480961193262,0.2125151584465384
Atp1b1,21246.0,0.0954218523594714,-0.1375035237486233,0.2035314149503051,0.6277430087934722,-0.3251106494737874,0.0,0.0010669072714285,-1.896217698412694e-05,17.770775813395968,0.0010889109390208,0.0417789858772157,-0.0626377501711239,0.1044167360483396,0.0062524225269262,-0.0144105269260494,-0.0694904269817756,-0.1150996571405422,-0.3659476994505106,-0.429552783471907,-0.4454919291764987,-0.2964572724687349
Ggnbp2,38456.0,0.3733615564631738,1.3219280948787064,0.0,0.0,0.0,0.0,0.0009094518,0.0001478281999999,19.43745949905413,0.0,0.0277841974267224,0.0373155376262485,-0.0095313401995261,0.0040548766882679,0.0253771347404505,-0.0024634622096098,0.0879922082219106,-0.066361418493835,-0.1288713459212527,-0.1611968457292603,-0.0638979562842252
Rpl10,2323.0,-0.0910402614008802,0.440572591383269,0.0717972192428565,0.0,0.0,0.0,0.0,0.0,0.0,0.0,0.0088946166726244,0.0002951565256366,0.0085994601469878,-0.0726925652692112,-0.0183820574444187,0.0,0.0,0.0,0.0,0.0,0.0
Rps24,9834.0,0.0213219726268421,0.7776075786549645,0.0,0.0,0.0,0.0,0.0003328127474683,-0.0001725583018987,18.97129614461738,0.0008991010455536,0.0012184644181528,0.0947173247153179,-0.093498860297165,0.0317976771897003,0.0007255452162162,-0.1726054989682183,0.0716534714164507,-0.0434875623452835,-0.0561015023430417,-0.2426839041724606,0.1291179366229348
Dynll1,3889.0,0.2700635854275766,0.0,0.0486448503476993,0.6175687666370896,0.3760496746339874,0.0,0.0005961370571428,-0.0003291500571428,17.023970872997058,0.0009769327443802,0.0155750769998492,0.0829306798279159,-0.0673556028280666,-0.0186103053391395,-0.0201366772727618,-0.1258017016506961,0.2709594764786178,0.141881314130118,0.1477082869574975,-0.1644476578703586,0.2676830157808141
Prickle2,335247.0,0.0,0.0,0.0,0.0,0.0,0.5097380047887775,0.0010256943875862,-1.410435103448277e-05,16.170844124187262,0.0010286451435424,0.0654760934081767,0.0925382455697038,-0.0270621521615271,0.0820537631450785,0.0564946374751939,0.0091186796122879,0.6042419588247593,0.0025304715062106,-0.5981127453071916,-0.5618015783942656,-0.0065882081060773
Cbx7,55312.0,0.0558903109565518,0.6780719051072275,0.0,0.3144220393849474,0.3825455323443218,-0.0544477840018253,0.0,0.0,0.0,0.0,0.0047859626444524,0.0120423397792589,-0.0072563771348065,0.005630971356109,0.0256470177176912,-0.0205604922692652,0.733215233728596,0.4020667227917015,-0.0041268639842109,-0.4283810613540698,0.4226272150609668
Rps19,5435.0,0.154678401941779,0.0,0.0326066298612156,0.0,0.0,0.0,0.0025362943944444,-0.0005419975111111,16.868317987988778,0.0023036117507075,0.0553654018837437,0.0782978900601186,-0.0229324881763749,-0.0351599632953385,-0.0235341817928098,-0.0979747236892228,0.2472294610177492,0.1440265667521845,0.0028153143374787,-0.4711462177808626,0.2420012904414073
Ppfibp1,143538.0,-0.014765367178855,0.5849625007151449,0.0,0.0,0.0,0.0,0.0018966756767857,-0.0005467865232142,15.319152739241286,0.0012546063170131,-0.0076627619336442,-0.0022540628652206,-0.0054086990684236,-0.1353750759308286,-0.1061268586852468,-0.1279568695474436,0.579132686555794,-0.0470304065378942,-0.4529802052818347,-0.6583177789296598,0.0809264630095494
Slc6a7,18842.0,0.2026905918647066,0.3785116232526206,0.0378390602986665,0.0,0.0,0.0,0.0009530223457142,-0.0003370309114285,16.587081254590572,0.0017959469554804,-0.013263214662496,0.0178818086930542,-0.0311450233555503,-0.0631035497003469,-0.037927586616979,-0.1215052293007913,0.3668515811909412,0.0369681089264569,-0.1447556411212747,-0.2186259184970373,0.1584733382272483
Snta1,31786.0,0.0080708430848464,-0.0703893278910543,0.0938135365803334,0.0,0.0,0.0,0.0,0.0,0.0,0.0,-0.0138352768254648,-0.0055764601822129,-0.0082588166432518,-0.1137159984997662,-0.0881813812722422,-0.1374457190718923,0.4923824632473697,0.1676484076654827,-0.0591006797962014,-0.3354282079306133,0.305094126737375
Nrxn3,1612059.0,0.0,0.0,0.0,0.2723192655713684,-0.4275965023284183,0.3593656430713488,0.0007704828986676,-0.0002061412854137,18.08661975318933,0.0008982698759014,0.0188653632122401,0.0221328177578761,-0.003267454545636,0.1354444753178409,0.1379317848355143,0.063970123882309,0.3978474707623368,-0.0968969417760764,-0.8893670246651333,-0.7760007992066255,-0.1608670656583855
Rasl11b,4195.0,-0.0661365262595743,0.0,0.2429257166248097,0.5773831319419016,-0.3834672324402475,0.0,0.0005327569176562,-3.410983874999997e-05,18.218536967401825,0.0010255744230703,0.1716378288051521,0.2555483844776183,-0.0839105556724661,-0.0129518623826222,0.0697249896103842,0.0049973585906791,0.1249499642285609,-0.2322384433958491,-0.4689791917596486,-0.1308435167034383,-0.2372358019865283
Smdt1,10132.0,0.0,0.0,0.0,0.0,0.0,0.0,0.0,0.0,0.0,0.0,-0.0070997370931065,0.0416867162722746,-0.0487864533653812,-0.0835016559290821,-0.0754659154352792,-0.0943618896804997,0.1194114663354231,0.021273459316444,0.0239837008318497,-0.1095342478937373,0.1156353489969437
Epha3,320641.0,0.0,0.0,0.0,0.994710738709876,-0.5557669019140274,0.4652295332593659,0.00055062710375,-0.000277150554375,18.23728110959105,0.0008630777704307,0.0153722643770641,0.0306088638123157,-0.0152365994352516,0.1094207107416367,0.0949242248388285,0.0579018596180326,0.1698810741409451,-0.2468968071501826,-0.816652841097774,-0.2567052162087568,-0.3047986667682153
5031415H12Rik,10253.0,0.2899935566152312,-0.2995602818568268,0.5282062309635439,0.0,0.0,0.0,0.0,0.0,0.0,0.0,0.0345088629436891,0.0574744497075861,-0.022965586763897,-0.0500721373631968,-0.018595323838803,0.0360671717252885,0.3986344955382456,0.1579581673150234,-0.1496819293059124,-0.1540990429311639,0.1218909955897348
Casc3,28909.0,0.5368106596372919,-0.1699250014413102,0.0,0.0,0.0,0.0,0.0,0.0,0.0,0.0,0.031812531626335,0.0349245479750626,-0.0031120163487276,-0.0281476951822783,0.0234594608617875,-0.1676119657319263,0.6729547088684944,0.2116152329273866,0.108851682468706,-0.4098552657242735,0.379227198659313
Gigyf1,9387.0,-0.058574920588633,0.1926450779398196,0.0240448116824325,0.0,0.0,0.0,0.0006532137111111,-0.0005126248,16.915822798595993,0.0013080671496904,0.0173392280268849,0.0615387466499281,-0.0441995186230431,-0.0430235593753378,0.0097310929144198,-0.080481440273821,0.566565364327236,0.3742029366359271,0.2494617647545935,-0.0933416247376667,0.4546843769097481
Dancr,2346.0,0.0,0.0,0.0,0.0,0.0,0.0,0.0008403420588235,-7.783525176470594e-05,18.30658915545263,0.0010168945339245,-0.0065572223073406,0.0388329805885168,-0.0453902028958574,0.005645001833924,0.0352206426184488,0.0443637933994374,-0.2478788459090344,-0.2478788459090344,-0.2922426393084718,0.0443637933994374,-0.2922426393084718
Chrna5,26899.0,-0.1162437375932712,0.2995602818568268,0.1156672544105463,0.0,0.0,0.0,0.0,0.0,0.0,0.0,0.0593778981636199,0.0833568974729256,-0.0239789993093056,0.2504422293208577,0.1662248562432457,0.1523027393454948,0.2357458286705716,-0.0328614788000988,-0.5368470886733885,-0.0950290037279841,-0.1851642181455937
Meg3,30725.0,0.0,0.0,0.0,0.0,0.0,-0.2863041850933033,0.0004653730543478,0.0001370202608695,18.046949973890417,0.0011243997862041,0.0288706428132707,0.0361663453117948,-0.0072957024985241,0.0053241053329401,0.0103893036111746,-0.0183103240479452,0.4296086380204256,0.102103239591979,-0.1062596490163411,-0.2479179231269199,0.1204135636399243
Phf2os1,4348.0,0.1681146054598774,0.0,0.1197693854711964,0.0,0.0,0.0,0.0012282666454545,-0.0006166110757575,17.440192468419717,0.0011055295649607,0.0084333641333476,0.0110831912197644,-0.0026498270864168,-0.0771597808146566,0.015099745725331,0.0109293139419845,0.4245036262569557,0.2779877517572218,0.1806214987597285,-0.2445538079432723,0.2670584378152372
Ext2,161540.0,0.0,0.0,0.0,0.0,0.0,0.3238460689682727,0.0001048748158715,-0.0001188929770642,18.548057379272603,0.0008431529435991,0.0162931951793296,0.0179813538127635,-0.0016881586334339,-0.0279413740802446,0.0168047662784302,0.0866877496189986,0.645987661277168,0.1522211277747691,-0.2903057586955304,-0.5265696952464473,0.0655333781557704
Serac1,37545.0,0.0136172077103666,-0.337034987275989,0.0975592056220995,0.0,0.0,0.2700063752933726,0.0,0.0,0.0,0.0,-0.0012533519834265,-0.0039728298086844,0.0027194778252579,-0.0580459812752247,-0.05451100510219,-0.1191972122731629,0.4785766637330559,0.1135485780193327,-0.0073967173990002,-0.4920405546118505,0.2327457902924956
Slc2a13,305565.0,0.0,0.459431618632379,0.0,0.1979874985867265,0.3170931184428066,0.414648737383549,0.0006824021682539,-0.0001286181730158,15.719689251887974,0.0007160385564892,-0.0067810638919415,-0.0083763538322629,0.0015952899403214,-0.03780129347676,-0.0333938155588535,-0.0296656204610255,0.6088243714195405,0.147144172416896,-0.2065912922608067,-1.0379215845630023,0.1768097928779215
Map3k5,208281.0,0.0321119887098078,0.1926450779411075,0.2054742068059816,0.0,0.0,0.0671141958273096,0.0006367483363008,-3.773128495934977e-06,17.52604144121551,0.0010668226500742,0.0080014547838173,0.004732625662641,0.0032688291211763,-0.0885426610185808,-0.065969066335511,0.0339352310187199,0.338642889586833,-0.1101926406008346,-0.5097176293918353,-0.377932038721241,-0.1441278716195545
Ntng1,363971.0,-0.4882471822304377,0.5145731728235754,0.0,0.0,0.0,0.0,0.0004363278751333,-0.0001170620972333,17.725322040915692,0.0009165275370921,-0.0278547174732901,-0.0307033498620784,0.0028486323887882,-0.163975503749734,-0.129018730166408,-0.1680147326407833,0.3186051363139166,-0.2834978864704989,-0.7325018889067958,-0.741617805229679,-0.1154831538297155
Letm2,19092.0,0.0,-0.3219280948837557,0.0,0.0,0.0,0.7045441162673822,0.0017112133116279,-0.0001145651,17.133584576766903,0.0016982763825802,0.0505754421546929,0.028199619087238,0.0223758230674549,0.0915946190048462,0.1179465876248745,-0.000401587066868,0.2348335965319169,0.0529386835647195,-0.0332848017416211,-0.1065108375411552,0.0533402706315875
Gm17231,56430.0,0.075184993128571,0.0,0.0,0.3139003806056594,0.040162412157272,0.8479969062984709,0.0005001931970149,-0.000195005080597,16.901213650031117,0.0010239388243822,0.018088571632995,0.0206888479802791,-0.0026002763472841,0.0656548801195026,0.0664290554245215,-0.0866421768914337,0.380618167258675,0.0895693104794529,-0.2511525024089546,-0.5081813309085618,0.1762114873708866
Rngtt,192303.0,0.0,0.0,0.0,0.0,0.0,0.0,0.0004967894089385,-1.9688562011173187e-05,18.430214574342244,0.0007679660658199,-0.0106263532579929,-0.0193784220271416,0.0087520687691486,-0.0038098103220709,0.0070346873993382,-0.0841451401522813,0.4181408098427601,-0.1239128115838845,-0.6094228404494937,-0.5241777854263284,-0.0397676714316032
Brsk1,25393.0,0.1803712983021714,-0.5849625007151449,0.077459232322813,0.0,0.0,0.6780719049323007,0.0,0.0,0.0,0.0,0.0402492355095441,0.0643295216740806,-0.0240802861645364,0.0203425012612763,-0.0259456019692372,-0.0248485612929249,0.6956747853846019,0.349847871200361,0.0249848842548013,-0.2136612075728728,0.374696432493286
Fmnl2,275944.0,-0.3168003576878968,0.3625700793801285,0.0641194523841232,0.3956013250482149,-0.0840442015381593,0.2671040701015126,0.0013761226329268,-0.00037402345,16.47567559087053,0.0015280916302461,0.0001243671803496,-0.004125474548556,0.0042498417289057,-0.1207885619215693,-0.0858694845363889,-0.1198686652191103,0.7884319262005861,-0.1631001056675495,-0.5480972075784641,-0.8086480331845676,-0.0432314404484392
Dhdds,31890.0,0.140600673969276,0.0,0.091572712777188,0.0,0.0,0.0,-0.0001379608757575,0.0002669121999999,17.376430149356153,0.0013965358067745,0.0072013655980779,0.0408480473337662,-0.0336466817356883,-0.0335220575479493,-0.0264335910119044,-0.1045871430293549,0.272289943453847,0.0459998625361997,0.0349897645589143,-0.2759271961776224,0.1505870055655546
Gm28375,128209.0,0.0,0.2895066171935276,0.0,0.0,0.0,0.2479275133723997,0.0003483246867647,-0.0001501929639705,16.658047329572458,0.0009291730695033,0.0064353400741733,0.0049361548011186,0.0014991852730547,-0.0091446292891975,-0.0050372863066928,0.0827727533343819,0.8728241135384529,0.1588067939514305,-0.4354525150895383,-0.1878047633697182,0.0760340406170486
Pknox2,256425.0,-0.1943062433853137,0.1699250014403088,0.0,0.0,0.0,0.4258123394414208,0.0008018601765625,0.0003799670520833,15.597181294773444,0.0011727749494469,0.0182756456861937,0.0341831366886535,-0.0159074910024597,0.0627986976979995,0.0762510968872975,0.073455488784224,0.5322943019591531,0.0932464609124498,-0.434472352687453,-0.6607305653043114,0.0197909721282257
Imp3,0.0,0.0793203068626589,0.1699250014403088,0.116466921041343,0.0,0.0,0.0,0.0,0.0,0.0,0.0,0.0,0.0,0.0,0.0,0.0,-0.1292482835165405,0.0879922082320758,0.0296086754564581,0.0856116584317532,-0.1441100512821682,0.1588569589729986
Fggy,369432.0,-0.3146855488992797,-0.7369655941565885,0.0910828369204871,0.0,0.0,0.4280936520369405,0.00040783735049,9.749232700544464e-05,17.159437118936996,0.0007776184202469,-0.0227123044031392,-0.0290074646175601,0.0062951602144209,-0.1296922150934362,-0.1135851887141178,-0.1068653587839474,1.033544423991838,-0.1634250791378282,-0.8440091035232894,-0.824745133104147,-0.0565597203538808
Ints3,42234.0,-0.2087749025678134,-0.7655347463570363,0.0,0.0,0.0,0.0,0.0014097920189189,-0.0007120836648648,16.12944438102894,0.0015860997422339,0.0310585517924494,0.0388350478261328,-0.0077764960336833,-0.0028959864497869,0.0011888830448741,-0.056106880605092,0.3673184754278265,0.0658256590293266,-0.1774762696257763,-0.6198815973356879,0.1219325396344186
Rab40c,37613.0,0.3533996856615586,-0.440572591383269,0.326114170072071,0.0,0.0,0.0,0.001245053315,-0.0002765148825,16.314040981660746,0.0028673369049937,0.0059519591109797,0.0431356327238607,-0.037183673612881,-0.0187339402390945,-0.0319629309955351,-0.1023995471134719,0.4763945809561253,0.1329973086552713,-0.117847623292876,-0.5929417701639254,0.2353968557687433
Sap130,88690.0,-0.2348156843203805,0.6374299206095668,0.0138652661271852,0.021776890710972,-0.4804181993069782,0.3985493764111301,0.00103533808,-4.720012500000007e-05,15.520968067683668,0.0015717684810014,0.0045501030293132,0.0130999664978016,-0.0085498634684883,0.0388002042785325,0.038834859050162,-0.0997234235323842,0.2806372861273573,-0.1663003969354956,-0.4971611377951035,-0.5244620322660353,-0.0665769734031113
Scn3b,22401.0,0.06410772144591,0.4854268271661199,0.19025174177407,0.0,0.0,0.0,0.0017317915,0.0015098774166666,15.704254717115154,0.0009832129731015,0.1009177344249512,0.1725550801490586,-0.0716373457241074,0.0224941234883366,0.043794263209685,0.0580671996050955,0.2727751683907558,-0.072648600459899,-0.3231693740143364,-0.1057677109767434,-0.1307158000649946
Rgs6,573764.0,0.0,0.0,0.0,0.0,0.0,0.5663908276083373,0.0003384475383802,-2.1294796478873266e-05,16.408633897640698,0.0010186829660751,-0.0050951289915748,-0.001776376147769,-0.0033187528438057,-0.0796990113286767,-0.0805811414623158,-0.0502667864748416,0.93271398253063,0.0819642626710325,-0.8006056091226813,-0.7182853013685662,0.1322310491458741
Rasgrp1,63008.0,-0.1904804775782871,0.0489096004807807,0.1036122926995618,0.0,0.0,0.3199535363238988,0.0017488839166666,-0.0004097151294871,16.880655965049538,0.0011668718567472,0.1939967557703378,0.2114914861422532,-0.0174947303719154,0.230302229958102,0.2114810930831642,0.0050650285567693,0.0960836205855968,-0.1992430106613105,-0.482534229289945,-0.2979535025111877,-0.2043080392180799
2900026A02Rik,134913.0,0.0,0.0,0.0,0.4800809596682628,0.3597579903725477,-0.5328739894779069,0.0004568941425,-0.0005617990741666,17.454854451626307,0.0010833107539779,0.0214447507737798,0.0426458366498671,-0.0212010858760872,0.0187673949642579,0.0141106054471691,-0.0019703386505202,0.5372366990750201,0.2271110110653091,-0.2370525510155592,-0.2725681841135764,0.2290813497158294
R3hdm4,11156.0,0.1325995697697886,-0.6214883767423856,0.062210736713086,0.0,0.0,0.0,0.0002623056312499,0.00099999760625,16.810617442540675,0.0020807967551502,0.141353944153953,0.1462256168743871,-0.004871672720434,0.0601813743365081,0.0454686125540312,-0.1104126107739117,0.0955720595086209,-0.0028655295530391,0.0310292039380146,-0.2207856420204321,0.1075470812208725
Calm1,10379.0,0.033598014561158,-0.1699250014416442,0.0378822482240019,0.0,0.0,0.0,0.0012724433,-0.000533100174074,17.355004905832903,0.0009458253734943,0.0560012008622554,0.1504979844524476,-0.0944967835901922,-0.0151233264095425,-0.0148578716694971,-0.1067333611104334,-0.0725559943431508,-0.1370633285254137,-0.1269924281304142,-0.2409165971251528,-0.0303299674149803
Vwa8,353258.0,0.1324159078501772,0.999999999996204,0.36557855443685,0.0,0.0,0.0,0.0008508341865497,0.000121529371345,16.45080695006656,0.0011008201182345,-0.0053829559649771,-0.0076984843074727,0.0023155283424955,-0.0681731937810248,-0.0725249587650016,-0.0225503246437048,0.720260423581442,0.0065424870944352,-0.6198833679221899,-0.6127395280961523,0.0290928117381401
Trpm2,62841.0,0.0,0.0,0.0,0.0,0.0,0.0,0.0,0.0,0.0,0.0,-0.013227707815383,-0.0108910012917254,-0.0023367065236575,0.0070704700258046,-0.0204579462720923,-0.0124646734131664,0.9472933452252555,0.4303583085684805,0.0445652532232767,-0.3545370308806551,0.4428229819816469
Kcnq1ot1,93091.0,0.0425420195893817,0.0,0.023290559525421,0.0,0.0,0.0,0.0013812113848484,-0.0001021638090909,16.149434363721138,0.0013541774033239,-0.0113799107522583,-0.0171451553503509,0.0057652445980925,0.0134196996562756,-0.0046672802970384,0.0311023678046243,0.3267790677269027,0.1448783223080879,-0.1809944471773253,-0.3636776846864524,0.1137759545034634
A230004M16Rik,262775.0,-0.2846412692869982,0.7884958948007657,0.0,0.7354512229406803,-0.2263229518815179,-0.216811389018741,0.0002860835765333,1.670859946666662e-05,17.875375979418106,0.0005052146896186,-0.0114350038037321,-0.0240632944037668,0.0126282906000346,0.0646330976618808,0.0538311969033424,0.0121524298149833,0.3103846295078698,-0.1895752247087659,-0.7016041682138441,-0.396152728492511,-0.2017276545237492
Tiam1,356658.0,0.0212719198905553,0.0,0.1333090078960304,0.5319212667983286,-0.0776672273598708,0.2061168023279482,0.000899385986,-0.0008243046406666,18.545351629338388,0.0006218464257043,-0.0094121794068624,-0.0034497370635262,-0.0059624423433362,-0.1287553828200863,-0.1180141346685299,-0.0892913068601918,0.5474238268172178,0.0343367524508214,-0.5824086625573768,-0.8093593961327948,0.1236280593110132
A830018L16Rik,561796.0,-0.3804581242457256,0.5849625007131416,0.06862989763564,0.0,0.0,0.0,0.0001817060849621,2.3306404261363643e-05,18.310470392142907,0.0006426444139383,-0.0220621884550638,-0.0385109774649243,0.0164487890098604,-0.1474985196790337,-0.1353309193941387,-0.2062826995934358,0.5088353290826861,-0.2535634704461883,-0.5442103005932353,-0.7070534455848433,-0.0472807708527524
Ube2o,43707.0,0.0,0.0,0.0,0.7804095834992768,0.6612414431804639,0.0,0.0003720905719298,0.0002189799842105,17.52774071393194,0.0011652545978985,-0.0099089436953263,-0.0063509426558929,-0.0035580010394334,-0.1006768381235325,-0.0939650845251465,-0.1426612705964192,0.6729547089015611,0.3313256366336596,0.0863854289167183,-0.4344923354603753,0.4739869072300788
Adcy1,115017.0,-0.0645201406657207,-0.4854268271619979,0.1786827930361218,0.956367577740995,-0.6993202761648822,0.434951526985083,0.0007351808948611,-0.0003478609073611,17.470527107079366,0.0010066987917999,0.0195787016461547,0.049108418267027,-0.0295297166208723,0.1681004413279518,0.1457312653276888,0.0860875069227713,0.2711733063660944,-0.0074574861161521,-0.6993202761648822,-0.2445538079366877,-0.0935449930389235
2610507B11Rik,28871.0,0.1867053890034791,-0.1926450779411075,0.0362350778305888,0.0,0.0,-0.754887501979792,0.000854622325641,-0.0008969501923076,16.458649834326316,0.0012935515001845,-0.0094142906442317,0.0039375371947347,-0.0133518278389664,0.0464118091130498,0.0781364058923959,-0.1572949315363726,0.5697827510489069,0.2645064243610642,-0.0247802278043582,-0.5695499218154408,0.4218013558974368
Klf9,26908.0,-0.2339048469696831,-0.7104933827999145,0.0,0.0,0.0,0.0,0.0005378538102941,0.0002008509764705,17.624188041337817,0.0015280683009067,0.0954575302560736,0.1831349813326928,-0.0876774510766191,0.0653189080217707,0.1092260238708529,0.0495608998107957,0.0092802322194258,-0.1181107955267415,-0.3926126390001263,-0.1074256480411037,-0.1676716953375372
Mrfap1,1905.0,0.0,0.0,0.0,0.0,0.0,0.0,0.0,0.0,0.0,0.0,0.0071561716749104,0.0286066594915057,-0.0214504878165953,-0.0136586071789307,-0.0347108470829548,-0.0030329732389176,0.1035631651379329,0.1001546045555958,0.0796153787637554,-0.0231966116873385,0.1031875777945134
Sorl1,159577.0,0.0,0.0,0.0,0.6112075658558355,-0.4981290304873034,0.8961763790729166,0.0012094479533936,-0.0002954522554751,17.225243732280866,0.0011163101537006,0.0561807132509962,0.084908686406315,-0.0287279731553187,0.0548503111115081,0.0740756807976609,0.0467027394360178,0.3628520494431092,-0.0021923141251088,-0.5401736583576429,-0.2764936042083357,-0.0488950535611267
Frmpd3,93204.0,-0.0996040087631902,0.222392421333013,0.2077156563474017,0.0,0.0,0.0,0.0,0.0,0.0,0.0,-0.0115486260942712,-0.0100561454329948,-0.0014924806612763,-0.1191149989838675,-0.0538775437088581,0.0,0.0,0.0,0.0,0.0,0.0
Robo1,737789.0,0.0,0.0,0.0,0.0,0.0,0.3293076251774656,0.0003253975831054,-0.0002787893715954,19.3434035115249,0.0006822275013523,-0.0047791398731444,-0.008069022072462,0.0032898821993175,-0.0966229184047741,-0.0772984062528484,-0.0294038226429367,0.4290291259893096,-0.1334731002998814,-0.6139332628254355,-0.6403456999071542,-0.1040692776569446
Odf2,42525.0,0.124655445847762,1.8479969065445303,0.078091483115842,0.0,0.0,0.0,0.001669846556923,-0.0005614391138461,16.568877669462005,0.0017445116431778,0.0047596483131795,0.0259303158335625,-0.021170667520383,-0.0170244278385727,-0.0237909425238542,-0.1154456772152413,0.4303844055740649,0.1495547405258971,0.0182809831488981,-0.4633559452132187,0.2650004177411384
Rab27a,52775.0,-0.1908607462840854,0.0,0.0,0.1223249669749009,0.2632631909768455,-0.1520030933916165,0.0,0.0,0.0,0.0,-0.0175468256266688,0.0138336596882344,-0.0313804853149033,-0.0625878865185193,-0.0679901391477775,-0.0159859443522889,0.6305194425750373,0.15034623984901,-0.306923196252403,-0.3574743139398665,0.166332184201299
Setd1a,23452.0,0.3448105814941296,-0.3048545815268042,0.1472168753785603,0.0,0.0,0.4005379294438309,0.0017484146166666,-0.0011135380749999,16.581598007403965,0.0011779275154274,0.0321497587346136,0.0302647013981219,0.0018850573364916,0.090904489564751,0.0844830411493733,-0.0223481874736908,0.2903306823704761,0.1697908884837008,0.1089028654784267,-0.1771326965981927,0.1921390759573916
Fgfr1,62064.0,0.0687850558459408,-0.2223924213347308,0.0921616184803966,0.6699818346957311,0.3676554061934425,0.3696044956300588,0.0015172332433333,0.0001023946666666,16.58569616743108,0.0015340677626476,0.0643474752917545,0.1014362027999706,-0.037088727508216,0.1399857450540903,0.0998553097709303,0.0167608329068881,0.5734190353628933,0.1970384417211324,-0.1421461295121115,-0.1344933444785039,0.1802776088142443
Prtg,110417.0,0.0564091553551659,0.0,0.0,0.5075862852548135,0.9437887489488058,0.0,0.0,0.0,0.0,0.0,0.0171117806155747,0.0232666582853896,-0.0061548776698149,-0.0374259654944905,-0.0359841535331671,-0.0830730891467683,1.341857420666946,0.1845552196329246,-0.3228697177290311,-0.641071219184671,0.2676283087796929
Wipf3,74165.0,-0.0373227175554879,0.2451124978356968,0.1979632077751427,0.5336659630269303,-0.7996540461166923,-0.0312862356843149,0.0027911159657142,-0.0006584943428571,14.418317537069196,0.0008550989144456,0.1244272317103436,0.1766771443037297,-0.052249912593386,0.23528776241476,0.1874080813949554,0.0807563219807835,0.237739327730551,-0.1437710387308907,-0.7996540461166923,-0.0501367957789644,-0.2245273607116742
Rapgef4os1,51193.0,0.0,0.4150374992773411,0.0,0.0,0.0,0.0,0.0018499449842105,0.000133077768421,15.546681523893575,0.0011274562639008,0.0385784763532649,0.0419321529670984,-0.0033536766138335,0.1533095125580796,0.1321893785742952,-0.0694427934056914,0.3761598972023265,0.0479035563167238,-0.2110004816998119,-0.389737230668798,0.1173463497224152
Htr2c,234764.0,-0.1370176369676183,0.0,0.0892484318057552,0.0,0.0,0.0,0.0,0.0,0.0,0.0,-0.0082794211410869,-0.0148917332747196,0.0066123121336326,0.0077205141943941,0.0337738993904253,0.0,0.0,0.0,0.0,0.0,0.0
Rab3a,3998.0,0.1465832265023032,0.0,0.1717895772649971,0.0,0.0,0.0,0.0008120587333333,-7.690669999999994e-05,16.57555756633651,0.0011120874230203,0.0149476658832032,0.129809547692568,-0.1148618818093647,-0.061128514614776,-0.0258046468538248,-0.1968550178894119,0.1352979230067663,0.0251772622132883,0.0677759079201072,-0.2596365709859474,0.2220322801027003
Nbr1,29802.0,0.0,0.3625700793801285,0.0,0.0,0.0,0.0,0.0010390775529411,0.0001110972764705,17.129287849827755,0.0013709786561401,0.0208426811066678,0.0263113139679228,-0.0054686328612549,0.0922905812638946,0.0736837657275312,-0.0143409767396007,0.645681778757799,0.3101625310382385,0.0704438850396267,-0.2098973258496899,0.3245035077778393
Tspan5,165710.0,-0.4268174461555309,0.1375035237486233,0.0,0.0,0.0,0.3402201472742848,0.0011836940344155,-0.0004521621435064,16.70006594805795,0.0008804718920135,0.1371223945288569,0.1755496621291385,-0.0384272676002815,0.2974229195907824,0.2709143550925985,0.0925853087365134,0.5156297442514808,-0.102998073789707,-0.6476328811548123,-0.3830570708870694,-0.1955833825262204
Frmd5,261558.0,0.0,0.0,0.0,0.1037588775333448,-0.4413522030954362,0.4032171241803965,0.0009819924041666,3.587379166666668e-05,16.605795653906053,0.0013065036923655,0.0059596563978619,0.0162762334114266,-0.0103165770135646,0.027866737899849,0.0224218895026511,0.0084596574834617,0.7462036908392946,-0.0039709909766746,-0.5337665001376639,-0.7868891152850102,-0.0124306484601363
Cadm2,965487.0,0.0,-0.5849625007151449,0.0,0.6059639788878035,-0.4992564154365316,0.6420992036797027,0.0001961291819444,-0.0001793609444444,20.00732030901909,0.0005858905281237,0.0938110811138821,0.1155314883859763,-0.0217204072720941,0.3351194911502649,0.2984485951323053,0.0920805199709262,0.2814211465638021,-0.2071408880684464,-0.9694678056721996,-0.5677588662809145,-0.2992214080393727
Ube3a,82786.0,0.0,0.0,0.0,0.0,0.0,0.0,0.0003251677783333,-0.0001627684508333,20.702148752666805,0.0002388165266419,0.0462855765049567,0.0700883709606008,-0.023802794455644,-0.0189707665463729,-0.027180883433864,-0.0809230433819964,0.6530551514016019,0.1397230090686947,-0.1433515582472617,-0.4389658119913178,0.2206460524506912
Iqgap1,114391.0,0.0,-0.5145731728235754,0.0,0.0,0.0,0.0,0.0,0.0,0.0,0.0,0.0089547172745706,-0.0106074044316061,0.0195621217061767,-0.147505907230862,-0.108340405750642,-0.1692615908550997,0.6307122604269875,0.1814348418015231,0.0424420813328856,-0.4743129620426973,0.3506964326566228
Ptp4a2,38784.0,0.1923683581409907,0.0,0.0,0.0,0.0,0.0,0.0002686294666666,0.0005121863222222,17.802016745736367,0.0016471264309758,0.0023271875381362,0.0361076072707327,-0.0337804197325964,-0.0182462480204251,-0.0024846654898563,0.0562540522412019,0.8696466198420988,0.3310551348464303,-0.1468137473537201,-0.4134307199110212,0.2748010826052284
Sptbn4,91303.0,0.1633240849325954,-0.0931094043911811,0.0,0.0,0.0,0.7369655937333978,0.001929316317647,-0.0017375487764705,14.841640165030404,0.0017070536613348,0.0589352444231517,0.082945842859252,-0.0240105984361003,-0.0114346821210669,-0.020596176590613,-0.0327108813823876,0.5707312003384348,0.3044150692056754,0.0302803270348375,-0.3866638103654252,0.337125950588063
Dnajc7,37350.0,0.0,0.0,0.0,0.0,0.0,0.0,0.0,0.0,0.0,0.0,0.0180751271446266,0.0231932416306015,-0.0051181144859749,0.0190942888650091,0.0438806690314211,-0.0624614465714602,0.9065453366996143,0.1117949653074343,-0.0835395725124994,-0.3268641614160736,0.1742564118788946
Olfm3,221644.0,0.0,0.0,0.0,0.2834487068125011,-0.64552070949983,0.0,0.001020754975,0.000435500425,15.01671903586444,0.000476751989087,0.0052176131994032,0.0009175062439049,0.0043001069554982,0.131883326756262,0.0941068354064077,0.1483990697204608,-0.4115788012521091,-0.5523007718863107,-1.1286274618385468,-0.3142339856842728,-0.7006998416067716
Insr,157556.0,0.2130006365255892,0.0,0.2883390865920538,0.0,0.0,1.0544477834469426,0.0017126272192771,0.0011451367879518,15.27963052185586,0.001581011816503,0.0011786096612358,0.0176661682997829,-0.0164875586385471,0.074422422686354,-0.0097096946454241,-0.1242370987587001,0.8408993460793932,0.2143516574115915,-0.081456258013263,-0.48099400369385,0.3385887561702916
Ubr2,82261.0,0.1624143495843979,0.8744691179052118,0.0979709287271652,0.393193413729128,0.6500531512325182,0.1720926729070784,0.0011534799094594,-0.0002706739851351,15.463846553763595,0.0011038777850665,0.0268691292936674,0.0418362690308193,-0.0149671397371518,-0.0628259463696493,-0.0070420350264073,0.0372793293451013,0.9552369993202956,0.2860924274593108,-0.1435643435861435,-0.3444529780194195,0.2488130981142095
Tnrc18,93001.0,0.5109535659320268,0.8930847960739761,0.3704649717118359,0.0,0.0,0.0,0.000893767661,-0.00048065941,16.481413847016167,0.0009302472371311,0.0123610484841284,0.0251255884191519,-0.0127645399350234,-0.040951235972414,-0.0645295129026432,-0.086170034838748,0.5543102124076279,0.246482959733837,-0.0332184675265532,-0.5285198553047262,0.332652994572585
Ptk2,218178.0,0.0244277085491448,-0.3743955147802769,0.0,0.0398134056176436,-0.0963336847316312,0.0,0.0003690667346153,-8.587842499999999e-05,16.217995931476427,0.0009634743308284,0.0084709819672829,0.0075677621793747,0.0009032197879081,-0.0253088316838123,-0.0196308001181072,-0.0616185068212288,0.7962260837181774,0.089230255334947,-0.2979552730922702,-0.6191057462756036,0.1508487621561758
2310002F09Rik,102749.0,0.0,0.628031222608413,0.0,0.0,0.0,0.5617415265685304,0.0023715012591549,-0.0001712191873239,15.528972493616635,0.0022247108319542,0.0306382804488442,0.0615385267736361,-0.0309002463247919,0.0452543574610678,0.0566495821471396,0.146358800402941,0.5998912467359632,0.3042962157591017,-0.2220594365969206,-0.1393397366769782,0.1579374153561606
Atp2c1,123780.0,0.0,0.0,0.0,0.0,0.0,0.1047356859356411,0.00079286858877,-0.0002689705491978,17.748598648484485,0.0010187195538825,0.0577932059274785,0.0835450969132934,-0.0257518909858149,0.1690192108503386,0.1953675850941379,0.013287651026769,0.3983323287713309,0.0909776139592765,-0.5545334776563241,-0.3932528379319293,0.0776899629325075
Spcs1,1846.0,0.1977896993729631,-0.222392421333013,0.16575220895731,0.0,0.0,0.0,0.0011716388299999,-0.0003859423399999,16.361596958848327,0.001745737529827,-0.0009010404152172,-0.0110362094270595,0.0101351690118423,-0.0312655723302135,-0.0573265213554134,-0.0880480573824955,0.0532081622742603,0.0444491844185959,0.1195015357316986,-0.0922847855962238,0.1324972418010914
Ccdc57,106343.0,0.1882857295556097,0.1069152039157192,0.0,0.0,0.0,0.4282267626050727,0.0007066899147058,0.0003682259235294,15.31277280611378,0.0012577051515195,0.0002799064133491,0.0086316186959056,-0.0083517122825565,-0.0502101693260549,-0.0742343772750966,-0.0342800014670307,0.8780691386393822,0.3365793473669164,-0.1539593116700457,-0.4222009295486548,0.3708593488339471
1700007F19Rik,22100.0,-0.2372211944162883,-0.1699250014403088,0.0596145398840657,0.0,0.0,-0.3048545814745387,0.0005182034888888,0.0001713070666666,18.25338593129488,0.0010379530666148,0.076306273028088,0.0934643337879735,-0.0171580607598854,0.0796119142185884,0.1031909458319102,0.1247530610085041,0.1039337520938045,-0.0302422711040085,-0.364472545927941,-0.3194108106135986,-0.1549953321125126
Gm4258,101789.0,0.0,0.0,0.0,0.0217981075537154,-0.6268501090455517,0.4329594072137676,0.0006987641543209,0.0001355459464197,17.500856347578686,0.0008958838356535,0.0384260170414281,0.0544343630646515,-0.0160083460232233,0.1281951705688168,0.1282489786775897,-0.089161505845116,-0.0388534420441941,-0.4255319162088196,-0.7371565997859806,-0.6979448531432418,-0.3363704103637036
Prkca,410541.0,0.0,0.0,0.0,0.6038196463076029,-0.4784123681853828,0.6894888368278855,0.000750270929848,-0.0005519335074164,17.018649454989852,0.0009355966868572,0.0591841235173734,0.0749997384068818,-0.0158156148895083,0.1630440498281027,0.1681303451078659,0.1007284817702468,0.5448498831357365,0.0591760234180795,-0.7793134792663957,-0.3671155270264327,-0.0415524583521673
Golga4,76252.0,-0.0960926228637837,0.1926450779398196,0.0,0.0,0.0,0.4150374992120522,0.0006974230745762,-0.0001080560542372,18.701099044348982,0.000904073643553,0.0021286759485172,-0.0037200291600992,0.0058487051086164,-0.0613204914672176,-0.0672340029578354,-0.0507478020716937,0.6825407576967291,0.291220193069458,-0.1222011928827538,-0.3854163437471481,0.3419679951411518
Fsd1,10372.0,0.0863854289196046,0.1805722456406893,0.1233005497780036,0.0,0.0,0.0,0.0,0.0,0.0,0.0,0.0164174582407889,0.0132784887104868,0.003138969530302,0.0134537009051735,0.0410596221347003,-0.1626610017402917,0.3444580877328733,0.1611444528225786,0.2180911081086979,-0.3911320528253481,0.3238054545628703
Far1os,34498.0,0.0,0.0,0.0,0.0,0.0,0.0,-0.0002254375578947,0.0008106895842105,17.383657881798275,0.0012639794350084,0.0041191850064553,0.0009739272437134,0.0031452577627418,0.0148827945658472,-0.0047711116297343,-0.014881343473049,-0.0984209159806234,-0.0984209159806234,-0.0835395725075743,-0.014881343473049,-0.0835395725075743
Aifm3,17874.0,0.305076257348454,-0.3219280948837557,0.1117244874679262,0.0476821797567888,0.3947244590385185,0.0,0.0018812802142857,-0.0008688314428571,16.210503623023165,0.0012424185668819,-0.0035143412577151,0.0020387799443155,-0.0055531212020306,-0.0636273930566182,-0.0013336546069927,-0.0239557027995685,0.742628236725272,0.2463959026713041,-0.0039610731752663,-0.3694580942275165,0.2703516054708726
Gapvd1,80638.0,0.0169949189899512,0.222392421333013,0.0,0.0,0.0,0.0,0.0019280535076923,0.0004681119211538,14.691385720202398,0.0010848754288156,0.0279566913456721,0.0380184294804689,-0.0100617381347967,0.0113671546284994,0.0234434455522027,0.0060152137634962,0.7633700040349812,0.271952537026519,-0.1410250671767758,-0.3074972751797928,0.2659373232630228
N4bp1,77098.0,0.0868857566662306,0.0,0.0348601000130362,0.0,0.0,0.0,0.000381822915432,-6.30832419753087e-05,18.669557231376643,0.000915918408909,0.0165745079591131,0.0127890201186059,0.0037854878405072,-0.0125188831617326,-0.0312913841631128,0.015606451428212,0.580696201034943,0.2205763367270624,-0.098646464904143,-0.1984710561243873,0.2049698852988504
Stam2,50617.0,-0.4185463185005327,0.4854268271619979,0.0118276431472068,0.0,0.0,0.0,0.0,0.0,0.0,0.0,0.0274271892456003,0.051666882626418,-0.0242396933808177,0.1014747755030576,0.0052235528865406,-0.053313648663775,0.53712290611834,-0.170206669337827,-0.5250492830999065,-0.4241571264760596,-0.116893020674052
Snap25,68975.0,0.0539639512276171,0.9593580154987612,0.0,0.0,0.0,0.0,0.0009757175,-0.0003462662557377,17.43667318793398,0.0010119510812371,-0.0946607706823042,-0.110919954545445,0.0162591838631407,-0.1213371238564239,-0.2325585167252781,-0.1007518230344433,0.4026278105073106,-0.0969530436645981,-0.4535187684277906,-0.4434254602152535,0.0037987793698452
Ptprn,17475.0,0.0259532984836989,0.0,0.1395245610133793,0.0,0.0,0.0,0.0014586339375,-0.0015855844249999,16.143491811622216,0.0010876799679533,0.0161556687705213,0.0554999651978729,-0.0393442964273516,0.0083673889191353,-0.0310072806709753,-0.1212125147109212,0.2978739910895553,0.0345798528290515,-0.0357653266599897,-0.4649610205841308,0.1557923675399728
Nsmce2,227437.0,-0.0973171844540941,-0.1520030934434468,0.1441220934454956,0.0,0.0,0.65533163419807,0.0011553832145945,-0.0005777222083783,16.905500529904888,0.0009664534135033,-0.003741704964213,0.0023218405143372,-0.0060635454785502,-0.0087170052665508,-0.0123340284786408,-0.002807731908914,0.6870298940374862,-0.110543007043446,-0.554286504372955,-0.5863395798018005,-0.107735275134532
Sel1l3,106844.0,-0.0827839578585316,0.2537565922448879,0.0992163015039159,0.0,0.0,0.0,0.0012210453343137,-0.0002737038421568,16.194638293249493,0.0010578312859823,-0.0079344901898857,0.0001406617087486,-0.0080751518986343,0.026471218553571,0.0412993591012445,-0.1086953776347679,0.4186375202000929,-0.0807843987692027,-0.3865953537728748,-0.5794406713461919,0.0279109788655652
Spag9,129994.0,0.2404320000999811,-0.6214883767423856,0.1954708615762778,0.0,0.0,0.2002986504460406,0.0019016371951612,-0.0002180987419354,15.994670220404783,0.0020027944579236,0.0046495707113739,0.024721570330509,-0.0200719996191351,0.0241337915069016,0.0323046577000682,-0.0666799204663847,0.3711642596069325,-0.0205835437024948,-0.3792781433679547,-0.4737312301592867,0.0460963767638899
Kbtbd11,22308.0,0.2678495345910319,-0.3219280948859202,0.1529614477002863,0.0,0.0,-0.7369655936853081,0.0032597216523809,-0.0016732787523809,16.279859304144225,0.0018420599984647,0.0695557398468619,0.1267008375391787,-0.0571450976923167,-0.043840537911472,-0.076344520248969,0.0203243161386792,0.2399953016668227,0.14449098173039,0.0009939376901093,-0.1382161903311352,0.1241666655917107
Safb2,23620.0,0.2598369416274604,-0.2895066171920701,0.2188265595469381,0.0,0.0,0.0,0.0010622019526315,-0.0002089078368421,17.143543595044267,0.0014522522017166,0.0322812092325446,0.070928669089272,-0.0386474598567273,0.032672560350865,-0.034445816419474,0.0105061345362734,0.5276153457464844,0.2057698802858731,-0.080965628854515,-0.3171470677556252,0.1952637457495997
Bdnf,52307.0,-0.2326780743614129,-0.5849625007091332,0.1098862500052963,0.4255717169564471,-0.5834579179179622,0.0,0.0011822120428571,-0.0006608403285714,16.656256955962903,0.0006223867287633,0.0205881885888175,0.0663201437282634,-0.0457319551394459,0.1118224664052732,0.0820155867432587,0.0334038025543764,-0.0729440099746491,-0.4002192880098876,-0.7086492214757394,-0.2790705873016637,-0.4336230905642641
Gm15577,16917.0,-0.1106238634411798,0.0,0.1390963900047008,0.0,0.0,0.0,0.0003353755701923,-3.106526192307696e-05,18.78705080828917,0.0006080340096326,-0.015390396356915,-0.0531948358538787,0.0378044394969636,-0.3125073637792865,-0.2061772781808466,-0.3614008679365187,0.3385356698007526,0.1110846897702705,0.22471358544773,-0.3817218601650959,0.4724855577067893
Tmeff2,286623.0,-0.4859217709909287,0.4150374992668215,0.0,0.0,0.0,0.0,0.0005166468905735,4.6227983491271824e-05,18.6789765617556,0.0007270350099768,-0.0239265696963398,-0.0210784632100083,-0.0028481064863314,-0.1416197319792334,-0.1197351996151989,-0.1376199527532179,0.8593678330064354,-0.116647825483681,-0.783030461093247,-0.7309129096887365,0.0209721272695368
Prr12,25318.0,0.2640479939939855,-0.5849625007171486,0.1282722904448748,0.0,0.0,0.6476982558951769,0.0011628979071428,-0.0008152742142857,16.298824325180213,0.0007117480861071,0.0266008575435409,0.0220374269982994,0.0045634305452415,0.0039947620176712,0.0162830329881289,-0.0214495700780295,0.6237507109059792,0.2000313322689721,-0.0619209963854767,-0.2842110221541871,0.2214809023470016
Ranbp17,301951.0,-0.1592920943617048,-0.3219280948801484,0.0,0.039235040905243,0.4185177750725037,0.0,0.0008995788206611,0.0004192489586776,15.982076235877988,0.0013409262972514,-0.0125250364474693,-0.0149311551507868,0.0024061187033174,-0.1408145258093639,-0.1120281752306722,-0.0824910876535477,0.3159673230968258,0.0374579144456828,-0.2643713189922674,-0.4744213497994908,0.1199490020992306
Clmp,99357.0,0.0,0.0,0.0,0.3107772090908211,-0.2852802393550478,0.5232068357081253,0.001161635289,-0.0002649131679999,16.457097430159607,0.001811297576521,0.034511789594767,0.050037254824909,-0.015525465230142,0.0460810712466192,0.0682875400390977,0.0463369001584502,0.3009859315183389,-0.0916382144025613,-0.6223414603754106,-0.6712284773159841,-0.1379751145610115
Cpeb2,56554.0,-0.2779953456675832,-0.3479233034174966,0.0,0.900582466271718,-0.2236825107473519,0.0,0.0002986286306451,3.4771762096774206e-05,19.55204878665063,0.0006878985017042,0.0121414907773929,0.0574664952764694,-0.0453250044990765,0.1177817612527214,0.03559786704809,-0.0686445547479646,0.151557336990378,-0.2465209567209936,-0.5838243583557107,-0.4218922986924076,-0.1778764019730289
Plxna4,443924.0,-0.0126943447871261,0.0,0.0,0.1796956626570579,-0.1579867858740947,0.6187040062342627,0.0003631778835408,-0.0001103489160959,17.873093547995705,0.0007815500409254,0.0525072527480023,0.0791500592287938,-0.0266428064807915,0.1767413268966783,0.1309579487579656,0.0061906441625849,0.6157298401948443,0.0899497141192676,-0.6062908890570834,-0.6764651257392327,0.0837590699566827
Riok1,24438.0,-0.0249039915353597,0.2410080995017773,0.131343405489521,0.0,0.0,0.0,0.0007708240267816,0.0002336226211494,18.41662089013611,0.0008956212604427,0.0207912420231337,0.0040251958813569,0.0167660461417768,0.0065444355640962,0.0989043846858934,0.2560910554240601,0.3863334827666955,0.2338100608835002,-0.0966806722012698,-0.1107844582323096,-0.0222809945405598
Kcnd3,221672.0,-0.1494275081769873,0.3870231231066356,0.0373369438416117,0.0,0.0,0.1696349957846769,0.0009692151341463,-8.319893268292689e-05,16.264177324852746,0.0009413169424404,-0.0213641041222752,-0.0217642385617812,0.0004001344395059,-0.2707003276547286,-0.1966694062363237,-0.1986198193932189,0.6425810598245991,0.0931474905893118,-0.0589141242267439,-0.6842846301873828,0.2917673099825307
Elavl3,37018.0,0.0047680439661061,0.1926450779398196,0.0701532729269529,0.0,0.0,0.0,0.0,0.0,0.0,0.0,0.0424718011083718,0.0533213306450234,-0.0108495295366515,0.0016723669266784,0.0048003954851139,0.0052005496511374,0.7094805849107548,0.1560983305174418,-0.4668567824705749,-0.2187023275126848,0.1508977808663043
Kcnh3,17956.0,0.0,0.0,0.0,0.1124490636875601,0.245233635910842,0.7935491221256594,0.0,0.0,0.0,0.0,0.0375277707890283,0.0602292735281417,-0.0227015027391134,-0.0334056703321063,-0.0345251703340876,-0.0209180237609994,0.4031944399233929,0.2268147868252332,0.0510110988184391,-0.3280392287267548,0.2477328105862327
Gm21798,120302.0,0.0,0.0,0.0,0.8506218725362423,-0.4251306271140569,0.8231222376746674,0.0004525670703703,0.0001124559138888,16.956054882524278,0.0009758737918972,0.0103379866387687,0.0504984838664541,-0.0401604972276854,0.1775222251681308,0.1343740408039216,0.0062134132726871,-0.0267194506402029,-0.271349972854599,-0.7402829681110022,-0.3545370308489866,-0.2775633861272861
Cdh6,144974.0,-0.3774113822764233,0.3219280948801484,0.0,0.7639501809131407,-0.6957774963908729,0.2630155603483227,-4.949387887323944e-05,8.906529577464791e-05,19.409897115612257,0.0006113711372984,0.0162154224752694,0.0230432178851208,-0.0068277954098514,0.0820206378656114,0.0501735566634973,0.0232355069007811,0.0759193759232549,-0.3728149924623555,-0.9872911576453118,-0.5574770895360184,-0.3960504993631366
Fkbp1a,19209.0,0.0,0.4274212237334014,0.0,0.0,0.0,0.0,0.0,0.0,0.0,0.0,0.1165985014055741,0.0994639893280078,0.0171345120775663,0.0537795381105088,0.0701461395593467,0.0191089035374772,0.0760500607498144,0.0018748190085262,-0.0789895055390204,-0.1639111206054391,-0.017234084528951
Oaz1,2634.0,0.3614003257043539,-0.8744691179106763,0.1269629684169879,0.0,0.0,0.0,-0.000796368,-0.0003485836999999,17.973764621157432,0.0,0.0925521678258305,0.1047639480172548,-0.0122117801914243,0.0061189247049898,-0.0242663686435676,-0.1041479278045049,0.0045397734123193,-0.0672071858301701,-0.0562024879006797,-0.12554419843703,0.0369407419743348
March3,163832.0,0.0,0.7655347463570363,0.0,0.9869452786119453,-0.5437104117547298,0.1384201026405117,0.0006490949629629,-3.666589629629629e-05,17.396502556624856,0.0011277927191912,-0.0070104672695766,0.0118346350567244,-0.018845102326301,-0.0892149730104577,-0.0581156595067701,-0.0483998069685348,0.3580813715515354,-0.0876752576629828,-0.5437104117547298,-0.5504116227795164,-0.0392754506944479
Setd2,86036.0,0.1329195802389291,1.5849625007091337,0.0511950847182454,0.0,0.0,0.4646682669239914,0.0005088279564102,0.0007911095538461,16.033764927336712,0.0014570380500945,0.029212654843827,0.0127787118984658,0.0164339429453611,0.0303819737051727,-0.0182377165422682,0.0329674327528352,0.5229292649176616,0.2070760356024816,-0.1159227463542096,-0.3807265548583128,0.1741086028496463
Rnasek,1718.0,0.1893052430222921,0.0,0.0,0.0,0.0,0.0,0.0007421449233333,-0.00016180444,18.0638376656167,0.0014499217333357,-0.0032421604664958,0.114873744373978,-0.1181159048404738,-0.0420177823680248,-0.0286683152354038,-0.1647289830235571,0.1949074121443144,0.0927812214410506,0.1525266120016306,-0.3075286446245986,0.2575102044646077
Ablim1,282186.0,0.0,0.0,0.0,0.7850733439092059,-0.644070350463771,-0.016973665971987,0.0006336173116393,0.0001559123933196,17.20722529164567,0.0012142556776857,0.0006929811155926,0.0070136789233301,-0.0063206978077375,-0.0493851006125404,-0.0061735964262038,-0.1172354004688961,0.6390073768386872,0.0720926285657878,-0.7528738198133675,-0.6105771900357492,0.189328029034684
Grik4,426358.0,0.0,0.0,0.0,0.4893028594797819,0.3547102405936607,0.4419058722788294,0.0005402387466666,0.0001651706871794,16.564168742944474,0.0009254766506624,-0.0079592807889236,-0.0004026651553963,-0.0075566156335272,-0.1631222054698781,-0.1421562682933936,-0.1416281097375514,1.0075735256380958,0.2761461292713024,-0.5069893115031021,-0.8859184913035806,0.4177742390088538
Man2a2,22278.0,0.5533085904598738,0.0,0.2432500798958238,0.0,0.0,0.0,0.0010354058181818,0.0001506691545454,17.46101721379732,0.001342269843182,-0.0018031980233067,0.0073916828652424,-0.0091948808885491,-0.0018980323029793,0.0122910146353197,0.1084153576678013,0.4233408188283348,0.2111537708884715,-0.0112253677039468,0.0016067793128635,0.1027384132206701
Foxn3,373504.0,-0.0419821661788244,-0.1069152039157192,0.0,0.0,0.0,0.3870231230222067,0.0004350021895027,-0.0001531521325966,17.27857117243053,0.0010227530815093,-0.0128000968209592,-0.0062510192053961,-0.0065490776155631,-0.1472917279936798,-0.1369937914710775,-0.1250251596432005,0.7114288566882452,0.0953270803953969,-0.1785867811340072,-0.9870779072904076,0.2203522400385974
Xrn1,103043.0,-0.2271498672243286,-0.222392421333013,0.0497141110540685,0.0,0.0,0.0,0.0002876568916666,0.0005768781666666,17.240322920069087,0.0007816857411264,-0.0165952615211685,-0.0043462334719355,-0.012249028049233,0.0411347988581571,0.002442112259871,-0.2230594733611995,0.2832484996027319,-0.0627341395762186,-0.1291426002575564,-0.792809086893122,0.1603253337849809
4430402I18Rik,74758.0,0.0228265941984822,0.4150374992728327,0.0,0.0,0.0,0.0,0.000657394066,-1.9135948421052576e-05,17.62363842559746,0.0011098186846441,0.0144270401222223,0.0243818631098064,-0.009954822987584,0.0033848187320602,0.0003786000512833,0.0372801950189515,0.4413007177288939,-0.017106220062039,-0.4671683670725834,-0.2884724495264492,-0.0543864150809906
Stip1,19265.0,0.0598750641453253,0.1443899093344516,0.0,0.4627946849549936,0.6014517465173947,0.0,0.0006951111396226,-0.0007402464735849,17.874628114760018,0.0010788938828775,0.036712585103679,0.0643118987329003,-0.0275993136292212,-0.0793008756766953,-0.0268740857571535,0.1088474011126354,0.6152392110197175,0.3629267712789442,-0.0624779569836433,-0.2934000162254091,0.2540793701663087
Fbxo21,33471.0,0.308484649347347,0.5579954531196014,0.1535430364236298,0.0599396061035247,0.1809030277022292,0.0,0.000983512125,-0.0004788175781249,17.303136629357343,0.002094886912891,0.0109828983553495,0.0595420420552065,-0.048559143699857,0.0586378692309211,0.0176726815269284,-0.0807775336057862,0.5784371101332502,0.2404640458616418,0.0788908923706603,-0.2718442424499022,0.321241579467428
Nop56,4883.0,0.1882825580691638,0.7369655941630002,0.2288306618049003,0.0,0.0,0.0,0.0015036589021739,-0.0003110982695652,17.366849446052143,0.0008015419962531,0.0513948254874597,0.0843602175654516,-0.0329653920779918,-0.0223548326127878,-0.0210254551765839,-0.0886199980417349,0.1875278817783376,-0.0445824095387888,-0.0822206374536289,-0.1461725812472925,0.044037588502946
Lrmp,59281.0,-0.1720384823644218,-1.3219280948729355,0.0,0.0,0.0,0.3508077002401486,0.0012215321097368,-0.0004299790810526,16.679856409946098,0.0013813371174469,0.0234097384162092,0.0177385183269457,0.0056712200892635,0.0038703782452575,0.0276373395105272,0.1556883326381535,0.6270184247182066,0.1815028941147757,-0.3679272190596029,-0.3481392596728078,0.0258145614766221
Ppm1e,132117.0,0.2910874082538646,0.0,0.2006778574324,0.0,0.0,0.6110456003423661,0.002330020604878,-0.0007359881195121,14.71795896996185,0.0016982636142127,0.1140464825533242,0.1427103478395576,-0.0286638652862333,0.1532416980677438,0.0846779717552868,-0.0146387601445053,0.473883361809804,0.0119391570073181,-0.5321422227180479,-0.5315167898490695,0.0265779171518235
Col25a1,468376.0,0.0,0.0,0.0,0.0,0.0,0.0,0.0006470391798525,0.0001090447864864,16.812289886487132,0.0008971479195174,-0.0089839317901881,-0.0179050933303252,0.008921161540137,-0.0609243187776928,-0.0503800919508926,-0.0820934569590611,0.662686373319457,-0.1043879513527618,-0.5165436182804277,-0.7517532529774258,-0.0222944943937006
Gm26854,30851.0,-0.3098950813434102,0.3219280948801484,0.0696628012494328,0.0,0.0,0.4238077088170076,0.0004584802216216,-0.0003697384837837,18.879490631906037,0.000738764814167,-0.0067327731581846,0.0080148310907418,-0.0147476042489264,-0.0987127576181173,-0.0908588440572294,-0.2265523295196265,0.2343816951983836,-0.0530836147487284,-0.3578520467888054,-0.5074068681127453,0.173468714770898
Gab2,227360.0,0.2567860179831616,0.2630344058313891,0.3143123264177542,0.0,0.0,1.643856188548434,0.00143166483875,-0.0001834155462499,15.602022303102874,0.001129053134557,-0.0091214586562489,-0.0089074659048598,-0.000213992751389,-0.1499302212789771,-0.106002401432621,-0.2019878092189993,0.4736459006268725,0.0877494571087111,-0.0693257133010751,-1.1191453799608992,0.2897372663277104
Atp5j,7759.0,-0.0106550270603946,-0.3219280948801484,0.174648912353929,0.0,0.0,0.0,-0.00094073065,0.0003887185,16.533638927714286,0.0001347577940634,-0.029679835102642,0.085175475974655,-0.114855311077297,0.0122774896581496,-0.0366809274026408,0.0110984895509259,-0.1094135296268645,-0.2497365199974147,-0.3552485089344364,-0.022640766933013,-0.2608350095483407
0610012G03Rik,1444.0,0.1509409638190475,0.628031222608413,0.0,0.0,0.0,0.0,0.0018373398357142,-0.0007445678571428,17.852912154457435,0.0012278736925246,0.0464841564954412,0.0311320816553384,0.0153520748401028,-0.0208210675901829,0.0091393855956036,-0.0739309235394809,0.0797087689724107,0.0335149745177727,0.0851137716841483,-0.0977925916210136,0.1074458980572536
Car10,503721.0,0.0211267896405211,0.1520030934434468,0.0,0.4756962977698382,-0.2503094073479734,0.0,0.0004023508536075,8.79734306329114e-05,17.254797295822204,0.000909847414026,-0.0050294120276989,-0.008663526764841,0.0036341147371421,-0.0625730681689165,-0.0391785872501206,0.00045747657312,0.81734461802628,0.0025016386334844,-0.541645793588734,-0.5289079373182364,0.0020441620603644
Kif13b,162352.0,0.0,0.0,0.0,0.0,0.0,0.5662251478640994,0.0011996387773972,-0.0002696646328767,16.714531863083987,0.0013872227287695,0.023175849001704,0.0321944697516483,-0.0090186207499443,-0.0370869107835959,-0.0596097249905359,0.0059440445240638,0.6047832061912166,0.1396278494033021,-0.3534683905143057,-0.3796424064940431,0.1336838048792383
Itm2b,23063.0,0.0972819689442667,-0.2223924213355896,0.1539891673058111,0.918380177514793,-0.2712537144306264,0.3459388522131421,0.0008828171216666,0.0001037704173333,17.987587959678358,0.0014982503408884,0.298468579860788,0.3208173962437926,-0.0223488163830045,0.0412766691574026,-0.0070862126359132,-0.0521243303224353,-0.0125346677192595,-0.2521068883326343,-0.4505298973763372,-0.2450134845672109,-0.1999825580101988
Pkn1,32643.0,-0.305931993857091,0.2895066171920701,0.0,0.0,0.0,0.0,0.0004798395555555,-0.0006803399055555,17.748578513748086,0.001256186116379,0.0007083742900054,0.0106123390728063,-0.0099039647828009,-0.1010351757476749,-0.1102965817838674,0.0422096238921284,0.3184760419056472,0.1749518420922097,-0.0270275514301234,-0.3587954633728276,0.1327422182000812
Cox5b,2232.0,0.1585352146744871,-0.6629650127179998,0.0685144135593435,0.0,0.0,0.0,0.0011822938815789,-0.0006443735763157,17.774895731571387,0.0011415999823304,-0.0001783216065606,0.074688765833147,-0.0748670874397077,-0.0220355123085185,-0.0277977256073305,-0.1057561723756121,-0.0678967335196385,-0.0930127855362675,-0.0819934934775026,-0.1887916928635629,0.0127433868393445
Atrnl1,522309.0,0.0,0.0,0.0,0.6145298154678664,0.2816597659469461,0.3325915767366922,0.0001298549554285,-0.0001121530054285,17.933814616897774,0.000744396820898,-0.0170778858913935,-0.0221808546630132,0.0051029687716196,-0.1424579790558449,-0.1025757623392727,-0.113486131550965,0.8213465487218077,0.1788227449309885,-0.5176858947041971,-0.9394995314943504,0.2923088764819536
Gm15965,3330.0,0.0,0.0,0.0,0.0,0.0,0.0,0.0002097969999999,0.0017228829999999,15.844901876019785,0.0,0.0233779468762108,0.0040593650364751,0.0193185818397357,-0.0672555776103434,-0.0864094624290225,0.0,0.0,0.0,0.0,0.0,0.0
Ppt1,22933.0,0.3241027437588641,0.0,0.2414086171680853,0.0,0.0,0.2895066171533487,0.0004003815499999,-0.0001011404812499,20.62186201427753,0.0005729227625465,0.0697966608934152,0.0809744239876719,-0.0111777630942566,0.0289782701650016,-0.0146756017069378,0.0741144287358096,0.5276917617060396,0.1743094476419056,-0.2135755459046897,-0.1535122873420683,0.1001950189060959
Cers4,38654.0,0.0366034561931849,-0.7369655941469699,0.1113798384446605,0.0,0.0,0.0,0.0005639918870967,-3.526733548387117e-05,16.615829764787048,0.0009927078764728,0.0099417409652052,0.0263676537978263,-0.0164259128326211,-0.0401879314613543,-0.1085921625207281,-0.0417106960274956,0.4274786744447549,0.1381059559714558,-0.1188726456266745,-0.3430413920378835,0.1798166519989514
Nr6a1,204318.0,-0.062207612189451,0.7369655941613971,0.1143238025358392,0.0,0.0,0.0,0.0014889901541401,-0.0002841147171974,16.570864815677215,0.001718461426749,0.0025321583949527,-0.0028034945319827,0.0053356529269354,-0.0204830927827255,-0.012044793326201,-0.0304250241452869,0.3151256625404602,0.0279288869845948,-0.3007041487346922,-0.6988329387330179,0.0583539111298817
Samd5,52272.0,0.0,0.0,0.0,0.0,0.0,0.0641303373912038,0.000453410475,9.671390416666662e-05,17.806918617424422,0.0011243596555344,0.1180902768224228,0.1337521379216417,-0.0156618610992189,0.2850822915354092,0.3169430384998638,-0.0487408366991662,0.0683634014775509,-0.1724629109514419,-0.3570960483580918,-0.2561909781450584,-0.1237220742522756
Adam15,11454.0,0.3699567657516347,-0.3410369178330419,0.1576659159197613,0.0,0.0,0.0,0.0002995700893617,-0.0007868715382978,17.630372890668664,0.0009138010113207,0.0106217681706163,0.1057970686657709,-0.0951753004951546,0.0091868560575797,-0.0310749082692075,-0.0552150598497992,0.4030008891677914,0.1860579850610936,0.1274591899867876,-0.3784719499186049,0.2412730449108928
Ntng2,58464.0,0.0,0.0,0.0,0.0,0.0,0.3912042823429028,0.000525000618421,-9.529839210526316e-05,17.40739100203265,0.0009591638320445,0.0249384270867988,0.0398180812255876,-0.0148796541387887,-0.0728947123658451,-0.1028666045916272,0.0035146280095163,0.9516707369292016,0.4355879811803349,0.1122335562462892,-0.2722886191431695,0.4320733531708186
Gm14412,9787.0,0.0,0.0,0.0,0.0,0.0,0.0,0.0,0.0,0.0,0.0,-0.0195149321589275,-0.028556223532037,0.0090412913731094,-0.0157031928294648,-0.0080310395419573,0.0,0.0,0.0,0.0,0.0,0.0
Cpsf7,22387.0,0.0772616354069453,0.2537565922448879,0.0365597154829454,0.0,0.0,0.0,0.0,0.0,0.0,0.0,0.0643072019181225,0.0430453899130266,0.0212618120050959,0.0364866426156782,0.0051285718205957,-0.0189982321987525,0.0184953610639562,0.0094702288055792,-0.0706523295238987,-0.1947904334618712,0.0284684610043317
Slc26a4,40142.0,-0.2295159523134722,0.2630344058289848,0.0971387391454934,0.0,0.0,0.0,0.001680394726415,-0.0003287197830188,17.252231082941933,0.0010579087645723,-0.0226819779766778,0.0190584112620987,-0.0417403892387766,-0.0292678935593403,-0.0605390215525331,-0.06983015767449,0.1260602490568842,-0.1186409844098829,-0.2439689438025463,-0.7069304064752472,-0.0488108267353929
Dlg1,211686.0,0.259845830441104,0.0,0.0912533047824685,0.0,0.0,0.0,0.0016154371133333,-0.0004092877866666,15.97874656962705,0.001301359049732,-0.0149899950385735,-0.0083653996221021,-0.0066245954164713,-0.1031761662958391,-0.1006466067128432,-0.1770614489480103,0.4477223357787579,0.1030888290358147,-0.1970080645259899,-0.7246324081539129,0.2801502779838251
Pacs1,139961.0,0.2607052204006903,0.0,0.0283711264048287,0.0,0.0,1.0473057142819453,0.0013477492641509,-0.0002075647283018,15.612533125810211,0.0020904624624287,-0.0011352444379731,0.0122550474701595,-0.0133902919081326,-0.0564070215057208,-0.0394738150206898,-0.0722912067574111,0.7563707169736719,0.2165770973010165,-0.0819515756123673,-0.6912117110551772,0.2888683040584277
Rpl9,3080.0,0.0895949853951201,0.0,0.1273906984480794,0.0,0.0,0.0,0.0006096036605128,3.07202717948718e-05,17.899736600330325,0.0010281539481397,0.0319405235197887,0.0614401044134202,-0.0294995808936315,-0.0792178818768479,-0.0581568099534198,-0.0686046742110415,-0.1242540876836226,-0.1246967935508898,-0.0709011424519565,-0.0829709914558827,-0.0560921193398482
Ptpro,210914.0,-0.0491703826706881,0.7369655941597939,0.0,0.0096080062866916,-0.4281113692644843,0.5279315555819595,0.0007057698530172,-0.0003190171413793,16.447134995474766,0.00090636690875,0.0045873068875979,0.0066611527473581,-0.0020738458597602,0.0187926370973321,0.019289108881389,-0.0578159260429947,0.2682888937357106,-0.2376568976106966,-0.7299026178440229,-0.6239977057961826,-0.1798409715677018
Gm15813,8044.0,0.0,0.0,0.0,0.0,0.0,0.0,0.0008064184846153,-0.000691057676923,17.771517082862577,0.0007181712860439,0.0354875681467344,0.0388338427243583,-0.0033462745776238,0.0442747551336865,0.0125713256475504,-0.0562741367626822,-0.0410497367644291,-0.0410497367644291,0.0152243999982531,-0.0562741367626822,0.0152243999982531
Cpne4,487258.0,0.0,0.0,0.0,0.0,0.0,0.451844065843364,0.0001841938918382,3.713746433823527e-05,17.752006341526137,0.000522279039407,-0.0026868271188657,-0.0037876454663486,0.0011008183474828,-0.0192500163506966,-0.01702681599541,-0.0510155376723902,0.6559816302768968,0.0781939168416044,-0.5596065051329496,-0.7838887086606536,0.1292094545139946
Gm15478,4375.0,0.0,0.0,0.0,0.0,0.0,0.6828098239761515,0.0008922104357142,-0.0001908391128571,19.151864710339705,0.0007964695595686,0.0250107398501564,0.0190495191859628,0.0059612206641935,-0.0150601431404628,-0.0579830489499307,-0.028103001441518,0.0412701669895581,-0.0937612081883681,-0.1588081533596661,-0.2562843232322603,-0.06565820674685
Arhgef2,42086.0,0.3910389239509482,0.1520030934445158,0.2462959463530981,0.0,0.0,0.2412876413095525,0.0,0.0,0.0,0.0,0.0813583197212536,0.1085494995726912,-0.0271911798514375,0.0631448123819319,0.0593010588941509,0.0629641672369499,0.7428567220858222,0.1852641161558096,-0.420382341400327,-0.2435057184922283,0.1222999489188596
Ndst4,324823.0,0.0,0.0,0.0,0.1051364761212956,-0.7100811769382672,0.9772799232780732,0.0009062183402127,-0.0002270710037234,18.063812452786067,0.0011511261408573,0.0051438952497871,-0.0010955584802446,0.0062394537300317,0.0528646831179834,0.0761600552970492,-0.0116108375253627,0.2121716194188475,-0.4097614935020987,-0.7642610560316143,-0.4999397131488222,-0.3981506559767359
4930545L23Rik,46043.0,-0.3715765155299193,0.0,0.0,0.0,0.0,0.5849625003204078,0.0,0.0,0.0,0.0,0.0087062220917311,0.0140879125867013,-0.0053816904949701,0.0160109667854608,0.0265339296121158,0.130654245182636,0.1732394948294383,-0.1721185217326032,-0.6465948172398667,-0.2740276632721238,-0.3027727669152392
Rap2b,6792.0,-0.2718220978749466,0.6780719051018176,0.0121487279464591,0.345209414381023,-0.5767320581685356,0.0,-0.0001489723499999,-8.656064999999996e-05,19.59922016428749,0.0001653676174576,0.0418457928044195,0.1046141588109659,-0.0627683660065463,0.1141118675532726,0.0067766369848489,-0.032049050859458,-0.4574419282952662,-0.5337146757177497,-0.607341837570309,-0.1676529258076553,-0.5016656248582916
Baz2a,37726.0,0.1471262276033389,0.0,0.0955451847899591,0.0,0.0,0.0,0.0016451183216216,-3.5640574324324255e-05,16.964262523494245,0.002557380037476,0.021013001317681,0.0138707115280332,0.0071422897896477,0.062825315932975,0.0837721905465389,0.170069409506687,0.5160858602746619,0.256380104961835,-0.1346936604592292,-0.1411524698847766,0.086310695455148
Sorcs2,380959.0,-0.1255546279999579,0.0,0.0,0.0,0.0,0.7028194002785418,0.0005510746390875,-0.0001889001112043,16.44466946644047,0.0014035465213644,-0.0071944837570491,-0.0035836047330647,-0.0036108790239843,-0.1428905513136793,-0.1084823649575624,-0.0698559561080728,0.7984855908596451,0.1700175344540395,-0.5579556188204744,-0.7169802854303142,0.2398734905621124
Dhx29,41978.0,0.0299970659374717,0.8744691179124979,0.0,0.0,0.0,0.0,0.0012893189324324,0.0001845394702702,15.892517838032244,0.0013730297483376,0.0007412585267076,-0.0037464159620728,0.0044876744887804,-0.1129440390824614,-0.1042198654810136,0.0511506030416256,0.2458443773716858,-0.0916438017696802,-0.323960375014333,-0.1582645574634766,-0.1427944048113058
Hdac3,19172.0,0.0,0.0,0.0,0.0,0.0,0.0,0.0007321839333333,-0.00030530955,19.90212566303528,0.0006455225540999,-0.0111846476275226,0.0296627715408431,-0.0408474191683658,0.0423333647191288,-0.0029869939578108,-0.1063552907249939,0.1535021616902687,-0.0069998122155423,-0.0109555543695361,-0.1403563926264333,0.0993554785094516
Dpp10,724088.0,0.0,0.0,0.0,0.0,0.0,1.7162070325656744,0.0001104793058747,-2.6558307473002163e-05,20.019826183672738,0.0003989418657271,-0.0165087500368396,-0.0204728304887108,0.0039640804518712,-0.0609181570743108,-0.0540104927947163,-0.0039390229209356,0.0991327658270006,-0.2496485437110888,-0.7961210080090539,-0.3077212787492593,-0.2457095207901532
Dhx33,20346.0,0.3062390109872916,0.3479233034189022,0.2670147952517542,0.0,0.0,0.6907145530862253,0.0005524859025,-0.0002452376024999,20.056200454157665,0.0002763412867461,0.0475766701183552,0.0995639604984516,-0.0519872903800964,0.0281404062128454,0.0052291109400353,0.1460049393830414,0.2911206419711774,0.0950734233440219,-0.3296563829861356,-0.1107409465517412,-0.0509315160390194
Capza2,30738.0,-0.1027706629402827,0.8073549220524514,0.1601249343405061,0.0,0.0,1.1699250009413766,0.0020905839227272,-0.0002204597454545,16.955482020021396,0.0007681366913166,0.0043457131286394,0.0237552069843106,-0.0194094938556712,0.0174041875558415,-0.0233482350444209,0.1244569094304512,0.0801727037676576,-0.2235228907541025,-0.5644808513982662,-0.227999132246756,-0.3479798001845538
Rps12,2092.0,0.0,0.0,0.0,0.0,0.0,0.0,0.000182835690909,-5.630788787878788e-05,19.31273211998585,0.0006510872893438,-0.0065627492411988,0.0649983932400752,-0.0715611424812741,-0.0523953383264607,-0.0925544457069356,-0.0503604070340721,-0.2182377665514669,-0.3043026582085229,-0.2962097611736349,-0.1207612092410017,-0.2539422511744507
Pola1,327388.0,-0.183703734439981,-0.9999999999278651,0.0782062218601162,0.0,0.0,0.0,0.0,0.0,0.0,0.0,-0.0066489255459791,-0.0164614725728991,0.0098125470269199,0.0059898678553005,0.0122755055753613,0.0,0.0,0.0,0.0,0.0,0.0
Cmss1,304864.0,-0.0870673380780369,0.4150374992668215,0.1057830316078324,0.8060986436657961,-0.3477498950953404,0.8473659893831244,0.0016686510038461,-9.1231961538462e-06,15.605141012482658,0.0011765011966741,0.0168015320927756,0.0064819496328942,0.0103195824598813,0.0378505737393189,0.0234359674813503,0.016454546433935,0.6846365137889519,-0.0362400542537443,-0.4933968326267078,-0.5682488289070831,-0.0526946006876793
Ftl1,1940.0,0.4305520379796745,-0.9004643264446206,0.1766993646602589,0.0,0.0,0.0,0.0015131835592592,-0.0007620662814814,17.00202968650135,0.0008252279719262,0.0037953933328207,0.0731485537573545,-0.0693531604245337,0.0340069709339991,-0.0432166156444654,-0.0964833767717858,0.1985976956308961,0.0805645093199255,0.0927690457084398,-0.1386328648153423,0.1770478860917114
Plat,25117.0,0.4655574756362806,-0.0874628412498088,0.1711010659458625,0.0,0.0,0.0,0.0023016066222222,-0.0003284804422222,16.684954161485624,0.001595133275433,-0.0297147250910249,-0.0379237380677844,0.0082090129767595,-0.1489129091088307,-0.1320128902454538,-0.2297101886644753,0.2262715830396681,0.0667941133357757,0.0745210936272253,-0.4652696514366466,0.296504302000251
Thada,276129.0,0.0,0.0,0.0,0.3013564646248304,0.1286824497795622,0.7324631873344625,0.0013756618766355,0.0004131236364485,17.046760939484383,0.0013257237815238,-0.0122456459774647,-0.0107648177295652,-0.0014808282478994,-0.0361937930209386,-0.0329620019835301,0.0113225823848522,0.6809474996357596,0.1594463684719055,-0.4913815703021267,-0.7760007991886262,0.1481237860870533
Khdrbs2,485854.0,-0.4474847976605618,0.0,0.0,0.0,0.0,0.0,0.0004189845290796,-3.7194470424778745e-05,18.169702447872343,0.0006702975811319,-0.0280940042363701,-0.0381847127246464,0.0100907084882763,-0.2051956514758127,-0.1479083737786585,-0.1040659587218715,0.5750409523679777,-0.1397094230006901,-0.5482349580808324,-0.9683359867209758,-0.0356434642788185
Pbx2,6134.0,0.2316548109986338,-0.1255308820827658,0.1402751768857124,0.0,0.0,0.0,8.07575357142854e-06,-0.0002367166821428,18.4541962312387,0.0007443878942123,0.0044710363667527,0.0096867537183327,-0.0052157173515799,0.0328312851866544,-0.0067613945852321,-0.0367023865206237,0.368100127392573,0.2286188394961688,0.0791052030025489,-0.1928962448359676,0.2653212260167926
Gm10135,8894.0,0.2767166410184516,-1.222392421308968,0.2314009866482998,0.0,0.0,0.0,0.0026335224559999,3.254372800000014e-05,17.16590419541496,0.0014218608817169,0.017797036956085,0.0028442527262193,0.0149527842298657,-0.0150159826708177,-0.0311278734090482,-0.2665088195767567,-0.1480751499903401,-0.2433542076308069,0.0154189075646701,-0.354052172835944,0.0231546119459497
Gm16552,9737.0,0.4404571594065825,0.3719687773850291,0.168895778027276,0.0,0.0,0.0,0.0013371146277777,-0.0004470819277777,16.232580237189644,0.0011294300556013,0.0375522460134927,0.0267899306648935,0.0107623153485992,-0.0901610001820673,-0.0461465521688641,0.5629180119407886,0.3110471760844269,0.3110471760844269,-0.2518708358563617,0.5629180119407886,-0.2518708358563617
Cc2d2a,78626.0,-0.1484878844101507,0.2630344058313891,0.2201733091060977,0.0,0.0,0.0,-0.0001649076041176,-8.275930029411765e-05,20.075581383705025,0.0003969810858191,0.0004429105648552,-0.0020147205206136,0.0024576310854688,-0.0080548168336116,-0.0017805584497368,-0.0622204560976651,0.5619233964830737,-0.0255445117361327,-0.3412351997915435,-0.6322653218358012,0.0366759443615323
Rpl32,3242.0,0.1624678217498303,-1.1699250014322935,0.1604676108907645,0.0,0.0,0.0,0.0005946402605263,7.151007105263162e-05,17.202459765066397,0.0010354750838295,0.0740299478738273,0.0535438687268389,0.0204860791469884,-0.0656951172187733,0.0038112227933198,-0.0262910996742404,0.1198567068844023,0.0561830862271686,-0.0290917884979773,-0.1334303642391534,0.0824741859014091
Prpf39,27053.0,-0.4744240623209865,1.7004397181161224,0.0,0.0,0.0,0.0,0.0035685179375,0.0007190126874999,15.657265207572529,0.0012550231934989,-0.0223094981471312,-0.0300894740000423,0.007779975852911,0.0633921204186385,-0.0043053542152964,-0.1327295936572526,0.5248560698795606,-0.0389153849306525,-0.2375875919398559,-0.4925022908682807,0.0938142087266001
Ubb,2042.0,0.2666222030896241,0.6629650127202149,0.1030793046055435,0.0,0.0,0.0,0.0017778825,-0.000227704,16.36251438414627,0.0015922754743273,-0.0121944187327867,0.0602283706428732,-0.0724227893756599,-0.0019569395280698,-0.005404313044427,-0.0639574150832893,0.0015521922944623,-0.027469185288788,-0.0336306680990967,-0.1079650741259579,0.0364882297945013
Rundc3b,132618.0,-0.4101854540368421,1.222392421308968,0.0155541100446958,0.0,0.0,0.0,0.000897294298387,-0.0001471100387096,18.04893525368816,0.0008267552189395,-0.0004692229134814,-0.00520217547817,0.0047329525646886,0.0820395231490577,0.0854511491047647,-0.0297390981518409,0.2386711206989804,-0.194859695674831,-0.5873948665580375,-0.6710986159695789,-0.16512059752299
Rassf8,74331.0,-0.1494142635113946,1.2223924213272874,0.0,0.0,0.0,0.4150374992187316,0.0,0.0,0.0,0.0,0.0151591941237293,0.0270617294214872,-0.0119025352977579,0.042120133493708,0.0443185101258294,-0.0287653561305945,0.5059471908671174,0.194423728213262,-0.1947089484419864,-0.3520301752642903,0.2231890843438565
Arhgap20os,43072.0,0.0,0.0,0.0,0.0,0.0,0.0,0.0008846327055555,-0.0004886876277777,17.01222422076952,0.0007512403841614,0.0166337531300509,0.0279167423648002,-0.0112829892347492,0.0572338133873904,0.0349947049488981,-0.0371901546753337,0.6980456898241394,0.1167828121686049,-0.2547532699276753,-0.5028658034732271,0.1539729668439387
Plekhm3,170841.0,-0.4331539968012095,-0.3219280948801484,0.0,0.4233303401376107,-0.0753500375038507,0.0,0.0012402004967883,-0.0003221978852554,16.170386612737538,0.0011364558600803,0.003024711654907,0.0020853138818985,0.0009393977730084,0.0058739335013163,0.0103125739788666,-0.0575545622672894,0.467580871445999,-0.0398452192189291,-0.473525699737837,-0.4160046635907101,0.0177093430483603
Rps11,2060.0,0.0,0.0,0.0,0.0,0.0,0.0,0.0006260385857142,-0.0005413311285714,16.93685070137119,0.0004658471021706,0.0002489938116736,0.0607526396784503,-0.0605036458667767,-0.0545732793947046,-0.1038341423447452,-0.1527863118563567,0.1484748868799563,0.0445895743741994,0.1307037784671267,-0.1899995165986843,0.1973758862305561
Cox7b,6750.0,-0.2901779225356706,-1.8073549220060792,0.1218088963528158,0.0,0.0,0.0,0.0,0.0,0.0,0.0,-0.0076154651854478,-0.0419264736412153,0.0343110084557674,-0.0536205284039968,-0.0278960688610049,0.0,0.0,0.0,0.0,0.0,0.0
Gm29237,1726.0,-0.2837235582339383,-1.1699250014222748,0.0360954120677069,0.0,0.0,0.0,0.0001730515860465,2.3290537209302286e-05,19.243804942064244,0.0004785575197227,0.010035695704803,0.0034672909822563,0.0065684047225467,-0.02554492121228,-0.0430173159632845,0.362354123063294,0.5418489563591214,0.5418489563591214,0.1794948332958273,0.362354123063294,0.1794948332958273
Gm26879,7273.0,0.148287867845509,0.4854268271619979,0.1342405138533526,0.0,0.0,0.0,0.0,0.0,0.0,0.0,0.0366964875695366,0.0577207944525061,-0.0210243068829694,0.0638078682027488,0.0698018681141365,-0.0511987905262186,0.2670682701194423,0.0943518756560077,-0.2071051605388993,-0.2895057320625276,0.1455506661822264
Ccnl1,12098.0,-0.4005449888381642,0.0,0.0,0.8212200273325879,-0.3497604954747286,0.0,0.0004136914838709,0.0001247828248387,19.002833075709148,0.0006394929162742,0.0463223899047708,0.0559739053452463,-0.0096515154404754,0.0611280872174258,-0.0579590778463111,0.0184918585686229,0.4665038314163177,-0.1404022005798882,-0.3497604954747286,-0.2149871999769215,-0.1588940591485111
Gm15594,3201.0,0.0,0.0,0.0,0.0,0.0,0.0,0.00016926154,0.0004601808,17.140990667907047,0.0008416008998008,0.0609871780356745,0.0821957568923237,-0.0212085788566491,-0.1028028885310703,-0.039684021262053,-0.0087982491995444,-0.1469368599129161,-0.3275174800381732,-0.4232889444882954,-0.0446077756690108,-0.3187192308386288
Fmnl1,27794.0,0.2289898243624746,-0.3785116232504006,0.1142857007220785,0.0,0.0,0.0,0.0023491674846153,-0.0007623615230769,16.464028959161734,0.0007686772458141,0.0756428605569154,0.1246245947197791,-0.0489817341628636,0.0118363094946705,0.0645266750032727,-0.0349539012019235,0.457226017884881,0.2306191529509643,0.0637248315089662,-0.2498827060513,0.2655730541528879
Junb,4234.0,0.0,0.0,0.0,0.0,0.0,0.0,0.0013404037499999,-0.0010048922,16.38701926713401,0.0019050277606357,0.0601935957725054,0.176281519187829,-0.1160879234153235,-0.0360917688404673,-0.0212800457892928,-0.0153090775905847,0.0707965929698968,-0.0063374642549511,-0.0952117661055442,-0.088288301340234,0.0089716133356336
Glp2r,109651.0,0.0,0.0,0.0,0.219892477848853,-0.1551151168051541,-1.061400544337446,0.0005969572525,-0.0001081453154999,18.094142932011,0.0010514900211209,0.0044378823682539,0.0054319436945197,-0.0009940613262657,-0.047422155199305,-0.0101993920120725,-0.1640399520621522,0.5299967550456256,0.0880284258651973,-0.2346263781942239,-1.036663237494601,0.2520683779273496
Mgat4c,709982.0,0.0,0.3219280948801484,0.0,0.0,0.0,0.0,0.0002154780767916,1.1504796958333328e-05,18.55743588727374,0.0006094097014531,-0.0134293249139709,-0.0258297636650978,0.0124004387511268,0.0220441416948854,0.003681009263987,-0.0499410087613886,0.0996740132687877,-0.413652095059629,-0.8584730167643919,-0.6447562659584677,-0.3637110862982404
Chst11,210402.0,0.0,0.0,0.0,0.5164270855682317,-0.1748798840538457,0.4726319755716409,0.0006193873507692,-0.0004481433646153,16.03845762787475,0.0011863530183815,0.0137989762026425,0.0310452591362681,-0.0172462829336256,0.0569085282801941,-0.0011944901803162,0.0163978274653782,0.6019153719874211,0.1135149551041897,-0.2414674999098368,-0.4468537214428509,0.0971171276388114
Dnm2,82851.0,0.1468854296460042,0.0,0.2382606244771865,0.0,0.0,0.090197808943373,0.0008155034797752,-0.0003055794224719,15.81997347325079,0.0013534265803009,0.0057529410941356,0.0098252660063091,-0.0040723249121734,0.0005833182211858,-0.0153022059401308,-0.0061382556870441,0.5439863816973183,0.2476420085070402,-0.0906908464107476,-0.4198569891007524,0.2537802641940843
Slc24a5,20553.0,-0.2213849638496152,0.5405683813586042,0.0,0.0,0.0,0.0,0.000615009117647,5.866082941176491e-05,17.316184439983115,0.001158483332139,0.0237090713996183,0.0152613253167742,0.0084477460828441,0.0037603516744673,0.0026777630783978,-0.0066400710266241,-0.1349940369543794,-0.172609082169719,-0.2869661675345265,-0.1706261654091365,-0.1659690111430948
Usp7,102713.0,0.0,0.0,0.0,0.2657127060433124,0.4242550676607695,0.6307661901694568,0.001101620488785,-0.0003451407999999,15.420235759126149,0.0012200094022408,0.0356160407933545,0.0459878191295156,-0.010371778336161,-0.0345617978281523,-0.0033048486050396,0.0298399934963486,0.5933185928199716,0.235003384170262,-0.1615420845107571,-0.544134411531746,0.2051633906739134
Parm1,109279.0,-0.1801295456462082,1.222392421308968,0.0,0.0,0.0,0.0,0.0003064875179999,0.0002230741409999,16.941528800000196,0.0008540900534542,-0.0019280913464577,-0.0029447439570012,0.0010166526105435,-0.0076805408938907,-0.0476734897886092,0.0181382791479454,0.2748703429358543,-0.1306973249048864,-0.519950722543646,-0.3575885732799184,-0.1488356040528318
Crlf1,10923.0,0.3177312223823456,-0.432959407274236,0.1092758895793395,0.0,0.0,0.0,0.00134631408,-0.0010222890199999,17.21167378352732,0.0010495465972435,0.1156430147957878,0.1858551194678461,-0.0702121046720583,0.0944029011248934,0.0219308662316513,-0.0106419283940983,0.2802591718839291,0.039710286257243,-0.5179423966450629,-0.2174683376298423,0.0503522146513413
Cox5a,11152.0,0.2087951586006391,0.1069152039157192,0.0860652644660592,0.0,0.0,0.584962500560857,0.0006455389999999,-0.0001106704628571,17.887715477479595,0.0010309647513285,0.0067537414503302,0.071027995852535,-0.0642742544022048,-0.0442631451673617,-0.0007145866709645,-0.0496329164067373,0.1738283777079929,0.1056271156368953,-0.1287144998420004,-0.3987541433121397,0.1552600320436326
Timm8b,1410.0,0.0,0.0,0.0,0.0,0.0,0.0,0.0003411311142857,-0.0003092517142857,19.68737303468861,0.0012951318472916,-0.0030590278512639,0.0664679275189903,-0.0695269553702543,-0.0543234385938282,-0.0444763249075794,-0.0616838046486295,-0.000464019436678,-0.0810355333169134,-0.0732329637095818,-0.1330864290090825,-0.0193517286682838
Slc38a9,77998.0,-0.2048074890879823,1.6629650127059774,0.0,0.0,0.0,0.0,0.0014830057657894,0.0002477235473684,17.237771101880668,0.0017533295748324,-0.0051101402554746,-0.0197676917342091,0.0146575514787344,-0.0658867167717627,-0.0521522563535479,0.030321636015541,0.3571788409839571,-0.0997861746854492,-0.3551242816604493,-0.1588578928580113,-0.1301078107009902
Hexdc,18222.0,0.1882857295556097,0.0,0.0,0.8890738907389074,-0.5373280490824244,0.0,0.0,0.0,0.0,0.0,0.0282465251517428,0.0293470060458204,-0.0011004808940776,-0.0365914798879221,-0.0872540393777541,-0.2407125169777098,0.8050582448264634,-0.1354442278761586,-0.5373280490824244,-0.4025053019762592,0.1052682891015512
4921534H16Rik,8755.0,0.1304181969820717,0.443606651474087,0.1660315120375065,0.0,0.0,0.0,0.000784996423913,-0.0003804750652173,18.20578257708957,0.0007314515375288,0.0094997975872404,0.0228104359346836,-0.0133106383474432,0.0423911830819808,-0.0109879084236736,0.2958818416682688,0.2209660734955845,0.1324534682416965,-0.3701471316603189,-0.1027298804830566,-0.1634283734265722
2600014E21Rik,178977.0,0.0,0.0,0.0,0.0,0.0,0.0,0.0004141275336595,8.720258808510631e-06,17.80017760195463,0.0009374866213613,2.9566672052130927e-05,-0.0099526717464564,0.0099822384185085,-0.0464883851084029,-0.0232183641496905,-0.072432959606026,0.4126656798324557,0.0556577225121349,-0.2019600654169631,-0.5409204549396089,0.1280906821181609
Eif4enif1,42196.0,0.5380634647281459,0.3479233034174966,0.2124840493100644,0.0,0.0,0.0,0.0,0.0,0.0,0.0,0.0202108559097449,0.0319833987334158,-0.0117725428236708,0.0330497966972853,-0.0041714693741179,-0.0234201967461569,0.2225782485940053,0.0927674131887507,-0.047915662789068,-0.2953749584337009,0.1161876099349076
Nbas,314678.0,0.0396858952404333,0.0,0.0,0.2430628555649344,0.3158672750121225,-0.1048961918992221,0.0001457583381571,8.414486642857136e-06,19.377912106306443,0.0005344308431045,-0.0195121326761766,-0.0229303147941425,0.0034181821179659,-0.1425964657488435,-0.1329712780425459,0.0252129687345452,0.6562759677498441,-0.11005194642591,-0.8369932894289668,-0.4043855803295727,-0.1352649151604553
Slc4a1ap,29937.0,0.0,0.2630344058313891,0.0,0.0,0.0,0.7655347457689263,0.000495306647826,-0.0001692369391304,18.934632224251057,0.0009561749497893,-0.0031314199965728,-0.0093578567759299,0.006226436779357,-0.0246121572243112,-0.0166770241498979,-0.0247452607798787,0.1964146681053167,0.0694950172120827,-0.0006376333165398,-0.1929657471859666,0.0942402779919615
Lrrn1,40446.0,-0.3844928522829054,0.222392421333013,0.0,0.0,0.0,0.0,0.0004512305357142,3.986130446428572e-05,18.58342374121575,0.0007308609940014,-0.0235049870814309,0.0186241408756948,-0.0421291279571257,0.005615885367049,-0.0521826682025964,0.0657997866929751,0.0324970956406331,-0.260360404841847,-0.668085650934326,-0.3256878252968617,-0.3261601915348221
Phf12,47785.0,0.0,-0.1443899093344516,0.0,0.0,0.0,0.0,0.0015194203685714,-0.0010088599114285,16.73812184994191,0.0014692579960613,0.0548669454428469,0.0703144797793862,-0.0154475343365393,0.0224162525121047,-0.0035395918602258,0.0356311707086594,0.6568350435209804,0.3034818142916746,0.1029981498382692,-0.1805676821255759,0.2678506435830152
Rpl36,0.0,0.0,0.0,0.0,0.0,0.0,0.0,0.0001247330222222,-7.2061288888889e-05,16.48079283485795,0.0005319334878038,0.0,0.0,0.0,0.0,0.0,-0.0869966444779668,-0.0842637493475266,-0.09169552296162,-0.1657489085603338,-0.2758522101096183,-0.0046988784836531
Lhfp,220151.0,0.0,0.6780719051018176,0.0,0.0,0.0,0.5513690526364368,0.00111741309,0.0002276984269999,15.94022186653805,0.0008886331648125,0.0026310623107188,0.00292004320181,-0.0002889808910912,0.0197470490141129,0.0036795579971794,0.1319986171131605,0.3085913477083201,-0.0770119869432134,-0.5343777931942638,-0.1257725271492785,-0.209010604056374
Cep250,42442.0,0.0482982441714967,0.9999999999896954,0.004036118223259,0.0,0.0,0.0,0.0022907136675,3.788861999999992e-05,16.059583170227718,0.0011469173559602,0.0109383949802476,0.0389518112535444,-0.0280134162732968,-0.05857917634295,-0.0928832380620902,0.0216976637686536,0.5600606524687805,0.2843665731373621,-0.2382880426895678,-0.3965569013608773,0.2626689093687084
Spred2,99651.0,-0.1720470749508762,0.2730184944053793,0.1498651696492945,0.0,0.0,0.6463630451587894,0.0028327790438888,-0.0002996210229629,15.175411520324737,0.0020130135911943,0.0772317151177607,0.1074483786768055,-0.0302166635590447,0.1535594968448146,0.116690442649658,0.039091420263415,0.2735478613701869,-0.042450846436583,-0.4908414229871064,-0.2786257518406332,-0.081542266699998
Zc3h7b,51203.0,0.0,0.0,0.0,0.0,0.0,0.0,0.001604064768,-0.000746809244,15.667524325787795,0.0014217299478083,0.0212214832698954,0.0281377337122632,-0.0069162504423678,0.0157372959144519,-0.0160821962060808,-0.0109495310954887,0.4314000304941032,0.1805013262961378,-0.1360069923984379,-0.5833557213712075,0.1914508573916266
Limk2,64933.0,0.1087038083434439,0.5849625007181505,0.0300410747730853,0.0,0.0,0.0,0.0009158178714285,-0.0002593437587301,15.81868145496011,0.0011105751460247,0.0037557096516456,0.0131199389200433,-0.0093642292683976,-0.0448811662040992,-0.0195997728940129,0.0131000987843064,0.757843606397916,0.2656396968198196,-0.232222307656323,-0.5145168450098822,0.2525395980355132
Plcxd3,200062.0,-0.3989892598682214,0.0,0.0,0.0,0.0,0.0,0.0006575135725806,9.50437806451613e-05,18.04701652207063,0.0008549024168817,-0.0203443899157782,-0.0215126534771089,0.0011682635613306,-0.0648532497719782,-0.03309683277231,-0.1387897003204969,0.710922558973574,-0.2429745240627809,-0.7144988817755018,-0.4195309194556941,-0.104184823742284
AW554918,298322.0,-0.1892490136910991,0.0,0.0,0.0,0.0,0.0,0.001786860842,0.0002997978459999,17.21416725428217,0.001361807267317,-0.014189015371812,-0.0204477693194367,0.0062587539476246,-0.0321216358168448,-0.0151896592131387,-0.1518086822592153,0.6894428315916539,-0.0951777246959338,-0.5373695547547332,-0.95330533099631,0.0566309575632815
Zfc3h1,47813.0,-0.2123814865175139,0.222392421333013,0.1632037313279376,0.0,0.0,0.3168571052900326,0.000324786590625,1.826806875e-05,19.11120040531429,0.000379194539027,0.0283270077859569,0.0422789821718985,-0.0139519743859415,0.079914729163399,0.0074322314802182,-0.0257362671122808,0.3337486225673145,-0.2412437135730071,-0.5332232145721384,-0.2170335071439401,-0.2155074464607263
Mmp24,43024.0,0.1538647069055634,0.3410369178330419,0.0,0.0,0.0,0.0,0.0010714283466666,-0.0002827016522222,17.04319739965961,0.0014100662471071,0.0267876672702475,0.030929355952481,-0.0041416886822335,-0.0691915228229616,-0.0443367220396182,-0.0881510254389569,0.7974020797463951,0.2574955780774656,0.0425903110408225,-0.3179347227018971,0.3456466035164226
Magi1,608462.0,0.0,0.0,0.0,0.3822693493847519,0.1932882920860319,0.0,0.0004833479245509,0.0001276927873422,17.257939939681023,0.0008952330854167,-0.0061487701613372,-0.0055202202025831,-0.000628549958754,-0.0953771187105232,-0.068189694765675,0.0979238028964187,0.8503006503837582,0.2465924458578834,-0.4676710301971853,-0.5793088882849176,0.1486686429614646
Fbxo42,56149.0,0.0963934002069679,0.0,0.0,0.4340720543982443,0.2705293837787779,0.0,0.0004900263433734,-8.059168674698797e-05,17.177220462750967,0.0013711842226922,0.0127812285828946,0.0336838165599615,-0.0209025879770668,-0.0351191600802469,-0.0576175759929042,-0.0555658666425109,0.6360551260807616,0.3150527982177182,-0.0036899153809113,-0.2639833313858169,0.3706186648602292
Kcnh7,490873.0,0.0,0.0,0.0,0.3474479310853492,-0.5091300088299207,-0.0674488082124941,0.000996487788,-3.115390000000039e-06,15.981520637184792,0.0009438987062716,0.0154426593677117,0.0221211272189043,-0.0066784678511925,0.1754229515762794,0.1560356959010485,0.0673909886952964,0.2669623492421158,-0.2207287211748864,-0.7901315175723016,-0.5907352516610995,-0.2881197098701828
Zfp612,12995.0,-0.1407771463207288,0.0,0.007934562239507,0.0,0.0,0.0,0.0023592501434782,-0.0005976184608695,17.05539759526827,0.0019349540001904,0.0006040883575107,0.0057640380385791,-0.0051599496810683,-0.0095276796141825,-0.041701435846091,-0.0524176639544516,0.4900906517710236,0.1720469922772951,0.0703956980388138,-0.4070329487203131,0.2244646562317467
St3gal3,202760.0,0.0,0.0,0.0,0.0,0.0,0.1385125164507625,0.0007768114934299,-0.0003518063862801,16.696560433951753,0.0008726331648029,0.0170890152519272,0.0138161438028585,0.0032728714490687,-0.0230174593476493,-0.0211773880530152,-0.0060190495761151,0.8519248498052037,0.2409091683867167,-0.1307892831378191,-0.648647181605099,0.2469282179628318
Igf2bp3,129734.0,-0.0122246198669468,-0.5849625007091332,0.0047031657989304,0.0,0.0,0.0,0.0003650403823529,0.0007187878941176,15.461265713946108,0.0005911190848092,0.0052659490755167,0.0170236280193377,-0.0117576789438209,-0.0363371483215818,-0.0406201082954178,0.0909627398776277,0.4037680761094037,-0.0922761951702241,-0.5985185095804544,-0.2715282164810566,-0.1832389350478518
Tmem60,4679.0,0.0,0.0,0.0,0.0,0.0,0.0,0.0,0.0,0.0,0.0,0.0072046344085331,0.0723347775525736,-0.0651301431440405,0.0042711744826998,-0.0169340863440335,0.0061217534601059,0.1223437130131609,-0.19985883262729,-0.4244576571082437,-0.0647357155101291,-0.2059805860873959
Tbc1d8,107263.0,0.0,0.5145731728235754,0.0,0.0,0.0,0.0,0.0010687745137931,-0.0003395634977011,17.306492444099334,0.0011522780787867,-0.0113124783996402,-0.0098711706310144,-0.0014413077686258,-0.094439993917668,-0.1004357542228905,-0.1596638871767994,0.4495473772025301,0.0475960733101367,-0.5529169060062207,-0.4094176574393195,0.2072599604869361
Spata6,109200.0,0.1234516454976719,1.2223924213227084,0.0,0.2884673144876325,0.3251956325240667,0.2064508774181035,8.988041428571425e-05,-0.0001876523999999,20.666124530072544,0.0004706552301765,0.0015011482310104,0.0076682450486997,-0.0061670968176892,0.0106725561247688,-0.0209188624029936,0.0925379509820837,0.5557386934342865,0.4133338205882511,0.1665557775927392,-0.2953749583865145,0.3207958696061673
Prkdc,204369.0,0.1410448138578228,1.1805722456364465,0.1631638050505366,0.0,0.0,0.0,0.0004657625533333,7.599109999999999e-05,19.21751032487989,0.000686904122762,-0.0039347373599422,-0.0048412704594106,0.0009065330994683,0.0127441196406922,0.0033888549520518,-0.0582151872123546,1.1054796346600226,0.2104703360926606,-0.1326243530052982,-0.4445606173712643,0.2686855233050153
Lrrc4b,34333.0,0.2944936242493865,0.2630344058313891,0.0343408384801899,0.0,0.0,0.0,0.0015683186038461,-0.0003302062230769,16.21934937518338,0.0014191791205615,0.0278032081646918,0.0462065829205856,-0.0184033747558938,0.0516183361396052,-0.0202482827462648,-0.0332070957809324,0.442300589775773,0.2182634977761683,0.0489107235004704,-0.2423781725147358,0.2514705935571008
Gm20404,19843.0,-0.015549687244682,0.2995602818578673,0.0842496991689158,0.0,0.0,0.0,0.0009113628272727,-0.0001674099636363,17.86049990223741,0.0006302698653027,0.0177916139469072,0.0186625892790188,-0.0008709753321116,-0.0235632511933716,0.0374818943360422,0.0126141788697127,0.3671072195668945,0.1069258424699624,-0.093735339620117,-0.2536502758913262,0.0943116636002497
Evi5l,44690.0,0.2386744593472469,-0.7004397181341564,0.0958862444540807,0.0,0.0,0.2048197918561347,0.0020053124999999,-0.0011446103499999,15.060385849297612,0.0010237899603141,0.0315098949870323,0.074093386929896,-0.0425834919428636,0.0090981956389522,-0.0123954480905599,-0.0334069786484663,0.4261609441003461,0.0656309519937296,-0.1947724102951635,-0.3566759416544958,0.0990379306421959
Calm2,13523.0,0.2537521357590795,-0.2801079191909164,0.1270476278420777,0.0,0.0,0.0,0.0015253257185185,0.0001275165666666,17.003639602396227,0.0008518373038623,0.1124490675843281,0.0565327761755041,0.055916291408824,0.0365384749037851,-0.0223674687112143,-0.0221674887418452,0.3319177910884897,-0.0026319637482704,-0.3062575484014376,-0.1933733868754137,0.0195355249935748
Rufy3,86352.0,-0.3138894806616257,0.3959286763293175,0.0265746661832226,0.0,0.0,0.3584539708310935,0.0,0.0,0.0,0.0,0.0265017008977873,0.0487562985244137,-0.0222545976266263,0.0126778285783571,-0.0631465554652102,-0.0043754714213971,0.3209693801636894,-0.1781667808258458,-0.5361214406413708,-0.3080777197901383,-0.1737913094044487
Exd2,37132.0,-0.0377939822996249,-0.1699250014413102,0.0008225870063177,0.0,0.0,0.0,0.0,0.0,0.0,0.0,0.0177200311633492,0.0273774085933865,-0.0096573774300372,0.0601870202585937,-0.0109288396700726,-0.0872448356566911,0.5561410438485821,0.282562964464328,-0.0106053204021918,-0.3676270303187129,0.3698078001210191
Adamts9,170793.0,0.0,0.0,0.0,0.8424150280617645,0.6817062620582641,0.7269815053966644,0.0002506838022455,9.33393590718563e-05,18.35971316057256,0.0007685781165957,-0.0033393545216511,-0.0078554652596785,0.0045161107380274,-0.0608895997428681,-0.0464451335279553,0.0399110198586898,1.079530629414135,0.309335375499804,-0.3077987549954186,-0.4068580659937012,0.2694243556411141
Ank,128232.0,0.0,0.0,0.0,0.9960902050940772,-0.2547972230397419,0.0,0.001366694326923,5.603423076923094e-05,17.784796851033473,0.0016441467179214,-0.0115289167326359,-0.008924411092838,-0.0026045056397979,-0.1539164012657112,-0.1130777261983021,-0.106968877066575,0.4404451700962004,-0.0395306188821329,-0.4443525633283389,-0.6580530886279362,0.0674382581844421
Rc3h1,68560.0,-0.4338298904842759,-0.4854268271661199,0.0,0.0227949283351708,-0.4202466000229297,0.0,0.0013565323847826,0.0002018071608695,16.53723581096935,0.0011417162117174,0.0032364484692277,0.0266597121293425,-0.0234232636601148,0.0273780391958147,0.005420045210853,0.0015636981812557,0.1926895868692674,-0.1412302690312182,-0.6408486272057188,-0.195430067712921,-0.1427939672124739
Cntln,247612.0,0.0,0.0,0.0,0.0,0.0,0.7655347461649602,0.0002945991349691,-0.000138847206574,18.95261299350174,0.0007145914805117,0.004085922430516,-0.0033793767910286,0.0074652992215447,-0.0235961281932404,-0.0506891948400906,-0.0185049182420191,0.2428778101879596,-0.1790130419051649,-0.4477047419809534,-0.5582647403850611,-0.1605081236631457
Palm,27324.0,0.0592543022517473,0.3410369178330419,0.014250670578116,0.0,0.0,0.0,0.0010654599136363,-0.0004283447772727,16.17236642557573,0.0016139278142965,0.0401599419532927,0.0449177871961982,-0.0047578452429055,0.0123458501949036,0.0405480017685537,-0.0501221984468655,0.6100946850698387,0.2314558429784342,-0.0673060146766513,-0.2081118119784241,0.2815780414252999
Ccz1,26968.0,0.2191899488773065,-0.2630344058289848,0.0706049470315294,0.0,0.0,-0.273018494302774,-0.0002819838425925,9.780802222222232e-05,18.325669977983832,0.0004069572322891,-0.0001741543405292,0.0107403310779271,-0.0109144854184564,-0.0478615454449513,-0.0226338188981916,-0.1269405039688033,0.5793805935315997,0.2266060985131624,0.0874148224996163,-0.5389616019614831,0.3535466024819657
Usp4,44692.0,0.2766304147409011,0.0,0.1261375783485923,0.0,0.0,0.0,0.0013802835148148,-0.0006262182,16.415933473588144,0.0009703369111845,-0.0021001862195956,0.0031670739908632,-0.0052672602104588,-0.027692310254789,0.010162812139395,-0.1255824067126888,0.5267339680824927,0.1730189137252212,0.1441009267680787,-0.5045786079308308,0.29860132043791
Plekhm2,39165.0,0.3742974413727307,-1.5849625006971109,0.1040971600280352,0.0,0.0,0.0,0.0011118673391304,-0.0004785797847826,16.699427799671806,0.0013022676233688,0.0103764011436996,0.022520925010267,-0.0121445238665674,0.0419895778409283,0.0383153260952012,-0.0898828707773742,0.7642950203998784,0.2999496635641341,0.0101498430925042,-0.3859974898077248,0.3898325343415083
BC005537,14540.0,0.0,0.4474589769677237,0.0,0.1006358522866226,-0.2594252963009329,0.0,0.0012844071333333,0.00021251655,17.549316655037014,0.0008973278855492,0.0142016472041368,0.1216650537018702,-0.1074634064977333,0.0454919206956889,0.0324123228989814,-0.1443348684044767,-0.0757062188422521,-0.2714699147388708,-0.3496498954523277,-0.2291734274998784,-0.1271350463343941
Nos1ap,287193.0,-0.2776444988435029,0.0,0.0,0.3797481395500579,-0.3627243345031115,0.3526283670961604,0.0009037944204545,-0.000119868080303,16.541019336937048,0.0008925170674604,0.0306271386042281,0.0378419189737995,-0.0072147803695713,0.0518531926163344,0.0741817280799453,-0.0233960165325111,0.5030297074651985,-0.066824677108125,-0.5616292422993912,-0.6090658404829536,-0.0434286605756138
Ywhaz,26159.0,0.2092106530652722,-0.1699250014413102,0.1546410727976106,0.8689563307772618,-0.253582523112029,0.0,0.0,0.0,0.0,0.0,-0.0341600167560147,-0.0395658345106118,0.005405817754597,0.0385871412151901,-0.0126942611472147,-0.0874035790812128,0.2192367414946977,-0.1062770089841618,-0.3451642113275048,-0.2022944521657881,-0.0188734299029489
Mmp17,26930.0,0.082558649379417,-0.5145731728235754,0.0568835555981264,0.4148958405908172,0.3055946887049789,0.0,0.0013132992525641,-3.259017051282058e-05,17.617797288945667,0.0011482110013493,-0.0089510035734042,0.0363427236625772,-0.0452937272359815,-0.0143469869224691,0.0282378001296332,-0.0207399415267751,0.5065663456901595,0.1729927716423967,-0.1032508991456868,-0.1851134646661922,0.1937327131691719
Khdrbs1,39139.0,0.0,0.0,0.0,0.0,0.0,0.0,0.000607218452,-0.000189283894,17.542109182684044,0.0009430121438963,0.0230106273910954,0.0771177783969848,-0.0541071510058893,-0.0123791186997681,-0.0017889801584676,-0.1077925190806865,0.5970058556209008,0.1983190957708251,0.1047639582321706,-0.3140623250935022,0.3061116148515116
Cntnap5b,713177.0,0.0,0.0,0.0,0.2451793629745516,-0.7841515659626839,0.0,0.0002874150548449,4.407175062015502e-05,19.16624279997131,0.0005825566557315,-0.018148408946157,-0.0259442264519684,0.0077958175058114,-0.0063847522043472,-0.0404446235956132,0.0531638485995427,0.4808339613482358,-0.3532897424133517,-0.7958481604371292,-0.2771092487218848,-0.4064535910128945
Yeats2,91510.0,0.0,0.0,0.0,0.0,0.0,0.0,0.0017978723941176,-9.959521470588244e-05,15.5086000293106,0.0015825753387028,-0.0051572463188092,0.0042695698619537,-0.0094268161807629,0.0379976334015942,-0.0362017608701598,-0.0878864935009926,0.9279517956133236,0.2186902497522564,-0.0391454531589897,-0.7438203934722847,0.3065767432532492
Psmc6,19917.0,0.0020480729794323,0.0,0.197920111448388,0.0,0.0,0.0,0.0006793658,-0.0012291015,17.976217280033232,0.0,0.0180517375066588,0.0265251519335605,-0.0084734144269016,0.0138632517532957,0.0041653692656928,0.0763382793103893,0.2295884866068943,-0.0354887203505546,-0.3002398817963918,-0.053716692165286,-0.1118269996609439
Ppip5k1,44835.0,-0.0296323768110626,-0.2630344058313891,0.086900360902644,0.0,0.0,0.0,0.0010605688,2.4556309999999947e-05,16.956055378788303,0.0011221100226687,0.0011153157565903,0.0068065052652863,-0.005691189508696,-0.0259001274243552,-0.0592269132539701,-0.0642686164232353,0.5383051821886469,0.0923140547870154,-0.1373108289617279,-0.4069901063961272,0.1565826712102508
Slc25a4,4487.0,-0.1744886314607798,-0.3625700793801285,0.0320121977429532,0.0,0.0,0.0,0.00047299385,-0.0003599012571428,19.095812424962755,0.0009604623408744,-0.0142613814219407,0.0424112313170894,-0.0566726127390302,-0.0391365393181113,-0.0642788610681103,-0.109194005232046,-0.0121074586942646,-0.2375881807182551,-0.2850295898303505,-0.1902448097205975,-0.1283941754862091
Tbc1d12,83344.0,0.0,0.0,0.0,0.0,0.0,0.0,0.0004259638833333,0.0003548818666666,20.32379663094251,0.0003173562062353,0.002265363356161,0.0103194396969868,-0.0080540763408257,-0.1745390438042133,-0.1751248232882559,0.0223798139027101,0.5292612490204619,0.3057536940740497,-0.0785132163265771,-0.112349409972956,0.2833738801713395
Trpm3,856364.0,-0.283655899894021,0.4854268271619979,0.0,0.872299403929735,0.136031447197549,-0.3647642927534688,0.0005084205498865,4.540526192938207e-05,16.98946693510604,0.0009952617077409,-0.0095679084100764,-0.0132427306054182,0.0036748221953417,-0.0648111603090371,-0.044369546359516,-0.0419797870042406,0.5844180342153877,-0.0484355613035032,-0.7583363454191878,-0.5726293147357823,-0.0064557742992625
Wwox,913053.0,0.0,0.0,0.0,0.7323896492351042,0.2569157117178552,0.5337106160486889,0.0001991327705098,9.511503015686277e-05,17.623278288439774,0.0006594856314868,-0.0007024995991511,-0.0061526382988754,0.0054501386997242,0.0023608886018511,0.0108088650867828,0.1073669013936624,1.7085786182834966,0.3137698656450849,-0.4317455632524646,-0.7016756884893102,0.2064029642514225
Chchd10,4617.0,0.0,0.0,0.0,0.0,0.0,0.0,0.0004810397071428,0.0002235634357142,17.74691986913235,0.0010305553183999,0.0977640711557773,0.1235004323299717,-0.0257363611741944,0.0596340236090012,0.0768621523383966,-0.052862442797066,0.1143952073283895,-0.0085894808471347,-0.1681873981631358,-0.142338114734609,0.0442729619499313
Rps23,1992.0,0.0,0.0,0.0,0.2546893822061607,-0.5215901736801785,0.0,0.0003396069545454,5.548052515151517e-05,19.11213888972313,0.0007255418356548,0.028495046242553,0.0419114143082403,-0.0134163680656873,-0.0766368807127261,-0.0087959801039745,-0.0655756855902689,-0.3794693756980605,-0.4705058347395474,-0.5215901736801785,-0.0911992510796819,-0.4049301491492785
Gm26981,3908.0,0.1199997095236984,-0.2895066171920701,0.0743074367062343,0.1430197268588771,-0.2018024541270237,0.0,0.0020899946347826,0.0006999055217391,16.684937354858373,0.0011182724563668,0.018051487347053,0.0286300858375873,-0.0105785984905343,-0.0441651831689129,-0.0114451981677474,-0.2253673697957033,0.3610107025973909,-0.0142147609915118,-0.2018024541270237,-0.4689258325180535,0.2111526088041914
Gm15680,109557.0,0.0,0.2630344058313891,0.0,0.0,0.0,0.0,2.49497170212766e-05,9.062746940038684e-05,20.3113738337073,0.0004760006771148,0.0481420923888688,0.0387316206436292,0.0094104717452395,0.096800885686555,0.0860721390095093,0.0887311157590914,0.3402659191987236,-0.1709283378861736,-0.8006699850464638,-0.1990032195588702,-0.259659453645265
Spop,79326.0,0.2917779419083421,0.1926450779411075,0.0,0.879179367784365,0.3563762903447469,0.0,0.0014188098217391,-0.0003320101304347,15.63541820226582,0.0011048061433411,0.0060813770943707,0.0051490417822691,0.0009323353121015,-0.0673594363501126,-0.0411009080534606,0.0119126775329824,0.5082663558536953,0.2567506253185537,-0.0489664239681326,-0.3898181626768985,0.2448379477855713
Taok3,155090.0,0.0,0.0,0.0,0.0,0.0,0.4456711347097796,0.0006104595423557,-3.168830908653847e-05,16.526059976024325,0.0010356073054546,0.013383856054003,0.0122423858091863,0.0011414702448167,0.0219110096145289,0.0209200791758686,0.0053773916917036,0.7578436063261751,0.2486114424456956,-0.1788200759469695,-0.7955763375358527,0.243234050753992
Cul2,53389.0,-0.0989466199165143,0.9999999999639329,0.0858202065960624,0.0,0.0,0.0,0.0,0.0,0.0,0.0,-0.0224510625728569,0.0045503411103367,-0.0270014036831936,0.1171136246021261,0.0575171463381196,0.0258593262972235,0.5215023675115774,0.0225116386868088,-0.1394959784917586,-0.1561435081785633,-0.0033476876104147
Nrbp2,6109.0,0.220740161389823,0.0,0.1226351232000326,0.8098123069612735,0.9836258544239848,0.0,0.0,0.0,0.0,0.0,0.0083838815939094,0.0599154438101987,-0.0515315622162892,-0.1136023979239216,-0.1031035184178018,-0.0868116533586856,0.915811232782978,0.4580847050165041,0.2105470172077868,-0.128509656911457,0.5448963583751897
Nipbl,153846.0,0.0,0.0,0.0,0.0,0.0,0.0,0.001276613813253,0.0001934971445783,16.075165296328528,0.00120287612926,0.0099920368688116,0.021552485982972,-0.0115604491141604,0.0613016902987404,0.0421767910777741,0.0918742393078692,0.5637256390830069,-0.0232538027644256,-0.4238093033563103,-0.4914332318894616,-0.1151280420722948
Sez6,48248.0,0.1561221012731408,0.0,0.0,0.7056346654417394,0.3787037699426663,0.0,0.0026053320320754,-0.0009723085169811,16.535227830211955,0.0012368309004414,0.0988083573043043,0.1008940442932249,-0.0020856869889205,0.0923718302065079,0.1296048333942558,-0.0412745535760159,0.604954608793231,0.2941012312946086,0.051768977174706,-0.3292847137617767,0.3353757848706245
Gopc,46274.0,-0.4804806080876558,-0.1375035237492792,0.0,0.9541547861507128,-0.4904326726100132,0.0,0.0002760721444444,0.0005380370333333,17.717530706679735,0.0006189221310227,0.0045194959222303,-0.0013468683572115,0.0058663642794418,-0.0845217878086683,-0.0592620418671836,-0.068968986117177,0.4416291627635516,-0.1538910696889345,-0.4904326726100132,-0.3724589388699045,-0.0849220835717574
Rps20,4331.0,-0.1290505965398525,-0.1926450779398196,0.1693860594369829,0.0,0.0,0.0,0.0020597120666666,-0.0001639978666666,17.810364404687938,0.000455361295423,-0.0310987743115715,0.0100243305168211,-0.0411231048283927,-0.0570682420816876,-0.0713802350737856,-0.1469917237814486,-0.3270452910370598,-0.3549822844473376,-0.3130961990931631,-0.224160368798445,-0.2079905606658889
Ttbk1,45227.0,0.309802855654282,-1.3219280948729355,0.1730022048964008,0.0,0.0,0.0,0.000322789290625,-1.619461718750009e-05,16.967937011573145,0.0012398934177006,0.0346093316675893,0.0348269919569378,-0.0002176602893484,-0.0109220684703579,0.0026672835896217,-0.0529483431627701,0.8693519216491227,0.4255288677766017,0.2559878601941066,-0.3749565721074861,0.4784772109393718
Pabpc1,14007.0,0.0388605539460962,0.0,0.1850845518901831,0.0,0.0,0.0,0.0013865187060606,-0.0007956478454545,17.91447877483513,0.0011442919190959,0.0170810508076298,0.0263989242114253,-0.0093178734037954,0.0422749169352996,0.0490403678536588,-0.1341265028094597,-0.1261325971150595,-0.2370244261839664,-0.2169454470886718,-0.2042027578215002,-0.1028979233745067
B3gat1,29373.0,0.0,0.3479233034174966,0.0,0.0,0.0,0.0,0.0,0.0,0.0,0.0,0.0659046751992528,0.0783172445646687,-0.0124125693654159,0.0711028359561145,0.0927686670195102,0.0102516955293951,0.2551021940470244,-0.0624188658548142,-0.284145685119809,-0.164622017602197,-0.0726705613842094
Csgalnact1,378365.0,0.0,0.3219280948837557,0.0,0.5882141409386319,-0.3263296462382512,0.465663572159295,0.0005368220453996,0.0001594710144796,16.835188606647595,0.0009652772782685,-0.0085781783566976,-0.0119924626777278,0.0034142843210302,-0.0812279698342297,-0.0513675390106701,-0.1987212470740179,0.3769499591107048,-0.2353000876614253,-0.8592488679336872,-1.0358679259097583,-0.0365788405874073
Hdac9,869515.0,0.0,0.0,0.0,0.4425600733644801,-0.8280127033359528,0.0,0.0003774967430463,-0.0001064355112582,18.845615413375302,0.00083244101266,0.0146905178249914,0.0199391174194637,-0.0052485995944723,0.1459059878040822,0.1162556544612138,-0.0436102081710947,0.0343542446296655,-0.3498476432654107,-0.8280127033359528,-0.8103208723262546,-0.3062374350943159
Zfp706,10746.0,0.1465064213569933,0.1069152039157192,0.1371498137149713,0.0,0.0,0.1740293997330122,0.0,0.0,0.0,0.0,0.0637469277265032,0.1033413014829311,-0.0395943737564279,-0.0685249674891264,-0.0286850030693097,-0.0497499093641262,-0.1046528697053634,-0.160125347647944,-0.1993801251331888,-0.0832821182709167,-0.1103754382838178
Shisa6,314239.0,0.0,0.0,0.0,0.3906246563117657,0.3495780004734875,0.3504919755290197,0.0008108754002557,-0.0001452623450127,16.939433357852106,0.0009328498583282,0.0973353612088404,0.1203468456456919,-0.0230114844368515,0.1617375689316755,0.2087415444863321,0.00386352825193,0.6252579668241929,0.1197344557876935,-0.4926603374253262,-0.5700588987294612,0.1158709275357634
Gm14329,11441.0,0.0,0.0,0.0,0.0,0.0,0.0,0.0004441554857142,-0.0002315777714285,18.548404346367654,0.000947625659018,0.0671141862018289,0.0620805180142902,0.0050336681875386,-0.0653933228579659,0.0240991171433724,0.0816530547287231,0.3719818204410421,0.154470240426926,-0.0582943237147646,-0.2247820297185326,0.0728171856982029
Rps10,6251.0,0.3182949776516581,0.6780719051090309,0.06096313033005,0.0,0.0,0.7104933822949713,0.0003264674460317,-1.2869609523809468e-05,18.038373455631728,0.0013983348183411,0.0538469507640092,0.0730834862156027,-0.0192365354515935,-0.0126290656167276,-0.0368009419504915,-0.0776357815033136,0.4205675473008717,0.2870163973689164,0.1736493243994914,-0.1464402386774241,0.36465217887223
Nedd4,87506.0,0.0,0.0,0.0,0.0,0.0,0.6315172027709097,0.0025896921199999,0.00031743578,15.87509251326782,0.0005818372342157,0.0129632015102265,0.009050075989098,0.0039131255211285,0.012936820813203,-0.049193494141753,-0.0400774469458182,0.52950191878587,0.1452454062300957,-0.1950136081660183,-0.2979535025175039,0.185322853175914
Nr6a1os,29113.0,-0.0292549800653567,0.5849625007131416,0.0233010296328927,0.0,0.0,0.0,0.0029470905285714,-0.0006156231428571,15.782609597392565,0.0017713653152548,-0.0099141982714837,-0.0012316692179173,-0.0086825290535663,0.0443145799250729,0.0304373708732194,0.1447630438741001,0.3151256625404602,0.1017942828688187,-0.2591724123350216,0.0851714959463426,-0.0429687610052814
Cacnb4,248511.0,-0.3168003576878968,0.5849625007151449,0.0,0.7570006851186681,-0.3629435050949754,1.426264754135924,0.0011848561595628,-0.0002719432562841,16.090669760359404,0.0012348470610375,0.0026999879079599,0.0063689575889128,-0.0036689696809529,0.0582589861481219,0.0325631400813542,-0.1011914722889054,0.476689315290898,-0.099256465779411,-0.5677232327860848,-0.8001671103559228,0.0019350065094944
Adarb2,565881.0,0.4676964229882765,-0.9999999999759548,0.0,0.592566693748344,0.2918595072259905,0.0,0.0002352372973607,0.0001771725102639,18.15002605570433,0.0008738608800794,-0.007531513850615,-0.0125497606235118,0.0050182467728967,-0.0284397611727834,-0.0318508372009525,0.0906322478807648,0.7160234307551883,0.0051984768154771,-0.6618074206059392,-0.8215154582388917,-0.0854337710652876
Cox7c,2088.0,0.0,0.0,0.0,0.0,0.0,0.0,0.0,0.0,0.0,0.0,-0.0361017709778219,0.0187248130279216,-0.0548265840057435,-0.0622904859435929,-0.1219114522026832,0.0202507914330727,-0.3923743014313481,-0.4105009017889465,-0.4627800777290582,-0.0299041934315646,-0.4307516932220192
Camta2,18642.0,0.1893052430222921,-0.0641303374195727,0.0,0.0,0.0,1.1520030925634033,0.0039877038214285,-0.0026202735285714,15.83320828361772,0.0009032426574097,0.0910677805737293,0.114069284550622,-0.0230015039768927,0.0713495984594003,0.0895280859240419,-0.0066493593744802,0.4027850268129138,0.1708469530077939,0.0143416340573978,-0.2024658655253253,0.1774963123822741
Igf1r,280841.0,-0.0783067229647409,1.2801079191806115,0.0,0.0,0.0,0.3819863436219793,0.0004949385338926,-8.919877281879196e-05,16.179131956292103,0.0007707231280885,0.0046639598831353,0.0182603031621697,-0.0135963432790343,-0.0160965913664983,-0.0186540154573304,0.0438021500300198,0.7430807952383008,0.1212146361702909,-0.5605639586617874,-0.4627967972111355,0.0774124861402711
Gm11639,431687.0,0.0,0.0,0.0,0.0,0.0,0.0,0.0004113344071428,-0.0007383350285714,18.054173182694925,0.0017870556667179,-0.0083762251507507,-0.017588670964814,0.0092124458140632,-0.0961641574900835,-0.0852721133355459,-0.1013055195137278,0.3244324039918761,0.0842912749398257,-0.157637008380381,-0.3854163437471481,0.1855967944535536
Inhba,19770.0,-0.366243958492864,1.5849625006890964,0.13924000927711,0.0,0.0,1.700439716892606,0.0004694362560975,-0.0001460932951219,19.122913482935065,0.0007780677797433,0.0254089240485299,0.0589359864298036,-0.0335270623812737,0.1600888497932575,0.1320109570804816,0.0276656568787489,-0.1855728650893389,-0.3040938862404092,-0.6149098956649603,-0.2026113996758769,-0.3317595431191582
Npepps,74796.0,0.2186927210235905,0.3785116232520655,0.0,0.0,0.0,0.2064508774181035,0.0018814482333333,-0.0006046615313725,14.638931922614177,0.001442485356697,0.0146150709756972,0.0321758812054063,-0.0175608102297091,-0.0407975026457911,-0.017066090559356,-0.0697590898884295,0.63181601406238,0.1416963240206852,0.0399427370467861,-0.4200944502128966,0.2114554139091147
Acadsb,38343.0,0.1818185244863248,0.7655347463570363,0.0205348466587939,0.0,0.0,0.0,0.0004290571206741,-0.0001534877648314,18.75850451636063,0.0010466766065527,0.0065047939568865,0.0186225569906694,-0.0121177630337828,-0.065141378114494,-0.0534254828015476,-0.0608524433000062,0.8953471301127375,0.312000502651609,-0.0040695220243577,-0.2938491042040936,0.3728529459516152
Rhob,2348.0,0.0498595528945129,0.0,0.1213572813747392,0.0,0.0,0.0,0.0,0.0,0.0,0.0,-0.0463819529985891,-0.0061153479786231,-0.040266605019966,-0.1248201610672798,-0.0524212650191229,-0.0017095083494179,-0.1679019566917845,-0.3474625446159429,-0.4608375753444163,-0.0381012592047955,-0.345753036266525
Cachd1,252545.0,-0.3003129213515838,-0.4474589769694725,0.0,0.0,0.0,0.0,0.0008239386942622,-0.0001084245445355,16.528730709818774,0.0011313884627144,0.0335388970469782,0.0448765874331426,-0.0113376903861644,0.1381826185638328,0.1240696795994079,0.0462294544844763,0.6980456898241394,-0.0149023136088336,-0.5707891352859655,-0.2511337328893148,-0.06113176809331
Iars,52167.0,0.0633018158074829,-0.4150374992668215,0.0,0.0,0.0,0.0,0.005468121,-0.002933148,13.755826451133084,0.0,0.0126161659515622,-0.0035217705489347,0.0161379365004969,-0.020541959664118,0.078122665770274,0.0191396941675309,0.1284820979466427,-0.0208143639960125,-0.284870378287634,-0.1434435534804163,-0.0399540581635434
Plekha6,139225.0,-0.1124015523204011,0.1520030934434468,0.0,0.0,0.0,0.3785116231427534,0.00102057152,-0.000376743990862,16.577155197220883,0.0017933041071974,0.0124817186180071,0.0269386934102987,-0.0144569747922916,-0.0618380853880694,-0.0234105980330494,-0.0589894570348317,0.9080135419938578,0.1642544310996048,-0.2707863465336086,-0.608446702239416,0.2232438881344365
Xpr1,141714.0,0.0,0.0,0.0,0.0,0.0,0.0,0.0008965230771929,-8.817952163742695e-05,17.1468537316104,0.0013289520559955,-0.0318137431999873,-0.0321299495172793,0.0003162063172919,-0.3141563800493523,-0.275452422717981,0.0088128832913883,0.9646097925432062,0.0998856094875279,-0.3334567112146862,-0.6613582332758523,0.0910727261961395
5330434G04Rik,43494.0,-0.1481804977576679,0.6780719051018176,0.1115685902347208,0.0,0.0,0.0,0.0,0.0,0.0,0.0,-0.0235083943689594,-0.0351240160067308,0.0116156216377714,-0.1528981414635537,-0.0055207126640878,0.0,0.0,0.0,0.0,0.0,0.0
Nalcn,350510.0,0.0,0.0,0.0,0.0,0.0,0.0,0.0008145954285714,-0.0008362618285714,18.948059621200407,0.0005618287002965,-0.0169401243839153,-0.023662634969273,0.0067225105853576,-0.0993411437378682,-0.0898782942569025,-0.135676947469594,0.3713857016613321,-0.2734743017979607,-0.7997466064380041,-0.8269127525786928,-0.1377973543283666
Dst,400436.0,-0.1027785203921602,0.898120385977748,0.0,0.4775316737382429,0.5259800324132173,0.4305112315561201,0.0013295059744744,-4.459477357357354e-05,15.865317904430968,0.0012632758420707,0.0194472333737797,0.0234867121427295,-0.0040394787689498,-0.0371063457796182,-0.0259042092972173,-0.0445473268730092,0.5439376510283613,0.0090399032258983,-0.5746313119508263,-0.5833557213293858,0.0535872300989075
AI593442,6738.0,-0.2243904707643564,-0.2630344058313891,0.0534643968484313,0.0,0.0,0.0,0.0,0.0,0.0,0.0,0.0630536583046519,0.0856739518737955,-0.0226202935691436,0.1619534047818278,0.1443910530824907,-0.0007923987124357,0.1280696476035188,-0.0801227963731347,-0.1940105280934103,-0.2898560348374945,-0.079330397660699
Rusc1,9330.0,0.1733538296414898,-0.1699250014413102,0.1098706558771485,0.0,0.0,0.0,0.0023853142307692,-0.0023176306153846,16.64971885188445,0.0012579600539141,0.0105763399099919,0.0396169788079751,-0.0290406388979831,-0.0041978790765262,-0.0925935617864457,-0.0468935249066251,0.2032297155823861,0.008262461997462,-0.1301063909670204,-0.1919628068507783,0.0551559869040871
Sash1,163851.0,0.0,0.0,0.0,0.631750778964677,-0.5032840744621414,0.5084410187257823,0.000436828749014,-0.000219481696338,17.70544450908757,0.0008614877385421,0.0714374498150558,0.0911309993375492,-0.0196935495224934,0.2943848115454114,0.2677651320904898,0.0772092169084149,0.2848842572567219,-0.086151045223602,-0.5585196122384581,-0.3463165240897355,-0.163360262132017
Actl6b,16065.0,0.2052352693369519,-0.3833286395500419,0.1017281521618091,0.0,0.0,0.0,0.00212288266,0.0003136337199999,15.968208283591292,0.0012154497013266,-0.0002612891071798,0.015592575751322,-0.0158538648585019,-0.1108842353367047,-0.1065585716362003,-0.1431488435750475,0.6004422091125059,0.2654512189962009,0.0984498479986446,-0.3239086237639773,0.4086000625712484
Itm2c,14394.0,0.2660386873196967,0.4150374992768402,0.1518228932726475,0.0,0.0,0.0,0.00370256225,-0.0028089557499999,16.120800820473434,0.0009995671179193,0.0198675072170141,0.0540772228798391,-0.034209715662825,0.0653258652126171,-0.0015910308901789,-0.0438895736513505,0.4466231860456794,0.0539771983245246,-0.129873850931057,-0.4667108025266904,0.0978667719758751
Mbd6,7062.0,0.0767794339413034,-0.12928301694458,0.0,0.0,0.0,0.0,0.0007444189259259,-0.0007108034444444,17.16523995692614,0.0011802718837832,0.1024335917691097,0.1055005568895145,-0.0030669651204048,-0.0968999701382611,-0.0044506286050683,0.0125372838608628,0.2395450925795383,0.1140082892822464,-0.0084424926968451,-0.0624648248215411,0.1014710054213836
Gpi1,29006.0,0.1440810264364032,0.5849625007091332,0.0,0.0,0.0,0.0,0.0019914843,-0.0003632819799999,16.927158935644158,0.0005656844582897,-0.0115514220395244,-0.0065299348017852,-0.0050214872377391,0.0246579421886481,0.046030482969146,-0.0914168111740333,0.4737759024901123,0.3053491904332056,-0.0069444193614662,-0.3348208852239158,0.3967660016072389
Rpl13a,3203.0,0.3254729791770669,-0.6918777046334399,0.0580989155297623,0.0,0.0,0.0,0.0006770277166666,-0.0002553123722222,16.934105194164218,0.0005741579874506,0.0366414341955474,0.1200877488716711,-0.0834463146761237,-0.020228128280627,-0.065202351714503,-0.0176761312479345,0.4586796150327301,0.1880959390760779,0.0915428757800578,-0.1899995165986843,0.2057720703240125
Lrtm1,15437.0,0.1191902766152899,0.476438043941223,0.0,0.0,0.0,0.0,0.0,0.0,0.0,0.0,0.0050920119388697,0.0055556085520828,-0.000463596613213,-0.0234286166888024,-0.0047838468336697,-0.0941115319938594,0.0818399812466982,-0.0693093275075663,-0.1066829129320714,-0.2427315327964477,0.0248022044862931
Rftn1,198417.0,0.0,0.0,0.0,0.0804379078832311,0.052504536243404,0.3818706352419747,0.0006427116756097,0.0002203793231707,16.780251132063533,0.0012630847135723,-0.0178713158493614,-0.0301539893842589,0.0122826735348975,-0.2264307816614568,-0.1915617629955043,-0.3029211433571158,0.6323127243718758,-0.073097384184096,-0.3682814459124224,-0.739305999310043,0.2298237591730197
Rpl35a,3736.0,0.1912842872374462,-0.1520030934434468,0.0986051796971144,0.0,0.0,0.0,0.0013123892297297,0.0002887499459459,17.231108508335982,0.0010727349868804,-0.0501376332538564,0.0496802716411298,-0.0998179048949863,-0.0630380015593329,-0.0998555327361372,-0.1068642500263662,0.2192367415049121,0.0239135562314816,0.018481364418134,-0.1845588631316383,0.1307778062578479
Slc16a7,170195.0,0.0,0.0,0.0,0.0,0.0,-0.1488633858837347,-8.706458975609756e-05,0.0001112553609756,20.39161796027499,0.0004681443661062,0.0075450836677466,-0.0015279692222394,0.0090730528899861,0.0940165490567459,0.074208212534793,0.0803695564447454,0.482851825452872,-0.0546735498053687,-0.5098043271982452,-0.53272964822217,-0.1350431062501142
Rps6ka5,178544.0,0.0,0.0,0.0,0.0,0.0,0.0,0.0010438164549999,-0.00020604875,17.943185657087255,0.0007221274469444,-0.0123014453188898,-0.0076677713843128,-0.004633673934577,-0.1741924038468557,-0.1406579928696905,-0.0892958711450079,0.6305194424561127,0.0371857972108504,-0.4878506650681387,-0.5940029655259538,0.1264816683558583
Chst9,308233.0,0.0,0.0,0.0,0.8291580326230732,-0.2440205969394701,0.3439544010996589,0.0001759296787378,0.0001092502033333,18.125334281383925,0.0006956599596739,-0.0074294309779349,-0.0029596921526887,-0.0044697388252461,0.0078364055269206,-0.0175002044677783,-0.0362755446293018,0.3737865170486856,-0.2484627121854615,-0.8086939686369526,-0.5556107308257427,-0.2121871675561596
Ppia,4374.0,0.0784178620924418,0.3625700793801285,0.0559535400388592,0.0,0.0,0.0,0.0019617295666666,-0.0008771677,16.994338765014376,0.0012372276090314,0.0470792105582511,0.0889859836453681,-0.0419067730871169,-0.0296934113411746,-0.0367015510110739,-0.0672315714077316,-0.0002943241842214,-0.0578995706892243,-0.1118500452688522,-0.1024041053965749,0.0093320007185073
Ccdc85a,198639.0,0.0,0.9999999999639329,0.0,0.7421819097014889,0.1388528488036672,0.0,0.0003364989389583,0.0005821322516666,17.205287626954892,0.0009317474290948,-0.0040993218505649,-0.0065736502039993,0.0024743283534343,-0.0692003594125743,-0.0503190455079959,0.0498568535799083,0.4986245283099851,-0.0030449833042336,-0.5698054197938465,-0.4902463169185761,-0.052901836884142
Sept7,56132.0,-0.2527764294034424,0.3479233034174966,0.0,0.0,0.0,0.0,0.0006637628802173,0.0002709417176086,17.37404080093551,0.0009724980989252,-0.0230342117096035,0.0333407689943131,-0.0563749807039166,0.0513223109426288,-0.0552204848124251,-0.0342799661740831,0.05599564383991,-0.1126740773170814,-0.2436603837586333,-0.2761987623363886,-0.0783941111429982
Dchs2,229261.0,0.0,0.0,0.0,0.0,0.0,0.0,0.0007271610444444,-0.0009056427111111,14.75705894693566,0.0008702556468907,0.0013316298709455,-0.0066169908520376,0.0079486207229831,-0.0638051165921455,-0.0298316181156163,-0.1434567672921597,0.2330425410037756,-0.2308902899142884,-0.6610075366541934,-0.6562872437735148,-0.0874335226221287
Clasp1,223620.0,0.0,0.0,0.0,0.0,0.0,0.4283045018526393,0.0008595830250416,-9.560900604166664e-05,16.709075135731897,0.0009866523051019,0.0095746661305083,0.0143303045438333,-0.004755638413325,0.079138501448198,0.003037367455739,0.0473926241622261,0.6435109309360469,0.0097935130762316,-0.7818246983787193,-0.4809940037503025,-0.0375991110859945
Cox4i1,5985.0,-0.2017848180828529,-0.3219280948801484,0.0,0.0,0.0,0.0,0.0005817182302325,-2.505041279069764e-05,18.73973964889049,0.0010766018829198,0.0364854400492593,0.0213809383874812,0.0151045016617781,0.0462463863884335,-0.0619175639053114,0.0500269535396688,0.2964350708748025,0.1354025448021993,-0.0994019771563232,-0.0058106922490794,0.0853755912625305
Rps15,1661.0,0.0,0.0,0.0,0.0,0.0,0.0,8.730199999999917e-05,-0.0008287089999999,16.095067301607052,0.0,0.0764398896374836,0.0955624993376995,-0.0191226097002159,-0.0392593974181723,-0.0553103490201801,-0.1281589589571875,0.0395557913553599,0.0176732373457214,0.0733194222595741,-0.1780274331046294,0.145832196302909
Tubgcp5,37523.0,0.3154109425835623,0.643856189771479,0.0463861482501195,0.0,0.0,0.6026645022721602,0.0029955064612903,0.0009461401451612,16.651252279455562,0.002042428165347,0.0161010459084135,0.0326549023004484,-0.0165538563920348,-0.0531354521075505,-0.037028917004415,-0.0552477191989828,0.3335694169416588,0.0227355204730467,-0.4602489530742813,-0.2851066229626243,0.0779832396720296
Dcaf10,37658.0,-0.0384321512536844,2.2730184943873457,0.0,0.0,0.0,0.0,0.0012280011648648,-0.0007134387567567,17.510124894417878,0.0013073602705191,0.0053325584570305,0.0287465693525448,-0.0234140108955142,-0.0099006555048017,0.00487933377914,-0.0797071279288625,0.1319355558108905,-0.0517584417526301,-0.2747132632125354,-0.3415378014415517,0.0279486861762323
Rabep1,98327.0,0.0576396093715967,0.0,0.0,0.0,0.0,0.0,0.0007233534874999,5.244237500000087e-06,18.169837639366264,0.0009745101248236,0.0184783651106869,0.0226401968798012,-0.0041618317691143,0.0133055110042226,0.0438174794250443,-0.1075217055781921,0.6122587771772807,0.1899022510925375,-0.0817373298740334,-0.4547715152782468,0.2974239566707297
Nrxn2,125438.0,0.0,-0.5145731728235754,0.0,0.4322416910026421,0.4565848867153201,0.2944473584150017,0.0012946984827586,-0.0003050010448275,16.754640644789013,0.0010650141494797,0.0199410118477706,0.0240078147461967,-0.004066802898426,-0.1202608024959809,-0.0744301826171087,-0.0590220382513786,0.8815413305308354,0.3389382306607584,0.0734721101170459,-0.4134307199450872,0.3979602689121371
Als2,74305.0,0.0125319936895809,0.0,0.0,0.1191367090224123,0.4019812749638591,0.0,0.0008672468581818,-0.0001100101154545,17.279477703563927,0.0010043915512975,0.0029342707672233,0.0119274314087124,-0.008993160641489,-0.0099420134875949,-0.0100451553367692,0.049959206925341,0.8777745006643487,0.128039416983888,-0.5452271650024372,-0.5107279212704227,0.078080210058547
Nnat,2444.0,0.3049926378163121,-0.4150374992728327,0.0456809413140303,0.7582247051520794,0.2956778726762101,0.0,0.0,0.0,0.0,0.0,-0.0614315605633481,-0.04499158816857,-0.0164399723947781,-0.1348335259071394,-0.1475192542622259,-0.1309486429395128,0.3829990037906661,0.2623812799733866,0.2956778726762101,-0.2542732973247776,0.3933299229128995
Epha4,147903.0,-0.0363468198100185,0.0,0.0,0.8034337702349525,-0.5013094204963893,0.3638947916484427,0.000367974334536,-0.0001194100360824,18.48454631755429,0.0006891926174085,0.280364723841382,0.3540629391076852,-0.0736982152663032,0.3490903488328022,0.2893846291741263,0.0164514083813874,0.2586109798296587,-0.0884197853516159,-0.5013094204963893,-0.5129663934779759,-0.1048711937330034
Rpl7,3367.0,-0.1206523018690828,0.0,0.1785518231635936,0.0,0.0,0.0,0.0005201297055555,0.0001333662472222,17.90395061720779,0.0007926255167162,-0.0191371053536473,0.0038627290875066,-0.0229998344411539,-0.1387779880106672,-0.0484783651749303,-0.0078490821361484,-0.1685893963595361,-0.2705843718707016,-0.3523733387439911,-0.0866671571624024,-0.2627352897345532
Gm26672,21683.0,0.0742107149740229,0.1926450779398196,0.1191904799939327,0.0,0.0,0.0,0.0015214392351351,0.0001719743162162,17.302083555053237,0.0017502170216572,-0.034754094184129,-0.0055538984144573,-0.0292001957696717,0.063480856159839,-0.000271476026298,0.1006687705974655,0.3903675056864855,0.1542887247028457,-0.1381301643017844,-0.1694082826496884,0.0536199541053802
Ppp3r1,41112.0,-0.3122335885905944,-0.1805722456406893,0.0,0.0,0.0,0.0,0.0025210170652173,0.0001040401826086,16.2075428737524,0.0015276275822584,0.0943965913646339,0.1319585768536212,-0.0375619854889872,0.1587013492345637,0.0720286635365203,0.0364548199519962,0.2391980123098989,-0.1322839603251004,-0.3747484849382492,-0.2445538079406343,-0.1687387802770967
A330076H08Rik,52221.0,0.0,0.0,0.0,0.0,0.0,0.0,0.0,0.0,0.0,0.0,-0.0165279346216623,-0.0202943991139042,0.0037664644922419,-0.0830126598547621,-0.0016391264515098,-0.2267896591547643,0.2588329158360323,-0.0523997092668521,0.1079415722854335,-0.4943507152683668,0.1743899498879122
Suz12,41017.0,0.2556665137955018,0.4474589769677237,0.1222764440541955,0.0,0.0,0.0,-2.3704133333333928e-06,-0.00034589152,17.807669421698588,0.0008620450723452,0.014665501496664,0.0150925809841689,-0.0004270794875048,0.0340328006943251,0.0159842037998068,-0.1320546457208049,0.015351761745781,-0.0218939459558753,0.105772440132319,-0.1649120937898507,0.1101606997649295
Rundc3a,9152.0,0.435221397264979,0.0824621601917368,0.1331683783888591,0.0,0.0,0.0,0.00240349620625,-0.00143932461875,17.192973226181582,0.0019013175303508,0.025348212590135,0.0322469884608057,-0.0068987758706706,0.0307883315409812,0.0154584752344469,-0.0093897480541028,0.2192367414897617,0.1305338424022703,0.0364602035851665,-0.1897836720218197,0.1399235904563732
Slc16a4,20885.0,0.0248494008509982,0.5145731728266663,0.1643570270281326,0.0,0.0,0.0,0.0011904298999999,0.000837769090909,16.601743429223806,0.0016724271087379,-0.0076377856748853,-0.0092331143636358,0.0015953286887504,-0.1221659778669421,-0.1196442704749306,0.1157690430514439,0.2126879556609879,0.1786318461194937,0.0249848842538776,0.0438350146957776,0.0628628030680497
Lrrc4c,1313497.0,0.0,0.0,0.0,0.568108693985641,-0.608003628700085,0.0,0.0002157143241947,-6.606244138576778e-05,19.271371911585604,0.0005081394080533,-0.0147138615693479,-0.0206372209509421,0.0059233593815941,0.0083782173780704,-0.0102098470587655,-0.0311289646206745,0.5030297074216119,-0.2111303404115543,-1.0231449744397114,-0.7102678337442678,-0.1800013757908797
Trim46,12132.0,0.2943536645032094,-0.4694852832981371,0.0722746401614731,0.0,0.0,0.0,0.0002701646159999,-0.0005786041159999,17.71696718903075,0.0010029575040006,0.0142319205230257,0.0446549617254184,-0.0304230412023926,0.0182107650164191,-0.0026202953385874,-0.022412740325447,0.2504876754874328,0.1151023987402483,-0.0430863689160592,-0.1588578928728676,0.1375151390656954
Agap1,442811.0,0.0,0.0,0.0,0.3091307062717793,0.3165419833553822,0.17358135818426,0.0004219040820219,-0.000149559982912,17.767525218604714,0.0009047156298165,0.0234555520221772,0.0254325231311856,-0.0019769711090084,0.0272573983867745,-0.0005659126350624,-0.0386154144969211,1.074317271107042,0.2115633054883586,-0.3336876602448524,-0.7811980033795919,0.2501787199852798
Ankhd1,98926.0,-0.0199911544775428,0.3479233034174966,0.0699316192436523,0.0,0.0,0.0,0.0022225460044444,0.0009264716799999,15.187442411054317,0.0015597989830081,0.0115278274428322,0.0029839360235295,0.0085438914193027,0.0829620041619908,0.0600514870137569,-0.0991873180208904,0.6106704305878994,-0.0460103009217664,-0.2226392187303876,-0.7709827244586154,0.053177017099124
Bmyc,0.0,0.0,0.0,0.0,0.0,0.0,0.0,0.000603022075,0.0002404021333333,17.729377704543648,0.0010767206068147,0.0,0.0,0.0,0.0,0.0,-0.0764228148199646,0.326076912519543,0.1528823444315196,0.0583710527476495,-0.0923043450433307,0.2293051592514842
Trim35,14393.0,-0.0464134536261622,0.4005379295823292,0.0448278132557299,0.0,0.0,-0.053439258951562,0.002022157232,-0.000393522852,17.79119449275327,0.0020323041995061,0.0514588708598817,0.0472861330493881,0.0041727378104936,-0.0288222107605293,-0.0032897940739913,-0.0561757220964041,0.1366021524518338,-0.1425678241205896,-0.2121681575861098,-0.2876277082793743,-0.0863921020241854
Tpt1,3432.0,-0.1279408458513442,-0.7369655941597939,0.0,0.0,0.0,0.0,0.001221503717647,0.0003823064999999,17.67447943588837,0.0010576717935759,-0.0219422833796189,0.0436498449098384,-0.0655921282894573,-0.0390752923668494,-0.048914359181949,-0.0119510978346369,0.083828583288422,-0.1367378656897405,-0.2848041282412268,-0.1260074172661298,-0.1247867678551036
Gpr107,66459.0,0.1617080444670393,0.478047296803191,0.0129648756235833,0.206786925729857,0.3357724215330187,0.2417462356247641,0.000835534868932,-0.0001256283703883,17.758843695610032,0.0012675388913308,0.0039565557574454,0.0180174832603139,-0.0140609275028684,-0.0058828755349743,-0.0557477166891372,-0.0285231539007924,0.5336180272777562,0.2892869624284828,-0.0280732956622014,-0.3000489205243496,0.3178101163292752
Gprasp2,5696.0,-0.038865834003779,0.2801079191909164,0.146621680817151,0.0,0.0,0.0,0.0,0.0,0.0,0.0,0.0134520692843299,0.0384313234366077,-0.0249792541522778,0.0140832245421505,-0.023559154456799,0.0,0.0,0.0,0.0,0.0,0.0
Smg5,26078.0,0.0494701089624287,0.0,0.1025031913142819,0.0,0.0,0.4181465913996467,0.00117587355,-0.000693886640909,16.383104389809105,0.0018451134395544,0.0411694976071594,0.0757961220011848,-0.0346266243940254,-0.0033432443024841,-0.0761665984168684,0.1214628529999152,0.3909568991295902,0.1318149592886013,-0.5786303233501642,-0.1182329906862982,0.0103521062886861
Kcnab2,87168.0,0.0,0.1604646721923526,0.0,0.7872576238080085,0.3600201222831365,0.6917324024993433,0.0002070500757425,-0.0004623984514851,16.70494344388558,0.0015328859082346,0.1050130822250852,0.1462438461973574,-0.0412307639722722,0.0860161895248102,0.0912601389991326,-0.0145541113972563,0.5634412241755333,0.2445495031704418,-0.1454673216578419,-0.2672600718102014,0.2591036145676982
Ypel4,4597.0,-0.1327223701846214,0.1740293997746285,0.1781534872410309,0.2001861114342212,-0.4950625876183454,0.0,0.00271298882,-0.00092837184,16.08272072927338,0.0004241568500942,0.0228477256836002,0.0947760149090259,-0.0719282892254257,0.0191042506961479,0.0153827140259414,-0.0327703957596321,0.124621130218973,-0.1700192446885985,-0.4950625876183454,-0.1384006994279187,-0.1372488489289663
Pcmt1,51763.0,-0.233390077845959,-0.3479233034174966,0.0,0.0,0.0,0.0,0.0,0.0,0.0,0.0,0.0333735414411938,0.0487231382084152,-0.0153495967672214,-0.0208440452809195,-0.0026944950332243,0.0716670766927708,0.2593606265113588,-0.1436546491409186,-0.4985770717808062,-0.1627800385678787,-0.2153217258336894
Dock10,257454.0,0.0,0.5849625006971113,0.0,0.9641676929784972,0.1626770425084112,0.0,0.0003488900418944,0.0002071742815827,17.892393115311947,0.0007411888630852,-0.0205528944713476,-0.0084127230595524,-0.0121401714117952,-0.0633520894002289,-0.0409673234840286,0.1039138504986788,0.9954403431500674,0.0956320022600325,-0.5220360445157183,-0.6482068656901505,-0.0082818482386462
Sgsm1,67566.0,0.0638428602693563,-0.6520766965721987,0.0,0.953916664337814,0.3653493127666767,0.5293185711133543,0.0005603740913924,-0.0002640318917721,17.309009378403225,0.0012805812876655,0.0262406459116493,0.0548273464560473,-0.028586700544398,-0.0443502893795435,0.006202782929637,0.0316349702891596,0.7400689047501587,0.3992324436501488,-0.0148979069143579,-0.2985169452496983,0.3675974733609892
D630045J12Rik,130835.0,0.0,0.0,0.0,0.9809915823042978,-0.2329314525041568,0.0,0.0013873338057377,-0.0004676304459016,15.83054637828266,0.0011175713850997,-0.0079759186315496,0.0032688950395504,-0.0112448136711001,-0.0580184683890899,-0.0304133294339092,-0.0888091985194826,0.5641783629956524,0.0516291439806936,-0.2347851468852344,-0.5358943676691,0.1404383425001762
Galnt13,681992.0,-0.5589237851215385,-0.3219280948801484,0.0,0.0,0.0,0.0,0.0005338762290677,5.027818084745764e-05,18.71818610853936,0.0006636439961829,-0.0098156410891788,-0.0169423809630973,0.0071267398739185,0.010401619192634,-0.0192804546780421,0.0003924718679712,-0.088760855715112,-0.3807671459733891,-0.8735371316359737,-0.7826645293780223,-0.3811596178413603
Edc4,14027.0,0.0858215457624447,-0.8930847960739761,0.1072099145801855,0.0,0.0,0.0,0.0010743531225806,-0.0003399864838709,17.58338441825482,0.0011551980050569,0.0202429249953381,0.0364988677264014,-0.0162559427310632,0.034003554194351,-0.0209270634409535,-0.1604227245076571,0.1624170493530261,0.0675241193815997,-0.0135560089529085,-0.4690230459003983,0.2279468438892568
Rps7,5099.0,0.0186315988059995,0.1604646721923526,0.0591830757483096,0.0,0.0,0.0,0.0008251838375,2.435826250000002e-05,17.507673780018813,0.0006179463748818,0.025831162316657,0.0620213542108356,-0.0361901918941785,-0.0938076571912267,-0.0231679192846913,-0.1584824980228655,-0.0489989038450788,-0.1439420032344078,-0.1002224172750447,-0.1783023106970389,0.0145404947884576
Ckap5,93902.0,0.1719611606220337,0.1408625358395054,0.0,0.0,0.0,0.0,0.0002928108744186,8.724844302325586e-05,15.97910641532263,0.0013355689153494,0.0181918995604986,0.017106718650679,0.0010851809098196,0.0202501028235668,0.0579165958637228,-0.0900832926683393,0.3547787488496899,0.0709664175660785,-0.2992682635110101,-0.4244705271773166,0.1610497102344179
Lrrc45,7203.0,0.4117526077611817,0.0,0.1194735279369912,0.0,0.0,0.0,0.0020949656285714,-0.0002027156571428,16.70831909447064,0.0022283025723929,0.0375272557647746,0.069563526442789,-0.0320362706780144,0.0041481811440758,-0.0122330227621327,-0.0943496207864261,0.6129726040903497,0.3361779117333376,0.0885500130335898,-0.1367213772288316,0.4305275325197638
Rps27,1129.0,0.0,0.0,0.0,0.0,0.0,0.0,0.0028951080666666,-0.0015438204083333,16.858610759797468,0.0010318458110317,0.0012523260323855,0.0245597813931965,-0.023307455360811,-0.0937605121150871,-0.0606512034690172,-0.0813688446105393,-0.0040683447549181,-0.0706927155176535,-0.0084737574204072,-0.1671431018865679,0.0106761290928858
Rpl10a,2562.0,0.0,0.3219280948837557,0.0,0.0,0.0,0.0,0.0012621722065217,-0.0003340680152173,17.555144709063295,0.0011371026896395,0.0806756183888335,0.0934729914268517,-0.0127973730380182,-0.0541801567136368,-0.0399225316729778,-0.0704509957544284,0.3244324040466795,0.2126593508926608,0.2016574995106301,-0.1270353721252948,0.2831103466470893
Srrm4,152542.0,0.0,0.0,0.0,0.118055511194864,0.2447648519566766,0.2900991937852109,0.0008473274672857,-0.000176130874619,17.046288765378595,0.0009486297194278,-0.0269854162815238,-0.019698995022805,-0.0072864212587187,-0.1364969797304807,-0.1271835809761555,-0.0952317039287112,0.7724903823914188,0.2146077301900417,-0.3785772956755497,-0.9356574652284068,0.309839434118753
Tle4,149901.0,0.1107695875465251,0.7004397181341564,0.0,0.0,0.0,0.0,0.0006888128639751,-0.0003271469975155,17.472481952803644,0.0008676256566389,0.0046885777412181,0.0163051941229371,-0.0116166163817189,0.0453545895400249,0.0236382545202531,0.0617916005282103,0.486253994723418,0.0862437991049539,-0.300270268970479,-0.6430619674220298,0.0244521985767436
Gnb1,67908.0,0.2799037368905046,0.0,0.0874433929384234,0.0,0.0,0.0,0.0007879261137931,-0.0002868507206896,16.153821370450373,0.0015643201926055,0.0264711299553407,0.0537227120416576,-0.0272515820863169,0.0719955165202519,0.0496634075615842,0.0268295717238503,0.5850070096168835,0.2045677739355914,-0.2446736777051941,-0.3463165240227568,0.1777382022117411
Fus,18244.0,0.3215310386352272,-0.1926450779398196,0.0,0.0,0.0,0.0,0.0010475731333333,-0.0001522196399999,18.05582780129384,0.0004968003962581,0.0595603334068747,0.0797884867553919,-0.0202281533485172,0.0219129821113996,0.0582940789319477,-0.169144677148792,0.2898739764393707,0.2179097588825333,0.1430936913562641,-0.7263136751828716,0.3870544360313254
Pbx3,201685.0,0.2191406377705975,0.7369655941623594,0.0,0.0,0.0,0.2863611093577703,0.0001004548427586,-4.864213172413791e-05,17.689680369270285,0.0007338348362079,0.0224889760766304,0.0290057722202639,-0.0065167961436334,-0.0413563676445249,-0.0320745147408725,-0.0293174429340473,0.7348131793090786,0.2809695065023829,-0.1485704538650456,-0.402392448481091,0.3102869494364302
Mast1,25456.0,0.3354844365709066,-0.2064508774659463,0.1347861507663521,0.0,0.0,0.0,0.0018588106838709,-0.001487955332258,16.50084338079983,0.0013337540529123,0.0229378481773855,0.0231866299781844,-0.0002487818007989,-0.031370164098109,0.0064770270998458,-0.10956904753717,0.587752386376303,0.2657623327540674,0.1719216136029204,-0.3972204927553142,0.3753313802912375
Ptprg,688509.0,-0.0833713576263943,0.1699250014403088,0.0,0.4741984099364292,0.0865507090848598,-0.4020044469921116,0.0003468733819752,-6.624714017815645e-05,18.326429333419878,0.0008428519759679,-0.034738199446725,-0.0366515825869178,0.0019133831401927,-0.2147814147790291,-0.2046597670343361,-0.1455157283840196,0.5078954625914531,-0.0371596603124527,-0.6120351215493507,-0.7078780783779678,0.1083560680715669
Naa15,61359.0,0.0,0.0,0.0,0.0,0.0,0.0,0.0007866979433333,-4.553276666666667e-06,20.524367263289268,0.0004999915467211,0.0264495698721682,0.0541799505977552,-0.027730380725587,0.1168372332120765,0.0867113295159753,-0.0570432503491722,0.2988889906921959,-0.1401604838361706,-0.5478579745449657,-0.4958928800646001,-0.0831172334869983
Calb1,26800.0,-0.2044375780817002,-0.3785116232504006,0.133888966803154,0.0,0.0,0.0,0.0008801800633663,-0.0001668792415841,18.384632464950247,0.0008568207475301,-0.0508443271734042,0.0452371552839367,-0.096081482457341,0.0277733136462164,-0.0475977252939362,0.0178945110599777,-0.0068764613804885,-0.1923251883628937,-0.4137034976569174,-0.1084467661423395,-0.2102196994228714
Rtn1,197302.0,0.0,1.1375035237341966,0.0,0.8266584534679238,0.0536368465789662,0.0,0.0006660420285714,0.0004131236,16.57700746875583,0.0011977289425398,-0.0146475956620009,-0.0045190102037849,-0.0101285854582159,-0.1454273191183237,-0.1115076729676148,-0.03984217887466,0.6405332311517256,0.0543079222687912,-0.3842070261205395,-0.5065401242856453,0.0941501011434512
Uqcrfs1,5054.0,-0.1096099429510832,-0.9999999999639329,0.088961568848713,0.0,0.0,0.0,0.0004748219854545,-3.1777587272727245e-05,18.66118730785093,0.0007061531144384,-0.01902349146454,0.0225516836133497,-0.0415751750778897,-0.1240342186818379,-0.0745689637304914,-0.0230716455762235,0.3132845200122627,-0.004007966115025,-0.2820108930670453,-0.1981627330351242,0.0190636794611985
Cpt1c,15479.0,0.3497485043142472,-0.8744691179106763,0.1750090351773435,0.0,0.0,0.0,0.0013006173642857,6.605812499999975e-05,16.439180334243424,0.0011928615044964,-0.0135476051553159,-0.0054661413852482,-0.0080814637700677,0.0530066629177208,-0.0054717392339513,0.0887633357894079,0.530329564392095,0.3612159458219285,0.1990536100585109,-0.0367292044658178,0.2724526100325205
Dzank1,56857.0,-0.0132218583919243,0.9434164716283058,0.0484998073949049,0.0,0.0,0.0,0.0004715139105263,3.8544955263157946e-05,18.012495324205997,0.0007435303402934,-0.0116024245906297,0.002306890148297,-0.0139093147389268,0.0143189313922027,-0.0288474504045008,-0.2765364368243673,0.5904925486702466,0.0930051997579535,-0.1637277499709006,-1.0207610335427293,0.369541636582321
Ift88,93874.0,0.0,0.0,0.0,0.0,0.0,0.0,0.0013372428755102,0.0003619300122448,15.304268920994256,0.00106404460486,-0.0043265880483315,0.0047216859575005,-0.0090482740058321,0.1081988572175022,0.0444209908523531,-0.0769834637075771,0.509818873045043,-0.0452384407537158,-0.4268174461398037,-0.5940821279738049,0.0317450229538613
Tfdp2,127371.0,0.0084126126955341,-1.7004397181161224,0.0775100852838066,0.0,0.0,0.5932065619304556,0.0003082512863636,-0.0001805531181818,17.647093236380126,0.0011720986308771,0.0320959084135568,0.0248415691115727,0.007254339301984,0.1743505443601478,0.135306443591636,0.1687895401037373,0.4897328848379167,0.0637020880949279,-0.7793134792663957,-0.3120536995302287,-0.1050874520088093
Epha7,154368.0,0.0,0.0,0.0,0.0960926449787836,-0.5428549405460342,0.3837243435801982,0.0001763236727586,3.67015559770115e-05,20.53681501914142,0.0005153723037352,0.244987099714491,0.328383223924219,-0.0833961242097279,0.4530870472647739,0.3915576714426372,0.0719499137590525,0.0542434168742452,-0.3706483839587881,-0.7937051072873487,-0.2878998378629839,-0.4425982977178405
Dnajc13,111648.0,0.0,0.0,0.0,0.0,0.0,0.1171332607861979,0.0013870089999999,0.0001207338625454,16.69054986292724,0.0012761517002395,0.0172126431649432,0.0326287470000192,-0.0154161038350759,0.1132537747403041,0.0517659682802174,-0.0184617068884855,0.8828777782013163,0.0447965728913516,-0.2828483807247004,-0.4748312645635738,0.0632582797798371
Rpl13,2894.0,0.0,0.0,0.0,0.0,0.0,0.0,0.0005106558757575,-0.000322991090909,18.019739399307817,0.0021921100421128,0.0652513654262664,0.1331153856331576,-0.0678640202068912,-0.0245083719080386,0.0201265346797901,-0.177875076523642,0.1888538883395973,0.1540282635790554,0.2106597903477762,-0.2620880499790048,0.3319033401026974
Grin1,28006.0,0.2630242550895318,0.3923174227766131,0.0950339404334912,-0.011716553146285,0.1683687065969379,0.0,0.0018094190333333,-0.0002957327,15.609150672150257,0.0009618552738305,0.0697010260200452,0.1125986285070999,-0.0428976024870546,0.1070443746984604,0.0974042861639161,-0.0477403004226713,0.2604020839167922,0.1295965822050408,0.0379126967095855,-0.2097655066953891,0.1773368826277122
Mark2,66464.0,0.1910657543526803,0.0780025120008511,0.0502698171289648,0.0,0.0,0.0,0.0012322095142857,-0.0007223216228571,16.26155271344216,0.0016339123016116,0.0395240530970675,0.0795879867015397,-0.0400639336044721,0.0587313818168431,0.0432402024187456,0.0001145863803995,0.4850332782004989,0.2135389262307336,-0.103489673688305,-0.2647289895985371,0.2134243398503341
Tsc1,49939.0,0.0,0.0,0.0,0.0,0.0,0.0,0.0004415088221621,-0.0001327811822972,18.376066072672124,0.0008914237795789,0.0161519137994033,0.0208041489022401,-0.0046522351028367,0.0917302192777731,-0.0191632323395432,0.0247437328736853,0.5783178347560697,0.2701380083637079,-0.3414761106608752,-0.6715829043468307,0.2453942754900225
Kcnt2,365909.0,0.0,0.0,0.0,0.0061096107421014,-0.1567782707746523,0.0,0.0012700127554867,0.0002938734907079,16.013573732691917,0.0008525488870203,-0.0221592378930685,-0.0266811747464094,0.0045219368533408,-0.1418837762823643,-0.103864996495322,-0.0929539493249498,0.2824952323542217,-0.2646063412227852,-0.9029146823719804,-0.759606360948662,-0.1716523918978354
Ubc,4237.0,0.321748632719125,0.0,0.105081540260624,0.0,0.0,0.0,-0.0002267990193548,4.417446774193552e-05,17.954276219078896,0.0005704694181287,0.0383768926157503,0.0707404956253574,-0.032363603009607,-0.0359782201430299,-0.0027600494043198,-0.160576700541402,0.1798070740217245,0.0824719540283337,0.1845101536599118,-0.2371022040959975,0.2430486545697358
Cul9,45816.0,0.2430423813708886,0.2064508774659463,0.0669914130598109,0.0,0.0,0.5192441044149478,0.0012050984894736,-0.0003123998508771,16.65345941413903,0.0013063107248859,0.0411842966419894,0.0320684605290564,0.0091158361129329,-0.0721303096949427,-0.0489890944928308,0.0201345252579904,0.5989541274454903,0.287332628024379,-0.2802474383754506,-0.7202913666530254,0.2671981027663885
Kcnh1,319385.0,0.0,0.0,0.0,0.7890780339224145,0.2621841818991723,0.1463908746065623,0.0011484403807692,-0.0004560415315384,17.342592675877047,0.0010956462632527,-0.0239891667880027,-0.0196593119237418,-0.0043298548642609,-0.1590798230462782,-0.1438204432833768,-0.0917909997686982,0.945973203129108,0.2341390257744093,-0.4314628759235142,-0.6579026746825286,0.3259300255431075
Clasrp,23451.0,0.4278289606201206,0.1069152039157192,0.1343079303462866,0.0,0.0,0.0,0.0013592859446808,-0.0010725202553191,17.158037063346914,0.0010239174229118,0.0321722511818052,0.0233062287966639,0.0088660223851412,0.0257101570590605,0.0036089305389126,-0.0808357471752534,0.5803885901537594,0.3016043222511281,0.1003922869070592,-0.2324485595306442,0.3824400694263815
Cdc27,47875.0,0.0,0.6780719051018176,0.0,0.0,0.0,0.0,0.0006862840333333,-0.0005608989333333,19.12423988748008,0.0002268238725273,0.0239825276017736,0.0276941418037065,-0.0037116142019328,0.0476479568091272,0.0110985184391689,-0.0943891718047351,0.2630789147295156,-0.0580903281202519,-0.3006376941641713,-0.5151842186658987,0.0362988436844832
Atp6v0c,5836.0,0.4218193783627648,-0.3219280948855587,0.1504846691977109,0.0,0.0,0.0,0.0,0.0,0.0,0.0,0.0632496602291283,0.0754987658807357,-0.0122491056516074,0.0170088518430022,-0.0079264025231937,-0.1336220072025997,0.2875446532047594,0.1312883892286939,0.1423133358066284,-0.1888474173525778,0.2649103964312937
Csnk1g1,136091.0,0.0,0.0,0.0,0.5685959462515324,0.8491600155609694,0.0,0.0002000723614035,-0.0002338871649122,17.71120070943421,0.0008923181668727,-0.0314945146977667,-0.0220966011142894,-0.0093979135834773,-0.1560232758790357,-0.1804786250430275,-0.158224264550497,1.7400906302718575,0.2488825245386265,-0.1143119212915262,-0.8887687294636392,0.4071067890891235
Simc1,47511.0,-0.1539826895302942,0.9999999999759548,0.0,0.0794005163945565,0.250248677567193,0.0,0.0014892605096153,-0.0002044139826923,16.9354784830222,0.0014205321052519,-0.0289797925697861,-0.023906445574315,-0.005073346995471,-0.1447771503972473,-0.0816692718279919,-0.0096900652758421,0.5051878156663161,0.4250545124935199,0.250248677567193,-0.1316597515477275,0.4347445777693621
Slc25a5,3156.0,0.0147334331912714,-0.222392421333013,0.1192422275963684,0.0,0.0,0.0,0.0,0.0,0.0,0.0,-0.0092553446286209,0.0263455595042387,-0.0356009041328597,-0.0488946581914501,-0.044001959562669,0.0,0.0,0.0,0.0,0.0,0.0
Ak4,47718.0,-0.0354093225509206,0.0,0.1620792130218287,0.0,0.0,0.0,0.0012689425851063,0.0005845260510638,16.4212649376372,0.0009340556721176,-0.0407765366316403,-0.0202351224271322,-0.0205414142045081,-0.2391908388122417,-0.2393935425444406,-0.0111415385645627,0.3438311126266502,0.0518820615405322,-0.3942404119721532,-0.3546633117027147,0.0630236001050949
Tnk2,39619.0,0.0017092554633562,0.999999999981966,0.0,0.0,0.0,0.0,0.0005604608679999,-0.000175621944,17.537632494219338,0.0009414876181195,0.0349960926602163,0.0431979758089495,-0.0082018831487331,0.0115622256911501,0.0106032512504801,-0.0213467307920396,0.7304402035595153,0.2363060946840355,-0.0396025084603529,-0.276074402469749,0.2576528254760752
Ndrg4,38139.0,-0.2419186870634142,0.3785116232504006,0.0,0.0,0.0,0.0,0.0016609082461538,-0.0002870326576923,17.215688825884442,0.0022576805726059,0.0191973477231032,0.0527760867808474,-0.0335787390577442,0.017239837379829,0.0268761365866697,-0.0239586474429529,0.273024102045221,-0.0386795416110378,-0.2863412654975708,-0.4124787601408133,-0.0147208941680849
Mctp1,647275.0,-0.4394362205823281,0.6780719051018176,0.0,0.2554916637876984,-0.2402033737174603,-0.0931094043714437,0.000186601209943,-5.1029898500948775e-05,19.971644734505137,0.0005118826454603,-0.0121469384088206,-0.0107613690963475,-0.001385569312473,-0.0445373944238524,-0.0411087510346011,-0.1175100143758211,0.2135230902853848,-0.3893101363418546,-0.9035958152190668,-1.062523558003456,-0.2718001219660335
Fance,13053.0,0.1325338897236938,0.1443899093344516,0.0012012939767618,0.0,0.0,0.0,0.0010390978767123,3.908960684931509e-05,17.615043149952115,0.0014048257330617,0.0190207827999112,0.0729063200083251,-0.0538855372084139,-0.0629896538005544,-0.0223993853449896,-0.0727779109901431,0.4750153313166561,0.2405314065084509,0.1449276269135406,-0.2023241061610317,0.3133093174985941
Gcc2,50102.0,0.0,-0.1699250014403088,0.0,0.0,0.0,0.0,0.0,0.0,0.0,0.0,0.0167881310269846,0.0202938369344372,-0.0035057059074525,0.1793307106106649,0.0994345324466838,0.0692882884010216,0.3491899555498792,-0.1471227498756498,-0.3891633007059059,-0.1578950619958035,-0.2164110382766715
Pus7,43063.0,0.0,0.1926450779398196,0.0,0.0,0.0,0.0,0.0002576369971428,0.0009102429028571,16.55468152258618,0.0012709883805682,0.0047986903431389,-0.0050248069784956,0.0098234973216345,-0.1202499352754037,-0.1191032320596375,0.1048445197017185,0.6124131669100231,0.1653744238172258,-0.1230679366970034,-0.0345347660230435,0.0605299041155073
Gm13963,53987.0,-0.2915984755989429,0.2895066171920701,0.000805019491011,0.0,0.0,0.0,0.0005106857428571,2.3595004761904735e-05,18.414449763276924,0.0007236972392653,-0.001443542547594,-0.0018255527475155,0.0003820101999214,-0.0502418165296724,-0.0523891232890976,-0.0061459330383331,0.3883871415208066,0.0588238813314383,-0.3758740802626582,-0.4633559452132187,0.0649698143697715
Map3k10,18223.0,0.255582274568972,-0.5405683813586042,0.0625072489643861,0.0,0.0,0.0,0.0,0.0,0.0,0.0,0.0810738708677226,0.1269833700191078,-0.0459094991513852,0.0378627183645141,0.0048061629886557,-0.0267919495322891,0.3722006371613124,0.2241739868569756,0.1034589422769947,-0.1460993785886852,0.2509659363892648
Psmd13,16675.0,0.5059884226345535,0.2630344058313891,0.1866567178492953,0.0,0.0,0.0,0.0007854937090909,-0.0002701509272727,18.256083129002874,0.0010111124224898,0.0089405341013239,0.0047137245062555,0.0042268095950684,0.0023742321770563,-0.013577554788001,-0.0273297203900075,0.4593592357976203,0.3280059360903429,0.2741702157546546,-0.2776168646135493,0.3553356564803505
4933413L06Rik,13247.0,-0.2529568586748874,0.5145731728235754,0.0858564635704238,0.0,0.0,0.4238077088170076,0.0009395333666666,-0.0002714775666666,18.203508726802525,0.0011401410474575,0.0284976391552724,0.0452887462004059,-0.0167911070451334,0.0347014954773682,0.1241940889758091,-0.0045514727691621,-0.1311572894743338,-0.3619526064830538,-0.5262334146888918,-0.1332357629674219,-0.3574011337138917
4933434E20Rik,16711.0,0.0298260156061789,0.0,0.0,0.0,0.0,0.0,0.0036010516727272,-0.0018538781454545,16.351947773321097,0.0014349337350902,-0.023885682022295,0.0549108870683007,-0.0787965690905957,-0.0376488402364073,-0.0623479954997963,0.023597538232904,0.2705836214964728,0.0183845481683536,-0.1592524765652747,-0.1500461029280364,-0.0052129900645503
Slc38a7,17619.0,0.0261860291438318,0.0,0.1298429083358712,0.0,0.0,0.0,0.001512739228125,-0.00070231314375,16.6538570907933,0.0012397749307968,0.0017647790558373,0.0036005416293245,-0.0018357625734872,0.0217012885306308,0.0104613986133655,0.1493561872765252,0.082678408334891,-0.0218316952706667,-0.3806119268172141,-0.0694082691584316,-0.1711878825471919
Kansl1l,98314.0,-0.3786800391418108,0.0,0.0,0.0,0.0,0.0,0.0022368775999999,-0.00041676205,14.47673035275295,0.0008690426125359,-0.019948846973115,-0.0190563767830473,-0.0008924701900677,0.0683831473790349,0.0363533021871503,-0.0718684768434508,0.2066367046881692,-0.1820974452177186,-0.3946985194863064,-0.6441097523606606,-0.1102289683742678
Ahdc1,66850.0,0.0538975761715887,-0.1520030934434468,0.0,0.6101905434015525,0.7321019606838455,0.0,0.0010545336828571,-0.0004573800428571,16.647354029234677,0.001320844723833,0.0288541633397367,0.0408080562393022,-0.0119538928995655,0.0227585177207008,0.0328959605628342,-0.0135407359126569,0.7337087399967286,0.252080522908046,-0.0351155761247315,-0.2945253146800866,0.265621258820703
Kirrel3,550822.0,0.0,0.0,0.0,0.5089911719434341,0.1364663299494333,-0.3149857546015377,0.0005662588397645,-5.26833629513346e-06,17.637116000494284,0.0009042907613785,-0.0178779579417505,-0.01363464831882,-0.0042433096229305,-0.1551319647878445,-0.1336451361889847,-0.1402668076384794,0.9968443199395728,0.1328594579619811,-0.4121129810358828,-0.6950010770934029,0.2731262656004605
Ssbp3,138993.0,0.1367325136801604,0.0,0.0,0.3287014049638793,0.3092526552722896,0.1202942336675312,0.0005986920904347,-0.0003419209895652,17.06161918333273,0.0009785444605662,-0.0299460341404152,-0.026960451047135,-0.0029855830932802,-0.1550780064458921,-0.1081633168406661,-0.1296011636661248,0.7046635685827233,0.1571591520375337,-0.0903115782829835,-0.662427292342876,0.2867603157036585
Gm27241,3263.0,0.0,0.0,0.0,0.0,0.0,0.0,0.0028814937,-0.0005859034999999,16.44083459785351,0.0006419737616922,0.0099307893595234,0.0087160661104305,0.0012147232490928,-0.0142270774699355,-0.0078195105998227,0.1175345010223139,0.0879922082221115,0.0254397775243426,-0.185239668707553,-0.0618186008184109,-0.0920947234979713
Actb,3639.0,0.0,0.0,0.0,0.0,0.0,0.0,0.0005803489999999,-0.0017775415999999,17.252651633985433,0.0002004067911234,0.0692283302099354,0.133429049231851,-0.0642007190219156,-0.0761157784705479,-0.0498074344555754,-0.109320996564971,0.2345716297172342,0.0791531669869122,-0.0129630214470166,-0.2221822491368672,0.1884741635518832
Sfswap,70163.0,0.0,0.0,0.0,0.0,0.0,1.4594316174896989,0.0013068456041666,-4.34036458333333e-05,16.528401323277645,0.0012966074573863,0.0090452290974171,0.0255961480817336,-0.0165509189843164,-0.0514864471879435,-0.0251041702981408,-0.0564698079649014,0.4171761190994325,0.200353976605135,-0.0068277328902266,-0.2516345340142244,0.2568237845700364
Gm11149,54303.0,0.3288178849842678,0.4629719763414757,0.1064095070544438,0.0,0.0,0.0,0.0006536607181818,0.0002480476415584,17.690993951183895,0.0009758540492287,-0.0247746705884145,-0.0363288182901824,0.0115541477017678,-0.1440718602732366,-0.0960337128145897,-0.1262864741896101,0.7744927353417342,0.174394231596568,-0.0485441511582445,-0.5093551398833607,0.3006807057861782
Ccnd3,94640.0,0.2565285083657698,-0.2223924213347308,0.0972987073017252,0.0,0.0,0.2267170525478966,0.0017094032621212,0.0005374417560606,15.518280139655872,0.0019718327954114,0.0108467147347287,0.0172736224544315,-0.0064269077197027,-0.0045124107643965,0.0197767138776909,0.0688826129680611,0.5923362487253996,0.2640601505973255,-0.0934356086519149,-0.2467595767221058,0.1951775376292643
Negr1,754651.0,0.0,0.3219280948801484,0.0,0.1146038604487878,-0.0534638060428584,0.9004643260025371,0.0003818672120158,-7.431770592885376e-05,17.61687973227401,0.0006803523485387,-0.0341756602658823,-0.0508696734689676,0.0166940132030852,-0.2827061297903757,-0.2245611963660233,-0.1766459684551463,0.8104582324558061,-0.1292289244408751,-0.7409751849266826,-0.8379285483674161,0.0474170440142712
Rpl19,3782.0,0.413920188847519,0.3810901673547269,0.0781627309271836,0.0,0.0,0.0,0.001637286956,-0.000428374604,17.08452814754372,0.0014902123636896,0.0362867369645346,0.0757560198083482,-0.0394692828438135,-0.0288830957147939,-0.0440985564391143,-0.1128988933638389,0.34578996569422,0.2542267358769447,0.3144599963882402,-0.3229539714840803,0.3671256292407836
Megf8,48753.0,0.2680360563523241,0.2895066171920701,0.1655781218043493,0.0,0.0,0.4811266896513826,0.0013770837716417,-0.0003310128447761,16.736975035437766,0.0014912554610519,0.0236743149211533,0.0353572690449448,-0.0116829541237915,0.0053177480442608,0.0211331290068196,0.0464128747280987,0.5604119296094886,0.2372316173888321,-0.3882166243279286,-0.3392732470937969,0.1908187426607334
Macrod2os1,56560.0,0.0,0.0,0.0,0.0,0.0,0.0,0.0002855980545112,5.238345571428574e-05,18.916455663477883,0.000750310292938,-0.0141403215998887,-0.0080069697945884,-0.0061333518053003,0.0172179688450438,-0.0298670308935726,-0.1530970519255595,0.568321167671135,-0.101178181113484,-0.5470037617821237,-0.645512197322377,0.0519188708120754
Mical3,199292.0,0.1493803521503869,0.3625700793824178,0.0238575699828538,0.0,0.0,0.9999999993442296,0.00091425948,-0.0008358303315789,16.020467084194753,0.0011976184390481,0.0072292859330867,0.0210296491355474,-0.0138003632024606,0.0592303496448058,0.0082715452017512,-0.0550073604966753,0.8591735175991905,0.2191355733675112,-0.3688091968168077,-0.4509054253229548,0.2741429338641865
Capzb,98919.0,0.453813071949515,0.0,0.0,0.0,0.0,0.1991600520867948,0.0009517269571428,-0.0004203288696428,16.828596434839117,0.0010575814786461,0.0324256119470217,0.0642256006960511,-0.0317999887490293,0.0783344134581748,0.0474316330192242,0.0987515162454787,0.6538458859794072,0.2497137367597976,-0.2877854369870252,-0.271769570715372,0.1509622205143188
Nvl,57066.0,0.0,0.0,0.0,0.0490616709789408,-0.4405449503980752,0.0,0.0015403363405405,7.281389054054054e-05,16.35596174228348,0.0015461837697665,-0.008059705280073,0.0008139713134462,-0.0088736765935193,0.0878122163881007,0.0336135224052505,-0.1165443417614535,0.206636704702896,-0.0976928618499908,-0.4405449503980752,-0.2896245183254104,0.0188514799114626
Ror1,348974.0,0.0,0.0,0.0,0.609407491769932,-0.1906404138970622,0.6057210606728933,0.0011633555925266,-0.0001366490135231,16.086739855155983,0.001253751247007,-0.003784939936193,-0.0040827046762302,0.0002977647400371,0.0073293932424725,-0.0014294346759433,0.0585889627879721,0.8133698279915605,0.0847809266970246,-0.4970199264144879,-0.4678785039302046,0.0261919639090524
Ipo9,48187.0,0.0,0.0,0.0,0.0,0.0,0.0,0.0009568476553191,-0.0005746985914893,17.13845031818096,0.0012227035665709,0.0022507764289643,0.0083002658537396,-0.0060494894247753,-0.0376129344354967,-0.0539106410842364,-0.1072920526300071,0.8788966093429176,0.0706270512584884,-0.1590470633790257,-0.4652696514366466,0.1779191038884956
Gm20721,16393.0,0.3123626563579091,-0.415037499274836,0.1501492625165479,0.0,0.0,0.0,0.0013791928677419,-0.0002472620096774,16.782542625720144,0.0007653418853933,-0.0330569035217194,-0.0078753134827012,-0.0251815900390182,-0.0932597957085037,-0.0435975913146642,-0.1474016781809535,0.3147630700565912,0.1216071872880185,-0.0776672273598708,-0.8493832715086448,0.2690088654689721
Nol4l,122509.0,0.0,0.0,0.0,0.0,0.0,0.8271226627540245,0.0012421111391304,0.0002101798376811,15.800294389662136,0.0013323306093907,0.0130332728750848,0.0375553607192215,-0.0245220878441367,-0.1003888415643282,-0.0897043409250131,0.0168992769094506,0.7738836177359437,0.3265060863283955,-0.2372694106662296,-0.4927531725724487,0.3096068094189449
Lzts3,9964.0,0.1864142472499974,0.4150374992768402,0.0421273222755257,0.0,0.0,0.0,0.0006955255111111,-0.0005026480777777,16.953119394772823,0.0010047787756616,0.1128114526355487,0.1437354073295911,-0.0309239546940424,-0.0210961970084266,-0.0600741066847851,0.1021419566691049,0.3439371892715632,0.1089929049937298,-0.1811786353886635,-0.0158102737635017,0.0068509483246248
Tnpo3,69060.0,0.0,0.1520030934434468,0.0,0.0,0.0,0.0,0.0011702632378378,0.0003017070702702,16.285113611207112,0.0013092560105213,0.0070049753124213,0.0141132214262392,-0.0071082461138178,-0.0548891383505981,-0.0744697757832985,-0.1231056044555028,-0.1133101216904628,-0.1610725511947557,-0.3218308044883218,-0.4134307199396523,-0.0379669467392528
Atp2b2,298782.0,0.0,0.0,0.0,0.7611781593917805,0.1922404930000885,0.4518103935166747,0.0005636068185549,-8.135341190751446e-05,16.65612157799546,0.0007937137301458,0.0409950601140498,0.0559359245928718,-0.014940864478822,0.0524679905826766,0.0651482984457559,0.0077388390541041,0.5710750948495869,0.1335090783816999,-0.3629219723961243,-0.5222941956361389,0.1257702393275958
Rpsa,4680.0,0.2371190544117984,-0.1926450779398196,0.0,0.0,0.0,0.0,0.000961518276,-0.000547945524,17.908916874804696,0.0014626208671936,0.0168980747950982,0.0341898339810115,-0.0172917591859133,-0.0253331282442431,-0.0498589923399829,-0.1445486125001918,0.2916626559340918,0.0274331966374234,0.0393938947798826,-0.3597297000956367,0.1719818091376153
Ap3b2,33526.0,0.163711471015874,0.3479233034174966,0.1258431710082218,0.0,0.0,0.4945558417954027,0.0015666976833333,-6.648486166666666e-05,16.436519807532214,0.0012419931316781,0.0162578331785413,0.0315028982577876,-0.0152450650792463,-0.0847640733392947,0.0070504102672313,-0.0249050655555779,0.3205153098301677,0.1466562410319908,-0.0783287162704213,-0.195930453322181,0.1715613065875688
Cry2,30397.0,-0.2141914319863982,0.3219280948855587,0.0,0.0,0.0,0.0,0.0005216778799999,-0.0007979019733333,17.59444851767303,0.0007002655511441,0.0360526212439241,0.0437935692581872,-0.0077409480142631,-0.0232371148078882,0.064446990686513,-0.1110770512820066,0.2368555941227869,-0.0638126191723972,-0.2706063156586151,-0.4483645100372164,0.0472644321096094
Uqcr10,2369.0,0.1726354117191388,0.3959286763293175,0.1550059770893973,0.0,0.0,0.0,0.0010104506766666,-0.0002003158133333,17.953768999920314,0.0010405410357762,0.0312744817339043,0.0092715924647941,0.0220028892691102,-0.0058063746609989,-0.0180006545370464,0.0213203176654019,0.2929641567708803,0.1568035725550209,0.0929506053956408,-0.0723076170564791,0.135483254889619
Syne1,530565.0,0.0,0.1255308820827658,0.0,0.7304154061168705,0.4367437228789166,0.2282689876127954,0.0025434685655172,-0.0001195810425287,15.913023710228536,0.0012570313686137,-0.0094114753993439,-0.0116417574101407,0.0022302820107968,-0.0786849005144535,-0.0720075943958906,-0.0124087175820208,1.0041606172428257,0.0189927829748358,-0.4105208951316195,-0.8085686616788843,0.0314015005568567
Gm26936,40851.0,-0.3786366070287967,0.3625700793801285,0.0725879094249165,0.0,0.0,0.4329594072137676,0.0008457254181818,0.0002143834,17.375409030858552,0.0006347938430762,0.0669801780959898,0.0840710292780295,-0.0170908511820397,0.1451709769185585,0.1147187961148594,-0.0976369814537838,-0.0472676213737353,-0.3853695148181411,-0.5107986662060944,-0.6979448531432418,-0.2877325333643571
Clk1,13877.0,-0.2623395944637909,0.0,0.0274690050164818,0.0,0.0,0.0,0.0014829887529411,0.0002703886764705,16.972243429690288,0.0011403602255002,-0.0137484030491479,0.0502369176779623,-0.0639853207271102,-0.0134924566553562,-0.0035425316503938,-0.1175800296762227,0.0484638440419202,-0.0845199522335665,-0.1345049672484113,-0.2831226975966282,0.0330600774426562
Chd8,59629.0,-0.1032859206936787,0.0,0.1039704137578281,0.0,0.0,0.0,0.0023540055848484,-0.0001537771363636,15.620900323542584,0.0015547613335271,0.0406252198965948,0.050138197880514,-0.0095129779839192,0.0851709951024546,0.1354336535075162,-0.0927944136702056,0.1035554124551936,0.0185224553042155,0.0277692079014597,-0.0942797097482222,0.1113168689744212
Calm3,8735.0,0.3677575394286019,0.1699250014403088,0.1638536486808752,0.0,0.0,0.0,0.00177358205,-0.0018855684,16.195998365028938,0.0012469898545366,0.087412860861858,0.0345338834000439,0.0528789774618141,0.0406053180259102,-0.001251026376662,-0.1386189593416034,0.3679634632735111,0.1593588849872681,0.1142343868657675,-0.2909719021293684,0.2979778443288715
Crtac1,163498.0,0.0,0.0,0.0,0.6648619276445864,0.0008338258142792,-0.0669432715421065,0.000173760190909,0.00015804005,18.52530437783708,0.0008019303361859,0.0019537732371607,0.0121844833552423,-0.0102307101180815,-0.0753832761449237,-0.0337907541159425,-0.0841164414444177,0.5531863824615201,0.2190640902395362,-0.2842579509897507,-0.4770468191612314,0.3031805316839541
Eml2,30061.0,0.0827111081107778,0.1979393776113651,0.0359046363901898,0.0,0.0,0.7104933825499933,0.0017513111499999,-0.0009189612333333,15.32321189335938,0.0008520239402801,0.044245334919437,0.0550740096027096,-0.0108286746832726,0.0192018899326262,-0.0036663223998814,-0.1412250331915999,0.6011640258485416,0.2426923246559908,0.0584388884156632,-0.3556543886473198,0.3839173578475908
Rbms3,1057167.0,0.0,0.0,0.0,0.3656132038281125,0.4583785214794878,0.5919591365418585,0.0001872788887915,-8.416717577039274e-05,17.474042702535233,0.000585299620139,-0.0088293427061398,-0.0173281548940522,0.0084988121879123,-0.0215007034430843,-0.0124917708953409,0.0856104524304712,0.8308343685295455,0.1630952908079605,-0.4522834194646034,-0.4280774958160498,0.0774848383774892
Luc7l3,34098.0,0.2053395242950189,-0.6520766965721987,0.2959055362596133,0.0,0.0,0.0,0.000915553075,5.453869583333331e-05,16.848854868392188,0.0015193264965706,0.0239172618889224,0.0306307239004974,-0.006713462011575,-0.0536361055309366,-0.0346863403144066,-0.1218608657281382,0.2613238110920646,0.0823577671374712,-0.0143001411073129,-0.5105993789196206,0.2042186328656094
Igsf11,134488.0,0.0,0.0,0.0,0.393024026895318,0.2227120088486892,0.5300646225687292,0.0018387707666666,-0.0008488085564102,15.17151717592298,0.0018894177329751,0.0603538949988998,0.0860007577084059,-0.025646862709506,0.1784877551069319,0.1703727378212458,0.1116205225760305,0.7463757783114807,0.1599693700961323,-0.446488560590109,-0.1896918729018804,0.0483488475201017
Rtca,19245.0,-0.0950493209140197,0.8744691179052118,0.1249091068083595,0.0,0.0,0.4947646916543855,0.0007504386712121,-0.0002488183833333,17.456711427377808,0.0008505633127556,0.0257437666059488,0.0238194798253516,0.0019242867805972,0.0103885465665733,0.0380061486856613,-0.1286144584649647,-0.2454929180748903,-0.2600353946076421,-0.265100172518979,-0.2768361713740181,-0.1314209361426773
Sept4,21636.0,0.0609628320405768,-0.3625700793801285,0.0167429028180939,0.0,0.0,0.0931094043614255,0.0019712887875,0.000294121175,16.740175505677232,0.0017538124208805,0.0169174361420301,0.0369909264844578,-0.0200734903424276,0.0532343535231236,0.083351343469011,0.1128658281142771,0.3396903802261972,0.1550449660202024,-0.123393692076263,-0.0563632893235479,0.0421791379059253
Cux1,319355.0,0.0,0.0,0.0,0.7782845479426637,0.3802298042454619,0.0,0.0005010734014018,-0.0001817689112149,16.9119033583016,0.0010558811262273,-0.0042309452987477,-0.0010766562342689,-0.0031542890644788,-0.0563518218516334,-0.0379337861697848,0.0732446331507976,0.871180819099502,0.3893464417621986,-0.3261625183171328,-0.3936945018763432,0.3161018086114009
Rprml,1009.0,0.2867234838399475,0.0740005814435873,0.3030338644577935,0.0,0.0,0.0,0.0004332197588235,-0.0006985037941176,17.44084697064529,0.000975056596322,0.0511654540080181,0.16181106480907,-0.1106456108010518,-0.0433198230924505,0.0193237834183653,-0.064820032358617,0.1031946148757056,-0.0484175262216556,-0.039605716379516,-0.1053792473629342,0.0164025061369613
Inpp4b,785358.0,0.0,0.0,0.0,0.0,0.0,0.0,0.0004101694052363,9.70480569651742e-06,17.42436944710029,0.0006620411992835,-0.0123378015443916,-0.0172147487178689,0.0048769471734772,-0.0457900274616843,-0.0324727170480605,0.0434339211034296,0.4057325060753217,-0.0856932407762933,-0.6537474442367014,-0.4405668498791946,-0.129127161879723
Prpf6,63792.0,0.2642122978200998,-0.3219280948801484,0.1019346244182244,0.0,0.0,0.0,0.002110297376,-0.000498026708,16.99672865170901,0.0022709268183577,0.0279324309375086,0.0508883122832109,-0.0229558813457022,-0.0076167801917119,0.0186798282269436,0.0160873843422517,0.399651967627498,0.2123742507037172,-0.0732891042553904,-0.2665500591222205,0.1962868663614654
Gdi1,6864.0,0.1260620431221415,0.0,0.1632296687079666,0.0,0.0,0.0,0.0,0.0,0.0,0.0,0.0211795703060766,0.0226542434649965,-0.0014746731589198,-0.0567319535429579,-0.0376961266438955,0.0,0.0,0.0,0.0,0.0,0.0
Cpne7,17808.0,0.2302053181152277,0.0,0.2131674865524181,0.0,0.0,-0.2976805485846483,0.0027462629464285,-0.0001345134249999,16.77039169426001,0.0039053025775653,-0.1125741734904541,-0.0816927484911211,-0.0308814249993329,-0.2978616272919642,-0.2877612920139075,-0.1533284618827934,0.6323127244004304,0.1560232482804054,-0.1443102961433779,-0.4463453424237513,0.3093517101631989
Itpr2,393924.0,-0.2473424987386865,0.8073549220498757,0.0,0.6429674175638229,0.2274275876338372,0.4101533053477214,0.0005717338935917,-4.903060382428942e-05,17.39386685639409,0.000998548365161,0.0030924622656485,0.0052625633425735,-0.002170101076925,0.0213299756848008,0.0313675571659899,0.1526280272358324,1.1073575327650282,0.298960151180375,-0.6241079538067961,-0.4887188471955483,0.1463321239445426
Acp1,18263.0,-0.1503710809985809,0.9068905956001028,0.235888203016396,0.0,0.0,0.4974996592232954,0.0,0.0,0.0,0.0,0.036587471281577,0.0342132002290356,0.0023742710525413,-0.0522205655713925,-0.0721016892340615,0.0075151249191538,0.0441045642301253,-0.1563061099904912,-0.5186846452142558,-0.3712024845131833,-0.163821234909645
Rps2,3813.0,0.3142676869161596,-0.2895066171935276,0.1290650522076095,0.0,0.0,0.0,0.000382557953125,-0.000264176578125,17.20412604118256,0.0016851298009497,0.057966646287933,0.0752519335614129,-0.0172852872734798,-0.0182728415573364,-0.0317853411313768,-0.1268814694401412,0.3323305203473856,0.1896552069817089,0.1487792232212008,-0.1519636092751137,0.3165366764218501
Trmt1l,29619.0,-0.0500663761444029,0.0,0.1863381281140732,0.0440227252446533,-0.2978609635532299,0.0,0.000374179784507,0.0001584306676056,18.86734689328737,0.0007495151937706,0.0080581894342593,0.018898707505528,-0.0108405180712686,0.0706079596022197,0.0022994499746005,-0.0746911113234503,0.353886268146751,-0.1233143376322275,-0.3947364831804467,-0.1971488331340485,-0.0486232263087772
Gm15398,125776.0,-0.3208485135345906,0.0,0.0,0.8981392908939426,-0.5008652483803995,0.0,2.4258180769230785e-05,0.0001187460857692,19.68999159773153,0.0004223299128624,-0.0217427755723613,-0.0258589141656545,0.0041161385932932,-0.1074814697528612,-0.0860405069107289,-0.3245203388142112,0.1561637108369618,-0.3280139733008567,-0.5008652483803995,-0.81694634917812,-0.0034936344866455
Mrpl41,0.0,0.0,0.0,0.0,0.0,0.0,0.0,0.000347261695,0.0003605546099999,17.41296157229135,0.0012561131261763,0.0,0.0,0.0,0.0,0.0,-0.0448817067299096,0.0234794466784578,0.0079047315865601,0.0328271242549047,-0.0804157358833723,0.0527864383164697
Zdhhc20,57573.0,-0.1655009335561912,0.1375035237486233,0.0,0.5864847303443794,0.5996033221015302,0.0,0.0016753631033333,-0.0005057361299999,15.496327262955385,0.0014442128969863,-0.0049972954632679,-0.006801375072933,0.001804079609665,0.0223152810787135,0.0221092969439742,-0.133180289572631,0.9884565344912416,0.1409365084222079,-0.3237105308265784,-0.7223321344605217,0.2741167979948389
Pitrm1,32366.0,-0.3436914698187423,1.321928094876542,0.0431071851550469,0.0,0.0,0.0,0.0003854642090909,-0.0002404410690909,20.164109399240434,0.0005650343627554,-0.0153341832086623,-0.011754127949324,-0.0035800552593382,-0.0538351511388571,-0.0579372607090049,-0.0092459659482327,0.178002373954779,-0.0977488929281212,-0.4559814393880455,-0.3736047394234572,-0.0885029269798885
Ndufa4,7205.0,-0.2937440694405961,0.4854268271661199,0.2637040280623345,0.0,0.0,0.0,0.0,0.0,0.0,0.0,-0.0515932574885805,-0.0033902671371834,-0.048202990351397,-0.0942870109384305,-0.0073850903303719,-0.0088597490985332,-0.1952171704988412,-0.218266293755119,-0.2462890474225711,-0.0226931286082407,-0.2094065446565858
Stk3,303425.0,0.0,0.5849625006971113,0.0,0.0,0.0,-0.4656635722540534,0.0001210277366666,0.0003657524333333,19.177047845871563,0.0007944092146814,-0.0081275783384512,-0.018593589953696,0.0104660116152447,-0.0511018802634563,-0.0521215450285315,-0.1955513258919131,0.4458858003491454,-0.1182828777863923,-0.3990413982164846,-0.6677479086012483,0.0772684481055208
4930419G24Rik,63830.0,-0.1949551320369433,0.5145731728235754,0.0,0.5537372843874392,-0.265674637298507,-0.2064508773934419,0.0006222886137254,-2.619095098039216e-05,17.58060097879129,0.0008273834122688,0.0953965522277359,0.1089202423206945,-0.0135236900929586,0.0837044221394809,0.1616233033498968,-0.0396008753174982,0.2112635831206404,-0.1681466190695427,-0.3506191903962711,-0.3394301385003555,-0.1285457437520444
Zbtb46,71664.0,0.2563104303559493,-0.2630344058328315,0.1281584409586252,0.0,0.0,0.3033921433917188,0.0017752933918918,-0.0005749312648648,16.0319365948076,0.0017587010676781,-0.0132258064905716,0.0111173157706746,-0.0243431222612463,-0.0923312218975147,-0.123346423457847,-0.1691197355123855,0.6956747853946512,0.2913739218309775,0.0289571488705917,-0.5438273571290394,0.460493657343363
Fgf14,699220.0,0.0,0.0,0.0,0.0,0.0,0.0,0.0011430251260869,-0.0004561791043478,16.863157578729837,0.0009830159120048,-0.0149613056195435,-0.018465659517509,0.0035043538979654,-0.1365078815775869,-0.1178940966820943,-0.0985603947024709,0.4250271954334899,-0.1346271665079937,-0.6247541778651411,-0.6693289444115684,-0.0360667718055227
Cebpz,18060.0,-0.100957866225718,-0.5849625007091332,0.0772789164575134,0.9235406091370558,-0.2283368962280414,0.0,0.00116142399,-0.0001946747417241,17.036595769915746,0.0015571664459806,0.036386201025759,0.0373414521466184,-0.0009552511208593,-0.0647389270658351,-0.0229581137279415,-0.1126287384055361,0.1144644195883772,-0.1691618546703792,-0.2283368962280414,-0.2020822033392515,-0.0565331162648431
Exosc10,23972.0,0.1402366882114671,0.237039197300068,0.137807926996039,0.0,0.0,0.0,0.0018054179230769,-0.0006649895115384,16.552081953869727,0.0012959786026857,-0.0057135489055954,-0.0171736883662949,0.0114601394606994,0.0045417608670761,0.0570795985635976,-0.0598553154877112,0.1916708543240972,0.1761599845156453,0.1754274637124711,-0.1049322819701447,0.2360153000033565
Shank3,60638.0,0.0855330241443073,0.0,0.0,0.0,0.0,0.0,0.000938475775,-0.000816058425,16.542972134587593,0.0004623673184367,0.0384931240875481,0.0710186228068604,-0.0325254987193123,-0.0378196797985949,-0.0184095493771476,0.0169478570678749,0.2801431278998063,0.1209369170889163,-0.3242789386543308,-0.2309526681698561,0.1039890600210414
Ptprk,522577.0,0.0,0.0,0.0,0.3396679561267077,-0.452747353915144,0.0,0.0004231666774022,-1.936848812849163e-05,17.155016714921423,0.0006920608400774,-0.011095439413104,-0.0141881201562015,0.0030926807430974,-0.0618264377186388,-0.0327230868070455,-0.1210274922144362,0.476557496032848,-0.3140143356825388,-0.6189938221390793,-0.8463901270807171,-0.1929868434681025
B3glct,84369.0,0.0,0.0,0.0,0.8148785207482262,0.4991527545605865,0.5040100669508958,0.0012605355214285,-0.00037165615,16.48517541183754,0.0010643736500484,-0.0115459046456946,0.0053557717812236,-0.0169016764269183,-0.0604025093302274,-0.0262430169163632,-0.1572948695003849,0.6336417848636338,0.2474162001591703,0.0045913377565552,-0.5405426378293934,0.4047110696595553
Unc5c,369708.0,0.0,0.0,0.0,0.0,0.0,0.0,0.0001535991126386,0.0002255706482008,18.67853253822312,0.0007737994520056,-0.0149485200415118,-0.0032635903889775,-0.0116849296525342,0.0232655545109738,0.0314239240888268,-0.1171751160178014,0.5264343117812985,-0.267428905003094,-0.7209694930473838,-0.6677479086012483,-0.1502537889852925
Nup98,90778.0,0.0,0.0,0.0,0.0,0.0,0.0,0.0019976995423076,0.0004854175846153,15.264451757641154,0.002228174964384,0.0022495562311816,0.0073454994439885,-0.0050959432128068,0.0894848944079127,0.0447940104756567,-0.1752928176701428,0.4572260178338797,0.0130446059610818,-0.1915993183620119,-0.4816022225409335,0.1883374236312246
Fau,1680.0,0.2526347722168562,0.3959286763293175,0.1046358934290664,0.0,0.0,0.0,0.0007954887166666,-5.086966666667785e-07,17.732813872911816,0.0017954105679028,0.0739527324652264,0.0883468764912425,-0.014394144026016,-0.0490570202568139,-0.0114082805125621,-0.0074895771792576,0.2324552005692735,0.2032277871568513,0.1698704144211267,-0.0454221290919041,0.2107173643361089
C230038L03Rik,45060.0,0.0,0.0,0.0,0.0,0.0,0.0,0.0002964287001923,-9.726041673076922e-05,19.446920872946173,0.0004854248493417,-0.0077587410621859,-0.0063587713587021,-0.0013999697034837,-0.0866637837406691,-0.0430509091631679,-0.2589354677670822,0.4796792201750534,-0.0298173803637188,-0.1861404258772277,-0.4532317279827603,0.2291180874033633
Ccdc171,339125.0,0.0,0.0,0.0,0.7146710382513661,-0.2658079583981591,0.5513032846364224,0.0002890277695986,-0.0001114696532441,18.854583746789302,0.0005962613924451,0.0005400637703995,-0.0066542005651208,0.0071942643355203,-0.0332363034920994,-0.0642203545440802,-0.0519073119571146,0.4277415801747413,-0.2342723548498454,-0.7187983940050269,-0.5057947380612642,-0.1823650428927307
Axin1,57123.0,0.1264104179102267,0.4150374992764392,0.0,0.0,0.0,0.0,0.000686876335849,-0.0007772205867924,16.01365060554304,0.0010099434308265,0.0094378694312921,0.0276534531693955,-0.0182155837381033,-0.0239385569220411,-0.0255499963197525,-0.0618438016062178,0.4583606581019203,0.1994256498840022,0.0712445623860853,-0.5517856423623418,0.2612694514902201
Kdm5b,75114.0,0.1299045653385433,0.0,0.0,0.3474732664256642,0.535041795393536,0.0,0.0007131821081081,-0.0004259978477477,17.252557503085914,0.0009471426291888,0.0275406270497295,0.0603608283856501,-0.0328202013359206,0.0442209402224904,0.0108385333426666,0.0510908371539646,0.6073663672388321,0.1066698448381196,-0.3637802936931409,-0.3077212787644307,0.0555790076841549
Manf,53667.0,-0.0750439340742632,-0.3219280948849579,0.0,0.0,0.0,0.0,0.0007907566402061,-0.0002716818948453,17.712270935707874,0.0011304788215288,0.0175110768625323,0.0614799929095659,-0.0439689160470335,0.0873241979521033,0.0170778510242048,-0.0026059962842923,0.7254221287359554,0.0946583257458516,-0.1605246919758087,-0.2235128546227947,0.0972643220301439
Atp8a2,558639.0,-0.3064338532006969,-0.1699250014403088,0.0,0.6882477675346068,0.1178865721307709,0.6520103869963507,0.0003979225098901,0.0001563128725274,16.003357855927433,0.0008453856683388,-0.010821360674418,-0.0216328017718064,0.0108114410973884,-0.1574933678847816,-0.1214564109622649,-0.098985882794231,0.7554168689616276,0.0801972013589954,-0.4821265509775934,-0.9983932203927312,0.1791830841532265
Cend1,3045.0,0.2901244728015406,-0.3625700793824178,0.0275491214114111,0.0,0.0,0.0,-0.0004337492333333,-0.0001015424833333,17.732490660683215,0.0006147139686985,0.0046546745668437,0.0007714284443253,0.0038832461225183,-0.0540591017142874,0.025424271547759,-0.1300841325112133,0.1070505440450035,0.0743916134215493,0.1089705898570261,-0.1929303579634955,0.2044757459327626
A330102I10Rik,25937.0,-0.5070836753854935,0.0,0.0,0.0,0.0,0.0,0.0001525565592079,0.0002181584347524,18.648176267682302,0.0005925340889622,0.0173335532972163,0.0132532569285731,0.0040802963686432,0.1935188593214348,0.1508977942889551,-0.0426863017166053,-0.1219308611192098,-0.3327340162135651,-0.625895901830523,-0.1753176893116292,-0.2900477144969597
Gbf1,134001.0,0.1908759844128074,0.0,0.0723819517559887,0.0,0.0,1.1096244907670618,0.0002900509847457,0.0001774598711864,15.757555322704892,0.0019200006782216,0.0024136131377351,0.009571176966308,-0.0071575638285728,-0.0658335402099907,-0.0406371404788983,-0.0844302486764036,0.4544197632125092,0.2009031178972778,-0.0909684782725346,-0.7649030903641421,0.2853333665736815
Ncald,426395.0,0.0,0.0,0.0,0.7628202000487925,0.1805150820865514,0.6640881168506546,0.0007847365651079,0.0001181331482014,16.239298941659293,0.0011054830514181,-0.0100400338676627,-0.0023472282444836,-0.0076928056231791,0.0039730447986343,-0.0170173855508829,0.0168488873037165,0.7337087398849724,0.0404847008302772,-0.5587718536664147,-0.4785595313573861,0.0236358135265606
Nell1,891744.0,0.0,0.0,0.0,0.1816248896362627,-0.2929362084494391,0.5121143652602873,0.0004235595274531,1.649666978464419e-05,17.214155723544035,0.0007323650903759,0.0184639208160792,0.0224752088717034,-0.0040112880556241,0.1380191033013135,0.1250955467914483,-0.0112941193072635,0.5268764493881612,0.0192966973748057,-0.5381054359398147,-1.1724226203065844,0.0305908166820692
Fchsd2,191542.0,0.0,0.0,0.0,0.4703390302288036,0.4808955259349754,0.0,0.0009177024747747,-0.0002414078414414,16.460191546800974,0.0010510650027726,-0.0131870701235821,-0.0098516227054554,-0.0033354474181267,-0.1235241891431152,-0.0950704934553247,0.0472102875706884,0.7440378068748833,0.3453358884899835,-0.0613681915139965,-0.2603863453045945,0.2981256009192951
Chn1,164686.0,-0.0026823960671533,0.8744691179052118,0.0,0.0,0.0,0.5047301644678424,0.0024627253695121,-0.0010502865487804,14.900809693117273,0.0012819499575426,0.0379238700223558,0.0552423822706089,-0.0173185122482531,0.154173010927591,0.1194483321632371,-0.0074629760941178,0.2008862646046363,-0.075946215378363,-0.3534351712723014,-0.2452134387705495,-0.0684832392842451
Scaper,388240.0,0.0,0.0,0.0,0.0,0.0,0.0,0.0015879494,0.0008730859999999,16.08447623745389,0.0,-0.013237374425477,-0.0244398277965429,0.0112024533710659,-0.0390516603193165,-0.0554393232325159,-0.0825421188804826,0.5263622112918585,-0.1053876437110581,-0.3649939173719929,-0.4552508955448282,-0.0228455248305755
Nap1l5,1843.0,0.0,0.0,0.0,0.0,0.0,0.1970368470146333,0.0,0.0,0.0,0.0,0.0119371206684388,-0.0072717960094534,0.0192089166778923,0.010100079160849,-0.00828880326502,-0.2544912794312459,-0.0056668989799981,-0.2376113635781465,-0.2622112444236526,-0.5295844649263828,0.0168799158530993
E130307A14Rik,110595.0,0.0,0.4150374992668215,0.0,0.5579170120860422,-0.4111712347594723,0.0,0.0010816705702702,7.408296486486484e-05,17.280101641842116,0.0012112487701204,-6.192006404651118e-05,0.0207677936781862,-0.0208297137422327,-0.1011117629435029,-0.143423683219496,-0.0800049986672347,0.080235764595937,-0.2767458807624416,-0.5417939561624712,-0.4945674826738679,-0.1967408820952068
Fbrs,12512.0,0.1340034491526549,-0.1255308820827658,0.0615841843106278,0.0,0.0,0.0,0.0009275783266666,-0.0008280688733333,17.135775498769426,0.0015101273952729,0.0153812322121157,0.063692158019801,-0.0483109258076853,-0.0564432287391931,0.0124554991936969,0.106188937423405,0.4765574961217524,0.4415124986573314,0.2937104021488873,0.0295307808739448,0.3353235612339264
Ndufa13,8378.0,0.1190875202894901,-1.1375035237341966,0.1326744419404487,0.0,0.0,0.0,0.0006076168565217,-0.0003813479260869,17.49327921931487,0.0008796613422184,0.0242592455912453,0.137696539722718,-0.1134372941314726,-0.0113417864590248,0.0139267849651085,0.0103368904177703,0.2237914257627686,0.0536977800654119,-0.0393644248617328,-0.1001041595995353,0.0433608896476415
Spag6,56381.0,-0.0411748458746297,0.5849625007131416,0.0,0.0,0.0,0.0,0.00081259459375,-0.0004676539375,18.575027995269156,0.0006572645241718,0.0323738667592118,0.0452105962643438,-0.0128367295051319,-0.0510747816789708,-0.04196953098704,0.01370069251765,0.2233440611013719,0.1539215296477056,0.1361088961481322,-0.0516098979540928,0.1402208371300556
Tubb5,4385.0,0.3102324620452581,-0.0356239097306332,0.1040271924999244,0.0,0.0,0.0,0.001684182425,-0.0004096298375,16.478828634739404,0.0013810806043416,0.0606465526697266,0.0812078391724893,-0.0205612865027626,0.0303700158080518,-0.0058915209074982,-0.1451915498821249,0.2016263145204004,0.1154315688839757,0.1820687769746634,-0.1640215774318574,0.2606231187661006
Traf7,19376.0,0.2990148813157791,-0.6214883767423856,0.0817045422216736,0.0,0.0,0.0,0.0005795351875,0.0002080851375,16.47705753852225,0.0018811614684417,-0.0132319846952244,0.0145198843931095,-0.0277518690883339,-0.0141496315843137,-0.0045569501772754,-0.1925594345209734,0.4903186557239691,0.2218416041232961,-0.0293566246706609,-0.3571071132291039,0.4144010386442696
