gene_name,gene_length.meta,18mo.9mo.activity.log_ratio.min.5kb-20kb.enhancer_DMR,18mo.2mo.activity.log_ratio.max.20kb-5Mb.enhancer_peak,18mo.9mo.activity.log_ratio.count.0-5kb.enhancer_peak,9mo.2mo.activity.log_ratio.mean.20kb-5Mb.enhancer_peak,18mo.9mo.activity.log_ratio.min.20kb-5Mb.enhancer_peak,18mo.9mo.activity.log_ratio.mean.20kb-5Mb.enhancer_peak,18mo.9mo.contact.log_ratio.count.0-5kb.enhancer_peak,18mo.2mo.log_ratio.DMR,9mo.2mo.log_ratio.DMR,18mo.9mo.Q.median.loops,18mo.9mo.Q.mean.loops,18mo.2mo.T.mean.loops,18mo.9mo.Q.std.loops,18mo.2mo.T.median.loops,loop_size.log.mean.loops,18mo.2mo.log_ratio.mcg_genebody,9mo.2mo.log_ratio.mcg_genebody,18mo.9mo.log_ratio.mcg_genebody,9mo.2mo.log_ratio.mch_genebody,18mo.9mo.log_ratio.mch_genebody,18mo.2mo.log_ratio.mch_genebody,18mo.9mo.log_ratio.mean.atac,9mo.2mo.log_ratio.max.atac,18mo.2mo.log_ratio.max.atac,18mo.2mo.log_ratio.min.atac,18mo.2mo.log_ratio.mean.atac,9mo.2mo.log_ratio.min.atac,9mo.2mo.log_ratio.mean.atac,DEG,pred
Nfix,0.023736891997104978,0.004033161417901283,-0.028760173078626394,0.0,-0.027864010808989405,-0.13926880347542464,0.003568015396595001,0.0006401865882799029,0.011048530212137848,-0.006810749545693397,-0.15117986240191386,-0.03269461582414806,0.010298887509852648,0.021506097370292993,0.0026284683402627708,0.007715551722794771,0.007313973214477301,0.0007755014253780245,0.07598227085894906,-0.05492624583654106,-0.014193214178085327,0.031198733877390625,0.005475126951932907,-0.030158844413235783,-0.012291624387726187,0.0,0.002064789244905114,-0.06383046156959608,0.011398236220702528,1.0,0.0
Ermard,0.020880418987071606,0.037455523740500214,0.17551313545554875,0.0,0.02685191310942173,0.07424988527782261,-4.021793603897095e-05,-0.004923122283071279,0.007443741359747946,0.0038628526404500007,0.02833496251842007,0.038856700863689184,0.020179895292967556,0.027553494507446884,-0.004317925772629678,-0.020877825105562808,0.015875473613850773,-0.028496898782905192,-0.2033740825066343,-0.011078762020915747,0.010589255774393678,0.06624862862750888,-0.0030628091748803855,-0.05907618343830109,-0.0063143816869705915,0.0,-0.06987204993143678,-0.009307916243560612,0.010763046126812696,1.0,2.0
Vps9d1,0.06234126555500552,-0.08590132394107058,-0.04541538686025888,0.0,-0.023014727160334588,-0.046277192304842174,0.005249447152018547,-0.0037089510215446353,-0.007309525241144001,-0.023138311090879143,-0.008403754867613316,-0.007575220556464046,0.02040347074624151,-0.05056402210844681,0.004509743052440171,-0.06193810012890026,0.006474549272097647,0.002973297929856926,-0.08959112365264446,0.05630606814753264,-0.008091628262773156,-0.019319282760843635,0.0010628811595961452,-0.02983184336218983,-0.0064579110243357715,0.0,-0.031751506474101916,0.055124140083789824,0.02295338419266045,1.0,2.0
Zfp202,0.023537235646508635,0.07136491232551634,-0.021022615539841354,0.0,0.006191645944491029,0.08146309619070963,0.0006568917632102967,0.03011209674179554,0.01353781869634986,0.002688206136226654,-0.3112675940990448,-0.022418412026017905,-0.013535782943945378,0.029574998742900788,0.00784955627284944,0.03944069282151759,0.04547743995673954,0.07420890709618107,-0.02176837871200405,0.047686743824742736,0.0014102201629430057,0.06790575126186013,0.006441938988864422,0.09128565983846784,0.03837627802975476,0.0,0.010155278281308711,-0.04132544678403065,-0.011393370758742093,1.0,1.0
Oaz1,0.29333138063142544,-0.07155598044279031,-0.04417633896111511,0.0,-0.005248937136493623,-0.06411140975309536,0.00015437155961990358,0.029824013896286486,0.01559484247583896,0.007526136375963688,0.014991414134856313,0.02070949735119939,0.012113915812806226,0.07288213113788515,0.0024171859258785844,0.013867495507001877,-0.08517045590095222,0.024442455333191903,0.13639237805269658,0.024568487047217785,-0.020443782578222453,-0.022628808736335486,0.01690743621904403,0.036582940313965084,0.061048255544155834,0.0,0.019536457620561123,0.013768393262289465,-0.011673486018553376,1.0,1.0
Tmem109,0.1054452290770132,0.04967234496492892,0.03152551167877391,0.0,0.019133356660604478,0.007580804319586605,8.246686309576034e-05,-0.005555283254943788,0.021513373916968705,0.012600997574627399,0.0737461485923268,0.008070314368233085,0.03705282604554668,0.008559927683672868,0.005148605299182236,0.04135976614430547,0.003979693427681923,0.004706805632449687,0.14716458755312486,0.13551567532354966,0.005932084554806352,0.027657524754758925,0.016894733875524252,0.0008971069566905499,0.012619591522961856,0.0,-0.015242542969062925,0.052427051141858104,0.05272701740264893,1.0,1.0
Umps,0.06784552377299406,-0.03892841659951955,0.011333010082598776,0.0,0.01057014849036932,0.015822397095616905,0.00015437155961990358,0.05790106005966664,0.012203955119475722,0.012600997574627399,0.02787987140007317,-0.02346496750600636,-0.01168853284791112,0.04944027266465127,0.01912266077211825,0.041167865693569186,-0.1502208260819316,0.019715204443782566,0.12358683772850781,0.01530010764952749,0.003983460399322212,0.0247648366400972,0.006702236044220627,0.04494680960662663,0.011171008832752705,0.0,-0.04176821300992742,0.057817196454852816,0.003887463491410017,1.0,1.0
Rasl10b,0.10278029323555529,0.08969415100524201,-0.006405074398498982,0.0,0.0039032011944800616,0.0567354280105792,0.002339135929942131,0.028393976539373398,0.010056637553498149,-0.017558712158352138,-0.1405757049145177,-0.03269461582414806,-0.014019403103739024,-0.07320210061967374,-0.007869946458376943,-0.00883961289189756,0.015443203151226043,0.014389835628680885,0.012944927307544277,-0.055247095371596514,-0.00046692156698554757,0.08939728761091828,0.007483100406825542,-0.04879795294255018,0.00019996617920696734,0.0,-0.0027783713745884596,0.009154754555784166,0.0048759976914152505,1.0,2.0
Clcn1,0.06776196843653452,0.057293904491234574,-0.00026008895365521313,0.0,0.001135948747396469,-0.07105905283940955,0.0009855406731367111,-0.0030764621403068303,0.01641815882641822,-0.005579084288328886,0.032983615552075206,0.04199131860397756,0.01524201759370044,0.05830372167052701,0.00039816732052713635,0.07191564828623086,0.02210969301406294,0.05315743039827794,0.0315426035434939,0.033863349307794124,-0.009724476560950279,-0.0010973683558404446,0.006874298173934221,-0.005771997235715389,0.042106199683621524,0.0,-0.02609324859920889,0.0022344258171506227,0.06796889998018742,1.0,1.0
Ttc1,-0.02989264765754342,-0.28252512084785847,0.027226806052494792,0.0,0.05535218862816691,-0.09376755194505676,0.004183470532298088,-0.0017068810015916825,0.0034441267675720155,-0.005801843963563442,0.011068418219219894,0.03354586195200682,0.02428407462313771,0.06481718584429473,0.006672983779571951,-0.02132573563605547,0.05476083065383136,-0.014185620164498687,-0.11857174346223473,0.012461750598158688,0.0008074594754725695,0.0435899676498957,-0.023049011167604477,0.03885327970609069,0.05372601882554591,0.0,0.019335749505553394,0.00566225585527718,-0.009421560233458876,1.0,2.0
Ndufb3,0.10432104274863377,0.034274371427018197,-0.0817364818137139,0.0,0.020933165848255157,0.04930731133092195,0.00012390345335006715,0.036672677882015704,0.018328554178588093,0.007526136375963688,0.029048378125298768,0.07269350193440914,0.01995655398350209,0.062019227342680096,0.003334675203077495,0.03218622267246246,0.010227471590042114,0.034023912255652246,0.18796827894635498,0.03989909396506846,-0.005107650612480938,-0.032211125250905755,0.004859912674874067,0.05341862287372351,0.03239702903665602,0.0,0.05686263041105121,0.011318031190894544,-0.013775936402380467,1.0,1.0
Nipa1,0.04566654298629146,0.052840499042067675,-0.19282205275492742,0.0,-0.05705008048564195,-0.07628903205506504,-0.0003274304140359163,0.011637820843607188,0.015262850946746766,0.0038798771053552626,0.01241032184800133,0.07269350193440914,0.016011409419588743,0.05901771120261401,0.0001075143227353692,0.04085497527383268,0.01213837830349803,0.03141871251398697,0.12367047274019569,0.03988676697947085,0.04953122823499143,0.04827072988729924,0.003808357985690236,-0.026850216826424002,0.040635098265483977,0.0,0.042125340588390826,0.050822951439768074,0.0088890628144145,1.0,2.0
Cnrip1,0.056522922268195545,0.060269035156816246,0.07093956148251891,0.0,-0.008835009494796396,-0.033362600922118874,0.010993695482611657,0.05342883240431547,0.009327927497215569,0.001154152937233448,-0.036940775620751085,-0.06548328714445234,-0.01442668174393475,0.028078325982205568,-0.013193411226384342,-0.04734026648104191,0.03710101897828281,-0.045164186167530714,0.04526611402630806,0.031773646911606196,0.011051420820876956,-0.25621199366636577,0.0004691017558798194,0.09198637635447085,0.03340590636245906,0.0,4.592572338879109e-05,0.0002310638572089374,-0.010417457772418856,1.0,1.0
Tomm6,0.3572382718732115,0.08196186464512721,0.008658172974828631,0.0,-0.030458290628157556,0.08393694583559409,0.010993695482611657,-0.01843379650497809,0.013927246686071157,0.007032005786895752,0.01088440119056031,0.010845770337618887,0.022411863980814815,-0.0024214395275339484,0.008606594217199018,0.006977984132245183,0.03136082140728831,-0.3306127383047715,0.09386861525010318,0.0003328722296282649,0.009270588215440512,-0.002862115632742643,0.0042579542379826306,-0.0020444934396073224,0.006754749859683215,0.0,0.024290096482727678,0.04833545462228358,-0.018028357587754725,1.0,1.0
Hmgb1,0.02522273456386756,0.06880830191075801,0.10373774866573512,0.0,0.03608541622757912,0.08130136878229678,0.004223688542842865,0.013523425757884979,0.03175695177167654,0.004870101660490036,0.07293526604538783,0.001110304705798626,0.04223965606186539,0.0985264690965414,-0.00047187681309878826,-0.026781802102923392,0.052862374056130645,0.07117377312621102,0.05000055307988077,0.07894595434889197,0.009610916702076793,0.09240753903519362,-0.0017094186134636402,-0.005771997235715389,0.027498310431838036,0.0,0.010636263289488851,0.009460290223360061,-0.020910684932023287,1.0,1.0
Rhoq,-0.01705933436838677,0.05292582974769175,0.10783308341167867,0.0,-0.04977327536791563,0.07104350324720145,0.0013958441466093063,-0.004553855862468481,0.013817363427951932,0.006985340155661106,0.04722770541673526,0.002009121957235038,0.020418498627841473,0.02000697932206094,-0.0066198813263326885,0.06459046566858888,0.03566610920242965,0.055761040102224796,-0.10866578312357887,0.09219887755811214,0.012177904713898896,0.033408110551536085,0.007024003397673368,-0.0064384259469807146,0.012106318157166243,0.0,-0.011765584154054522,0.027825844548642634,0.05490616843104362,1.0,1.0
Ring1,0.3061111161485314,-0.1928418361907825,0.003107720594853163,0.0,-0.035323364892974496,-0.03209635163657367,0.004183470532298088,-0.025537397135049104,0.01471359547227621,0.006289473548531532,0.0428835046174936,0.009849224025383591,0.03500003132969141,0.015104975220747292,0.00023050331510603427,0.03536808946169913,-0.02710939503274858,0.02528654519934207,-0.022146576908417048,0.048382460582070054,0.012504646019078792,0.022140582175925374,-0.022049279976636173,0.006767393713817,-0.028603534838184716,0.0,0.020767172004561872,0.1277881716703996,0.010623118551447987,1.0,2.0
Rpl35a,0.2696347793779569,0.0630101031740196,0.016544856200926005,0.0,0.0039032011944800616,-0.0418422819650732,-0.01140887340530753,0.011637820843607188,0.029580055065453054,0.006289473548531532,-0.005681653548963368,0.0008019673451781273,0.014240818796679378,0.05983354495372623,-0.0011219721240922809,-0.0589847204182297,0.005298493392765522,-0.003028593638446182,0.016459407964721322,0.07171190526336431,-0.03745975760743022,0.04879378836136311,-0.0020308516919612884,-0.042345311092212796,-0.0193169566988945,0.0,-0.001029914952814579,0.03570751825347543,0.012253351584076881,1.0,1.0
Stard13,-0.3914970771223307,0.01810378450609278,0.005470775359426625,0.0,0.010955708110705018,0.04201370265800506,-0.0003274304140359163,-0.004923122283071279,-0.1200648538256064,-0.0004992255195975303,0.03139487898908556,-0.0336090081743896,-0.007875847290852106,0.006483115844894201,-0.007256783400662243,-0.02917173751629889,-0.0004920385172590613,0.01779215830960311,0.08056131559074857,-0.0283293854171643,0.004372982201166451,-0.06445699747651816,0.00048462298698723314,-0.004370557884685695,-0.016404799344018103,0.0,0.01719024126417935,0.007583916080184281,0.011398236220702528,1.0,0.0
Ptchd1,0.061070869375835175,0.0539457886852324,0.04755314903333783,0.0,0.018712051780894398,-0.10536170882638544,-4.021793603897095e-05,-0.022636794787831604,0.014940139066893607,0.002887192005291581,-0.007507130057783798,0.0776417664811015,0.020743892984464763,0.027484829551540316,-0.0024988930439576507,0.014453917760401964,0.0333402392687276,-0.07722212759894319,0.09177036926266738,0.015006131248082966,-0.03801699479110539,0.0441351661272347,0.007313568536192179,-0.010453806649893522,0.08560380958020687,0.0,0.029258348480798304,0.016629402167163788,-0.019149452252313494,1.0,1.0
Smad7,0.0676770287862746,0.08267542261164636,0.015374041073955595,0.0,0.016044726632535457,0.11102544744499028,0.0009855406731367111,-0.006929829716682434,0.033351235846057536,0.007762176431715489,0.0952280817902647,0.0010527335666120053,0.03417497363872826,0.036418711664155126,0.004693580265156924,0.008663323847576976,-0.0042501659225672485,0.07014781818259508,0.08081800862215459,0.09186464366968722,0.010116706388071179,0.052581019066274166,0.006803802754729986,-0.008004913534969092,0.010048688342794775,0.0,0.01627342979423702,-0.005701476167887449,-0.004203861942514777,1.0,1.0
Akt1s1,0.09216645370237529,-0.06349296937289182,-0.10391619390167761,0.0,-0.02708926061168313,-0.008460153576452285,-9.749867022037506e-06,0.003125744764693081,-0.09487037695944309,-0.019617453911341728,-0.0065822808956727385,-0.019509157763095572,-0.026763275552657433,-0.04644901314983144,-0.005305061677281628,0.03634008686058223,-0.08819043440278619,-0.21766885254648513,-0.0545805826713331,0.0015595546131953596,0.0028111107763834297,0.001782303071813658,0.015698203961364926,-0.007762893452309072,-0.03034821264911443,0.0,-0.028083446451928465,0.024673817786388098,0.009542938983067871,1.0,2.0
Usp35,-0.00013559195096604526,-0.16370883403578773,0.00593336661811918,0.0,-0.04915311234071851,-0.05022130768047646,-0.004555993378162384,0.008948089554905891,0.010844391910359264,0.0012278927396982909,0.017910352321341635,-0.004397974265739322,0.015880257547833024,-0.057119001117534936,-0.005229950564498722,0.05994828507304192,0.035619107270613314,-0.12095448833191767,0.02762424451764673,0.06013391376007348,0.036904273722320795,0.0008475567866116763,0.014884040476754307,0.02240000366233289,-0.04291890978813171,0.0,0.0049587170616723596,-0.05276336653158069,0.051543844901025294,1.0,2.0
Abcc1,0.0023059412761358544,-0.009563596373118344,0.061066088094376025,0.0,0.02344178106635809,0.03018956400686875,-4.021793603897095e-05,-0.009744276199489832,0.011811312516219913,0.0022762664407491684,0.02238169139251113,0.048095417087897656,-0.025938309789635242,-0.07789385446347297,0.01229379031326971,0.07364839621121064,-0.001680708359926939,-0.09320602847961709,0.05984551010187715,-0.01465452356962487,0.0026548644341528416,-0.0671731901075691,0.0098241622839123,-0.05684326713904739,-0.004942637458443641,0.0,-0.0020605449983850123,-0.008070373029913753,0.020808051005005837,1.0,2.0
Gt(ROSA)26Sor,0.08347903746645897,-0.04015902376268059,0.1297003313130699,0.0,0.02685191310942173,0.04945087693631649,0.0006979221105575562,-0.013610982620157301,0.007766849424224347,0.0038628526404500007,0.0014577389205805958,-0.022313652643933892,-0.013553930436028167,-0.03285159018123522,-0.001447146451100707,0.03350681520067155,-0.12414151324890554,-0.16886003135587088,-0.05326740402611904,0.019254766022786498,0.0002366794180124998,0.011907911541638895,-0.02217728074407205,0.01564912064932287,0.014820848412346094,0.0,0.008400552303064614,-0.023688241858035326,-0.007349355164915323,1.0,2.0
Galc,0.04423759020573925,0.048773015975020824,0.12756966133601963,0.0,0.03608541622757912,0.07813695783959701,-4.021793603897095e-05,0.00298538223374635,0.02061206232756376,0.0038495722599327566,0.00685870542889461,-0.021685716034844517,0.016707363864406945,0.05058026127051562,-0.005042062038555741,-0.03887343131005764,0.03543864954262972,0.017488921547774226,0.0787208801181987,0.050746083608828485,0.011829852387309074,0.07681719129672274,-0.11417959537357092,-0.011913950773887336,-0.023150737066753208,0.0,0.010636263289488851,0.002100138834211975,-0.06106402261182666,1.0,1.0
Slc35b1,0.2171119849779643,-0.051980958154890684,-0.09485993552953005,0.0,-0.029231765028089284,-0.013620007385034114,0.0005646750330924987,0.019158518332988025,0.008024760445114226,0.0025185680016875265,0.021823847086634488,-0.014625549595803023,-0.009993943284498527,0.028541610511019826,0.005435920110903681,0.027270501269958912,-0.08147477864753455,-0.2547531530400738,-0.09979636087082326,0.012448108966927975,0.0021231812983751298,0.06086276298388839,0.005883051414275542,0.021380401733331382,-0.028723814929835497,0.0,0.06432472287677228,0.03298854385036975,0.009542938983067871,1.0,1.0
Oprl1,0.09641266021877527,0.04545138377929106,-0.15044696286553516,0.0,-0.05430180724710226,-0.02422503902344033,0.004387809932231903,-0.008817148893140257,0.015682120297569782,0.002172052962705493,0.02005042221280746,0.03962743414565921,0.012257272773422302,0.06865525558590889,-0.0009502409910783172,-0.03239597667008638,0.015193283567205071,-0.005248037573182956,0.03284211847116239,0.03270349976373836,0.0051364298583939675,0.0324241746077314,0.005311620805878192,-0.009177419072948396,-0.02856061699800193,0.0,-0.03558074702508748,0.050078005692921576,0.01544065322726965,1.0,1.0
Fads6,0.02156206079875119,-0.13561575461179018,0.16509069324936718,0.0,0.04365146395750344,0.04403925284743309,0.00015437155961990358,0.028393976539373398,0.015399385592900217,0.0033793018478900194,-0.1698404277022928,-0.053395091351121665,-0.018442340954206885,0.09906783597543836,0.006295866598375142,-0.04539154196158052,0.02115195064805448,0.025284696030430497,0.05231517779408023,0.0117434904538095,0.0005904115829616785,0.029520584144629537,0.018109301701188088,-0.04809723642654717,-0.027058140886947513,0.0,-0.028110789128113538,-0.003396592289209366,0.013218935541808606,1.0,1.0
Wdsub1,0.10150450217537582,0.0680343140894547,-0.03793225956149399,0.0,0.02374452894553542,0.06698065212927759,0.0009855406731367111,-0.025537397135049104,0.012044538166373969,0.0015744077786803245,0.06491524973651394,-0.012669325917959212,0.03141422664280981,0.01332116117933765,0.027607423607259988,0.05629726184532046,-0.01959412331227213,0.017836806545965374,-0.09924031618982554,-0.011659618108533323,0.041165681621059776,-0.11478915995918214,0.02887481658253819,0.03153423979878425,0.017572992034256458,0.0,-0.06973429061705247,-0.026583849508315324,-0.0068708211742341515,1.0,1.0
Gm21781,0.12045512073673308,-0.0988970692199655,0.02696606840007007,0.0,0.004411716992035508,0.04301055278396234,0.0013852819055318833,0.03990659609436989,0.021228297618217765,0.002193184643983841,0.040632640577387066,0.0022050641849637033,-0.0047709245537407696,0.049147715852595864,0.0007875696709379554,0.05031940110959113,0.024882141253910958,0.022624372090213,-0.08003196977078915,0.0702670715842396,-0.06423308924771845,0.016514216661453248,-0.06314740418922156,0.01619473284110427,0.024280415987595914,0.0,0.07695305043365806,-0.010583139434456825,-0.010666987113654613,1.0,1.0
Dhx33,0.054894046299159525,0.08294171879300848,-0.000970296822488308,0.0,-0.054849024843424556,-0.14734143131412566,-0.09215659327805042,0.036672677882015704,0.0014513550559058785,-0.029988307296298443,0.040856720439624045,0.07740115450695156,0.017374126021750272,0.010942245060577989,0.02120119584724307,0.11397924114018679,-0.02346069097518921,-0.011363372337073088,0.03441861039027572,0.026170403347350657,0.004972965158522129,0.008899020794779063,0.006328790951520205,0.04181790449190885,0.03924793532118201,0.0,0.041555156144313515,-0.035617437530308965,-0.028167766155675053,1.0,2.0
Ttc8,0.04454064464836847,0.05956611338537186,0.06167001689318567,0.0,0.026018294654786587,0.07460600788937882,-4.021793603897095e-05,-0.014521550219506026,-0.02467984315007925,0.0022762664407491684,0.04791336521273479,-0.02244899615412578,-0.08377729393076151,-0.009285718277096748,-0.0007730675395578146,-0.0036545945703983307,0.04364190557040274,-0.18226288334699348,0.0517182491463609,0.07737982999999077,0.01657465722411871,0.07031714841723442,0.003925416953861714,-0.005771997235715389,0.05978680856525898,0.0,0.014063160456717015,-0.024044287456199527,0.007808883246034384,1.0,1.0
Drg1,0.01975003792613279,0.045337508632801476,-0.020987660801038147,0.0,0.012264419980347156,-0.07552424047375098,0.004223688542842865,-0.0002047183271497488,0.009871489298529924,0.002886214735917747,0.036057993492577226,0.08932675888761878,0.043131299833767116,0.05022159390617162,-0.009566844892688095,-0.015791710908524693,0.06603438288904727,-0.001795308960136026,0.09398241975344718,-0.0038865449116565285,-0.0011419663857668639,-0.10777386857196689,-0.004181621773168445,-0.05684326713904739,-0.03658084308728576,0.0,0.03498157855588943,-0.033634146261028945,0.023662218870595098,1.0,2.0
Slc7a5,0.05650474599271547,0.049224186581850515,-0.11560681618517264,0.0,-0.05116050446406007,-0.08952832256443799,-0.01140887340530753,-0.004553855862468481,0.015910644144751133,0.0026501746801659465,0.017233442603610455,0.03496942093130201,0.01701573011931032,0.064814927468542,0.005605854607601941,-0.008997130189090968,0.0064831175282597546,0.009350988930091262,0.1016397290606983,0.04898470588261262,-0.0340242057479918,0.033943209666758775,-0.004434266423340887,-0.008289844812825322,0.01428438987582922,0.0,-0.029633396361023186,-0.0472379920212552,0.07972687926143408,1.0,2.0
Ranbp1,0.10797738240566104,0.0936288381833583,0.036118926324415955,0.0,0.007934242151677609,-0.09392155388602987,0.002339135929942131,0.010495792608708143,0.007815831853076816,0.007032005786895752,-0.061281918024178594,0.07087253831326962,0.023718399023637177,-0.07872614104300737,0.027241990704278577,0.024389234418049455,0.018458207100629807,0.013862311895936728,0.006492303949780762,0.03740439246059395,0.027863192884251476,0.007040758132934571,-0.0027403988689184188,0.0497875946201384,-0.00831367366015911,0.0,0.02918009111657739,0.05066505685448647,0.010623118551447987,1.0,2.0
Rbck1,-0.005101718446239829,-0.09222378922626376,-0.007669556210748852,0.0,0.015818823799490928,0.0451260672416538,0.0009855406731367111,0.0006401865882799029,0.00684723089216277,-0.010434958338737487,0.05168640832183882,0.07594251494854688,0.02172786610201001,0.028001267628278582,0.02257684336975217,-0.026256683534011244,0.023943522991612554,0.02297346282750368,-0.06977580323815345,0.0010338947316631674,0.0003743895702064037,0.05948829235509038,0.01813540857285261,-0.0064384259469807146,-0.029101345343515276,0.0,0.043275223248638216,0.008084008763544261,0.009185130661353468,1.0,2.0
Chst10,0.031888560755614886,0.008239789258223027,-0.0010125715052708983,0.0,0.016159789506345987,-0.037810223391279575,0.04777638934552669,-0.004952393327839672,0.008803403647616505,-0.011400250243023038,0.033826169550884515,-0.03145280812866986,0.013602695330046117,0.008312566406093538,-0.015777576584368944,0.04665838494896889,-0.0149802935263142,-0.028083718800917267,0.01738777006044984,-0.189510305817239,0.0029943010257557036,-0.2415850122831762,0.004388553476892412,-0.008004913534969092,-0.020549297854304312,0.0,-0.07731347864493728,-0.046900250245817,0.02880483778193593,1.0,0.0
1600012H06Rik,0.08664073662832379,0.12238037812276162,0.038624859089031814,0.0,-0.032651835549622775,0.05948616756824777,0.00672978900372982,0.005932106599211693,0.013703544870950282,0.007032005786895752,0.012469501239247621,0.020987880593165757,0.023776434282772242,0.014911652076989412,0.02227104229852557,-0.0005251589231193065,-0.20905992282554509,-0.33071649362333116,0.11839562821085564,0.030093404445797205,-0.0029444068297743795,0.06751922398805618,0.004907070100307465,0.013540581143461168,0.0011263881856575608,0.0,0.013739425865933299,0.05351856477558613,0.0006144530232995749,1.0,2.0
Chsy1,0.011603607297001873,0.019117970042861997,0.08200100496411324,0.0,-0.11967210683971644,-0.04031092033721507,-0.017194152362644672,-0.01138546044472605,0.012973488494753837,0.006985340155661106,0.04270285454811528,-0.011609258754178882,-0.025781288084108383,-0.013183418335393072,-0.006967361262068153,0.019877674460876734,0.038823846080340445,0.06114874406717718,-0.04851413866970688,0.0713982528122142,-0.025122401197440924,0.03046062160283327,0.005166081711649895,-0.008289844812825322,0.020301763899624348,0.0,0.00888224043417722,0.026067402372136714,-0.01137634332291782,1.0,2.0
Zfp239,0.12416888286126777,0.08279334570746869,0.019326232755556703,0.0,0.013756281975656749,0.019123628905508668,0.0009855406731367111,-0.016570430863648653,0.013662387689109892,-0.02978574300650507,0.035708580461796376,0.08643966816365718,0.01852185274939984,0.08777826801175252,0.0021288644103333353,0.022806583419442177,0.022271515056490897,0.040041379840113224,0.1323685804195702,0.0011483954754658043,0.0016654890682548285,0.02812774817459285,0.0015626347158104181,-0.025919106006622315,0.022511902330443263,0.0,0.038680326254107056,0.031235246397554876,-0.0030217839498072863,1.0,1.0
Usf2,0.07968776617199183,0.02612500502727926,-0.050987372423987834,0.0,0.010558304199948907,0.02636268724920228,0.00012390345335006715,0.001373489140532911,0.02310143453069031,0.006289473548531532,-0.0036859450209885836,0.0206393276527524,-0.09540094438940287,0.036451789764687416,0.004056817936434527,-0.02969411328434944,0.015433916095644236,0.047885545890312645,-0.14296282072085886,0.05817899886518717,0.007054124814458191,0.015532428701408207,-0.00026587595231831074,-0.029612518707290293,-0.009755357662215828,0.0,-0.04740476594306529,0.07764834683388472,0.007904266249388456,1.0,2.0
Mtap,0.030879304995469283,0.03459190939203836,0.008049653521738946,0.0,-0.004155349116772413,0.056547435359098015,-0.0003274304140359163,0.030479554682970048,-0.29565676432102916,-0.01859814955852926,-0.01859977081650868,0.06965084111317993,0.01543681408977136,-0.005581865136045963,-0.001315331399673596,-0.027955447658896446,0.03505944612435997,0.0302173709042836,-0.0051329056033864616,0.03604362877085805,0.009610916702076793,0.02439888684079051,-0.11232157623395324,-0.000412248969078064,0.03390528364107013,0.0,0.04583990457700565,-0.07438582710921765,-0.03193792393431068,1.0,1.0
Ccdc15,0.047707188350032084,0.0707913425588049,0.09587267812341452,0.0,0.025453537553548813,0.0272553374664858,-4.021793603897095e-05,-0.0037089510215446353,0.01791460192995146,0.00678185292519629,0.024666449123760686,0.0776417664811015,0.022231748262420296,0.027484829551540316,-0.0020292445039376615,-0.030924271140247584,0.043847224395722154,-0.08891169686918148,0.041697487622732295,0.04286604291759431,-0.006219862350262701,0.059411671981215476,-0.0023217062279582024,-0.0032852016016840934,-0.0312664551124908,0.0,0.027827474749647082,0.026517900745384394,0.01608632767572999,1.0,1.0
Zfp449,-0.013294774981914089,-0.17301508414093406,0.007269968399778008,0.0,0.042873681616038085,-0.12482489229179919,0.00015437155961990358,0.032323539964854715,0.01408063423121348,0.002172052962705493,-0.011011247102869675,0.03238769134972244,0.015909739769995213,0.07370018272195011,0.004180791391991079,0.009748798366636037,-0.016231356216594578,0.002313899513101205,0.10282124983263202,0.028243949690368027,-0.033504866845905784,0.05670169550925493,0.01752031307667494,-0.014577638739719987,0.08191464569419622,0.0,0.02353032699553296,0.019283647197298706,-0.019149452252313494,1.0,2.0
Bcl7b,0.016029372202465312,-0.07329745407216251,-0.021872035884298383,0.0,0.01813270501792431,-0.08103785903891549,0.0029525601863861083,0.00298538223374635,0.029912423463538288,0.012600997574627399,0.07840757039608434,0.016721270214766264,0.011886567040346564,0.08385664783418179,0.006882689127887715,-0.03986519677564502,0.026302935099229218,0.0496493802824989,0.14243708963040264,0.06319737745914608,-0.014733960712328553,-0.0010478963050991298,-0.022375075488816946,-0.008760726428590715,-0.02144830087199807,0.0,-0.005796295118052512,0.0532457167096436,0.02295338419266045,1.0,2.0
Dnajc2,0.12178704704070696,0.054623144837096335,-0.039965709138195964,0.0,0.00961171650327742,0.03511965933255851,0.010993695482611657,-0.008787732443306596,0.00016314572421833874,0.0014506524056196212,-0.24231628673151134,-0.038392380001023414,0.006111192617099732,0.015050173560157419,0.012665204217191785,0.0731483302032575,0.00551169425714761,-0.0015514752781018615,0.010241118578705936,0.048291255151852966,-0.0028715156903490425,0.027534645746927707,-0.05209555200301111,-0.022864631032571196,-0.006060778261162341,0.0,0.011635605059564114,-0.02805046347901225,-0.046411563232541087,1.0,2.0
Cmpk1,0.04804916547727771,-0.06782891154754907,0.09222346467664465,0.0,0.04616270106285811,-0.029383369078859686,0.0029525601863861083,0.05342883240431547,0.014119428526610136,0.005224161744117737,0.03976865115808323,-0.00996906911022961,-0.0286028672195971,-0.044396266504772935,-0.00016434593591839076,0.10047231538221241,0.02123627943918109,0.0495241021248512,0.03374750874936581,-0.027905660732649266,0.0034080315427854656,0.01918014360591769,0.017099508866667747,0.055029161870479584,0.017320494335144758,0.0,0.011187196155078709,-0.022405682634562253,0.00039413830265402796,1.0,2.0
Nkain4,0.006466051951283589,-0.1262783305393532,0.08121850434690714,0.0,0.01582635969854891,-0.024688268285244702,0.0022144201025366783,-0.007808098313398659,0.008858261050190776,0.006880857227370143,-0.0630247258162126,-0.014141469933092595,-0.02853776190895587,-0.041197578148567116,0.004650652674026787,-0.019280206025578082,0.0012211383180692791,-0.19280339227756485,0.06562451279954985,0.04923789470922202,0.0413159770751372,0.01640921753831208,-0.01870550368912518,-0.02861655636690557,-0.032153963670134546,0.0,-0.05828181150835007,0.08258328759111463,-2.0737070590257643e-05,1.0,2.0
Snhg9,0.29843099882884416,0.08036893300712109,0.020527806107420474,0.0,0.006417548777535558,0.016897273843642324,0.0015185289829969407,-0.005084141902625561,0.01994293347001076,0.007527027279138565,-0.1455725375749171,-0.022418412026017905,0.07057994899339974,0.05366945831803605,0.000552224637940526,-0.014399547036737204,0.04951285042800009,0.06958941859193146,0.028907644879072904,0.10414507851004601,0.002744835095945746,0.05687408428173512,0.007591566890478134,0.06463712034747005,0.02910006446763873,0.0,0.009989934696350247,0.06440166250802576,-0.007109396480955183,1.0,1.0
H13,0.03665627623850014,0.0324391724402085,-0.09248487513512373,0.0,-0.04039870258420706,-0.09533097988227382,0.004223688542842865,-0.007808098313398659,0.015800367172341793,0.002886214735917747,0.05619038890115917,9.324208833277225e-05,-0.02618259970564395,-0.02673254827270284,-0.002634908840991557,0.027335000205785037,0.0631952200876549,-0.0006207342096604407,0.053371792745310814,0.09779869094025344,0.00010782744968309998,0.047504556961357594,0.0064066488039679825,-0.008289844812825322,0.01732079372741282,0.0,-0.006135767041705549,-0.0278825052944012,0.05490616843104362,1.0,2.0
Peli3,0.017203819863498213,-0.1171569694345817,-0.048574974780203777,0.0,-0.030957080256193877,-0.05869097632355988,0.004183470532298088,0.011637820843607188,0.012795849926769734,0.003137344866991043,0.003714861369226128,0.009849224025383591,0.012509985123760997,0.0021432201797142625,-0.003747987509705126,0.02324288255535066,-0.0006773955142125488,0.021509595025563613,-0.08941800638800487,0.03868447451852262,0.051749336123466494,0.01333914078422822,0.017691204590955748,-0.04356059808749706,-0.03459406551904976,0.0,-0.021657544132322074,0.056735381595790384,0.010623118551447987,1.0,2.0
Grm3,-0.5872690638620406,0.03499573880340904,-0.024311117832548915,0.0,-0.007147237500175834,0.03691157975699753,-4.021793603897095e-05,-0.014557503629475832,0.0408496246044524,-0.004338064296171069,0.02868049938697368,-0.02304407919757068,-0.037358684386126696,-0.09030758306384086,0.004923386743757874,0.025245249681174756,0.015391815542243422,0.04678929162444547,0.06050002552568912,0.04460815856000409,0.003672997420653701,0.0008151891641318798,0.004824086448643357,-0.008948507797904313,-0.005569028854370117,0.0,0.01237624020082876,-0.061941643301397564,-0.013805813975632191,1.0,0.0
Bmi1,0.04146771231200546,-0.19119740451220424,-0.04373975089751184,0.0,-0.004763831822201609,-0.009513449789956212,0.0013852819055318833,-0.0020297235529869793,0.008402997069060803,0.001338367722928524,-0.03332163725746796,-0.0300677543412894,-0.016655359603464603,-0.16385091916192324,-0.0015971128176897765,-0.0017062519118189812,-0.009936588741838932,0.013333682822994887,0.0013851845357567073,-0.03205783182289451,0.0006053674547001719,-0.030397850403096525,0.017749014052096754,-0.003177845235913992,0.00575330008752644,0.0,-0.026582352181430905,-0.020533602386713028,-0.00347210681065917,1.0,2.0
Gm9801,0.0045464323012856765,0.04773312916397117,0.11708837203099393,0.0,0.05683768870308995,0.0751607770845294,-4.021793603897095e-05,-0.005084141902625561,0.016114467890001833,0.0047347224690020085,0.022662771481554954,0.08932675888761878,0.043714327592169866,0.0573547026515007,-0.0020038715517148374,0.033503005523234604,0.05894099193159491,0.026168708316981794,0.07596374407876283,0.030302288315724582,0.037937671449035405,-0.031771346852183344,0.00582927443087101,0.03885327970609069,0.0875105269998312,0.0,0.038406256693415346,-0.0031953947991132737,-0.020171286938712,1.0,1.0
Mybbp1a,0.20575736564816907,-0.0073440847406163814,-0.10342169440584258,0.0,-0.004937196753453463,0.010676558816339821,0.00012390345335006715,0.005611276812851429,0.009478772948496044,0.003137344866991043,0.00443290556780994,-0.011992123983800411,0.005330673442222178,-0.014868542160838842,-0.0024952318519353865,0.022735793590545655,-0.08059204921126366,-0.010089327790774405,-0.018607625579461454,-0.02481267402879894,0.0025324571202509105,-0.05856049779802561,-0.0027573778107762336,-0.018117169705219566,-0.01107130584307015,0.0,-0.018656712607480586,0.034750170041807,0.0263986175134778,1.0,1.0
9930104L06Rik,0.004189383783377707,-0.022625265954993666,0.007800232237204909,0.0,-0.027537009734660386,-0.018907015677541494,-0.010013029575347901,0.012928575035184622,0.009177785371430219,0.006289473548531532,-0.038338011563755575,-0.0027964100055396556,-0.015209951139986515,0.03217086992226541,0.0036822407552972434,0.09675789794884622,0.017787278215400874,0.003785650650970638,-0.05586290500941686,0.066724958489649,-0.01775917557068169,-0.01143251524772495,0.008255973933264613,-0.017379567795433103,-0.01012504667043686,0.0,-0.07131948524387553,0.11675100526306778,0.0460746534075588,1.0,1.0
Tacc2,-0.3493520985078067,0.045655962687742434,-0.0005939126550219953,0.0,0.00486163318157196,0.06674935251940042,0.0004927703738212586,0.0006401865882799029,-0.04541554892668501,-0.030182651109062136,0.03901871538022533,-0.005620385541114956,0.01162018877454102,0.022275635909754784,0.004884372525848449,0.0658668302744627,0.024461834160611033,0.04758445594692603,-0.04409082069993019,0.021929071061313154,0.012853210987523199,0.0068949553999118505,-0.001798650617711246,-0.05999649148434401,-0.026314074052497746,0.0,-0.004759371464606374,0.0009752912097610533,-0.01137634332291782,1.0,2.0
Col11a1,-0.3946805424056947,0.04165816187509336,-0.03607144368463196,0.0,0.016044726632535457,-0.05313189763575792,0.004223688542842865,-0.0025517862662672998,0.004884094810113311,0.0014621231006458403,0.005904694290366024,0.07941776998341084,0.025342112568905575,0.03836492534959689,-0.0009225095110014081,0.03850921032950282,0.04061928888782859,0.10931498304242268,0.02236542870523408,0.014395287733059377,0.004408612004481256,0.02450959528563544,0.0038905274262651802,0.02522739803418517,0.05552828301675618,0.0,0.024397421607282012,-0.09381358501734212,-0.015231100944802164,1.0,1.0
Htr2a,0.042390905292122624,0.059315287778154015,0.07479434132575989,0.0,0.016391116799786686,0.06636760517256335,-4.021793603897095e-05,-0.004029227276332676,-0.023639460215345024,0.0022762664407491684,-0.02434709035558626,-0.018933151508681478,0.024273488679900767,0.04584333036560565,-0.0007587732886895537,-0.024287860579788684,0.031192197701893746,-0.14362452538218348,0.07486025389516726,0.02282297171652317,0.012297510812059044,0.06546629367396235,0.005853834059089422,-0.03180406851693988,0.021244335845112802,0.0,0.010258436785079539,-0.013796430879738182,-0.021593305077403785,1.0,1.0
Rgp1,0.0747795596648939,-0.11649383899290115,-0.07402021524612792,0.0,0.01835860788822174,0.03563642522320151,0.0002157139405608177,-0.0061912545748054985,0.005274637057445943,0.0015858784737065434,0.03726569098653272,0.0116156115103513,-0.028148757183225827,-0.025468479642295278,-0.021076372037641705,-0.007276030895300209,0.018477506209164857,-0.029829153758473694,0.05543810531497002,-0.06550559661351145,0.008613353904802352,0.001406289585866034,0.017897901767864825,-0.005518117900937796,-0.015468014935031534,0.0,-0.059064459933433684,-0.13501141439657657,0.01014220797456801,1.0,2.0
Tmem242,0.08600875337782782,0.07534991669584996,0.10456188978860155,0.0,0.027451889514923097,0.022925839337985962,0.005249447152018547,-0.0037089510215446353,0.013109897593967617,0.0018059960287064314,0.024441084237769247,-0.032317702239379284,0.041723598795942965,0.001206973805092275,-0.005968404199229553,0.024340627314522863,0.004577194359153509,-0.14828935385332442,0.04982944642659277,0.05211092449026182,-0.006678696535527706,0.04413910862058401,0.005783338639885187,-0.0032852016016840934,-0.030735148945823312,0.0,0.013805381804704666,-0.06949718324933202,-0.012769168131053448,1.0,1.0
Mrps11,0.08022890884196386,0.036453088026028126,-0.15182545165531336,0.0,-0.05216164130717516,-0.04998536566505209,-0.005581752061843872,0.016512924060225486,0.016215728938113898,0.0038798771053552626,0.044409016110002995,-0.011609258754178882,-0.023282038311008363,-0.02243494846392423,0.0013371279090642928,-0.0054967426974326375,0.004311297875829041,-0.02900543318595737,0.05497826694976538,0.08098456121515482,-0.04071282191202044,0.0053877896489575505,0.0002425753138959408,-0.026850216826424002,-0.032382099693641066,0.0,0.011787777470890432,0.05167750990716741,0.020996867553330956,1.0,2.0
Ssh1,-0.005538392254093197,0.0491787620075047,-0.04253803367493674,0.0,0.01571970036253333,0.08912675217725337,0.0013958441466093063,-0.0040782174421474335,-0.035349286671262234,-0.010434958338737487,0.04374002022435888,-0.0034387881308794023,0.01831480529392138,0.053601193455979225,-0.0190336697967723,0.06459046566858888,0.01855928745586425,-0.0212669355655089,-0.17671674367040396,0.061730253733694555,0.01030932730063796,0.059057856276631356,-0.07749874925706536,-3.2066423445940016e-05,0.01056962540373206,0.0,-0.0029827838065102697,-0.005163349059876055,0.05490616843104362,1.0,2.0
Ing1,0.2790372452721931,0.03776227833004668,0.18798952229321003,0.0,0.03465393495745957,-0.045610587662085894,-0.09215659327805042,-0.0054329628823325034,0.0035010867728851734,0.0032802975457161664,-0.024615127188153566,0.030579254776239396,-0.009967130116419866,-0.006047191416146233,0.00895785844157217,-0.004239130998030305,-0.09799842445645482,-0.19985985616687685,0.014893017783761025,-0.012666631554020568,3.102511167526245e-05,0.021631033457815647,0.002752087339758873,0.02429850331507623,-0.013375943321734666,0.0,0.06466096805874258,-0.023786178082227705,0.019090474750846624,1.0,1.0
Ppp2r3a,0.02065716488228645,0.0757941882906016,0.018584401367697866,0.0,0.008059320822358131,0.06445665440056474,-4.021793603897095e-05,-0.0002047183271497488,0.01758076570229605,0.000700575141236186,0.03044567524571903,0.08085877496749162,0.018948454041965306,0.10105095737613738,-0.002163536750013009,0.06420262830331921,0.04478805109858513,0.05970193835673854,0.05950190566247329,0.03764689332107082,0.010896077724173664,0.07526309269946069,-0.0017094186134636402,-0.0032852016016840934,-0.03288932313676923,0.0,0.03343893946614116,-0.03779107827693224,-0.017367168171331285,1.0,1.0
Ccl28,0.12991139689373085,-0.00021358818747103215,0.09236064984463155,0.0,-0.04381110295653343,0.008396696082782,0.00672978900372982,-0.014539064317941665,0.010524534932337702,0.0021465190127491953,0.03219661435345188,0.10656805390492081,0.022359461495652794,0.02886171658989042,-0.0014975270326249301,-0.001564380289055407,0.03123362297192216,0.05527055569225922,0.028374163231346755,0.00021710102446377278,0.00043741796631366017,0.022872432130388917,-0.0016074044443666934,-0.025919106006622315,0.04456828139722347,0.0,0.05254310867981985,-0.010751923266798257,-0.02695622568950057,1.0,1.0
Pip5k1c,0.05007654315792024,0.10226581580238417,-0.00791924775345251,0.0,-0.027864010808989405,-0.03268543095327914,0.0033628636598587035,0.03286620296537876,0.00521655023097992,0.0014506524056196212,-0.12689233932411298,-0.01777343579567969,-0.010415813433937729,-0.013336031993385405,0.02632875562630943,0.00026161317713558675,-0.00811618831474334,0.048260242911055684,-0.01684607052593492,-0.012735593016259372,-0.0021619874192401766,-0.072075097898487,0.0019575884519144895,-0.02350009682588279,-0.011169768827967346,0.0,0.0038241989887319505,-0.052604939935263245,-0.019353524912148715,1.0,2.0
Dpp6,-0.573434321489185,0.03828770390973659,-0.04729223266709596,0.0,0.007535637551918626,0.03013556469231844,-4.021793603897095e-05,0.0006401865882799029,-0.008740099335554988,-0.005498942588455975,0.03077844761777669,-0.03678252110024914,0.009241459714248777,-0.10371099403128028,0.0008429831964895129,0.03923399525694549,0.01893011708278209,0.015899058545473962,-0.01686436189804226,0.0006431118724867701,0.003672997420653701,0.034517983226105574,-0.0019030825956724584,-0.006461712163873017,-0.059723826870322225,0.0,0.008929187280591578,-0.21440312419086693,-0.09647601077333093,1.0,2.0
Cemip,0.03092303171797539,0.05710214340011589,0.12927332872990518,0.0,0.02589348112232983,0.052824435934890064,-0.0003274304140359163,-0.004553855862468481,-0.2649502878682688,-0.004398549310863018,-0.018720775234978646,-0.00015514266211539508,0.006825972218066454,-0.02001958491280675,-0.0016686650807969273,-0.025178957870230077,0.02916311303153634,0.07067389631876722,-0.07980626692296937,0.04573402714915573,0.010192541209980845,0.05585594344884157,0.005047895237803459,-0.02861655636690557,-0.006947278995066881,0.0,-0.01189389674924314,0.0022217340138740837,0.008549940567463636,1.0,2.0
Foxk1,0.04120151972398162,0.09843985712155699,-0.0032193167530931532,0.0,-0.05474348714575172,-0.05209533255780116,0.004428840279579163,-0.0002047183271497488,-0.07697006135247647,-0.0547725131502375,0.0275070532807149,-0.01260682659689337,0.009317092262208462,-0.039934034529142085,0.016104471390135586,0.09345886316616088,0.023296317970380186,-0.03212770828511566,-0.015851806784048676,-0.02863319273572415,0.0027741676522418856,-0.0607530500087887,0.007544218893162907,-0.009177419072948396,-0.022373999869450927,0.0,0.019667197838425635,0.03365725347306579,0.023369414024055003,1.0,2.0
Xrcc5,0.023849314187536948,0.07666180157917551,0.19981987589038908,0.0,0.04718640960752964,0.07099753056187183,0.004223688542842865,-0.0037089510215446353,0.03265578661113978,0.003261281820014119,0.07082976872799918,0.001110304705798626,0.012791170519776643,0.05355100179091096,-0.0020768766955006866,-0.04743264321237803,0.03641456600278616,0.05929704321897589,0.06888586580054834,0.06865757904248312,0.009610916702076793,0.07182293318212032,0.006803802754729986,-0.0032852016016840934,-0.004282953182701022,0.0,0.009126185257919132,-0.06894353382755071,-0.025503313820809125,1.0,2.0
H2afy2,0.054295624389196745,0.07932940989267082,0.023931628153659405,0.0,0.016044726632535457,0.07425410132622347,-4.021793603897095e-05,-0.0064001880958676335,0.018812841451726854,0.012600997574627399,0.05580756452167407,0.03005953879095614,0.021811835267581046,0.01862949655391276,0.004223931725136936,0.07341299638152123,0.02217045322060585,0.10681473295670002,0.11101384829264134,0.059887781443540004,0.009958969028666616,0.05127683255821466,0.007861286643892526,0.0008971069566905499,0.012738444479182362,0.0,-0.03279269577469677,0.05908492564689368,0.06011452253907919,1.0,1.0
Dnajc30,0.32987987346830777,0.11209945129463449,-0.009470316218212246,0.0,0.006191645944491029,0.04781093009514734,0.00672978900372982,-0.0515704788453877,0.011425250242464245,0.005992460655979812,-0.08690629141870886,-0.06500891106203198,-0.0325997906178236,0.00014907868579030036,-0.0026532854372635483,-0.027721523186191917,0.00217547825537622,0.018090069615282117,0.01617306557483971,0.05074833419173956,0.006778393341228366,0.0891562875173986,-0.001386292465031147,0.05348887086845935,-0.023186179026961327,0.0,0.013021046370267868,0.14997664656257256,0.006425171582959592,1.0,1.0
Abl2,-0.05662689018019591,0.005024205145891756,0.13039817986311392,0.0,0.03465393495745957,-0.028562609960790724,0.01617489510215819,-0.003692325046285987,-0.0158419597777538,-0.014917756030336023,-0.0047603287408128385,0.03112745253369212,0.002593110352754593,0.010796380663523451,-0.028111500623635946,-0.02262173652648926,-0.13552612056955696,-0.14481222717789932,-0.06672667660866864,-0.0565002940397244,0.0007943451311439275,-0.11298316974192858,0.0034844898898154495,-0.01086665309034288,-0.017079795943573117,0.0,-0.00166604230646044,0.0010869412636384367,-0.0343513245228678,1.0,0.0
Dcn,0.05235711976594757,0.08082241636235267,0.008364953873679042,0.0,0.019133356660604478,0.03717607591999695,-4.021793603897095e-05,-0.008424267820082605,0.018169452133588494,0.007762176431715489,0.02607292087050155,0.07355786954984068,0.018712860541418196,0.021714172097854315,0.004118755306117237,-0.002190133398398757,0.03891691971570253,0.0837614236259833,0.13521679311059415,0.04136815406847745,-0.03229180432856083,0.06314635742455721,0.007743100170046091,0.02410643583163619,-0.057463783863931896,0.0,0.028341257511638105,-0.0017605216149240732,-0.0830923896189779,1.0,1.0
Cnn3,0.13436013175552944,0.0934514246834442,0.01831049911445007,0.0,-0.0024724951665848495,0.07469011867651716,0.00672978900372982,-0.006280078889103606,-0.027578606698662043,-0.029988307296298443,-0.006628089819569141,-6.365383043885231e-05,-0.01026136222644709,-0.011481147645972668,0.00441472387406975,-0.012918510008603334,0.07881119769532234,0.07512987934052945,0.03977650961838663,0.06571523119229823,0.008603892270475626,0.05367958916351199,0.007915609758347273,-0.02861655636690557,-0.003967659501358867,0.0,-0.006550655872561037,-0.0010532942810095847,0.009185130661353468,1.0,1.0
Nrg4,0.030184022066241597,0.05687517139129341,-0.00635824162280187,0.0,0.015818823799490928,0.08912675217725337,0.0004927703738212586,-0.004553855862468481,0.010930655850097537,0.0019571445882320404,0.0026830663974396884,-0.006734442771412432,0.015361808817833661,0.019171495670452714,0.004134295755065977,-0.0322972166351974,0.03105114716105163,0.07402146954089403,-0.09778696273453534,0.036009054931346325,0.009958969028666616,0.07504473872482777,0.007845114339143039,-0.0032852016016840934,-0.00650336692109704,0.0,-0.008220777935348452,-0.002368099552113563,0.009185130661353468,1.0,2.0
Atxn7l1,-0.5400411574263125,0.021244388461345808,-0.009152340663131326,0.0,0.010955708110705018,0.04604417690075934,-4.021793603897095e-05,0.0006401865882799029,0.042355389937292785,-0.0004992255195975303,0.04604633359238505,-0.029057681672275067,0.0027815219515468924,0.031796752312220636,0.00035672189202159646,-0.027189048128202557,0.017371726473793387,0.010538888002047315,0.08415666418150067,-0.05426180571084842,0.004164150832220912,-0.06946321420371532,0.0018240359518676996,-0.006461712163873017,-0.07282282637432218,0.0,-0.011401012181304395,0.015561656798236073,-0.08087928405962884,1.0,0.0
Tars2,-0.012305310944793747,-0.16259973222389817,-0.004999019491951913,0.0,-0.04106037406250834,-0.08189677221467719,0.0029525601863861083,-0.0002047183271497488,0.008474410492926836,0.007725035878829658,0.04364042005734518,-0.010154346991330386,0.0195235255965963,-0.034914765698486006,-0.0009843460656702519,-0.001008415927644819,0.025451769987121224,-0.027433561170473696,0.05287507967790589,-0.08920695593114943,-0.01621573825366795,0.03057351915165782,0.016772887408733367,-0.009177419072948396,-0.0247896025236696,0.0,-0.04630202774889767,0.03462366480380297,0.048190125413239,1.0,2.0
Zwilch,0.031004513520165346,0.04777332167606801,-0.10737909941934048,0.0,-0.029664303809404373,-0.06233203897252679,0.004223688542842865,-0.0064001880958676335,0.015757515947334468,0.003137344866991043,0.022708145461510867,0.03267891442868859,0.011018749861977994,0.060602459111250936,-0.00276545821223408,0.13685854426585137,-0.07714066112414003,0.07418468399206177,0.012037232457660139,0.03513310061069205,0.007453758968040347,0.022701599076390265,-0.00321245365543291,-0.006828181310556829,-0.003527881382033229,0.0,-0.031556441565044224,0.047314436710439625,-0.006167988968081772,1.0,2.0
Vps45,0.04605365643918049,-0.060647071870043874,0.11552720933686941,0.0,0.05327864181250334,0.05473445449024439,-4.021793603897095e-05,-0.0002047183271497488,0.010213753194548189,0.005224161744117737,0.03812888238579035,0.10656805390492081,0.01750028011854738,0.058509914046153425,-0.0006679354002699256,0.024000522191636266,0.034177867509424684,0.04789728186558932,0.03974693476688117,-0.03232160578947514,0.0026279512932524084,0.06396974430885166,0.006986558735370636,-0.0064384259469807146,-0.07043192585930229,0.0,0.030108668012544512,-0.010874458774924278,-0.08350737019442021,1.0,1.0
Hcfc1,-0.004046725542284548,0.04413827841635794,0.10830174792557955,0.0,0.03942121529020369,-0.030876646754331886,0.0060700540989637375,-0.005084141902625561,-0.24106383560225367,-0.04406870291568339,-0.001989747150801122,0.08061816226691007,0.04221245205029845,0.014417160809971392,-0.014293421409092844,0.015794222154654564,0.06065199428703636,0.013594546681270003,-0.007710722563788294,0.034079318805597725,-0.011374169699847699,-0.14868424661457538,0.004506739950738847,-0.010453806649893522,0.040201500318944455,0.0,0.013618943197652698,0.0026816863333806395,-0.02795212322846055,1.0,2.0
4932441J04Rik,-0.015633879728557076,0.034086360939545556,0.10702668349258601,0.0,0.05535218862816691,-0.081869972567074,0.005659750625491142,-0.055631936006247995,0.007925705551169813,0.0008738326560705901,0.002628516086842865,0.07496175814419985,0.010678984187543393,0.061283366098068656,0.0026388640189543367,0.0967295405222103,0.03451808487065136,-0.013757807328365743,-0.037044308921322225,0.006156741385348141,0.03757550849113613,0.048248324505984784,0.0053894935362041,0.03885327970609069,0.025344620356336237,0.0,0.07314869573805481,-0.062000717921182516,-0.0068708211742341515,1.0,1.0
Elmod1,0.05836172040464589,0.032750643845647576,-0.017974191352259368,0.0,0.015818823799490928,0.09102445921860636,0.0004927703738212586,-0.006929829716682434,-0.009511440708301962,-0.07966371404007078,0.06418447107309476,-0.030648468607105316,0.030008739288896323,0.025002496121451258,0.0009571385057643056,-0.03136168954893947,-0.009445883389562369,-0.020795477316714824,-0.07070493443403393,-0.06288108597975224,0.011100586410611868,0.0742560881190002,-0.0030628091748803855,-0.008004913534969092,-0.0016756424773484468,0.0,0.0060445115668699145,-0.0041790668782778085,0.008052426590584218,1.0,2.0
Sf3b2,0.022452442680951208,-0.0006685345537698595,0.03869562306208536,0.0,-0.05145296187140048,0.017944371027406304,0.0009855406731367111,0.007288683233782649,0.004040047554299236,0.012600997574627399,0.042456238730810586,-0.01629622286185622,0.04631114542484283,-0.06289222804829478,-0.007256783400662243,-0.05168399913236499,-0.04196542091667652,-0.01974877942353487,0.0050085229286924,-0.05593509130179882,0.0008096463442780077,-0.10822304313071072,0.0010196474194526673,-0.026141537418588996,-0.02447497704066336,0.0,0.021359045249409972,0.057795911636203526,0.009110373370349407,1.0,2.0
Lrfn1,0.035846618154319006,-0.021102001490071416,0.050277488762512805,0.0,-0.06840970929712058,0.09128758013248443,0.00015437155961990358,-0.004553855862468481,0.03243899810127914,0.006922044213861227,0.05350065741688013,0.012920688334852458,0.019212773544713856,0.047620497941970825,-0.0015485172625631094,0.05457376789301634,0.0064173203706741335,-0.1176246771379374,0.10918061493663117,0.08679338443093002,0.009810756645165383,0.023150754766538738,-0.022496831584721804,-0.009177419072948396,-0.012167806001380087,0.0,0.013915907319169491,0.13940384190529584,0.04633549079298973,2.0,1.0
Pccb,0.03292095774289919,0.06430282936780714,0.04065515011898242,0.0,-0.05350067298859358,0.05214551833458245,-0.0003274304140359163,-0.01138546044472605,-0.2974052156833932,-0.011025994475930929,0.037626031080726534,-0.012557512489147485,-0.020975613386835904,0.02336065558716655,0.007856387505307793,0.07178422883152961,0.04817384076770395,0.016476276058238,0.03869055364979431,0.05298897675704211,0.009958969028666616,0.012904121605679393,-0.0017034927010536195,-0.0032852016016840934,0.028045852379873396,0.0,0.00044738577911630274,-0.009387502241879701,0.051543844901025294,2.0,1.0
Gm29237,0.22640897537959973,0.04526919136522338,0.10333056705771014,0.0,0.027859293101355435,-0.032781430212780835,0.00012390345335006715,0.05939864043146372,-0.18325220043072477,-0.018292006282135845,-0.043794501004740596,0.08827622782438993,-0.030921366005204617,-0.04519587404676713,0.0060887364950031045,0.00995476526208222,0.011171158882789314,0.05614036949118599,0.0044201815850101415,0.030211221737554295,-0.0404250258859247,0.04293240120634437,0.007349717654287815,0.04381601128727198,0.029799679974094034,0.0,0.030395091723185032,-0.007818796904757619,-0.014504717411473394,0.0,1.0
Chrd,0.14667452552355825,0.04584222834557295,-0.03493340725079179,0.0,-0.04128627689555287,-0.07508467806968838,0.005249447152018547,-0.03452484233304858,0.006309302963782102,0.006289473548531532,0.011059520279522984,0.04088348925113678,0.016095889378339053,-0.010209197206422686,-0.018755488847382366,0.03989052505698055,0.012310791667550803,-0.10739240897353738,-0.17598249980947003,-0.024842518256045876,0.012370441677048802,0.01310918757226318,-0.003565306239761412,-0.011664214706979693,0.0037791977263987066,0.0,-0.08855817890260369,0.0919524104706943,-0.008298933831974864,2.0,2.0
Grid2,-0.665091916397214,0.03707166223204695,-0.021766645124880597,0.0,0.005473095728084445,0.03200288244523108,-4.021793603897095e-05,-0.033165071327239275,0.03133472464978695,-0.024737414722330868,0.0070903763407841325,-0.02429053863044828,-0.027567744553089142,0.026224287610966714,-0.001468648840673268,0.047163924851920454,0.019548134189099075,0.10724986816057935,0.015067070003133266,0.025302648295182736,0.0033157342020422222,0.030632483307272196,0.004795888282824307,0.01946661147288978,0.0025167518295347692,0.0,0.00876189991598949,-0.082333787411917,-0.02756403218023479,2.0,2.0
Trim23,0.015885557436849922,0.03459475681651383,-0.06653894285554998,0.0,-0.029567092070356012,-0.10657664607279002,0.003321833312511444,0.05775745663791895,0.0066887161508202555,0.00269967682659626,-0.08087181240320206,-0.024007190414704383,-0.07216315657831729,-0.05999475345946848,5.062418058514595e-06,-0.040393308512866495,0.02299980144482106,0.03731787077966146,-0.026110135265626014,0.037416878063231705,0.014475813210010529,-0.04661363200284541,-0.05713718894869089,0.045426550284028054,0.025700126169249417,0.0,0.008619688567705452,-0.030025253389030695,-0.03269819399341941,2.0,2.0
Sp1,0.08818716277193744,-0.15868335528939498,0.005720141043420881,0.0,0.00961171650327742,-0.07212915749289095,0.00015437155961990358,0.00298538223374635,0.010796615444123745,0.007762176431715489,-0.005509655575733632,-0.017286609029397368,0.01635813547298312,-0.1736640836391598,0.0019059794209897519,-0.008239447912201285,0.018792165713384747,0.043059462415985766,0.09505371436127462,0.005780933718197048,-0.0009337439108639956,0.001800190694630146,0.01707870131358504,-0.03409208119381219,0.00471776245161891,0.0,0.020853390221018345,-0.0058191768638789654,0.08867150845937431,2.0,2.0
Nol11,0.02218618737766519,0.054529499816708266,-0.11134512523422017,0.0,-0.053474234407767655,0.05849753385176882,0.00012390345335006715,0.032323539964854715,0.010516843819059431,0.0025185680016875265,0.010529547107871622,0.10786747485399246,0.043010511524043976,0.05540567421354353,-0.012577008469961584,-0.008280624151229859,0.014317828030325472,0.022174354954622687,0.07343183223390952,0.010755809941329061,0.010164447710849345,-0.11850233165547251,-0.004351128386333585,0.04879565805196762,0.06499952228739858,0.0,0.04404543353244662,0.03043079333845526,0.007339888922870159,2.0,1.0
Capns1,0.09141586522222496,-0.11988285076105967,0.006447199294343591,0.0,0.006107367984950543,-0.018827360165305437,0.0027474084123969077,-0.004553855862468481,0.01479226330295205,0.006660739672370255,-0.04746503728441894,-0.005873678089119494,-0.010283075063489378,0.05922095231246203,-0.023420194379796158,-0.0026880250219255687,0.011975762201473117,0.019852780452929437,0.092271297366824,0.02875704017234966,-0.014241782473400235,0.01130030774511397,-0.019195927940309047,-0.00852676885202527,-0.005510221375152469,0.0,-0.016758685579989104,0.13604164860211312,-0.0031817452469840644,2.0,2.0
Sema3c,-0.02964975628594402,0.02781822928111069,-0.019629771886393428,0.0,0.01671148360706866,0.05099079697858542,-4.021793603897095e-05,-0.023005041470751168,-0.02626584256067872,-0.0039172960352152585,-0.005093839091714471,-0.03207159614656121,0.01031363951973617,0.02099533300148323,-0.01730226941057481,-0.04195766324643046,-0.011181423449888825,0.014271987091051415,0.04627335433382541,-0.018599718562327325,0.01788395325653255,-0.2161904875561595,0.004517833460122347,0.05345060125924647,0.03688840121030808,0.0,0.010037427737843245,-0.08215218518860638,-0.0114688215078786,0.0,0.0
Pou2f2,0.030089041226601693,0.056748449271544814,0.014319689685944468,0.0,-0.029164805356413127,0.08912675217725337,0.0004927703738212586,-0.0037089510215446353,-0.0008087980281561613,-0.006068217307329178,0.05098585293861106,0.002420602997299284,0.013060791753232479,0.05120917699299753,0.004029119336046279,-0.025178957870230077,0.02589774434454739,0.08223342098761349,-0.08562811956740916,0.05353817344817799,0.010192541209980845,0.0680906992033124,0.007845114339143039,-0.02838251933455467,-0.00880438411841169,0.0,-0.013584778364747762,0.005748176502529532,0.008549940567463636,2.0,2.0
Phf2os1,0.29701182852499186,-0.18292466428829357,-0.031311701990198344,0.0,0.00961171650327742,0.00940696350997314,0.0013852819055318833,0.005590762011706829,0.01080870658159256,0.006289473548531532,-0.2023909418238327,0.0008708274643868208,0.01109772600699216,-0.09116835232358426,0.0004833458468783647,0.01964079862460494,0.01942372927442193,-0.00350305404048413,0.02798651343677193,0.07744928497355431,-0.012997680348344148,0.01223065392114222,0.016982480296865107,-0.03409208119381219,0.010766595331951977,0.0,-0.076806338976603,0.11541274574818089,0.05272701740264893,2.0,2.0
Kcnd3,-0.6081907117553055,0.037538534530904145,0.01271820843918249,0.0,0.0076720114517956975,0.03246491725556552,-4.021793603897095e-05,-0.003205603512469679,0.0008570341824088246,-0.029826025753282012,0.023428211676655337,-0.0316535963350907,0.01341447868384421,-0.011249819388613105,0.001156170885078609,0.017747023534029724,0.001796230748295784,-0.11906645573442802,0.006364403483457863,0.018833881184691564,-0.011260357880964876,0.012855307208374142,-0.0029235467105172574,-0.005690923994407058,-0.04270177251193672,0.0,0.011582574618514627,-0.0249326256592758,-0.002013633074238896,2.0,2.0
Usp20,0.020177547535276973,0.04461327026598155,0.022477122908458113,0.0,0.01057014849036932,0.045176429655402896,-4.021793603897095e-05,0.00298538223374635,0.009563467828556896,0.007762176431715489,0.05888265284476802,-0.013412400698289275,0.01698160795494914,-0.14412617567926644,-0.008417301545850932,-0.04326072820927948,0.023812062675133347,0.04176529297139495,0.13564552196883597,0.046230124467983844,-0.03935369190759957,-0.19017088739201427,-0.004181621773168445,-0.062318791965954,-0.02432533809915185,0.0,0.00921391653828323,-0.0021770195523276924,0.008549940567463636,2.0,2.0
Tmem19,-0.009660029190126807,0.03851991485571489,0.07390661439392715,0.0,0.025137614365667103,-0.05708111941581592,0.0006568917632102967,0.035416183285415175,0.03595863529713825,-0.09531676755286753,0.016723394201835617,-0.024905216102488338,-0.02602556393481791,-0.06888176065287553,-0.004897372075356543,-0.011744189942255616,0.025363216726109385,-0.007397015006281435,0.04527083957917057,-0.05152054258622229,0.019151066336780785,-0.11000897657126188,-0.0028422088082879784,0.055029161870479584,0.037279729302972554,0.0,-0.064898234102875,-0.025603146667126566,0.014981946758925915,2.0,2.0
Ift172,-0.013438067958632019,0.030971183739602566,0.11959255221765488,0.0,0.03552065897732973,-0.1036235286993906,0.005659750625491142,-0.0002047183271497488,0.007490149429067969,0.008701673783361912,0.04874992759199813,-0.004186039064079523,0.01328683027997613,-0.00013568712398409844,0.0017115988489240408,0.026038607587106525,0.033349213935434815,0.031217742576263845,-0.03289536217227578,-0.05652292366576148,0.0019622651860117914,0.07635440008714794,0.007419974692165852,-0.0064384259469807146,-0.025473638586699963,0.0,-0.006127044749446213,0.03469339477363974,0.004558016704395413,2.0,2.0
Osbp2,-0.05105220673562144,-0.02300964457899681,0.07201469370862469,0.0,0.014804673418402671,0.008666386483237148,-0.0298770010471344,-0.011590608488768339,0.0004394435789436102,0.0017812449531629682,0.024971362999640406,-0.011199256721884012,-0.03081778184743598,-0.017309164400212466,-0.020439055892638863,-0.03915626599104144,-0.17921312167774886,-0.023996485113166273,-0.014422835600562393,-0.16080827180761845,0.001594070408027619,-0.3167754501104355,0.004388553476892412,-0.005571973575279117,0.01802430145442486,0.0,-0.020297958147712052,-0.009120937143452466,0.011398236220702528,0.0,0.0
Tmem63b,0.005032498367363587,0.007443926120176911,-0.13404953427729197,0.0,-0.05474348714575172,-0.1491925851535052,-0.0012919621460605413,-0.009744276199489832,0.009405453894287348,0.0038798771053552626,0.03378905507037416,-0.005934227975085377,-0.021890247301198543,-0.06068658042699099,-0.0007874060701578855,0.014914198957849295,0.020568775525316597,0.007579452095087618,0.045563055428210646,-0.061553146541118625,-0.01316902709659189,-0.004377188291400671,0.01687418398912996,-0.009177419072948396,0.01409785752184689,0.0,-0.047523025127593425,0.10144772028550506,0.004558016704395413,2.0,2.0
Kdm6b,-0.03488146683201194,-0.10356330316746608,-0.014237247456330806,0.0,-0.010348228495568037,-0.03613176937447861,0.005249447152018547,0.03286620296537876,0.002168275294825435,0.006289473548531532,-0.03259552182164043,-0.011199256721884012,-0.029797848290763797,-0.015721630663610996,0.042274666307348524,0.004436715845949948,0.007154960236512124,-0.008212439322378487,-0.04547380735864863,-0.10503849006490781,0.00399872433859855,-0.08583502494031564,0.002457851632498205,-0.04324909767135978,-0.006376367909833789,0.0,-0.0008524327073246241,0.0703026152215898,0.011931344252079725,2.0,2.0
Gm12296,-0.02475762432164629,0.025172990371938795,-0.031874072519131005,0.0,0.01923889435827732,0.0685913949366659,0.0003700855374336243,-0.0002047183271497488,0.002929617715999484,0.0019571445882320404,0.055062927154358475,-0.029013633467257022,-0.0029906782321631907,0.016266303083975798,0.02153080448973924,0.004863231126219034,0.033432311806827784,-0.03456258472520858,-0.07187220348976553,-0.06977586842607707,0.010059285219758749,-0.1460282122530043,-0.004643263579346239,-0.0032852016016840934,-0.0250297265406698,0.0,0.01584831366315484,0.0035851033171638846,0.011735869674012064,0.0,0.0
Adamts3,-0.4678338986635208,0.014396413606882562,0.009649582937126979,0.0,0.010418176734820008,0.026260336865670978,-4.021793603897095e-05,-0.02682898588478565,-0.005053102048113942,0.0008738326560705901,0.025706553843338042,-0.03482346573844552,-0.08317178354598581,-0.06803293575998395,-0.01624502968043089,-0.043841611025854946,0.016205997862853108,0.006116832484258339,-0.09035514637012966,-0.01481999884126708,0.004164150832220912,-0.10046045038849115,0.0035373395308852195,-0.008948507797904313,0.001875621387735009,0.0,-0.009920347742736339,-0.08219587846193463,-0.009421560233458876,0.0,0.0
Khsrp,0.08366186074563302,-0.11448507375316694,-0.05979916679672897,0.0,0.00614208422601223,-0.12567500022239983,0.0029525601863861083,0.034363783467561006,0.02858922751620412,0.002688206136226654,-0.12871112318709493,0.018544029258191586,-0.007856436972506344,0.09232697326689959,0.007257948638871312,-0.010813914751634002,-0.013333038091659546,0.014439258491620421,0.11979322586674243,0.036115665561519565,0.013508632066659629,-0.0012645143154077232,-0.0223843197687529,-0.04168619338423014,0.006846020882949233,0.0,0.024628518773242833,-0.07989876935258508,-0.019838681733235716,2.0,2.0
4930517O19Rik,-0.0010531214173533953,0.028490521625062683,-0.029567536296090113,0.0,-0.03237871207296848,-0.0761019476968795,0.03694437772035599,-0.005084141902625561,0.0015728489076718688,0.00269967682659626,0.003261183726135641,0.08608921710401773,0.035509053207933905,0.05467549639288336,-0.015146698942407966,-0.046822659308090805,0.0415557908732444,0.04506859289365821,0.002408563187345862,-0.13784602045547217,0.0029943010257557036,-0.17036162231117488,-0.07565973558695988,-0.030214012823998927,0.03630900423042476,0.0,-0.04737405803287402,-0.008328471034765243,-0.02817564448341727,0.0,0.0
Casc3,0.1229548531025648,-0.20660733569413423,0.010022466704249382,0.0,-0.058163557667285204,0.06010633543366566,0.0013852819055318833,0.00298538223374635,0.009193868055008351,0.007032005786895752,0.028082470630761237,0.006002877438440919,0.014667410217225552,0.014246359593234956,-0.004893297147937119,-0.021296297954395412,0.026293054791167378,0.06975018757395446,-0.05820789159741253,-0.0036509904215927236,0.006893223044462502,0.029710524315014482,-0.021908307811245323,-0.014652943899855018,-0.014900143193081021,0.0,-0.08090360443107784,0.05080631860997528,0.010763046126812696,2.0,2.0
Gm4924,0.03374069682031404,0.037461685012094674,0.09370382635854185,0.0,0.04417282206006348,0.05598375557921827,0.004223688542842865,-0.045436552688479424,0.013517398266121744,0.004559502126649022,-0.2322465659235604,-0.036830765949562194,-0.07581140720751137,0.05762984882574528,-0.002234579445794225,-0.02855228655040264,0.03974959935061634,0.0341597933974117,0.013695006363559515,-0.004784963163547218,0.009546601111069322,-0.01926489245146513,0.005235807858407497,0.06529956725426019,0.024001564253121613,0.0,0.0125334791559726,0.0018062022840604187,-0.03629728501662612,2.0,1.0
Phkg2,0.1578808903612662,-0.06665328405797481,0.012103774478891865,0.0,-0.010780549026094377,-0.037140375208109616,0.0029525601863861083,0.05790106005966664,0.007794134980067611,0.012600997574627399,0.044929147160146385,-0.011155910212546588,-0.01764393927529454,-0.067020567888394,0.004482305683195591,-0.018247028137557207,-0.011888717887923122,0.01569840653333813,0.0758470144495368,-0.04862857719883323,0.013672506925649941,-0.0034183784667402507,-0.0267030325345695,0.020634872154332698,0.04854448968544602,0.0,0.03360718848882243,0.07637643113266676,-0.03190902141854167,2.0,2.0
Atl3,0.10385599784553051,0.00877279732376337,-0.03125017959624529,0.0,0.006191645944491029,0.05987345949979499,8.246686309576034e-05,0.05342883240431547,0.009330581007525325,0.002688206136226654,-0.17431205561384558,-0.027150810519233345,-0.004419620586559176,0.012052937529515475,0.007379907621070742,-0.017839094214141368,0.04046045552007854,0.02615666338475421,-0.055551151126855984,-0.03612918251659721,0.0008054512459784746,0.06358536823187023,0.017615734012797476,0.09128565983846784,0.0351111157797277,0.0,0.016755098362918944,-0.04132544678403065,-0.019353524912148715,2.0,1.0
Pck2,0.1600242604408413,0.10242669232189655,0.02869826227426529,0.0,0.019133356660604478,-0.11695533419726417,0.010993695482611657,-0.022636794787831604,0.010974219359923154,0.007032005786895752,0.010118197149131447,0.06860428242012859,0.026486560720950365,0.0017096136743202806,0.023244869392365218,0.02136259841732681,0.045738102491013705,-0.05532080300152302,0.029733560623135417,0.015249785664491356,-0.004704651609063149,-0.007084971312433481,0.004947915128432214,0.02838062237948179,-0.02695010781288147,0.0,0.011914083934389055,0.055809283442795274,0.010623118551447987,2.0,2.0
Dpf1,0.012385124347638339,0.02865489198593423,0.0323217848315835,0.0,-0.05666840205900371,-0.11686574376188219,0.005249447152018547,0.005611276812851429,0.009680565327871591,0.012600997574627399,0.04501943447859958,-0.012622384466230869,0.01276751782745123,-0.05528224761597812,0.005253781718201935,0.033980551520362494,-0.008131043734028936,-0.06617968500591814,0.021415283817332237,-0.1973181151226163,-0.015257645887322724,0.00438214825000614,-0.003667320404201746,-0.012463383204303681,-0.01107130584307015,0.0,-0.014493126436136664,0.07672429077327252,0.0263986175134778,2.0,2.0
Golga1,0.004234710654127411,0.013063771361485123,-0.07302510267007165,0.0,-0.03313889718614518,-0.07485221026465297,0.004223688542842865,-0.014459593091160058,0.0036525216791778803,0.00269967682659626,0.010115554791409522,-0.03482346573844552,-0.027250304631888867,-0.12552702310495079,0.030703522013500333,0.05437785303685814,0.034311141818761826,0.007190880709094927,0.056986565687693655,-0.01947091086767614,-0.00017440199386328458,-0.11348485054448247,-0.07450361071387306,0.060362933799624444,-0.011540808486752213,0.0,0.03393961044028401,-0.029392125168815255,-0.03344292265363038,2.0,2.0
Dock7,-0.36119708253070715,0.03552102873363765,-0.038134627086110415,0.0,0.0039032011944800616,0.04888521081767976,-4.021793603897095e-05,-0.0037089510215446353,-0.011680432690773158,-0.024861170081421732,-0.0487867927714251,-0.03886675608344376,0.00937804295681417,-0.024402051381766796,-0.0015470110345631837,-0.023210452501662076,0.025966480216011403,0.010746181460563093,-0.0733384820120409,0.03929656019434333,0.009060334488749504,0.0288544899597764,0.004795888282824307,-0.02861655636690557,-0.04230402056127787,0.0,0.006190039010252803,-0.158869785182178,-0.0830923896189779,2.0,2.0
Chrm3,-0.27069677439983936,-0.01436108465990401,-0.03274113295366988,0.0,0.0041670825076289475,0.010244186886120587,-0.03057451699860394,-0.0040782174421474335,0.03217446093214676,-0.014534990636166185,0.012249487901572138,-0.03211980829015374,0.00572327729081735,-0.004222099632170284,-0.005904965625377372,0.05138220843859017,-0.09699938711593858,-0.035154600391397256,-0.030069399075000548,-0.09743186175823211,0.0021061688917689025,-0.08392571724019944,-0.0008377171331085265,-0.005686958574224263,-0.01979658879339695,0.0,-0.07593622385989875,-0.10933008421678096,-0.023824839117005468,0.0,0.0
Edc4,0.018333442765288054,-0.17683649034705012,-0.009371614132542163,0.0,0.009562154784798622,0.00032128890743479135,0.0013852819055318833,-0.004923122283071279,0.005918926987797022,0.007032005786895752,-0.029083069411572068,0.0036284261010587214,0.013443475905805826,-0.05485142476391047,0.03466523610055447,0.03851390138734132,0.0046189424209296705,0.03504521836061031,-0.07273258391302079,-0.03302247163839638,0.0009119636844843626,0.008534729008097201,-0.021821325363125654,-0.022485799910500644,-0.0015790610667318105,0.0,-0.035304261283017696,0.05030411930754781,0.02119026298634708,2.0,2.0
Carm1,-0.012937659289164002,0.012824152535758913,0.004566139010712504,0.0,0.02008635861799121,0.01650191413704306,0.0003700855374336243,0.005861480813473463,-0.006740269539877772,-0.011053735204041005,0.050023514707572755,-0.005258394689299166,-0.01616549475584179,-0.00808656377485022,0.019306006150072788,-0.064253168576397,0.012613055063411593,0.011335446378216147,-0.0787520525418222,0.04974740989971906,-0.008412459194660186,-0.06509366708807647,-0.006733282809145749,-0.005507591250352562,-0.00848178481683135,0.0,0.005888105500489473,0.005463594500906765,0.023599058552645148,2.0,2.0
Ei24,-0.014197622770443558,-0.10422328358748928,-0.07325223188847303,0.0,0.006191645944491029,-0.08657664141384885,0.0013852819055318833,-0.045436552688479424,0.0017624253407120705,0.003137344866991043,0.016657021979335697,-0.023579971790313722,-0.0723801196180284,0.02293319255579263,-0.00032090005930513144,0.12087972661014647,0.05622819860000163,0.0039569048117846254,-0.0987112245336175,-0.05350858577992767,0.004809464630670846,0.035033107346389446,0.017044683380518108,0.06463712034747005,-0.014106444455683232,0.0,0.01732799812220037,0.032485499184113,0.003396147768944502,2.0,1.0
Arf3,0.048646143922087506,0.011430968190543353,-0.0269312968919985,0.0,0.01923889435827732,0.05863687237491831,-0.028440938964486122,0.005611276812851429,0.003069858560338616,0.007032005786895752,0.04966858396073803,-0.004898904920555652,0.04078957666642964,0.007218522611074149,-0.035066057187505065,-0.04086956534069031,0.01711200858000666,-0.01788147218991071,-0.13664225278771483,-0.2630847071483731,0.010943889021873474,-0.12488643317483365,0.004354443303309381,-0.007731642215512693,-0.011830336498096585,0.0,0.03433463827241212,0.043775504934601486,0.010763046126812696,2.0,2.0
Gga1,0.06506977001205087,0.04562394163105637,-0.2501841494441032,0.0,-0.054962102137506005,0.08985539816319943,0.0018061476200819015,0.011637820843607188,0.025639760466292502,0.001338367722928524,0.05898968427442014,0.0015271095372736453,0.0193066545156762,0.03217999000102281,-0.002705810749903321,0.04907113200984895,0.008361099483445288,0.014733866937458515,-0.0760917047644034,0.07843597864732146,0.0005180907296016813,0.012414910914376378,-0.0035558178182691336,-0.02358821631409228,-0.03415015331469476,0.0,0.013985629994422197,-0.0013214502716436983,0.01280226961709559,2.0,2.0
Copb1,-0.01474497291550506,0.031181347249075772,-0.04601307967910543,0.0,-0.048299890886992214,-0.05826217215741053,-0.0030386829376220703,-0.005084141902625561,0.012653867406770587,0.0026501746801659465,0.02431541470810771,-0.02322943465784192,0.03435457518324256,0.08982883882243187,-0.011477504363283516,-0.04900995720177889,0.07885771392378955,-0.030253938157111405,0.08241673884913325,-0.042391283977776764,-0.004487687826622277,-0.11530524088069796,-0.00446931486018002,0.023375979168340565,0.04909259710460901,0.0,-0.06755824577063323,-0.01874279437121004,-0.018228585049510002,2.0,2.0
Angel2,0.0028254584525711835,0.03821994705125689,0.00812546414323151,0.0,0.01923889435827732,0.035552404574118554,0.0009855406731367111,0.05790106005966664,0.012405262077227235,0.007762176431715489,0.08525877305073663,-0.011609258754178882,-0.07538277830462903,-0.013279983692336827,0.03429841284174472,-0.04240493203513324,0.005625254856422544,0.010083997040055692,0.08826813052408397,0.07573680184781552,-0.03663457802496851,-0.13721369691193103,0.005212316527031362,0.047710121963173154,-0.011634866949170828,0.0,-0.0012389814644120634,0.005427139718085528,0.024282287899404766,2.0,1.0
Agap2,-0.02697153691202402,-0.14205804557306692,-0.003503374489955604,0.0,0.020185482054948807,-0.094663827996701,-0.021337404986843465,-0.031243117968551816,0.012452528923749923,0.002193184643983841,0.06781190904788673,0.005882036713883281,0.017504196213558317,0.003637547786347568,0.010127368063149334,-0.033495957851409915,0.06742286439985037,0.03377624037209898,-0.043099049638258294,0.03496480443049222,0.038510390259325504,0.022349388152360917,-0.02341967957559973,0.010143049471080303,-0.02729185899719596,0.0,0.01869425053242594,-0.03149285312741995,-0.0014926690515130758,2.0,2.0
Dnmt3a,-0.05482069596706424,0.04145161509979516,0.12344557739328593,0.0,0.016391116799786686,-0.05339791836682707,0.003157711923122406,-0.003205603512469679,-0.004531475995900109,0.0018059960287064314,-0.1993244673393201,-0.018060202491469682,0.017710902690887452,0.021155704166740178,-0.0014570135856047273,0.0015616006776690483,0.003160702995955944,-0.13978473861003293,0.0010335247649345548,-0.01014888116507791,0.037351608821190894,0.045782985854893925,0.005999770127236843,-0.02861655636690557,-0.05008356646168977,0.0,-0.0013577692257240414,-0.026771490522660316,0.01608632767572999,2.0,2.0
Setd1b,-0.0027633461900404654,0.040447240421781314,-0.14159782038535923,0.0,-0.03128408133052289,-0.11441165968542918,0.0029525601398199797,0.008870156183838844,0.005387756526470184,0.0026918255258351564,-0.07344011145876721,-0.016644566487520933,-0.0034861555811949076,-0.001048563488293439,0.006879050438292325,-0.030408307854086162,0.019021421880461277,0.065837583176326,0.006968408431857824,-0.07074662584811449,-0.015465583279728889,0.03240882085170597,0.005245322687551379,-0.035634369240142405,-0.0066576295346021655,0.0,-0.007176657689269632,0.05044233288383111,0.012077862308360636,2.0,2.0
Gpcpd1,-0.014620370805205311,0.015144051217939705,-0.01632070479914546,0.0,0.009074185127392411,-0.04521263492293656,0.003568015396595001,-0.05013444274663925,0.0014824298303574323,0.0009918526839464903,-0.04335481860442087,-0.03269461582414806,-0.05686718448996544,-0.013285169389564543,0.030436637038219486,-0.04374688111245632,-0.07532299511600286,-0.002171495025977492,-0.04809363204520196,-0.058523385948501525,0.0008747331798076629,-0.12443661917233839,0.0024919618060812356,0.01078989950940013,-0.0029763548821210863,0.0,0.001236226102337241,-0.06628259881399572,-0.009421560233458876,0.0,0.0
Traf7,-0.002233482504962012,-0.011273777983151377,-0.06829127111006528,0.0,-0.05318833006545901,-0.09200996106956154,0.004018536806106567,0.00969074834138155,0.008678739191964269,0.003830374958924949,0.035157445494551215,-0.010716275931335985,-0.022371090240776537,-0.07524585893843323,-0.0021652603009715676,-0.03060360698029399,0.008172088041901589,-0.14930305320071058,0.01859993891324848,0.0605012909884681,0.036904273722320795,0.04778059648349881,0.016324745540041475,-0.013765369639731944,-0.05062514828518033,0.0,-0.03128095517167821,0.047056657350622116,0.001037209862843156,2.0,2.0
Gpn1,0.0571478611859493,0.06633729084394872,0.029472105058375747,0.0,0.020305847227573396,0.07939816321944818,0.00012390345335006715,0.03238508455455303,0.010863036317750811,0.007725035878829658,0.017989817436318844,-0.028019013074226676,-0.05939622914418578,-0.04289224429056048,0.00876433685556549,-0.0013155787717550993,0.04049291152507067,-0.0034440360125154255,0.07965478753205389,0.09593080750200897,0.007897770702838898,0.050088058598339556,-0.002877614414319396,0.055029161870479584,0.03389740165323019,0.0,0.008765046335756779,0.03742302985861898,-0.005284041510894895,2.0,1.0
Gprasp2,0.11302041851216928,-0.054645145344547924,-0.1155203353217803,0.0,0.010329328989610077,0.012111663278192282,0.0009855406731367111,0.030479554682970048,0.009722869019024074,0.003830374958924949,-0.005447281645610928,0.07620076149702072,0.014287949611898512,0.021246503114234656,7.106731180101634e-05,0.023605086114257573,0.03412106145173311,-0.07212968923617154,0.038000001087784764,0.02934142096200958,-0.023452003211714326,0.00839723835233599,0.006016093839425593,0.01619473284110427,0.06433157343417406,0.0,0.03147041612304747,0.040726693298202006,-0.019795126551762222,2.0,1.0
Ank,0.016129803678195456,0.007539505116874352,-0.028679023439763113,0.0,0.00961171650327742,0.03534197706729174,-0.03057451699860394,-0.004920035349205137,0.0029541208688169717,0.0024521660804748533,-0.18204729437828063,-0.04261496500112116,0.009598006535088643,0.01778213222249178,-0.015329266265034676,0.03302087598480284,0.025058635994791984,0.00594166963826865,0.1032373167714104,-0.2346010922966525,0.0024587722215801476,-0.16358768559992312,0.004085474270395934,-0.02016320835798979,-0.0547308253403753,0.0,0.03127282202243805,0.007756511284969747,-0.024162472570315004,2.0,0.0
Pak3,-0.5286159642692655,0.034318919902434575,-0.009238059318158775,0.0,0.013260232624597848,-0.02822996746050194,0.004223688542842865,-0.005084141902625561,-0.0007639792189002037,0.0035353248892351983,0.012992856871569529,0.08932675888761878,0.04328422703198157,0.02392563996370882,-0.014498156500048936,0.06736294536851346,0.03247746367473155,-0.018190026407828554,0.07489926366135478,0.007828673673793673,0.007790540605783463,-0.015162994544953108,0.0036555260047316553,0.01936126018874347,0.0875105269998312,0.0,0.03016870263963938,0.015908577593509107,-0.020171286938712,2.0,2.0
Cherp,-0.023110154453897847,-0.22272318239323796,0.13820918813929894,0.0,0.04616270106285811,-0.12810810045339166,0.0013852819055318833,0.009772807545959949,0.010782949086278677,0.008701673783361912,0.0425968657550402,0.0009731748281046748,-0.010477528106421233,0.034684325095731765,0.006530513730831444,-0.052445487920194864,0.01719172766432166,0.02167486245976761,-0.09048961802269333,0.024863099181093275,-0.015644606230780483,0.022140458629000933,-0.01580389285227284,-0.007840418382547796,-0.0045704575814306736,0.0,0.01711739570600912,0.029496269216760993,0.02295338419266045,2.0,2.0
Sntb2,0.02640635485673556,0.05895577785558999,0.13556510765105487,0.0,0.03699447453953326,0.07267412341432646,0.0009030738472938538,-0.007808098313398659,0.014904342868831008,0.0038628526404500007,-0.013910258433315902,-0.010773482266813517,-0.010696829888038337,0.035850935773923995,-0.008646217193454504,-0.033368448177352544,0.07583712743129581,0.0845231406367384,-0.034317375116515905,0.060135023281909526,0.010192541209980845,0.06576215609908104,0.006905816923826933,-0.02861655636690557,0.003115924410521984,0.0,-0.005584089541807771,-0.022418131921440362,0.023599058552645148,2.0,2.0
Matk,0.029937582556158304,-0.03890216493746266,-0.08736358133726753,0.0,-0.05689430492930114,-0.12190494257025421,0.004428840279579163,-0.01269709479995072,0.004952362072654069,0.0025185680016875265,0.018047973189968616,0.053530351128429174,0.013253994025290013,0.01887941305991262,-0.003449275097809732,-0.02087139300070703,-0.005882208165712654,0.013510420970851556,-0.1632837776839733,-0.0037660328298807144,-0.022132154288701713,0.012408215837785974,-0.021936402631690725,-0.009474654011428356,0.004324653847143054,0.0,0.031509415516629814,0.1451340745203197,0.0056362677505239845,2.0,2.0
Cpne4,-0.2576148584811017,-0.010679914577049204,-0.02680665854830295,0.0,0.005282699458766729,0.009301978352013976,-0.0298770010471344,-0.011590608488768339,-0.022486905835103245,-0.007033509211614728,0.012726695006713272,-0.0320757601223886,-0.034333292779047044,-0.029088749440852553,-0.013394715610193089,-0.04613024797290564,-0.08716498915338888,-0.04241429588524625,-0.052762346877716484,-0.10008224863093346,0.0015227560722269118,-0.12673394011333586,0.003345544096082449,-0.005686958574224263,-0.015385451633483172,0.0,0.015645005844999105,-0.10901444737333804,-0.08087928405962884,0.0,0.0
Shkbp1,0.0016409831086639315,-0.01620778745505959,-0.07675219148397446,0.0,-0.02874429724179208,-0.07951673796633259,0.003813385032117367,-0.017819078639149666,0.017829590034671126,0.002741327676922083,-0.07892970461165533,-0.06433095680549741,-0.03319963960442692,0.08056083394214511,-0.022185659293827483,-0.0039710815530270335,0.020126534597948192,0.016323283216916024,0.11931074747350066,0.014541815752163529,-0.014944757148623467,-0.003577907541766763,-0.022968542061280458,-0.03436402843333781,0.027479320708662273,0.0,0.01067180496873334,0.05219620532356203,0.010018992871046066,2.0,2.0
Cntnap1,0.008416966756340117,0.035771376475531726,0.026598857692442836,0.0,0.008281703721731901,-0.03459420587867498,0.005249447152018547,-0.006929829716682434,-0.02417811531107873,-0.025107789910398425,0.02997859282651916,-0.022198229858186095,0.03364688381552696,0.0569233593903482,-0.01903296939563006,-0.06855619349516928,-0.17755757267586886,0.02286112623754889,-0.06784482571296394,0.09005791589152068,0.010393023760989308,-0.14546940185129642,0.001583303390070796,-0.007358052665367722,-0.01981178575195372,0.0,0.021233811327256262,0.06713644947856665,0.01397920560091734,2.0,2.0
Sars,-0.017249310491606593,0.034870160049758854,0.13554174684686587,0.0,0.02685191310942173,-0.10927059236913919,0.04777638934552669,0.011573592331260443,0.0045030227256938815,0.0038628526404500007,0.02032513969577849,-0.025211498932912947,0.011325901274103671,-0.03970047175884247,-0.012106480365619064,-0.03967170182615518,-0.24635029247030615,-0.262427437948063,-0.03120023010764271,-0.14400008685421198,-0.01665277056861669,0.06203936103731394,0.004788883607834578,0.022309608412906527,0.02425668476615101,0.0,0.004114620261825621,-0.022533217333257197,-0.017543200766667724,2.0,0.0
Usp24,0.059318540901876986,0.0539429338555783,-0.014245744009967894,0.0,0.007850493350997568,0.03045688123209402,-0.0004505214467644691,-0.006280078889103606,-0.0023941838718019425,-0.006587989870458841,-0.13506700664642268,-0.02931943719740957,-0.02438104658271186,0.002643812117166817,-0.0007181775663048029,-0.02913552924990654,0.026803110116161405,0.018467229218222202,0.024493831038707867,0.004925207495689392,-0.010856827911920846,-0.023593596704304217,-0.001821679174900055,-0.04770123717375099,-0.0111810399312526,0.0,0.011027204217389225,0.000668440603185445,0.028531051091849804,2.0,2.0
Tfcp2,0.05572636988654267,0.08232323732692748,0.06031429458409548,0.0,0.03608541622757912,0.007750443732365966,0.004223688542842865,-0.0002047183271497488,0.017989685120992364,0.006168321967124939,0.02609852936817333,0.03554353735409677,0.027022596457973124,0.02688443584833294,-0.0004575825622305274,-0.020055687818676234,0.031201919615268706,0.09354112709406763,0.10056289106141776,0.04054285932099447,0.0020875355415046217,0.07823681730311365,-0.0015912321396172047,-0.0064384259469807146,-0.03392382548190653,0.0,-0.03480358858127147,0.0029132621735334396,0.028531051091849804,2.0,1.0
B4galnt4,0.11846796275582165,-0.16062367332167923,-0.10043318727985025,0.0,-0.02955876611173153,-0.009562242263928055,0.004183470532298088,-0.004588070046156645,0.004348901994526386,0.003137344866991043,0.013151548774912954,-0.01842558684758842,0.013864660579711198,-0.0416722763562575,-0.006369297979399562,0.0005366765148937702,-0.08266132283955813,-0.2561853801785037,-0.05952392474282533,-0.03863401281647384,0.01219662475399673,-0.0012534082680940627,-0.022584040905348955,-0.006828181310556829,0.00872666294220835,0.0,0.01965438890270889,0.049429915552027526,0.009432283705100417,2.0,2.0
Nob1,0.09691994667053222,0.05943406566279009,0.16824466672493144,0.0,0.04361924324184656,0.03161161195021123,0.0060700540989637375,0.004008669098839164,0.007400359828025103,0.0035905908280983567,0.04533957261359319,0.09559369418770075,-0.17562344337813557,-0.012352985572069883,-0.012278533675707876,0.032303760554641486,-0.0018449831008911133,-0.020053050473798066,-0.058146006972528995,-0.019815721530467272,-0.0004163450701162219,0.012561036162078381,0.007335057342424988,-0.006461301408708095,0.0017114402446895838,0.0,0.03528626409824938,-0.023641614099033176,0.004882801473140717,2.0,2.0
4933413L06Rik,0.09238327173283324,0.06080390593502671,0.05154346018563956,0.0,-0.005854121902957559,-0.10249513882678002,0.005249447152018547,-0.026024366705678405,0.028813161549624055,0.0015116252470761538,0.048888846768531946,0.0010527335666120053,-0.019282159192953258,0.10898388738976791,0.006240282077342272,-0.011359212780371308,0.03288970536552369,0.04813844132935628,0.06440913936123252,0.08567865518853068,0.04803000692743808,-0.027332661040127278,0.007884091008454561,0.05411146009806544,0.03165053490549326,0.0,0.014319671373814345,-0.05868669801391661,-0.010666987113654613,0.0,1.0
Pus7,0.05368800195574295,0.029733119267039,-0.041011449706275016,0.0,0.011305987993255258,-0.14094352423213422,-0.0030386829376220703,-0.03152687508612871,0.011973132765851914,0.002688206136226654,-0.33327997649088503,-0.06548328714445234,-0.05149403688497842,0.042825153246521946,0.007274731202051044,0.02552678342908621,-0.027195192775689065,0.022667019066866488,0.11946654609404504,0.04882518427446485,-0.002312401235103607,-0.04863243904896081,0.0052472100220620635,-0.004963924353942275,-0.02223597453907132,0.0,0.00730845978949219,-0.08083353362977505,-0.022977508595213293,2.0,2.0
Plekhm2,0.018580970072071067,0.025682441259268673,-0.01273331796284765,0.0,-0.05121505353599787,-0.04736246842890978,0.004223688542842865,-0.004923122283071279,0.005730527099221945,0.007601280505768955,0.028281175731681287,-0.019380613495595753,0.041681023151613775,-0.17748964278027415,0.040008467296866,0.0016825230699032544,0.008256258424371481,0.020055271619930863,0.13203702667262404,-0.06503129096701742,-0.0053088261373341085,-0.04862196582369507,-0.012744527058675886,-0.007369536766782403,0.002781745186075568,0.0,0.00029426637571305036,0.0968751310929656,0.00960788750089705,2.0,2.0
Samd12,-0.6612867652252317,0.03741969117429107,-0.024075962838251145,0.0,0.0025311622489243746,0.03526665235869587,-4.021793603897095e-05,-0.0002047183271497488,0.007919491329230368,-0.02017632987815887,-0.015803761975839735,-0.021685716034844517,0.015455326470546425,0.020960504948161544,-0.0018233927758410573,-0.0171529112290591,-0.00865974701475352,0.01050666305469349,0.06596818826161326,0.03715444858185947,0.003672997420653701,0.04124247691594064,0.004725392863620072,-0.006461712163873017,-0.03614600036293268,0.0,0.005299382533412427,-0.08107620408991352,0.014924172656610607,2.0,0.0
Trpm2,0.05183822505816352,0.08159740787930786,0.0006485567381605506,0.0,0.020933165848255157,0.07266545224701985,-4.021793603897095e-05,0.013523425757884979,-0.0932968915067613,-0.05945046624634415,0.039839748193044214,0.043842833498492835,0.05040883225388825,-0.017702742598485203,0.001156170885078609,-0.015226747756823898,0.05309481006115675,0.06822712282650173,0.014652763088233768,0.0502857047948055,0.008370320089161396,0.05828341608401388,0.005246823523193598,-0.005771997235715389,-0.0002866613306105137,0.0,-0.030851645809598267,0.1147641289094463,-0.0010699122119694948,2.0,1.0
Dact3,0.05121953455847688,0.019847694511990994,-0.12020181380794384,0.0,-0.005817483223509044,-0.1274654282280244,-0.00024536967277526855,0.007288683233782649,-0.017063512224704026,-0.03573040348012,-0.05529155370895751,-0.016803754288703204,0.02061534509062767,0.05295377179223579,0.002704601137156715,-0.008822552748024464,-0.06562215965241194,0.0246395433077123,0.0817620790656656,0.0374833750538528,-0.016424461603164672,0.00043188987299799917,0.015758325905771926,-0.03212232493795455,0.04661976677365601,0.0,0.0043281531240791085,0.06834505915408955,0.0001608458999544382,2.0,1.0
Slc27a1,-0.026081459103152155,-0.0284464444546029,-0.04602086101192981,0.0,-0.036137581951916214,-0.055793541288003325,0.0033628636598587035,0.008269170159474015,0.012473098831251264,0.001338367722928524,0.0423838777677156,-0.01045692834071815,-0.08969737215200439,-0.002640774794854224,0.012225498074149072,0.03177963298745454,0.11022199238650501,0.03600764616858214,-0.03237878413405269,0.05328245951328427,0.08632767423056066,0.03956869008485228,0.015718265019822864,0.026314699007198215,0.012572079142555594,0.0,-0.0009016117965802551,-0.003759984355419874,0.0006097812298685312,2.0,2.0
Glb1,0.040676102551515214,-0.09225722839822993,-0.0030984022095799446,0.0,0.016044726632535457,0.031174313651863485,-4.021793603897095e-05,-0.01138546044472605,0.014703907556831836,0.002886214735917747,0.07040759794414043,9.324208833277225e-05,-0.07745975802885369,0.006677968250587582,-0.001087177279405296,-0.018279386702924966,0.03561771748121828,0.01834965551737696,0.05552478272467851,0.06756214281544089,0.0007570679346099496,0.061860241703689096,0.006803802754729986,-0.0032852016016840934,0.010301112178713084,0.0,-0.006149392016232014,-0.010997526170685888,0.028531051091849804,2.0,2.0
Pisd,-0.003474374616635032,0.005371514754369855,0.1675290768733248,0.0,0.0417698757071048,-0.028850528018083424,0.004223688542842865,-0.011590608488768339,0.010844807038083673,0.0040361101645976305,-0.06728327948250808,-0.041191837387159466,-0.03731838708510622,0.0672969521698542,-0.016605294006876648,-0.039609328377991915,-0.10341935885604471,-0.009679195592179895,0.05313346942421049,-0.024181258310563863,-0.0029863353352993726,-0.1087492883298546,0.0035998693108558657,-0.01181102184113115,-0.03573470046743751,0.0,-0.004613703703507781,-0.012494553774595261,-0.08148963800631463,2.0,2.0
Acap3,0.0479175133118406,0.09695289330789819,-0.038181540155783296,0.0,-0.02396131493151188,-0.03854201873997226,0.009927718862891198,0.008870156183838844,-0.013639990736264736,-0.023138311090879143,0.0029312968906015156,0.0038290741690434516,-0.022196202534250916,0.05577460973756388,-0.04195299064740539,-0.023317127764457837,0.015829481622204183,0.024732567123137414,0.07145750869065523,0.0628507560188882,0.008240406746044754,-0.10763375453650952,-0.0042886130092665556,-0.03530736818909645,-0.008350146301090718,0.0,-0.010594176007434725,0.1475246637570672,0.008549940567463636,2.0,2.0
Zgpat,0.07440070794895291,0.06834741567028686,-0.018668874455615877,0.0,0.009562154784798622,-0.004408182429615408,0.00672978900372982,0.03286620296537876,0.00920219335705042,0.006289473548531532,-0.05922860507387668,-0.027590505853295325,-0.02246286040637642,0.030372107615694404,-0.009890040596947074,-0.002210096623748541,0.0081790983537212,-0.001211291654035449,-0.00970421081641689,-0.07172263788059353,0.001560248644091189,-0.15398766102269293,0.0012058290326967835,-0.04168619338423014,-0.01120647526346147,0.0,0.018382298862561583,0.0678429839387536,0.006826884550973773,2.0,2.0
Zmiz2,-0.06359761762898415,-0.198794047026895,0.1648171986313537,0.0,0.03899282650090754,-0.09331446352181956,0.004183470532298088,0.005590762011706829,0.011444566817954183,-0.009803708125837148,-0.04713406378170475,-0.006807446675375104,0.014903604299761355,0.02329891762463376,-0.0012610083665276761,-0.041189606944099066,0.07433848988264799,0.05489843043498695,-0.04316428496385925,0.049235442182980475,-0.013332527624443173,0.0077046435885131355,0.01594531025737524,-0.03479279770981521,-0.009196415562182664,0.0,-0.0010701747960411012,-0.014638282265514136,0.023599058552645148,2.0,2.0
Ilf2,0.22062918770243414,-0.0706589525914751,0.061808222520630805,0.0,0.02248334907926619,0.006512327429372817,0.00015437155961990358,0.05342883240431547,0.02702983906958252,0.002512306496500969,0.0267641194537282,0.01583581369370222,-0.014347788938321173,0.11931765845045447,0.012657095633621794,-0.013334912788122892,0.029338603038340808,-0.14123788993107156,0.09307922734646126,0.03194627712015063,-0.005810131402686238,-0.014134966409765184,0.005625613615848124,0.09198637635447085,0.03644539350643754,0.0,0.08237238891189919,-0.04033105080714449,-0.01911010759882629,2.0,1.0
Senp1,0.05243750095076393,0.042999129942618314,0.03233785580145195,0.0,-0.058163557667285204,0.07425410132622347,0.0004927703738212586,0.013523425757884979,0.012501529180444776,0.012600997574627399,0.055913122582715004,-0.014142387378960848,0.04506908919662237,0.01409300982952118,0.004174778205342591,0.011844290711451322,0.04669478363357484,-0.06607624843716621,0.09967576531460509,-0.08231278374791146,0.011523902644403278,0.06191365152131766,0.00475485588889569,-0.011664214706979693,0.02497403836809099,0.0,0.00762104123365134,0.044753943867981434,0.012691614311188459,2.0,2.0
Actr3b,-0.06360833735336201,0.003022923826938495,-0.016642049821093678,0.0,0.007491043638437987,0.013789739590138198,-0.030328334933146836,-0.004588070046156645,-0.11382537527941167,-0.014865456435363739,0.01862115165917203,-0.024685428254306318,0.009343931484036148,0.035918883699923757,-0.02450694522005506,0.038759834850206974,-0.23595027815084904,-0.27917021745815873,0.007786979681695811,-0.08968440065626054,0.004377849451266229,-0.1844979587942362,0.0034844898898154495,-0.005571973575279117,0.00667709075845778,0.0,-0.03921172957983799,-0.0736976828193292,-0.0070316719729453326,0.0,0.0
Fstl5,-0.5436430252995342,0.033104622646933424,-0.06053028585854918,0.0,0.012649979600682855,0.018710468667559325,-4.021793603897095e-05,-0.028897993080317975,0.04087729014456272,-0.006563238794915378,0.005925142075866461,0.08807138558477164,-0.05445016066893004,0.01829709958285093,-0.017179272272624075,0.031642135987058284,0.01915235249325633,0.0033536962082143873,0.019533986700698735,-0.0011058416671585291,0.004518915293738246,-0.022193908728659152,-0.06859455410740338,0.01869582330342382,0.012656673407182097,0.0,-0.008949065813794732,-0.16875086093321442,-0.03127399226650596,0.0,0.0
Cacna2d3,-0.36722068501636385,-0.01266616619526758,-0.06053618203382939,0.0,0.010906146392226219,0.01996237376704812,-0.03057451699860394,-0.004923122283071279,-0.01913570067146793,-0.006810749545693397,0.021631286311894656,-0.035144603424705566,-0.005913238571956754,-0.048947135750204325,-0.020375744975171983,-0.0484972642082721,0.0007065927493385971,-0.01502592978766188,-0.08292500740848481,-0.07289053430780769,0.0032537369383499027,-0.0714701522141695,0.00029282755218446255,-0.0048490916285663845,-0.006932627195492386,0.0,0.01578119459329173,-0.1194833972491324,0.011398236220702528,0.0,0.0
Ssbp2,-0.48025536771805494,0.03638071716619379,-0.001702411836013198,0.0,0.0076720114517956975,0.025304394743870945,-4.021793603897095e-05,-0.003205603512469679,-0.005841790687991306,-0.019702836270444096,0.020282942712074144,-0.0349441992957145,0.008267245152965189,-0.028029083899436955,-0.00057400016579777,0.026146656847558916,-0.011911454210057855,0.018566442143637688,0.12315993245923891,-0.07127481710514985,-0.011260357880964876,0.03583263016305864,-0.0029235467105172574,-0.005690923994407058,-0.04378117365762591,0.0,0.009273581651505082,-0.10313542159507051,-0.054546051276847723,2.0,2.0
Fam76a,-0.05368852536194026,-0.07599894389510155,-0.008683477593585849,0.0,0.01923889435827732,-0.13600334379589185,0.004183470532298088,0.05342883240431547,0.004602661319077015,0.002193184643983841,0.03563952718162909,-0.029389803651720284,-0.018697367245331407,-0.05617010596673935,-0.028586036171764136,0.0016511484514921903,0.046896988614462315,-0.032671221904456614,-0.038904523896053436,-0.012735613747499883,-0.013425670545548201,0.03425983597291633,-0.02252240200759843,0.051875937525182964,0.04749400518834591,0.0,0.006595802782103419,-0.010103548849001527,-0.024405486630275846,2.0,2.0
Dok6,-0.28879996764007954,0.0025182289630174635,0.035653546903049574,0.0,0.0033125611394643783,-0.02103333259001374,-0.03057451699860394,-0.008049199657980352,0.011738874213770033,-0.004511321811005473,-0.06382421013433487,-0.037799987888429316,-0.008513870752649382,0.044724255020846614,0.007843941522296519,-0.0038405600853729993,-0.006016857228241861,-0.029221919738920406,-0.017725882704835386,-0.1184390324447304,0.001070829601958394,-0.12730601305142045,0.005017743334174156,-0.0062246660050004725,-0.010349395349621773,0.0,-0.07301662092562765,-0.02997779192402959,-0.051782026290893554,0.0,0.0
Capn15,0.050487710108864124,0.06457940502557903,0.0003269241307862103,0.0,-0.030731177385896445,0.0654392860038206,0.0006568917632102967,0.01020361827686429,0.017374694384634494,0.002688206136226654,-0.20021777118556203,-0.003948740419000387,-0.06596837732940912,-0.010972506434191018,-7.232848554849624e-05,-0.024894437212496998,0.013858289485797285,0.05753822198137641,0.0509013453964144,0.08932570209726691,-0.006215635384432971,0.07589324418455362,0.007743100170046091,-0.02955544285476208,-0.01423006447032094,0.0,-0.01385370722739026,-0.04433163724606857,0.028531051091849804,2.0,2.0
Nyap1,0.07737108648871072,-0.00323242669692263,-0.10216364812338724,0.0,0.010678669372573495,-0.10299172711325809,0.004018536806106567,-0.004029227276332676,0.00980572753585875,0.006190469260327518,-0.05947647932684049,-0.01772181103937328,0.02367527222260833,-0.0305174990138039,-0.007960010715760291,0.04844448945950717,0.015142861702479422,-0.0291700613219291,0.05003638660768047,0.04604993341490626,0.0007434232346713543,0.008056497275829315,0.01887894610175863,-0.031103352000936866,0.016050031911581754,0.0,-0.0057714113662950695,0.08000389570835978,0.04725757261738181,2.0,2.0
Pkd1,0.008070881631283555,0.043613672945648434,-0.17539822357008233,0.0,-0.026590421963483095,0.07425410132622347,0.0003700855374336243,0.00298538223374635,0.009950724495574832,0.0025185680016875265,-0.0037186655239202083,-0.013997375844046473,0.0120175592135638,-0.15908803209662437,-0.0014436937216669322,-0.02853118975646794,0.024883184731006622,0.013316853283904494,-0.05377173155546188,-0.03490083542652428,0.010285970084369182,0.05369135219603777,-0.0026641882583498954,-0.03530736818909645,-0.013570988774299622,0.0,-0.014858574003446846,0.029772879076190292,0.018730226303450764,2.0,2.0
Gm20319,0.051386841895873656,0.0641355904028751,0.02971880467608571,0.0,-0.00041937269270420074,0.0513395665679127,-0.0003274304140359163,0.016334866583347322,0.00627857762388885,0.002397998839151114,0.013983404657337814,0.048400860177353025,-0.04942082280293107,-0.04411965888459236,-0.0417294091228905,0.008077439912594854,0.0548733929079026,0.07929272254696115,0.033001802936196326,-0.06281139959115535,0.01084902004338801,0.06608975447714328,-0.002877614414319396,-0.006113780867308378,0.02467729679308832,0.0,-0.07232075676787644,0.10001143924193456,0.03751232570037246,0.0,1.0
Cep89,0.06378047573292861,0.011299087186343967,-0.10753341740230099,0.0,-0.030957080256193877,-0.09484369164565579,-0.0003274304140359163,0.005590762011706829,0.015485246572643519,0.0025185680016875265,0.01369362678611651,0.00797733516432345,0.008331548920832575,0.013917377572506667,0.004767531752586365,0.07878349976614117,0.01822508089244366,-0.02739259837428108,-0.03247490458656102,0.0859022539947182,7.033055648207665e-05,0.00840787822380662,0.005262063313275576,-0.03530736818909645,0.007424056408926845,0.0,0.007162550259381533,0.023556806338019667,0.05490616843104362,2.0,2.0
Sap130,0.04625880184757989,0.032247089217416945,0.15635177856776863,0.0,-0.006570876091718674,-0.1008085978915915,-4.021793603897095e-05,0.05342883240431547,0.007320358902215957,0.0019657164532691242,0.044405288950074465,-0.0311496271006763,-0.020959896235726774,-0.07270634204149246,0.00597415239084512,0.03437032898887992,0.027907485645264386,0.035299583724699914,0.02988450227305293,-0.12818547346629203,-0.011763482056558132,0.09952333354856818,0.006986558735370636,0.03363836461678147,0.053374068615958094,0.0,0.01484888260718435,-0.07773616500664503,-0.012049646405503154,2.0,1.0
Kdm5c,0.10978053761646152,-0.07186396223725751,0.039079688016790896,0.0,-0.050552588729187845,-0.04496591839008033,-5.0780214369297024e-05,0.03238508455455303,0.008922978420741856,0.008346649259328843,-0.008557430165819824,0.022117653894238174,0.013680100701749324,0.022127951877191663,-0.0010996751626953483,0.019213267797604204,0.024420931013301016,0.019772841930389404,-0.0467741571739316,0.020060805559623987,0.010511445477604867,0.00961847523227334,0.01794773820322007,0.01619473284110427,0.0558082402870059,0.0,0.03261808095965534,0.02259229626506567,-0.02795212322846055,2.0,1.0
Ano3,-0.35884803742635996,-0.005405085333331954,-0.03341974351904355,0.0,0.007876603258773684,0.013581347777508199,-0.03057451699860394,-0.025537397135049104,-0.002597718704491854,-0.006439483421854675,0.009535998674109578,0.10656805390492081,0.032635047094663604,-0.0028674717202375175,-0.01726853720028885,0.0512537511670962,-0.022977494488004596,-0.036367769051576036,0.06229360591853037,-0.08077345742378383,0.001332887929165736,-0.08921903437003494,-0.0015184741152916104,0.017890553860925137,0.04319538909941912,0.0,0.043869249213021246,-0.1244912485126406,-0.009421560233458876,0.0,0.0
Nrg3os,0.01591732016269816,-0.00516195239732042,0.10970509496051818,0.0,-0.0030343524366617204,0.047196812094189224,-0.03057451699860394,-0.011590608488768339,0.008061462454497815,0.0016872058855369686,0.05122613233281299,-0.027590505853295325,-0.017695826452691108,0.039016526718332896,0.02993473259266466,0.06745377496350556,0.01815259743016213,-0.025562922935932875,-6.081130588427186e-05,-0.2660605141567066,0.010871370229870081,-0.22268670929362996,0.005290367538109421,-3.2066423445940016e-05,0.046997740333899855,0.0,-0.04452401821967214,-0.06784971260465682,0.06991742424666882,0.0,0.0
Smc3,0.043938594462233596,0.04304959174012765,0.05071608719183132,0.0,0.03552065897732973,0.025594428135082125,0.004223688542842865,-0.0515704788453877,0.026016654260456563,0.006168321967124939,0.05338479342870414,0.0010527335666120053,-0.04818653329275548,0.06526871809735894,0.008469140715897083,0.012048751851543783,0.010344252036884428,-0.05804776309989393,0.11972677993122488,0.07760396517813206,-0.010002059363760054,0.05971244209911674,-0.0038706260407343506,0.026770083382725716,-0.02199538266286254,0.0,0.009829724631272256,0.011551452483981848,-0.0003661317564547062,2.0,1.0
Mettl17,0.11302282915217803,0.055486794256139546,-0.013282117163762451,0.0,0.019377870690077542,-0.1515735336067155,0.0009855406731367111,0.007996266316622496,0.015448148404248059,0.007762176431715489,0.038107562086079266,0.08358292100951076,0.01569243613164872,0.08552654004190118,0.005537759396247566,0.007893384508788586,0.017942993203178048,0.07858348826412112,0.09299577882513405,-0.019400062332861127,0.011822851519100367,0.020451548281125723,0.008066846989095211,0.06550181919708847,0.06750109022483229,0.0,0.026999800647608936,-0.04665875354781747,-0.009260141672566533,2.0,1.0
Cdh8,-0.39440128873568026,0.015674489649245515,-0.03623962014680728,0.0,0.007876603258773684,0.01797752644866705,-0.0298770010471344,-0.03152687508612871,-0.003021486490033567,0.0009918526839464903,0.012131801116047426,0.10312882842496038,-0.049026328292675316,-0.0020226069168711547,0.03245550534571521,0.1304751674318686,-0.0043438165239058435,-0.032621540274703875,-0.020350484743248673,-0.09354629492387176,0.004518915293738246,-0.04877304294146598,-0.06417476347531192,-0.006857353518716991,-0.011455815955996514,0.0,-0.006240522360894829,-0.11229517488274723,-0.007631091233342886,0.0,0.0
Cit,0.03169291163969319,0.05449954232550226,0.005443766218377277,0.0,0.020933165848255157,0.08912675217725337,-4.021793603897095e-05,0.0006401865882799029,0.0028975103725679217,-0.0004992255195975303,0.06534829852869734,-0.01322938579134643,0.02025722897029482,0.04315376777201891,0.0053638535691425205,9.155157022178173e-05,0.033774224263615905,0.06292774725705386,0.05284303392283619,-0.026297061368240976,0.009958969028666616,-0.038247761065140364,0.004842285960912704,-0.0032852016016840934,-0.039413073556497695,0.0,-0.09566543157678098,0.018301461078226566,0.01569503896869719,2.0,2.0
Chd5,0.07403554934076965,0.08388260998297482,0.09689696029759944,0.0,-0.003880328629165888,0.06945485416799783,-4.0624178946018217e-05,-0.0037089510215446353,-0.02145424344576895,-0.035370312752202156,-0.022310514519922435,-0.010209289228077978,0.04293396038934588,0.03645194291835651,-0.002232463308610022,0.0036295728292316197,0.011476072072982789,-0.187592836311087,0.04479658351279795,0.08274021200602874,0.008697321144863964,0.060247366726398466,0.006374271120876074,-0.02983184336218983,-0.04164114728569984,0.0,-0.00940995181677863,0.03593995159724727,0.004911255771294237,2.0,1.0
Prkcz,-0.027305477405461714,0.020063202667515725,0.0048195616225712,0.0,0.01923889435827732,0.0481851752451621,0.0003700855374336243,-0.004923122283071279,-0.15908088895957917,-0.0326437579235062,0.06414046510821209,-0.011879006111994385,0.0370750926155597,0.0038781312946230173,0.01098074609413743,0.02229078133124858,0.015611330373212695,0.0011028134915977716,0.03160113592166454,-0.04160138353239745,0.01248705227393657,-0.10815830810926855,-0.004192715282551944,-0.0022561173886060716,-0.004412352619692683,0.0,0.00816856450168416,0.03932222013361752,0.004558016704395413,2.0,2.0
Pgbd5,-0.062136672782653474,-0.08006107409484685,-0.005937466779723764,0.0,0.007730128252878785,0.028132055159658192,0.0013958441466093063,-0.00598667053040117,0.0043816319620236755,0.002193184643983841,0.015383877672720701,-0.025211498932912947,0.010573670668527484,-0.04304458566941321,0.0029111624928191302,-0.017683625603094697,-0.17595841427333653,-0.29225004721432923,0.03312189627904445,-0.016687187640927734,0.0015264550573192536,0.03495545478537679,0.006244347020983696,0.022215351490303875,-0.004148773280903697,0.0,-0.0015168780088424684,-0.012179575692862273,0.0031651920359581707,0.0,0.0
Smarcd2,0.34118049876764417,0.09096094672568142,-0.045667856028303505,0.0,0.01057014849036932,0.02532689293846488,0.00672978900372982,-0.029312120508402584,0.009800293850712478,0.002193184643983841,0.001992679135873914,0.07174474991858006,0.03524426834192127,0.01540330943185836,-0.021350504946894944,-0.01928649879992008,-0.1586690436396748,-0.017748065071646123,-0.16436341591645032,0.029869452882558108,-0.009679125659167766,-0.014409443708136677,-0.0026058221235871317,0.01899898665957153,0.03556682307273149,0.0,0.09375725195743144,-0.017071541901677846,-0.027790704630315303,2.0,1.0
Setd1a,-0.005564795110840351,0.05111522775841877,-0.09883115319535137,0.0,-0.030809080353938045,-0.1518139900523238,0.005249447152018547,0.009772807545959949,0.01789415132254362,0.0023948126286268234,-0.003708382917102426,-0.010435666958801448,-0.007683836366049945,0.08670883381273597,-0.003279058658517897,-0.025224841088056563,0.010389767209999264,0.030244156369008124,-0.02212513893842697,-0.03094025459140539,-0.01675295427907258,0.042340953941456975,0.00566627967171371,-0.02940744295716286,-0.028018054198473693,0.0,-0.04298965237569064,0.08900123717729003,0.01182099306024611,2.0,2.0
Chd1,0.0326374188279442,0.0018107703211717307,0.1441145070735365,0.0,-0.05348784253001213,0.05495605913456529,-0.0003274304140359163,0.007288683233782649,-0.20321226420812308,-0.018129706042818727,-0.02827108492841944,-0.03432230661157518,0.009009723104536533,-0.05423470760695636,0.0019411535607650875,0.036882623890414835,0.012817081874236464,-0.007323708089534193,0.007337291898438707,-0.017726330861914903,0.010778777590021492,0.02385909354314208,0.006796501073986292,-0.041966479970142245,0.013695486159995197,0.0,0.01931991855148226,-0.06603913576342166,-0.0068708211742341515,2.0,1.0
Dapk1,0.007092338786897016,-0.008073422503657638,-0.031176808786112814,0.0,0.010471025053411721,0.05365566668100655,-0.03057451699860394,-0.004923122283071279,0.0068593764211982485,0.0019571445882320404,0.02967955341329798,-0.012925565438345075,0.005742710307240486,0.00395367278077174,0.02153080448973924,0.14421007446479053,0.015218374459072948,-0.012220107950270176,-0.10447995505761355,-0.16496078467927874,0.011786335767246782,-0.0735718784481287,0.0011835402855649591,-0.054290848625823854,-0.0017566259484738111,0.0,0.04147361654788256,0.014886570232920348,0.023369414024055003,2.0,1.0
Dnm2,0.04014670729346108,0.0316531648975797,-0.10038690882734955,0.0,-0.03897239567711949,-0.07668783244676888,0.004223688542842865,0.002230360973626375,-0.010144660591613501,-0.004242526260204613,0.02075620923889801,-0.005965856874827296,0.012402085047215223,-0.04396127878804691,-0.06750887842728844,-0.0032293866062536834,0.02029555625282228,0.0459136453573592,0.04807153374888003,-0.03736595262773335,-0.01150683845859021,0.02693978015333414,0.004289909091312438,-0.014652943899855018,-0.025080359512940048,0.0,-0.005947058429010213,0.004979587050620467,0.008549940567463636,2.0,2.0
Tbc1d9b,0.1175096594588831,-0.005461412882432341,0.01637365622911602,0.0,0.006191645944491029,-0.06395337893627584,0.0022144201025366783,0.008870156183838844,0.01430953417904675,0.002193184643983841,-0.01957398127531633,-0.02132365299388766,-0.021389957554638385,0.033540473508182914,-0.025295133627951147,-0.05777134759351611,0.013007730268873275,-0.031945823323912916,-0.1354590395989362,0.05098193342331797,-0.0009337439108639956,0.03819067504489795,-0.02258332066470757,-0.03409208119381219,-0.006091354582458734,0.0,0.0027338893222622574,-0.03826037030667066,0.023599058552645148,2.0,2.0
Zfp444,0.08537774661090225,0.07750768286641688,-0.02391221872996539,0.0,0.01923889435827732,0.01899874408263713,0.010993695482611657,0.005861480813473463,0.03855344351381063,0.0019571445882320404,0.05477934791240841,0.015683822613209487,0.042404406960122286,0.013915105827618391,0.020501048266887666,-0.04315670320414938,0.010521652102470398,0.009849818805232644,0.05966711694840342,0.031374055549968034,0.00017926150001585484,-0.0663152022403665,0.002579352171160281,-0.0045784178702160715,-0.00848178481683135,0.0,-0.05436302472837269,0.009864632203243674,0.023599058552645148,2.0,2.0
Dhdds,0.08024688147866982,0.03696660537505522,0.009176562424981967,0.0,0.015818823799490928,0.026994445291347802,0.0018061476200819015,0.05775745663791895,-0.2455239740712568,-0.0547725131502375,0.03300641120178625,-0.014698168186005205,0.04103175054769963,0.025888249818235634,-0.020727917086333036,0.036236927323043344,0.03250700982753187,0.038666933411732315,0.07796877666842192,0.06661602030973882,-0.011197628998197616,0.10194881714880466,-0.0009247301705181598,0.055029161870479584,0.009288756903260946,0.0,0.011011260403320193,0.017117810966446996,-0.0003661317564547062,2.0,1.0
Uqcrc2,-0.06934769500046968,-0.11243410937022418,0.01416419274173677,0.0,-0.025234548083972186,-0.0676788086257875,0.004183470532298088,0.009772807545959949,0.008183273412287235,0.007032005786895752,0.01001766913337633,0.009438258111476899,-0.005423998292535544,0.021409075339324773,-0.007875810847617687,0.02249241665471345,-0.10560319244861603,0.04949896605219692,-0.10684675121679903,-0.05823826372623444,-0.017901835376396776,0.022337403718847782,-0.022288518564309925,-0.018117169705219566,-0.0031110496260225774,0.0,-0.008582111853174866,0.0693339403346181,0.023369414024055003,2.0,2.0
Ampd2,0.24421265405602754,0.0033175114798359574,-0.008187758184503765,0.0,0.007629763749428094,-0.02208370801061392,-0.028440938964486122,0.02906899232417345,0.00039750002790242436,0.0015744077786803245,0.02228662960929796,-0.03144133577588946,0.015192183977924288,0.0004096639505587518,-0.006505192033946514,0.03957199081312865,-0.13665435211732985,-0.032845143193844704,-0.03613915952737443,-0.24827467585913837,0.004990173857659101,0.01748012482188642,0.0032524028234183788,0.0432174835819751,0.03566673455759883,0.0,0.04514855524059385,-0.0263111784751527,-0.006144437529146671,2.0,1.0
Hdac7,0.05559074730525026,0.05444476282224059,-0.0067305293283425275,0.0,0.01057014849036932,0.07425410132622347,-4.021793603897095e-05,-0.009744276199489832,0.010441887406632305,0.007032005786895752,0.04033201521029696,-0.012622384466230869,-0.017180612385272978,-0.018478600373491645,0.032220902782864866,0.029734052126295863,0.030826754532754422,0.0006187995662912726,-0.016917375517077744,-0.08858331691473723,0.009958969028666616,0.03227266680449247,-0.0023369964212179182,-0.05684326713904739,0.016069548130035402,0.0,-0.014994598638731987,0.053935634358786046,0.004558016704395413,2.0,2.0
Kcnip2,0.03477684831479564,0.046794793859589845,0.007341500215698033,0.0,-0.03433777287602425,0.05824793057283387,0.0006568917632102967,-0.004923122283071279,0.008593646436929702,0.012600997574627399,0.06653348909458145,-0.006322032678872347,0.04286962718237192,-0.046264057124499235,0.07176312169525773,-0.04545676207868382,0.011899471008218825,0.038614498577080665,0.0836418570636306,-0.08903765217401087,0.009898468349128962,-0.09981859039515256,0.029274579687044024,-0.004107536254450679,-2.2466303780674933e-05,0.0,0.008480090976227074,0.04860964778345078,0.028577768113464116,2.0,2.0
Golga5,0.13664302760647842,0.08588964947499335,0.0008780276495963335,0.0,0.006191645944491029,0.061952566548716274,0.00672978900372982,0.007350227632559836,0.028819136656820774,0.002193184643983841,0.004857227278407663,0.0023072285950183867,0.028969565276056528,0.002366519756615162,-0.0019050715398043394,0.017758150398731232,0.045747490571811794,0.10950260230805725,-0.03049510850571096,0.07104600280988961,-0.03184830313548446,0.0771094431122765,0.005230651218444109,-0.04809723642654717,-0.0006713498849421739,0.0,0.008019142900593579,-0.008865944491699338,0.00039413830265402796,2.0,1.0
Ptprs,0.09653049060609192,0.09041764655150474,-0.015109411850571632,0.0,-0.05474348714575172,-0.11775984520092607,0.004428840279579163,-0.0002047183271497488,0.009960995120927692,0.0019571445882320404,0.05294860053109005,-0.012622384466230869,0.012800314100459217,-0.00465743119828403,0.02401400820352137,-0.018695116234011946,0.11086440755985677,0.02086301476228982,0.006620337902568281,-0.0634161793300882,0.0013082631165161728,0.043295081425458196,0.005953101348131895,-0.009177419072948396,-0.026490425430238246,0.0,-0.006034949906170368,-0.003525468707084656,0.018730226303450764,2.0,2.0
Mgll,-0.025478094788268207,0.01664641975541599,0.11289389461278915,0.0,0.014804673418402671,0.00924163946416229,-0.030656577683985234,-0.003692325046285987,-0.10582745071267709,-0.012149016379844398,0.018056823869701474,-0.0230784061178565,0.03527034700848162,-0.018808267787098886,-0.01749155923142098,-0.010445792372338473,-0.21625505404314027,-0.2534077343076933,0.07120482523925603,-0.0849810308823362,0.003646737993694842,-0.2557679172279313,0.000757120072375983,-0.004347318205982447,-4.876443184912205e-05,0.0,0.03164162244880572,-0.055038703950121996,-0.0343513245228678,0.0,0.0
Ccar1,-0.01868866842065472,0.016147083474788815,-0.04463756595738232,0.0,0.00961171650327742,-0.10053914948366582,0.004223688542842865,-0.03152687508612871,0.0019804652035236357,0.002688206136226654,-0.22779538578353822,-0.03411774336360395,-0.06587824137881398,-0.04820348706562072,-0.002784449364989996,-0.03781203217804432,-0.01220829742960632,-0.026144118569791316,0.06240142905851826,-0.13865273686125876,-0.0003697198024019599,-0.08448762653395533,0.036917515005916356,-0.025351426666602492,-0.021377732567489146,0.0,-0.004555794161278754,-0.08259310423629358,0.026254098722711207,2.0,2.0
Pfkfb3,-0.031533133319026095,-0.007031313382904045,0.18422446478158236,0.0,0.04616270106285811,-0.01678953800816089,0.045888993376865986,-0.03152687508612871,-0.11317364359740167,0.0032802975457161664,0.045352700755465776,-0.03040624878369272,-0.05379323967732489,0.04149710048441193,-0.02034489521291107,-0.04599457504227757,0.00897961959708482,0.0027133246371522546,-0.03806126624345779,-0.03927627231925726,0.0037765006721019747,-0.16513306787237525,0.004388553476892412,-0.008004913534969092,-0.05265016535297036,0.0,-0.010393131403252482,-0.06404153698123992,0.02536885646171868,0.0,0.0
Map7d1,-0.011492978469468652,-0.04027496546506882,-0.03338949453551322,0.0,0.006191645944491029,0.06344803736545146,0.005249447152018547,0.008870156183838844,0.01413368247449398,0.0014506524056196212,-0.13464740842347964,-0.0034743643924593924,-0.014432594617828727,0.0295787664456293,-0.009195838845334947,-0.0028862784150987864,0.02114322270732373,0.03282957558520138,0.09165089541114867,0.05707768897060305,-0.0014009823463857175,0.11773377433419227,0.007987489346414805,-0.03409208119381219,0.008680885210633277,0.0,-0.006218589646741748,-0.04032290095463395,0.009185130661353468,2.0,2.0
Map4k2,0.014396602456690744,-0.13853239744668827,0.010692464467138053,0.0,0.013756281975656749,-0.03721540172118694,0.0029525601863861083,-0.0037089510215446353,0.011166088669560849,0.007725035878829658,0.0014272806700319051,-0.005865668132901192,0.008933970369398594,0.022957211746834218,-0.0009843460656702519,0.0323441753257066,0.003916526483371854,-0.12133481056662276,0.07228825987316669,0.03600592062168289,0.036670701541006566,0.01951184744015336,0.016489637680351735,-0.0032852016016840934,-0.03273974834010005,0.0,-0.13993548257509247,0.10423127229791135,-0.0169178174296394,2.0,2.0
Myo18a,0.07566483795177191,0.06834808802232147,-0.01852464106399566,0.0,-0.03128408133052289,-0.15642276109196246,0.004428840279579163,-0.0037089510215446353,-0.04522010569693521,-0.006068217307329178,0.00700556504772976,-0.0002914728946052492,0.007824548641219736,-0.01316485868766904,-0.030356893371790646,-0.05059541086666286,0.0012534396862611174,0.018999960194341838,-0.055595609322190286,0.012732423760462552,0.0009111903887242079,0.032210103187244384,0.01767851863289252,-0.030158844413235783,-0.006017230378929526,0.0,-0.0038518711109645663,-0.032369040534831583,0.023599058552645148,2.0,2.0
Gab2,-0.473357800161466,0.029868382799904794,0.009245124808512629,0.0,-0.004788011708296835,-0.040095304572023455,0.003157711923122406,-0.006280078889103606,-0.044161319956183435,0.00841128658503294,0.015473539507947862,-0.015014131385833025,-0.02584419116261415,0.00936783641576767,0.0030482464702799917,-0.031166633265092968,0.018932580100372434,0.06395064455689863,0.07115870857378467,0.0356873485725373,0.004559774349909276,0.01428593802265823,-0.0017848961218260228,-0.013837132724002004,-0.0111810399312526,0.0,-0.0037332035251893105,0.03919209877727553,0.023599058552645148,2.0,2.0
Iyd,-0.026563038052991032,0.01899561936996179,-0.005227152821607888,0.0,0.0030478870309889315,-0.04098176802508533,-0.028440938964486122,-0.00903091945219785,-0.0004327237419784069,0.0012278927396982909,0.00869145526085049,0.028963719555176796,0.017364641417516397,-0.004305481351912022,-0.017034367063315584,0.029298152551054956,-0.18107878505717964,-0.3644434790452942,0.019336189626483247,-0.20841724847094156,-0.004545789952389896,-0.13390098012052476,0.0034844898898154495,0.014948404105380177,-0.003054902250878513,0.0,0.020283774160780012,-0.11538591807242483,-0.006322644604369998,0.0,0.0
Bcl2l2,0.12075325648125727,0.05015526541275903,0.024040216687135397,0.0,-0.020542977787554265,-0.09338472776347771,0.004183470532298088,0.05775745663791895,0.014525953978300095,0.012600997574627399,0.02175039442256093,-0.016518120472319424,-0.07494462476111949,0.005540262903086841,0.010470442739315331,-0.01680746397934854,0.015998424659483135,0.06559623074252158,0.06309280901332386,0.07123520403169095,0.007809470845386386,0.027998220114968716,0.007480560429394245,0.03778730091173202,-0.011318508964031936,0.0,0.011729721801821143,0.07511580311693251,0.025768941901624202,2.0,1.0
Dtx3,0.11128273595357313,0.054198569914588005,0.008623059061355888,0.0,0.01813270501792431,-0.1131109838699922,0.0018061476200819015,-0.01843379650497809,0.008279122794046998,0.002193184643983841,0.04038022593129426,-0.024397073886357246,-0.08051246406510472,-0.050902615040540694,0.0273105451464653,-0.01348376345122233,0.0705278300959617,-0.2494330565072596,0.010406215195544063,0.02530437323730439,-0.0037877811724320054,-0.008178330985829233,0.006782903289422393,0.02187753202393651,-0.013954948321916162,0.0,-0.030233252933248876,-0.020057705976068974,-0.020480130007490514,2.0,2.0
Magi3,-0.5393255060631782,0.027279938343272078,-0.051708113211207093,0.0,0.00494173375191167,0.027994234152138232,-4.021793603897095e-05,-0.0002047183271497488,0.0034284041915088894,0.0012146123498678208,0.024156340728513897,-0.03482346573844552,0.01078607619740069,-0.05453891353216022,0.0011746913893148302,0.04303936400450766,0.01868510275147855,0.007733402329031378,-0.03834513518959284,-0.03840648962650448,0.003672997420653701,0.04347962851403281,0.0038905274262651802,-0.02820749638136476,-0.05888339124619961,0.0,0.0008190970378927887,-0.17982947351410986,-0.0805416506063193,0.0,0.0
Dnajc11,0.05102291653805878,0.05463698585052043,0.00966228581732139,0.0,0.016044726632535457,-0.0884531525732018,0.004223688542842865,-0.004553855862468481,0.012506549251265825,0.007601280505768955,0.006949992186855524,-0.009416319252923131,0.014601044422015548,-0.04154641112312674,0.0014759405655786395,-0.019469145301263778,0.02872074829414487,0.07267010423354804,0.0929282626719214,0.041892811274738054,0.014625888795126229,0.038283101804554465,-0.0017739881202578545,-0.0032852016016840934,-0.0019819359853863717,0.0,-0.13673341096844524,0.029786560344509782,-0.006167988968081772,2.0,2.0
4930467D21Rik,-0.5817109733819962,0.04729142376920208,0.016099772688467056,0.0,0.004409197391942144,0.030578943677246572,-4.021793603897095e-05,-0.0037089510215446353,0.004445357345975936,0.0026501746801659465,-0.024709844217868523,0.07620076149702072,0.017846187902614476,-0.01059378611156717,0.0011232534004375339,-0.010564079592004418,-0.009805524218827487,-0.15365907152416183,0.0609469233895652,0.03509567894041538,-0.011260357880964876,0.0026715560909360645,0.002765631333459169,-0.007169314753264188,-0.027029298692941666,0.0,0.03494950614636764,-0.02342281014891341,-0.017367168171331285,2.0,2.0
Fut8,-0.484829157711938,0.00785474079893902,-0.06335612612310797,0.0,0.010955708110705018,0.018710468667559325,0.0013958441466093063,-0.011590608488768339,0.004824642287567258,0.0012146123498678208,0.030197515522595496,-0.027590505853295325,0.032404200520832094,0.008634463716298342,0.03779249280225486,0.06224976832512766,0.0075857549277134236,-0.014515460908878595,-0.03556752849835902,-0.060872836071066555,0.004518915293738246,-0.04829233044758439,0.004501668969169259,-0.006001558196730912,0.008089242400601507,0.0,-0.08568789978045971,-0.15961414031684398,-0.04205297304317355,0.0,0.0
Meg3,0.06365489040981628,-0.1960260134935379,-0.012329934453591705,0.0,0.01923889435827732,-0.026414410329889507,0.0033628636598587035,-0.0002047183271497488,-0.183748188407626,-0.0547725131502375,0.03052690963027999,-0.006548476978205145,0.013076282213442028,0.0018824730277992785,0.0019912631157785656,0.004129952592775226,0.02930543165653944,0.02315062893088907,0.059347689079586416,-0.0053889820957556366,0.0014572487957775593,0.014768461524508893,0.01643275609705597,-0.0032852016016840934,-0.0210245468840003,0.0,-0.014641670524142683,0.030187115408480167,-0.0041984904929995535,2.0,2.0
Tacc1,0.03208617013122421,0.06435728554031811,0.08178090570145287,0.0,0.02589348112232983,0.07749315277673303,-4.021793603897095e-05,-0.004920035349205137,0.032285383380949495,0.004870101660490036,-0.0032361743901856243,0.0023072285950183867,0.01311418628669344,0.09507867198437453,-0.0009415253531187773,0.012959300307556987,0.03170943243429065,0.04132106790319085,0.10790809659752995,0.042392179989255964,0.011012349789962173,0.07372499419143423,-0.11417959537357092,-0.02016320835798979,-0.06401993400417268,0.0,0.010323109296150506,-0.001176764126867056,-0.09647601077333093,2.0,1.0
Cyp7b1,-0.04075102339644218,0.0246089284401387,-0.043013167285826055,0.0,0.020933165848255157,0.041938293008133766,-0.03057451699860394,-0.004920035349205137,-0.031695308610796925,-0.005498942588455975,0.02291832341114059,0.11360848752781749,0.013531002579256893,-0.043064455052372067,-0.01618922928813845,-0.01421964468434453,0.03262840084731579,0.016896306001581252,-0.004342427127994597,-0.13311634497251362,0.012253770336974413,-0.20618357464671136,0.004517833460122347,0.02095321148633957,-0.0447100692242384,0.0,0.003473488891031593,-0.21272475127130747,-0.04512966234236956,0.0,0.0
Csnk1g2,-0.020798341543413697,-0.004539182735607028,0.047008506080601364,0.0,0.01234530569985509,0.009020320223644376,0.0006979221105575562,0.00298538223374635,-0.01311427419539541,-0.03539506382774562,-0.11216964472783729,0.03789278938435018,-0.09320636947639287,0.004347899339627474,-0.005014721894222021,0.0016942641464993357,0.0249611047655344,0.016703512659296392,0.1188713932002429,-0.051458316138014194,0.001963038481771946,0.0860634434223175,0.00659712546505034,-0.017155518024228513,0.0034600427374243737,0.0,-0.05754883784102276,0.01375391788315028,0.018730226303450764,2.0,2.0
Gm28376,-0.3202682982920669,0.03754737279145047,0.11236364803626202,0.0,-0.08777551888488233,0.05321362091694027,-4.021793603897095e-05,-0.005084141902625561,0.0033352453354746105,0.0016382171446457504,-0.0030772937764413657,-0.02899521851912141,0.039252522340975704,-0.06816098178271204,-0.001054862141609192,0.01984641533344984,0.06258851274265907,0.05481671443325467,-0.01376999294385314,0.007142373577225953,0.009498929418623448,-0.06868296911008656,0.003459666377166286,0.06463712034747005,0.023336658189073205,0.0,0.010877571536693722,-0.07269030685536564,-0.012934888629242778,0.0,0.0
Dmtn,0.04417215533554554,0.016908426694571974,0.05146193391410634,0.0,0.013007175344973802,0.027273481572046877,0.0006979221105575562,-0.003692325046285987,-0.2727182477340102,-0.02085780288092792,-0.09445462598232553,0.022465016599744557,0.005812772735953331,-0.003030920714372769,0.0013279884913936257,-0.03355603641830385,-0.2642183363251388,-0.272179119521752,-0.00850566715176683,-3.7054680287837985e-05,0.0032002149568870664,0.0631779581680894,0.004788883607834578,-0.005892908554524183,-0.017079795943573117,0.0,0.021447862279601396,-0.008739149612374604,-0.0343513245228678,2.0,0.0
Nxf1,0.0391956806788221,-0.15690740078687668,-0.031999916031491014,0.0,0.01131848931312561,0.05270716728875414,0.0013852819055318833,0.03238508455455303,0.01365000318735838,0.006413228921592236,0.015496597771998495,0.005882036713883281,0.0185450602741912,0.013052389877848326,-0.03601089193187363,-0.02886621152982116,0.02606838760431856,-0.00841804432682693,-0.16156153933610767,0.019584682770073414,-0.03208187531679869,0.011659480184316635,0.01670618195319548,-0.000412248969078064,0.05536432858556509,0.0,0.07671991407871247,0.04388186750933528,-0.027790704630315303,2.0,2.0
Txlna,-0.003047828103881329,0.050861584485974165,-0.10057396854506806,0.0,-0.05793765479698777,-0.1491925851535052,0.005249447152018547,-0.005186029197648168,0.016637130067683758,0.008706336654722691,0.0229168168338947,0.011638383790850639,0.007903481195680797,0.06453713628929109,-0.0009209768194705247,0.06820663033053279,0.01548821350093931,0.03565886113094166,0.08536884884815663,0.05444988512434065,-0.01316902709659189,0.01321436770260334,0.006422821108717471,-0.008257111026905477,0.011366926366463304,0.0,-0.04683984823059291,0.05874934958294034,0.057935372330248355,2.0,2.0
Lin28b,0.03309759546915302,0.04261779948370531,-0.036308715171180665,0.0,0.0071500779315829275,0.08912675217725337,-4.021793603897095e-05,-0.009744276199489832,0.025343820517882705,0.0019571445882320404,0.06530072739114985,0.0206393276527524,-0.014002440748736262,0.04454960281029344,0.04010439470876008,0.08247894430533051,0.02826185413170606,-0.026589224790222944,-0.11399061620933935,0.07908540794625879,0.012177904713898896,0.028690127497538923,-0.05408955065533519,-0.05999649148434401,0.03344242677092552,0.0,0.005567609774880111,0.005964607270434499,0.05490616843104362,2.0,2.0
Tomm40,0.12611035782145336,0.04900713388575241,-0.1488278553681448,0.0,-0.05145296187140048,0.0057340020104311405,0.004387809932231903,-0.004923122283071279,0.014460593927651644,0.0038798771053552626,0.011338082631118596,0.07591051016002894,0.02215025348123163,0.06348571018781513,-0.0031153364153578876,-0.024283407283946873,0.007263299538753927,-0.005438278820365667,0.10122365342453123,0.03690152212046087,-0.0037587770679965615,-0.05146900718100369,0.0028893608786165715,-0.006660857358947396,-0.013128886679187417,0.0,0.014882940803654493,0.03183162412140519,0.025786935351788998,2.0,2.0
Copz1,0.12682770640589297,-0.02171461011748761,-0.005781235764734447,0.0,-0.04128627689555287,0.10943679847754538,0.0009855406731367111,0.00298538223374635,0.012504693516530097,0.002193184643983841,0.045414546343963594,0.053530351128429174,0.01873725587502122,0.025186109929345547,0.02227104229852557,0.004208500939421355,0.027491137450560928,0.03031271854415536,0.09330802839715034,-0.010587333212606609,0.007874055407010019,0.06413564817979932,-0.021949815098196268,-0.014652943899855018,0.0034600427374243737,0.0,0.03964303493499756,-0.006550474930554629,0.018730226303450764,2.0,1.0
Armc9,-0.025207074725185522,0.05425453841919079,0.18226353453006594,0.0,0.02457665012218058,-0.09747732416726648,0.004223688542842865,-0.004553855862468481,0.01418737916275859,0.00380007010884583,-0.2121351413242519,-0.022418412026017905,0.014867421784438194,-0.0017117712972685695,-0.0011585608823224901,-0.0190672274492681,0.018800195129588245,0.07515091878362,0.0525202443706803,0.0552825631480664,-0.013048996310681104,0.06420593930408358,-0.002426547948271036,-0.04840195371769369,-0.013716747350990773,0.0,0.011024395232088863,-0.02151305539533496,0.028531051091849804,2.0,2.0
Ikbkb,0.06605776681099088,-0.03470742247765884,0.20080054240534081,0.0,0.04365146395750344,-0.04393684983253479,0.0027474084123969077,-0.009744276199489832,0.00685811179690063,0.00361534190364182,-0.0953401719010435,-0.013787679029628635,-0.026589018744416534,-0.05991671251831576,-0.0019520974485203624,0.030456046680919825,0.01667306011542678,0.0038976883934810757,0.09705275998217985,-0.11198634144850075,-0.015127502884715795,-0.0015496962890028953,0.016989135891199113,-0.02861655636690557,-0.01036741778254509,0.0,-0.005826721957419068,-0.040758888591080907,-0.08148963800631463,2.0,2.0
Hmgn1,0.03956268028356135,-0.07008075026795269,-0.05088435405865312,0.0,0.015818823799490928,-0.11647116042673587,0.004183470532298088,0.009772807545959949,0.006395222845021635,0.002193184643983841,0.04440979233244434,-0.016531628323718905,-0.009159849165007472,0.01769605735782534,0.03453558813780546,0.041808025427162644,-0.0038761495053768157,0.031260053929872814,-0.13163747131591663,-0.0026345762237906458,-0.008336049718782306,0.002995834874454886,0.017688095385674386,-0.010993642727844416,-0.038998964335769416,0.0,-0.01227869956754148,-0.05434468237683177,-0.0798152669519186,2.0,2.0
Rapgefl1,0.0639225494954735,0.04334306721742905,0.01903948499588296,0.0,0.018033581580966712,0.05276527945650741,0.0018061476200819015,0.0031275752419605853,0.00758766972925514,0.006413228921592236,0.05171424837550148,-0.0184599787555635,-0.17189361068420111,-0.010857677478343248,0.009115238721897186,0.005080040968023241,0.02441729784011841,-0.23322637120261788,0.18720168457599357,-0.04716202834621072,0.0021507900534197687,0.08328521817922592,0.005892674783244729,-9.73127456381917e-05,0.010345603837631643,0.0,-0.00603803556645289,0.054520635027438404,0.010159548665396869,2.0,2.0
Rundc3a,0.14068898416124284,0.04744343955768272,-0.09729417234892025,0.0,-0.03128408133052289,-0.07669316570973024,0.005004077479243279,0.006479256078600884,-0.044003160761203614,-0.01120208851993084,-0.013262736543547362,-0.006655662478879094,-0.005684213864151388,-0.08290390589507296,-0.005902906348928809,-0.008348517175763846,0.009555058130063116,0.013831752692349255,-0.003725649924017489,0.0032294779340736567,0.011973368949256838,0.0027450512256473303,0.005634161224588752,-0.035634369240142405,-0.004433671580627561,0.0,-0.020962703404948116,0.09257314716232941,-0.013555494146421551,2.0,2.0
Supt5,0.054041312818881124,0.06643218254670501,0.024761753182392567,0.0,0.02187975350767374,0.09449817821150645,0.005249447152018547,0.010495792608708143,0.010943589569069444,0.012600997574627399,0.039386424941476435,-0.010791054768487811,0.029723633825778962,-0.0937070015259087,0.015125654372386634,-0.006477859606966376,0.037355273882858454,0.07387691127136349,0.007209344008006155,-0.03810175839811564,0.010464758714661002,-0.044814320653676985,0.008091463819146156,0.051875937525182964,0.02983914375305176,0.0,0.011090675187297165,0.1543661436997354,0.012035238728858531,2.0,1.0
Itpka,0.08650386974215507,0.07340934961335734,0.0062921553640626375,0.0,-0.05301486276090145,-0.0015174576337449253,0.003732136785984039,-0.0074420461896806955,0.013535173847340048,0.006413228921592236,0.05522453252458945,-0.016043744408525528,-0.10773616676218807,0.010090592890046537,0.009224172507601906,0.01904246987774968,-0.0003852252848446369,0.020687345569022,0.047390055507421494,0.0700095934793353,0.0012687744246795774,-0.010744683193042875,0.005086237704381347,-0.0037828911747783424,-0.04150085569359362,0.0,0.0007088983291760087,0.041585725545883176,0.010623118551447987,2.0,2.0
Raver2,-0.07067450364775141,-0.039437709005869695,0.0730255457223393,0.0,0.011964653180912136,0.007375624638516456,-0.0298770010471344,-0.0180959508754313,-0.016319843474775553,-0.01815993576310575,0.0005943110934458673,-0.02570986041799188,-0.02468724890612066,-0.04429338007234037,-0.018886885524261744,-0.02279802894219756,-0.19778377750888468,-0.230256430353038,0.00892304268432781,-0.09808714018203318,0.0013914107554592193,-0.3159913597349078,0.0034844898898154495,0.02429850331507623,0.0012837624363601207,0.0,-0.007284299517050385,-0.003229031777009368,-0.003933324106037616,0.0,0.0
B130024G19Rik,0.004037199522717856,0.08653870677575469,0.01502556977327913,0.0,0.01813270501792431,0.061998036468867215,-4.021793603897095e-05,-0.006006663665175438,0.020950609436258674,0.00841128658503294,0.020586233537178488,-0.021465475102886558,0.033182281646877525,0.04109636910259724,0.0012619732273742557,0.03518355299718678,0.034744622563011945,0.08245789857115597,0.12303865350782871,0.021460374938324093,0.010896077724173664,0.04058382133021951,0.005064067542552948,-0.005771997235715389,-0.024316416373476386,0.0,0.012442666129209102,0.03647559575969353,0.01280226961709559,2.0,1.0
Asb7,0.051961731665651316,0.05873102186247706,-0.021676346347667276,0.0,0.016044726632535457,-0.15818525281734763,0.004223688542842865,0.00969074834138155,0.02961059727706015,0.002886214735917747,0.07766272991197183,0.012534993682056666,-0.018422572510316967,0.08656027568969876,-0.001087177279405296,0.047125821756199004,0.01767277028411627,-0.018725578964222223,0.08750688107218593,0.06931181153282523,-0.00025667049922049043,0.036560659669339655,-0.00189217459410429,-0.008760726428590715,-0.013708431939594447,0.0,0.006291197002865374,-0.06444879248272628,-0.014738666606135667,2.0,2.0
Gpr22,0.14214255971834064,0.050455385015811774,-0.057482480237958954,0.0,0.007121864189393819,0.018406503964215518,0.0018061476200819015,-0.013610982620157301,-0.23446813811780884,-0.019172087712213397,-0.017348169723991304,-0.023265984264435248,0.04822065768064931,-0.04815816860529594,0.000273377513512969,0.008594466699287295,-0.14824411836452783,-0.3010480563202873,0.04999449764378369,0.03436964403372258,0.0005621189437806606,-0.0218302792776376,0.005765331089496613,0.017596886521205307,0.008772444564383476,0.0,0.009921217174269258,-0.1385915656760335,-0.007349355164915323,0.0,0.0
Zfp598,0.05510510733933188,-0.04208088878542185,-0.04835553797078319,0.0,-0.03275293376296759,-0.0676788086257875,0.0029525601863861083,0.007288683233782649,0.013920701523311436,0.008706336654722691,0.029309118336532266,-0.012723943395540118,0.01339606441091746,0.07283638288266957,0.002757186726666987,0.016264698887243866,-0.07962031817995012,0.019869313737144692,0.12914981814567,-0.003987492355518043,-0.017691620425321162,0.003732153843156993,-0.021977208298631014,-0.02630886137019843,-0.004364201715216041,0.0,-0.06983816568972542,0.058735736180096865,-0.003090579477138817,2.0,2.0
Dapk3,0.15467326800338924,0.12687047716448432,0.03694361787289381,0.0,-0.03277217184659094,-0.12498778413049877,0.010993695482611657,-0.005084141902625561,0.010512015302665531,0.007032005786895752,0.0062814516411162915,0.10312882842496038,0.04568370154127479,0.01903432893101126,0.023350045811384917,-0.0038203635485842824,0.03549965277314186,0.027426958214491606,0.10751344280084595,0.011346162026748062,-0.021805153214372694,0.05462582927197218,-0.0006194103695452213,0.0013053725706413388,0.039776878543198106,0.0,0.0411374072637409,0.07242565887048841,-0.026794807128608225,2.0,1.0
Hdac3,-0.006835039108991623,-0.14757488817442208,-0.00474480286706239,0.0,0.001487748734652996,0.06878480086335913,0.004183470532298088,0.010495792608708143,0.005499854381196201,0.002193184643983841,-0.019735933274496346,0.053530351128429174,0.018916994826868178,0.025783348206896334,0.0025914610270410775,0.04306691541220062,0.040108340973965824,0.022830789084546266,-0.04813901808229275,-0.016052280622534453,0.011783607313409447,0.044758171832654625,0.01666872579837218,0.025666344072669746,-0.004543936531990767,0.0,0.1089831370790489,-0.008238621139898896,0.02880483778193593,2.0,1.0
Zc3h7b,0.03189111518178834,-0.019241313147358597,-0.018254134755115958,0.0,0.01594560319557786,0.04651836645789444,-0.0003274304140359163,-0.011590608488768339,-0.21947818443179132,-0.07966371404007078,0.06757325214333833,0.003354698142502457,-0.03420171526027843,0.04570018742233515,0.00048748996574431657,0.007603552080690861,0.01902450750116259,-0.006278302459977567,0.1260058446903713,0.06954769116593525,0.0011074262065812945,0.04926130392821506,0.008449463597498834,-3.2066423445940016e-05,0.029997465554624795,0.0,-0.01666158886626363,-0.0005475518270395696,0.028531051091849804,2.0,2.0
Clk2,-0.01202714002225548,-0.1581135238474235,0.000589635232463479,0.0,0.009026885265484452,-0.1429591926955618,0.0008311691880226135,0.010495792608708143,0.005319476751610637,0.007032005786895752,0.01129229778656736,-0.003213380603119731,0.014547304781153798,-0.025159538527950644,0.0077120677923812764,-0.01531866191420704,0.03198799174278975,0.05802328741643578,-0.0077617009391542525,-0.043354678442701695,-0.00781993819400668,0.003235045128967613,0.01662688598036766,0.09194810674525797,-0.018436140958219768,0.0,0.026987791422288864,0.06126579103060067,0.02641551728360355,2.0,2.0
Sidt2,-0.03035647199372761,0.03097271376522258,0.006169019234366715,0.0,-0.012354484219104052,-0.12161445220932364,0.0029525601863861083,0.009772807545959949,0.029973321501165627,0.012600997574627399,0.05823287909151986,0.022915442623198033,-0.0037225862173363568,0.11600948387756943,0.010135731254704296,-0.026042136349715292,-0.12277593499515206,0.03177481708116829,0.13468592290766537,0.012797724809497596,-0.015485769100487233,0.0028239371813833713,0.01658109828364104,-0.011976705081760883,-0.01544716976583004,0.0,0.0016334043233655394,0.07781916820909827,0.0018975765723735095,2.0,2.0
Snrpn,0.022384959083865397,0.0928398252138868,-0.013783461400307714,0.0,0.007375980764627457,0.07634473717072979,-4.021793603897095e-05,-0.004553855862468481,0.017681447272188962,0.0026501746801659465,0.0259610434086062,0.07620076149702072,0.021297310800291597,0.06276735191000625,0.001228429819457233,0.004554613586515188,0.007629092102870345,-0.04551363884005696,0.17772345279343427,0.03368643413996324,0.010241203447803856,0.06761098701506853,-0.00189217459410429,-0.05999649148434401,-0.017497859001159667,0.0,0.027940723351202904,-0.006440878885332495,0.01996037345379591,2.0,2.0
Cntnap5b,-0.5485215484164655,-0.10187948598832008,0.1607494416949339,0.0,0.044995455564931036,0.022973015190800652,-5.0780214369297024e-05,0.013523425757884979,0.004065574323758483,0.0033793018478900194,0.013384136795066297,-0.012589919408783316,0.03592345967888832,0.05333322200458497,-0.0019478404987603427,0.010546937582548708,0.032750831223092976,0.02972048713825643,0.030640539485029875,-0.01718805373646319,0.00453030954580754,0.024739433699287473,0.007629364058375359,-0.008948507797904313,0.0477532625105232,0.0,0.0011522070760838687,-0.044188330080360175,-0.0114688215078786,2.0,1.0
Man2a2,0.04999224527855404,-0.02390787214040756,0.036567583221476525,0.0,-0.030052379644475876,0.09321576051646843,-0.00024536967277526855,-0.004553855862468481,0.016439536344259976,0.007725035878829658,0.04309533095220104,-0.006855086460709572,0.039358097054064275,-0.007603039849200286,-0.0011923536984249949,0.00891136871650815,0.029941557394340634,-0.06670416201930493,0.10901735628256574,0.08074269832111895,0.008481871956028043,0.051814459720626475,-0.021949113477021456,-0.029270093622617423,-0.0061316983122378585,0.0,-0.011610253076069057,0.03743723032530397,-0.01137634332291782,2.0,2.0
Fam171a2,0.15522597138537095,0.15176656866446137,0.045611550856847316,0.0,-0.055849676448851825,0.06472347067436203,0.00672978900372982,0.005611276812851429,0.02219408796634525,0.007032005786895752,0.07314416892593727,0.00845171113498509,0.02625628834590316,0.0325450688553974,0.025979873676042188,0.00046688388101756573,0.01152731230482459,0.03932783501688391,0.12363244786392898,0.06856841566041112,0.012788713180925696,0.08494774051010609,-0.0011673338897526264,-0.010470635341480374,-0.005301650809124112,0.0,-0.002327647637575865,0.046623464631848036,-0.013555494146421551,2.0,1.0
Sec24c,0.024909595341887324,0.06327597136143595,-0.0003962444025091827,0.0,-0.012354484219104052,0.06446788041852415,0.0009855406731367111,0.01020361827686429,0.010262851910665631,0.002193184643983841,0.01972505421610549,0.07739189529791474,-0.061186520382761955,0.004250476687448099,0.0083573940070346,-0.028282308466732502,-0.11213312018662691,0.05007072759792209,-0.09750953217037023,0.03736503227148205,0.005370442909188569,0.07074040323030203,0.007057054154574871,-0.011976705081760883,-0.025275190211832523,0.0,0.04067756945034489,-0.018937305880244823,0.0019224127195775508,2.0,2.0
Trim8,-0.06519379855133593,-0.18060728277545424,0.16397642252966763,0.0,0.02589348112232983,-0.06374318488640711,0.004183470532298088,-0.009744276199489832,0.0036989341676235197,0.0032802975457161664,-0.23977383410558104,-0.013819224508479238,-0.010857275296002626,0.04066462915157899,0.004592200280167162,-0.026599676380865276,0.06628649618476629,0.010011123777367174,-0.08240897158160805,-0.037859802460297944,-0.014711184948682786,0.03445372463669628,0.01767665267921984,-0.02931727288290858,0.016699591549113393,0.0,0.00385305087082088,0.0017339854082092643,0.012077862308360636,2.0,2.0
Cdk9,0.08338669812888838,0.022078170867171138,-0.09786103672580794,0.0,-0.05216164130717516,-0.10634021266363561,0.004018536806106567,-0.025537397135049104,0.010325136939063667,0.008706336654722691,0.03342891326406971,-0.03184666405431926,0.032505048075690865,-0.17199152040295304,0.0022737172385677695,-0.012449230263009668,-0.027024902487173676,0.028910699747502804,0.0998021351499483,0.008163715293630958,0.028096765065565705,-0.003426087109837681,0.016943956706672907,0.021765440171584487,0.05049727258272469,0.0,-0.005909055906813592,0.06156549942214042,0.0001608458999544382,2.0,2.0
Nemf,0.03698207332461607,-0.13323190906317905,0.1618584484863095,0.0,0.026458238372579216,0.025449793357402085,0.0027474084123969077,0.008870156183838844,0.013304143324494361,0.00361534190364182,-0.23624479527585207,-0.022328948574140667,0.03894715764094144,0.07723855462856591,0.00650621943641454,-0.016319849062711,0.020940742078237234,0.00410931981401518,0.04925061688059941,-0.029073575027287007,0.0031233661621809005,0.0351143095549196,-0.022529985739383848,-0.03479279770981521,-0.040757793532684446,0.0,-0.022054398111067713,-0.032703785074409096,-0.04300096044316888,2.0,2.0
Chka,0.0830730289965868,0.10096576911630109,-0.01616908157709986,0.0,-0.020867889791261404,-0.021000402392819525,-0.0032840522471815348,-0.0035174015909433367,0.009094864795915782,0.0060667138826102016,-0.1914770915871486,-0.004163073329254985,-0.01326630103867501,0.011850487508345395,-0.007193772802129388,-0.03682527710683644,-0.12177903377916664,0.040315239140763875,-0.10726469123736024,0.0016730566648766399,-0.001036525871604681,-0.0006076047290116548,0.019248504103161396,-0.01123592403717339,-0.004023418603464961,0.0,-0.01206788352690637,0.03607900417409837,0.018730226303450764,0.0,2.0
Ralgds,0.020621319557976678,-0.01948934333398938,0.005825932892039418,0.0,-0.058163557667285204,0.055387048886623234,-0.007593051493167877,0.008870156183838844,-0.11468529671896249,-0.0547725131502375,0.03194221117766574,-0.007001781989820302,-0.01151299346704036,0.0006733098533004522,-0.028975881244987248,0.010383693741168827,0.02723306599538773,-0.08069653576239944,-0.009118284787982702,-0.03354612226830796,0.015384655492380262,0.057812941707670686,0.004968071193434298,-0.014652943899855018,-0.007113339826464653,0.0,-0.01747289004037157,0.08196890965336934,0.004558016704395413,2.0,2.0
Mccc1,0.04911388704262208,0.056085714404471215,0.13896770323161037,0.0,0.03552065897732973,-0.11405944851227105,0.004223688542842865,-0.031096064262092115,0.02570026436820626,0.004988121688365936,0.06901853934163228,0.0010527335666120053,-0.06252614649944008,0.08968892816454171,0.00030357290990650653,-0.015518685253337026,0.024904581867158413,0.05454202054766938,0.12549154127947987,0.07146748037543148,0.016465577939525248,0.06948627260979265,0.005230651218444109,-0.005771997235715389,-0.001842676606029272,0.0,0.010808080495335161,-0.0049818190839141605,0.007831116034649312,2.0,2.0
Atad3a,-0.0274260894022882,-0.18677766200853513,-0.05241590913035907,0.0,-0.030957080256193877,-0.04265265008667484,0.0036504822224378585,-0.004553855862468481,0.012674967236816883,0.003137344866991043,0.015934908241033555,0.013429565308615565,0.01113818618352525,0.008759542936459183,-0.007875810847617687,-0.011036607003770769,0.018626513201743366,0.039367954675108195,0.02864389381953515,0.027906335901934653,0.036997702596709134,0.056682831454090775,0.017128724940121173,-0.02983184336218983,0.010527664590626954,0.0,-0.01311931915814057,0.04845927587011829,0.008549940567463636,2.0,2.0
Pou6f2,-0.48577731345780195,0.02951604900881648,-0.0437287434854079,0.0,0.012649979600682855,0.02090458230115473,-4.021793603897095e-05,0.0006401865882799029,0.03525445203529671,-0.005498942588455975,0.026836730879731475,-0.029586608284153045,0.007955508115701377,-0.057172732767649,-0.008045547497458757,-0.052221064437180754,0.019107229243963957,0.04582186464336701,-0.014034074570517988,-0.002146267017815262,0.004164150832220912,-0.06625659173354506,0.004876752495765686,-0.006461712163873017,-0.042385652903467415,0.0,-0.0004604278109036386,-0.21440312419086693,-0.04512966234236956,0.0,0.0
Mast3,0.06556775142904371,-0.09173067121300846,-0.0670875794289168,0.0,-0.03064557982608676,-0.1249963606800884,0.004183470532298088,0.03988840948790312,0.0057041709800250825,-0.005925599336624145,-0.23329164563678206,-0.02659466419368982,-0.0063217268465086815,-0.10426044809166342,0.007843609584961086,-0.03840203681029379,-0.012054614960215987,0.009802931029116734,-0.023542039473541082,-0.03890149148646742,-0.0166028336295858,0.022827482911525296,0.01607590438448824,0.01630837295204401,0.010193771906197071,0.0,-0.0008773956773802639,-0.0627798468992114,-0.00225293911062181,2.0,2.0
Fam160b2,-0.012371508767828346,-0.03039920452516526,-0.010869416203349828,0.0,0.015818823799490928,-0.044842237206175924,0.005249447152018547,-0.006929829716682434,0.006255863858386874,0.002193184643983841,0.06687777501763775,-0.014805319495499134,0.027543220315128566,-0.0042140388581901785,0.021801393758505584,-0.02963878887705505,-0.03205114363227039,0.05192231698893011,-0.0197369804920163,-0.054153170590288936,0.014550258461385966,0.06224612320540473,0.017608023213688283,-0.008004913534969092,0.030291671268641948,0.0,0.005668298022355884,-0.05128793425159529,-0.027841467950493096,2.0,2.0
Caln1,-0.5054650078713894,0.04294664262328297,0.013664796210359782,0.0,0.006024695422966033,0.03647997476393357,-4.021793603897095e-05,-0.003205603512469679,-0.0016728967090602965,-0.029826025753282012,0.01865168465534225,-0.020830963146872817,0.018734470466151832,-0.010221731727942824,0.004821312509375275,0.024385702395811677,-0.002839641673490405,-0.11682222313946113,0.11127010476775467,0.026050761389778927,0.008320017918013036,0.016652308241464197,-0.0012355544022284448,-0.027436708183959126,-0.03380037356633693,0.0,-0.006085917659802363,-0.021301110608037563,-0.014738666606135667,2.0,2.0
Setd2,0.07311137004755437,-0.0950696669286117,-0.042663726832251996,0.0,-0.014406800558790565,-0.0033955197315663098,0.0027474084123969077,-0.011590608488768339,0.012311381129547954,0.0012146123498678208,-0.06348482371075079,-0.00498468765988946,-0.007882741244975478,0.03448705550981686,0.01603264858480543,-0.05023291831836105,0.005874476400204003,0.016975266311783345,-0.030959420631406828,0.005660826037637889,0.002277057357132435,0.027788581096101553,-0.022397128285374494,-0.02440691907890141,0.023213391741737723,0.0,-0.02012512504355982,-0.03148873935686424,0.01694669455755502,2.0,2.0
Phlpp1,-0.4233775378292194,0.031163971500664047,-0.014395554241491481,0.0,0.007446108618751168,0.014937852115835995,-4.021793603897095e-05,-0.006280078889103606,-0.0016570113832131029,-0.014059591242112219,0.019106197472428903,-0.034988247277215126,-0.013402750067180023,-0.008590919302059774,-0.0014259405760094523,-0.005976998191326857,-0.0024127384973689913,-0.02290885229362175,0.0675652205152437,-0.07011005984852091,-0.008866793513298034,-0.019258435526862742,-0.0029235467105172574,-0.005690923994407058,-0.046619341652840374,0.0,0.011661173186730593,-0.09472795623587445,4.099076613783837e-06,2.0,2.0
Vcp,-0.0751847368606832,0.06465677461121232,-0.039792103124782444,0.0,0.00705095449462533,-0.195270154485479,0.004018536806106567,0.009772807545959949,0.006548358872532844,0.002193184643983841,0.04657632479676977,0.005857916660606861,-0.0009389629960060119,0.02247914459556341,0.04057404336053878,0.04563997295219451,-0.0016510164784267545,0.017522697560489176,-0.18231800704728812,-0.06975494515150786,-0.013215741533786058,0.01048264756333083,-0.0029923137556761505,-0.059766373452730476,-0.0010203069262206554,0.0,0.003268132589291781,-0.055430529620498416,0.016717050028964876,2.0,2.0
Elavl3,0.10634801989421248,-0.1579118008725345,0.10668930940330029,0.0,0.04616270106285811,0.0443837265111506,-5.0780214369297024e-05,-0.005084141902625561,0.008151080789975822,0.005224161744117737,0.021813590049277992,0.041019380716606976,0.04167722970247269,0.03639571805018932,-0.0018202488357201218,-0.024427702091634272,0.05000998098403216,0.029068958973512055,-0.0550648739701137,0.011945248185656964,0.010241203447803856,0.032967799371108414,0.018079611947759987,0.02522739803418517,0.052192802876234054,0.0,-0.00594364850781858,-0.010921539142727851,-0.027841467950493096,2.0,1.0
Clstn2,-0.27285487567540256,-0.011855477514327504,-0.02390966147650033,0.0,0.005282699458766729,0.010390040103811771,-0.0298770010471344,-0.004923122283071279,-0.004602302173152566,-0.007033509211614728,0.01589354199473746,-0.035144603424705566,0.0036389807518571616,-0.05146593247540295,-0.02084091705386527,-0.04959632255136967,-0.09112434554612264,-0.03799659433076158,-0.03847743554972112,-0.08420000379905104,0.0015227560722269118,-0.16215973602607847,0.003406462762504816,-0.005686958574224263,-0.040342379771173,0.0,-0.023879255212377756,-0.11486636092886329,-0.08087928405962884,0.0,0.0
Tshz3,0.04635664260655176,0.05901425799354911,-0.0016876275115646421,0.0,0.01057014849036932,0.07425410132622347,-4.021793603897095e-05,-0.004923122283071279,0.011507695098407567,0.007601280505768955,0.02474285028176382,-0.008158461754210294,0.01609245782252401,0.03905863802880049,0.00021567519288510085,0.02331476303981617,0.02018155223224312,-0.01717903563287109,0.09625397760188208,-0.04253516368509736,0.009958969028666616,0.053546862341463566,0.0057953249476850035,-0.055922959093004466,-0.006384043227881193,0.0,-0.10893588576000184,0.029592424067668616,0.004558016704395413,2.0,2.0
Cep295,0.08466573543380945,-0.008191048400476575,-0.02891777368145995,0.0,0.02871372946538031,0.039365742607042196,0.021933312877081335,0.004092179052531719,-0.0011667339771520347,-0.00023957534693181515,0.07761978377122432,-0.006211192589253187,-0.012553549613803625,0.0019511029054410755,0.018578265523537994,-0.009713734537363052,0.0350311453640461,-0.014108792557381093,-0.02211524847254623,-0.3582179268449545,-0.0022462230361998082,-0.018465705094859005,-0.037250122376717626,0.02247730290517211,0.0098829984664917,-0.008150098088663071,0.010333521084394306,0.02670993370935321,0.03440454885363579,1.0,1.0
Naa20,-0.022814657115377487,0.00548239107709378,0.0018248041451442987,0.0,-0.015945250913500787,-0.024720299392938613,-0.0039004908222705125,0.0013589122891426086,0.021233556285733358,-0.0006618024222552776,-0.07594991424470209,-0.06594331481028348,-0.025611902689561247,0.06007258106255904,-0.002459128387272358,0.09738953297346598,-0.06073470616713166,-0.014563930078875274,-0.04233990137377987,0.06983475014567375,0.002907263915403746,-0.18765611801296472,-0.02840358524117619,0.005702259986428544,-0.04404111191630364,-0.014308115104213356,-0.0833254616218619,0.021328450939618052,0.0162290968419984,1.0,2.0
Rit1,-0.06743150138296188,0.014890237180516123,0.007735867315204814,0.0,-0.0414132454060018,-0.012269441895186901,0.030802716184407473,0.0013589122891426086,0.029504465941572564,-4.025580361485481e-05,0.049562958856113254,0.00630808649584651,0.05074085895903409,0.00490206120768562,0.01074804000556469,-0.004594556209631264,-0.08189775916282088,0.03220348917879164,0.003484089641133323,0.050207067509181795,-0.06305387744912877,-0.011186107844114303,0.026801451044157147,-0.005303048670757562,-0.04404111191630364,0.0002027153130620718,-0.006028637061826885,0.021859202831983567,0.009999074349179864,1.0,2.0
Klhl26,0.048475623135454955,-0.006867085583508015,-0.13656390531221405,0.0,0.010252743782475591,-0.022337006186135114,-0.03674419774673879,0.0008802045532502234,0.018050651302328333,-0.0003003430343233049,-0.07392096441239118,-0.06712174460757524,-0.1473422445449978,0.029775945486035196,-0.0014145517256110907,-0.02390167206991464,0.04633995610289276,0.06998614764597733,-0.013281743361148983,0.02473908686544746,0.01723918739182409,0.023387924841808853,0.015439089755527675,-0.010641031248087528,0.0022082324791699646,-0.008997957084793597,-0.0009450009936699643,0.019273401023820042,0.004577579086180776,1.0,2.0
Zc3h15,0.05414957060245797,0.09648847738280893,0.13500613001247985,0.0,0.01983160053845495,-0.030047521092928946,0.023239511009305717,0.0006948983296751976,0.013694148097420112,-0.0008067867718636989,0.024933798687998207,0.059716116208583116,0.012636245973408223,-0.057936684950254856,0.010436186082661152,-0.006194773152237758,-0.016342557130847125,0.025040617368649692,0.026332509138155727,0.036546020051464435,-0.09713067986594978,-0.18116021048277617,-0.014905538726598024,-0.013543380452319979,-0.013635449446737766,0.019089905775617807,-0.18543130599195137,-0.06803301581880078,-0.0018431501067243516,1.0,1.0
Mroh8,0.026718615759164094,0.019910655405838043,-0.004971811337163672,0.0,-0.009815364815294743,0.034272352214902636,0.08760930853895843,0.004092179052531719,0.025868892725557088,-5.449833814054727e-05,-0.06987140087410808,-0.04873762441799045,-0.008529875138774514,0.03830832631792873,-0.027729368396103383,-0.009245700584724546,0.12904844273813068,0.10971412767190486,0.01894993374357,0.042695970637723804,-0.029348454233258964,0.04033065469862777,0.04807142841629684,0.023214376182295382,0.0098829984664917,-0.008764451195020229,-0.07296870780177414,0.0352100642491132,0.013195370025932789,1.0,2.0
Rnaseh2b,0.012479613982141018,0.023213526408653706,-0.029178503443254157,0.0,-0.04278345193713903,0.02679235482122749,0.0002931197453290224,0.0014670075848698615,0.02832562958355993,0.002274982575327158,0.047644289755262435,0.03975418876856565,0.03604674351401627,0.08498978559626266,0.020466743677388877,-0.01236650581820868,-0.07784732439089566,0.04844846420455724,0.030396951980656013,0.05436965602915734,0.04040730716660619,0.048804030129685996,-0.035958703188225624,-0.0336693651182577,0.0037833353504538535,-0.023146239668130876,0.04708389343228191,0.027144708121195436,0.010070433379150928,1.0,2.0
Taf1c,0.25740395999047905,0.006108026951551437,-0.06985848529497161,0.0,0.005445775568950921,-0.10732008159160614,-0.003989366074092686,0.0014670075848698615,0.03330480500939302,-0.0008647805079817772,-0.023639417062513532,-0.00020643629133701324,0.040054418675135824,0.07125864732312039,0.008592138113453985,-0.00021967393113300204,-0.0006681207846850157,0.015538991411449387,0.014250714643858374,0.05390679357456975,0.11671799654577626,0.015577071685547707,0.03659559256397188,-0.038484807130880656,0.0037833353504538535,0.0005528119066730142,0.03957923405338079,0.0033358923997730016,0.005901794438250363,1.0,1.0
Trappc6b,0.04279248576232931,0.015301404724596068,-0.005209030651021749,0.0,0.01647632918553427,-0.015344818076118826,-0.011816725762910209,0.0006948983296751976,0.012646734860027209,-0.0009517711214721203,0.0577516085584648,0.10817504048347473,0.026119284564629197,-0.017456974354572594,0.013558468117844313,0.0004951279447413981,-0.044809266615193334,0.0041141636739484965,0.004695195395033807,0.0844562803208828,-0.11527071744960267,-0.029131273373932346,-0.01895590159110725,-0.011320053259842098,-0.013635449446737766,0.019089905775617807,-0.22163888835115358,-0.02774085119366646,0.00150329343508929,1.0,2.0
Ssbp1,-0.017834797990653895,-0.014053192113206023,0.0193418571051734,0.0,0.008617991991341114,0.00911207974422723,-0.008842118870234117,0.0006948983296751976,0.011487731727538631,-0.0008647805079817772,0.03419675156241283,0.07480278942734003,0.013679662439972162,-0.006897381718736142,0.0035279270028695463,-0.007619814374484122,-0.048193600794766096,0.0005809749918989837,0.09968307569273747,0.021865404460113494,-0.09233401460165623,-0.2844425329566002,0.015166257603559642,-0.0012520740646868945,-0.013635449446737766,-0.013681457685306668,-0.0885728638037108,-0.1848876796173863,0.006545868963003159,1.0,2.0
Rufy2,0.09598330054199324,0.019122837046161294,-0.023550617763539776,0.0,0.005590760679915548,0.0800350117078051,-0.001581877013668418,0.0012353748083114625,0.03618650351185351,-0.0003579639829695225,0.0690050077997148,0.01618965210393071,0.04251655627042055,0.08369607566855848,0.018403817201033235,-0.004093373119831085,-0.018057213500142097,0.002257430860772729,-0.015438212791923433,0.132691068504937,-0.023705186028964816,0.07906164953485131,0.026801451044157147,-0.040414155926555395,0.0026251714676618575,-0.008106460869312286,0.06311825916636735,0.034263028856366874,-0.016288612000644208,1.0,1.0
Armc8,-0.01691841854713857,-0.00332678044680506,-0.017925323341041802,0.0,-0.015576334446668625,0.024888415951281787,0.03027647079899907,0.0012353748083114625,0.07464708309504203,-0.002138606528751552,0.0028114366643421816,-0.011615951936692,-0.011319138661492615,0.0452384582022205,0.00019485746044665576,-0.00814250173047185,-0.06644287692499347,0.036679658279754224,0.018761235167039557,-0.1303123342199251,-0.009900953557807951,-0.23049482373520733,0.0148919275123626,0.002197218514047563,0.0026251714676618575,-0.008150098088663071,-0.009051322815939783,-0.13947119740420022,-0.04308607385959476,1.0,0.0
B130046B21Rik,0.2247302405058872,0.0056595688418019565,-0.04463216256233864,0.0,0.0031443707342259587,0.1030126210465096,-0.011165418738964945,-0.01826810497790575,0.025003661643713714,-0.00023957534693181515,-0.011015530661534285,-0.04526049808599055,0.008576724398881196,0.029853317006491124,-0.08076610866934061,-0.003322627325542271,-0.18525648024631663,-0.3427442403137684,-0.0700562015606556,0.02683256645221263,-0.024466232092818244,0.0635407035506796,0.006064018774777651,0.0037274857237935065,0.002177348106633872,0.012699426561594009,0.04701906758360565,0.015096918377093971,0.008887620493769646,1.0,2.0
Mtr,0.011409443755837856,0.014429974305530778,-0.008550757149932905,0.0,0.0073250365443527695,0.07218866718001664,-0.06616215403642854,0.0012353748083114625,-0.09479706163983792,0.0029839917458593847,0.05453339959960431,0.03580424105748534,0.019711598511785267,-0.011866963233333081,0.012833725474774838,-0.008735976861789823,0.15449226450175046,0.04501110930461436,0.03666840065270662,0.06612890266114846,0.04339563649147749,0.09050522816367447,-0.002586204243125394,0.013824620403465816,0.0026251714676618575,-0.030059926807880402,0.1372653309185989,0.02797367480583489,-0.008048569690436125,1.0,1.0
Atp1a2,0.040856140977703036,0.03541359173133969,0.0828903302596882,0.0,0.025522914179600776,0.03624132304918021,0.055895535852760074,0.004092179052531719,0.024301852839998903,0.0031003918778151275,-0.0332283333921805,0.02315938236191869,-0.011671327003277839,0.024094499205239116,-0.05298763060476631,-0.009446373081300408,-0.0671190915768966,-0.023286329535767435,0.02710930018220097,0.04111657056491822,0.04850658616400324,-0.04804170635747141,0.006127539622830227,-0.007104717260226608,0.0098829984664917,-0.023146239668130876,0.03391639574430883,-0.029015425546094775,0.02817452624440193,1.0,2.0
Mbtps1,0.029477274655364455,0.0348759051063098,-0.0036978301266208293,0.0,0.0008337169699370861,0.012732878485694528,0.10855425363406539,0.004092179052531719,0.0273382251849398,0.0031003918778151275,0.06803650536574424,0.04501088632270694,0.0682737972214818,-0.024456015178002416,0.011879340840969234,-0.007068140022456646,0.07729944478254765,0.01211630371864885,0.004383338373154402,0.056154900998808446,0.0502972652297467,-0.008879159912467002,-0.07053620233666152,0.017435304185491985,0.0098829984664917,-0.00860778683796525,0.12551903908606618,0.027412961181253196,0.013195370025932789,1.0,1.0
Prkca,-0.24017847236711531,-0.014331682834308595,-0.005207041600951925,0.0,-0.0010654803598299622,0.015604501701891422,0.00953412869013846,0.0005713608500082046,-0.07074896606034599,-0.001982144545763731,0.0021473101575975304,-0.01046886985655874,-0.002437458983622491,-0.02950049394625239,-0.0019460841338150203,-0.003775944352382794,-0.06392550514661707,-0.2785102644318249,-0.05387243679375388,-0.18723722325172276,-0.017540273440536113,-0.07182526620104909,0.009395212588715366,-0.004517017563339323,0.0015287763287778944,-0.0027927399100735784,-0.011903238450177014,-0.0011551476840395481,0.0046003942203242335,1.0,0.0
Stx17,0.008937062055338174,0.005818535112775862,-0.02502775200875476,0.0,-0.010716903642751276,0.07130100931972265,-0.020792270619422196,0.0006948983296751976,0.009823418799787759,-0.0002574764285236597,-0.027491126600652935,-0.03084757536649704,-0.024760920628905295,-0.03853516725823283,0.011400479611475021,-0.014598102327436208,-0.0143055834970437,-0.02934919660212472,-0.03927848551160423,0.0441243527084589,-0.015449140463024378,-0.05259551023875247,0.016598035105271264,-0.018542992291040717,-0.013635449446737766,0.06900426780804991,-0.10271749516949058,-0.04065718579338864,0.003199425421189517,1.0,0.0
Fam229b,0.04721353019354865,0.02859886368503794,0.03648404805571772,0.0,0.0008388066198676825,0.05638241638429463,-0.002985428227111697,0.0006948983296751976,0.017467489271657543,-0.0009076471207663417,0.08012919857166707,0.11199665650725364,0.028177484115585686,-0.01059744301252067,0.01966706832172349,0.006122895996086299,0.17042113170260564,0.04666035260350327,-0.0036589159618597477,0.06717398345004767,0.01356212583341403,0.09595681251958013,0.030063407607376576,0.008814426846802234,-0.013635449446737766,-0.0018652541027404368,-0.12404916293686256,0.024631897686049342,0.026942602135241033,1.0,1.0
D11Wsu47e,0.2937986887898296,-0.020914325811900197,0.10359538512071595,0.0,0.007013128438848071,0.055866039143875244,0.019302074136212467,0.0006948983296751976,0.03196470245020464,-0.00011249207891523838,0.037633780403994024,-0.02464944143779576,-0.010185944172553718,0.008405346325598657,0.028453117827884854,0.11889752514194697,-0.0202174899331294,-0.017213778998702765,-0.04451550875557587,0.03914042447227985,-0.04251314453082159,0.13040179788134992,0.026801451044157147,-0.03262090229283785,-0.013635449446737766,0.009566139094531537,0.003449898986145854,0.025144954584538935,-0.07464606203138828,1.0,1.0
Uimc1,0.04879444347228855,0.017802847542334348,0.0755466272146441,0.0,0.024057457521557808,0.017471815831959246,0.014572419011965394,0.0014670075848698615,0.018551051416434348,0.0027524294424802064,-0.0046692556748166684,0.025686940662562847,0.01205107435118407,-0.05095800703857094,0.01417907746275887,-0.008728719372302294,0.011003806586377323,0.11517328497488051,0.050795222783926876,0.04068333609029651,0.06253742097876966,0.001295060030388413,-0.035958703188225624,5.2306705620139836e-05,0.0037833353504538535,-0.023146239668130876,0.0026877479907125236,0.032512979740276934,0.010070433379150928,1.0,2.0
Kdelr1,0.23336510899709537,-0.0037336251768283544,-0.045147901441669094,0.0,0.0060565020679496226,-0.08827094146516173,-0.04409902910701931,0.004092179052531719,0.017549345953157172,0.0001937824208289385,-0.01087472946383059,-0.10347841705195605,0.012420458658598364,-0.01009995280066505,0.022058026008307932,0.009111733531171921,0.03350129686761647,0.023430706379003824,0.05697807105956599,0.044548127802554516,0.012287645069882273,0.028662036368623377,-0.029837875571101905,0.02318190216436051,0.0098829984664917,0.002683447138406336,-0.02865792536875233,-0.007753835136536508,0.02817452624440193,1.0,2.0
Mapk6,0.031581110272672956,-0.06978362445253879,0.031006953835021705,0.0,-0.00914053704822436,0.02501668610610068,0.043088418538682165,0.0005095921084284782,-0.036356871201423925,0.00560072616674006,-0.07477016639095382,-0.03368685981491581,-0.1617928010597825,0.010428444301942364,0.031632598512806,-0.011705380757339299,0.033125705840648154,-0.038757922027725725,0.017487454721704127,0.02407462416915223,-0.015346957494621165,0.14589961869292892,0.009331962704891339,0.0030675214505754412,-0.008524086185498164,0.034987154435366395,-0.136581699361559,-0.11912212950643151,-0.0007876015204237774,1.0,2.0
1700080N15Rik,0.19731480467060464,0.023516153302334714,0.11696702692832332,0.0,0.004469021207187325,-0.05473359722644091,-0.010588066973286913,0.0005559186637401581,0.028864246043376625,-0.0008703284058719874,0.052612900999374684,-0.008368768077343703,-0.02393504521343857,0.037492729877121746,-0.01406678520143032,0.008826795583299827,-0.1300994567394082,0.01940244741970673,-0.0169899410486687,0.049708796315826476,-0.02386199532309547,0.040301699623232705,-0.01734994087019004,-0.004361995421932079,0.0012044904381036759,0.0005528119066730142,0.04260651815449819,0.005442037214525044,-0.009018848359119147,1.0,1.0
Slc45a1,0.0331729062681552,0.008207843583077192,-0.08404219307820313,0.0,0.03596840977435931,0.07205639725085349,-0.05900460365228355,0.004092179052531719,0.016018387270160018,0.00026320984121412037,0.057269861260429024,0.007325521614402533,0.025388294942677022,-0.06812557695433498,-0.03432923631742597,0.014846672836574726,-0.05428063766565174,0.00828544021351263,-0.028898870632983745,0.04194230118300766,0.016342953715939076,0.0576593318907544,0.026801451044157147,0.013943925751373171,0.0098829984664917,-0.023146239668130876,-0.004417554326355457,0.02292994047049433,0.033217101208865646,1.0,2.0
Stk11ip,0.06337161383358762,0.023189608512911946,-0.016322196893161164,0.0,-0.0076540616620332,-0.00394501842558384,0.05417555478401482,0.004092179052531719,0.02444281611475162,0.00020521610043942927,0.06001953531522304,0.042916157841682435,0.007888792175799608,-0.02201885652029887,0.011116355636622756,-0.008716509374789894,0.13604744548909367,0.04176368670072406,-0.02904556634603068,0.08871856996789575,-0.018489879444241523,0.05016922980546951,-0.06321202363353223,0.016741475000162608,0.0098829984664917,0.0002027153130620718,-0.04278876615688205,0.014351832419633866,0.013195370025932789,1.0,2.0
Ino80e,0.18976989088812843,0.012180962163838557,-0.14169222902390174,0.0,0.01204210750758648,-0.16320122258737682,-0.01240328599815257,0.004092179052531719,0.018873711354099213,0.0025661892257630827,0.029481808906421065,0.03688378037884831,0.007281876122578979,0.015282134972512722,-0.029585974216461183,-0.01565215641632676,0.0006398094398900867,0.016933673238381745,-0.10124560593161731,0.05101044766837731,0.026774068446829915,0.015215113153681159,0.024397107046097516,0.0235183041903656,0.0098829984664917,0.0005528119066730142,0.07336137879174202,0.0249879652261734,0.033217101208865646,1.0,2.0
Top3b,-0.03885052325465949,0.012861286748666316,0.09839515975196264,0.0,-0.036273844484239814,0.0057345878332853316,-0.047617425240605374,0.004092179052531719,0.029864699855679647,-0.00033022450283169745,-0.0563995351921767,-0.13525307525880634,-0.021172773344442248,0.02378293710295111,-0.0010293753258883954,-0.032852244519162924,-0.039717149762436746,-0.03425986042246223,0.000779710483038798,0.051756540723145006,0.11229552150005474,0.009208006456028671,0.026801451044157147,0.01602217283565551,0.0098829984664917,-0.005144013940589502,0.01387128041125834,0.02526378144742921,0.033217101208865646,1.0,2.0
Bloc1s5,0.0379011789849028,0.01640825515380129,-0.040242760753026234,0.0,-0.015883904504589735,0.05691815947182476,0.03169434827752411,0.0012353748083114625,0.038282607309520246,-0.0008703284058719874,0.015831554466858508,0.14412367708981036,0.024151044823229315,-0.058871401106007394,0.011300338024739176,-0.0016555021540261806,-0.05988473758101463,0.057675945716910065,0.0373116764560109,0.03823204532265663,-0.0026677928416756914,0.05483279232968925,-0.014485448068007827,0.0023560152668505906,0.0026251714676618575,-0.023146239668130876,-0.09036742627969943,-0.04729167120531201,-0.04656319998670369,1.0,1.0
Picalm,0.06850009745685384,0.02597615576349199,-0.03299686780082993,0.0,0.02777226934209466,0.0591740584152285,0.06316284033469856,0.004092179052531719,0.027532373634167016,0.0008128929790109395,0.11515618099831045,-0.010488460669294,0.04959624882787466,-0.014022512584924698,0.02168161816895008,-0.0112746406160295,0.03082626899238676,0.005752696990966797,0.02665665593696758,0.045691481116227804,-0.06789395281579345,-0.00011935990303754807,-0.031289380132220684,0.022908012848347425,0.0098829984664917,-0.023146239668130876,0.0717238399758935,0.02777856733649969,0.03440454885363579,1.0,2.0
Sar1a,-0.04034739953000099,-0.007747065415605903,-0.016629385233391077,0.0,-0.029783216919749975,0.03361974715255201,-0.029347147699445485,0.0012353748083114625,0.029152661645784974,0.0004951847996562719,0.06707381444983185,0.015596244260668754,0.008603231059387326,-0.005791006311774254,0.012584180049598217,-0.017805293831042946,-0.07086509310640395,0.006280010491609573,0.07927647191565484,0.05528157975990325,0.04885048563824967,0.09804791717790068,0.026801451044157147,-0.005562352442648261,0.0026251714676618575,0.0002027153130620718,0.06371211224235594,0.03363481370732188,-0.012942168470472097,1.0,1.0
Tagln3,0.06936970391092473,0.0337257025532017,0.019455405796179548,0.0,-0.0044977412070147695,0.041198625722900034,0.0027499396006169263,0.0006948983296751976,0.03159487419994548,-0.0007487930310890079,-0.10839862918714062,0.0134703597612679,0.026996597796678543,0.029245283172931524,0.00547696779249236,0.048377537074266,0.13245413882657886,0.0429808401921764,0.018176297349855305,0.038169922451488675,-0.014586105386260897,0.07507539601749158,0.030063407607376576,-0.0009080076715326868,-0.013635449446737766,0.0002027153130620718,0.06313325051101856,0.02552272575907409,-0.0012754720449447631,1.0,1.0
Phtf2,0.03541589552740334,-0.008800653836224227,0.07162552492882242,0.0,-0.08185547016910277,-0.022717802724801003,-0.045006619568011955,0.0006948983296751976,-0.004009111835621297,0.0003002693923190236,0.043421024563722314,0.0600210640579462,0.0018419182975776493,-0.0002566600497812033,0.005314248763024807,0.13148631339281563,0.020988196635153146,-0.011090157619910314,0.01070073947776109,-0.4548769243154675,-0.0008988275934825651,-0.27712821228429674,0.0148919275123626,0.0022663865570211783,-0.013635449446737766,0.02329208712792024,-0.1357351066498086,-0.019962101281853394,-0.0016285724262706934,1.0,0.0
Slc16a14,0.10900983808998717,0.023008479527197777,0.12440023796632886,0.0,0.005813355534337461,0.048410560153424737,-0.04889260370007833,-0.014098714999854565,0.02956135165179148,-0.0008067867718636989,0.06044996228069067,0.07584524288773536,0.07001247346401214,0.030163597567006945,0.019747486577834934,0.006333393771201372,0.12157874072901904,0.03552275671157986,-0.0174704540357925,0.046177460057660935,0.015998639962635935,0.04823720956221223,0.030063407607376576,-0.007622779922094196,0.0016214294359087945,-0.023146239668130876,0.07204778523999267,0.02720694636926055,-0.0017387375980615616,1.0,1.0
Inip,0.03559915269259364,-0.014498281851992943,-0.03433027738472447,0.0,-8.067843271419406e-05,0.0230496249650605,-0.0002036638028221205,0.0012353748083114625,-0.1259365272568539,0.006136873029172421,0.03191524827387184,0.003989054653793574,0.0013113678433001041,-0.006473471587523818,0.004725350984372199,-0.016161199983616824,-0.009592199511826039,-0.015957429991103708,0.0156328937492799,-0.22978554535657167,-0.033170667513040826,-0.2029414610695676,-0.026790178884984927,-0.021926455525681378,0.0026251714676618575,-0.009762897230684757,-0.02410880273208022,0.02667977554257959,-0.055209711967036126,1.0,0.0
Terf2ip,0.200221800825675,0.026412541987374426,0.04450599316682201,0.0,-0.0009966449189232661,0.05768691880395636,0.013426407710649074,0.0006948983296751976,0.028477943195030095,-0.0009600929589942097,0.017462496066000314,0.03826792338863015,-0.06160683971829713,-0.03219235803931952,-0.07005183512344956,0.07849628493422642,-0.0023499400331638753,0.007819975917227566,-0.051561463431571614,-0.007367238991428167,-0.007890839740866795,0.08519280716544017,0.026801451044157147,0.0039979695473448375,-0.013635449446737766,0.011759440191090107,0.05360811012564227,0.025522449649870396,0.003199425421189517,1.0,1.0
Kctd8,-0.6679761498561129,0.004691292296629399,-0.013940543527714908,0.0,-0.005070214234292507,0.01653938781004399,-0.007954634130001068,0.0005095921084284782,0.008104889304377139,-0.002936754720285535,0.013764047143486096,-0.02388369446620345,0.012460120990872382,0.007033085711300373,0.006891336485277861,0.04168338387768017,-0.042965035052038726,0.06572127608174924,0.04901757508225273,0.01918811927549541,-0.016368334319558926,0.03774786298723484,0.014495802236488088,0.0024320301489206032,-0.00855497055221349,0.013161356393247843,-0.05083336364477873,-0.16100855259690433,-0.0007557982672005891,1.0,2.0
Sirt5,0.12464356919750572,0.030984546809922905,-0.01365316983894445,0.0,0.013390413369052112,0.03761252456810325,0.0553594031278044,0.0005095921084284782,0.023782375790178775,-0.0001704858150333166,-0.10241669085808099,-0.04873762441799045,-0.009680088930763305,0.04739379821810871,-0.024669403119478375,-0.006594316645059734,0.04748609847621992,0.0647075050859712,0.014359638996538707,0.02763928597792983,-0.026034591370262206,0.03281811809560167,-0.026686104470863937,0.003563195634633303,-0.007751976924482733,-0.008764451195020229,-0.06717076308093965,-0.045330592999234795,-0.007759901029057801,1.0,2.0
Srpk1,-0.00560013588052243,0.007111186236143112,-0.024215639906469733,0.0,-0.04926027219742537,0.0246887171221897,-0.0383886809181422,0.000772109255194664,0.018544664963847025,-0.0002133524278178811,-0.06616206120233983,-0.06760481462348253,-0.006145720593631268,0.03197506079217419,0.004680600296705961,-0.042279072548262776,-0.04585662622004747,-0.037210224405280316,-0.021097618262283502,0.027051286534406246,0.006452881786390208,0.0058015430990781165,0.026801451044157147,-0.0027174206310883165,0.0016214294359087945,-0.008764451195020229,0.019930135262547992,0.024724651142023504,-0.010368263362906874,1.0,2.0
Polr2e,0.24233400091296062,-0.25676563796121626,-0.012355566591140814,0.0,-0.0018816871894523502,-0.11228385770693422,0.007897071149200201,0.004092179052531719,0.020626377630978823,-0.0007170222094282508,0.03557924791704863,0.11627143241465092,0.029127788469195365,-0.026619054584298283,0.010269891740754246,0.043052328508347275,-0.006313737626187504,0.017953835888765753,0.025631127995438874,0.04278641375014559,-0.024456840946804732,-0.0016758279572241007,-0.07661533165257424,0.018173782720696183,0.0098829984664917,0.0005528119066730142,0.015557177416048944,0.007808420872315765,0.02722884211689234,1.0,1.0
Pros1,0.06351462842838373,0.02034652748639928,0.09408577394729946,0.0,0.015466310603078454,0.050640052556991576,-0.05819162020852673,0.0012353748083114625,0.02827694833278656,-0.0007059264183044433,0.0772978547308594,0.10880648940801621,0.043874484412372114,0.06141796817537397,0.028166933900211008,0.0023784266738221048,-0.09441295555559918,0.04117950013838709,0.019130353227374143,0.06264364749658853,-0.013359445941168814,0.12271891033276916,-0.021896641839994117,-0.02724943682551384,0.0026251714676618575,-0.023146239668130876,0.0809588671149686,0.0193582599516958,-0.017984743998385965,1.0,1.0
Coa7,0.08997319011483342,-0.0046171147609129545,-0.017186179598793386,0.0,0.04154703357955441,0.07304273843765259,0.07882641992531716,0.0006948983296751976,0.02288562985486351,-0.0003348878026008606,0.0816116409143433,0.10200690321624278,0.005936809538397938,0.013041081137489528,0.01742723754607141,-0.020029941787943244,-0.06752641441999004,-0.021864323390182107,-0.018315096185542643,0.048513073299545795,-0.001400300906971097,0.09905871726572514,0.029998493064194918,-0.03444873963948339,-0.013635449446737766,-0.0018652541027404368,0.0647207900811918,0.03242921410128474,-0.07129961906000971,1.0,1.0
Tctex1d2,0.21804349796380848,0.01959077611332759,-0.017956821826519444,0.0,-0.00036270705983042716,-0.13097640968859195,-0.003989366074092686,0.004092179052531719,0.029259417263092474,-0.00033022450283169745,0.03269842267036438,0.07160510916262865,0.03964640410616994,0.05549173573264852,0.029519443726167084,0.015266018245602026,0.012942753848619759,0.025220447019673884,0.057334722829982636,0.0702608175156638,-0.0027687946567311883,0.012268334848049562,0.028863351130858063,0.02509232170530595,0.0098829984664917,0.0005528119066730142,0.04284146252088249,0.011995726791210472,0.029361973889172076,1.0,1.0
4932438A13Rik,0.07179572057153565,0.020488811298273502,0.0010229902330320328,0.0,-0.002413750682026148,0.02811959427781403,0.005120364311151207,0.0014670075848698615,0.02524617295479402,-0.0009517711214721203,-0.03609083688585088,-0.006481900820508599,0.023934090742841363,0.08315080787753687,0.008827540390193463,-0.0050413205847144125,0.03593266172800213,-0.0029051615938078612,0.02310185012407601,0.055907989810220896,-0.034405914447270335,0.09453387996560196,-0.0567313973326236,-0.03829087062098552,0.0037833353504538535,0.013982671571429819,0.08372085227281786,-0.013005894931848162,0.005901794438250363,1.0,1.0
Aqp11,0.03362627752998378,0.041695091755245814,-0.005912072960054502,0.0,-0.01246138677932322,0.002447231113910675,0.013531687403446995,0.0015905450657010079,0.02881972388946451,-0.0008067867718636989,0.036575006879866125,0.10387902587652206,0.038270129980519416,0.013824809931684286,0.006031657429412007,0.0019402302289381623,-0.05947995629219804,0.020150872357189657,-0.010340550525579601,0.059800645858049395,0.02818342047277838,0.0460246421652846,-0.0022619448928162455,0.006071216113050468,0.00386054627597332,0.0002027153130620718,-0.050312766244169325,0.0053260918380692605,0.01028876492753625,1.0,2.0
Hsp90b1,0.019758773216744886,0.009819893965031952,0.02110507047982537,0.0,0.001835937958676368,-0.024232342932373287,0.020904165860265493,0.0006948983296751976,0.013920932239852846,-0.0002574764285236597,0.0353640766069293,-0.024524910976178944,-0.039191817194223405,-0.022099560433998702,-0.004966665105894208,0.07153889572131447,0.1279720611521043,-0.007354903202503919,-0.10462567817390664,0.0690316378697753,0.00170051806489937,-0.03320376183037297,0.016664322338765487,0.01418806741858134,-0.013635449446737766,-0.0018678678781725467,-0.1640905860438943,-0.2097870242409408,0.02850901922211051,1.0,0.0
Kcmf1,0.03672130915801972,0.005730941551737487,0.2108183020655997,0.0,0.01149112991290167,-0.01489968877285719,0.05416345615871251,0.0012353748083114625,0.023260482505429537,6.0231750831007956e-05,-0.03819185772445053,-0.002416754700243473,-0.029093220131471753,-0.03764523513615131,0.010562610945198685,-0.00763932075118646,-0.06310482779052108,-0.03616320556961,-0.03161660389101598,0.04900529760401696,0.009839445592369885,-0.07738328195453505,0.018175556102069095,0.0003779161302372813,0.0026251714676618575,-0.00860778683796525,-0.02756875323597342,-0.03765678853960708,-0.012942168470472097,1.0,2.0
St7l,0.005245912719983608,0.017290550898760557,-0.012897336614551023,0.0,-0.012124658715911209,0.013710964424535631,0.06316284033469856,0.000772109255194664,0.02875069251516834,0.002814934393391013,0.03472808826249093,-0.013172368090599774,-0.04257359474897385,-0.045229930677451194,0.04302594703156501,-0.014259577030315995,-0.04986349090235308,-0.003495219936594367,0.09371424668934196,0.04615705023519695,0.03676524555310607,-0.055735292541794476,0.006863496707519516,-0.0005602324940264226,0.0016986403614282608,-0.023146239668130876,-0.04416997632943094,0.035244614502880724,-0.03644107823260129,1.0,2.0
2310057M21Rik,-0.04841693263791967,-0.013154808055842295,-0.010414600335643627,0.0,-0.0327754173008725,0.01934345459099859,-0.020803565279929898,0.004092179052531719,-0.00414164646063,2.1809134632349015e-05,-0.08355797323398292,-0.02890410871244967,0.009983736437279732,-0.02908904672600329,-0.002125117462128401,-0.023143097225984094,-0.021935651004314424,-0.013517908900976181,0.000978774237446487,-0.28379029425792396,-0.016401746296323835,-0.20079962894320488,-0.02840358524117619,0.014130327699240297,0.0098829984664917,-0.004945566519163549,-0.02568081667646766,0.01504096986260265,0.029576551578938962,1.0,2.0
Pde9a,0.022807117744814604,0.018706986173056064,-0.01963684914750047,0.0,-0.006189253269694745,0.011889760345220567,0.08977310071699321,0.0014670075848698615,0.027347240273375064,-0.00041633051820099353,-0.006491903464193456,0.007990658822236582,0.01636116144247353,-0.018097332646138966,0.007419742429628968,0.0023370274165063166,0.07788224159972743,0.024928562269778923,0.030040152152068914,0.04141979124746285,-0.05410784077626886,0.05783180129568791,0.039095045087160545,-0.03494250932650175,0.0037833353504538535,-0.00860778683796525,-0.01765569852956105,-0.0416577672958374,0.009334597811102867,1.0,2.0
Gm26901,0.09923652337281964,0.01805709992069751,-0.02437505277324817,0.0,-0.0005277271848171949,-0.03196181645616889,-0.0015242721256799995,0.0006948983296751976,0.021105455668875946,-0.0009517711214721203,0.045946099406573924,0.1076012335717678,-0.06064136989880353,0.073161922886502,-0.01809924278408289,0.11149855706607922,0.010249696692917497,0.0519599580927752,0.04939056861680001,0.08937714637257159,0.02293018291646149,-0.08012665692527662,0.017277524856617675,-0.010837051845155656,-0.013635449446737766,0.06900426780804991,-0.005240629476611502,-0.04922837191261351,-0.0018431501067243516,1.0,1.0
Gmfb,-0.002077884841710329,0.029286773873027413,0.040836948636424494,0.0,0.038302241356577726,0.0252268145699054,0.010002357885241508,0.0006948983296751976,-0.00011071963235735894,0.00019537770189344882,0.03020006761420518,-0.007567334352061152,-0.008550865773577243,-0.015013267581816763,-0.02191244859714061,-0.01729314633354079,-0.023878424039576202,-0.012914635459892451,-0.05914242141181603,-0.20224854977335782,-0.01231782637303695,-0.21713077063672245,0.0280967293062713,-0.02783232123591006,-0.013635449446737766,-0.002454279828816652,-0.10783145189518109,0.032828962546773255,-0.0016285724262706934,1.0,0.0
Gm15243,0.24250898290949408,0.11086281777534168,0.03237162105622701,0.0,-0.031454133742372506,-0.04781246584374457,-0.008050932319601998,0.0006948983296751976,0.0017875470733270048,-0.0002852159086614847,0.02920567246619612,0.04694826071150601,0.01762923937290907,0.0008962690655607731,0.00977993406355381,0.005474078342085704,0.0749728954420425,0.082282752195606,0.015637101038591936,-0.4020495800394565,-0.008353668553754688,-0.15570267223753034,0.03224495426286012,-0.017421584234689362,-0.013635449446737766,-0.0013895409554243088,-0.015835903289262206,0.0318158181803301,-0.01677860604599118,1.0,1.0
Acly,0.018931055525317788,0.010636363180819898,-0.03625094541464932,0.0,-0.030538247767835855,0.04477719036396593,-0.010410182885825634,0.000772109255194664,0.018669376014731825,0.00020521610043942927,-0.007545500259147957,0.02123526345938444,0.01525536436587572,-0.04910803250968456,0.014275096904020757,-0.010860681261401623,-0.10816370069282129,0.05715603676857427,0.026489788815379143,0.04214279239997268,0.027128748300019653,0.08248221081448719,0.029726107108872385,-0.004089141779113561,0.0016214294359087945,-0.023146239668130876,-0.010986377175431699,-0.039949558884836735,-0.011438111239112914,1.0,2.0
Cpeb2,0.04373996743903263,-0.010079902977449819,0.029808607680170098,0.0,0.01547614112496376,-0.022717802724801003,-0.007868679500534199,0.0012353748083114625,-0.0037340169807430356,6.82944292202592e-05,0.045984868968371305,0.045557461064308885,-0.013506688578054309,0.005612529979553074,0.0035821071569807827,0.13867904060840375,-0.016181389056146144,-0.010504904716508463,-0.058264011687715535,-0.42609469620510937,-0.005243783534970134,-0.26105997586622837,-0.007478306994307786,-0.007493818891234696,0.0026251714676618575,0.010163613432087003,-0.0073556704432121475,0.0024105302547104655,-0.016288612000644208,1.0,0.0
Msl2,0.06480668641394004,0.005184664560947567,0.1008329177754058,0.0,0.018673769123852255,0.01572894481010735,0.01324428583495319,-0.008786603334592656,0.029329063354525717,-0.00043537535704672335,0.04621876184130087,0.03052523834630847,0.03462406000122428,0.034124016975983974,0.0035821071569807827,-0.0005772189423441887,0.02251204534783028,-0.3072110312525183,-0.06481676766765304,0.045548155358992516,-0.06875702318036929,-0.2854565049149096,0.010704153413535096,0.0074379148019943385,0.0012044904381036759,-0.004847842293092981,0.016488015124341473,-0.0030808494589291513,-0.02502928058500402,1.0,2.0
Lrba,-0.5242346248356625,0.0035045956331305208,-0.023627169498358854,0.0,0.011446756822988392,-0.04522163016721606,0.025452626179903747,0.000772109255194664,-0.041507251609582456,-0.0022336906287819145,0.009970509432023392,-0.003723670560866594,0.004451616930309683,-0.026088525331579147,0.008192240817006678,-0.010202235438046046,-0.00872338082175702,0.03373689661268145,0.013432559247594327,0.03861608205363155,0.013184958305209875,0.03894502704621118,0.014087325712898746,0.01613630731124431,0.0016986403614282608,0.02702481280080974,-0.030094723599031568,-0.03780870387330651,-0.006562059752177447,1.0,2.0
Gm16278,-0.059586000102572145,0.008381862612441181,-0.031845578661886975,0.0,-0.03655956394970417,0.032904120422899724,-0.04294420343823731,0.004092179052531719,0.019100855509750544,0.0028684169193729757,0.06673859723377973,0.04287167543545365,-0.00890269124880433,-0.022955329190008342,0.011528124772012234,-0.019735164078883826,-0.05644913375843316,0.013277015779167414,-0.003632844863459468,0.029721376388333737,0.05659751824103296,-0.029228247189894318,0.026801451044157147,0.009829967885743827,0.0098829984664917,0.0002027153130620718,0.10989822085015476,0.03330933941528201,0.033217101208865646,1.0,2.0
Cct8,-0.00067219277494587,-0.11824832493788563,0.014237593446159736,0.0,0.011444349993835203,0.014085972243919968,-0.002184355347417295,0.0005095921084284782,0.01437556445482187,-0.00043537535704672335,0.01317970223724842,0.07693279627710581,-0.08067565084900707,0.031108407464344054,0.04849101640051231,0.10196605058416025,0.009442981767351739,0.027035817217547446,0.03684228385798633,0.020255619175732136,-0.09355131988937501,-0.09206706597527954,-0.0005436493689194321,-0.0006836396182188765,-0.008524086185498164,-0.017534303953871132,-0.08059690658468753,0.024926395281217994,-0.0022467297624098135,1.0,2.0
Fam192a,0.08253727331044501,0.026503597381379224,0.02999280995107256,0.0,-0.015301484800875186,-0.012418430214747787,-0.059359085041069196,0.0008802045532502234,0.0199234886886552,0.0007028660504147411,0.03340635085478425,0.0016943985596299172,0.004775993360672146,0.03552914763335138,0.004568458208814264,-0.012473515007877722,-0.040946961939480386,0.061638135954272005,-0.08121789366414305,0.0033818600466474892,0.11198535942006856,0.0834873669652734,-0.004390258616767824,-0.012164634996443055,0.0022082324791699646,-0.008841292727738618,0.024125327977817506,0.027480857684276997,0.005674799962434918,1.0,2.0
Zcchc14,0.030573930719401687,0.00020383997587487102,-0.02690019814297557,0.0,-0.015436615054495633,0.016469023295212538,0.029648929825052617,0.0014670075848698615,0.1775849271356128,0.0002482361998409033,0.026241923731286077,-0.004681373750790954,0.011590141505002975,-0.021418713631574063,0.0410634345584549,-0.014898942606523633,0.0036242699809372423,0.002658865590929054,-0.10723684340016916,-0.15658141342457385,-0.011006782919284887,-0.08758717169053852,0.02801999951596372,-0.06192461144644767,0.0037833353504538535,-0.008150098088663071,0.07132653670094441,0.03303190218517557,0.012133419523015618,1.0,0.0
Elmod3,0.07561617177445441,-0.09836733171483501,-0.029293706388561987,0.0,-0.01848421706352383,0.05752047062851488,0.02743276766501367,0.0006948983296751976,0.02779772398993373,-0.00033022450283169745,-0.04331174252787605,0.00345694113522768,0.01843724792590365,0.00026428091689012945,0.015242272317409515,-0.014819796103984118,-0.10370265740668401,0.10389244281686842,0.021655719276168384,0.03489659629762173,0.03388341956073418,0.07508721590274944,-0.03662676890846342,0.0017326009436510503,-0.013635449446737766,-0.023146239668130876,0.06653784981928766,0.01953182090772316,-0.027075162376277148,1.0,1.0
Ppp1cc,-0.02896186988102272,0.0050970105733722446,-0.010921451236354187,0.0,-0.015784077551215886,0.026836469937115907,0.06269322362728418,0.0013897966593503952,-0.12362044801004231,0.005894160065799951,-0.00551341503392905,-0.0008547122124582529,0.019120382780674846,-0.002213000876363367,0.003300824826583266,-0.01013725457713008,-0.11863129467936233,-0.370860041603446,-0.07323507929919287,0.0852131481608376,-0.02945932363392785,-0.01819796586481971,0.013609858192503453,0.012711235075257718,0.00386054627597332,-0.005645653288811445,-0.036090676207095385,0.015484333368949593,0.013520276001654565,1.0,2.0
Mknk1,0.007358407732099294,-0.033747018135618416,0.07703648837283254,0.0,-0.029440544517710804,0.02327019318006933,0.0774867147486657,0.000772109255194664,0.04206170241814107,0.00020521610043942927,-0.06361546206753702,0.01094128305092454,0.020436510723084212,-0.03943633057177067,0.013839584679808468,-0.03860302668064833,0.017404782343655823,0.05782091685803607,0.015470958824735134,0.04042203255929053,-0.005838845663238317,-0.01788101168422145,-0.037250122376717626,0.00035468147136271,0.0016214294359087945,-0.023146239668130876,-0.026384334024041892,-0.04023309937678277,-0.011438111239112914,1.0,2.0
Snapin,0.30085262249107475,-0.1379835911979899,0.07006233881402295,0.0,-0.002659295680350624,0.10354957451112569,0.011019306189846248,0.0005095921084284782,0.03315088648349047,-0.0007059264183044433,0.03599620911758393,-0.0020068297162652016,-0.0060706159146502615,0.027103348759701475,-0.04670605937717483,-0.005891857007518411,0.0335984362848103,0.0446390939084813,-0.01613353914115578,0.05851364987436682,0.0319437723280862,0.10677487516892142,0.051572321904823186,-0.006307568345800973,-0.008616739297285675,0.009566139094531537,0.05312448574230075,0.032657291959039866,0.031961312256753444,1.0,1.0
Hunk,-0.007644483435433358,-0.02919808875420131,0.02593044993816875,0.0,-0.02864724102895707,0.01854677204042673,0.034892062600702045,0.004092179052531719,-0.0005076368874870241,0.0004070902895182371,0.022226429852453294,-0.005937022464349866,0.010531163685955107,-0.02139790332643315,0.050911441314965486,-0.022145757962425704,-0.08498580713756382,-0.008392470739781856,-0.09562950796098449,-0.20314947827719151,-0.02433484501671046,-0.038988660615868864,-0.006654923047171905,0.02457456484757131,0.0098829984664917,-0.004828813578933477,0.040268012490705586,0.0070699054701253775,0.029576551578938962,1.0,0.0
Tdg,-0.05674599288962781,0.006267660120502114,-0.030617139920359478,0.0,-0.02879550002515316,0.054397616321221,0.03330894585698843,0.0006948983296751976,-0.17988587584695778,-0.004713557595387101,0.08339438277296722,0.10482506092637778,0.025626025153324006,-0.05170831572031602,0.014453476406633853,-0.005462489856872707,-0.06127590719843283,0.0017193929245695472,0.004837390558095649,0.053039620809722694,-0.005379467150196433,0.08854460227303207,0.029998493064194918,-0.012014784198254348,-0.013635449446737766,-0.030059926807880402,0.07664915290486533,0.034263028856366874,0.006545868963003159,1.0,1.0
Mark4,0.07156806448008865,0.026663589819800108,-0.041421490357024596,0.0,-0.03132579492405057,0.028020988744683565,0.08401895820163191,0.000772109255194664,0.026247960622422396,-0.00011249207891523838,0.051969088474288584,-0.016377472262829543,0.01595439434982836,-0.005055753625929356,0.020956674132030458,-0.01270890053245239,-0.1108251731004566,0.03635605691815726,0.021255906412843615,0.04297465353272855,-0.02382787726121023,0.039011723538860676,0.026801451044157147,-0.0008146916190162301,0.0016214294359087945,-0.023146239668130876,0.009825596649898216,0.021076257079839705,-0.011934680268168449,1.0,2.0
Tssc4,0.350465772216412,0.018577086542645702,-0.02814798808773048,0.0,-0.04635382630454842,-0.1762664569169283,-0.0006748214291292243,0.0004632655531167984,0.03145086996257305,-0.0008330096863210201,0.052142120139469623,-0.004485547482036054,0.033251659544184804,0.047910353196784855,0.016743028410710393,-0.054726135758683084,-0.05105021498748101,-0.1297490749519784,-0.08157554853940382,0.051299666315317155,-0.06530981209827587,0.02583752408012515,-0.016070990588050334,-0.02788519620196894,-0.008524086185498164,0.0026834471430629493,0.02239298264030367,0.013921838547103106,-0.024766763398656622,1.0,1.0
Ndn,0.372920491870027,0.007885763167287223,0.005029463275859598,0.0,-0.00892168841091916,-0.02984477173537016,-0.005491156476782635,-0.047484719194471836,0.016032781960675493,-0.00032772916136309505,-0.07386761924019083,-0.06933340138755739,-0.018104613767936827,-0.036901102564297614,-0.03829486625269055,0.003695977401803248,-0.012770623015239835,0.015865531978197397,0.036184320794418454,0.044598756392952056,-0.03545910540036857,0.02005774580524303,0.01158410876756534,0.012618140893755481,0.003706124424934387,0.002683447138406336,0.00439856962999329,-0.005446338509209454,0.010956489825621247,1.0,1.0
BC004004,0.004284854893048759,0.00793257083860226,-0.0452348561596591,0.0,-0.029160368209704756,0.007618321920745075,-0.024185329069732687,0.0014670075848698615,0.018421591646037995,0.00014722236432135105,0.009399801190011204,-0.005296843112446368,0.021596265947446226,-0.04972995592746884,-0.029632336751092225,-0.0420496518490836,-0.060776938078925015,0.03610791119048372,0.026955654092598706,0.043774490030482414,0.03338529286324046,-0.022596363550983368,0.029726107108872385,-0.03153232373064384,0.0037833353504538535,-0.023146239668130876,-0.006025735677685589,0.02631152605637908,0.010070433379150928,1.0,2.0
Brwd1,0.0206548565113917,0.013958890677895398,-0.08874463554238901,0.0,0.0037081801472231748,0.012594519294798373,-0.0002517944877035916,0.0014670075848698615,0.016193232529330998,-0.0003567260317504406,0.07556364278309047,0.10086523365229368,0.025166201079264282,0.0470080062514171,0.016427639008034022,0.004441157206892967,0.034330433625727894,0.004983275784179568,0.03656603095529135,0.0718060518684797,-0.007526168797630817,-0.026231075058603892,0.014193691218970343,-0.017982097142376006,0.0037833353504538535,-0.023146239668130876,-0.03599197265226394,-0.07232060397043824,0.012133419523015618,1.0,1.0
Brinp1,0.01765629252913641,-0.013528878427750897,0.014201486598904012,0.0,-0.010192313625011593,0.010544929699972273,-0.006651959009905113,0.0004632655531167984,-0.062420594249852,-0.0004775108490139246,0.019337118442635984,-0.00925303959287703,-0.012619078075513244,-0.009918084751116113,-0.05449033044744283,0.051716613915050405,-0.18034333803632763,-0.2427584976539947,-0.04288084587577032,-0.23631541225127875,-0.007628010136540979,-0.2463629810884595,0.008412181325256824,-0.0038865287462249397,-0.008524086185498164,0.011860032421536744,-0.10322120638564229,-0.11140517689404078,-0.002202521775034256,1.0,0.0
Fam81a,-0.05636810627300292,0.015583368090447039,0.07945658933371305,0.0,-0.006815225090831518,0.0052299439255148175,-0.06569286154117435,0.0008802045532502234,0.014683868589345365,-0.022185738966800272,-2.7027195319533348e-05,-0.003708787662908435,-0.005006638097111136,-0.0051716845668852325,-0.022086003713775428,-0.005017654405382928,-0.1582258424628526,0.015852424867916853,0.005607481388142333,0.015785674462094904,0.013215913772583007,0.003573600146046374,-0.024674119781702756,-0.011081914281821809,0.0022082324791699646,-0.00860778683796525,-0.040810490818694235,0.019171766680665316,0.006171368977520615,1.0,2.0
Csdc2,0.006611201146151871,0.03395741003798321,-0.020358815379440783,0.0,0.011032979427836835,-0.005024681743234396,0.08033475068863481,0.0014670075848698615,0.021890443130396307,0.0026654388289898633,0.015768151823431255,0.02469060095027089,0.01164275774732232,-0.009496729304082692,0.006875006875488907,-0.007410841430537402,0.12437590226531028,0.04370303095085546,0.02609628048026934,0.05405559001490474,0.06887864888180047,0.03341491279294132,-0.02149991697340738,-0.036523332597280384,0.0037833353504538535,-0.0018678678781725467,0.01929249891079962,-0.1769598412513733,0.005901794438250363,1.0,2.0
Zfp865,-0.0685522916726768,0.007765162941068411,0.02886424953379901,0.0,-0.026907165832817555,0.015063377004116774,0.030802716184407473,0.004092179052531719,0.028733142897253858,0.00010472854599356651,0.02952681619732175,0.00644710261374712,-0.023251943248324095,0.020813220373820513,-0.005335436158347875,-0.02547473628714215,-0.030512584801763297,-0.03790356152690947,0.044657656286144626,0.049029235169291495,0.0313638667226769,-0.05072838611027691,0.02755232964642346,0.017028554736170917,0.0098829984664917,-0.0018652541027404368,0.07510452162008732,0.02748552300501615,0.029361973889172076,1.0,2.0
Mok,0.07466496510285651,0.009403657676884905,-0.05720490738633089,0.0,0.004107981123379432,-0.04068763705901802,-0.07277974983619061,0.000772109255194664,0.016070357984863223,0.00026320984121412037,0.05653739908360876,0.005869796313345432,0.010670625907368957,-0.06595866424962878,0.008351525443140417,-0.013074198090180289,0.10787135240854695,0.0046027079643681645,-0.05138538343133405,0.037712018974125384,0.03770500092068687,-0.003401487991504837,0.030063407607376576,-0.008836901320028118,0.0016214294359087945,-0.008841292727738618,-0.041954816738143566,0.02428483894560486,-0.012670515889767557,1.0,2.0
Sdf2,0.20232221166137607,0.02804673899896443,-0.09213158326572739,0.0,-0.008007234996184706,-0.06975009848363697,-0.06091562234796584,0.0015905450657010079,0.014608978568576276,0.00052847218234092,-0.003159776751417667,-0.006323936097323894,-0.01195017971098423,-0.028006866774521768,-0.005576437038835138,-0.0032258345559239387,-0.10753600453026593,0.015443591736257076,-0.104514416862512,0.022478491184301674,0.024899847684428097,0.04563952087119105,-0.011268773865886032,0.007704046585131436,0.00386054627597332,0.0005528119066730142,-0.008785709778312594,0.010497394599951804,-0.002178290244191885,1.0,2.0
Fam13a,0.10436958660837263,0.0329994412465021,-0.033323660952737554,0.0,-0.006225816598162055,0.04499871102161705,0.032360130613669755,0.0012353748083114625,0.01382927487255074,-0.0009517711214721203,0.056668444210663436,0.10985962010920047,0.02814242450520396,-0.03930129350395873,0.009442899175919593,0.0025653058127500118,0.16681709416210652,0.052951405385974794,0.0002540980716003105,0.0842578088445589,0.03663849727658089,0.07425003656288026,0.036587962453486396,0.007323273362708278,0.0026251714676618575,0.06900426780804991,-0.12879621553001924,-0.08733266518451273,0.007454564534127712,1.0,1.0
4930512B01Rik,0.0018228478799574078,0.008348662913776934,-0.034776904977625235,0.0,0.0005262392852455378,0.05409745651762932,-0.017500801542773843,0.0012353748083114625,0.0248232015024405,0.00011822549160569906,-0.15858770058955998,-0.037536944840103385,-0.028161153146065772,0.006208059003110975,-0.0025528453453443943,0.007459888719022274,0.12616753996815533,-0.023947514626197517,-0.03201821732101962,0.04527364134322852,0.008882552227005363,-0.02065974444223684,0.03690303617855534,0.010520778405480087,0.0026251714676618575,-0.008764451195020229,0.05858845512382686,0.018979258527979256,-0.008048569690436125,1.0,2.0
Il17rd,0.0757810491969576,0.007269121490244288,0.061496203430579044,0.0,0.045843933895230296,0.07271472826600074,-0.05616764122081804,0.0014670075848698615,0.027204065565019846,-7.051005959510804e-05,0.0005323341162875295,-0.013010184317827224,-0.02496279518119991,0.08300196662545205,-0.15184574915561824,-0.008470311781857164,-0.03665983620565385,0.034546339488588276,0.004154393121716567,0.04527121498715132,-0.08043946548830717,0.09555640754755586,-0.04479596179444343,-0.0004835288692265749,0.0037833353504538535,-0.023146239668130876,0.07123813403770328,0.019969675745815037,0.010070433379150928,1.0,2.0
Gm10115,0.3347211855649948,0.017289496838930062,0.03198705393588171,0.0,-0.0034581240103580056,0.03552665113471448,-0.005523349979193881,0.0005095921084284782,0.03697025839937851,-0.001023634597659111,-0.12037175829987973,0.04162757601588964,-0.22147859669290482,0.02645296401111409,0.0027106413152068855,0.05270626767538488,0.07646327251684852,0.01994993955362588,0.013654057863168418,0.05844130154233426,0.006019783027004451,0.040711497205629714,0.03206042513716966,-0.007053726191224996,-0.008524086185498164,0.009566139094531537,-0.006959197881515138,0.019048714167438446,-0.005151636835653335,1.0,1.0
Src,0.045764964242407585,0.0034616951120551675,-0.0486489839234855,0.0,-0.005239090486429632,0.027975886897183954,-0.025582986901863478,0.0014670075848698615,0.013422054415568709,4.636201076209545e-05,0.049806828498840335,-0.004584954446181655,0.015413300786167383,-0.0771943293325603,0.017740396857261656,-0.0174405285238754,-0.0431710608350113,0.004078064477071166,-0.07700892467983067,0.03329000944737345,-0.06398358922684565,0.042120888305362314,0.031303628105670216,-0.027035892684943975,0.0037833353504538535,-0.023379745557904244,0.005038991388864815,0.032681743558496235,0.011636850466020405,1.0,2.0
Pdgfa,-0.11577041101176291,-0.00097651950083673,-0.0248184814711567,0.0,-0.0637228126404807,0.03079639236209914,0.08401895820163191,0.0014670075848698615,0.025692299623042345,-0.00039288153871893885,-0.13220786610618235,-0.05840074699837714,0.01613481209613383,0.021910913600586356,0.007963566100224853,-0.002734841537894681,-0.038250392386689785,-0.01593814014515374,0.017094850395806133,0.051166049740277234,-0.007285323425312526,-0.015416604262572946,0.01805242997361347,-0.02682564141927287,0.0037833353504538535,-0.00491050805314444,-0.021060260261874644,0.007062785914167762,0.011636850466020405,1.0,2.0
5330439K02Rik,0.22437357653558138,0.04561629006653675,-0.018209296909626572,0.0,0.010557021277491004,-0.05520001508295536,-0.009083106338221115,0.0008802045532502234,0.031093383549014107,-0.0007059264183044433,0.051324740857817235,0.10005532193928957,0.03818463445175439,0.0832028839061968,0.011819134298712015,0.013786131551023572,-0.10550662100155023,0.008229115876602008,-0.10329106297111139,0.06763158679008484,0.0879271194897592,0.07678627175744623,0.0005605457769706845,-0.014369759256951511,0.0022082324791699646,0.0005528119066730142,0.053807078683748844,0.02655067143961787,0.0029930186294950547,1.0,1.0
Cdk19,0.017390273679047823,0.020685553336516022,-0.02507816156023182,0.0,-0.01575230653397739,0.07545459204353393,0.08085531678982079,0.0012353748083114625,-0.02039068322163075,-0.0002574764285236597,-0.012077312756009633,-0.039736115084961054,0.03051446385681629,-0.0404673931049183,0.007926568654365838,-0.011287019224837422,-0.08961491322377696,-0.0007946605049073696,-0.012427525795064866,0.011168565833941102,-0.04531537277624011,0.04920128163445042,0.016598035105271264,0.008135230416082778,0.0026251714676618575,-0.021981451585888864,0.05567750914487988,-0.04293710536789149,-0.012942168470472097,1.0,1.0
Stk25,0.10533233334310353,0.016094097760505976,0.07580559301626635,0.0,-0.004445053066592664,0.07685531834606081,0.10524079052731394,0.0012353748083114625,0.024084205284016207,-0.00041633051820099353,-0.04467085529584438,-0.06035483076237142,-0.009350238689221442,0.024046351588331162,-0.07758871696423739,-0.014808583930134773,-0.07097292605787515,-0.06050735171069391,-0.02070371818001149,0.04862474457360804,0.005080948863178491,0.07135307802134776,0.006127539622830227,-0.03071684706257656,0.0026251714676618575,-0.008764451195020229,0.048663640634622425,-0.0413615186791867,-0.09078765653073788,2.0,2.0
Gm28750,0.0654845829383703,0.004091373300179839,0.0960614763875492,0.0,0.0036525519174756484,0.024531568912789226,0.051315293945372105,0.004092179052531719,0.02105972761870362,-0.00027223076205700635,-0.07344276192598045,-0.1205737348087132,-0.06777216230053455,-0.09249128378229216,-0.0018644514819607138,0.1043852598941885,0.02265090455999598,-0.03430296195670962,-0.0030004559294320643,0.04533320803660899,0.014987427243031561,0.08697898371770861,-0.016197281458880754,0.015486815306358039,0.0098829984664917,-0.008764451195020229,0.06494638134725392,0.020764253600500524,0.033217101208865646,0.0,2.0
Mrps15,0.24288333296310158,-0.04449140422570053,-0.020740569871268235,0.0,-0.0021390880225226282,-0.034589244327507915,-0.010871342626633123,0.0013589122891426086,0.023331405667122454,-3.901785239577293e-05,0.024224187020008683,0.00345694113522768,-0.011459548859857022,0.06753597524366342,-0.04665622099302709,0.040792573598737364,0.04771481066942215,0.04263303019572049,0.036792893642559645,0.04822662156075239,0.04921930169686675,0.0339795785532624,-0.05105948848184198,0.0072570849629119034,-0.04404111191630364,0.0005528119066730142,0.06072379531338811,0.020133688836358486,-0.004980081990361214,2.0,1.0
Calm1,0.1277222749684006,-0.006210633041337133,-0.17694586894940584,0.0,0.0050713629822712394,0.08632556104101241,0.017744953278452158,0.0004632655531167984,0.014383631865493953,-0.0003567260317504406,-0.021258415675256402,-0.024524910976178944,0.014290785789489746,0.0009874091669917107,0.014399888319894671,-0.010781106222420931,-0.0100613027747022,-0.28951017250074074,-0.10801061473903247,0.04756326405331492,0.010017261056927964,0.07802077659100178,-0.017338469994720072,-0.06725054213253316,-0.008524086185498164,-0.04466040674597025,-0.1191249580157455,0.013913178844377398,0.0006178313231794164,0.0,0.0
Spryd3,-0.02057350050425157,0.0004974720440804959,-0.037622028089826925,0.0,-0.013492751717567444,0.07200497198849916,-0.05840939267538488,0.004092179052531719,0.01600182200083509,0.00020521610043942927,-0.0556631229352206,-0.013172368090599774,-0.00890269124880433,-0.08667920351494103,0.009915558211505414,-0.010183122977614402,-0.12031692244578153,-0.034734620368108156,-0.0439170342637226,0.019354776353575288,0.01595627491828054,-0.04308553935567033,0.029998493064194918,0.01595368084963411,0.0098829984664917,-0.00857645395793952,-0.0077007108926773074,0.0265040750335902,0.033217101208865646,2.0,2.0
Izumo4,0.44193210430094043,0.013035588065395131,-0.01740722348447889,0.0,-0.0020393728418275714,0.10125876645557583,0.00840299017727375,0.0004632655531167984,0.02777554096071981,-0.0003666586196050048,0.006893391986377537,0.11962107956409454,0.018475716337561607,-0.03256517390953377,-0.029706171546131373,-0.011535814050585031,-0.03662332354462706,-0.1631499124947004,-0.15946943322196602,0.060613812902010976,-0.00884185144212097,0.06285141191445291,0.013609858192503453,-0.0703118591150269,-0.008524086185498164,0.009566139094531537,0.055470309115480634,0.016392767354846002,-0.023233876439044253,2.0,0.0
Riok1,0.14019199315924197,0.006699951037298888,0.06322163442149759,0.0,0.012540869023650885,0.017958648083731533,0.08351126721128821,0.004092179052531719,0.036662607151083645,-0.0746011904347688,0.012268608110025525,0.007939929738640786,-0.006209773581940681,0.002729634642601013,0.007308387181255966,-0.007911032601259648,0.1061033970490098,0.04940760624129325,0.015119977060239763,0.03283942067064345,0.03079808535054326,0.03648479344890802,0.040088855942012745,0.029238771456293763,0.0098829984664917,-0.023379745557904244,-0.05732900558039546,-0.07929937971755863,0.013195370025932789,2.0,1.0
Prdm2,-0.014089520957786589,0.020120202442631126,-0.005977641496574506,0.0,0.004134855894371867,0.04841618954204023,0.007773294923827052,0.0014670075848698615,0.027266029180027546,-0.0005803597066551447,0.06982614516746252,0.11750038996338845,-0.02120996804907918,0.05267364243511111,-0.07454118794295937,-0.03652424160391092,0.0013402161467820405,0.0048750089755048975,0.034729239004664125,0.06537049262784421,-0.0046371501107933,-0.0029889679142797833,0.02218026769114658,-0.017982097142376006,0.0037833353504538535,-0.023146239668130876,-0.01284045411972329,0.025532913501374422,0.012133419523015618,2.0,2.0
Pabpn1,0.2582871239242377,0.014231093462440185,0.004751118985004723,0.0,-0.008090390777215361,-0.11478363225236535,-0.04680048282374628,0.0006948983296751976,0.013271861936664209,-0.00032933990471065047,0.04502531954087317,-0.05685911810491234,-0.007200024188496173,-0.00046731522073969247,-0.0366376587934792,-0.019504389734938742,-0.06390449926489965,-0.004306862896773964,0.09386346864048392,0.02737098596058786,-0.0024022702482761815,0.059900196590460836,-0.03408322411123663,-0.06026198658742942,-0.013635449446737766,-0.016497518136166036,-0.10119605739135296,0.028475633542984723,0.006545868963003159,2.0,1.0
Ube2r2,0.0027322664973326027,-0.12055544480565004,0.02838718353305012,0.0,0.05061716563301161,0.05319877617061138,0.004948471691459417,0.004092179052531719,0.01923315733205527,-9.862233884632587e-05,-0.03209975072182715,0.014753942936658859,-0.0020246874960139394,-0.02678508071694523,-0.07299629078945145,0.004113948121666908,-0.03745982708409429,-0.03687387241050601,-0.02067979080718942,0.11187310619978234,0.006816073968075216,0.06773787880782038,0.010629716684343293,0.05631969023495913,0.0098829984664917,-0.008764451195020229,0.08308846561587416,-0.04445575250778347,0.03440454885363579,2.0,1.0
Setdb1,0.13035702106310054,0.008608985703904181,0.07500751341460273,0.0,0.01044617767445743,-0.13201548635959626,-0.012358731422573328,0.004092179052531719,0.01884216524194926,0.000580918020568788,0.01962459708331153,-0.01368429273366928,0.014823116511106491,-0.05403810766991228,0.02760138738900423,-0.04439711690181866,-0.006660541975870729,0.10081293855793774,0.04702674044296146,0.03358578678686172,-0.11762513455934823,0.08606090779067017,0.029998493064194918,-0.007559276521205902,0.0098829984664917,-0.023379745557904244,0.027403274504467844,0.037322479872964325,0.029361973889172076,2.0,2.0
Atraid,0.29269377843709665,0.005460701235570013,-0.05438755983486772,0.0,-0.015061134453862906,-0.1666673331405036,-0.04117600474972278,-0.009435175134567543,0.025248796069063245,-0.00023957534693181515,0.0012696954724378884,0.017887915130704642,-0.03303923124913126,-0.0336084646731615,0.007950199395418167,-0.02462259156862274,-0.03870026976219378,-0.32185755658545534,-0.05749901242204942,0.14104193211533128,-0.016370831143576653,0.008676372870540945,0.006904436661861837,0.0051690403465181585,0.0014824497734662145,0.0036860991828143595,0.03305853066849522,0.013837483855895697,0.005567801292054355,2.0,2.0
Cnot10,0.007966548420954496,-0.011910435615573079,-0.018080330325174147,0.0,-0.0001367143518291414,-0.04485757009591907,-0.0013976080901920796,0.004092179052531719,0.005978810514789074,-0.007190166562795639,-0.14640990027342923,-0.0878562304470688,-0.006684336764737964,-0.05127643255051226,-0.042448281245306134,-0.017846496027195825,0.008970271926373244,0.001083886013366282,-0.008820004865992815,-0.10060265272855759,-0.017011375109432264,-0.08210315162315965,0.013078687532106415,0.015864595510065554,0.0098829984664917,-0.005018682447262108,-0.04582702527288347,0.022045583515428006,0.029361973889172076,2.0,0.0
Snx21,0.48013060158118603,0.015344120420049876,0.00040704582585021854,0.0,0.02135628415737301,0.0814626356959343,-0.0030368583649396895,0.004092179052531719,0.022256101982202382,0.0025661892257630827,0.04961228919681162,0.036706591043621305,-0.01634320351295173,0.026941495765931904,0.03203064184635877,0.004435916524380445,0.0041907532094046475,0.018537429450079797,0.08420614330563694,0.05940988461719826,0.054379694378003475,0.0654715068358928,0.02645900713279843,0.02318190216436051,0.0098829984664917,0.011696774438023567,0.06811773076187819,0.034943662751466036,0.033217101208865646,2.0,1.0
Gle1,-0.0537710462580435,-0.002415102794766426,-0.04310165511793457,0.0,-0.042876202436164024,-0.013378211297094822,0.05832626735791564,0.0008802045532502234,0.023993668481707572,0.002810423178598285,0.005840446217916906,0.03322220543399453,-0.09788325471337884,-0.013240442280657589,-0.042882022829726335,-0.018656269991770388,-0.03161148261046037,0.03737389173591509,0.017510475288145245,0.059591248501092195,0.043698757756501436,0.007145222229883075,-0.0025482425885275006,-0.007438094487879425,0.0022082324791699646,-0.004847842293092981,0.043633341998793186,0.01857549710199237,0.00634841728489846,2.0,2.0
Arrb2,0.37384278950601585,-0.05235383597464534,-0.02892146032070741,0.0,4.561576060950756e-06,0.1062023996282369,-0.06752115540177328,0.000772109255194664,0.019674718444002794,-0.00032933990471065047,0.0553406399814412,-0.06760481462348253,-0.00875050037400797,0.005049905518535525,-0.00697905994951725,-0.01817163623025408,0.04997920520137995,0.009556097942986525,-0.04607412608806044,0.020522921192459763,0.00032479620014783,0.07110927298665047,-0.04728656871709973,-0.010717306223232298,0.0016214294359087945,0.009566139094531537,0.0046427865087753165,0.025046077300794424,-0.015352297239005566,2.0,2.0
E130307A14Rik,0.011969266426749527,0.025944078143220396,-0.023909545155474915,0.0,-0.00641460444778204,0.03368425684981048,0.08977310071699321,0.000772109255194664,0.02713140687905252,0.0001766318827867508,0.027156016156368423,0.00345694113522768,-0.006809776884038002,0.040641959374770525,-0.03571361995302141,-0.0061580186849460004,0.11344998272601516,0.05453402922023088,0.020336709819966926,0.035783064872957765,0.0750877295807004,0.1370585194278101,-0.055376876313239336,-0.0092544335097773,0.0016214294359087945,0.06900426780804991,0.04515249154064804,-0.01584357260260731,-0.016741850064136088,2.0,1.0
Dus3l,0.27834302965085955,0.006104530971497297,0.04918115278705955,0.0,0.003917482304968871,-0.1766014029085636,0.00014819745905697346,-0.047484719194471836,0.030484446204500273,-0.0005168180726468564,-0.005975795402191579,-0.10024376642890274,0.026390727190300823,0.032957196622155606,0.010168755475897342,-0.026969591773231515,0.0043285722192376854,0.03411737642250955,0.034983016687911005,0.05058877596165985,-0.021664503612555563,0.02111503358144546,0.05321692794561386,0.005947754731751047,0.003706124424934387,0.002683447138406336,0.0018372843950055539,0.036772716694977135,-0.0040226665139198306,2.0,1.0
Gls2,-0.04125152928580064,-0.000720707576838322,-0.009302720830310135,0.0,-0.0343291493691504,-0.0451489541772753,-0.017272449402371423,0.004092179052531719,0.002986352915177122,0.0002482361998409033,0.03666187260067091,-0.006923966696485877,0.007909713061526418,0.12530700374394654,0.0008403654024004936,-0.024881534274900332,-0.04955374381970614,0.0031127318716607988,-0.04856827233743388,-0.17734603918157518,-0.022220079667167738,-0.1512904428364709,-0.030725382030941547,0.014497962263412774,0.0098829984664917,-0.002571032755076885,-0.008307054389733821,0.02686113927979022,0.029576551578938962,2.0,2.0
5730522E02Rik,-0.48649430674035105,0.005476243605371565,-0.016103314168285577,0.0,-0.011288896866608411,0.012033770605921746,-0.009803268256946466,0.0005559186637401581,0.023204923123121262,-0.002936754720285535,0.022616306254349183,0.041017460692673924,-0.029156312462873757,0.004102238714694977,0.007226648489013315,-0.009408515929244458,-0.021702415836043657,0.004133240394294262,0.007694253222434781,-0.05463309701532126,-0.013120391860138626,-0.00979127866376075,0.013816312447888777,-0.0024742668448016047,0.0012044904381036759,0.001756190704763867,0.015255602661054581,-0.1721501742210239,-0.0040977337281219665,2.0,0.0
Tnk2,0.08536689484724774,0.003933109804056585,-0.04367139979847707,0.0,0.008700269244145601,-0.019983931537717582,-0.057360119922086596,0.004092179052531719,0.018212750960374252,1.862253062427044e-05,-0.05460377803072333,0.05729399770498276,0.014587548063136637,-0.07202861395897343,0.005814652023836971,-0.0060760495273279955,0.09229066032916307,0.009989431501016952,-0.048767199143767356,0.03922756891697645,0.11575196502846666,0.015733138385257917,0.05321692794561386,0.021730816085473635,0.0098829984664917,-0.023379745557904244,0.016206681488547474,0.02032614569645375,0.013195370025932789,2.0,2.0
Ranbp10,0.013261535139172338,0.006314185397641268,-0.007993667727569119,0.0,-0.005373661951161921,-0.06586499506607651,-0.0073291982559021565,0.004092179052531719,-0.1489839522377588,0.00851323688402772,-0.026919411940034478,0.04644595624879003,0.021274346869904547,-0.004156375750899315,0.005533821475692094,-0.017776536950841547,0.07049259847961366,0.0473429082846269,0.007308111166930757,0.01666317094117403,0.016908534404356034,0.08194423762004589,-0.05373227027244866,0.017219404613715596,0.0098829984664917,-0.030176679715514184,0.09796192318201065,-0.024627972608432174,0.02722884211689234,2.0,2.0
Trak1,-0.013747552013082896,0.013416450027143582,-0.15099891521618702,0.0,-0.018668083113152534,0.054549536276608704,-0.007758780810399912,0.0014670075848698615,0.008093285906361415,-0.0003567260317504406,0.04066540984902531,0.1012521556019783,0.01862756196409464,-0.002159065897576511,0.01405201664660126,-0.001426950255408883,-0.011936847493052483,0.00989274906925857,-0.03818898645113222,0.06440156555501744,-0.04247755006654188,0.035448520053032555,0.027321763222571464,-0.029346298623422626,0.0037833353504538535,-0.022214957475662232,0.009818022600375115,0.02369065653067082,0.012133419523015618,0.0,2.0
4930473D10Rik,-0.029139306975994258,0.0775867974339053,-0.018414359289454296,0.0,-0.02980828132480383,0.022206479273736476,0.023634689385071395,0.0006948983296751976,0.002162361346418038,5.013967398554087e-05,0.03453710585366934,0.0463903077878058,0.01779825975187123,-0.0071492089831735935,0.0016475636302493513,-0.010003053131513298,-0.03458265760214999,-0.008433226040797309,-0.04588740109524224,-0.372198199396953,-0.009644931225338951,-0.25454813304822893,0.0280967293062713,-0.013418131424114108,-0.013635449446737766,-0.008150098088663071,0.009468682076840196,0.03376088399905711,-0.0016285724262706934,0.0,0.0
Fstl4,-0.298862414737232,-0.013487754745874554,-0.009906900186324492,0.0,-0.0033055037748999892,0.015818593972362578,0.010647317143157125,0.0005559186637401581,-0.06430788756813854,0.04808654325315729,0.01798480595665751,-0.00027403696440160276,0.0038932220544666053,-0.03198564666090533,-0.0012650046474300325,-0.00472827659570612,-0.0009527564956806601,-0.015225620085839182,-0.025563696768076623,-0.21385586424730718,-0.033963989219628274,-0.13339850030839442,-0.008981531406752764,0.009609747843351215,0.0012044904381036759,0.012297470266930758,0.0013343362999148666,-0.1852328100334853,-0.01911058695986867,0.0,0.0
Rusc1,0.23894987367559226,-0.0018651840230450034,-0.009922349649714305,0.0,0.003419661559164524,-0.13360087338835,-0.03104764819610864,0.0013897966593503952,0.01684061371255666,-0.00023957534693181515,0.022282608533278108,-0.03490709070116282,0.013855126001872123,-0.06924438361078501,0.007830002065747976,-0.021401284784078597,-0.023712363278027625,-0.3423466904927045,-0.10315434424323029,0.026649740752764047,-0.10052861947799102,0.009394675480871228,0.016806900212541224,0.020010804592166097,0.00386054627597332,0.0026834471430629493,0.005344985811971128,0.015308433058671654,0.013520276001654565,2.0,2.0
Mecr,-0.01722720492631197,-7.323997095227242e-05,-0.03553453007596545,0.0,-0.032177472002804276,0.04049882749095559,0.03637722336687148,0.000772109255194664,-0.22139617829583585,8.881596848368645e-05,0.07103535148315132,0.02285632126033306,0.0016008866927586496,-0.004342803985346109,-0.021461641436908395,0.028135191847104578,-0.02975942110642791,0.006496736474800855,0.009044669021386653,0.0334371771547012,8.51610885001719e-05,0.07553688826505095,0.007677113604731858,-0.004532842834014446,0.0016214294359087945,-0.015521473344415426,0.01849793506320566,0.02231762934476137,-0.011934680268168449,2.0,2.0
Rogdi,0.3588206548639573,0.010237746522179805,-0.08027323347749188,0.0,0.008371499166823924,-0.16044695689342917,-0.010871342626633123,0.004092179052531719,0.018179833682952447,-6.801472511142493e-05,-0.039801990932319314,-0.12537969077937305,-0.010124836978502572,0.027447491826023906,0.014649074394255876,-0.019566312097012997,0.036140262773260476,0.009992543822154403,0.051010578898712994,0.039778182760346684,-0.013180995736038313,-0.0053280050827015655,0.005793772069737315,0.030552312007639557,0.0098829984664917,0.002683447138406336,0.011790910181589424,0.016311704516410827,0.02817452624440193,2.0,1.0
Cables2,-0.01178886077774223,-0.0015015119244344533,-0.02449373806564836,0.0,0.01731923224637285,-0.012726876600645483,-0.03278001375962049,0.0013897966593503952,0.013554124915972353,0.001021418967284262,0.018838210196699946,0.011343868263065816,-0.018801750764250755,-0.032904704795219,-0.038036709018051625,-0.0463943598853075,-0.025282844754401596,-0.3095594450645149,-0.16868785065948033,0.01546111470554024,0.04500288488809019,-0.1441534929862246,-0.0172548225405626,0.013662235483061523,0.00386054627597332,-3.079053945839405e-05,-0.0009164978074841201,0.021195055211428553,0.013023706944659352,2.0,2.0
Cadm2,-0.28131364461500197,-0.013906863612355665,-0.006166079646791331,0.0,0.0046832819585688416,0.009221021723933518,0.008906027874909342,0.0005559186637401581,-0.04624522365280427,-0.0026605809992179276,-0.025603315941116308,0.032271856633014975,-0.012772854918148368,-0.02795715899206698,-0.008610567797441036,0.025396324649627787,-0.07565424173139036,-0.013292548801982775,-0.028228138556878547,-0.23995161429978906,-0.00620796401752159,-0.12704552033916117,-0.008981531406752764,-0.004273423795239068,0.0012044904381036759,0.007848202378954738,-0.005539280857192352,-0.18637644431088118,-0.004033360423054546,0.0,0.0
Bcan,-0.006895520580001175,-0.012733553659636528,-0.05180375422234647,0.0,-0.007873594388365745,0.024914670963771642,0.014704051164444535,0.0004632655531167984,-0.004478423185646534,-0.00011157257482409477,0.032590996164362875,0.05008391106501222,0.008699077405035496,-0.024336456723394805,0.0012737458292394876,0.0023698025371413677,-0.0907912048540311,-0.2929063896508887,-0.05769954357179813,-0.3563049219828099,-0.010183153273537755,-0.26037929649231956,-0.01019037063641008,-0.0009175752266310155,-0.008524086185498164,-0.0015142938680946826,0.0028896877029910683,0.021100071645341813,-0.002202521775034256,2.0,0.0
Cul9,0.02506182636221638,0.020263289877912028,-0.051892107735620814,0.0,-0.03623983455821872,-0.057175076669082045,-0.04420411473081913,0.000772109255194664,0.03437509492505342,-0.0002768940618261695,-0.06250800688634627,0.06428455499000847,0.012004813882522286,-0.0778691814141348,0.014567428790032864,-0.00950552475376753,-0.00543838799931109,0.0003910204296698794,-0.08310702614020556,0.019590825061313807,-0.042531424153712576,0.0027787701708439274,-0.035255782888270915,0.0009199263015761971,0.0016214294359087945,-0.023379745557904244,0.06215551084605977,0.01714209051337093,-0.010368263362906874,2.0,2.0
Ipo8,0.07623793476028368,0.024000872098840772,0.2042927437182516,0.0,0.006751567530445754,-0.13195735827088356,0.04946891041472554,0.0006948983296751976,0.024112987515982242,-0.0001704858150333166,0.061488481000997124,-0.03633365334942937,0.006413187314756215,-0.012645564158447087,0.019373017461039126,-0.030538130197674037,0.052360440955962984,0.044078135448507964,-0.002841689451597631,0.010017064013518394,-0.05501901931478642,0.0745678069256246,-0.06840788861270994,0.01609942040638998,-0.013635449446737766,-0.023379745557904244,0.0020561765413731337,0.02242592162452638,-0.01677860604599118,2.0,1.0
Nap1l1,0.03618585363728925,0.004389149169437587,-0.0679039480839856,0.0,0.015147705799899996,0.054358289195224646,-0.04100762543268502,0.0006948983296751976,0.02062056944007054,0.00014722236432135105,-0.015755371844861657,-0.019136832701042293,-0.013011936638504267,-0.05414962659124285,-0.07208403740543873,-0.007303005682770163,-0.06322229202603921,0.07854077289812267,0.025164174179080873,0.03878856597933918,0.02152348217088729,0.07374186967528658,0.021317511713132262,-0.01789654963184148,-0.013635449446737766,-0.023146239668130876,0.022932063126936554,0.02616364118643105,0.00150329343508929,2.0,1.0
Msmo1,-0.039151137033477425,-0.030193179612979293,0.004594976654043421,0.0,-0.01684189610183239,-0.03507828969974071,-0.037173988176509735,0.0006948983296751976,0.014069694463396445,-0.0001263618189841509,-0.007227339041419327,0.05917322471737862,0.005893945258576423,-0.031714426421094684,-0.0018119738809764384,-0.009589605453656986,-0.03613403523107991,0.002252972878050059,0.02137062300229445,0.0467735153157264,-0.016332213222631252,-0.16397595927119255,-0.02840358524117619,-0.012140033226460218,-0.013635449446737766,-0.009106857834849507,-0.09760551876854151,0.0221974492399022,0.006545868963003159,2.0,1.0
D7Ertd443e,-0.6588708978705108,0.015427364446222782,-0.024508841232163833,0.0,-0.00571934771258384,0.020476666316390037,-0.004961184165440499,0.0005559186637401581,0.010017658915603533,-0.002887082826346159,0.02321083290313254,0.1139868750050664,0.015934225544333457,0.005044557288056239,0.005374695798382163,0.003852121491509024,0.02704094454180449,0.02528798976680264,0.0017794149270048366,0.04411119513213634,0.007810708135657478,-0.013955434674426215,-0.040993812489323316,-0.004926946826744824,0.0012044904381036759,-0.005157780079171062,0.009384295753116022,0.01729013617616147,-0.008904508110135793,2.0,2.0
Psap,0.09826023574685677,0.022308881115168332,-0.02338626251905225,0.0,0.009627325900946743,0.030347368044313042,0.0007873940840363502,0.004092179052531719,0.029087462686002253,-0.0004890785925090313,0.049116343334317206,-0.01872178841382265,0.03600401861593127,0.09661281081847846,0.011350599182769656,0.07281448462745174,0.09625958722084761,0.005557513264939189,-0.03695587182650342,0.044013285217806696,-0.05761212070705369,0.12052166576264427,0.030063407607376576,0.016089180083945394,0.0098829984664917,-0.023146239668130876,0.04909864735323936,0.033057429250329735,0.02879525884985924,2.0,1.0
Pfkm,-0.007408174450974911,0.01159871231764555,-0.042055880465777594,0.0,-0.02536133215762675,0.035459032617509365,0.0360291951475665,0.004092179052531719,-0.15962138860253616,0.015964968646876514,0.05552043374627828,0.024841827359050512,0.021032189095858484,-0.03391900029033423,-0.032017704648897055,-0.006239773388952017,-0.06589721967931837,0.01014902651309967,-0.030552319046109916,0.04196849238825962,0.035453768521547316,0.02060842118691653,0.029726107108872385,0.015299741271883249,0.0098829984664917,-0.030059926807880402,-0.013045704213436694,0.025508010163903236,0.033217101208865646,2.0,1.0
2610507B11Rik,0.08001294754532864,-0.04746720715542324,-0.015616596930194647,0.0,-0.045517053045332434,0.04103573359549045,-0.05105392577068415,0.000772109255194664,0.02449864032212645,-0.011402566125616432,0.053493281612172726,-0.01290122454520315,-0.00742184400325641,0.006981803586240858,0.005492891897447407,-0.014253014395944775,0.032563668505754324,0.0031853852537460626,-0.028966115689836442,0.012932791106868536,0.018728280287468806,0.018389491721463855,-0.04728656871709973,-0.008767907381989062,0.0016214294359087945,-0.023379745557904244,0.03908656551036984,0.018772852453403176,-0.01191949399188161,2.0,2.0
Hook2,0.05253973756218329,-0.049824805495445615,-0.02924872526258696,0.0,0.011727899741963484,-0.06654915999621153,-0.017787928908364847,0.0013589122891426086,0.018767181212315336,-0.0003753183549270034,-0.06414217620680575,0.007420223820954561,0.011183736776001752,-0.002002998818643391,0.007964407881372608,-0.009665492002968677,0.014162997580133379,-0.0036634346342179925,-0.0033028845564695075,0.0421231721364893,0.10216387559426948,0.04905043311911868,-0.04941488244105131,0.0048796734568895776,-0.04404111191630364,0.0010031943721696733,0.045465041142888366,0.01566150995437056,0.010619807201437651,2.0,2.0
Eif4a1,0.26466409032000227,-0.047937149177887474,-0.03923500942590181,0.0,-0.007163917641155422,-0.10715623177587986,-0.047101515281246974,0.0013589122891426086,0.02005914494744502,-0.00012392575852572917,0.002857763364445418,-0.05544393088202924,-0.004718257174827159,0.028593963494058697,0.00477696506306529,-0.0032700775377452374,0.014521761587820948,0.007361633933614939,-0.03461850280524231,0.04290420764358714,0.09852368522435427,0.05288223076771828,-0.04728656871709973,0.007839399189688265,-0.04404111191630364,0.0026207813946530225,0.031575429535005244,0.020013875025324524,-0.0034136650525033473,2.0,1.0
Plekhn1,0.04917909527663142,-0.03919188980769832,-0.12484284786856734,0.0,0.020807832344435156,-0.09414577014744281,-0.01192259085481055,0.0013589122891426086,0.017129147562664003,-0.0005155801214277744,0.08813137439545243,0.07584524288773536,0.01877489219419658,0.008879850062076002,0.010449729058891535,0.041342360083945096,0.04786795017309487,0.00870002159383148,-0.0642985377414152,0.057708060301374646,0.00426722634350881,0.073339898372069,-0.04728656871709973,0.0052786186710000035,-0.04404111191630364,-0.0020987599552609025,0.039566997912479564,0.022663984303362666,-0.004980081990361214,2.0,2.0
Sumf2,-0.003075208773370832,0.014536161357536912,-0.03721165314433165,0.0,0.031135279778391124,0.029271182557567953,-0.0014831364015117287,0.000772109255194664,0.030633608700009064,-0.0007487930310890079,0.07829295671079307,0.07844002133235335,0.04008660859661177,0.05761285724816844,0.012546602748334407,-0.01015599983278662,-0.044581515353638676,0.004760735682793893,0.001624494637362659,0.09430671389680356,-0.041784118270734326,0.04235231609549373,0.026801451044157147,0.003941205448936671,0.0016214294359087945,0.0010031943721696733,0.038283545433077965,0.028926096707582474,-0.010368263362906874,2.0,2.0
Ppip5k1,0.030316025029169396,-0.131900940828491,-0.02097013548598625,0.0,0.040624908138997856,0.06323847626335918,0.0027486369712278248,0.0014670075848698615,0.0311305790906772,0.00684063280466944,-0.02371452414430678,-0.0044383019208908085,0.017365251732990146,-0.021874237884767354,0.014181883693672716,-0.010771530475467443,-0.018299080110155047,-0.03214318745303899,0.025780869745649398,0.016244197760242968,0.04006142349913716,0.022694233384681864,0.031303628105670216,-5.281892605125904e-05,0.0037833353504538535,-0.023379745557904244,0.0984159083222039,0.025793319577351214,0.010070433379150928,2.0,2.0
Aatk,0.04088283253950067,-0.051980971314478666,0.007638865583576262,0.0,-0.01009591761045158,0.02880032693967223,0.005216068194713443,0.000772109255194664,-0.13418948759324847,0.013042053389362991,0.0490508619917091,-0.010896492977626621,0.01820839207852259,-0.018728317907080055,0.005876064125914127,-0.033545900299213824,0.10153801908716559,0.10726712197531015,0.002044712367351167,0.012702670190483331,0.009666768980678172,0.020635849157115443,0.057729343362152574,-0.009966164524666966,0.0016214294359087945,-0.030059926807880402,-0.006554353444371373,0.03289321484509856,-0.01610331913921982,2.0,2.0
Slc1a2,0.03697765114717186,-0.0017322147591039539,-0.017433658484369518,0.0,-0.0025600558426231144,0.016311941407620906,0.019689360433258116,0.0012353748083114625,-0.14842973093967884,-0.0018899861350655555,0.022388561457191827,-0.006932462193071842,-0.02504164707614109,0.03215343861142173,-0.034569382863119245,-0.006589319304039236,-0.14872845018398947,0.005591675131581724,-0.03497985189693281,0.049798067631199955,0.00205538495676592,-0.2185531305836048,0.012492600542027504,0.007091317480662837,0.0026251714676618575,0.0070718332123942676,-0.015019338401034475,-0.2129094212129712,-0.016288612000644208,0.0,0.0
C2cd2l,0.34303868911229074,0.026479777274653317,0.01781677169376053,0.0,0.0017103706719353794,0.07730657195672393,0.030802716184407473,0.0015905450657010079,0.03608870158903301,-0.0005803597066551447,0.0289298936072737,0.11578376762568951,0.05101314322091639,0.0038390861172229052,0.014403063226491214,0.01097503088414669,-0.12548714619595558,0.027827661400660873,0.026039693710627036,0.06151194185949862,-0.0050557875935919585,0.02501497818157077,0.030063407607376576,0.0077194234053604305,0.00386054627597332,0.009566139094531537,0.05053577247541398,0.03493258614093065,0.01028876492753625,2.0,1.0
Ep400,0.0037049749679863454,0.007916740633081645,-0.02636342381243594,0.0,-0.006318808207288385,0.02128539311699569,0.038759569441899656,0.0014670075848698615,-0.20153590413974598,0.010054118391126394,0.054527552211657164,0.011563639920204878,0.022534779517445713,-0.030876013345550745,0.001037789371330291,-0.03479747863486409,0.02118022390641272,0.005281396002974361,0.015323935660999268,0.04511274051852524,0.004821655221749097,-0.041928780283924424,0.029726107108872385,-0.017982097142376006,0.0037833353504538535,-0.030059926807880402,-0.004625774272717535,0.02363577949581668,0.012133419523015618,2.0,2.0
Foxo1,-0.04749887137673795,0.01361334275221452,-0.013510068569885333,0.0,-0.009526680689305067,0.016355687915347517,0.030204673777334393,0.0008802045532502234,0.024679437397280707,-0.008105122185079382,-0.00313561241098796,-0.08500698390416801,-0.019927001409232616,-0.0345171080972068,-0.011596261914819479,-0.0015501018398208543,-0.10759808565489948,0.0331001391436439,0.02004524435265921,-0.017884815284051,-0.008291790122166276,0.07721099545829929,-0.03732805214822292,-0.01179421674401965,0.0022082324791699646,-0.00860778683796525,-0.09397546321153641,0.020285901064053178,0.006171368977520615,2.0,2.0
Gls,0.02366124266758561,0.0007658643927425146,-0.0525338806619402,0.0,-0.022601715940982103,0.016649435786530376,0.0002931197453290224,0.0012353748083114625,0.021153688952326773,-0.00018524015322327614,0.028383287144824864,0.021154945734888315,-0.06649227889254689,0.07128214283846318,0.0013888977374881507,-0.014259577030315995,-0.057651807089569046,0.039281177958473565,0.022710810761200264,0.046743604140356186,-0.02756884221918881,-0.2344460461474955,0.0148919275123626,0.002736563358921558,0.0026251714676618575,0.015237058603670448,-0.017996861482970417,-0.1480199170205742,-0.04990964334923774,0.0,2.0
Zdhhc23,0.005562324081547558,0.01653887504246086,-0.007267188384430483,0.0,-0.008425782369449734,0.052405518898740414,0.0019600584357976915,0.0013897966593503952,-0.1563364121108316,0.055667779720388354,0.05553734476678073,0.10300716470927,0.02270923398435116,0.05542114429292269,0.016405468517914416,0.005143652893602848,-0.11695192378712818,-0.3141065117577091,-0.016680503906682135,0.053844914538785815,0.014467983297072351,0.09699911581585184,-0.016070990588050334,0.0054769433056935666,0.00386054627597332,-0.0066483054496347905,0.08225588847650216,0.020872619971632957,0.013023706944659352,0.0,1.0
Cmss1,-0.6162357792444527,0.012587297760182992,0.10143949643417727,0.0,0.010371481231413782,0.01910738628357649,0.006430547554045916,0.0005559186637401581,0.019690806585131213,-0.0027272344753146173,-0.02066272009164095,-0.0031228821724653246,0.021082380693405865,-0.002081762533634901,0.00616294160252437,0.004290686254389584,-0.015458700996823609,0.03456677637295798,0.0022569767641834916,0.008012799965217709,-0.014887693410273642,0.011272348564525601,-0.008282908793771639,0.003233705786988139,0.0012044904381036759,0.001254864742513746,0.05600929491163697,-0.008724163195001893,-0.0040977337281219665,0.0,2.0
Skap2,0.03557542310096323,0.014242737668100745,-0.018862348071997985,0.0,-0.0037057853490114214,0.0208678762614727,0.038759569441899656,0.000772109255194664,-0.15678556954371742,0.0029839917458593847,0.028746582922321975,0.03568923121318221,-0.046431293336208906,-0.008899434462655335,-0.03679451750125736,-0.008035646688658743,0.15238948706071823,0.03481029537972063,0.01553865015390329,0.037492347531951964,0.039699377049691974,-0.06888296302189702,0.04807142841629684,-0.008662101458176039,0.0016214294359087945,-0.02154801204800606,0.07910136065911502,0.026058929157443345,-0.016741850064136088,2.0,1.0
Ube3a,0.07621469788486138,0.0010554436268284918,-0.0037998053715273274,0.0,0.007492687269113958,0.02347813781350851,0.026565832532942295,0.0014670075848698615,0.01615139202680439,-0.0007929170317947865,0.03674524230416864,-0.018878632448613642,-0.06727552886120974,0.011510614855214953,-0.03537629702594131,0.055304659015964715,0.08017697931732982,0.0030934585025534033,-0.010268518981174566,0.0481352949468419,-0.05217579531017691,0.09707082143853768,-0.05521150225482416,-0.032611585068516434,0.0037833353504538535,0.06900426780804991,0.057654733369126916,-0.17552011322230102,0.010085619566962124,0.0,1.0
Dock11,0.11730593397514895,0.017264291336759927,0.17586772322130856,0.0,-0.0044500344933476295,0.03201614008285105,0.02250503943534568,0.0006948983296751976,-0.13998850194970147,-0.005125061669386924,0.06688012931263074,0.06819954685866833,0.02590011483989656,0.012158777207951062,0.020880861121695488,0.003129971106536686,0.09883227735059336,0.03696561295771971,0.008489648552495056,0.04884471474448219,-0.029511426569661124,0.1486320641367638,0.04971603445708752,-0.004485835196683183,-0.013635449446737766,-0.007009559562429785,0.05214713543013204,0.026702226316556336,-0.01677860604599118,2.0,1.0
Prkdc,-0.5667783300034352,0.005084748772205785,-0.031598593371454625,0.0,-0.007827399405650795,0.001950853425078094,0.018100298476056195,0.0008184358139988035,0.014410020289942623,-0.0023096602037549017,0.016114373604941647,0.011505475752055645,-0.019232561434619128,0.04258989367168397,0.005421065825503319,0.027806593732966577,-0.031035609461832793,0.03343904551118612,0.0075249619339592755,0.03606182312592864,0.03516314543550834,0.032278611290530536,-0.028905754310544582,0.003258698228164576,-0.016754770840052516,-0.0033233163505792616,0.03778112780302763,0.01676568842725828,0.0063995510514359925,2.0,2.0
Sash1,0.01482744368026033,-0.012938648655544966,-0.012876055266242475,0.0,-0.0021017160452902316,0.026212242357432844,0.022782023479230702,0.0012353748083114625,-0.07691262665088289,0.005841022972017527,0.018512666077149333,-0.01046886985655874,0.008321667953860015,-0.033688847111770885,0.0010359119926579296,-0.004998880763014313,-0.14271064054220914,-0.01208983505377546,-0.03940762097045081,-0.2441765904892236,-0.017345031679142267,-0.27303774667321706,-0.007749320372240618,0.006752603187924251,0.0026251714676618575,0.011860032421536744,-0.0065112496283836665,-0.18927889036014675,-0.021116609848104418,0.0,0.0
Gm17276,0.1019174940015364,0.008571200674487045,-0.0044381719653028995,0.0,-0.0296939787408337,0.023072042623534798,0.04153866874534287,0.000772109255194664,0.022879775807959957,-0.00032933990471065047,-0.10211695309262722,-0.035799154210835696,-0.012922137747518719,0.07561053744284436,-0.03971285982057452,-0.03819270350970328,0.003362082913517952,0.05443206623254809,-0.0007564584066858516,0.034217951064929364,0.006877957889228128,0.022576331421005305,0.02494987258920446,-0.0001418875576928258,0.0016214294359087945,-0.00491050805314444,-0.018139563925215044,-0.04744042762555182,-0.011934680268168449,2.0,2.0
Gaa,0.10283276704110904,-0.021413629087619485,0.016113773270044474,0.0,0.004012839393690229,0.03048857794608921,-0.05311539307891508,0.000772109255194664,0.027784872907213865,-0.0008703284058719874,0.039718544385395946,0.06361309183761478,0.03715976648032665,0.05459864716976881,0.006821288464125246,0.004491655332967639,0.12613468607887626,0.037212862434680576,0.015760713864583522,0.05703627148643136,-0.017606904984568246,0.0558891826189938,-0.03634090937208384,-0.010891270102001726,0.0016214294359087945,-0.023379745557904244,0.018213466996676288,0.007014448982663453,-0.01610331913921982,2.0,2.0
Arhgef2,0.07032811439130456,0.02770082144998014,0.19699587609618902,0.0,0.014877644004300236,0.018659853464923798,0.03548694272059947,0.004092179052531719,0.027976001143688336,-0.00033022450283169745,0.09138356638140976,0.0713263152912259,0.040752642918378115,0.03275666373083368,0.02773743025958538,0.00745877638226375,-0.0028847032459452747,0.007009606696665287,-0.0600859227986075,0.07247050337959081,0.027311367988586424,0.04129195718443952,0.029726107108872385,0.057647097413428126,0.0098829984664917,-0.023146239668130876,-0.03353441195096821,0.027568126902915536,0.033217101208865646,2.0,1.0
Got2,0.025591884541208854,0.008987541578535456,0.07686442792706658,0.0,0.011247613383457065,0.012549775382503868,-0.03943087512321654,0.000772109255194664,0.03539545354433358,-0.00027223076205700635,0.021135714401025324,0.011049492657184601,-0.0726745848543942,0.030224281586706637,0.005149482304695994,-0.00804750234587118,-0.06418054798850789,0.09545911659020931,-0.004276278032339178,0.06424917449243367,0.03548936435487121,0.014434194497589488,0.005644948235712945,-0.00331255184719339,0.0016986403614282608,-0.00860778683796525,0.06799989331513644,0.026882903405930848,-0.006507767157163471,2.0,1.0
Dbn1,-0.07985615788493305,0.006780502609908581,-0.04363055386929773,0.0,-0.04029213597998023,-0.09308074038475751,-0.05991694909520447,-0.018190894052386285,0.015276589239947498,0.002810423178598285,-0.011811112463474273,0.03824605584144592,-0.07191679994110017,-0.06630080046597868,-0.0002336504776030779,-0.04339341562241316,-0.04624271116917953,0.005101483315229416,0.013733632853254676,0.04274011726025492,0.02033693016739562,-0.014383542161231161,-0.0015577402198687195,0.002310797751415521,0.002177348106633872,-0.0020987599552609025,0.08352745486423373,0.0039667589170858265,0.008553027554880828,2.0,2.0
Bod1l,0.0598194796894677,0.007385416368488222,0.0009310966053453739,0.0,0.004084418604616075,0.010874156849458813,0.030593954334035514,0.0006948983296751976,0.02357252687914297,0.0019617856107652185,0.03546710650902241,-0.01103760690893978,-0.026236460302025078,0.015720767942257227,-0.023685776931233703,0.07054542197205592,-0.07231737249880098,0.015247894034255296,0.04725773011981801,0.011019450328312815,-0.014309694658732042,-0.16164996584877372,0.02801999951596372,-0.00495609812438488,-0.013635449446737766,0.01586371594108641,-0.13321990965865552,0.04244410301558674,-0.0018431501067243516,2.0,0.0
Myrf,0.07970477778857457,0.0030695629106776323,-0.03139814182533882,0.0,0.02199698528274894,0.03175208423286677,0.020059064268280052,0.0015905450657010079,0.024189747497439386,0.000580918020568788,-0.036136307102860886,-0.023778842398896813,-0.17617297288030387,-0.007950645163655281,0.008414721302688121,-0.0112746406160295,0.009532566617708653,-0.019517770325765012,0.0349114322848618,0.041587189906276766,-0.09481687721796334,-0.046391050257516324,0.008841990255750715,0.01236635996028781,0.00386054627597332,-0.00857645395793952,-0.010869180513545872,0.017338933157734573,0.013728578640148044,2.0,2.0
Far1,0.03507001766556641,0.013687793774297461,-0.0281508666544687,0.0,-0.040119835492223505,-0.016658441675826908,-0.04420411473081913,0.004092179052531719,0.01507464941125363,0.0031003918778151275,0.06476028193254024,0.02315938236191869,0.009656194592826068,-0.07208435712847859,0.016547470558434724,-0.019896449907682835,-0.07345327921910211,0.010167022906243802,-0.039847476654686034,0.04169007937889546,0.03511828951421194,0.0618353011412546,0.029726107108872385,0.02882145588751882,0.0098829984664917,-0.023379745557904244,0.08210851166862994,0.03388734316453337,0.03440454885363579,0.0,2.0
Tenm4,-0.5930885006813332,0.009102636915631592,0.058883728961009185,0.0,-0.0055091256834566595,0.01599454495124519,0.005798855442553759,0.0004323811875656247,0.009230086802272126,-0.008453553039580584,0.010649244992891908,0.005270233992487192,0.0075353197241202,0.004325166968628764,0.005009712146129459,-0.001209761329810135,-0.11210244797577616,0.018017635896103456,0.013209936784114688,0.01556195155135356,-0.011416171636956279,-0.002945438151291455,-0.02990908295614645,-0.0044319712446304034,0.0009574154787696898,-0.0030898104794323446,0.007630150153418071,0.018003979548811912,-0.005373182066832669,2.0,2.0
Erlin1,0.01997371279168874,0.008616909622214735,-0.05903372339409543,0.0,-0.04104470402467996,0.0019352267403155564,-0.007642298196442425,0.004092179052531719,0.01966656113159843,-0.00038821823894977567,-0.03235589265168528,-0.13525307525880634,-0.058359230561181905,0.015660151168704034,-0.1232964463531971,-0.02075386250100564,-0.08528835540637374,-0.019454536344856024,0.022396295722573997,0.040041797570884226,0.028033279427327217,0.13631709827692248,0.021317511713132262,0.015724996870849283,0.0098829984664917,-0.0032811986259184776,-0.09094660970382393,0.023628358109854163,0.03440454885363579,2.0,1.0
Habp4,0.030723465082701296,-0.030995211745612324,0.037981667803251185,0.0,0.038453923780471085,0.024492431934922933,0.019407016120385378,0.004092179052531719,5.706012714654207e-05,-7.114202016964555e-05,-0.0976734863279853,-0.02625714201014489,-0.009060638630762697,-0.02009130919352174,-0.006936404616571963,-0.008621919685974717,0.0028745712665840984,-0.018687166287563742,-0.009511729200021364,-0.20401727441698314,-0.001053073205985129,-0.2067212613625452,0.015283731027739122,0.05644584099762142,0.0098829984664917,-0.0033248357009142636,-0.0014960009092465044,0.021557430545799436,0.029576551578938962,2.0,0.0
Smg9,-0.04513758531218628,0.001959207927575335,-0.018528945018770174,0.0,0.0019215322751551867,-0.04365149350836873,-0.05276096293644514,0.000772109255194664,0.024221496423706412,0.00017747662030160428,-0.058258663932792845,0.01763019647449255,0.01483239822788164,-0.039147825166583064,0.0005898986011743546,-0.03011494335718453,-0.0415681886440143,-0.016132708505028858,0.0125148312933743,0.0976483127148822,-0.03923909012111835,0.023680018265004037,-0.027703461027704178,0.0006595907639712095,0.0016214294359087945,-0.008339966759085654,0.02961682500783354,0.00856839512474835,-0.009871694333851338,2.0,2.0
Tspan9,0.026092655619140714,0.008653529384173454,-0.02798710931558162,0.0,-0.00789225980406627,0.037418490909039974,0.08432125141844153,0.000772109255194664,0.024109195705968887,-0.022185738966800272,0.024520861079654423,0.00047491210512816905,0.011234614150598645,0.025766954836435617,0.008125266097486018,-0.005683864559978246,0.04485375895863399,0.006593578846659512,0.021121711461455563,0.0015020937053486704,-0.02899946115911007,0.12942934059610706,-0.07140701567288488,-0.014496288876398467,0.0016214294359087945,0.013982671571429819,0.013448281494202092,0.01692237833980471,-0.012670515889767557,2.0,2.0
Gmppa,0.502412057928741,0.0008680299459956586,-0.03976550086401403,0.0,-0.01127099878154695,0.057663941401988265,-0.044744839007034895,0.004092179052531719,0.02419249898637645,0.0001937824208289385,-0.02792044738016557,-0.009048778912983835,-0.038154993304051456,-0.006261729884427041,0.01848540602251887,0.01011722267139703,0.0018116761604323984,0.03388724714051932,0.03647358231479302,0.039620665984693916,-0.00020528322085738181,0.02670083407065249,-0.0036921547632664444,0.029360988045518753,0.0098829984664917,0.011634108684957028,0.07089336910983547,0.010577743370085955,0.02817452624440193,2.0,1.0
R3hdm4,0.17692673368597753,0.006478817013849039,0.07145089344470762,0.0,0.004215783881954848,-0.14385738076176494,-0.013208913753769593,0.0013897966593503952,-0.0035283403377979992,-0.0002447105851024389,-0.04303883713670075,-0.026983572458848356,0.008110038221348077,-0.04417002982925624,0.009930753933731466,-0.0273424450494349,-0.1676967520476319,-0.31067119480110705,-0.061524218361009846,-0.28784359348006544,-0.0425896121840924,0.0444082067583804,-0.011397396983811632,0.005819148732698522,0.00386054627597332,0.00011443665251135826,0.01347659995779395,0.010655606591608375,0.013520276001654565,2.0,0.0
Ncam1,-0.5281184913497419,0.006850380725227296,-0.02672144479351118,0.0,-0.004738617590628564,0.01929974216967821,-0.002459053103812039,0.0009265311120543629,-0.0944365941209253,0.05226500174496323,0.013949685616389616,0.005582189243286848,0.012475559685844928,-0.012834121737396344,0.005374695798382163,-4.5949053892400115e-05,-0.03268280374351889,-0.038282308555208144,0.004779658000916243,0.026680366662330927,0.03864214634522796,0.023937240394734546,0.030723874531686304,0.0075240071432199325,0.0022545590321533383,-0.004333525160327554,0.04778902307152748,0.023289669225923716,0.003383983887033537,2.0,2.0
Rnf214,0.024746381273434963,0.011513590515824035,-0.03671879081404768,0.0,-0.0047399165946990255,-0.06688146400265396,-0.04420411473081913,0.004092179052531719,0.029276653048582374,0.002810423178598285,-0.05115626588929444,0.05197045378386975,0.012608331451192499,-0.07074247578158975,0.006047316503245383,-0.03171448327600956,0.11881651824340224,-0.027659124908968807,-0.06075521906837821,0.024720955616794528,0.031846937472000715,0.00651665130557376,0.04971603445708752,0.017435304185491985,0.0098829984664917,-0.023379745557904244,0.047372365850023926,0.0261283893417567,0.014761786814779044,2.0,2.0
Arhgap23,-0.013627432212233543,-0.009337337536271662,-0.050032123936107384,0.0,-0.04915885207243264,0.02193483993411064,0.003583377229515463,0.0014670075848698615,-0.0787051122263074,2.1809134632349015e-05,-0.014446325213502859,-0.0044704248569905755,0.010430799168534576,-0.03479435187182389,0.0005045825173147023,-0.020984284365549683,-0.06818793441634625,-0.012532266544294544,-0.07435744139715098,-0.2138902436895296,-0.013892453832668253,-0.08465120987500996,0.026870095682097597,-0.027977426573634147,0.0037833353504538535,-0.006441612704657018,0.06356774521293118,0.032270988067612055,0.010674291281029582,2.0,0.0
Camkv,0.039914329421444565,0.026684148065105547,0.05452718792541418,0.0,-0.015874984222464264,-0.0677688495721668,-0.04566262070511584,0.0005559186637401581,0.018927170663373544,-0.00037220651749521495,-0.06276918756309896,0.004114153818227351,-0.015071022438351065,0.031179978761356322,-0.013494681026786566,-0.0346528859771206,-0.009666181784850778,0.055605536785151344,0.004249551602988504,0.02933848916552961,-0.029243041442532557,0.009601546970952769,0.011205890823621303,-0.005224732190254144,0.0012044904381036759,3.1875204294919966e-05,0.018989401655999244,-0.04831092685926706,-0.009018848359119147,2.0,2.0
Kcnh3,0.04319359501823783,0.0227604119759053,-0.025527802965370938,0.0,-0.012012716317549348,0.0246442257380113,0.0021737321000546215,-0.047484719194471836,0.02827133449842222,-0.0005168180726468564,0.018788163701537998,0.10387902587652206,0.041970829647034406,0.03049463007366285,0.007192555814981461,0.0019402302289381623,0.15350297563243656,0.023251975905150175,0.02654598281951621,0.06019178409129381,0.026425619036890568,0.1049960611644201,0.030063407607376576,0.006024889557738789,0.003706124424934387,-0.00860778683796525,0.02281678186962381,0.026605914090760054,0.01001080559566617,2.0,2.0
Numa1,-0.05553482163697481,0.010402154957409948,-0.05838241268065758,0.0,-0.029498538272455334,0.017471815831959246,-0.031764294446911666,0.004092179052531719,0.014710006969980895,0.002798989498987794,-0.07306041413452476,0.040290544144809246,0.012981827612966299,-0.040918510649353264,0.01466900791740045,-0.01308508701622486,0.01334720327053219,0.06573039025999605,0.03647266992426012,0.045031743121799084,0.0502743355743587,-0.023707528776285472,-0.033136212714016434,0.029602209771983325,0.0098829984664917,-0.023146239668130876,0.008330662549706176,0.021058329571969805,0.02817452624440193,2.0,2.0
Cpne6,0.1720383605918323,-0.09382718355642282,-0.022819069675751962,0.0,0.0033614601037697867,-0.09854286693036557,-0.04663627957808785,-0.0048047256201971325,0.01775696977507323,-0.0004881939943879843,-0.10651813493110239,0.045454308753833175,-0.09771097036777064,-0.01425049294019118,0.012056181619409473,-0.015574653058429248,-0.1361469462107925,0.02550254089117516,0.08738275542855263,0.031311449739150704,-0.0013679737912025303,0.02231826399336569,-0.016524613476358353,-0.019627762891468593,-0.0048047256201971325,0.0005528119066730142,0.0004727558785816655,0.015602529994212092,-0.007119687860831618,2.0,2.0
Actr10,0.10946849870611913,-0.006068364847451448,-0.02112117511802353,0.0,0.005509571466827765,0.025176093792542816,0.0724424663092941,0.0006948983296751976,0.0205913649732247,0.00011822549160569906,-0.1628530368767679,-0.02089509392157197,-0.004849879369139672,-0.0008428530837409199,-0.02693191291531548,0.12628109132871032,0.012308652692008764,-0.02861572853522375,0.03168060778814834,0.056103021604940295,0.014381959311431275,0.09182238261011662,0.007677113604731858,-0.0013541718060150743,-0.013635449446737766,0.01439107091864571,-0.09767465523676946,0.016622126395814122,0.006545868963003159,2.0,1.0
Gtpbp2,0.26291248528752476,0.03109885896963533,-0.02487179221934639,0.0,-0.049200611703563484,-0.10623056393116713,-0.05042776479502208,0.000772109255194664,0.02106274688616395,0.00030976989772170784,0.028156991829164327,0.00067700304556638,0.009786343730520458,-0.003659992911852896,0.008517780252732336,-0.019366903994232416,0.08424869126873091,0.02514093270059675,-0.010966817624866962,0.02551175097702071,0.06449465092970058,0.05954616676870501,-0.011268773865886032,-0.008966810803394764,0.0016214294359087945,0.0026207813946530225,0.04000657056458294,0.022113596186973155,-0.012670515889767557,2.0,2.0
Me2,-0.019011073367728386,0.005364956179400906,-0.03490747625153744,0.0,-0.03928676351904869,-0.06188498379662633,-0.04420411473081913,0.0014670075848698615,0.013480837661772967,-0.0001704858150333166,-0.07264180246274918,-0.07928320826031268,-0.012421559086069464,-0.05843171020504087,0.0016763364197686314,-0.033166706855408845,-0.051471955974120645,-0.03864155068062246,-0.06354956159659196,0.03019054661039263,-0.05704782765358687,0.013054812799819047,-0.0018337777943816037,-0.027014867560938002,0.0037833353504538535,-0.008997957084793597,-0.033188760811463,-0.0081014761980623,0.011636850466020405,2.0,2.0
P2ry14,0.11147664452437311,-0.007397540239617228,-0.04366105912893545,0.0,0.0065005063405260445,0.07113789067603647,-0.00328935444355011,0.004092179052531719,-0.12898338862112724,-0.00047473690938204527,-0.20405148031190037,-0.04013637592550367,0.0197402729652822,0.023427554756053723,0.009121907819062471,-0.006519578418228775,0.02133610595948994,0.06052427871152759,-0.014249874123488554,0.03867031125118956,0.008982151979580522,0.09800143062835559,0.04040392966708169,0.0292202981794253,0.0098829984664917,0.047614301051944495,0.07026076142443344,0.018822321265470236,0.013195370025932789,0.0,1.0
Wdr13,0.17167608434916473,-0.11044028998818249,-0.05688103327411227,0.0,-0.008316633340436965,-0.1407360737398267,0.00016210850793868303,0.0006948983296751976,0.020036124761682005,-0.0009600929589942097,0.029993857861991272,0.10168061885982752,0.0198580654989928,0.02234307715902105,0.029058352657593788,0.03572691052861046,-0.019998420372139662,0.051888553141616285,0.033640144024975595,0.04734758834121749,-0.023171662935055792,0.06346109963327763,0.02759414932690561,-0.06405407788814045,-0.013635449446737766,0.0005528119066730142,0.02646592860808596,0.02309885973809287,-0.027075162376277148,2.0,2.0
Ppp2r5d,0.0685687616537325,0.012307961106707808,-0.004709280828246847,0.0,0.016034746109507978,0.0748185493890196,-0.006517827805364505,0.0013589122891426086,-0.1675440853170585,0.05472601013956591,-0.10424941022880375,-0.08393673862330615,0.021497575491666795,0.04418191438482608,0.004664022631477565,-0.007518328819423914,0.08328801177442074,0.05315065393224359,0.00986547490232624,0.0382268895348534,0.008677737680263817,0.08540298514926689,-0.03846922309603542,0.005152467908337712,-0.04404111191630364,-0.015678137745708226,0.04974493866320699,-0.04592939685098827,-0.004980081990361214,2.0,2.0
A830018L16Rik,-0.6784693271154538,0.005618158071301877,-0.013619183725677431,0.0,0.0017510292958468198,0.0290013461234048,-0.007417322397232056,0.0005559186637401581,-0.07146138281095774,-0.0031758534256368875,0.016326856392406625,-0.01837604152970016,0.005451086931861937,0.0011198822781443595,0.0049770693201571705,-0.006107010732812342,0.03828574212267995,0.012316133104031906,0.008936564153409564,0.030931538622826337,0.022413678695447744,0.044478735831580705,0.017324789263075218,-0.009306952807819471,0.0012044904381036759,0.02515676590614021,0.01982378895918373,-0.15928954167757184,-0.0015180863020941614,2.0,2.0
Gramd1a,0.04124360298272222,0.01361026096623391,0.003953482281649485,0.0,-0.008367788614705204,0.01959908657707274,-0.004022333351895213,0.004092179052531719,0.027631329881260172,-0.0008703284058719874,0.0631068502459675,0.10999040994793177,0.05057111137546599,0.07537896493216976,0.010668557309545577,-0.025442984313704075,0.14963541023433208,0.009053985500358977,-0.013690098612569273,0.06431433657649904,0.015110733739566057,0.028032810220029205,0.05321692794561386,0.015825565732084216,0.0098829984664917,-0.023146239668130876,0.01950032012187876,0.028619400151073934,0.02879525884985924,2.0,1.0
Slc24a5,0.04723902975209057,0.005118588116019964,-0.016893184600630776,0.0,0.022474455102346837,0.024201163612306117,0.05123113346286118,0.004092179052531719,0.024401357383467256,0.0028684169193729757,-0.08417217231821268,0.03716257417574525,-0.042477486678399144,0.00357260983902961,0.007076331269927323,-0.017146167289465667,-0.05035879788920283,-0.00450787647627294,-0.0004426904465071857,0.058774397964589296,0.04240715523948893,-0.07971172651945381,0.026801451044157147,-0.007661577966064215,0.0098829984664917,-0.023146239668130876,0.0548023273551371,0.023918581041507424,0.02817452624440193,0.0,2.0
Por,0.04125023528089514,-0.019700289169559255,-0.004151309615699574,0.0,-0.009111868469044566,-0.01734597665723413,-0.03295771399454679,0.000772109255194664,0.016706429737387226,-0.0002133524278178811,-0.06657287213951349,-0.06763501435983926,0.010224725792650134,-0.041882144662085924,0.005644610235467553,-0.01788754723034799,0.03750137802679092,0.1030315946257906,-0.04641958272084594,0.018768275510519742,0.1037944399745902,0.0535066283440392,-0.08294679317157716,-0.01214100195968058,0.0016214294359087945,-0.005144013940589502,0.005177012131898664,0.028486883016303182,-0.01610331913921982,2.0,2.0
Ambra1,0.0025427109096199272,0.016896276578772813,0.04983167708152905,0.0,0.01285334412532393,-0.025400899071246385,0.013806769484654069,0.0014670075848698615,0.012654422875493765,0.000580918020568788,0.03724538367780042,-0.013010184317827224,0.012258237581700087,-0.05603909660130739,0.016317187214735896,0.03320384463295341,-0.022654392966069282,0.01313038683962077,0.027117951274849474,0.045009851166978476,-0.09773019466549158,0.025940162138867892,0.029726107108872385,-0.025208002139115705,0.0037833353504538535,0.0716027276776731,-0.017122131250798703,0.02797385937999934,0.010070433379150928,2.0,2.0
Pigk,-0.6749729671608656,0.008488882835954427,-0.02029453687253408,0.0,-0.0046725054457783695,0.022653456937987357,-0.005449649295769632,0.0008802045532502234,0.03481410724576563,-0.0027143589965999125,0.010881371213763487,0.032414420992136005,0.003964480692520738,0.026778319971635937,0.00453229654347524,-0.004300326127558946,0.045497259760159066,0.033519370737485586,0.0017291680042399093,0.08607704404741526,-0.013680501997005195,-0.002293126216827659,0.017595802528085187,-0.011382962993811816,0.0022082324791699646,-0.002964478978537954,0.00630006320308894,-0.050540363392792644,0.005594103035982698,0.0,0.0
Kctd17,0.20656998536316679,0.011865880668046884,-0.02563945733127184,0.0,-0.0023509007738903164,-0.08127469062805176,-0.06823212842573412,0.004092179052531719,0.017910178429447116,0.002810423178598285,0.021596622918732464,0.04082718713209033,-0.010989482854492963,-0.03562295700889081,-0.07205545973032713,-0.054702820559032264,-0.06880345050711184,0.01570266461931169,-0.05366401639068499,0.03989686199929565,0.09905456731561571,0.050416249115951356,0.019255611626431347,0.019285055367508904,0.0098829984664917,0.0026207813946530225,0.11230217916425317,0.03250518007203937,0.033217101208865646,2.0,2.0
Trmt1,-0.03891944739036262,-0.01043524030596018,-0.05579659418086522,0.0,0.06381671837065368,0.01937912989407778,-0.037646788032725455,0.004092179052531719,0.019740680762333797,0.0001647855481132865,-0.10218528085388243,-0.07320397533010692,0.01348826396279037,0.04946809878339991,0.006056692441925407,-0.007745851699728519,-0.0057363665755838155,-0.008637866415083408,-0.012852599215693771,0.026697395814117043,0.0995895518839825,-0.001179534733091714,-0.018208128886763007,0.01603238024516031,0.0098829984664917,0.0010345272487029434,0.034933177952189,0.009318313281983136,0.033217101208865646,2.0,2.0
Fbxo21,0.07391821349301608,0.007344039472518489,0.017541777341684793,0.0,-0.012027251636609435,-0.07719828130677342,-0.052163827102049254,0.0008802045532502234,-0.07979600790771656,-9.777760133147239e-05,0.028218948787543923,-0.07421810899861157,-0.002456466967705637,0.07777955823868979,-0.03415876640938222,-0.03247701978252735,0.01928064104169607,0.08809360266895964,-0.0221250372659415,0.021388720360118896,-0.023003006998915224,0.008611600642325357,0.028418801566585897,-0.014368731467984617,0.0022082324791699646,-0.030176679715514184,0.005580381928011775,0.03450584830250591,0.002241996719967574,2.0,2.0
Dhx57,0.016063452430826144,0.003431609481340274,-0.015337173118023201,0.0,-0.0074808069178834554,0.0071983537403866645,-0.010974421498249285,0.0014670075848698615,-0.15108637529192492,0.003128976095467806,-0.0015916196641046554,0.02833545519039035,0.0021842877310700713,-0.020324522212613372,0.002467094990424812,-0.00904850591905415,-0.002373793898150325,0.003932512695901096,-0.0029262735322117804,0.05230272545479238,0.012310330150648951,-0.19986210023052992,0.028394890491617843,-0.02175193381262943,0.0037833353504538535,-0.030176679715514184,0.05674064006656408,0.03337425382342189,0.012133419523015618,2.0,2.0
Vps33b,0.026752878536935896,0.0061482801800593736,-0.050036601669853555,0.0,0.04104154257569462,0.003938410636037588,-0.036785041643306614,0.000772109255194664,0.016991032910300418,-0.00035833677742630243,-0.0468285613367334,-0.06556032607797534,-0.01206564534921199,0.03584325965261087,-0.01818714488297701,-0.030864646891131997,-0.005900224186480046,0.04988389014324639,0.008156524270307273,0.02418417382054031,0.015984624190605246,0.016933228233101547,0.009353723148815335,-0.006751298841554672,0.0016214294359087945,-0.008997957084793597,-0.030431660125614143,-0.0073989749373868105,-0.011934680268168449,2.0,2.0
Dag1,4.399752797326073e-05,-0.0015507236949633806,-0.004232138402294368,0.0,-0.04745529581792653,-0.03786179353483021,-0.011596116264699958,0.0014670075848698615,0.018456805772148074,-0.00018990345299243927,-0.11770633578416892,-0.019257563017308712,0.009901376497000456,0.060958902980200944,-0.00033328625140711666,-0.01468985297542531,-0.035954639950068666,-0.004237863408052362,-0.06299524329282576,0.0399518085597083,-0.003121843207627535,-0.06311890132725238,0.015207001237431541,-0.02651829848997295,0.0037833353504538535,-0.005018682447262108,0.07364175111288204,0.021585764451883732,0.012133419523015618,2.0,2.0
Fam189a1,-0.648808420188725,0.012094110818579792,-0.02876204823027365,0.0,-0.00571934771258384,0.023546792063862086,0.01131846845149994,0.0008802045532502234,0.009642718903487548,-0.02454950142186135,0.01489474898946355,-0.001344109494239092,0.009094609033782034,-0.009043832321185618,0.005374695798382163,-0.00455598964355886,0.030563000494148583,0.006404752470552921,0.012785783178405835,0.02814886996522546,0.021666942974552513,-0.014445404542639153,-0.037994685154408216,-0.012462733152788133,0.0022082324791699646,-0.005157780079171062,0.007292866051429882,0.01729013617616147,0.00440665538655594,2.0,2.0
Rps6ka5,0.11979728110367432,0.007781631422694772,-0.04480861773598008,0.0,-0.020856178873218598,0.07179321178235114,0.038759569441899656,0.0014670075848698615,-0.179297902174294,0.012779824167955667,0.039364800930343335,-0.011166065819561482,0.018699749973602593,-0.023072492270730435,0.02830081768333912,-0.023084242017939686,-0.02532079347409308,0.010023203669115901,0.03753551044035703,0.05127270268043503,0.032141778266523036,0.1235262276888534,0.016598035105271264,-0.03343079595797462,0.0037833353504538535,0.07346619056537747,0.05374650212237611,-0.04382822227198631,0.010070433379150928,2.0,1.0
Unc45a,0.001270261008758098,-0.025587995038367808,-0.08739935974124818,0.0,0.06055347217712551,-0.06533350853249431,-0.004582229387015104,0.004092179052531719,0.011411032660398633,-6.801472511142493e-05,-0.05862144043203443,-0.13303944430314005,0.013727573832729831,-0.019930342027219012,0.010937327239662408,-0.029826516062021257,-0.004315664893947541,0.0014411948854103685,0.009698269785731099,0.0269092547474429,0.00026252985931932924,0.022198014700989005,0.02759414932690561,0.014248484931886195,0.0098829984664917,3.1875204294919966e-05,-0.011237321606604383,0.024284084821119906,0.033217101208865646,2.0,2.0
Naa40,0.033692638199718204,-0.003340999648498837,-0.022079875487834216,0.0,0.014226013056468218,-0.03323886409634724,-0.048831271454400846,0.000772109255194664,0.017292624878464266,-0.0003003430343233049,-0.07004198736860417,-0.0821281293965876,-0.010301674949005246,-0.034563216667156664,-0.025646899295970797,-0.008600182935479097,0.10523746865568682,0.0652092965162592,0.0247536785970442,0.030816684728488326,0.032305748273502105,0.018291695105144754,0.028418801566585897,-0.008939475102233701,0.0016214294359087945,0.0010031943721696733,-0.030161555416998453,-0.04148541691247374,-0.012670515889767557,2.0,2.0
Tmem191c,0.341736854983028,-0.22083235106430948,-0.02358027455455158,0.0,0.011406197838950902,0.0885856694309041,0.012424467413220555,-0.047484719194471836,0.02684886842733249,-0.0007750159502029419,0.03355690959026106,0.10659112455323339,0.02506757155060768,0.003425619702320546,0.01658217879012227,0.016552105974406005,-0.02523952138144523,0.008325729765929282,-0.047633508807048204,0.05735522202914581,-0.0034697620756924154,0.06424418769543991,0.029998493064194918,0.00849568002682645,0.003706124424934387,0.012699426561594009,0.0308161029079929,0.02143808766268194,0.017186512434855104,2.0,1.0
Rad17,0.044255225908418655,0.0036175850953441115,-0.008879127587933909,0.0,0.0013010895065963268,-0.025780932419002055,-0.04908734725730028,0.0012353748083114625,0.013889184934087098,0.00020521610043942927,-0.032125838976353405,-0.0014560675574466586,-0.00997159265447408,-0.0033708722610026596,-0.08153218142455444,-0.0243821079749614,-0.08206030951812864,-0.027333580804988742,-0.03628649847116321,0.035993913947604594,0.040134570483351124,-0.022902566732809645,0.006127539622830227,-0.005488094198517502,0.0026251714676618575,0.0064627588330768045,-0.21505966935306786,-0.029892378107178957,-0.012942168470472097,2.0,2.0
Ddx46,0.0504073757052538,0.004696531036170199,0.00484105643350631,0.0,-0.0009646477596834302,0.028388873072108255,-0.009957341064582579,0.004092179052531719,-0.14703475759131834,0.013042053389362991,-0.0023534335289150474,-0.07071559279691428,0.04230363302165643,0.0056890848209150136,0.01417907746275887,-0.0035246645053848623,-0.02409684961196035,0.11135631872341037,0.02259082618111279,0.029315361101180316,-0.048420849815011026,-0.013051909162459196,0.030405596860218792,0.014455912008415908,0.0098829984664917,-0.030176679715514184,0.04206478592474014,0.03494196248240769,0.029361973889172076,2.0,2.0
Spg7,0.1145678967796266,0.014818516916129738,0.24891389503143727,0.0,-0.013025577838998287,0.031284774765372274,0.020893276650458575,0.004092179052531719,0.024574165851809084,0.0004951847996562719,0.057372214403003455,0.011528668589890004,0.021687595136463643,0.003964505116455257,0.026911214359570293,0.03401561391074211,-0.0241241559619084,0.007039197559934109,0.01780476706335321,0.05300524540711194,0.019282397099304946,0.04784184384741821,-0.03166986378375441,0.010538756982423365,0.0098829984664917,-0.00860778683796525,0.024856156341265888,0.01847418976482004,0.033217101208865646,2.0,1.0
Phf12,0.015239109576214105,0.002626950880512595,-0.016240407625446096,0.0,0.009274203539825976,-0.012691900096833707,0.030046879849396645,0.0014670075848698615,0.02997405735310167,0.0025649512745440006,-0.02198217515833676,0.0545515850558877,0.04434750809334218,0.06517849138937891,0.005299173509702087,-0.008593877889215945,0.03717473160941154,-0.03141833483241498,-0.012740139563102276,0.06188534599728882,0.03900777952047065,-0.030315287379344226,-0.037250122376717626,-0.022249685402493925,0.0037833353504538535,-0.00860778683796525,0.022290089651942253,0.019992576888762416,0.011636850466020405,2.0,2.0
Hnrnph3,0.21905727538571226,-0.04211972067656461,0.05124954731552862,0.0,0.011971894719172269,-0.031131356842815875,-0.011300607557641342,0.0006948983296751976,0.023950554125476628,-0.0008703284058719874,0.056493049850687385,0.04855818245559931,0.034700001990422606,0.05177395123522729,0.042488228040747346,0.012658252359251491,-0.03146313709905371,-0.015556957945227623,0.03054164286586456,0.05180361219216138,-0.007934765904210508,0.09030132113024593,-0.03166986378375441,-0.009212343950639478,-0.013635449446737766,-0.016497518136166036,0.029577536408323793,0.018211821988224984,-0.07464606203138828,2.0,1.0
Dync1h1,0.001959223368903622,-0.02843992940703174,0.002437059297808446,0.0,0.018559931034687907,-0.07134051796980202,-0.007200278778327629,0.0014670075848698615,0.013943193367449567,-0.0003463214822113514,-0.026242988413432613,-0.06541262846905738,-0.0026185909763444216,0.017531639644876123,-0.0722599770873785,-0.026960404831916095,-0.03537119299639016,-0.01075373447907623,-0.04960718994494528,0.02733337169745937,-0.005292999746161513,-0.029808122582035138,0.021353444559499623,-0.026749574881978332,0.0037833353504538535,-0.023379745557904244,0.008336922191665508,0.01604175952728838,0.012133419523015618,2.0,2.0
Thrb,-0.7745754891261458,0.01848860100377351,0.11733678866869013,0.0,-0.007022340223193169,0.030457022436894476,0.017301976177841426,0.0005559186637401581,0.011499663630966097,-0.0028732130862772465,0.026590301436372102,-0.015013504968956114,0.011638322952203453,0.02056412330828607,0.007768183401785791,-0.00455598964355886,0.036439665537327526,-0.007322964598424733,-0.000656707058660686,0.03471921355929226,0.023438071529380978,0.04660108751653752,-0.024189880425110458,-0.01128986730473116,0.0012044904381036759,0.013161356393247843,0.030553711267421024,-0.012516498217592016,-0.009446457962621935,2.0,2.0
Snrnp70,-0.08795680071023526,0.006654809743631631,0.01441474438412115,0.0,-0.06214127386920154,-0.04529128689784557,-0.09061807342994144,0.000772109255194664,0.01909516267012805,-0.00011249207891523838,-0.0670401700725779,-0.0012907985039055348,0.00604351710062474,-0.043571844063699246,0.008814088562503456,-0.032661348021938465,-0.06263949319254607,-0.013358657426433638,0.07149058497976511,0.039290987933054564,-0.04245402058819309,-0.010962002320011379,-0.03408322411123663,-0.0018028725776821374,0.0016214294359087945,-0.008809959847712889,0.03040724593796767,0.008773494558408857,-0.011934680268168449,2.0,2.0
Kif21b,0.10581902899546548,0.038794599750544875,0.1517229916434735,0.0,-0.009602970788255333,0.045794679531827566,0.07437093174085022,0.0014670075848698615,0.02343261500354856,0.0031003918778151275,0.009714579556602985,0.03501962663605809,-0.10394198718480765,-0.02219903005287051,0.006720332824625075,-0.009065836723893881,0.08055477327201516,0.10126172152115032,0.004279751118738204,0.07044269694946706,0.059571726592257616,0.021076305972237606,-0.04042407877277583,-0.036912777489051224,0.0037833353504538535,0.06900426780804991,0.10992680734256283,0.030562579908873885,0.005901794438250363,2.0,1.0
Slc26a4,0.11385336327366531,0.026369592632399873,0.1286318619606027,0.0,-0.009091727621853351,0.032068014992401,0.10325113482773304,0.0014670075848698615,0.02106206709635444,0.00013502266258001328,0.03556086967233568,-0.061862837024964396,-0.005482611185871064,0.0536355869716499,-0.05268825497478247,-0.0021293815987883137,0.15136059243464842,0.06380412823753431,0.017001614230684935,0.01516242329031229,-0.05333665704354644,0.1272612663685868,0.03494335641269572,-0.035654811788699586,0.0037833353504538535,0.015237058603670448,0.05208497310057283,-0.011836633845232427,0.009334597811102867,2.0,1.0
Arl3,0.08731462149793515,0.010504780365154147,0.16543525394052266,0.0,0.02668955219909549,-0.12352336071431637,-0.027145948160468832,0.0014670075848698615,-0.06885240295319818,0.012819657665677369,0.09264452101197093,0.1191349195688963,-0.0011973554571159185,0.02270678752567619,0.02836917799199,-0.028198606939986347,-0.00622198554687202,0.0019429201347520575,0.006307669042143971,0.05459337123669684,-0.015234797446173615,0.02370117106474936,0.029726107108872385,0.0025886632176116108,0.0037833353504538535,-0.030176679715514184,0.017991969941649585,0.02585822220891714,0.012133419523015618,2.0,2.0
Snx32,0.014765669435728341,0.014785212017595768,-0.044167788036866114,0.0,0.005251658195629716,-0.08847318783402443,-0.023680107099935413,0.0014670075848698615,0.02026513879187405,0.00030976989772170784,0.047902228757739064,-0.0073413316113874316,0.015958755183964966,-0.0035407185228541493,0.0075558028789237145,-0.0028856585919857024,-0.03680254191625863,0.005652656049933285,0.060005467808805404,0.030219555066432802,0.015989393958589063,-0.023651893131027463,0.024397107046097516,-0.03089101237943396,0.0037833353504538535,-0.008809959847712889,0.07204343021381647,0.026063701915554703,0.011636850466020405,2.0,2.0
Eftud2,-0.008573471498675645,0.040539859058335424,-0.04277465849998407,0.0,-0.006502564949914813,0.0246887171221897,0.08760930853895843,0.0005559186637401581,0.027318672500550745,-0.00011249207891523838,0.03594752135686576,-0.01589440194889903,-0.08973135074600577,-0.017550043500959872,-0.04304542921483517,-0.033620638526044785,0.06562006834195927,0.036743517570430415,0.015677636442705988,0.04014180226717144,-0.022974667858798058,0.0013337487261742354,-0.04042407877277583,-0.0029824844212271275,0.0012044904381036759,-0.023146239668130876,0.05426682664314285,0.0055021137930452825,-0.009119639035779982,2.0,2.0
Caskin1,0.0345745717571117,-0.06363220861327136,-0.06978477397118694,0.0,0.00494482820155099,-0.027800248598214238,-0.011196936998749152,0.0004323811875656247,0.01459100006497465,-0.0005584467342123389,0.024769922085106373,0.08369157707318664,-0.11877378850826062,0.033340399516164326,0.004821318625472486,-0.01341100167715922,-0.0673453798959963,0.026574709599372,0.029482792594935744,0.06996382598765194,-0.021199913535092492,0.00025592969730496405,0.015439089755527675,-0.0031314259389182554,0.0009574154787696898,-0.008841292727738618,-0.003624248057458317,0.008954309493419714,-0.006988617489114403,2.0,2.0
Gas2l1,0.17979690022650174,0.00251210605725646,-0.042549651806475595,0.0,0.0006563658406957984,-0.17692941300570963,-0.06018193037249148,0.004092179052531719,0.015702927950769663,-0.0001704858150333166,-0.10758781326279859,0.047643242320045825,0.014831340843811632,-0.05874441266991198,0.014399888319894671,-0.016076006274670363,0.0111766113108024,0.010175162387313322,-0.07981125237653032,0.020462556383572517,-0.04963521289639175,0.0439234458025021,-0.03575983365532011,0.02448263583588414,0.0098829984664917,0.0005528119066730142,0.013772287708707153,0.01846234400756657,0.03440454885363579,2.0,2.0
Zpr1,0.3577518385881558,0.0009619421069510281,-0.014595946200424805,0.0,0.0021351321251131595,0.10101763598620891,0.08007953492924572,0.0014670075848698615,0.030371677265502512,0.000522924279794097,0.015247738528996706,-0.025823330814018844,-0.009950168491341173,0.0022394374758005144,-0.07164426248520613,-0.057022357038222254,-0.02093208727426827,0.008252251464873551,-0.015038656613323837,0.04497786526568234,-0.09304967836476863,0.06793767081107945,-0.04330567307304591,-0.027901106879580764,0.0037833353504538535,0.009566139094531537,0.019430551123805345,0.02633300459012389,0.011636850466020405,2.0,2.0
Nlgn2,0.043792080816347154,0.038911916040233335,-0.06084805647260509,0.0,0.011784754302352667,-0.08411065303720534,-0.049807225755648686,0.000772109255194664,0.018181513965828344,-0.00035833677742630243,-0.10269358369987458,-0.035316084269434216,0.00857147157425061,-0.0026289533847011627,0.003955477389972657,-0.035514598358422515,0.06586533626541495,0.06179820896417368,0.0026035358407534657,0.03850093211978674,-0.01968784304393921,0.01232277960909414,-0.009140460141934455,-0.011017420864664017,0.0016214294359087945,3.1875204294919966e-05,-0.005476731139351614,-0.006581621905788779,-0.01610331913921982,2.0,2.0
Ing4,0.19437205200840255,0.006692910000565462,-0.07172186534386128,0.0,-0.0006279068812727928,-0.02467406526207924,-0.04601064148475416,0.000772109255194664,0.01565837429254316,0.00030976989772170784,-0.008158425129950046,-0.09699130126275123,0.00495260217692703,0.04784062240505591,0.008372527724131941,0.01166914366360288,-0.02434956676326692,0.010726420460268855,-0.049711794720496985,0.028449251160491257,0.02688178114593029,0.06820586034489678,-0.024880970255471768,0.0009520312290987931,0.0016214294359087945,-0.01687351261731237,0.04642804273637011,0.01088974277023226,-0.010368263362906874,2.0,2.0
Mapkbp1,-0.009066697657108307,0.03548331396887079,-0.02322922260835185,0.0,-0.006423038709908724,0.0055552651733160015,0.04379621566273272,0.0014670075848698615,-0.18357867487473414,0.00861063643824309,0.007173617344815284,0.0434543838724494,0.010595935578458011,-0.021780662277014928,0.008183569929096848,-0.0061354377260431645,0.06342087484663353,0.0378243841859512,-0.017411284695845096,0.051052116733044384,-0.018766636298969387,0.03800403845030814,-0.07053620233666152,-0.034834831840707924,0.0037833353504538535,-0.015521473344415426,-0.06788171210093424,0.01870485663879663,0.009334597811102867,2.0,2.0
Ap3b2,0.09145393793558469,0.028169988562585787,-0.00982459707534872,0.0,-0.009815364815294743,-0.08736547201871872,-0.03320378741191234,0.000772109255194664,0.036673077130690214,-0.0002768940618261695,-0.10339013581629843,-0.08673025384545326,0.008531701548490674,0.0031398086389526725,-0.017590856624301522,-0.037362576751038434,0.09199321339139716,0.053717292069341054,0.08800483080791309,0.03739072561264038,-0.02093469915445894,0.020403564688022017,-0.026686104470863937,-0.007353341223206371,0.0016214294359087945,-0.005018682447262108,0.002008925734553486,-0.045184334991499785,-0.012670515889767557,2.0,2.0
Dpf3,-0.3679344744794071,-0.005345493641216308,-0.00877547159208916,0.0,-0.0025839225202798845,0.01794111526105553,0.020172671847976744,0.0015905450657010079,0.18184616419719532,0.00047855805605649947,0.02451591902616201,0.0003340799920260906,0.006139392284676432,-0.017223817280028017,-0.0012650046474300325,-0.005855573542648926,-0.028164815998170525,0.003036650363355875,0.030148458075127563,-0.08564950237050653,-0.032871927850646895,-0.023334856927394867,0.013659716477850452,0.013081825522240251,0.00386054627597332,-0.002286276826635003,0.0017960771406069398,-0.011240373635664581,0.011515673357062042,0.0,0.0
Ppp3cb,0.0463064115960151,0.005224466370418668,-0.04394307876820676,0.0,-0.001770676525775343,-0.0871525426581502,-0.017196053424850106,0.0006948983296751976,0.011896407945314422,-0.0002133524278178811,-0.10080797568429262,-0.048337689456529914,-0.0047038737125694756,-0.017405670329462736,0.0010865176608785988,-0.018471799213439225,-0.03270543925696984,-0.04760087550850585,-0.03412993712583557,0.032755023159552366,0.03682598228508141,0.04643876635862398,0.029726107108872385,-0.012854887531138956,-0.013635449446737766,0.005616771187633276,-0.10019652483053505,0.026094253351911904,0.006545868963003159,0.0,0.0
Ttn,-0.7124576988164335,0.006281482729827985,-0.017567870233906432,0.0,-0.0037786522391252218,0.019615515819750726,0.01131846845149994,0.000772109255194664,0.014151720374356955,-0.0027272344753146173,0.008609958608285524,-0.006291100224480033,0.023030650920700283,-0.0002814562851563096,0.0035419520013965666,0.0016975969122722744,0.04669554424006492,0.03902023939997889,0.01354400081327185,0.09492252578027546,0.008310949734877796,0.009009841990337008,0.020102885571541263,0.00320914626121521,0.0016986403614282608,0.001756190704763867,0.013977856187848374,-0.04028282416285947,-0.007217634466942399,0.0,0.0
Gm15738,0.008629362918436528,0.009806104116141795,-0.03699396035517566,0.0,0.014559139416087418,0.050680834352970126,-0.031194618055596948,0.004092179052531719,0.015288847419433295,0.002810423178598285,-0.016553553534904494,0.03501962663605809,0.044137861942872406,-0.08569900183007122,0.010823341936338693,-0.00571492975577712,0.01356189105194062,-0.00876436199992895,-0.054536433916073296,0.041871246634982526,0.04872308731311932,-0.0009639712559874169,0.016598035105271264,0.024464426814229227,0.0098829984664917,-0.023146239668130876,0.10298325581476092,-0.02923818485112861,0.03440454885363579,0.0,1.0
Mvd,0.17033832665765658,-0.0033360965066822246,-0.01166503525339067,0.0,0.004205245042685419,-0.15077231846749783,-0.047565606749849394,0.000772109255194664,0.018311110865324734,0.00017747662030160428,0.044430905338376764,-0.01842196075245738,-0.01236726253060624,0.036219519404694436,-0.04087121470831335,-0.06874420795356855,-0.01578033992089331,0.006614643641514703,-0.021467300313524902,0.019887677975930274,-0.031771482592448594,0.040967691289260984,0.007677113604731858,-0.0038219452346675096,0.0016214294359087945,0.0005528119066730142,0.103275108410744,0.02292525503784418,-0.009871694333851338,2.0,2.0
L1cam,0.08490814831806347,0.027402793478686363,0.08781291258288547,0.0,0.00290679516736418,-0.025754407364875078,0.029265473885461687,0.0006948983296751976,0.03175656365929171,-0.0007487930310890079,0.06928128179628402,0.046364719681441784,0.04791781609877944,0.06713657345157116,0.019650509792845695,0.003181311320513487,-0.0497904964373447,0.03459843083284795,0.012168665898498148,0.09753313847351819,0.015487097976729274,0.024882920286618173,0.029726107108872385,-0.016037250165827573,-0.013635449446737766,-0.008841292727738618,0.059649817905155944,0.03670397473499179,-0.027075162376277148,2.0,1.0
Tctn2,0.08543325966544217,0.01347201059688814,-0.07099969173665159,0.0,-0.025899873729795218,-0.021170925996266306,-0.014305774876265786,0.004092179052531719,0.01642867587856017,-3.901785239577293e-05,0.04362450237065787,0.07160510916262865,0.018249132856726646,0.03672942333854735,0.029714600620791315,-0.0031645762408152225,-0.01929474940057844,0.03837272433564067,0.07358258130028844,0.05975714981788769,0.0011124598328024148,0.028835233532590793,-0.031260733329690996,0.015299741271883249,0.0098829984664917,-0.023379745557904244,0.01904422090854496,0.010291885184124112,0.02817452624440193,2.0,2.0
Far1os,0.0872163901058957,-0.014566955792251974,-0.02329639080329798,0.0,-0.008406101237051189,0.01396840250818059,0.07900960921309888,0.004092179052531719,0.023539150153519584,-0.0002852159086614847,-0.10382266233209521,-0.043646243968978524,-0.011603267472237349,0.048240565340965984,-0.001147321523167193,-0.008812032071873546,0.05045195195823908,0.046719837495766116,0.03796279892791063,0.038963474119082096,-0.0015045574275427498,-0.1793809133954346,-0.018059696537675335,0.021643619123497045,0.0098829984664917,-0.0049105080508161335,0.09453424455205095,0.024006623267196117,0.02722884211689234,0.0,2.0
Senp2,0.10315992415184155,0.0028747181346989235,-0.010024025784805417,0.0,0.00826575285755098,-0.09584722433239222,-0.00897327127517201,0.000772109255194664,0.029444090239703655,-0.0003579639829695225,0.082665576050058,0.009199065892025828,0.0369817838165909,0.0443579666595906,0.02070656507043168,-0.006543782614171505,0.01742518541403115,0.0042116145265754315,0.035337260195519776,0.053649140177294614,-0.032420465112663804,0.009019060293212533,0.026801451044157147,0.008964515714906156,0.0016214294359087945,-0.023379745557904244,0.10219373628962786,0.029197199009358882,-0.009871694333851338,2.0,2.0
Gripap1,0.1278331462193455,0.026211948493582896,0.004519511080579832,0.0,0.008859870691085235,0.057614707285538316,0.005233129975531483,0.0006948983296751976,0.030347012237180025,-0.0005168180726468564,0.043847412378527226,0.07419912174344062,0.04614221304655075,0.01740259179379791,0.012833725474774838,0.006333393771201372,0.1628988914960064,0.055996903530322016,0.013302286668913438,0.08747955230530352,0.012294748856220394,0.0915674637723714,0.030063407607376576,0.00484435425431002,-0.013635449446737766,-0.023146239668130876,0.08870696931495331,0.03493258614093065,0.011439467910677195,2.0,1.0
Adam15,0.1802658238587901,0.007331218509352766,-0.05751839517732151,0.0,-0.0015680206078104676,-0.0863141718134284,-0.046900856542633845,0.0015905450657010079,0.021229489512043075,0.0001937824208289385,0.030908043783711037,0.03966963579878211,-0.11814905835781246,-0.030863390390295536,0.02231640805490315,-0.06201869786309544,0.009609484318643809,0.007007088754326105,0.051745726524386554,0.08327289855340496,0.02550746800727211,0.032973637935210715,-0.001148609765805304,0.015150983378698584,0.00386054627597332,0.0036547663062810897,0.05108480537543073,0.014429877067450435,0.013728578640148044,2.0,2.0
Fktn,0.1064138752175495,0.022922006980516017,0.22246670020977036,0.0,0.00242302973754704,0.029671639599837363,0.018081390261650086,0.0006948983296751976,0.014792170359287411,6.0231750831007956e-05,0.09917602482484654,-0.020597829194739462,-0.00670391681836918,-0.08323720321990549,-0.015973816690966487,0.06306227853056043,0.1308592088171281,0.014949711649678647,-0.014843809641897679,0.06060766150709242,0.03352696755435318,0.10608967730120639,-0.055376876313239336,0.011640968206338585,-0.013635449446737766,0.06900426780804991,0.03712637565564364,-0.018222245236393063,0.011439467910677195,2.0,1.0
Chst1,0.03983311033574864,-0.001552208811044693,-0.00465941674192436,0.0,0.011109171900898218,0.018680666480213402,0.041858591604977846,0.0012353748083114625,0.01982056546257809,0.0003224609699100256,0.0074451792803301945,-0.007817793348804116,0.015004665090236813,-0.07426607510074973,-0.0023174914414994417,0.00010995818913215771,0.1578567532263696,-0.001928843343630433,-0.1285797399940202,0.06420933080837131,0.008738356288522481,-0.28026631197892127,0.02866005977150053,0.012088271843385883,0.0026251714676618575,0.0002027153130620718,0.0009572822274640202,0.033062082915566865,-0.018198093324899675,2.0,1.0
Vps13c,-0.008689003814943135,0.002999517803546041,0.07980721136089414,0.0,-0.02943888141773641,0.017584176175296305,0.049669287353754046,0.0012353748083114625,0.16900143960956485,-0.004775584426242858,-0.01817554123364971,-0.034940390600822865,-0.009084837646223604,-0.020982771264389157,-0.03923705381341278,-0.017706480836495758,-0.06777154807467013,-0.005139089077711105,0.0323423352802638,-0.08411486157681793,-0.015116882172878831,-0.12108133113011718,-0.009606620699632912,0.0009825503180036321,0.0026251714676618575,-0.002876840222161263,-0.07229087278712541,-0.11068683542776853,-0.055209711967036126,0.0,0.0
Rtca,0.08606382570695131,0.0008316759788431227,-0.01730085512797814,0.0,-0.05438873986480758,-0.028457002099603414,0.08025818862952291,0.0012353748083114625,0.03157263914588839,0.0008721441123634577,-0.0030504619248677045,0.009031407255679368,-0.012264593471772969,0.022461854182183744,-0.03641946939751506,-0.021267711321415847,-0.035613523488864304,0.0013883567461743952,-0.004336009521503001,0.06962612137198448,0.028824383027385922,-0.13670360866934061,0.024533649869263173,-0.008054863973520697,0.0026251714676618575,-0.008841292727738618,0.009462812365964055,0.030726360878907143,-0.016288612000644208,2.0,1.0
Nab2,0.22367400811170227,0.004870401105727069,-0.01765194652136415,0.0,-0.001780776905361563,-0.034383589886128905,-0.039917215249733996,0.004092179052531719,0.029387244584504514,-0.00023957534693181515,0.014342041169293225,-0.04161059319041669,-0.006049569295719266,-0.06823627284262329,-0.07103698175400495,-0.06460296760313212,-0.058420925368554893,0.009222027435898781,-0.12191261282423511,0.003756797988899052,-0.03286675791139714,0.06252053291536867,0.022452653646469117,0.018567419674945997,0.0098829984664917,0.0005528119066730142,0.0070361099857836965,0.033314688112586734,0.03440454885363579,2.0,2.0
Igdcc4,0.08836341115180403,0.004787534810602665,-0.06504450425854884,0.0,0.008463838847819715,0.0041779177659191195,0.01967289354884997,0.0014670075848698615,0.017433245703577994,-0.00012392575852572917,-0.00393948339682538,0.007136208266019821,0.013500270848162473,-0.011696219267323614,0.013856594730168582,-0.00623751244856976,0.002452505845576525,-0.0015357200219295918,-0.11218974329414777,0.04466262264410034,0.02845667240442708,0.02610845535993576,0.024397107046097516,-0.029301136715803297,0.0037833353504538535,-0.00860778683796525,-0.024534701905213296,0.023540989959146826,0.012133419523015618,2.0,2.0
Acaca,-0.6655477097630501,0.007118076032493263,-0.01735721118595393,0.0,-0.0053434532857500015,0.01990550567395985,0.01131846845149994,0.0008802045532502234,-0.032185128130950036,-0.001481029400601983,0.0027034702018136157,-0.023886796245351435,-0.0035382356960326432,0.011375938241835684,-0.02189625726081431,-0.005147516499273479,0.059113837524782865,0.0417459365632385,0.013338590115308762,0.018426402481272818,-0.08787198821548373,-0.01664338244343526,0.016879915174795316,-0.014691396590787918,0.0022082324791699646,0.02515676590614021,0.017638536578742786,-0.02616559398593381,0.00440665538655594,2.0,2.0
Rasgrp1,0.016567167949397117,-0.013888467394281179,0.016419531599531183,0.0,-0.006767340400256216,0.026530305107589813,0.0007062844187021255,0.0004632655531167984,-0.06921182461082935,-0.0002447105851024389,0.026662726399954408,-0.0111914243362844,-0.0028292312985286117,-0.03518627721699886,0.0035821071569807827,-0.005923602832481265,-0.14312726411793847,-0.30153204295784236,-0.04549212391371839,-0.20287825615145266,-0.009854602934792638,-0.32173555018380284,0.010627423623227515,-0.01037869333056733,-0.008524086185498164,0.0190279604960233,-0.10208606669446453,-0.058421158462297174,-0.002202521775034256,0.0,0.0
Gm13944,-0.03869725923985243,-0.01336552611552179,-0.025948555573122575,0.0,-0.04100218490697444,0.027578183352015912,0.0010781844123266637,0.0012353748083114625,-0.0785200841340702,-0.005056727775372565,0.023826453713700176,-0.00876763854175806,0.007752449898980558,-0.04325682267197408,0.00020240059588104485,-0.01371484207775211,-0.07915335616096854,-0.017684663513209672,0.011070887695532293,-0.19986326346173883,-0.019549635406583547,-0.24603092242323327,0.01353389157098718,-0.0008784228283911943,0.0026251714676618575,0.0190279604960233,-0.026334460851503535,-0.10948307507671416,-0.055209711967036126,0.0,0.0
Rbm10,0.06255013825837523,-0.21720826055388898,0.008245840014424174,0.0,0.0032535875542089344,-0.09515375569462776,0.008080700603313744,0.0006948983296751976,0.015271665268810465,-0.0009600929589942097,0.05574536760919727,0.10479329016059637,0.017036966606974603,0.020752798567991705,0.016872252374887466,0.03229330154135823,-0.03712124438723549,-0.022236949792131783,0.0065512960031628605,0.03898133761016652,-0.02005909618921578,0.030351834401953964,0.029998493064194918,-0.049000552287325264,-0.013635449446737766,-0.023379745557904244,0.03429860508127604,0.025468105124309658,-0.07464606203138828,2.0,2.0
Neurod6,0.17555333179130683,-0.0259240838047117,0.05876952239661477,0.0,0.0033539021736942233,0.08564260449027643,-0.03080610394477844,-0.008446875259978696,0.014420265560038387,-0.0003845596965402365,0.0030219429242424665,-0.03339616227895022,-0.0009174255141988397,0.005362532322760671,-0.07463653787970542,-0.029648991649446545,-0.035846456846920775,-0.010893377850297838,-0.1352586850503576,0.025939132822677492,-0.016662605021847413,0.08395425252892892,0.016870421060593797,-0.028786279067280703,-0.008446875259978696,-0.04466040674597025,-0.07508762140991167,-0.04107008900260553,0.008387999647529796,0.0,1.0
Fsd1,0.1895765659445897,0.011204702269169501,0.004502014812314883,0.0,0.011184068848378956,-0.13526067093014718,-0.01182385033578612,0.000772109255194664,0.02916171544813551,-0.0005168180726468564,0.0581661667348817,0.10801347572356462,0.03823362945113331,0.055079360564704985,0.015595989553257823,0.007758173600304872,0.032425966821610926,0.027338486004737206,0.02120410232571885,0.062411072300747036,0.01193843623274006,0.044314094223082065,0.05321692794561386,-0.00859077126136981,0.0016214294359087945,0.0005528119066730142,0.043080991168972106,0.021683882772922516,-0.01610331913921982,2.0,2.0
Setx,0.03644087829627097,0.04236678031971678,-0.03759630919317715,0.0,0.018108322452753782,0.026432274621911347,0.08760930853895843,0.004092179052531719,0.026105518168769777,0.002810423178598285,0.08158455470111221,0.03529842043295503,-0.015947246523573995,-0.0008119654469192028,0.021519510231446475,-0.010875393599271775,0.02026312008034438,0.014565865052863955,0.024855853964108974,0.052272948496975,0.0468008495750837,-0.0484211029112339,0.030405596860218792,0.022908012848347425,0.0098829984664917,-0.023146239668130876,0.0767584483511746,0.033103153984993694,0.029361973889172076,2.0,2.0
Klc2,0.20196129538904642,-0.007124999746738467,-0.03472631849115714,0.0,-0.05158296937821433,-0.13148458756506443,-0.04982994489342673,0.004092179052531719,0.02489684388972819,-0.00011249207891523838,0.02812896886447561,0.02194821247830987,0.010419548854697496,-0.043165046032518146,0.027605966799892485,-0.0044267970649525526,-0.1674159088404849,0.00938190499204211,0.07364434428978711,0.10590016068425029,0.00503495720680803,0.01117698854621267,0.028863351130858063,0.022966601748485117,0.0098829984664917,0.0026834471430629493,0.05824589635129087,0.020716135068796576,0.03440454885363579,2.0,1.0
Mccc2,0.05366461669327691,0.018799217143096028,-0.025339114716043696,0.0,-0.0026233172696083786,0.07280194888822734,0.053783557119313624,0.0014670075848698615,-0.01095304926391691,0.0031003918778151275,0.03619523324538022,0.02520387066528201,0.010566470448393374,-0.037449017581529916,0.014682815270498395,-0.008573614312335848,0.07757815524935723,0.04651039319811389,0.023423030953854323,0.02803012240678072,0.04728850367479026,0.12284308628644794,0.04971603445708752,-0.03702045497484505,0.0037833353504538535,-0.023146239668130876,0.13906516042537986,0.03530951526015997,0.005901794438250363,2.0,1.0
Bub3,0.22449543193972205,0.0016344651579856873,-0.01624599295784719,0.0,-0.004257500462117605,0.048718993365764615,0.08151272852905095,0.004092179052531719,0.032779104674700646,0.0006401691492646933,0.021922087324783207,0.001644000532105565,-0.010048874039202928,0.025281571983359754,0.005186655288562179,-0.06242658465140266,-0.009316001702100039,-0.037633934230543675,0.05940066572278738,0.0636640202300623,0.003345110642258078,-0.15879514298459982,0.02755232964642346,0.0186725453089457,0.0098829984664917,0.011759440191090107,0.09950569723732769,0.026756541191134603,0.029361973889172076,2.0,1.0
Klhl7,0.01893310752697289,-0.00971221316838637,-0.022240676793153398,0.0,0.01107941395137459,0.02323903641663492,0.03794663473032415,0.004092179052531719,-0.002505667827790603,-0.00010527413804084062,-0.1200864419399295,-0.012399047603830695,-0.012614561247173696,-0.028678523448761553,-0.012071440499275922,-0.018192307117278688,-0.0022822139458730816,-0.018946229439461604,-0.0032499826909042893,-0.35249070804566146,-0.014364210031926632,-0.20026708798483014,0.015207001237431541,-0.007454150889534503,0.0098829984664917,-0.004828813578933477,-0.005571189679612871,0.022045583515428006,0.03440454885363579,0.0,0.0
Cd38,0.10253903165925295,0.01937357378890738,-0.0132087272265926,0.0,0.0021500213304534556,0.05805841519497335,0.08183160584885626,0.0006948983296751976,0.02204759156797081,-0.0002574764285236597,0.05780294653959572,-0.03436655793339014,0.06383755214512349,-0.007029870362021029,0.015409161031711846,-0.01121090179309249,-0.000596477014478296,-0.013342274941969663,0.006871421009418554,0.05386611109599471,-0.012818023283034562,-0.01957241369309486,-0.006043212779331952,-0.039698818819597366,-0.013635449446737766,0.06900426780804991,-0.11296511455439032,-0.18244563100859523,0.003199425421189517,0.0,0.0
Fam110b,-0.7959887014515697,0.03116112564690411,0.11821488244808279,0.0,-0.0001684489380568266,0.03044560790527612,0.02502412937115878,0.0005559186637401581,0.008814172949641944,-0.002187130572274327,0.02897063263168093,-0.00946615141350776,-0.0032167181093245745,0.00893544065998867,0.008425163563224487,0.0016201595682650805,0.04625027863308787,0.07926877128425985,0.03426736757050094,0.030242534717544914,0.008556807501008734,0.03781282002091757,0.017595802528085187,-0.010915428092412185,0.0012044904381036759,0.013161356393247843,-0.09494859199447092,-0.03746833463665098,-0.0015180863020941614,2.0,1.0
Leng8,0.18606930979236494,-0.06229294577264227,-0.07236086773802526,0.0,0.0037628352662432006,0.03583742571529001,-0.024709108900278807,0.0013897966593503952,0.019393296600319444,6.451676483266056e-05,0.015754139065975323,0.0016479974985122681,-0.010111137402709573,-0.03430850509554148,0.01355231732595712,0.08928710112348198,-0.0008238334651105106,-0.3565321010025218,-0.18823586781858467,0.027888671995606275,0.010507711027748882,0.012453746210085229,0.016806900212541224,0.005798817609029356,0.00386054627597332,0.011696774438023567,0.0454977837158367,0.015113480733707546,0.013520276001654565,2.0,2.0
Reep2,0.32640876102086624,0.0010012026154436172,-0.06635589490178972,0.0,0.007795699483831413,-0.08189570395275951,-0.04310035572387278,0.0013589122891426086,0.022333043983671814,0.00022277929121628404,-0.03066250395728275,-0.001952098272740841,0.027777232225053013,-0.05952900672331452,0.019436882827430963,-0.06875312021002174,0.009750782824121416,0.005230497336015105,0.032716357780154796,0.03977302870480344,0.11233529432909563,0.012926030302623985,0.02759414932690561,0.008522208716021851,-0.04404111191630364,0.0036547663062810897,-0.0007499096286483109,0.026010881322436036,0.015041649183258414,2.0,1.0
Prpf40b,-0.05139519103337079,0.006099353106692434,-0.06227696421905421,0.0,0.05696954761631787,0.05132686018012464,-0.037078120922669766,0.0014670075848698615,0.01721929734572768,0.002914976975880563,0.0536294857878238,0.027741600926965475,0.006943461443297565,-0.0206511638360098,0.010035404777154327,0.00971479261177592,-0.02901967102661729,0.013315048622898758,0.007944884893950075,0.03433269782690331,0.04280420958530158,-0.05750392742018448,-0.028847373011521994,-0.0324574293079786,0.0037833353504538535,-0.023146239668130876,0.07381766420090571,0.01825824270490557,0.010070433379150928,2.0,2.0
Golga2,0.0038491746722138487,0.0014193013159092516,-0.1606813181506004,0.0,0.062029165015555915,-0.016658441675826908,-0.018556471708579922,0.004092179052531719,0.016758721951628103,-6.801472511142493e-05,-0.12628250827197918,-0.12067736746743321,0.00900855325628072,-0.002718520297203213,0.009576065428555013,-0.016788406670093535,-0.01218015471007675,-0.016093315724283457,-0.03333633503934834,0.03941589709604159,0.012305426410166546,0.055711742582934674,0.014781151048373431,0.014140535108745099,0.0098829984664917,-0.005144013942917809,0.00880723824724555,0.018445188822224737,0.03440454885363579,2.0,2.0
Asph,-0.7365727654192596,0.008163770479150116,-0.025927611073711887,0.0,-0.002672036972362548,0.030748418946750462,-0.0046441722754389046,0.000772109255194664,0.028890522522851826,-0.0027143589965999125,0.026929980688437355,-0.03084757536649704,0.0065815705293789505,0.018763976986519992,0.0064768806356005374,0.028866801387630404,-0.002847797772847116,-0.004952163577545434,-0.01622949116746895,0.018032273296266794,-0.023083861663471907,0.043459654998296175,0.014087325712898746,0.009080480900593102,0.0016986403614282608,0.013161356393247843,-0.11465569817461073,-0.05379572722129524,-0.005167304791975766,0.0,0.0
Cmtr1,0.05382155653787777,0.01405235349200666,-0.027336769051617013,0.0,0.009655883442610503,0.036565233469009396,0.02427961777895689,0.0014670075848698615,-0.2194753523520194,0.004681888930499554,0.11401507477276027,0.0008929698169231415,0.01876517997123301,0.02297113331966102,0.018403817201033235,-0.009324712585657835,0.014535079756751657,0.0032287613209336995,-0.014386509350151755,0.035439542634412645,-0.07105951400939375,0.028036325080320237,0.029726107108872385,-0.018412807085551323,0.0037833353504538535,-0.030059926807880402,-0.06284876897931099,0.034263028856366874,0.012133419523015618,2.0,2.0
Wipi2,-0.014680815612955485,0.016362792729632928,-0.04101966439804528,0.0,0.009833564816508442,-0.06332393706776202,-0.011815117522492074,0.0014670075848698615,0.015649947691708802,0.002798989498987794,-0.03320673558977433,0.03450635692104697,0.0060428055981174116,-0.017688969476148488,0.00572742783697322,-0.0288526049349457,0.04059149413369596,-0.011528345257975161,-0.04828783153090626,0.047397485158871856,0.021568196015432476,-0.0026961467589717357,-0.04333575330674648,-0.03856786942051258,0.0037833353504538535,-0.023379745557904244,0.06700477464823053,0.017082893042825162,0.006652816487476229,2.0,2.0
Cdk10,0.3832276015228126,0.00031755976378917695,-0.020058363612624818,0.0,-0.04637271425919607,0.10275831553619355,-0.03878633595071733,0.0014670075848698615,0.02378414649516344,0.002798989498987794,0.022404001495597185,0.02315938236191869,0.010903796525672077,-0.005973951821215451,0.017033182489685713,-0.06471682910661912,-0.016528110122308134,0.01642583419685252,-0.051807163706980644,0.05077250363538042,0.04855811357265338,0.05933959654852515,-0.03293734319042414,-0.029309790374245494,0.0037833353504538535,0.011696774438023567,0.07733543561538682,0.021304805162362755,0.011636850466020405,2.0,1.0
Ptpn5,0.01389060662011616,-0.06472673032898456,-0.06276172878569923,0.0,0.008381303667556494,0.04677938714623451,0.005885804947465659,0.000772109255194664,0.023427804530365394,-0.0030091844126582147,-0.0757747666623618,0.06381823552772403,0.011747034455183894,-0.028716249086428433,0.006433292394503951,-0.009136837612604722,-0.005574229513294995,0.03302015410445165,0.03286888197995722,0.021036927863024177,0.003913408470689319,0.016996016196644634,-0.05361803052481264,-0.012162027083686553,0.0016214294359087945,-0.023146239668130876,-0.0243790012242971,0.017089685858227312,-0.01610331913921982,2.0,2.0
Lmtk3,0.011449234330502805,-0.0019682568369898943,-0.016037005916587077,0.0,0.03324989556102082,-0.035925113521516325,-0.05276096293644514,-0.00795272532850504,0.015165090986993163,-0.0001263618189841509,-0.09042497107060626,-0.08599571370519697,-0.012428935708012432,-0.05238661640905775,-0.006309637988451868,-0.010162405185983516,0.007145059471949935,-0.00030494383012410255,0.04153543902561069,0.03918668321799487,0.02315361940942239,0.014241669848561287,-0.0137915245606564,0.005033055194653571,0.001158163882791996,-0.008997957084793597,0.07784824822738301,0.013042980039026588,-0.0051618278771638874,2.0,2.0
Tead1,-0.5803191293776035,0.007771791168488562,-0.011576647301917547,0.0,-0.004794287625700235,0.015388835202902556,0.008862330219708383,0.0004323811875656247,0.008841704733204097,-0.002448868416249752,0.007967459052961203,0.007010165434330702,0.0037351146060973406,-0.005977590391412377,0.004377001533284784,-0.002689577980781905,-0.0571142167126527,0.016827668607002123,0.014780423515476286,0.015362356522819027,-0.011687488887982909,0.006771177037589951,-0.02990908295614645,-0.0044319712446304034,0.0009574154787696898,-0.0030898104794323446,0.008182551530771888,0.016913207056932153,-0.005373182066832669,2.0,2.0
Vgll3,0.07567625380936079,0.009099402196006849,0.1272836637486762,0.0,-0.026117884097620846,-0.035348913120105865,0.022205128869973122,0.000772109255194664,0.015022813840769231,-0.0001263618189841509,0.03523896472528577,-0.0165139180701226,-0.011826104591600597,-0.07178927529603243,0.0017182010156102478,-0.007998353984439745,0.02915461639408022,0.030158581511350348,0.08635607583681121,-0.012961222045123576,-0.005706883962266147,-0.19161619533551857,-0.040689447559416295,-0.0027252940041944383,-0.014747286774218082,0.019716563122346997,-0.025585117598529904,0.02670167450327426,0.005584565931931138,2.0,2.0
Olfm1,0.03468090398237109,0.12901963898679242,0.017656632406869904,0.0,-0.00017906432971358298,0.014691899605095387,0.032919327653944494,0.0013897966593503952,0.029076766186626628,0.00010472854599356651,0.04014582351781428,0.06685811948031187,0.037642940059304235,0.008839270442258566,0.010579092449042947,0.003057593130506575,-0.13410684172296897,-0.3426897198427469,-0.09103144646156579,0.06851948206778616,0.017679640632122753,-0.04383868199307472,0.013470370722934603,0.006806012315792032,0.00386054627597332,-0.0047851765574887396,0.07100073043256998,0.024110744544304907,0.013520276001654565,0.0,1.0
Sgpl1,0.06564569838723401,0.017261521512409672,-0.014878653589403257,0.0,0.007660940602072515,-0.04613751508295536,-0.010791783667518757,0.0012353748083114625,0.030307361340383067,-0.0004752088524401188,0.047787772533483805,0.04147522836923599,0.047579352306202055,0.08694279271643608,0.003923308099620044,0.10716752364300192,-0.010201882151886821,0.0021554230526089667,-0.027671968849026597,0.0968805385567248,-0.020012753438204526,0.05131862547583296,-0.005772199401399121,0.007694748308276758,0.0026251714676618575,-0.008841292727738618,0.06589292393065989,-0.028536362494342028,-0.012942168470472097,2.0,1.0
Hs3st4,-0.24962203787174075,-0.012972035964485257,-0.007272857923526317,0.0,-0.0005534288892522454,0.01327833415940404,0.007883195630274713,0.0005713608500082046,-0.05307907789479941,-0.0018126073200255633,0.018356541830289643,-0.00027403696440160276,0.006288048105780035,-0.020924496946390717,-0.0012650046474300325,-0.005534244514710736,-0.06625181554001756,-0.27487551579251884,-0.0861826988356188,-0.21341447710525244,-0.031526640160009264,-0.013143278723582626,0.009395212588715366,-0.004624695049133151,0.0015287763287778944,0.007848202378954738,0.06644385463325307,-0.0042893600556999445,0.0046003942203242335,0.0,0.0
Ehmt2,-0.009763849223963917,0.004798192318412475,-0.021236206736648455,0.0,0.05806375052779913,-0.033583527714945376,-0.05080589919467457,0.000772109255194664,0.01870199869852513,0.00020521610043942927,0.050354239800944924,0.0032045614859089254,0.00834686662768945,-0.05309152793604881,0.0074193016905337575,-0.01168175138765946,-0.017603691914118827,0.04127189613180235,0.02288270927965641,0.039269095743075015,0.02768215101212263,0.045233136818278584,-0.030116821355186403,-0.005174414359498769,0.0016214294359087945,-3.079053945839405e-05,-0.044400260460097346,0.014176512360572815,-0.011934680268168449,2.0,2.0
Megf8,-0.04488446526229382,-0.003757832683622837,-0.02944926851079799,0.0,0.009605558919720352,0.01868963072542101,0.007926526544615627,0.000772109255194664,0.013645278024487197,0.0004951847996562719,-0.045252616773359476,0.004518912434577942,-0.01054609970189631,-0.04021189495921135,0.012088355217128992,-0.03432904745219276,0.016350228870287538,-0.013763056753668934,-0.020889325935859234,0.03779839532449841,0.022114325745496898,0.011586269446852385,0.031303628105670216,0.004696927496697753,0.0016214294359087945,-0.023146239668130876,-0.03105922725982964,0.01529157635755837,-0.010368263362906874,2.0,2.0
Irf2bp2,0.26953908376788605,0.008845262876857305,-0.04758127467473969,0.0,0.00585002668609377,-0.13245363298803567,-0.046291873824957294,0.0004632655531167984,0.019667473365552725,0.00014722236432135105,0.029203677936457097,-0.005886450577527284,0.009641862055286766,-0.010207125255838036,-0.021805157978087665,-0.01616227954858914,-0.0671371358592296,-0.32847638338804247,0.07573342715390026,0.03884185947012156,0.03398292376543395,0.03848893412388861,-0.01848435091553256,-0.00890721837291494,-0.008524086185498164,0.0036547663062810897,-0.18779892449267208,0.014400418512523175,0.0006178313231794164,2.0,0.0
Rgl2,0.3499666983843781,0.009965342502109707,0.0065572377119679,0.0,0.003220943696796894,0.045281719341874124,0.0801903469581157,0.004092179052531719,0.03282063421676867,0.00016360688023269175,-0.01521088094683364,0.0296179742179811,0.027132657775655388,0.013353537304792553,0.05233780551003292,0.009093400604033377,0.008938823817297816,0.02725952685868833,0.0069985225476557385,0.03969023456331342,-0.07555420803430024,-0.16093109041044953,0.02755232964642346,0.025200271528447046,0.0098829984664917,0.011634108684957028,0.0332193930487847,0.028958381933625786,0.02817452624440193,2.0,1.0
Sirt2,0.03650116321252426,0.004234194488963112,-0.0020973326347302644,0.0,-0.01546686578541994,-0.09856583498418331,-0.017696280609234238,0.000772109255194664,0.04413638946134597,-0.0006479326821863652,-0.03027450662571937,-0.005887607745826244,0.03626629152800888,0.09218677970580756,0.004904894218780101,-0.01864395001612138,0.1482460972480476,-0.01440437261131592,-0.03271811319515109,0.034789896900765595,-0.02764828719664365,0.02882176061742939,0.05321692794561386,-0.010016649295575917,0.0016214294359087945,-0.023379745557904244,0.0983707081945613,0.011766339517198503,-0.015352297239005566,2.0,2.0
Poln,-0.18830507745733485,-0.09519637414370663,-0.029521360667422412,0.0,0.00415324805304408,0.011016920772381127,0.024920589214889332,0.0,0.018883770862594247,-0.00700018766336143,0.00756664979737252,0.03389801753684878,0.025161557672545312,-0.030324585889466106,0.05521112698595971,-0.036909299064427616,-0.05647164399037138,0.030017996269016294,-0.0034919077041558923,0.10646973672322929,0.029683891674503683,0.058379754554480315,-0.008552075321786106,-0.0013404347561299802,-0.1432416621223092,-0.00046568028628826144,0.0024365287029650064,-0.012593574039638043,0.0,1.0,2.0
Eif3a,0.01609328679041937,0.010823294008150696,0.025425584556069226,0.0,0.009120984124019743,0.025383384553715586,0.022026970405131577,0.0,0.011932480111718179,-0.0044420106522738935,-0.0771697952807881,0.08306264352984727,-0.19967718038446036,-0.17081630144268276,-0.022798987003043295,-0.008775852704420686,-0.08537003078963608,-0.006426029631329584,-0.02530674639856443,0.06935437396168709,-0.018682199330069125,-0.027590261879377066,0.0007276615395676345,-0.11494152430444955,0.012103477260097861,-0.0003492601960897446,0.003911080630496144,0.007874879310838879,0.0,1.0,2.0
Bptf,0.07798619855428114,0.017373519665561617,0.04149058563867584,0.0,-0.043805694077163934,-0.13178415283560752,0.012833255777368323,0.0,0.017937653679400683,-0.004254748644307256,0.18347225117555355,0.10552837886847556,0.03789204321336001,-0.003079520771279931,0.001119756968691945,-0.048838166664354504,0.00866846452234313,0.0015025285841693402,-0.03137170242145657,-0.009662883700802921,0.045735916923731565,0.014353184076026083,0.0073452578764408825,0.006652092039585114,-0.16940589085221291,-0.000523890322074294,0.017756644061300904,0.05584197330288589,0.0,1.0,2.0
Cmc2,0.07243956743739545,-0.08010101169813424,-0.02266546709695831,0.0,0.004717340143397451,0.040846967860125004,-0.008224529889412224,0.0,0.019362228019163014,0.008060043752193451,0.10626204274361953,-0.05942375715821981,0.03858532846730668,0.05136868964880705,0.11888946199789643,0.20993204038590194,-0.004331613136455417,-0.0019518053212959786,-0.014333694661036133,-0.005141954068094492,-0.039439900340512396,0.11592229146510363,0.02049965561600402,-0.02151089459657669,0.024887447166256606,-0.0003492601960897446,-0.010726578915055143,-0.019086002660915254,0.0,1.0,1.0
Popdc3,0.009752262115944177,0.009349419907666743,-0.019645536481402815,0.0,-0.001198622975498438,0.022895305299316535,0.02807144088903442,0.0,-0.07769360933452844,-0.004683150658383966,-0.09814186200499535,0.10117322770878673,0.0241087395476643,-0.014682601893509855,0.10223948755301535,-0.01789843232370913,0.050039552378002554,0.003716230747959344,0.0229623109404929,0.01334761959966272,-0.018108356937300413,-0.10152988371912215,0.05446053788298741,0.004060470210388303,0.08030429071397521,0.0060538436099886895,-0.031878520788814056,-0.052074766671285036,0.0,1.0,1.0
Cnnm2,-0.05949782544281334,-0.010884003334213048,-0.021453487460967154,0.0,0.008662706799805164,0.031615160536020995,0.007494522026972845,0.0,-0.03875704668927938,-0.01817521809367463,-0.10500366835854948,-0.002443744447082281,-0.022233440591953695,0.3037523301264446,-0.03586480618221685,-0.036948090717196465,0.017245384871494025,-0.011673821430304088,-0.000168735608458519,-0.17118730208836497,0.0018511976464651524,-0.006819019576068968,-0.012042525905417278,0.004924404169432819,-0.11365094864275306,-0.004365752525627613,0.04898424798921042,-0.012690918645821512,0.0,1.0,0.0
Ipp,0.09881762797944248,0.013745511926244944,0.25511289495509115,0.0,0.010648730862885713,0.05187126792035997,-0.026235814567189663,0.0,0.007337632426060736,-0.0018363988306373358,0.02788681405130774,-0.03958774782717228,-0.07402975397824775,0.022860217653214932,-0.04120628312462941,-0.08696645739488304,-0.018498637394513934,0.006677471698421869,0.0008990473020821809,-0.13365339611191301,-0.006953688748180867,0.0013385615264996887,-0.02542429702123627,0.004523511212319135,0.012495721522718668,-0.00046568028628826144,0.016438054428435864,0.022132407582830638,0.0,1.0,2.0
Hmgn2,0.3007716422714293,0.019703881065361202,-0.05661855929763988,0.0,0.00031267764512449503,-0.09852225245907903,-0.037325056943009256,0.0,0.006125468770042062,-0.0015136697236448526,0.015184239610098302,0.0925363752245903,-0.006229427754005883,-0.019262196626514197,-0.07193145248107612,-0.0047882389882579444,0.03353807428851724,0.002984728236333467,-0.044521813183091584,0.09638442028313875,0.0011013654386624694,0.034363808694761244,-0.00779724138090387,0.012192721124738454,0.06150350715965033,-0.00046568028628826144,-0.057618538883980365,0.029500173102132977,0.0,1.0,1.0
Tmem208,0.38897062654606995,0.011523763700388372,-0.03760322679765522,0.0,0.005092756822705269,0.0499695114698261,0.026201729075983168,0.0,0.011603244738653302,-0.0042988871922716495,-0.023442406440153718,-0.041736065354198215,-0.11979035905882483,-0.2035129677131772,-0.02491619468666613,0.0034224011655896902,-0.05283604312688112,0.01805162674987514,-0.009123494538944215,-0.07106774809770286,0.0034329968225210905,-0.050023310906253754,-0.011297857995377853,0.01262262551113963,0.023726142324740067,-0.0009313605353236199,-0.04076294698286802,-0.004829707816243172,0.0,1.0,2.0
Srr,-0.021776394303888082,0.004901252710260451,0.042716115531511605,0.0,0.007062917407602072,0.022080925283953546,0.004783908713143319,0.0,0.007975378092378377,-0.0024977508839219807,0.0010029047541320324,0.12503039286471904,0.036984393119928426,-0.04280596644151956,-0.00517333913827315,-0.04071748313959688,-0.01169822207186371,-0.03743124027707381,-0.012541602617129683,0.009857288841158152,0.016362814689055084,-0.10944311836501583,-0.005039214191492647,0.003679732494056225,-0.17314500184729695,-0.0003492601960897446,0.018488738811574878,-0.03549615728203207,0.0,1.0,2.0
4930447C04Rik,0.04257268352434039,0.019474608099553734,-0.033071534121409056,0.0,-0.003141942322254181,0.04902397893834859,-0.09178499023779295,0.0,0.019789231792092323,0.010007393751293421,-0.0026756649278104304,0.036378723066300155,0.061284116059541704,-0.05042943903710693,0.11052931773010641,0.0010726202372461557,0.0010433825780637562,0.03429056400207628,0.01149764948291704,0.09195870549418032,0.01783049777150154,0.048411177778616546,-0.018366084112785758,0.0036330445669591426,-0.0030434411950409413,-0.0008731504995375871,0.02458766458556056,0.027737082559615375,0.0,1.0,2.0
Tmem165,-0.022037545238563324,0.015842589298263193,0.27074642145074906,0.0,0.012931706951931118,0.001319206589832902,-0.004973919617477804,0.0,-0.14313302708324044,-0.0806636206805706,-0.07839615320321172,0.003662830907851458,0.023580312298727223,0.002068609087727964,-0.005248815882951021,0.21843575009144842,-0.06116345499642193,-0.04721743652931764,0.0010170285869389771,0.07521234130486847,-0.01158339754678309,0.055504857660271224,-0.02668016433948651,0.003986953618004918,0.026614947188645603,-0.00046568028628826144,-0.01884918888725224,-0.002138546919450164,0.0,1.0,1.0
Man2c1,0.13355665473733097,0.017520134765654803,0.28896574552170934,0.0,-0.04795984379947185,0.05067687286995351,0.02369239676743746,0.0,0.009035433107055724,-0.001999196824617684,0.07203499463386834,0.13283980295062064,-0.14622587637830292,-0.03327875779941678,0.008181630081962795,0.0030073190410621464,0.13783380846725776,0.019179431191223558,-0.018640973307192325,0.07072136551141739,-0.011361347758211196,0.06250950511544943,-0.003337744738673791,-0.03053623400628567,0.07138897226192058,-0.0003492601960897446,-0.039589879363775254,-0.022361927060410382,0.0,1.0,1.0
Abhd14a,0.2926729143955163,0.019536084299907087,-0.03886001191101968,0.0,0.004713947996497154,0.08280668910127133,-0.09653168788878247,0.0,0.007149004992097616,0.007864148886874318,0.008615869092755019,-0.056432978082448244,0.002007914671266917,-0.06797849738039076,-0.023139258654555305,-0.08455079671926796,-0.0934860055721947,0.004671774040907621,-0.015842696448089555,0.07018212746828795,0.0017897614557296038,0.08557683617807925,-0.011847330845193937,0.0075520256347954276,0.009606208568438888,-0.00046568028628826144,-0.00018511923030018807,0.038836305337026714,0.0,1.0,2.0
2700097O09Rik,0.07532729794504121,0.03712679455056787,0.23862674047239124,0.0,-0.017328245057724415,-0.13724838513415308,0.05304468023125082,0.0,0.02373056385666132,-0.0024816003534942864,0.08004456947324798,0.12423815790563822,0.04547792306926567,0.0307126459851861,0.018728838975075632,-0.002490536100231111,0.08842284196289256,0.010616317387248273,-0.020080140372738243,0.09047466319054365,-0.04148628916125745,0.056044319581706074,-0.0115262793446891,0.004711116272956133,0.11545441074296832,0.0010477805882692338,0.0669421881204471,0.0021710967225953936,0.0,1.0,1.0
Chd6,-0.10121445279801264,-0.0183210138999857,-0.06635215958580375,0.0,0.006038102880120277,0.019359581964090468,0.029002849558601156,0.0,-0.029917212692089377,0.06669657838763669,-0.017680468114558607,-0.031531368382275105,-0.06125934015959501,0.014972323742113077,-0.07000265043228865,0.13583929562009872,-0.025309275948093273,-0.026504228834455718,-0.03168078429531306,-0.06774690459482371,0.003399040144868195,-0.08064402400574182,0.0243332405295223,-0.0006631253147497773,-0.04625629216316156,-0.0009313605353236199,-0.07501292275599553,-0.005315919433487579,0.0,1.0,0.0
Rbak,0.2926895168609917,0.09489838683279231,-0.043047534548677505,0.0,0.0018999057170003652,-0.07628977036336437,-0.06245075998129323,0.0,0.024321084581315516,0.00580884994007647,0.01503846709150821,0.030040783509612083,0.04808283808233682,0.04912827074993402,0.028203382012434303,-0.007124184696003795,-0.012739294334314763,-0.0076398925157263875,0.0052901837520767,0.1541682277340442,0.0271241812244989,0.008152242982760072,-0.02720423239399679,0.024815122708678247,0.03628974812570959,-0.00046568028628826144,-0.03193314459407702,0.011583455628715456,0.0,1.0,2.0
Tmem132b,-0.42666508542286463,0.01259170202538371,-0.029801483382470906,0.0,0.004288536924868822,0.02375433761626482,-0.0054973541852086786,0.0,0.02354162124218419,-0.018335020700469613,0.045602532499469814,-0.008863836638629436,0.009244269796763547,-0.004601621653346228,0.008745948220603168,-0.013283996237441897,-0.13997943060006945,-0.06530626762265455,0.07770040494622663,0.057823251215741035,-0.014801486884243787,0.025965493648836855,-0.0248194569098996,0.002643402609974146,0.10175951576558873,-0.0003492601960897446,0.013405212564393879,-0.013700177758000791,0.0,1.0,2.0
Cdc123,0.0627388395788148,0.01867383842356503,0.15663411865243687,0.0,0.013560808657202869,-0.05363580481149256,-0.0007805731368716807,0.0,0.03105258012190461,-0.001001495812088251,-0.01937133725732565,0.022081676628440617,0.020644817085703836,-0.0029452523682266473,-0.0005659225466661155,0.17709201705176383,-0.01708746837452054,0.0881516693928279,0.0689607986039482,0.0889355925656855,-0.0029023219365626575,0.029718735084243234,0.030014152897056192,0.0009159996267408132,-0.09559500760398805,-0.0008731504995375871,0.06896353702992201,0.07807786989025772,0.0,1.0,1.0
Bag1,0.2220138938445598,0.012889833357185125,0.04693592155352235,0.0,0.00450087795034051,-0.1002858719881624,0.016642054244875908,0.0,0.030612521907314658,-0.001361883720383048,-0.07090802421793342,-0.08834988647140563,-0.017121041702921502,-0.1931581767462194,0.003936834242194891,0.00436075079254806,0.016433978571149054,0.034407926809581116,0.07840555002447218,0.03670917443931103,-0.026951322495006026,0.03264255685571697,-0.01218979227647651,0.025738035142421723,0.035841197418048976,-0.00046568028628826144,-0.048052434525452555,0.010485292132943868,0.0,1.0,2.0
Pik3c3,0.024756211241474375,0.018965885313227772,0.12743848799262195,0.0,-0.06999303337186574,0.032040253332816064,0.018866548351943492,0.0,0.024709068108350038,0.009071870078332721,0.03499384874943644,-0.021614062041044234,0.03844900368654635,-0.11028816230129451,-0.012975805955938995,0.14351424457505346,-0.052014401573687793,0.06543537333658606,0.06072873329045251,0.08041550691239535,-0.024079989418387415,0.033760989405272994,-0.024190229972591622,0.002845216765999794,0.021403630590066315,-0.0008731504995375871,-0.04232011972926557,-0.007705877041444182,0.0,1.0,1.0
Hspa4,0.0041279463819228115,0.008970593977719545,-0.02898818233050406,0.0,-0.0008379521570168435,-0.007451519034802913,-0.055322318294784054,0.0,0.00859305621124804,-0.031147578228265048,0.028370293509215116,-0.03238605447113514,0.02101303802803159,0.038892501997761425,-0.013256896520033479,0.4582736029196531,-0.06700635324697941,-0.014880475068857778,0.006372477407567203,-0.009534157486632467,-0.044676117179915306,0.0570792864728719,0.05948952973354608,-0.0011338247545063496,-0.06953630102332681,-0.00046568028628826144,0.0363044160278514,-0.012007688526064158,0.0,1.0,2.0
Lzts2,0.187996383337304,0.02589858426246792,-0.045576385259628295,0.0,0.006555592659860849,0.04022539571858943,0.0014600857230834662,0.0,0.01529886624775827,0.007942050099372863,0.06129178357543424,0.07454493188299238,0.06671346192073542,-0.03330972208175808,0.0391037429543212,-0.0017276736116036773,-0.08559811502229422,0.06835561798478011,-0.0038441087515093384,0.053856285572983324,0.017341338540427388,0.04428560797503451,0.004100517167244106,0.013162932563573123,0.0029326226748526097,-0.0003492601960897446,-0.0179737964970991,0.011656240314478055,0.0,1.0,1.0
Polr1b,-0.012147175800055265,0.011708790343254805,-0.0018721115868538618,0.0,0.00595354875549674,0.017169163757935167,0.01934740144526586,0.0,-0.09859672902151942,-0.10291065189987421,-0.008883025227114559,0.03086492408066988,0.07600101786665618,-0.04722111225128174,0.021185010289773345,-0.0086022643558681,-0.07967894947854802,-0.06585151264203887,0.008422273602336645,0.09446451812982559,-0.015511045949533581,0.04205649911891669,0.0722747506853193,0.005253620836883783,0.007401761423097924,-0.00046568028628826144,0.0063339982065372166,-0.029443954583257437,0.0,1.0,2.0
Adhfe1,0.07400779257819522,0.025437729228287936,0.10474812129046768,0.0,-0.002871364594902843,0.04242541988380253,0.05479307517991401,0.0,0.01890193467028439,0.007181673753075301,-0.02866003447910771,0.036378723066300155,-0.016159143576805944,0.011658798251301051,-0.026919477391056715,0.1391458620718913,-0.056091712054330854,-0.04827681243885309,-0.0016779576404951514,0.09530042671598495,0.021164433490484955,0.0381718390667811,0.003406282878713682,0.005443025771528482,0.03188473688904196,-0.00046568028628826144,0.034029394071549174,0.07975800148211419,0.0,1.0,2.0
Rabif,0.03834529665764421,0.008673912857193499,-0.031375409318134186,0.0,-0.0064659687131643296,-0.12235987968742848,-0.09178499023779295,0.0,0.015267469412647188,-0.0011982944700866937,-0.10379229628946632,0.08283036326058209,0.04819580872543156,0.12548766853753476,-0.024941683860961347,-0.01234061162918806,0.007079497536178678,2.8500482439994812e-05,0.02667523777578026,-0.07553749633952975,-0.01165138348005712,0.014989867536351086,-0.004468066883273423,0.019404267072677613,0.010363236940465868,-0.0003492601960897446,-0.014174198901746421,0.020827626651152967,0.0,1.0,2.0
Spats2,0.03779180281097069,0.024713698807172477,-0.045506227524019775,0.0,-0.006107444744557143,0.05783927422016859,-0.0020368140120990575,0.0,0.012363629927858711,0.006147176343947649,0.1030231250775978,0.07450676358304918,0.11066368679341394,-5.919907969655469e-05,0.03684462750796229,-0.0026323832012712955,0.04046187822445063,0.005221929938270478,-0.006645069669466466,-0.060705144684761764,0.002673146240413189,0.07368446487002074,0.0033142061741091313,0.0034972910769283773,0.11022627860307693,-0.000523890322074294,-0.09746154724620283,-0.003685677470639348,0.0,1.0,1.0
Grcc10,0.3284695058106445,-0.014263348155654967,-0.01837945473380387,0.0,0.004548220578581095,-0.053905589673668146,0.06023337204707786,0.0,0.02517450524494052,-0.00336168397217989,0.0190732479467988,0.023894917499274016,0.018621118124574423,0.049426135681569575,-0.010518364240415395,-0.011174978674389421,-0.11185885670536663,-0.015295786203278112,-0.007045060183154419,0.08605473682284355,0.005416292008012533,-0.01632187551353127,-0.045048031150363384,-0.05240443265996873,0.01580120521131903,-0.00046568028628826144,0.024013700380455704,-0.003135358728468418,0.0,1.0,1.0
Gipc1,0.15669034278020263,0.01050778552889824,0.0756446344172582,0.0,0.005710028801113367,-0.1371897008921951,-0.017776537858881055,0.0,0.009156706449575723,-0.0011597277224063873,0.12105317000532523,0.11022918713279069,0.09130766024580225,-0.03385382730513811,-0.008764480932150036,-0.06046701161190868,-0.02048873415449634,0.041800685690323004,-0.0847986094863154,0.06661503705196083,-0.04267937953118235,0.02718239286914468,0.030862506774719804,0.012973621990531682,-0.013080801963806152,-0.0003492601960897446,-0.0021100224438123406,0.021431175202596933,0.0,1.0,2.0
Nsun7,0.051510391547344624,0.007159214727580548,-0.05715479908278212,0.0,-0.0036492670699954034,-0.015197911611758173,0.006235553154256195,0.0,0.009193213721737266,-0.00460723833180964,0.008088108105584978,-0.03387704957276583,-0.1598268658001325,-0.11697329342365265,-0.05022985337302089,-0.010713740470819175,-0.004990796430502087,0.05095082199200988,-0.023417965583503245,-0.1611421727389097,-0.03085874369367957,0.03668884290382266,-0.01387054388760589,0.003041548151522875,-0.012801788598299026,-0.00046568028628826144,-0.003393891237210482,0.1352719151508063,0.0,1.0,2.0
Rhobtb3,0.12670992268715053,0.009669035421684385,0.1449463719432242,0.0,-0.0656671818997711,0.0026374724693596363,-0.06215241383761168,0.0,0.010081092636100948,-0.008451448129490018,0.23629387361230328,0.10584452104754746,-0.06677829746855422,0.01358244541566819,-0.03554348697420209,0.35284470438957216,0.037422885914565995,0.04262016276028589,-0.012449091474991292,0.03065066150389612,0.09108835660852492,0.018829979347065092,0.03057738986797631,0.002080377461388707,-0.08553540784632788,0.0060538436099886895,-0.006080971993505955,0.020278097447007894,0.0,1.0,1.0
Bicd2,-0.02906746411928907,-0.03579426820157096,0.15071288894861937,0.0,0.015346621628850698,0.02167142024147324,-0.012942779531003907,0.0,-0.07731939999386668,-0.04195874433265999,-0.12201023842673749,-0.0002058253437280655,0.006289822307880968,-0.07177791002039158,-0.03799178863875568,-0.017145050633698703,0.009824888450093567,0.0293131671660376,0.0011812678899150342,-0.22507246342487633,0.0061464197444729505,-0.10290743965655565,-0.008526245323009789,0.010000279676169156,0.02748996151611209,-0.004365752525627613,-0.03322304379827983,-0.011749872444197536,0.0,1.0,0.0
Dleu2,0.10025920840678737,0.022134435079060495,0.020859348063822836,0.0,0.00885040639899671,0.004270840617828071,0.0495477811107412,0.0,0.036263258568942545,-0.008163809683173895,0.22552284949226306,0.12935076538473367,0.06775965533219278,0.005552464919164776,0.001411295086145401,0.17259986080694945,0.038622283506556415,0.046914361922608804,-0.02532127493992448,0.026200298480689527,0.0733376179356128,-0.07347532528452576,-0.055127177005633715,0.019104390367865563,0.06270280149416067,-0.0013388307858258487,0.08186383281368763,0.029765656078234316,0.0,1.0,1.0
Plch2,0.04292362572392449,0.02141425812849775,-0.038950894181616603,0.0,-0.0002639282075688243,0.042121090195141736,-0.08337897763354704,0.0,0.002209990662522614,0.011187452701851725,0.02473918766598217,0.02114569766446948,0.0715608181693824,-0.05125881657004357,0.035878906331490726,-0.0030201490316540004,-0.11800567765720188,-0.013263941190089099,0.0034625832410529254,0.049044929658994076,-0.014415799127891659,0.058022271328663916,-0.009099537574220449,0.0028521437384188175,0.09177910637110472,-0.0008731504995375871,0.0007578734401613474,0.03614441382233054,0.0,1.0,2.0
Rbm39,0.036932522212155164,0.02863636113703251,-0.037959660908672956,0.0,0.007199882250279188,0.07963338046800345,0.056205102899111806,0.0,0.024597188364714383,0.008052011020481586,0.04307371683884412,0.08315582695417106,0.07505945685785263,0.014265569671988488,0.009455024271737784,-0.018028133600018918,-0.1873421909706667,-0.061081997414512444,0.0016401641536504031,-0.0366917238663882,-0.07341397302225232,0.06002949540503323,0.035026995555963364,0.012926146043464542,0.03035332402214408,-0.0003492601960897446,0.07898986522573978,-0.0809505581506528,0.0,1.0,1.0
Gpr180,0.07567647886928171,0.0368124587321654,0.10607397191924975,0.0,-0.0693774775415659,0.06930943992454558,0.07238882730249316,0.0,0.02594703822862357,0.0012627016566693784,0.06900062632397748,0.10584452104754746,0.05108681980520487,0.019927234593778848,-0.010123064338695259,-0.017227092226967215,-0.04710513303754851,0.0367551959551929,-0.023644653521478175,0.025753342220559715,0.010262836795300245,-0.036143700056709346,-0.06589655783725902,-0.0935354762710631,-0.005223819399252534,-0.0005821003578603268,0.05257309964857995,0.06407650422304868,0.0,1.0,1.0
Snhg3,0.26353161823935806,-0.0065900484682060775,-0.03433726706309244,0.0,0.005446224007755518,-0.016938807419501246,0.017650262489914893,0.0,0.01925793691538274,-0.0018985702097415924,0.040323059819638726,-0.023482961896806955,0.04819684533460531,-0.0022182508208788932,0.010315369475865737,0.0008507893281057477,0.030673080307024064,0.03995121020532679,0.023649318200768904,-0.032752735828980806,0.018825932550244034,0.01183826056541875,-0.0019539715425344185,0.017200860567390917,0.02972209848463535,-0.00046568028628826144,0.0061170015088282525,0.04487151551991701,0.0,1.0,1.0
Tceal3,0.11179684809176252,0.030124533204361797,0.07901152943260968,0.0,-0.018735249205492438,0.04777269782498479,0.06889192818198353,0.0,0.03497828422347084,-0.09973021141253412,0.07692771811503916,0.07767237796448172,0.054658588538877666,0.05449072709307075,0.02201736965915188,-0.005227803294546902,0.10564715655258623,0.07974849390797317,0.0005214100866578519,-0.023820123299956322,-0.01766092439182103,0.03526829711161554,0.027079755684826522,-0.03299572790041566,0.08651361937634647,-0.000523890322074294,0.042383003961294886,0.031729120071977375,0.0,1.0,1.0
Gnl1,0.23674722018651664,-0.12366200999356806,-0.04591527368873358,0.0,0.007062917407602072,0.033159222626127305,0.02619471969315782,0.0,0.02141541105695069,0.00446978110820055,-0.011349411848932504,0.11022918713279069,0.06487351904448588,-0.027229703329503537,-0.0013519425503909588,-0.002249315236695111,0.012418018211610616,-0.03094962350995047,-0.03264979807659984,0.11199932276271284,0.013115597390569746,-0.031201326926238834,-0.00776965438388288,0.017762157805263995,0.027492437586188315,-0.0003492601960897446,-0.01942572269588709,-0.04309800827410072,0.0,1.0,1.0
Mfsd11,0.028148997847456485,-0.016528024047147483,-0.03170752070378512,0.0,0.005710028801113367,0.1554133537504822,0.003366164603503421,0.0,0.008006714223884047,-0.00134269617497921,-0.03002193567343056,0.08802338382229209,0.09215817974007223,-0.0017031045397743582,0.02269769590348005,0.07804320466704667,-0.150421379506588,-0.08267452361033065,-0.023333212030120194,0.06437675177119673,0.06287406123708933,-0.005232356782071293,-0.05895079446723685,0.002877934193238616,0.013652344620786606,-0.0003492601960897446,0.020084737753495573,-0.04443085998762399,0.0,1.0,1.0
Galnt10,-0.027194972303695976,0.015803105912636964,-0.027687916052527725,0.0,0.007637903559952974,0.05783927422016859,0.004304755745688453,0.0,-0.06540991052985191,-0.003744446784257889,0.0535685831354931,0.0785285744536668,-0.015214229621924459,-0.10745308794081211,0.11788145571015775,-0.02200013192370534,0.02609007845632732,0.005085038958786754,-0.0023526579956524075,-0.06993793675675988,-0.012049041325226426,0.09070608554407954,0.06402587914606556,0.003636266514658928,0.11934322101064027,-0.0003492601960897446,-0.04976778132710024,-0.0015730225574225188,0.0,1.0,2.0
C230014O12Rik,0.001212786198593676,0.014293410223908723,-0.04935432879719883,0.0,0.007637903559952974,0.04898285813629627,-0.0020368140120990575,0.0,0.015257691666483879,-0.004310459736734629,0.09430290759541095,0.12503039286471904,0.08679071225982625,-5.919907969655469e-05,0.016034481720998882,-0.0015840091742575168,0.02074566964991391,-0.03627308709852514,-0.016984197415877134,-0.021852852134034036,-0.021557108564302326,-0.1332127914763987,-0.02188635602360591,0.004119619857519865,0.2068362876586616,-0.000523890322074294,-0.024286777623929084,-0.040602386873215435,0.0,1.0,1.0
BC003965,0.29409294691868126,0.021787865133956075,-0.023076166259124876,0.0,0.005710028801113367,0.04152319155633449,0.010207614215323702,0.0,0.02303888856433332,0.011386232543736696,0.0651452011661604,0.006848650947213173,0.12113820610858966,-0.08512216474628076,0.012600767356343568,-0.09414816124364733,-0.10123541668057441,-0.10149410819838522,0.08519186975550838,0.07187560567632317,0.00401429864577949,0.054738376190944106,-0.023645901785348544,0.0041674462892115115,-0.013109586648643017,-0.0003492601960897446,0.015935207577422263,0.01651080365409143,0.0,1.0,1.0
Gm1992,0.011824681211728603,-0.01641124438494444,-0.029463011315092446,0.0,-0.002551511579658836,0.01735090064816177,-0.01578717539086938,0.0,0.014801952596753836,-0.002183677493594587,-0.05724152575712651,-0.009213378094136715,0.03285680083965417,0.022241122028790413,0.02402219381649047,0.30780325452797114,-0.08959441107755993,0.02456161964844796,0.11515251086675563,-0.36989731847308577,0.02082063320092857,-0.1855471602920443,0.012475665278034285,0.004020220199599862,0.03609037304413505,-0.004365752525627613,0.01364857833366841,-0.060271593801444395,0.0,1.0,1.0
Slc38a9,-0.011141645174939185,0.008279954874888062,0.1823119601001963,0.0,0.014913697261363268,0.0809967848053202,0.011554457969032228,0.0,0.009145030751824379,0.006294474564492702,0.11661595232784748,-0.04238390300422907,0.07918847155757248,-0.06971124636940658,0.01806313787586987,0.015335614001378417,0.05444733714684844,0.003065386717717047,0.010316263129934668,0.10679804345592857,-0.04777156652882695,0.08809923628345132,0.05945255900267512,0.0003253200463950634,-0.14367147616110743,-0.000523890322074294,-0.014988157823099755,-0.00029737443197518586,0.0,1.0,1.0
Polr2j,0.3218275976693258,0.02025156718213111,-0.048725502612069246,0.0,0.00595354875549674,0.09504888645838946,-0.10009813346900046,0.0,-0.1008151328843087,-0.024763518371619286,-0.006270171999931335,-0.04719845250248909,0.06962223095644732,0.10060632325708867,-0.024327936274930836,0.005457685347646474,-0.04190126673784107,-0.04941552407646668,0.03654128851601854,0.09535523615777493,0.04296778502874076,0.042666542362421754,-0.02528788225259632,0.01262262551113963,0.020277554453350603,-0.00046568028628826144,0.026604481884278358,0.025367124807089567,0.0,1.0,2.0
Lipa,0.04927773126226384,0.014949187061283738,0.2084287941781804,0.0,0.008856156282126904,0.0560768135311082,-0.07739263202412985,0.0,0.007866338691674173,-0.0038978559663519264,-0.0003857975918799639,-0.08269088923931121,-0.0699244225383154,-0.02597607835137751,0.012609831131994724,-0.006619576564989984,0.03283357436885126,0.005529541437717853,-0.01198293398367241,0.0714922087173909,-0.04708996838890016,-0.01272419648244977,-0.00953151702764444,-0.0012332368921488524,-0.08978412232361734,-0.00046568028628826144,0.008449584627524018,-0.019417597013525665,0.0,1.0,2.0
Tmem219,0.020644041006453336,0.016040358473546804,-0.05108705339021981,0.0,-0.04169184096157551,-0.09451235951855778,-0.006973936998983845,0.0,0.024874348072335125,0.0005299620050936937,0.11243173209717497,0.03779416397213936,0.08078756314527709,0.021565344780683518,0.014626363757997751,-0.009720780402421952,-0.02295109723228961,0.013676554402627517,-0.014702648662496359,0.05286401206627488,-0.023386674094945194,0.013611416677013039,-0.03578437370015308,0.010120388381183147,0.18533472603186965,-0.0003492601960897446,0.10612608293769882,-0.008743111011572182,0.0,1.0,2.0
Uchl1os,-0.009013245512614959,0.0030327878543175758,-0.0358933174982667,0.0,0.0065217619761824604,0.014613626087084412,0.007801655480870977,0.0,0.010671091079711915,-0.004122488964349032,-0.04069409696385264,-0.04085121916607022,-0.014183809589594603,-0.14289011431857943,0.00417525784112513,0.008446017876267434,0.07456939430674538,0.008416078693771851,-0.050903822826221586,-0.07472815871238708,-0.01070548132993281,-0.07996208611875773,-0.06864739149343223,-0.000940356720238924,-0.1146623806655407,-0.0008731504995375871,-0.0025590278071467767,-0.03334227558225393,0.0,1.0,0.0
Gm1976,0.013336816851515323,0.012312909252941609,0.13257094512693585,0.0,-0.018880691793747247,-0.00026323155034333465,-0.02395954496692866,0.0,-0.030519327032379806,-0.02025233078747988,0.01993555251508951,-0.05105251579545438,-0.036953313967678696,-0.0008110543095972389,-0.07601350318640471,0.10962507404852659,0.05626083092065528,0.034711631102691175,-0.003371613663621247,0.09279925903305411,0.03736370779573917,0.0190113037917763,-0.002787314745364711,-0.01702887765597552,0.07349185055121779,0.0034926020354032515,-0.04014627812779509,-0.025012256535701452,0.0,1.0,1.0
Ndfip2,-0.004522024691104889,0.035672228359617295,0.010695403572171927,0.0,-0.003226496446877718,-0.04329791369847953,-0.03861495687509887,0.0,-0.00590955650433898,-0.004260618113912642,-0.0257844629464671,-0.012903216928243637,-0.013841831998433918,-0.06503294187481515,-0.00598960833158344,-0.023781305458396674,-0.17525054272497073,-0.008560621433352934,-0.06129277611616999,-0.2301655385736376,0.005071811312809586,-0.039096037624403834,-0.01972657454200089,0.0027534604910761117,0.01747293864376843,-0.004365752525627613,-0.014719554700423031,-0.0170199030241929,0.0,1.0,0.0
Scfd1,0.02958334043622017,0.018613849035464227,0.13802715451456607,0.0,-0.04537920167669654,0.06116508848965168,0.017213701400905848,0.0,0.022702103573828937,0.008599747130647302,-0.04819613540079445,-0.026579938363283873,0.0692410589318024,-0.09236322115291841,0.009100220552645623,-0.004534768844023347,-0.11680994305061176,0.06883553850515454,0.09799133491236717,-0.012722133924253285,0.03381273363949731,0.08318428231752478,-0.004740152729791589,0.005936539452522993,0.040269421503180636,0.02421537410467863,-0.024078434559050947,-0.005484275742201134,0.0,1.0,1.0
Apba1,-0.1815231536049396,0.007183972467901185,-0.06670167695730925,0.0,0.005371810030192136,0.029271813640370965,-0.018141037353780122,0.0,-0.017678589378483593,-0.012458180477842688,-0.07143153088865802,-0.012400954309850932,-0.15771393569040812,-0.00037909096980001775,-0.07663140245713293,0.010032633100636304,0.04464661416597664,-0.022544069157374905,-0.04633347498718649,0.0415526808751747,0.06345304544083774,0.043411634769290684,-0.0006968283827882261,-0.0018858059123158454,-0.1013089555874467,0.0015716709662228824,-0.01464930105721578,-0.007871660934761167,0.0,1.0,0.0
Exosc3,0.061595260142930784,-0.07650488450424746,0.26852576015051455,0.0,0.005276856888085604,0.05494054421782493,-0.08962594641838223,0.0,0.010400184304453433,-0.0009966459311544894,0.003708595938514918,-0.01138415927067399,-0.0025884861819213257,0.025654421080835165,0.03400560647947714,-0.04789308006875217,-0.012503960109315813,-0.036376717843668305,-0.050963061563670635,-0.04340760637074709,0.029356238376349212,0.023342417143285273,-0.01180991237051785,0.0030668304301798345,0.015734351873397827,-0.0009313605353236199,0.003603204919490963,-0.03961687301285565,0.0,1.0,2.0
Myo1d,-0.36637068884912877,0.010500867498340085,-0.046718314364552496,0.0,0.005371810030192136,0.03552876946981996,-0.00537305225385353,0.0,0.02532504353672266,-0.01840049548074603,0.018475637263618408,0.036378723066300155,0.0005699599254876376,-0.013004706431529485,0.03167446703417227,0.013008461082354188,0.033322684969753026,0.02823284637808683,0.004405654249712825,0.08711258635856212,0.012474421625956893,0.05029042534064501,0.05819125740323216,0.0024538650549948216,0.14682123330421745,-0.00046568028628826144,0.03119902252452448,-0.008906344920396804,0.0,1.0,2.0
Ntmt1,0.10563097331265453,0.02937944537727162,-0.016627777204848825,0.0,0.0050674151815474034,0.07916800719685853,0.05978248885483481,0.0,0.019807557109743357,0.01060764598660171,0.037668465964961796,-0.01392598358914256,0.04914500084531028,0.05006836989894509,0.05831589562818408,0.008897839784622193,0.1462381624779664,0.07092567236628383,-0.003296284165699035,0.18576689396053553,-0.07329058207571507,0.05013154054991901,-0.07356643893057481,0.003254901897162199,0.06327926656231284,-0.00046568028628826144,-0.009514494403556456,0.08586219330783934,0.0,1.0,1.0
2210016L21Rik,0.37069208080414684,0.025997238433919847,-0.03600751942489296,0.0,0.005710028801113367,-0.13241722428705544,-0.03565162124461494,0.0,0.008415953572839498,-0.0006094243656843901,0.041675114748068155,0.07669950920157134,0.0436696869978914,0.04276216439902782,0.005157867483794689,-0.011129354960285127,-0.06853304797317833,-0.08965592422959162,-0.06024461529683322,0.023263335675001145,-0.001493485439568758,0.007746417755261064,-0.010892031019320712,0.012587636336684227,0.006915540918707847,-0.0003492601960897446,-0.04285766687942669,0.03248581473017111,0.0,1.0,2.0
Eya1,0.023374373027763795,0.018725179727189244,0.13364286584313959,0.0,-0.04581212604418397,0.07943392666056752,0.0025524458242580294,0.0,-0.03955475130584091,0.020445212777704,0.10277205670718104,0.12423815790563822,0.01646389539790107,-0.00017319927268545144,0.013714013649150729,-0.047444747416302564,0.030701683834195137,0.0020559794152359245,-0.014019737960770726,0.08416591099463404,-0.019427319546230136,0.08479658246506006,0.004843401575635653,0.0038728651497513056,0.05432331696152687,0.0010477805882692338,-0.03305802082832088,-0.08445995687041431,0.0,1.0,1.0
Fbxl18,0.0647530802572146,0.02001315575093031,-0.04031119254184887,0.0,0.00595354875549674,0.017093942355713806,0.06085238751606084,0.0,0.021786560625769197,-0.06082222223980352,0.022119192932732405,0.011353869382292032,0.024866073125158438,0.01992941539734602,0.009174866185057909,0.009440056784078478,0.03919319096021354,-0.017006631367548833,-0.021504686651751398,0.09262506329454481,0.005673957350663841,-0.048603805394959634,-0.007832437965553253,0.004654937610030174,-0.11416909708175808,-0.0009313605353236199,0.06778904200298712,0.05332414500415325,0.0,1.0,1.0
Slc35f4,-0.3799368395959027,-0.019804823147132992,-0.06774086753837764,0.0,0.005371810030192136,0.011512421425431968,-0.02702857702039182,0.0,-0.0009430205449461937,-0.03182076957309619,0.016087247270625084,-0.03498224500566721,-0.05155862000072375,-0.07446403568610549,-0.060713149006478485,-0.04056094384752214,0.050004112724855075,-0.015002488012687536,-0.006914872303605079,-0.11300284968689084,-0.025797170670703053,-0.08156943585723639,0.05711165351327509,-0.0015770333912223577,-0.1355073711834848,-0.0009313605353236199,-0.06971122402697802,-0.001463189956266433,0.0,1.0,0.0
Wdr31,0.005637083079200238,-0.09123604344669729,0.04593669362133369,0.0,0.007062917407602072,0.05196637814864516,0.051503643535543236,0.0,0.024512930526398122,-0.004550536721944809,0.12483117273775861,0.12919876747764647,0.03912692339916248,0.029121128283441065,-0.00020893367007374764,-0.046362572270445525,-0.03704467103350908,-0.000252215086875367,-0.03798888800665736,0.0313107496406883,0.06808112497441471,0.03973711625207216,-0.0053325071162544195,0.003353728987276554,-0.16715533211827277,0.0010477805882692338,0.08513493842212483,0.05439098189584911,0.0,1.0,1.0
Fastk,0.2502253213606309,-0.013234804691746831,-0.05557662904728204,0.0,0.00764958600513637,-0.13452346560079603,-0.0812539779790677,0.0,0.01933288942556828,0.007393540707416832,-0.1264508302268223,-0.07674542448483407,0.03547099322837312,0.035495747374370695,-0.027646351335570217,-0.017209760462865233,0.03515830047806958,-0.020129605755209924,-0.035596015963237734,0.012853054804727435,-0.07892284583766013,0.016531042410060762,-0.02528788225259632,0.022415625266730785,0.043219744581729176,-0.00046568028628826144,-0.004594055928755551,0.07068930924870073,0.0,1.0,2.0
Ap1s3,0.042530086720362306,0.03440251355990767,0.01406959781423211,0.0,-0.0029254801385104655,0.03635343857575208,0.06655294793425127,0.0,0.019709535483270882,0.00747453348711133,0.025655522281304,0.019600971061736347,0.04664590676140506,-0.005495586786419153,0.021408861903473735,0.1632632216718048,0.0292254119401332,-0.051987645004337536,-0.02086182070430368,0.13317182897590102,-0.0037944510113447905,0.03604055075906217,-0.008938169700559228,-0.0010339222848415376,-0.09972637937869877,-0.0008731504995375871,0.0009716089069843292,-0.04568975741043687,0.0,1.0,1.0
Dnajc27,0.05128987975884229,0.02488562387879938,-0.033314193733967844,0.0,0.004491466823965311,-0.07753022662829608,-0.06356340651400387,0.0,0.020163730015046896,-0.002591923354193568,0.1323620485770516,0.11022918713279069,0.04091929488407914,-0.010889994041062891,0.023266871254891158,-0.0011904687667265534,0.12237407218199223,0.006048815350586665,-0.02123528979253024,0.15877090828493237,0.05597019704524428,0.03523084511049092,0.0065124970488250255,0.0035752891190350055,0.06344316819682717,-0.0003492601960897446,0.012922946063335985,0.029695548105519266,0.0,1.0,1.0
Cipc,0.02791243474930525,-0.02274898761184886,0.3005174577888101,0.0,0.009541823100298642,0.03511542241089046,-0.029769099336117506,0.0,0.007808620603755117,-0.003133012903854251,-0.05057043918175623,-0.06131585325114429,-0.1829039381351322,-0.138507983610034,-0.023611444015987217,-0.0037638403195887804,0.16456836458994076,-0.06074496245812042,-0.06858854422811418,-0.09363130275160074,-0.024601859245449303,0.018033016994595526,0.0161864185531158,0.002426340440288186,0.04771394765470177,-0.00046568028628826144,-0.002941124890930951,-0.02312167616095394,0.0,1.0,2.0
Zfp120,0.08421038237545872,0.034900754536502064,0.21937077816575765,0.0,-0.04868701152503491,0.036256935535930096,0.06655294793425127,0.0,0.011707480275072157,-0.0034596111392602323,-0.03398825241369195,-0.1199222395569086,0.012767754080705344,-0.019501413768157363,0.013616612968035043,0.11590566293802113,0.15717230774462224,0.04284901678613096,-0.005028158647473901,0.11125904448330402,-0.05238754483871162,0.07398692240938544,-0.02680354057229124,-0.010346456207334995,0.07658907487988471,-0.00046568028628826144,-0.028534676153212785,-0.010007687506731599,0.0,1.0,1.0
Ctxn2,0.1446917450669571,-0.11177869413048029,0.06354143206961453,0.0,-0.04838261442258954,0.008118296279571951,0.05933679204666987,0.0,0.03196722701191902,-0.004248112770728767,0.007193786446005106,0.030040783509612083,0.033705056745675394,0.05404813302215189,0.027040272559970616,-0.053355422923341396,0.0773881886570598,-0.01654620311172039,-0.015164173934608697,0.11564100025221706,-0.009781504434067756,-0.08305689630564302,-0.008938169700559228,0.0040593046508729455,0.06382264832034706,-0.00046568028628826144,0.040966329709626735,-0.04591916123405099,0.0,1.0,1.0
Wscd1,0.039222239308292044,-0.03908752033021301,-0.059877078831195835,0.0,0.008578152675181628,0.017715547322295605,-0.010078420724021271,0.0,-0.04519607082009316,-0.009485895968973637,-0.07035233750473707,-0.011987715484574437,-0.13457182710466442,-0.05484135280046758,-0.05169683342799544,0.13389941942878067,-0.01960813552897889,-0.02950568401014607,-0.08339991325512529,-0.1851459310390055,-0.037183112483471635,-0.06758860319852829,-0.0032135060662403705,0.008323777234181762,0.0027108721632976085,-0.0009313605353236199,-0.03386564221498702,-0.029269710802473127,0.0,1.0,0.0
Usp42,0.08234469500661362,0.04380664324853569,-0.04079779951833189,0.0,0.0026525005605071783,0.08380737800616771,0.07827583913342095,0.0,0.027051381873898207,0.017240914329886437,0.02408516661496833,0.022081676628440617,0.04931916851375718,0.015360387414693833,0.02954465833492577,0.002248376691713929,0.12774542100494726,-0.022661148360639344,-0.0039043176779523492,0.19915386918932199,-0.010673589454963803,0.039995628162287175,-0.044900203372817485,0.002985657174140215,0.06327926656231284,-0.00046568028628826144,0.05315491726156324,0.0673982808738947,0.0,1.0,1.0
Pdpr,0.03824913125485182,0.007560381661169231,-0.025302502382546662,0.0,0.007125481870025397,-0.09366745707578956,-0.08538588985218666,0.0,0.03054306486621499,-0.0011497813649475575,-0.012155679073184728,0.009270942434668542,0.03583475020655896,-0.030696180523373185,0.03546239574672654,-0.0038587823417037728,0.020687761341687292,0.06924551621938008,0.15896252725273372,0.09758808416314423,0.023156942008063196,0.06332417559460737,0.013281629440607503,0.013845006637275219,0.04469456390477717,-0.0008731504995375871,0.005695553105324507,-0.019347317902138457,0.0,1.0,1.0
Lamp1,0.07384173569735139,0.03173170121153816,-0.043002318379003555,0.0,0.0015184927079826592,0.04442427829839289,0.036314634574810045,0.0,0.01584525749552995,0.0066779977409169074,0.005259713812265545,0.019600971061736347,0.013804938030370978,-0.004405379600939341,-0.01624221548438072,-0.004401055816560984,0.14458001679740845,0.06387813623063267,-0.09749113946221769,0.12435639159753918,0.02230056603439152,0.07385127852205187,-0.008991450625471771,0.002769837286323309,0.07067095920443535,-0.00046568028628826144,0.02189729632809758,0.0844835898745805,0.0,1.0,1.0
Dpysl4,0.05282258817460388,0.024329856613185256,-0.029249201798811554,0.0,0.003984142076224089,0.07965136331506073,0.0014600857230834662,0.0,0.009656217182055116,0.009081436470150948,0.0431982772029005,0.03630564290098846,0.10345157481555362,-0.03808428969234228,0.015301621505059301,-0.003261156748048961,0.03704372460721061,0.07013599848898594,-0.015496319374069572,0.05332657934166491,-0.035977930957451464,0.05048774464055896,-0.0220389426429756,0.0031718641705811026,0.13385991720482707,-0.0003492601960897446,-0.10641864069271832,0.015153176849707961,0.0,1.0,1.0
Memo1,0.016507365795550868,0.007690884214825928,0.13767852302407846,0.0,0.01401401786133647,0.061425451561808585,0.020390378780139145,0.0,-0.013497899677604437,-0.012727197809144854,-0.008212730470113457,-0.011386664304882287,0.020090842221979984,-0.03294815526693128,-0.0074894779454916715,0.2661688378499821,-0.014127083726925775,-0.04873366343192174,0.05620497763622552,-0.13228283436968924,0.026016055278014392,0.0541615280174301,0.007727862104657106,0.00041832856833934784,-0.0950771803385578,-0.004365752525627613,0.004202939935494214,-0.004548147121677175,0.0,1.0,1.0
Eml1,-0.1954594461573288,0.02112863605376333,-0.04453606374561787,0.0,0.005371810030192136,0.04199359407648444,0.029002849558601156,0.0,-0.0421739076403901,9.647400118410587e-05,0.005172953284345567,-0.08330489417538046,0.04347443130624015,-0.010420521475025453,0.04603036592481658,-0.03664629342965782,0.05814309628447518,0.018256719146593242,-0.008976028221659361,0.06623509583063424,-0.008831813251599669,0.08849006429780275,-0.07308565028710291,-0.00163618303835392,-0.1418092321418226,-0.00046568028628826144,0.018485597890248756,-0.014881597957573831,0.0,1.0,2.0
Prrc2c,0.027645000407937916,0.018627043184824287,0.2306781273148954,0.0,0.013669039749074727,0.04039004340302199,0.04753769390285015,0.0,0.008994624679908157,-0.005419691381976008,-0.11169568459503353,-0.029838230414316057,-0.14550881763920187,-0.07268117487430573,-0.05082154973875731,-0.018831574367359282,-0.10317050027893857,-0.0019518518295080867,-0.00045172838261350987,-0.014111225898377598,0.038247441574931144,-0.024822239433415234,-0.057951464400393886,-0.04086448450572789,-0.008354298416525125,-0.004365752525627613,0.04110919190105051,-0.016464046016335488,0.0,1.0,0.0
Wnk1,-0.009591477325884626,0.010539885722100734,-0.0548002951592207,0.0,0.008578152675181628,0.047673758286982774,0.03283154683653265,0.0,0.009315266665071249,-0.003668189817108214,-0.07129955427721142,0.014017319399863481,-0.1275673864968121,-0.07703471682965755,-0.061543785026296975,-0.004428575951606035,-0.014103320909198374,-0.058920880572331955,-0.10099780072458088,0.12053648347035051,0.04507943294942379,0.0732396739674732,0.01857037245412357,0.004588627070188522,-0.03020948170684278,-0.0008731504995375871,0.02256971124559641,-0.025460764057934283,0.0,1.0,2.0
Fat4,0.12572083339095116,0.01788054977543652,0.109038268791046,0.0,-0.06575173602439463,0.03529891629237682,0.005826028948649764,0.0,0.016210450823418796,0.008585373684763909,0.26096737827872857,-0.020803485121577977,0.06501519117009594,-0.0010366243678436148,0.01212309842929244,0.15565704796928911,0.03772414757870138,0.01238727660049335,-0.019350728229619564,-0.01369718048721552,0.08710151695646345,0.04159887277986854,-0.0130505317056668,0.01056721579283476,0.04596344538964331,0.0018627211451530457,-0.08398974253985216,-0.06295300114899874,0.0,1.0,1.0
A430033K04Rik,0.04822547213640064,0.011147433868609368,-0.05464115027803928,0.0,0.0032223103055730464,-0.13756682095117867,-0.07950202774256468,0.0,0.010376422815024853,-0.0016008517425507307,0.0542195196216926,0.08226019856519998,0.041548277333495205,0.010275632366538048,0.03418681752867997,-0.0169264875119552,0.020005272408016025,0.03072675987146795,-0.027662579112220555,-0.0545119381416589,-0.09077360572293401,0.04319097330328077,-0.02188635602360591,-0.027178307231515646,0.029544771360233427,-0.0003492601960897446,-0.016871653909329324,0.033868795838207004,0.0,1.0,2.0
Fut10,0.07352746261050924,-0.03444700570311397,0.12544729913119226,0.0,0.01656422141008079,0.014245734969154,0.016586047089658676,0.0,-0.11601110908668488,-0.030826229439117014,0.14289819068741053,0.11022918713279069,0.021155347786843776,-0.027282343595288694,0.04448882833123207,0.16588109855074434,-0.03719798426143825,0.01394718503630429,-0.0064568344783037905,0.043274136995896696,-0.019688399019651116,0.05146122383594047,0.04103420973755419,0.0053173445258289575,0.016811143746599554,0.0018627211451530457,0.01886274673277512,-0.12216062905732543,0.0,1.0,1.0
Cluh,0.023891770264599474,0.006463813306763769,0.012953376602381468,0.0,0.005574739929288626,-0.017955110892653465,0.003131061780732125,0.0,0.03311959938146174,-0.0013143505388870835,0.1196163527527824,0.06360594032332301,0.04981641426042188,-0.06799074817914516,0.012517657547723502,0.2793742800690234,-0.024576095947995782,-0.017909130728803575,0.08811531469924376,0.0842845209920779,-0.00046863107476383445,-0.05324341663857922,-0.004446859805029817,0.007428719960153103,0.038493049745447934,-0.0003492601960897446,-0.013809759616851807,-0.008657066771993413,0.0,1.0,1.0
Atxn1l,0.224856487326324,0.011260872255079449,0.047249410725198684,0.0,0.005490185804665089,0.0464524185564369,0.04838773714727722,0.0,0.007584479325450957,0.007228438528254628,-0.044620371556375174,-0.05162131025455892,0.009379653525538743,0.0020885443687438964,-0.01675212106667459,-0.0077822480723261835,-0.08587802613299572,-0.048032052940689025,-0.031040497962385415,0.06768832929432392,-0.010675566238351166,0.06868201847653836,0.01724743942846544,0.008091660514473915,0.02317637233994901,-0.00046568028628826144,0.012217128090560437,0.03861982028000057,0.0,1.0,2.0
Slc39a7,0.3451048484336934,0.0028379958821460605,-0.04229293896351009,0.0,0.0026525005605071783,-0.07276835795026272,-0.003061001099213172,0.0,0.008354820841923356,0.005805281451903284,0.025509007437503898,-0.013486131895333528,-0.034245619307621385,-0.13419585567899048,0.016933272127062082,-0.09513711685314774,-0.09475579495687271,-0.10138027760665863,-0.06407702718861401,-0.021130282701924442,-0.031909182909876106,-0.017838466567918657,-0.024727941523306072,0.0075102855544537305,-0.0019654277572408317,-0.00046568028628826144,0.049857572510372844,0.07737207388505339,0.0,1.0,2.0
Lrguk,-0.06670541421510279,0.01146214855602011,0.06988097683992237,0.0,0.00849359855055809,0.055291973268613216,-0.012039519959362224,0.0,0.017199733136221765,-0.0038978559663519264,-0.05467207222711295,0.03389801753684878,-0.1404514376586303,-0.11035772334784269,-0.07762661415617914,-0.0038248549401760103,-0.0631271156668663,0.041660968285723354,-0.017819952245336026,0.09346082956530154,-0.00660690562799573,0.06147310398053378,0.03057738986797631,0.0018859245721250773,-0.07884036727249623,-0.0008731504995375871,-0.0005838635051622987,-0.016160696069709955,0.0,1.0,2.0
Cacng7,0.09855887527024607,0.010128936397377402,0.09932597099570557,0.0,0.00849359855055809,-0.17653063606470823,0.005277726786443964,0.0,-0.028080014809966088,-0.024983156528323888,-0.03531658867374063,-0.02720995768904686,-0.0023239712556824086,0.1083852490427671,-0.012025383301079273,0.006893577454611659,0.04653842787258327,-0.023642319666687398,-0.13326051100855693,0.04065200765617192,-0.0009237298602238298,-0.0017883797502145171,0.02267348371562548,0.004445831095799804,-0.0705635052267462,-0.0009313605353236199,0.01742123313844786,0.020441155466251075,0.0,1.0,2.0
Klhl33,0.214080810592277,-0.051220802622847256,0.05248522303067148,0.0,0.004257357991300523,0.04393363292329013,0.05222564577823505,0.0,0.026279203961603343,0.004971086273435503,-0.052119206734932956,-0.036592050762847064,0.047047904916107657,0.05609412558376789,-0.01244288899935782,-0.017827264326624574,0.032802089208853434,0.019894441720098258,-0.022749435120495036,0.029324146402068436,0.02743878767825663,-0.025881055605132132,0.06301491044461727,-0.11680995246395469,0.027890753438696264,-0.0009313605353236199,0.06537719901185483,0.048052952787838873,0.0,1.0,1.0
Zkscan3,0.08606052246410399,0.04444377593230456,0.15917201067786663,0.0,-0.020149014978669583,0.09113215563818812,0.05304468023125082,0.0,0.022640508119948208,-0.0023202247684821486,-0.0030953315645456314,-0.049934702925384045,0.013379443851299584,0.023027958404272793,0.007790910266339779,0.0055573492543771865,0.15162660972215236,0.024238669556143577,-0.0036062205978669225,0.10775441567413509,0.040131884557195005,0.08571651374455541,-0.020341737716225907,-0.01719696027226746,0.09310999274253845,-0.00046568028628826144,0.06201919498853385,-0.009065255611203612,0.0,1.0,1.0
Dnajc7,0.09367451276164501,0.021111944415606557,-0.04546352452598512,0.0,0.008145228307694197,0.0803848913218826,0.0014600857230834662,0.0,0.009591617230325937,0.006681782081723213,0.06529785595368594,0.12767782085575163,0.05912199292564765,-0.03339599484199425,-0.01459976689191535,-0.039237258532084526,0.007376277544535697,-0.03762721592094749,-0.008472020393237472,-0.04736045591533184,0.01845960513688624,0.03989592549391091,0.026859480927232653,0.0003253200463950634,-0.13831146381795406,-0.0003492601960897446,-0.024376676739193498,0.0003738821274600923,0.0,2.0,2.0
Atxn2l,0.15213510525878518,0.004121690285392106,-0.033346701487898825,0.0,0.00595354875549674,-0.08139642644673586,0.02014998681494035,0.0,-0.07532529953867197,-0.05001022758893669,0.019471328677609562,-0.018014120124280452,-0.009438595300889575,0.013747946694493293,-0.0042799212038517,0.003145232954993844,0.007188245292345527,0.016464104317128657,-0.045122355753555894,-0.027536173993721606,-0.06049216412939131,0.009559484054334462,-0.028341356886085124,0.013356133606284857,0.021108262251364068,-0.0009313605353236199,-0.005421422973740846,0.014930614670738578,0.0,2.0,2.0
Banf2,0.09025299149565398,0.01861367649398744,0.0703317454457283,0.0,-0.0020258007384836674,0.08283459708094597,0.02206468443037011,0.0,0.007295279055833817,0.008563197860494256,0.09012121719773859,0.12767782085575163,0.1280210460611852,-0.0929436669498682,-0.04149957604240626,-0.001384281599894166,0.016809987081214787,0.03443760690744966,-0.008093493729829789,-0.037428324418142436,0.01686244475655258,0.026913373321294783,-0.02571758995531127,0.003932014796882868,0.11857254537753761,-0.0003492601960897446,0.022467761761508883,0.08445021416293458,0.0,2.0,1.0
Mau2,0.08432441066019238,0.003655281695537269,-0.045435106502845886,0.0,0.0007313986588269472,-0.13446334776468574,0.07720594047219492,0.0,0.018721939767710864,-0.006686222916468978,0.007925821761600673,-0.04887120319530368,0.03899890705768485,0.021551974266767502,-0.006515255945269019,-0.025923193469643592,0.049250271250493825,-0.04123786467818718,-0.042534532072022554,0.026747136544436216,0.036283602789044384,0.009342989758588374,-0.04427205891115591,0.012005977258086204,0.04338856903836131,-0.0009313605353236199,-0.011706135275308043,-0.04529249634593725,0.0,2.0,2.0
Sbf2,-0.47956465436611323,0.013615636489121244,0.19222945534158498,0.0,0.01264760373160243,0.007691285172477365,-0.023861475519370286,0.0,0.017313054008409382,-0.02462955630850047,0.007224861397407949,0.036378723066300155,-0.09547613970789826,-0.0013924847630551085,-0.0171614286582917,0.0008574950788170099,0.03364173703128472,0.02738426244512084,-0.022223068594466894,0.09163071131333708,0.03421017223037779,0.06004737315874081,-0.009824809901183472,0.002217266419902444,0.09376609851373359,-0.00046568028628826144,0.03268356682732701,-0.012941698879003524,0.0,2.0,2.0
Rsrc2,0.039906861349008976,-0.07490824928507209,-0.02109168879687786,0.0,0.00040403869934380054,0.024609429077245296,0.03931369231082499,0.0,0.017723199338652195,-0.004299691184423864,-0.035375163024291396,-0.08834988647140563,-0.12256389285350451,0.1262529965490103,-0.0037152278423309326,-0.001503560161218047,0.1472183383698575,0.05880960562673863,-0.005714417560957372,0.13549056563526393,-0.04069805068895221,-0.02506912633776665,-0.009666024339385331,0.0109876168705523,0.04032121532596648,-0.00046568028628826144,-0.01806224151980132,-0.044346594465896484,0.0,2.0,2.0
Itga8,-0.47795624610036613,0.011378561188466847,0.12403991542756558,0.0,0.008517926204949617,0.04605807013809681,0.033902254480635746,0.0,-0.050763616282492874,-0.02299999405629933,0.05065252174623311,-0.030261511094868184,0.017597474936046638,-3.116988460533321e-05,0.012291386825963854,-0.004602001970633865,-0.04130532313603908,-0.003077732177989674,0.010024933598469944,-0.011284580146893859,-0.02509142163209617,0.025238805899280122,-0.018418561418657192,0.002771858097985387,0.05690602466929704,0.0010477805882692338,-0.020306145888753235,-0.005425655441358685,0.0,2.0,2.0
Ephb1,-0.15907132111722602,0.004604156293207779,-0.03140759304631501,0.0,0.007096739062108099,0.015190195189788938,-0.006546637078281492,0.0,-0.08497237802948802,0.1904389529884793,0.014060882830526679,-0.029738797061145305,-0.1227625971211819,-0.05710927375592292,-0.004272919995710254,0.001572644729167223,-0.024748654244467615,0.0611061385996436,-0.0464575542230159,-0.03231512959115207,-0.015954896905459464,-0.0019847146747633813,-0.023751017609611152,0.004743585460819304,0.12958769083954394,-0.0009313605353236199,0.02146552111255005,-0.1041827884921804,0.0,0.0,0.0
Epha10,-0.006205687480978668,0.006901742881163955,0.17443901407066734,0.0,0.008822306343354284,-0.015278219599276782,0.030338728942442685,0.0,0.014221018282696604,0.005454512897413224,-0.00267706319806166,-0.0010139106586575508,-0.05884424488293007,0.007846433864906431,-0.03440778971184045,-0.02114925900474191,-0.14953998455777764,-0.06489548420999199,-0.09081927015446127,0.05573208878748119,-0.06039990469813347,0.008951127235777677,0.026398039904888718,0.0024702534545212986,0.1444651975762099,-0.00046568028628826144,0.04149950076127425,0.08182905801571906,0.0,2.0,1.0
Agap1,-0.512277201176621,0.01261987653793767,-0.04701038443017751,0.0,0.005507098902016878,0.03015559146180749,-0.03207004717551172,0.0,0.027573420591652395,-0.024669280359521508,0.053858201717957854,0.022081676628440617,-0.011299887068453245,-0.002409481147697079,0.03620927337091416,0.010410889675840735,0.049749992876313626,0.016320182827039387,-0.029295328126754613,0.07475540588609875,0.01899876137264073,0.04971128221601248,-0.04379127016989514,0.002643402609974146,0.13381176278693602,-0.0003492601960897446,0.037523464132100344,-0.010198657172732056,0.0,2.0,2.0
Fbxl5,0.03926783944829367,0.02171600135974586,0.2409376698639244,0.0,-0.0694620316568762,0.010770007586106658,0.047989756842143835,0.0,0.026347467107698322,-0.005465192624833435,0.015747367539443075,-0.028367882389575244,-0.16510669911280274,0.039419179568067196,-0.0399042709870264,0.14218296809587627,-0.030243424298241735,-0.0038509309045912233,-0.013360323167871684,0.09111085684970022,-0.017108028316870333,-0.04632266491185874,0.03057738986797631,-0.0160099777020514,-0.005205740546807646,0.0034926020354032515,0.029343749209074302,-0.02433214138261974,0.0,0.0,1.0
Pabpc4,0.08112775621470064,0.04203854672377929,-0.048839727053418755,0.0,0.008145228307694197,0.08113807518966495,0.06085238751606084,0.0,0.018317972617223857,0.01838030070066452,0.05833871791139245,0.03779416397213936,0.03448382626287639,0.02398488648235798,0.05251235865522176,0.0010216774512082339,0.08273629045579582,-0.020087281535088552,0.008150721052661538,0.11409702526405453,-0.0039926587045192715,0.04294140071608126,0.06408338513225317,0.004711116272956133,0.045756948087364434,-0.00046568028628826144,0.03304790762718767,0.014033336453139781,0.0,2.0,1.0
Arnt2,-0.1429852644028142,0.021912930284161122,-0.027966396175324915,0.0,0.00415324805304408,0.03411817270331085,-0.0012739615817554295,0.0,0.01606629816349596,0.005777427153661847,0.005247354665771127,0.02114569766446948,0.020098947587539443,0.0026999084997805767,0.003974042900372296,0.00711970473639667,-0.10623198243556545,-0.043836607361008646,0.07171399117563851,0.021785787614062427,-0.0018224120861850678,0.057943328008113894,-0.030890619953279384,0.0024538650549948216,0.07022276517003774,-0.00046568028628826144,-0.05158562279306352,-0.01836020394577645,0.0,2.0,2.0
Fibp,0.3235078087914735,-0.06156977044418454,-0.03828199443407357,0.0,0.005446224007755518,0.0422799166245386,0.013581716194748879,0.0,0.04111999156884849,0.010231112046167255,0.03377848671749234,0.022081676628440617,0.057979764466290364,0.016535297164227813,0.02848764507099986,0.004616869930177927,0.002799025452695787,0.0646348698035581,0.08856689821113832,0.0718882662244141,0.029180128714069723,0.05078169422602514,-0.02309642893553246,0.01646735247224569,0.03350094519089907,-0.00046568028628826144,0.00873824171256274,0.015113498236751184,0.0,2.0,1.0
Usp40,0.029650453691137956,0.01653697953093797,-0.06292933522723615,0.0,0.008662706799805164,0.08020366911310703,0.0014600857230834662,0.0,0.010993543067015707,-0.00409607669338584,-0.09673372628632933,-0.05130940677598119,-0.05459948843345046,-0.018931026458740233,-0.09738567216321826,-0.04963276493828744,0.00463747679896187,-0.03227101658230822,-0.016358309797942637,-0.00861472534481436,0.06287581165321171,0.058691973211243746,0.0264742786064744,0.009625069480389357,0.004810763001441956,0.02421537410467863,-0.06077957808971405,-0.02829713137820363,0.0,2.0,0.0
Kirrel3,-0.5163285212265327,0.01411051674745977,0.05091590871568769,0.0,0.005507098902016878,-0.011679230686277152,-0.03544963364955038,0.0,-0.10148578171385453,-0.024669280359521508,0.052623646585270765,-0.008349876925349236,-0.007402040243032388,-0.00988432882255438,0.01692216552561149,-0.013968809889629483,0.03476979797007516,0.006542854501603869,-0.014638666578102857,0.07534672379493713,0.027485851948149502,0.05669441763777286,-0.028650519123766573,0.002347654327750206,0.10405023130355402,-0.0003492601960897446,0.025714635401127454,-0.009045458692125976,0.0,2.0,2.0
Xrn1,-0.04397007363848388,0.02787376197054982,0.2643495879182592,0.0,0.009812412150204182,0.04352262120693922,0.025332588404417038,0.0,0.008449381911195814,-0.006285067889839411,-0.012658196741249413,-0.020944162011146544,-0.03651605450315401,-0.10420950628817081,0.01765793970320374,-0.0028552153101190927,0.14795307286083698,-0.004038556183295441,-0.015800572584848852,-0.03846040879376233,-0.016419684663414955,-0.026232976354658603,-0.0019660946808289738,0.011447399202734233,0.07451533310115338,-0.0008731504995375871,0.014016375136561692,-0.012144614323042334,0.0,2.0,1.0
Stx5a,0.07371823797002434,0.01784555541118607,-0.05545079480390996,0.0,0.00595354875549674,-0.0705139480996877,0.0656837862415705,0.0,0.029289094968698918,0.005281645911745727,-0.0028344182902947067,-0.0684397130087018,0.05581725184165407,0.03303287209942937,0.014960684073157609,-0.011813303884118796,0.005543276050011627,-0.03860204063123092,0.16162907844525762,-0.07270060447975993,-0.02670989622361958,-0.0012992615846451371,-0.057808967230957936,0.012383453063666821,0.02490589308552444,-0.00046568028628826144,-0.010218595403712243,0.05386589381145313,0.0,2.0,2.0
Ctns,0.06114384289365262,0.015866038084495812,0.23254875485785306,0.0,0.013144788332283497,0.050121621964499354,0.0373696235625539,0.0,0.00891155755147338,-0.004887832775712014,-0.11399750941898673,-0.011689125951379538,-0.09930141521152108,-0.021945757400244473,-0.01276025991421193,-0.009328684136271477,-0.06862996755517088,0.008939053384965518,-0.01281750327674672,0.005889968480914831,0.021291171358898284,-0.043182756681926546,0.03057738986797631,0.005160284508019686,0.016729708042694257,-0.0009313605353236199,-0.01729916868265718,-0.024200956602580845,0.0,2.0,2.0
Pcm1,0.006983983136015013,0.025279130931012334,0.11637298790737986,0.0,-0.06970215950161218,0.024509708378463984,0.018269544141367076,0.0,0.01010142799001187,-0.007678534181322903,-0.00647180964704603,-0.08159606612287462,-0.03655333488481119,-0.08841455983929336,0.016847408143803477,0.008216110374778509,0.14759500486543403,0.02695542106164794,-0.01094619314186275,0.12130617080256342,-0.033911581104621294,-0.02886476824991405,-0.020341737716225907,-0.0009893502946943045,-0.06172679971903563,0.0034926020354032515,-0.038609794463263826,-0.015610507037490607,0.0,2.0,0.0
Car10,-0.41360151348693763,0.008211257795337587,0.15497247324325145,0.0,-0.04155650844797492,0.022706681757699698,0.009727515066042542,0.0,0.008494084365665913,-0.022901253425516188,0.05067559102550149,-0.027759928731247784,-0.03684898629493546,-0.022460675973561592,-0.015432484820485115,0.005340901175513863,-0.0470621655927971,-0.014989274579638731,0.007498463438823819,-0.006506206658668816,-0.004085338269360364,0.05217414530634414,-0.008825864198734053,-0.0011508972011506557,-0.07911011213436722,0.0010477805882692338,-0.02587726104189642,-0.0013475497020408512,0.0,2.0,2.0
Eif4enif1,0.10164932101266459,0.03110911443363875,-0.05594087352510542,0.0,0.021269923727959394,0.0803933447552845,0.07554924997035414,0.0,0.031881964234635234,0.007679915726184845,0.19976686558220536,0.13304295744746925,0.08227770607743878,0.01918860964477062,-0.016733442889526485,-0.012568354490213096,0.008617319078184664,0.027703835277425242,-0.03753661157563329,-0.03044373182579875,0.006620909394696355,0.06716324048116804,-0.02188635602360591,0.018331064991652966,0.06550138659775256,-0.000523890322074294,0.05600890649482608,0.053763060392811896,0.0,2.0,1.0
Trp53bp1,-0.027961949603632092,-0.024242566130124033,0.11669399059377611,0.0,0.008578152675181628,-0.07519128682557494,0.014029372775694356,0.0,-0.039225212065503,0.021199228109326215,-0.0871224449109286,-0.027388444198295475,0.008406708737020381,0.013797333068214356,-0.035810420359484854,-0.04801865193992853,-0.05899434007704258,-0.031014416413308935,-0.017514861475210638,0.023938687331974507,0.024924340434372427,-0.009586721416562796,-0.017327768995892258,0.004836915470659733,-0.09807141199707985,-0.0008731504995375871,0.03134896149393171,-0.0101752195879817,0.0,2.0,2.0
Taok2,0.014445826173759996,0.010114179677329957,-0.05502500500530005,0.0,-0.004352115597575903,-0.10782579198479653,-0.008695449136430397,0.0,0.017604343760758638,-0.002856700890697539,0.0976649722456932,-0.030684655625373126,0.05424161355767865,0.015702508219983428,0.0213290992192924,-0.014292697585187853,-0.01737429075408727,-0.0013565403499524108,-0.027703204837162047,-0.08047745276242495,-0.04221243324689567,-0.027114597316249274,-0.03578437370015308,0.010679021067917347,0.02490589308552444,-0.0003492601960897446,0.029357941776979715,-0.007515519433654845,0.0,2.0,2.0
Exosc10,0.054567485223524274,0.008811319498345255,-0.032390816477127375,0.0,0.0048441006848588585,0.022797681968659163,-0.011056365000549705,0.0,0.017899588625878097,-0.0019170433934777974,0.07246976598631591,-0.0238752606138587,0.020947901781764814,0.00026908246800303457,0.12055656599812209,-0.00671802151016891,0.002971317288465798,0.07057332632655744,-0.015243067641276866,-0.10647622630000114,0.0024952572584152222,0.04823318273294717,0.03439767329255119,0.0033858846686780453,0.011490236958488822,-0.0003492601960897446,-0.06852836617734283,0.015436949469149112,0.0,2.0,2.0
Chn1,-0.12263147630976164,-0.022740673265652732,0.0418710046261549,0.0,-0.0697968696244061,0.026279392414726318,0.0015412414248567074,0.0,-0.04596638219431043,0.09611990308156237,-0.05263201212044805,-0.014457879671826959,0.02297159882611595,0.20531612478745956,0.014097524383105338,-0.015269168308004738,0.019980038920475635,-0.010975631169276311,-0.06074080876773223,-0.15070532529614866,-0.010441158863250167,-0.11349497537128628,0.03433178671402857,0.0027991156512871384,-0.03579936538822949,0.004016492357477546,-0.029202769406001607,-0.004773599279578775,0.0,0.0,0.0
Mphosph8,0.03246996475849301,-0.007457885695621371,0.060702982051298024,0.0,0.005202704053372145,-0.0940384120726958,-0.008435172063764184,0.0,0.021682867736089975,-0.0018458899948745966,0.07338031249819324,0.10162754208780825,0.0414661070733564,-0.022964739832095803,0.014134252495132386,-0.01115409076679498,0.10955697486409917,0.012670653606037377,0.1151726434379816,0.04949291017837822,-0.03876513944473117,0.016879153099143878,-0.005311338387546129,0.0035752891190350055,0.028260943163186312,-0.0003492601960897446,-0.002132247309200466,-0.015613651713356375,0.0,2.0,1.0
B4galnt1,0.24723809488350526,-0.042386860363185404,-0.06920545170083642,0.0,0.0017071545030921697,-0.14466522270813584,0.040310710496269164,0.0,0.012758752163499594,-0.004582937378436327,0.017508344398229382,-0.04275522906333208,0.015877569225267507,0.0640714332461357,0.032901886482723054,-0.010597380371764302,-0.0324954589738627,-0.08671312485181261,-0.08275952656753362,-0.022948339516296982,-0.016108269160613416,-0.0026627741754055023,0.00530203802511096,0.01088717750273645,0.028729078359901905,-0.0009313605353236199,-0.034918805109336974,-0.02500876379199326,0.0,2.0,2.0
Sema4d,-0.02635821342933923,0.024116993627976625,-0.03544033747166395,0.0,0.004795875251293182,0.0760502457804978,0.03007274821982719,0.0,0.012506116274744272,0.008506306884810329,0.03312073949724436,-0.011445277947932481,0.02611016243696213,-0.0009145239021745511,0.0637783162901178,-0.002094267150387168,-0.018443682251963765,0.06216536746986094,0.007472668362315744,0.07232293732464314,-0.07295583229511976,0.0847449484700337,0.07059448767453431,0.003041548151522875,0.056516779474914076,-0.0008731504995375871,0.0007741600461304188,-0.01337814367376268,0.0,2.0,2.0
Gatm,0.047804502269718795,-0.052360967170679944,0.015529564674943685,0.0,-0.019391408688388765,-0.005516496454365551,0.0007141545310150832,0.0,0.011056160992011429,-0.007800995502620935,-0.14508353207958863,0.051490291208028796,-0.10266348995268344,0.09151058186776936,0.0075357478065416214,0.14186135313939302,0.04654765067854896,0.015733225870644674,0.0027883955161087217,0.06924561280757188,-0.018869940643198788,0.01781314164865762,-0.027172318112570794,0.011453031618148089,0.07084311556071043,-0.0003492601960897446,0.0037779729312751443,-0.001424430722836405,0.0,2.0,1.0
2310002F09Rik,-0.08970239724818384,0.00597521688323468,-0.04878943556454032,0.0,1.4303280040621758e-05,-0.06831141459755599,-0.041001852564513684,0.0,-0.07923491513822228,-0.009878437425941229,-0.05142439336967072,-0.03230969402939081,-0.05117515763733536,-0.00870261013507843,-0.012549112839624286,-0.017722722366452216,0.00724511408014223,0.04450955088024784,-0.04650198321789503,-0.04273941560648382,-0.003790117520838976,-0.02484680806286633,-0.027102786201285197,0.007852855431847274,0.09297956827096641,-0.004365752525627613,0.016925944031681864,-0.04201211479492486,0.0,0.0,2.0
Mier2,0.06902366037247702,0.004070960946846753,-0.03948247879976407,0.0,0.0011440381850115955,-0.023650624519214035,0.007944331381004303,0.0,0.011864999812096357,-0.00603993205819279,0.09982517251279205,0.00821356507949531,0.010093046206166037,-0.0569598900526762,0.053353940038941804,0.20042659694328904,0.030987049888353796,0.0625024274137104,-0.006989916774909943,0.020113995801657437,0.009920639302581549,-0.11527175695169717,-0.004043379693757743,-0.001578170247375965,-0.10178699598065577,-0.0003492601960897446,-0.09224021502770484,0.05430843920446932,0.0,2.0,2.0
Gm14330,0.25610608165938176,0.015963087594136595,0.09008766303886659,0.0,0.009541823100298642,0.0035285521671175957,0.02009952805470675,0.0,-0.176984187127091,-0.0656630566692911,0.01732202833518386,0.024111103732138872,-0.16879398832737935,0.008823175383731723,-0.008302743306849152,0.0837648440618068,-0.13628838290605927,-0.035026220278814434,0.03263574100099504,0.11239497621543705,-0.017218827176839112,0.03856966249761171,-0.006475759744062088,0.01579345192760229,0.007097890255972743,-0.00046568028628826144,-0.030167582887224854,-0.005947470002574846,0.0,0.0,1.0
Dcaf15,0.16048534183297306,0.012120260260999202,-0.03750537635292858,0.0,0.005202704053372145,-0.014276051102206111,-0.010939615961397066,0.0,0.036410556277260184,-0.0048777922382578255,0.07505445629823954,0.022081676628440617,0.08314620156190358,-0.028636995176784693,-0.052128499787067996,-0.004907147511839866,0.053926668064668774,0.011499966257688357,0.08572330744122154,0.073193513546139,0.08320155745372176,0.031168576668278547,0.02515074658440426,0.004501568879932165,0.20324426470324397,-0.0003492601960897446,0.06801540289772674,-0.023223537049489096,0.0,2.0,1.0
Rbm3,0.1972141426964663,-0.04487217002082616,-0.00343406259547919,0.0,0.0046293938718736174,-0.04840863793157041,-0.09520255328388885,0.0,0.032527941116131845,-0.0006450783088803292,0.005596578726544977,0.12423815790563822,0.040497456850716845,0.022438452383503317,-0.002298883944749832,-0.01876600373070687,-0.1357406192534836,-0.03556183860637248,0.12500036066863685,0.15221595930866896,0.06109885870013386,0.010222367477836088,0.018663816452026367,-0.09822619026526809,0.030655937837436795,-0.0003492601960897446,0.01847506083548069,0.021034727038349955,0.0,2.0,2.0
Pitpnm1,0.07049990093335509,-0.0035033442638814447,-0.05066056796349585,0.0,-0.00039825485553592445,0.025673485938459636,-0.009866607706062496,0.0,0.011447142902761697,-0.0016085479129105806,0.05805241817608476,0.03828944070264697,0.03888315874442924,-0.022091178118716925,-0.004075856390409171,-0.010853067100979387,1.3791893143206836e-05,0.06587013154115993,0.10022250346024521,-0.22327500234358014,0.015392570137046278,-0.10572343413718045,-0.016492259752121752,0.00357395613566041,0.000343486238270998,-0.0005821003578603268,0.025228135259530972,0.036603962428634985,0.0,2.0,2.0
Usp2,0.02171807189937681,0.011933606441598386,-0.02425721556413919,0.0,-0.004352115597575903,0.07707205455750227,-0.0686925658932887,0.0,0.028682590406388046,0.0015822203643620014,0.08256712355650961,0.00047638269141316416,0.0026216999167809263,0.13758466826751828,0.09760372461285442,-0.020010951617732645,-0.008717788140056654,-0.026369324625120497,0.011335858292877674,0.04147159991785884,-0.008198350351303816,-0.03573173718526959,0.03780126921832561,0.005285268807783723,0.13448679878376424,-0.0003492601960897446,0.07200898875016719,-0.07762402315391227,0.0,2.0,2.0
Galnt3,0.04603440879582195,0.012710864022374153,0.07409812189405784,0.0,0.005491861794143915,-0.13144843448884785,0.018127083785366267,0.0,-0.12312744291499257,-0.013204457852989435,-0.025525540055241436,-0.0342559933103621,-0.03209489388857037,-0.0200414309091866,-0.03700005996506661,-0.01759728719945997,0.006397814170632046,-0.010499826853556443,-0.01024796676589176,-0.06429149930365384,0.004130728095769882,0.0268589631607756,0.03057738986797631,0.0026144763454794885,0.03552683131303638,-0.0008731504995375871,0.016034075988136463,0.008896803827956318,0.0,0.0,2.0
Nr4a3,-0.04263918478041887,0.011435421467758715,0.14208068089559675,0.0,-0.04692826762795448,0.019816401693969966,0.034425579260569064,0.0,-0.13301782285328956,-0.012340823318809271,-0.02308885703794658,-0.021428544316440822,-0.03231691630848218,0.015894039701670408,-0.029289597584865986,-0.05913876199163497,-0.19441001112572848,-0.1562125585587637,-0.06398934599477797,0.09183496836572885,-0.02160417951643467,-0.013371364511549473,0.019490455454797485,0.008206277345307171,0.022694896943867206,-0.0008731504995375871,-0.00510055175749585,-0.029217349216341972,0.0,0.0,0.0
Zc3h7a,0.09122695777565241,-0.02177417662926018,0.04242367274593562,0.0,0.02076259898021817,0.025673485938459636,0.006142753716558218,0.0,0.014084147438406944,-0.0024424562696367504,0.05001480651088059,0.09447664169594645,0.04948545093939174,-0.0069856700534001,-0.0009907097346149385,-0.015262462138198317,0.05878143649781123,0.03494423582145828,0.11167923139175401,-0.25511827975511553,-0.004221398644149304,-0.21853511683875695,-0.000759630918619223,0.018657068498432638,0.06291225016117095,-0.0005821003578603268,-0.015363111575134099,-0.08186615975340829,0.0,2.0,1.0
B3glct,0.013384007411077618,0.01955399374710396,0.2622048829123378,0.0,0.013290230929851533,0.04242825848516077,-0.051703500833828,0.0,0.037727639339864255,0.009142017243430018,0.02825400329194963,0.052091210503131154,0.0220201290526893,0.00620441809471231,0.04386271151714027,0.0013068448565900326,0.07604325394378975,0.08898067502064805,0.02662556741386652,0.09448976872488857,0.010468657203018665,0.06078890559176216,0.03814678973751143,0.003041548151522875,0.13429979366250336,-0.0008731504995375871,0.024321533562615513,-0.0063195472629740835,0.0,2.0,1.0
Syt17,0.039795864757616074,-0.09259230192867107,0.11053877136437222,0.0,0.004795875251293182,0.017271931199356914,-0.03850463363458403,0.0,0.008639093122910708,-0.0008273096848279238,0.010472742654383183,0.02114569766446948,0.018740978676942178,-0.02248203232884407,0.007910193912684917,-0.030933199776336552,-0.040493299826048317,-0.016975117325782777,0.0006299938540905714,0.007092967480421066,-0.014754651570692659,-0.09584372167475522,-0.032908933481667194,-0.0007527516596019268,-0.13825560726225375,-0.0008731504995375871,-0.01880008714389987,0.09471035282127559,0.0,2.0,2.0
Clk1,0.13978264943376417,0.012442812195513398,0.28182468730024995,0.0,0.013144788332283497,0.05492657031398267,0.012195377132156864,0.0,0.006589206806384027,-0.0029857146833091974,-0.06397162104025483,-0.032700924798846245,-0.14116908974945544,-0.08459624441282358,-0.02802274204324931,0.021814786088652907,0.03129514483909588,0.009192248775070766,-0.020539287040010096,0.06760427489876747,0.06594327581580728,-0.0025125244352966545,0.03057738986797631,0.0036152070481330154,-0.09297167252749204,-0.00046568028628826144,-0.013584487400949,0.01947205294854939,0.0,2.0,1.0
Cacna1e,-0.2102692973082594,-0.018831946479622275,-0.028513588288333266,0.0,0.005608561583794653,0.014323120195476803,-0.002885523072909564,0.0,0.12466515751555562,0.08095211994252167,-0.01134571248665452,-0.0008007686398923397,0.012907708563143388,-0.02988355442881584,0.01828180319163948,-0.04038276927545667,-0.06731433545151959,-0.02921168584136467,-0.04203919193590991,-0.18791712476871908,-0.007955812134314328,-0.10969569351058453,-0.01141009404323995,-0.0003648659493774176,-0.12034823453053832,-0.0009313605353236199,-0.004933434925042093,-0.011707628503208979,0.0,0.0,0.0
Swt1,0.06595515925670042,0.02194229139946401,0.1416700490633957,0.0,-0.04671180544421077,0.038114234968088564,0.004844381378497928,0.0,0.008119901670143008,0.009806627091020346,0.17133318349253387,0.13283980295062064,0.04219429161690641,-0.044357483873391175,0.012346950080245733,0.10819652657955885,0.04939110391773283,0.009728603923140327,-0.017742402092553674,0.08528836733661592,-0.02515653734561056,0.020997744789347052,-0.03316722950199619,0.011889048516750336,0.10219334220513701,0.0018627211451530457,-0.03867588343280658,0.02597005555406213,0.0,2.0,1.0
Myrip,-0.06608210359117947,0.22859546081861482,-0.028764013026375324,0.0,0.005557829113677144,0.01567168168723583,0.005355210484704003,0.0,-0.03230141693726182,0.08727884722175076,-0.0288739414466545,-0.016044483911246063,-0.0022375520784407854,-0.02342677352251485,-0.02320635161129758,-0.01909511413425207,-0.11351632981357397,-0.014985654579868423,-0.055010872110724446,-0.14173558629117905,-0.022477933410555123,0.0018885056814178824,-0.00649031633627601,0.002504194490611553,0.01372019155882299,-0.0009313605353236199,-0.012806292311288416,-0.01532500344561413,0.0,0.0,0.0
Smarcc2,-0.0054466269304975865,0.008411144334822894,0.04135012708604336,0.0,0.007632806617766619,0.006448961636051536,-0.027181866192258895,0.0,0.01788761800620705,-0.004215308055281639,-0.06974607677198946,-0.028367882389575244,-0.0638721666316269,-0.12536402315832673,0.005579030066728592,-0.008201401010155677,-0.034097084833774716,-0.006933168980685878,-0.020758217768743634,0.048637761492282154,0.06666078331880271,-0.008319355677813292,-0.02668016433948651,0.02238218121230602,0.035841197418048976,-0.00046568028628826144,-0.045092007461935285,-0.0378670827485621,0.0,2.0,2.0
Cnot1,-0.0075629292777739466,-0.015601542759686709,0.24011943113058806,0.0,0.01585394637659192,-0.015657998537644744,0.0199336612271145,0.0,0.0014033648557960987,-0.004589141476899385,-0.07348408427089453,-0.032192650344222785,-0.12755941877374424,-0.055362745514139534,-0.03495203114114702,-0.016281042909249664,-0.033013368614483625,0.016241845925251255,0.008495299263158814,-0.1093375556357205,0.02045242975698784,-0.10472266069613397,0.06323290590196848,0.010000279676169156,0.006735765393823385,-0.0008731504995375871,-0.03799247254850343,-0.0166839087754488,0.0,2.0,0.0
Gm20642,0.0552069733227836,-0.02164565844926983,0.24558672350365668,0.0,-0.04646490468410775,0.02700159960309975,-0.009906880327034741,0.0,-0.004111653831787407,0.005202450901269913,-0.0015751904994249343,-0.009213378094136715,-0.06434444663580507,-0.03510508439037949,-0.022459902241826056,-0.010342067836318166,-0.07551765399286524,-0.040237110499292614,-0.01306789095280692,-0.20557299790903927,-0.013761218269355596,-0.08628663940820842,0.025423504202626644,-0.07439364658668637,0.03394902358413674,-0.0009313605353236199,-0.010458416834298987,0.07003518228884786,0.0,0.0,0.0
Tnpo2,0.034711426021531225,0.008996480868663639,-0.04481240221299231,0.0,0.005446224007755518,-0.004238964645192027,0.004608509229728952,0.0,-0.09119247160851955,-0.027316332766786217,0.008681487049907446,-0.11088407980278134,0.015991157054668293,-0.004342812807299197,-0.045934835551306605,-0.016423134971410035,-0.023707843127194792,0.04531507043866441,0.02866924137924798,0.032107591265812516,-0.029201587978750467,0.022950470560754183,0.030741735177580266,0.008350654672831297,0.013501050285995006,-0.00046568028628826144,0.01971217367463396,0.05719042836688459,0.0,2.0,2.0
Vwa5b2,0.05720254084328189,0.020809265389107167,-0.03496283564018086,0.0,0.006168969376012683,-0.0868380171759054,-0.022026301806326955,0.0,0.008101570112630725,-0.0017597142094746233,0.02093316802987829,-0.025742324944585563,-0.08844226226385217,-0.048064030315726994,0.0008483162801712752,0.004466820182278753,0.08964849987998605,0.07801798627711833,-0.03631422811187804,0.1480014931410551,-0.0353832633420825,0.06835705740842968,-0.028013154848013075,0.002769837286323309,0.0560805176012218,-0.00046568028628826144,0.02231453698826954,0.0967113566910848,0.0,2.0,2.0
Hid1,0.009417879317479673,0.01587237384635955,-0.008449359172955155,0.0,0.00022407391108572483,-0.07940198897384107,0.00896468422957696,0.0,0.028534343000501394,0.005250346316024661,-0.05642442731652409,-0.08928009686991573,0.015689221749198623,0.016525397631339728,0.0662947941944003,-0.04802112021483481,0.020374658396467567,0.03568834099016385,-0.024542090939357875,0.12257116990163923,0.02738439948298037,0.03293880017474294,0.02049965561600402,0.00418412547558546,-0.15092062279582025,-0.00046568028628826144,0.015662018896546216,0.06633982416242361,0.0,2.0,2.0
Gabbr1,0.025847969844471665,0.023208673149347304,0.03799279134254903,0.0,0.0014339385833591223,0.1095443163998425,0.006424518444109708,0.0,0.010378495750483125,-0.004911126187071204,-0.01947581344982609,-0.049848570358008146,-0.02543007772183046,-0.12763387233950196,0.010794095562305301,0.011152051398530602,0.11801589322043583,-0.08361336782108993,-0.07608584375586361,-0.11145906589925289,0.06031919095665216,0.041796588771976534,0.02640758625464514,0.003173262234777212,0.0642483238130808,-0.00046568028628826144,0.00943466784665361,0.018194817868061364,0.0,2.0,2.0
Nup214,-0.023952100928872823,0.025029814185108988,-0.046026796959340574,0.0,0.004795875251293182,0.011634579068049789,0.03007274821982719,0.0,0.022693203270900995,0.008506306884810329,0.02136855467222631,0.036378723066300155,0.012686910916236228,-0.015955395365890582,0.04353041803929955,0.008792705582454801,0.037310224890243264,0.06667345877511252,-0.013386222117114812,0.10462463724426925,0.03891912203747779,0.0865079008997418,-0.0388290403294377,0.003041548151522875,0.04658912656828761,-0.0008731504995375871,0.025519942566752433,-0.014705758104100823,0.0,2.0,1.0
Cadm1,-0.3530824905942427,0.009668505917070434,-0.02672565500251949,0.0,0.004288536924868822,0.0024181204475462437,0.0004783231811597943,0.0,0.00732500759884715,0.006519477163674309,0.045035266415216026,-0.008863836638629436,-0.062415608252340465,-0.005428956088071573,0.0015336813835892826,0.0027125817444175484,-0.08391118479892612,-0.06444463379986701,0.08531646883813665,0.005893837818875909,-0.004707335259299725,0.02836617332708556,-0.009401918449730146,-0.0013874958362430335,-0.05502710860222578,-0.0003492601960897446,0.013488808320835233,-0.0061835370946209875,0.0,2.0,2.0
Actr1a,0.059088016147725284,0.02750119222095236,-0.042484183381311595,0.0,0.006038102880120277,0.08309752894565463,0.06085238751606084,0.0,0.015224542999640107,0.018310153535567225,0.026387869152240454,-0.047650383170694116,0.07457844322547316,0.03379156403243542,-0.009763103278819471,-0.0011967850290238856,-0.001424818707164377,0.02400250928476453,0.021900027617812158,0.04067787006497383,0.07125247376039624,0.04315317403525114,0.05813259883318096,0.01219538163393736,0.03605005175806582,-0.00046568028628826144,0.016271827607415617,0.08379335544072092,0.0,2.0,1.0
Epha4,0.02184011524077505,-0.01876544376369566,-0.023459719207603483,0.0,0.006738224159926176,0.01012079260777682,-0.00021684433799237012,0.0,0.0003291543759405613,0.008366409682203084,0.10864440551493317,-0.009800537368282675,0.028821704806177878,0.013207368236035109,0.02994812064804137,0.3896340307965875,-0.12965288759034593,-0.1588190469028632,-0.07007702246657573,-0.3500054146256298,0.01391694211633876,-0.1551337237516418,0.024462498310604132,0.0029704858269542457,0.02476563397445716,-0.0005821003578603268,0.006758567043580115,-0.024107297006994485,0.0,0.0,0.0
Ncapd2,-0.01867914750473574,-0.11969704462331719,0.05945767756551504,0.0,0.00595354875549674,0.0496962513634935,-0.03850463363458403,0.0,0.020601417357102036,-0.00198873408138752,-0.04151852528564632,0.022081676628440617,0.054677146188914776,0.011313948957249522,-0.009636569172143936,-0.036939382897689936,-0.0916666287695989,-0.037182543135641025,0.004604987711645663,0.08015412011183798,-0.01523921061307192,0.016566245169378817,0.0659396241651848,0.00027632812038064003,-0.12357236304786057,-0.00046568028628826144,0.036911228668177504,-0.027643922585994005,0.0,2.0,2.0
Chd8,0.0142424246223527,-0.01834872453007847,-0.046608587244991215,0.0,0.006014437228441238,0.023360200933529994,0.006470337716164068,0.0,-0.0049125212617218495,-0.003959038155153393,-0.16213550309417768,-0.01934904418885708,-0.008982128181378357,-0.039617097664158794,0.049567183260805905,-0.015058829220943154,0.006417168019979726,0.006804058931375039,-0.04673005639575422,-0.3393883170932531,0.016022283483762292,-0.04981439565308392,-0.011639665986876935,0.003501721043139696,0.028212957745417953,-0.004365752525627613,-0.012191359265707434,-0.04916772996075451,0.0,2.0,0.0
Srsf1,0.2488483184017241,0.02658434109762311,-0.023116139899939298,0.0,0.004632774703204632,0.09759890757035464,-0.07628483450971543,0.0,0.009107646383345127,0.008180340537801385,0.012810320099815727,-0.0351218556240201,0.02536468505481025,0.12196293869055808,-0.02933102414943278,0.0034804027574136852,-0.10541086143755819,-0.07349691312760115,-0.021416105316020548,0.09438151357695461,0.06202394396997988,0.06672484495677054,-0.007971013237256557,-0.08794388290029019,0.01437541015446186,-0.00046568028628826144,-0.014886513291858137,0.027771291113458572,0.0,2.0,2.0
Dvl3,0.016213500858284532,0.010416773203760386,-0.045611872305162254,0.0,0.002845251774415374,-0.12182749287225306,-0.08324461580021307,0.0,0.019076256090775134,0.006389732686802745,0.009113500760868191,-0.025742324944585563,0.037901655778405256,0.12313099281862377,0.018043092708103357,-0.00612581480294466,-0.09098648961167782,-0.0030006899831641932,0.008602217850275339,0.1404425216279924,-0.013170566633343697,0.008361065965145827,-0.03578437370015308,0.0015565707534551622,-0.09702020654920489,-0.00046568028628826144,0.024053130100946875,0.0009038859605789185,0.0,2.0,2.0
Pknox2,-0.40225811636075376,0.006202428621472791,-0.023092807345092295,0.0,0.005608561583794653,0.019025333625395432,-0.031724265010561796,0.0,0.02264479731209576,-0.037763904128223655,0.004671341592911631,-0.0474086307361722,-0.015940115000121297,-0.06012444266118109,0.09775882894173264,-0.004457843927666545,0.036459235278889536,-0.008455158427750575,-0.02832634311635047,-0.08064797687344254,-0.009574514296837151,-0.03309908420778811,0.09522551083937288,0.0024538650549948216,0.1583023680653423,-0.0009313605353236199,-0.04904525248799473,-0.007144376724027097,0.0,2.0,0.0
Pcyt2,0.39313356404658406,0.0367570090200752,-0.01677586088888347,0.0,0.005710028801113367,0.049109563818201425,0.009820342825260014,0.0,0.009166584787890316,0.007586843837052584,0.013060169257223607,0.035439236611127856,0.057335189261939375,0.026766915097832678,0.005055420754943043,-0.031745352386496964,-0.0682759613217786,-0.1982218356753583,-0.05032210854813456,0.08700610308442265,0.00615163903683424,0.04380671451799571,-0.0046195746172452345,0.007275162236765027,-0.13522125946357846,-0.0003492601960897446,-0.02900956300087273,0.022041266872547566,0.0,2.0,1.0
Syne1,-0.43157350928056987,0.014246323467232288,-0.0449864068813622,0.0,0.005371810030192136,0.03102557175792754,-0.02702857702039182,0.0,0.006958179636858404,-0.02221475763246417,0.007614389280788601,0.01602476278319955,-0.021908960985019803,-0.07388603104278445,0.04278923803707585,0.00137963249348104,-0.009707045906689018,0.02055522624097648,-0.01589115847600624,0.08470404269173741,-0.01682485196739435,0.05169086409267038,0.03486656534485519,0.0024538650549948216,0.07716363602085038,0.0015716709662228824,0.009943084558472037,-0.14785310567356647,0.0,2.0,2.0
Git2,0.07603512717876583,-0.012039617451373488,-0.04016376468352974,0.0,0.022215269785374404,0.021509522948763335,-0.003453255494823679,0.0,0.007396594500169158,-0.00664289397187531,0.16161416946910323,0.004631099589169026,-0.007301999838091433,-0.027448177232872694,0.013873463275376707,-0.046095555238425734,0.04035136153921485,0.07939510279575188,0.017965958213899284,-0.12607337768189608,-0.013617453989572823,-0.035369581119157376,0.06463506178930402,0.011116624474525452,-0.15825954526662828,-0.0013388307858258487,0.08727528120856733,0.023760543083772064,0.0,2.0,1.0
Cog4,0.05210724709089845,-0.05853532919776626,0.013572104694321751,0.0,0.008070827927440405,0.015912655815482138,0.008256128447828814,0.0,0.030792564996518196,-0.0043903220957145096,-0.038324383432045576,-0.04043446131050587,0.007682439325144515,-0.11013940385077149,0.007622070778161287,-0.009980630213394761,-0.05376735242665745,0.05255534385723877,0.08250517224427313,-0.07055667514912783,0.006810142854228616,-0.06210530515301798,0.03348343283636496,0.010747973024845123,0.03223744633491151,-0.0009313605353236199,-0.05967156776343472,-0.013582340747816488,0.0,2.0,1.0
Fance,0.2265005444874987,0.022470696128439157,-0.039281102244276556,0.0,0.00022407391108572483,0.044028158742003144,0.06054534128517844,0.0,-0.0047482023620978,0.011370498416945339,0.0451761881224229,0.022081676628440617,0.01346391077444423,0.05229305561631918,0.003878213381394744,0.017710275761783124,0.02606118325755233,0.0697444751439616,0.12214621507329866,0.07217631415463983,0.03172381363809109,0.06288374765688787,-0.01210903667670209,0.013265312016010285,0.11210470914840698,-0.00046568028628826144,0.054937871019064916,0.06870112605392933,0.0,2.0,1.0
Usp19,0.1253507918608375,-0.09937100400333293,0.042648984235711396,0.0,0.005446224007755518,0.06172366417944431,-0.052896991224261,0.0,0.014593927063979209,0.007956067733466625,-0.083032942682039,-0.04100534858182073,-0.005677668761345558,0.10796734589152038,0.01199582208879292,0.002536551053635776,-0.007198641158174724,0.009701641211286187,0.03464104242622852,-0.1551114515401423,0.005850441055372357,0.011698151067830622,-0.02668016433948651,0.009588203057646752,0.1022745396848768,-0.00046568028628826144,-0.020941394123947247,0.022005608431063594,0.0,2.0,2.0
Pde2a,-0.0069356158073060215,-0.1024301790597383,-0.05095807854551822,0.0,0.004795875251293182,0.04733639178797602,0.024920589214889332,0.0,0.009101965671870858,-0.0014630200434476138,0.030534144304692746,-0.0010139106586575508,0.017950736762140877,-0.004030526508577168,0.040324935023672875,0.017289487523958088,0.054835856268182395,0.03436103626154363,-0.006732110003940761,0.059653731253929435,0.030567815462127328,0.01709316638763994,-0.03630672094179317,-0.0007527516596019268,-0.10707456180127338,-0.0008731504995375871,-0.02789788668625988,0.06232107204385102,0.0,2.0,2.0
Lztr1,-0.006423686407506466,0.011221653060056269,-0.03744587411172688,0.0,0.00764958600513637,-0.13408307144418358,-0.0026491666364017873,0.0,0.036441460200585425,0.007147496221587062,-0.06659965855069458,-0.10831777757033706,0.03478893859137315,0.028872959073632954,0.031991327074356375,-0.027290042070671917,-0.06095608607400209,0.005892408406652976,-0.04073684125207364,0.1194774055480957,-0.08907870977651328,0.0004920660890638828,-0.026599408739712088,0.008815607018768788,0.05462221762165427,-0.00046568028628826144,0.009200387622695417,0.06499007120728492,0.0,2.0,2.0
Cnot3,0.03457797022652812,-0.05885219790972769,-0.06958291673101485,0.0,0.00557812076061964,-0.007447302755899728,-0.023250615434953943,0.0,0.01918022971600294,-0.0040286114439368245,0.020457765287719667,0.019600971061736347,0.029779106262139976,-0.018997408170253038,-0.07446435520425439,0.30108571589924393,0.048933659363538023,-0.06728200326899242,-0.034355505011044445,0.06324269097298384,-0.0017593931406736374,0.025842098500579596,0.060039002583362165,0.0027120870538055895,0.051104621938429774,-0.00046568028628826144,0.018321205310057848,-0.05005304560065269,0.0,2.0,2.0
Kansl1l,-0.0003868727586814202,-0.014540497094858438,-0.05997438889462501,0.0,0.00849359855055809,0.020777933094650508,-0.002183266581268981,0.0,-0.001903864024206996,-0.005465947820339352,-0.0562569452309981,-0.013798845214769245,-0.02639327487180708,-0.04875079238321632,-0.06948388770222663,-0.020277980342507364,-0.0919128592548077,-0.018866290987862157,-0.013551963829668239,-0.2699812909308821,0.01739248347468674,-0.01666615191847086,-0.0028378664597403258,0.005438845548778773,0.019098107842728494,0.02421537410467863,-0.014329251075396314,-0.007507340917363763,0.0,0.0,0.0
Atp2c1,-0.013816275494173169,0.03550567016587593,-0.04537798085482791,0.0,0.0065217619761824604,0.016934487889520823,-0.006866070844698697,0.0,0.0005250694695860148,-0.0040664544142782685,-0.07233735057059676,-0.0023059194535017015,-0.10913596129394136,-0.033990663389631665,-0.05578626963309943,-0.023674527471885084,-0.10349306506919674,-0.024806828156506526,-0.09412617085501551,-0.2544013583101332,0.002274287405889481,-0.0351360285654664,0.0016036659304518252,0.002521642120555043,0.19256218176335096,0.02421537410467863,-0.01888126607052982,-0.03964496157830581,0.0,0.0,0.0
Ccbe1,-0.30096792774973435,-0.018172713532112538,-0.022155878071207554,0.0,0.005608561583794653,0.017986410120065556,-0.002885523072909564,0.0,0.11596864311955869,-0.03139596932567656,-0.012434678538702428,0.004227227363735438,0.014404901047237217,-0.02988355442881584,0.01395323475357145,-0.039249705243855716,-0.09024434940569336,-0.018328873829377697,-0.02849593981052749,-0.21531286702491342,-0.02766495391028002,-0.10506723892875015,-0.01820376385934651,-0.0009366459306329489,-0.11529952256008982,-0.0009313605353236199,-0.005007444745860994,-0.01484799333382398,0.0,0.0,0.0
Rgs6,-0.4592792111088056,0.007890170925529674,-0.040156088576186445,0.0,0.005371810030192136,0.03088939866051078,-0.032356477638240906,0.0,-0.051940997233614325,0.04545737018808722,0.008953374363481998,-0.028223030064255,0.08594581076700707,-0.0292431191392825,0.032691884976811705,0.002427815543487668,0.03094311709050089,0.005491772705427138,-0.01753734240075573,0.13330937224905937,-0.03354598634876311,0.07415477726142854,-0.007949755124282093,0.002158116772770882,0.2227127792313695,-0.00046568028628826144,0.0034977328521199526,-0.00791363209951669,0.0,0.0,2.0
Ulk2,-0.028754081779625268,0.009386077919043601,-0.06640716038877144,0.0,0.00849359855055809,0.018254401515587233,-0.0020368140120990575,0.0,0.011386276017874479,-0.0060164716886356474,-0.05386301014106721,-0.009578555915504694,-0.17851799676427618,0.0019815644697519018,-0.07301376339979469,-0.014322725678794087,-0.08550426022848115,-0.01564032964168291,-0.040968652311712504,-0.022426497181877492,-0.012043531979434191,-0.01459648228250444,0.0264742786064744,0.006621838454157114,0.0012750821188092232,-0.004365752525627613,-0.062331559783779085,-0.0061032781656831505,0.0,2.0,0.0
Cdh18,-0.5933643672853941,0.01419802569784224,-0.02679175012279302,0.0,0.005371810030192136,0.01623050986789167,-0.019240662844385952,0.0,0.017813246748410165,-0.022422201549634337,-0.07829085362143814,0.051850382732227446,0.07318648615386338,0.002469404526054859,0.03694939316716045,0.03169306416530162,0.014825810714391992,0.006324612276366679,-0.012902243949938566,0.15329059419222177,-0.00113634146284312,0.0389595726103289,-0.0013118070969358087,0.0021592680271714927,0.1083661293843761,0.0010477805882692338,0.007773631426971406,-0.0006441722344607115,0.0,2.0,1.0
Ppp2r2c,0.0493400593084516,0.004556280855322257,0.010215172360185534,0.0,0.008145228307694197,-0.08658562903292477,0.039051467935787516,0.0,0.0052948099980130794,-0.005361965177580714,0.08413284815847874,0.040747702177613976,0.035424401269992814,-0.005777399253565818,0.010161394085735083,-0.03329016259405762,-0.1943465680372901,-0.08253172116114,-0.08859813401650171,-0.11016853346955031,0.0019492061063647271,-0.03489537511952221,0.0215585381234996,0.004388971468433738,-0.003953736890107393,-0.0013388307858258487,-0.006357396652456373,-0.008941595694050192,0.0,0.0,0.0
Usp21,0.28120859029470013,-0.09124929204117507,0.11388580295722932,0.0,-0.04787528967484832,0.05279717619996518,-0.08890394417569042,0.0,0.010638511162251235,-0.000914778895676136,0.02560361094772816,-0.06131585325114429,0.04379442059958819,0.0149515221407637,-0.028008157683070748,-0.004002087879925966,-0.10337371621426428,-0.03822795186992153,-0.11042977249249816,-0.023325867671519517,-0.027047524387016894,0.01101999172475189,-0.001682681164238602,0.01950552555732429,0.025942356530576943,-0.00046568028628826144,-0.006665157761890441,-0.005300707686692476,0.0,2.0,2.0
Fchsd2,-0.14261537111713551,0.017436892960686238,-0.05294459250755608,0.0,0.005750618856400252,0.0538992334343493,0.0004783231811597943,0.0,-0.021371768563985826,0.08548631841782481,-0.0003862157417461276,-0.03238605447113514,0.05128847624524496,-0.0029874857910181163,-0.022929606684483586,0.010292521882802249,-0.027317055240273475,0.015115743052883773,0.017797828710172325,0.034624339495785535,0.04920250718481839,0.08640130094136111,0.02406329645542428,-0.0001893322914838791,-0.08462815191596747,-0.00046568028628826144,0.030693258829414843,-0.01968365074135363,0.0,2.0,2.0
Galnt13,-0.5272008460527285,0.012400653990916909,-0.06167982479557395,0.0,0.005557829113677144,0.014231691490858794,-0.019240662844385952,0.0,0.020718262470327316,0.04559720649151131,0.016726265545003116,-0.04238390300422907,-0.04134690961334855,0.004937778227031231,-0.07529003735631705,0.05585398578783497,0.04791398768196814,-0.005566413233318599,-0.03284398005111143,0.07300148505251855,0.060845396504737435,0.02134005285333842,0.02384022243320942,0.0021592680271714927,0.0350200627790764,0.0015716709662228824,-0.011959269768558442,-0.008186927447095513,0.0,2.0,0.0
Cyp26b1,0.0405795684363693,-0.033492141496390106,-0.04169782251352444,0.0,0.005574739929288626,0.029860663558356464,0.00834033276536502,0.0,-0.04200428598094732,-0.0072161417407915,0.06330568785779178,-0.01430808486416936,0.016384036424569787,0.0012587921600788832,-0.03730508541688323,0.28632787000387905,-0.08699256902618799,-0.09494068499880086,-0.08416051086504012,-0.3100840719696134,0.017032554778270422,-0.14302385369781404,-0.021036481086630376,0.0021249683620408175,0.023444624739931898,-0.0005821003578603268,-0.029767312030307948,-0.018727469593286514,0.0,0.0,0.0
Arhgef25,0.19419212319888174,0.0008756847539916634,-0.04579637268558145,0.0,0.003410832192748785,-0.08813274229876697,0.015873962328769267,0.0,0.008671741364523769,-0.002939773160032928,0.0015410093031823634,-0.051145167034119365,0.010472466552164406,-0.027205624571070074,0.005449491464532912,-0.0028781368490308525,0.06934367269277572,-0.08444762090912264,-0.1070855605835095,0.15005907838698476,-0.012328775469213724,-0.001496129729785025,0.02427425214322284,0.0041638592537492514,0.051261658649891614,-0.00046568028628826144,-0.022102508072275668,-0.032819708306342364,0.0,2.0,2.0
Ncoa2,-0.2942918518744409,0.011243045097216964,0.14184176057577133,0.0,-0.07017567845061422,-0.05044378806371242,0.0234935147408396,0.0,0.020815374511294067,-0.02244262123480439,0.008735960894264282,-0.04238390300422907,0.0030114536365726963,-0.0353945959918201,0.01342260984238237,-0.026819039909169076,0.008208310992922635,0.021843987458778427,-0.01648810520535335,0.09052155547309666,0.034335411689244213,0.04249090236146003,-0.023521541284862904,-0.0013404347561299802,-0.17706699842587115,0.0015716709662228824,-0.029562678879592567,-0.0011109079467132687,0.0,2.0,2.0
Insr,-0.19277942970889853,0.0028937302785925567,-0.07805844202637673,0.0,0.005557829113677144,-0.07259932053275406,-0.06609585840022192,0.0,0.00896803176496178,-0.02414430709090084,-0.10029429972637445,-0.047978683300316335,-0.05773396060103551,-0.03957024183124304,-0.07367942134849727,-0.052134524253197013,-0.0004292790617910214,-0.023595010933859156,-0.06033064540941268,-0.058180425548925996,-0.045542825344018635,-0.06614407758694142,0.0264742786064744,-0.0017083569895476104,-0.11774608680978417,-0.0009313605353236199,0.041069128608796746,-0.008355025397613645,0.0,2.0,2.0
Sez6l2,0.03281640498200431,-0.045991062764078376,-0.06529058598447592,0.0,0.0048441006848588585,-0.08776711434591561,-0.023250615434953943,0.0,0.010315752811729908,-0.003235375639051199,0.07063038422027602,-0.014297115448862315,0.015767211327911354,0.023870658613741397,-0.050893301172181965,-0.010777298407629133,0.009237742063123732,0.012766395030193962,-0.03739869957324118,-0.001947983717545867,0.010498176468536258,-0.005959727494046092,-0.014686852640006692,0.003198279608041048,0.008941130391322076,-0.0003492601960897446,-0.002820018534548581,0.023663972611539064,0.0,2.0,2.0
Nek9,0.08405268337111921,-0.0390224559023045,0.00526155955158174,0.0,-0.0052940356079488994,0.04633770830929279,-0.06612088822992518,0.0,0.01575550722423941,0.0038860924169421196,0.005357064772542799,-0.032403656877577305,-0.08082417509518564,0.06608998283743858,0.02088487504981458,-0.0042686879448592665,0.0647096351440996,0.023840539138764143,-0.024520275071263312,-0.0010490646073594689,0.044320829017087816,0.00885653001256287,0.06169494644273073,0.021516332663595678,0.023759721854003147,-0.0009313605353236199,-0.010636599587742239,0.013512451220303773,0.0,2.0,2.0
Plod3,0.23125273995567114,-0.0807990299735684,-0.027681707730516793,0.0,0.007062917407602072,-0.011616639997810126,-0.01617858061334118,0.0,0.01938456539064646,-0.00578968245186843,-0.1752578294673003,0.024767771596089005,-0.014445340159581974,0.01859101212117821,-0.0007845541089773179,0.020645225457847118,0.01630372182931751,-0.03370684386667563,-0.02060916507267393,0.1208949903724715,0.07206294815987349,0.010086297350935637,0.02807907583890483,0.010058711990714073,-0.12970553365536033,-0.0003492601960897446,0.03344614877132699,-0.008733501709066331,0.0,2.0,2.0
Pnn,0.13355952942743898,0.024368048617616295,0.12876637712121008,0.0,-0.047280018664896485,0.11416852672118694,-0.005394554496742785,0.0,0.007036609617061913,-0.0011363453324884176,0.05546251815045253,0.1373488298803568,0.03914786637062207,-0.0017829380184412004,0.0022124348790384827,-0.010404179343022407,-0.08766997141763568,-0.0344224426416622,-0.0438078126963228,0.05956975013017654,-0.012029672279022635,0.04539725192589685,0.023976637106388806,-0.10600138449110091,0.050889620585367085,-0.0003492601960897446,-0.0649333922425285,-0.0053432888397946954,0.0,2.0,1.0
Aacs,0.08023336501093581,-0.09773743606638163,-0.007946771215647458,0.0,0.0062308994121849535,-0.007160388547927141,0.006258039192762226,0.0,-0.09741916919127107,-0.008981028599664568,0.10137467396445572,0.08963953115977347,0.034618552665342577,-0.0017641496984288096,0.11944191878661513,0.16736211901530623,0.0009901771158911288,0.06156097528059035,0.024587140269577503,0.09900414302479475,0.04503922825679183,-0.00015403804456582293,0.03499002767901402,-0.0013296705670654773,-0.0787019457295537,-0.000523890322074294,0.005187569069676101,0.07621174122672528,0.0,2.0,1.0
Abcb8,0.07426360744284466,-0.04491568511817604,-0.03269113985821605,0.0,0.0009266138356178999,0.07114760597236454,-0.042679425062378866,0.0,0.01978124601766467,0.0112433563452214,0.044789463991764936,0.03389801753684878,0.05845991857349873,0.011467212731949984,0.0693344707833603,-0.007860155352391303,0.061617005469743164,0.08767142396885902,0.0022341211698949336,0.13260339590720832,0.08405940974131226,0.06608511076308787,0.07059448767453431,0.003361333701759577,0.05538042403291911,-0.00046568028628826144,-0.0009205090417526662,0.10089277391787618,0.0,2.0,1.0
Anxa6,-0.0320383818866685,-0.01935517698293552,0.24682412395603023,0.0,0.013797555677592754,0.01933528235182166,0.00129537109634839,0.0,0.0119600959867239,0.005508407037705183,-0.003117395807057619,0.0034720244258642195,0.017623825327609664,0.015054895994253456,-0.020192703218199312,0.008905340489000081,-0.11559377527330071,-0.030764501104131342,0.06172798762447201,-0.35240053278394046,0.005443687420338393,-0.20016610615886749,-0.0033724235132103785,0.0007587426155805588,-0.11129755024332554,-0.004365752525627613,0.059601210439577695,0.06418056878377683,0.0,2.0,2.0
Bicc1,-0.42785117158899083,0.008032243417110294,-0.03189718927722424,0.0,0.005750618856400252,0.02612242866773158,-0.03386942216660827,0.0,-0.033804748877882956,0.02583976521156728,-0.056757421845104544,-0.009434613063931466,0.0341598151018843,-0.019073080218986432,0.04007389474194497,-0.03264174127019942,-0.03278427698183805,0.004756399269754183,-0.001542310614604503,-0.05641942081041634,-0.008341639321297407,-0.05542426909785718,-0.018366084112785758,-0.0007664882577955723,-0.11944978706538677,-0.0009313605353236199,-0.016052888832891767,0.00517929142806679,0.0,0.0,0.0
Lrrc45,0.30542416118085386,0.02631341860629618,-0.05210772518534213,0.0,0.008594932062551379,-0.13553469220642,0.00184544867137447,0.0,0.00664501316845417,0.006389732686802745,-0.021472877575142775,-0.022403087709099056,0.01257887915970059,0.051210272638127205,-0.0009136593621224165,0.02118720818310976,0.0073967205235385336,-0.14044129530433566,-0.08694881263654679,0.030578623628243803,0.01784168282523751,0.010132664130069316,-0.007709702306019608,0.008524617897346615,-0.08885278763249517,-0.00046568028628826144,0.031076634749770165,0.06831981500610709,0.0,2.0,1.0
Nckipsd,0.16506470069289209,-0.06991440807934851,-0.04980530563741922,0.0,-0.0064659687131643296,-0.134615458259359,0.0231116140820086,0.0,0.028500826209783555,-0.008866919931024312,-0.06771014165482483,0.08995209981687367,0.061335622896440324,-0.034580060709267856,-0.00592222013277933,-0.011965692206285895,0.03480867883539759,-0.05358555477112532,-0.05693209456279874,-0.010812372444197535,-0.04626653568353504,0.0027228116896003485,0.03372872302075848,0.017221002466976644,0.023679832108318807,-0.0005821003578603268,-0.02491930781165138,-0.03492608586442657,0.0,2.0,2.0
Tti1,0.09909726645564661,0.019734776800032706,-0.04036135347094387,0.0,0.022215269785374404,0.028385723438696005,0.06085238751606084,0.0,0.0178992969263345,-0.005814256630837917,0.2536126961698756,-0.013261710163205861,0.028302055749227294,0.03451614424586296,0.020481019327417017,-0.012948622861877084,0.012117100806208328,0.06525068681927224,-0.027838041288778186,0.025879630409181117,-0.0033333146944642066,-0.11753881675191223,-0.0032570687006227674,0.010415410920977593,-0.09820189945399761,-0.0013388307858258487,0.07002868773881346,0.00975172952748835,0.0,2.0,1.0
Dffb,0.18710034968331457,0.030768155879341067,-0.06368530162842945,0.0,0.004018878422211856,-0.018133753351867198,0.01846024621045217,0.0,0.012188784992322326,-0.0022857043147087096,0.09162016990128904,-0.03063810320571065,-0.1812028308128356,0.04163952933624387,-0.023903332771733402,0.1652996313525364,0.042161359903402626,0.0115066852705786,0.029253362445160747,-0.06543205888010561,0.013298057606443764,0.03580252913205186,-0.010563569991209078,0.0028394162468612194,0.051859316709451375,-0.0003492601960897446,-0.009165597343817354,0.017368952934630214,0.0,2.0,2.0
Luc7l3,0.02654375453479588,0.0031282507488504053,-0.060417030053213236,0.0,0.006606316100805998,-0.13584366280119867,-0.025784785968717187,0.0,0.01892915664007887,-0.00442989535164088,-0.0440475170314312,0.03679460385814309,-0.011133646088128444,0.02124436954036355,-0.07196833619847894,-0.0022578748082742097,0.1637812405708246,-0.03926366056075494,-0.0581125992257148,0.19063810992985963,-0.047244895901530984,0.006658379128202796,-0.014656854880740866,0.003041548151522875,0.060743304938077926,-0.00046568028628826144,-0.05513636015821248,-0.02888876333832741,0.0,2.0,2.0
Eml2,0.028592276875860988,-0.08558589062304237,-0.04560132971964777,0.0,0.0053031999990344044,0.034486164832487703,-0.02395039113704115,0.0,0.025052215550094844,-0.004644175809808075,-0.02637567589059472,0.052091210503131154,-0.03205329639313277,-0.07809387858957052,-0.0175723121361807,-0.015107812201604247,0.025617643683217464,0.016036099556440604,-0.030263487328775228,0.16156038760207594,0.08428862068802118,-0.041602715118788186,-0.02184178702533245,-0.0007527516596019268,-0.06971306147519499,-0.00046568028628826144,0.012688895831815898,-0.056697035846300425,0.0,2.0,2.0
Dennd5b,0.01507001712685451,0.011267602511215955,0.213340124390088,0.0,0.013290230929851533,0.0005996811902150512,-0.053356347766239196,0.0,0.03582123546861112,-0.0034237234527245163,0.023081518774852157,0.036378723066300155,-0.05233792271115817,-0.0770201125118183,-0.004325111664365977,-0.0003830391447991133,0.10335971732391044,0.07452353040680464,0.0798860215768218,0.11512721605133265,0.11077232341747731,0.06642645883213845,0.030014152897056192,0.003041548151522875,0.13585327547974885,-0.0008731504995375871,0.04563200038159266,-0.009189935078611598,0.0,2.0,1.0
Robo1,-0.3849526566840723,-0.03895429140655324,-0.03206763484282419,0.0,0.006095601501874626,0.008428711774758995,-0.014570609783695544,0.0,-0.09649871613830328,0.1117032523767557,0.06380380401853472,-0.01763338644988835,0.014606783196795732,-0.006417616887774784,-0.000851663954090327,0.14835442296694965,0.05619538222730625,0.011813085994290304,-0.02843118486693129,-0.24937272065319122,0.0033635382633656263,-0.07471191338729113,-0.045174912363290784,0.004427173468284309,0.01639919900451787,-0.0005821003578603268,-0.02913737063310691,-0.07389122621912975,0.0,0.0,0.0
Osbpl9,-0.011260877393651754,0.013852735206019134,-0.03380123592214659,0.0,0.0015828187204897403,0.01263268961571157,-0.0020368140120990575,0.0,0.009782767775468527,-0.00446341915987432,-0.07606891856528819,-0.1131684192083776,-0.08699252565857023,-0.0037527647911338134,-0.04491198829142377,-0.03300415642559528,0.0416627010749653,-0.0016350706930097659,-0.004527206309139728,0.022720393938943744,-0.03786970009095967,0.05883431024616584,-0.002902290638303384,-0.0009893502946943045,-0.14675091832876205,-0.0008731504995375871,-0.046495925392955544,-0.01418068787548691,0.0,2.0,2.0
Celsr3,0.0056079137069173154,-0.002603535526432097,-0.053695792737416925,0.0,-0.004352115597575903,-0.04609986058436334,-0.05026739368564449,0.0,0.007288191569969058,-0.006480487403459847,0.07116379022132606,0.06622479609213769,0.029222193316090852,0.00227816762868315,0.01656689601484686,-0.043379836692474784,-0.049589915834367275,-0.02284001934567641,-0.028871088386513293,0.021145216124132275,0.02437403534539044,-0.008054299099603668,0.02471844261744991,0.0018661791924387216,-0.14472172871232034,-0.0005821003578603268,0.06677240980323404,-0.08481295422883704,0.0,2.0,2.0
Prepl,0.04898123711638618,0.007921141511760653,0.26561038330197334,0.0,0.012343208882957696,-0.02188670326024294,-0.004774762678425759,0.0,0.021184850321151315,-0.006677508493885398,0.021490465805400163,-0.0028270579315721987,-0.06918155051476788,-0.06493986399378628,-0.00988900003489107,0.08403519611805678,0.09096653089276514,0.06109955549291044,0.11359294057125226,-0.0763505729008466,-0.06069659914821386,0.01569472759612836,0.003906630684505217,-0.0013189657963812351,-0.0940169820538722,-0.00046568028628826144,0.026409880048595367,-0.018786419914104045,0.0,0.0,2.0
Kndc1,0.04747957574436441,-0.1330341163603589,-0.041680818307213485,0.0,-0.0073260067217051986,0.01290705418214202,-0.03507362149073742,0.0,0.019443447641097008,-0.0004563692957162857,0.08068100650794804,0.03779416397213936,0.0072625918575795366,0.017539970027282834,0.02935659032780677,-0.015441942205652594,-0.08561629878415261,0.04448736564547289,-0.0009085119445808231,0.04569529102183879,0.003267679922282696,0.02163340794853866,-0.044900203372817485,0.0033096860162913798,0.08205510964617133,-0.000523890322074294,0.028644213580992072,0.023663972611539064,0.0,2.0,2.0
Cbx7,0.06903580170532223,0.02626209216658026,-0.03256260716356337,0.0,0.007637903559952974,0.05870623585768044,0.002222938153427094,0.0,0.025101262307725847,0.013231202363967895,0.05604809096083045,0.03630564290098846,0.05700657216657419,-0.02970086877787253,0.034333329792134465,-0.03029854115564376,0.04284030464245006,0.0988716984121129,-0.002660638999659568,0.14728687990922482,0.03763627242296934,0.05328362200874835,-0.021411507555749266,0.0003253200463950634,-0.19282128831371664,-0.000523890322074294,-0.09508438056334853,0.07430725404061377,0.0,2.0,1.0
Fbrs,0.21826469343388452,-0.016287611088482663,-0.051864932267926635,0.0,0.0026525005605071783,-0.036209766338579356,-0.052896991224261,0.0,0.011251650350168348,0.0026052941288799048,0.033735655298805796,-0.0010139106586575508,0.006777575514279306,-0.035759671935811636,-0.05426534959115088,0.02007957658264786,-0.05390551905758912,-0.10648450938489987,-0.05864963490050286,0.07524193234741688,-0.0397654621116817,-0.0031251366902142765,-0.021627765893936158,0.0068168459553271535,-0.08302649975754321,-0.00046568028628826144,0.026128577414201572,0.057800849312916396,0.0,2.0,2.0
Rfwd3,0.05714160840027034,0.02625001889653504,-0.055882865702733396,0.0,0.004335893131792545,0.05152656747493893,0.007944331381004303,0.0,0.00992590244859457,-0.001965103065595031,0.03193130161147564,-0.011445277947932481,-0.10911961527541279,-0.021130853053182363,-0.032890110155567524,0.010914333965629339,0.19412001214455812,0.0268302332283929,-0.026171775781549514,0.10261719088070094,-0.007302329456433654,0.07596508173272014,-0.03291697081876919,-0.018263678438961505,0.04521311599761248,-0.00046568028628826144,-0.04104766460135579,0.03288741328753531,0.0,2.0,2.0
Galnt11,-0.012707272363768425,-0.037316685784608124,-0.05042124111205339,0.0,0.007125481870025397,0.019180977526120843,-0.006284135086461902,0.0,-0.008210824574343861,-0.0040664544142782685,-0.10133528356440365,-0.009213378094136715,-0.17259161445952487,-0.08780400378629566,-0.03000052788760513,-0.020679252808913588,-0.015687404132913797,0.0853552780883183,-0.03398283138871193,-0.2370106551516801,0.01126650582998991,-0.07954368805047124,-0.026746055202092976,0.00971887206658721,0.009919594265520573,0.02421537410467863,-0.03278536792844534,-0.024308446133509277,0.0,0.0,0.0
Vps11,0.0932329233083874,0.023421610654331744,-0.050279493629932406,0.0,0.005202704053372145,0.057917296206578615,0.0014600857230834662,0.0,0.022670090068131685,0.009081436470150948,0.04621913174400106,0.08947670050896704,0.06717948591627647,-0.032379213557578626,0.03377082268707454,-0.00859171346295625,0.06806470818351955,0.06644474589789752,0.07406824575504288,0.0654086832376197,0.02389472828246653,0.050918344183592125,-0.01760677275073249,0.0037633605860173704,0.034423426361754536,-0.0003492601960897446,-0.021469611474312842,0.007662493657553568,0.0,2.0,1.0
Safb,-0.0535345926345326,0.005999828088097275,-0.03509722894988954,0.0,0.007062917407602072,-0.012232178123667836,0.0004353353951591998,0.0,0.018844072902575136,0.0032260014628991483,0.03897025867598131,0.006848650947213173,0.009708410609164275,0.02355759248137474,0.024616955178789795,0.008281214400194586,-0.07525976146571338,-0.08537030627019704,-0.051826796759851274,0.1250811695214361,0.015699360996950417,-0.03039040155650582,0.0035235912166535852,0.003353728987276554,-0.12835409423336386,-0.0003492601960897446,0.02640401394572109,0.06956029473803937,0.0,2.0,2.0
Clk3,0.15144081841746812,0.013854640959762037,0.1137552079744637,0.0,0.004005366461351514,0.12563818865455686,0.026979683109093457,0.0,0.009203158253803849,-0.013208647510036826,0.00860441004158929,0.021019997764378785,-0.005696766592300264,0.011581030348315835,-0.015972524797543883,-0.00842301250435412,-0.13304012274486013,-0.1511594360484014,-0.07243693934753537,0.013136140611022711,-0.009287767028436065,-0.008195033580996096,-0.027398393553012282,0.0057732332218438384,0.014305818499997259,-0.00046568028628826144,0.022401081121060998,-0.00224273765925318,0.0,2.0,1.0
Dhx30,0.040431772293522954,0.0378179678414017,0.10624456698773428,0.0,0.012545235846191645,0.08650185638107359,0.05211480848491192,0.0,0.030253247302025558,0.02565858480986208,-0.03210306977853179,-0.054288481753319504,0.0824411675875308,0.08524141275323928,0.004634866286069155,-0.0035766891203820707,-0.0700824561715126,-0.020270263941492884,-0.0006069457810372114,-0.015262426557019353,-0.049302150066941976,0.04048800107091665,-0.02668016433948651,0.010747973024845123,0.039406847315840425,-0.00046568028628826144,-0.013805083897896111,0.05897279392229393,0.0,2.0,1.0
Brd3,0.07986396975815296,0.033026308636181056,-0.03930139939300716,0.0,0.008145228307694197,0.010224052062258125,0.06971337060211226,0.0,-0.029115821057930587,0.007530940193682909,0.11251267400570214,0.03779416397213936,0.03806528670713306,0.006994377113878727,0.05336786530446261,0.010927740233018995,0.017247982751578093,-0.03311197070870549,-0.010680923436302692,0.08516472872346639,0.03204774794634432,0.04815428838133812,0.0005601847684010863,0.0003253200463950634,-0.08462815191596747,-0.000523890322074294,0.014725357238203287,0.016343086794950067,0.0,2.0,2.0
Lrp1,-0.05579872455215082,0.01985280610853806,-0.026233430325519294,0.0,0.006419341582804918,-0.02965250991983339,0.03655699387774803,0.0,0.025308926759753377,-0.004692429439164698,0.05454678773880005,0.022081676628440617,0.03157635782670695,-0.009662546201434452,0.02760466258507222,-0.04334785087965429,0.03255978315137327,0.06574597601778805,-0.0007474589766934514,0.15960348022170365,0.0787305387854576,-0.033764426342677324,-0.0388290403294377,0.0003253200463950634,-0.18174106810241938,-0.0008731504995375871,0.05090847820159979,0.10310213920660317,0.0,2.0,2.0
Bcr,-0.0017263939883559942,0.02209983123699203,0.10504987535066902,0.0,-0.044262226652354,0.0760502457804978,0.002214232353726402,0.0,0.009186354782432318,0.008506306884810329,-0.2214480537106283,-0.10156395722180606,0.10888289762166097,-0.03303992112807464,-0.012539919724222272,-0.0020761142997071146,-0.022753517385572197,0.018469959979338455,-0.017189429849386217,0.06325932081788778,-0.05219530249480158,0.0665783032309264,-0.01179466438741656,0.002910224627703428,0.09200480439700186,0.0034926020354032515,-0.006597931273281574,-0.10076767131220549,0.0,2.0,2.0
Zdhhc8,0.024949189033359288,0.008439538445090876,0.16183417284395546,0.0,0.014338711109012366,0.03677185501437634,0.04628409575554542,0.0,0.01296622958034277,6.0463524423539635e-05,-0.08934453330701217,0.06105687350966036,-0.2137786037614569,0.05637226204620674,-0.02225628526881337,0.0012250786460936069,-0.029365460565313698,-0.07441410101455403,-0.01995325519470498,0.031126360408961773,0.01599175764247775,0.008350675669498741,-0.053886058087227864,0.006389705920591951,0.1417750923894346,-0.0003492601960897446,-0.0296689254429657,-0.005874801785685122,0.0,2.0,2.0
Celf3,0.1880233993101865,0.031398443523794416,-0.022297700704075395,0.0,0.004764682743698358,0.08656008954625577,0.056205102899111806,0.0,0.041884057563729586,0.008640881124883891,0.06921002048067748,0.13283980295062064,0.07801996555004735,0.013918565902858972,-0.01028703235089779,-0.01694791469257325,-0.05179816757328808,0.037615057539733245,-0.020500758879352363,0.15877052755095064,-0.011088411076925694,0.06408503821119665,-0.022435828873421996,0.011814788691699505,0.06550138659775256,-0.0003492601960897446,0.07582025562878698,0.05231740160379559,0.0,2.0,1.0
Psmc3,0.17060103280935437,0.009647530210204423,-0.08693183625116944,0.0,0.0011930568027310074,-0.13475163135677576,0.0255238701403141,0.0,0.012851191814988852,-0.0023940875474363567,0.01810652249158011,-0.0602966895326972,-0.01292816893197596,-0.18999775422737003,0.054017506237141785,-0.014319995557889343,-0.04610004471905995,-0.028711748018322394,-0.013956614744383842,-0.14780715823173524,-0.026146369250491262,0.0232878325227648,0.07120482299476862,-0.14497168108820915,0.018431485556066038,-0.00046568028628826144,-0.003110223209951073,-0.011946381647139787,0.0,2.0,2.0
Gclc,0.047768673901446165,-0.034065075716935095,0.09170018907403574,0.0,-0.04537920167669654,0.02756501756608486,-0.0558244101004675,0.0,0.011524896365590393,-0.002127773854881525,-0.04680671679321677,-0.02542832089588046,0.034852606331696734,0.009334466588916257,0.009352367320097983,0.10914152885787189,-0.055561501393676736,0.029201890058393475,0.05889078427571803,-0.23945757790468633,0.025976221561431884,-0.20422138060443104,0.03348343283636496,0.010372762903571128,0.08005658820853569,-0.0009313605353236199,-0.034775362953078,-0.049852504561422394,0.0,2.0,1.0
Pip5k1a,0.027087043717037886,-0.005703659991268068,-0.019933726387098432,0.0,0.022215269785374404,-0.030683876597322524,-0.0690387936285697,0.0,0.013335683587938548,-0.004734624051488936,0.03949477608315646,0.11744162746705115,0.05831899900222197,-0.048305433355271814,0.10218898399733006,-0.020324072642251848,0.048663606068585066,0.06125333906391461,-0.013176118195988238,-0.010072316052392125,-0.0131764458399266,0.010068532987497747,-0.06920116999186575,0.018657068498432638,0.022340959385037423,-0.004365752525627613,-0.011627846253104509,0.021329771522432567,0.0,2.0,1.0
Extl3,0.024572699121199547,0.01908624083735049,-0.04915278532775119,0.0,0.008145228307694197,-0.13055785435717554,0.006866926877992227,0.0,-0.061953438958153126,-0.0007018995378166437,0.1438287112582475,0.08947670050896704,0.07732539390504826,0.022498462572693823,0.0184072711202316,-0.008283058307133615,0.021100175129249693,0.001465201757455361,-0.029870715732686223,0.1172151436842978,0.005898744249716401,0.013925495818257331,-0.022672667016740887,0.003823871575295925,0.11413015522062779,-0.000523890322074294,0.031753850902896376,0.034415185709949586,0.0,2.0,2.0
Cpox,0.07010145217413083,0.02928793031722307,-0.03607719589257613,0.0,0.0057928781025111675,0.08380573250353336,0.05270820316392928,0.0,0.02457486781757325,0.008882534559816121,0.08114360466599464,0.12590588003396988,0.06352159744128585,0.039574811980128285,0.003963665999472141,-0.018470702129416167,-0.1401640994986519,-0.015998133381290244,-0.026082867523655295,0.0829201996140182,-0.022097175694070756,0.06936294938437641,0.035026995555963364,-0.02610774985514581,0.029229480577632784,-0.000523890322074294,0.06403368232538924,0.04991445756517351,0.0,2.0,1.0
Cd109,0.018745395434089006,0.011459001922048628,-0.04087498502107337,0.0,0.009120984124019743,0.05535434759221971,-0.0958813433488831,0.0,0.02102699298877269,-0.0029652047157287596,0.12920225195819512,0.1461393019556999,0.048814828327158465,0.016847887232434005,-0.018465019608847798,-0.01893847483675927,-0.041908811188768595,0.04439791258664627,-0.039007887118496,-0.023283048439770936,0.006639782292768359,-0.0776953269308433,-0.03177816670853645,-0.15759947899729013,0.03664917164482176,0.0060538436099886895,0.010601948958355933,-0.03273495086468756,0.0,0.0,0.0
Myo9b,-0.0318205789104104,0.010087753473781049,0.03066838089376688,0.0,-0.00434868955053389,-0.046205713720992206,-0.03777716856449843,0.0,-0.12393145848996938,-0.0374274851102382,-0.0003477795608341694,0.019600971061736347,0.03982783253130037,-0.049093407923355696,0.03381479695905,-0.06468617395497858,-0.07361980848945678,0.07788522833492607,0.0801698733237572,0.12941780014894902,-0.01586062300018966,0.04211024597403593,-0.004740152729791589,0.0056621871329843995,-0.005585044994950295,-0.0008731504995375871,0.03324295902391896,0.04293772431090474,0.0,2.0,2.0
Kif5a,0.052277650679461656,0.01236255889525637,-0.011805021557956935,0.0,0.001461958517320454,0.06550240797922015,-0.092854888899019,0.0,0.03642882820218801,0.003273988030850887,-0.023850182398455218,0.036378723066300155,0.07350576671771705,0.15984591357875616,0.09160127421841026,-0.011432761987671257,0.04302845882484689,0.002124641322880052,0.036612249668687584,0.1761151754297316,0.08608719065785408,-0.03770985964685678,0.09522551083937288,0.0034436401538550853,0.014487894107587636,-0.00046568028628826144,0.03401532578252955,-0.028074632412754,0.0,2.0,1.0
Cadps2,-0.4555431611044332,0.022993678082711994,-0.04826929798349738,0.0,0.005507098902016878,0.032642541397362945,-0.03232260405318812,0.0,-0.027197233894839884,-0.01624444082379341,0.024010953139513732,-0.021614062041044234,0.017056365669413934,-0.0024063700978513227,0.044436688562855126,0.017124174227938056,0.084466749120038,0.022128780904895392,-0.02994553483789787,0.09507975239306689,-0.005828459206968546,0.0705306092929095,-0.0594560176532832,0.002771858097985387,0.04359487238689326,0.0010477805882692338,-0.022275218701033737,-0.10174178631044924,0.0,2.0,0.0
Ipo9,0.07705758988682647,0.03421433319803327,-0.04167327961884439,0.0,0.0038505294919013978,0.04679402387700975,0.056967955329455436,0.0,0.04456864695064724,0.003185814367607236,0.025595579082146287,-0.04645977033302188,-0.10786118793475907,0.03141199480742216,-0.03535995554178953,0.00871318488381803,0.1699293979955837,0.09269712849520147,-0.0191186510422267,0.19247592631261795,0.03770057580433786,0.060137189272791144,-0.027004438953008504,0.0028539430908858777,0.0637559724599123,-0.0008731504995375871,0.056107831224799155,0.07249216978438199,0.0,2.0,1.0
Trhde,-0.386991398025275,-0.03919248301535845,-0.030995900528505444,0.0,0.0056592940539121625,0.015635968096612485,-0.021517818324209657,0.0,-0.04437628120649606,-0.020125486188335345,0.013173007098957896,-0.011987715484574437,-0.0012440029968274757,-0.0038505860583973118,-0.02308829061454162,0.14936047099530697,-0.04191850723640528,-0.023348089198043452,-0.045038014566525814,-0.23288201804272832,-0.02672979234950617,-0.10708254111057613,-0.014936820284929127,0.0020185129716992377,0.01668503713910468,0.004016492357477546,-0.04024893260808313,-0.05885945646208711,0.0,0.0,0.0
Tcf12,-0.32912721832981334,0.00999384582741186,0.03408334407955408,0.0,0.005371810030192136,-0.009357714345678687,0.004402263934025541,0.0,0.029450207995250822,-0.02127291417680681,0.008228460163809358,0.019600971061736347,0.005124954167986289,-0.02919040305772796,-0.012892300968524069,-0.03223192774690688,0.06094848253298551,0.03193144010307151,0.09797269884729758,0.13882690333761274,0.104842498076614,0.06220882636152965,0.030014152897056192,-0.0013404347561299802,-0.11767708072438836,-0.00046568028628826144,0.03360486264340579,-0.00820833232603036,0.0,2.0,2.0
Ugdh,-0.02097877179272473,-0.04560481267981231,-0.010796154013369232,0.0,0.006117571350187063,0.08700048370286823,0.01779634428676218,0.0,0.011807204983197152,0.009592783134430648,0.10967079866677523,-0.051145167034119365,0.04009124870004598,-0.011139044789015316,0.014917151415720581,-0.05759030930697918,-0.04431006114929915,-0.058591265396607924,-0.10778990963008254,0.0933809466380626,-0.03857676236890256,0.04894593528471887,-0.013623228459618986,0.01563599668443203,0.0035435170074924827,-0.0003492601960897446,-0.010161815895116888,0.03327500241808593,0.0,2.0,2.0
Hsp90ab1,0.30637807903200154,0.007110729906708002,-0.1027757710032165,0.0,0.0038210076186805963,-0.13516783828381448,-0.047744757124455646,0.0,0.007161117037758231,-0.004102541920728981,0.009734298544353806,0.03948170511052013,0.004763844424305716,-0.04691555044613779,-0.01773099774029106,-0.055328596741892395,-0.10261412982974434,-0.1660308680054004,-0.08767215892672539,0.08214542917907237,-0.05017290337011218,0.016853190483525394,-0.006368018672364997,0.007234253818169236,0.01960611100308597,-0.00046568028628826144,-0.009382283648010343,-0.04214875418227166,0.0,0.0,2.0
Gm9968,0.06491661750391359,-0.00016507445368915796,0.10201986010419205,0.0,-0.07331432100385428,-0.06212007774971426,0.004562542233616114,0.0,0.022276151943951845,-0.004383873767219484,-0.06597567597869784,-0.020628163823857903,0.03640157102898229,-0.002813541357172653,-0.005482100127264858,-0.0047425053920596835,0.09266878230031579,0.0015109304351790343,0.10196033342275769,-0.20539407915901392,0.04461054125335068,0.004895770275761606,-0.01218979227647651,0.011913973875343799,0.03635069375508465,-0.0009313605353236199,0.005234588792081923,-0.01492506796726957,0.0,0.0,1.0
Nop56,0.22483802043134346,-0.11576930825831369,0.02803428251761943,0.0,0.0007313986588269472,-0.018441107079852373,-0.0028200195962563156,0.0,0.007579223527573049,0.004893767160829157,-0.015155768655240535,-0.046441177036613226,0.024849706715904175,-0.0028651892207562923,-0.012085893363691867,-0.051594826728105544,-0.017962025036104022,-0.0423332106997259,-0.07919120431877673,-0.14217788585461677,0.009260554001666605,-0.10995632238686084,0.029207376188132912,0.02143823083490133,0.02464757870417088,-0.00046568028628826144,-0.03668227350106463,0.052745143175125124,0.0,2.0,2.0
Wipf2,0.07327094834297895,0.018023390790913255,-0.04224980572005734,0.0,0.006014437228441238,0.03436343844980001,0.06085238751606084,0.0,0.008348967656493187,-0.0036737812776118516,0.01034293754491955,-0.04256066139787436,-0.17987050236202776,0.05757314834743738,-0.05337799521163106,0.010293231522664427,0.041886364871170374,0.013441295382217505,-0.011483543878421187,-0.13444744534790515,0.008518138779327273,0.028574068509042264,-0.012965173766715452,-0.0009893502946943045,-0.05413206705823541,-0.0008731504995375871,-0.007965417560189963,0.03082258813083172,0.0,2.0,2.0
Dock10,-0.5228499626598204,0.011828246794175356,-0.03761517471633852,0.0,0.005507098902016878,0.03210628278553486,-0.006260206615552306,0.0,0.00707710234913975,0.0402196559170261,0.013293675375171005,-0.04975431188941002,0.0763669917837251,-0.0040390943202510245,0.01968855916755274,-0.024835033109411597,-0.06538406102336011,0.01611811728143948,-0.012017166612204165,-0.11940667428076267,-0.024657912347465755,-0.03746025032363832,-0.0010732358321547508,0.002643402609974146,0.1670783255342394,0.0015716709662228824,-0.01823658959940076,-0.10881063892040402,0.0,2.0,2.0
Ltbp4,0.013061231710016727,0.011414815755560994,-0.03134141573682427,0.0,0.0009546337695792317,-0.09762982687912881,-0.006973936998983845,0.0,0.014864541878923774,0.008286882592365145,-0.031847873913357035,-0.02041706405580044,-0.006135791979613714,0.026331403129734098,0.01485200811177492,-0.010703987246379255,-0.10882480191532523,0.0003801839196239598,-0.014169184574857354,0.06004110533744097,0.07406056988053024,0.022322537754662336,-0.07284881214378401,0.0025640560034662484,0.1584675519168377,-0.00046568028628826144,0.06824655617121607,0.06113651564344764,0.0,2.0,2.0
Gria4,-0.6305838138191029,0.018268468105234206,0.1274575327942148,0.0,-0.04169179731979966,0.008418997791595757,-0.008310312863904983,0.0,0.017140382162760943,-0.028981228941120207,0.000544109339825809,0.11022918713279069,-0.027031808742322028,0.015047929571010173,-0.017774730804376304,0.03972340727224946,-0.01873273461125791,0.004494303141182172,-0.0069320708839222785,0.07254058502614498,-0.01138774653431028,0.022409370178793325,0.02528224546695128,-0.001635031783953309,-0.06513502268120647,0.0010477805882692338,0.016236764015629887,0.0027690050844103096,0.0,2.0,2.0
Numb,-0.043610002868808805,0.021950892566237598,-0.022377014625817537,0.0,0.0053031999990344044,0.07649358709342778,0.03007274821982719,0.0,0.019665580680593847,0.00747453348711133,-0.037282179575413465,-0.011445277947932481,0.0684399733506143,-0.0194476843092707,0.04654155344236642,-0.035580307776108384,0.01626571603352204,-0.045811299162378416,-0.019579261778853833,0.18080809213686735,-0.0004860768932849169,0.05287814781069756,-0.008552075321786106,-0.0007527516596019268,-0.18174106810241938,-0.0008731504995375871,-0.000141393318772316,-0.02904784291051328,0.0,2.0,2.0
Rab31,0.01002715465379879,0.01428566601825878,-0.0001753263082355261,0.0,0.0065217619761824604,0.08029635007493198,-0.06609585840022192,0.0,0.008885650658048689,0.006065795719623565,-0.04642307055648416,-0.04043446131050587,0.047383809806779024,-0.045690404102206233,-0.006230148691684007,-0.04580778175033629,0.029822193220898043,-0.04992257078403781,-0.004517285926267505,-0.10598289390094578,-0.013052225345745683,0.05871171506121755,-0.0872442150535062,-0.0007527516596019268,-0.1182727139443159,-0.0008731504995375871,-0.050969335651025176,-0.024778520250692965,0.0,2.0,2.0
Rasgef1b,-0.41877118177246303,0.006907686393242329,0.14555330564733596,0.0,0.01264760373160243,-0.012312895101495087,-0.002437968943268061,0.0,0.009835261004045606,-0.022042041681706905,0.0054866744158789515,-0.027759928731247784,-0.04647569346328964,0.005725072077475488,-0.01202171559096314,0.04389374374412,-0.041897695993538944,0.0006922941607626854,0.041322867230046544,-0.004664017045870423,0.008508838473353535,0.0025491730788053247,-0.004067131816700566,-0.0017646385263651609,-0.08133234780165367,-0.00046568028628826144,-0.01925444830209017,-0.008057255106978118,0.0,2.0,2.0
Nsmf,0.2883066816115752,0.03829693367704749,-0.03776397487614304,0.0,0.0050674151815474034,0.08271725262515246,-0.03809863192378543,0.0,0.00838090581819415,0.018110949303954838,-0.04175382309127599,-0.03010665187612176,0.018153679473907686,0.04719158869236708,-0.005944940315093845,0.00411709844134748,0.02400342473294586,0.032111451388627754,-0.05559092544484884,-0.04508834023028612,-0.011248297239653766,0.04324292119592428,-0.00261907403357327,0.004715922567993402,0.018285304801538588,-0.0009313605353236199,0.045535379191860556,0.028612191574648022,0.0,2.0,2.0
Zfp169,0.037242900454439225,-0.008456979501061142,0.05764774801209569,0.0,0.00454483974725008,0.02310771310585551,0.020710600540041924,0.0,0.012218929175287486,-0.004480257541872561,-0.0014471471076831222,-0.05729239330627024,-0.06978489852132043,-0.17612758501898498,-0.024418588536791505,0.12167147532105446,0.08059691595844924,0.015817120630963473,0.1268852076213807,-0.09220474179834127,-0.007192168068140745,-0.14099718135548756,-0.00543823213345604,0.0022303248941898347,0.0671078303642571,-0.00046568028628826144,-0.035225826213136316,-0.07048508282168768,0.0,2.0,1.0
Dkk3,-0.051617210023105146,-0.018914540770929307,0.15862477148184553,0.0,0.013290230929851533,0.028997743105865083,-0.0025697478849906474,0.0,-0.004456157423555851,-0.0037494475999847055,-0.10056094333063811,-0.029094260036945343,0.016148611533571965,-0.025486917770467698,-0.021541341150877996,-0.019647704353556037,-0.11912090870784596,-0.021884396750101585,-0.023180585644440727,-0.3024724457040429,-0.0018229887960478663,-0.16480499389115721,-0.01900295164785348,-0.00046905933879315854,-0.05301035448908806,-0.004365752525627613,0.05174823668785393,-0.04582602937240154,0.0,0.0,0.0
Ccz1,0.05340631306928117,0.016858593025244773,-0.03939474689541385,0.0,0.002145175812765956,-0.017249429617077112,-0.08476820465177298,0.0,-0.00808512004557997,0.0014654626743867993,0.034116325213108215,-0.021614062041044234,0.02030146595381666,0.03481861380860209,0.027428686539642512,-0.08992779248394073,0.1500243892148137,0.04949938324803952,0.026364717879332603,0.16469715212471783,0.07593800175003708,-0.01272091663953688,-0.024250680402037688,0.002985657174140215,0.037074147425591945,0.0015716709662228824,-0.04196188862202689,0.07224905191920698,0.0,2.0,2.0
Agfg2,0.023306298481766134,0.00921582967042923,-0.05024057475849986,0.0,-0.007561746081337333,0.09757762617431581,-0.08589639065554365,0.0,-0.02065737790428102,-0.001041969177313149,-0.16735722137149422,-0.10499258393421769,0.012482570449938066,-0.0298728883266449,-0.006350490739569068,-0.04716630375944078,-0.04761805983260274,0.02603471469366923,0.05805058302707039,0.10316427174955606,-0.03812673619948328,0.001222514807304833,-0.029300898106885142,0.002060272619128227,-0.15092062279582025,-0.00046568028628826144,0.03335985427023843,0.08225739857647568,0.0,2.0,2.0
Rbm25,0.09304630548838759,0.028161872290074826,-0.026029891688376664,0.0,0.006956373620778322,0.057441266598179934,0.07178331028670072,0.0,0.023572634090669453,-0.002626611543819308,-0.09405534149147571,-0.01571514637209475,-0.012113851640606299,-0.009809642280451954,-0.001256434442475438,-0.01683330874890089,0.016255277474410832,0.032355667920055564,0.19379948038607836,0.04741202507168055,-0.023345803264528512,0.08134392491891049,-0.009271430698572659,0.018256046641618014,0.02738956645131111,-0.0008731504995375871,0.0128093387093395,-0.01848256486351602,0.0,2.0,1.0
Lats2,-0.022672980984207242,0.0169136772910133,0.008432953400770202,0.0,0.0065217619761824604,0.02482718357234262,-0.04302992946351878,0.0,-0.032403948348946866,-0.04163022096967325,-0.04121811763849109,0.004227227363735438,0.027060621820855887,-0.03045446669217199,-0.023752142013981938,-0.01220022577792406,-0.19353367149597034,-0.03548857579233299,-0.003926948566222563,-0.296358390590176,0.004456530758179724,-0.12724311602301897,0.05529706210247241,0.002995435041375458,0.005845210073748604,-0.004365752525627613,-0.011835773366656213,-0.020244575431570412,0.0,0.0,0.0
Kat7,0.07428209475008771,0.007127873674035072,-0.06525539664551616,0.0,-0.002488498901948333,-0.04797625937673729,-0.08001993180019781,0.0,0.02049468838609755,-0.005506708626635373,-0.028081556907709457,-0.013261710163205861,-0.057087327650224326,-0.04065321752801537,-0.020636000479571523,-0.0026567139849066734,0.049898883311543615,0.06942920213805337,-0.040830690199509266,0.06429899989627302,0.0058728196378797295,0.04095330564770847,-0.01275603094487451,0.008286619568243623,0.13727666081860662,-0.0009313605353236199,0.07534024069784209,-0.039881350118666885,0.0,2.0,2.0
Safb2,0.011972949877381324,0.02576519565889612,-0.03600793740712106,0.0,-0.0064659687131643296,-0.020722473796922714,-0.0012657123536337167,0.0,0.016461567035876215,-0.003169324053451419,0.11270598211325705,-0.03627461297437549,0.026600995208718815,0.0006942359870299697,0.007692625699564815,-0.01422754735685885,0.0072383567737415435,-0.011576785770885181,-0.037564865385647864,-0.07630184496752918,0.02602029085624963,0.0076202074065804485,-0.037425659375730905,0.010679021067917347,0.03350094519089907,-0.0003492601960897446,0.020495482054539025,0.009334776687901468,0.0,2.0,2.0
Jph4,0.1741509876633063,0.0244868027465418,0.11505932942964137,0.0,-0.0482473255507648,0.0721237581782043,-0.06654670274816453,0.0,0.010874221248086543,-0.0016432740166783333,0.10655959562864155,-0.0602966895326972,0.03756964589294512,-0.013409720016643405,0.008854547645896674,-0.05734335459768772,0.062829239401035,-0.06514466128894128,0.01085301064653322,-0.07767661313526332,-0.01653913825750351,-0.10331263793632388,-0.019065434681251645,0.004436447415500879,0.05751422483939678,-0.0003492601960897446,-0.004379036668688059,-0.01226282361196354,0.0,2.0,2.0
Zzef1,-0.06655467713950201,0.015270814448595047,0.053946394762024286,0.0,0.008578152675181628,0.04864407179411501,0.024013436405221,0.0,0.024885657411068678,-0.10234358431771398,-0.1155331370094791,-0.03063810320571065,-0.004385714337113314,-0.03044585607945919,-0.015939956190995874,-0.013504612240940333,-0.040285468539223074,-0.037044547132609296,-0.03118153181858361,-0.1030764148849994,0.04294196917675436,0.03319439139217138,-0.022046136769931765,0.007001828812062741,0.12203236209228635,-0.0008731504995375871,0.007490087142214179,-0.008852848187088966,0.0,2.0,2.0
Sfxn1,0.014835979407653212,0.01578059178311378,-0.04212001252919435,0.0,-0.003841364802792668,0.06510226395912469,0.026295005759457125,0.0,0.028264517774805428,0.0007411277666687965,-0.033166242502629756,0.022081676628440617,-0.011673425502958707,-0.15438748020678758,0.030079041281715034,0.13119516123086214,-0.08152105615008623,-0.009109896540103364,-0.020548725372646005,0.13598269497044385,-0.0114220055565238,-0.01395918075926602,-0.07229933929396794,0.0019664700701832773,-0.07394071150105447,-0.00046568028628826144,0.04865348506718874,-0.060276205763220785,0.0,2.0,2.0
Tnip2,0.08062725896714255,0.042569698898587374,0.07451118407770992,0.0,-0.00780934564769268,0.08367122866213322,0.04385386922047473,0.0,0.006473294594325125,0.008441144684329629,-0.12426073103444651,-0.02270864998921752,0.04300577030342538,0.034696636404842135,0.00464061813428998,0.0010201584314927458,0.11867623535450549,0.012056436673738062,-0.0010901449713855982,-0.06283271128311753,0.022800106834620238,0.05442364912945777,-0.03316722950199619,-0.0012626842595636844,-0.05271374248899519,-0.00046568028628826144,0.004846514062955975,0.08355234439717606,0.0,2.0,1.0
Man1b1,-0.025599507323931903,-0.03579745259368792,-0.04329809692222625,0.0,-0.005297461654990911,-0.08724724810570478,0.017373226435156538,0.0,0.018703029742464423,-0.00134269617497921,0.06068427736870945,-0.03777726555243135,0.03503962349437643,-0.022506214529275894,0.025166782257147132,-0.014768112879246474,-0.03318896402604878,-0.086936676306359,-0.04405689864885062,0.10502492644824088,-0.07700075988657773,-0.009379677511751651,-0.03578437370015308,0.006932876855134964,0.007862059487961233,-0.0003492601960897446,0.011013685760553926,-0.003325931211002171,0.0,2.0,2.0
Macrod2os1,0.0631879754574038,0.022832153802737593,-0.04558657457586378,0.0,0.0062308994121849535,0.030091183055192233,0.0014600857230834662,0.0,0.010722395032644272,0.007840888649225235,0.11221139916218817,0.07853770894929767,0.01229078340344131,-0.02290827039629221,-0.0339550446998328,0.0528333641635254,-0.015942346192896365,-0.016784374938142717,-0.02576223650481552,0.07399486771319061,0.04754710506647825,0.06236415143590421,-0.0392407940630801,0.002760377526283264,0.059451014371588826,-0.000523890322074294,-0.025862751603126524,-0.01892880382016301,0.0,0.0,1.0
Psmd13,-0.009991259216330945,0.008156633144244552,-0.030199325792491436,0.0,-0.0064659687131643296,-0.09764434072189034,-0.012620973472949118,0.0,0.023377465438097714,0.007147496221587062,0.028366247089579702,-0.02597535477951169,-0.0037962384801357983,-0.08580284565221519,0.07079696670174598,0.12292698062956334,-0.018103600679896772,-0.019991126833192537,-0.022351670376956463,-0.09283776904456317,-0.06344774648547173,0.05558526879176497,0.09522551083937288,0.010491882301867008,0.0521995501825586,-0.0003492601960897446,0.0748743593110703,0.07121412999927998,0.0,2.0,2.0
Evi5l,-0.005222192779183388,-0.04434495144640096,-0.04190206730738282,0.0,0.006014437228441238,-0.04987146867439151,-0.0680883001955226,0.0,0.02976869144011289,-0.0021570630371570585,-0.11749140711501241,-0.03807469626888633,0.02961859030474443,-0.03137735858093947,-0.00845850262325257,-0.02043492251075804,-0.05221543078776449,0.0004582779901829781,0.1726942201156635,0.056532764704898,0.05306766272056848,0.03298754329909571,-0.05835844008077402,0.008017778992652894,0.04342859892174602,-0.0008731504995375871,-0.004273071067873388,-0.02104763824143447,0.0,2.0,2.0
Arhgap33,0.06826719945995137,0.008746330416761339,-0.048066935776732864,0.0,0.04019354755990207,0.04825272759888321,0.011360240990761668,0.0,0.0112415979988873,-0.003749558774288744,-0.07097187432984356,0.02094933120533824,-0.013059755311696791,-0.0046634500217624004,-0.02217436435399577,0.0196752427238971,-0.0014080570451915264,-0.06888863913889509,0.05614613296580501,0.069937987588346,0.01658330308739096,0.015412769451795611,-0.020965799613040872,-0.00031386228278279304,-0.09508677390229422,-0.00046568028628826144,-0.07564662565244362,0.0010709614132065326,0.0,2.0,2.0
Etnk1,0.061843034194316714,0.022272053244523703,-0.03481377818854526,0.0,0.00013204815797507763,0.0015981232514604925,0.056205102899111806,0.0,0.027480660220608116,-0.003917106725275517,0.22108162394491956,0.11348532227799296,0.039493869180441836,-0.018833015095442534,0.03548453725874424,0.18814556972123683,0.023746361419907772,-0.013020818892327953,-0.053562264926731586,0.00045394172891974447,0.023497005999088286,-0.06487437995616346,-0.058684954643249514,0.006821071580052376,0.029656255837762727,-0.0013388307858258487,0.07390268292743712,0.010190562466159464,0.0,0.0,0.0
Gm17066,0.2061767925764434,0.036253764536231754,0.04711261131800711,0.0,-0.04804101709276438,0.027153981840237974,0.06673251413507388,0.0,0.03633420244324952,-0.0009679992310702801,0.06499568878440186,0.12423815790563822,0.020930542690330185,0.03106110935099423,-0.05911855542100966,0.13095996317919345,-0.008028577065560967,0.008479365581879393,0.08355861507588998,0.08462681574746966,-0.0022047348925843834,0.05412785279477248,0.021363705636467785,-0.017320686392486094,0.06903033144772053,-0.0003492601960897446,0.029924783278256654,0.03599390321993269,0.0,2.0,1.0
Ldb2,-0.47834823760262224,0.015236379355192184,0.09655290219467133,0.0,-0.04155650844797492,0.028393708425574003,-0.029148098041769117,0.0,0.009060985762625933,-0.019316747691482304,0.04647871793247759,0.10379922250285745,0.025050379604217597,0.005827305341372266,0.01322867478011176,0.028477020505815746,-0.05515414993511513,-0.005361843973005307,0.06137332994490862,0.08542065553367138,-0.021477971188724042,0.06738510713825235,-0.01093392495822627,-0.0009632920660078525,-0.1261861549410969,0.0010477805882692338,0.011368304878706112,-0.0005459520115982741,0.0,2.0,2.0
Clip3,0.05137887898366898,0.012578323353081941,-0.03718734497670084,0.0,0.002845251774415374,0.031003927653655408,-0.01910839640768245,0.0,0.035778708262369036,0.012226701695472002,0.02143863315694034,0.022081676628440617,0.13166989510704297,-0.003192186029627919,0.037047468805685636,-0.006807708367705345,-0.017098473071237096,-0.02630886266939342,-0.017207578273955734,0.1419504057429731,0.015546956192702055,-0.03892590422183275,-0.07229933929396794,0.012194048687815666,0.02490589308552444,-0.00046568028628826144,0.056540420546662064,0.08255485084839165,0.0,2.0,2.0
Ckap5,0.006152830247301609,-0.007079644734039903,0.032022450459189715,0.0,0.008070827927440405,-0.0321996696293354,0.01619230161071755,0.0,0.008630468943156302,-0.004345816443674266,-0.03903903465718031,-0.08789379181340337,0.03786495566833764,0.011430089073255658,0.018061575884930788,-0.021196149429306387,-0.054894351274706425,0.014888186149837565,0.0038355620368383824,-0.06720189006999135,0.008357124079484492,-0.16176755311898888,0.06761139378417283,0.019285147599875926,0.043878159467130896,-0.0008731504995375871,-0.03069145483430475,0.005968280313536525,0.0,2.0,2.0
St8sia6,-0.0070622780942358075,-0.038335950030013916,-0.016741992603056133,0.0,0.00040262588299810886,0.01783575692679733,-0.007559349272632972,0.0,-0.07201860349159687,0.02295115184271708,0.10385311907855793,0.025851089553907514,-0.11670419715053867,0.002279912440026237,0.0077174997935071585,0.13190549736609683,-0.05741440680867527,0.008965725714879226,-0.038831607690081,-0.29904797848314046,-0.011996492380276322,-0.08518854407593608,-0.016612712217029185,-0.1142731467122212,-0.0045238231110852215,0.001979141216725111,-0.023471627033541154,-0.16049201151356102,0.0,0.0,0.0
Epha3,-0.3507297431891493,-0.03915195724694058,0.12201097079087049,0.0,0.01337139520328492,0.015228692995442543,-0.02246594476600876,0.0,-0.08737889317329973,0.0831474225956481,0.014099739766679704,-0.015996547732502222,0.014153581177815795,0.004237223693344276,-0.016378315335605294,0.11272594146430492,0.024640575883095154,0.008185054095374653,-0.01163713980349712,-0.1982833886053413,-0.00924428010592237,-0.07452250140719116,-0.02589004280627705,0.00432177625130862,0.02421261576586403,0.004016492357477546,-0.0422401851999166,-0.09321521622012369,0.0,0.0,0.0
Spag6,0.044817837377195247,0.0221973135182634,0.20793885159539058,0.0,0.01007717439904809,0.08294445747043938,-0.02846676412736997,0.0,0.009868974925484508,0.011187452701851725,-0.11319785771425814,-0.10499258393421769,0.015996147401747294,-0.0185298690572381,0.0005214711185544729,-0.020715232864022257,0.044954655229812485,-0.012786736561756697,-0.009579417924396694,0.05894787106662989,-0.05791653457097709,0.05712886056862772,-0.028650519123766573,0.0028539430908858777,0.06655386626720429,-0.0008731504995375871,0.018441879358142614,0.025657565450528635,0.0,2.0,2.0
Ywhaq,0.015481443856842816,0.019222546773962675,-0.03568769498262554,0.0,0.00450087795034051,0.15717191790230572,0.06268934855703265,0.0,0.041884057563729586,-0.004601646871306002,0.014731225464493037,-0.05444372995756566,-0.002020920130307786,0.03185507526621222,-0.0075856609735637905,-0.020091748619452118,-0.07787573560606688,0.12024794023724099,-0.029238204210996627,0.15464862388558687,-0.02957479619886726,0.011706507168710231,-0.027860568144824356,0.008816940039396285,0.05462221762165427,-0.00046568028628826144,0.0769922568416223,-0.011715875361114741,0.0,2.0,1.0
Odf2,-0.0038680793158710003,-0.05660819522570819,-0.06582698464393616,0.0,0.008578152675181628,-0.01896370585542172,-0.04331364168203436,0.0,0.017065332923084497,-0.033337541271466764,-0.05582636583596468,0.00295250466093421,0.038816486746654846,-0.05215237149037421,-0.014945557955652475,-0.014210278261452913,-0.03356360608479008,-0.057714983634359666,-0.0439557321392931,0.05794026312418282,0.050888164713978765,-0.0006556235766038298,-0.02090882958844304,0.010853370241820813,0.02065793678164482,-0.0008731504995375871,-0.003715752299176529,0.027924505290575326,0.0,2.0,2.0
Nabp2,0.18610375130665488,-0.0005719301360659301,-0.04525191832333803,0.0,0.007062917407602072,-0.006925352946855128,-0.05814681488554925,0.0,0.016170238428749144,-0.004735645164037123,-0.16940559434704483,0.08306264352984727,-0.005260257879272103,0.056274550799280405,-0.003399399467743933,0.008122232193127275,0.04780347865074873,-0.03357718257408124,-0.010487348304595799,0.025449959766119717,0.04133605198003352,0.011367769393400522,0.02807907583890483,0.017762157805263995,0.05278575509786606,-0.0003492601960897446,0.007039284451166168,-0.05219315802678466,0.0,2.0,2.0
Tlk2,0.08274303755024448,0.02673711605835706,-0.04376496032113209,0.0,0.009795752456411719,0.035621434818021956,0.05270820316392928,0.0,0.03312224310357124,0.006540529355406761,0.2144766541523859,0.12291541559621692,0.06716316047881264,0.07028446791693568,0.009051054706797004,0.2296100837085396,0.029736983585171402,0.02924086896011431,-0.035513277524150906,-0.03691566121764481,0.013234916534274816,0.08797940017655492,-0.07229933929396794,0.010404214039444923,0.0521995501825586,-0.000523890322074294,0.08290029672905802,0.055902441879734394,0.0,2.0,1.0
Med24,0.047056925650686025,0.026299285315908492,-0.03884676527697593,0.0,-0.0016168168326839804,0.04975072637666017,0.00390789627796039,0.0,-0.03028078543022275,0.009717146828770638,0.03388027135981247,0.10218588371761143,0.06888268230308313,-0.03794424694497138,0.034639893542043866,-0.0004703229432925582,-0.07790048787603154,0.08173157233279199,-0.012409665049053728,0.06893580893520265,-0.0053009795863181355,0.05090027889702469,-0.021558153999503702,0.0024986399710178377,0.0647082351706922,-0.0003492601960897446,0.01886479563152534,0.07459102666005492,0.0,2.0,2.0
Klhdc1,-0.017979457005858422,0.0335654668789357,0.024783398227300496,-0.002261801287531853,0.004979200614616275,-0.11195645296946168,-0.010144509188830853,-0.0253033656347543,-0.004573827388230711,-0.0010515862167812884,-0.16552498605917207,-0.045759509541094305,-0.07725699264090508,0.1223877110518515,-0.04172909617540427,-0.005895200595259667,0.15843418994685635,0.023500301495660098,0.011250110589899123,0.10998333183117211,0.0010489697474986314,0.028524933164007962,0.0009487237222492695,0.02853888365905732,0.04592663469258696,0.005540847033262253,0.04362186291255057,0.034087397065013646,0.0055214622570201755,1.0,1.0
A930029G22Rik,0.11115230738651008,0.05651699762325734,0.07829581117723138,0.0021427591145038605,-0.013699402585625648,-0.04618730653077364,0.0010892466106452049,0.007734772218391299,0.005282462039031088,-0.0016595669463276863,0.3014804583322257,0.033596340548247096,-0.01618912149220705,0.13343041424639523,0.006038593319244683,0.08808477971702815,-0.06555994394468144,-0.21969045854639263,-0.03528155517764389,0.11506715224822983,-0.011758365957066417,0.04046136806719005,0.011362527813762426,-0.003434915808029473,0.05813502697274089,0.026181557774543764,0.11634365328587591,0.012814893778413534,0.002313797902315855,1.0,1.0
4430402I18Rik,0.05766900204587728,0.03008338176412508,-0.023219916913658382,-0.002261801287531853,-0.013725805347785353,0.08571430714800954,-0.002443008869886398,-0.006412075981497765,-0.01047344301827252,-0.01754817963577807,-0.043453455811832103,0.018031429648399353,-0.018881404087878764,-0.03275848949328065,-0.04924279543571174,-0.00734931169077754,-0.051105419860687104,-0.005996488654054701,-0.0741902596782893,-0.1295254663354717,-0.015264474302530289,0.02546732699032873,-0.010136286821216344,-0.00715704582631588,0.11046302020549774,0.005540847033262253,0.066635168986395,0.07030778659507632,0.00804030891507864,1.0,2.0
Zrsr2,0.2052016818895936,0.03663243533112109,0.052408674049656837,-0.002261801287531853,0.007364428888540715,0.059920644839294254,-0.002792333997786045,-0.0049467416480183605,0.01363007990643382,-0.002686205713544041,0.11358368780929595,0.01280497561674565,0.16580917079467328,0.03627866724506021,0.03182926021050662,-0.01326954733580351,0.0773468120303005,0.05778972298838198,0.03281860856339335,-0.1167856166092679,0.006053141970187426,0.11453002360649407,0.011917962580919267,0.019756943695247175,0.03002618578262627,-0.03643845800310373,0.05404012067243457,0.03017751270905137,0.00804030891507864,1.0,1.0
Junb,0.32294588053287954,0.017116207487415522,-0.004356106277555227,0.012975596860051154,-0.06485806039534509,-0.04142179090064019,0.001341547151096165,0.02947838818654418,0.005803934012074023,-0.0057936428766697644,-0.010136945802951231,-0.016757917930372058,-0.02591318380806115,-0.05082876288119223,-0.009520002184435725,-0.003875951115041971,-0.10241195167880505,-0.24964233432430774,0.08594136564992368,-0.06408804789185524,0.0016876879800111055,0.012552572074346244,0.013844233257696032,0.014898547725751997,-0.0236021958431229,-0.004063287824392319,0.009338244379032403,0.020722828274592757,-0.0009214753285050392,1.0,2.0
Ssh3,0.17765782496171595,-0.011950453124009074,-0.018370404853485525,0.0021427591145038605,-0.03784915674012154,-0.08632134827319532,-0.0014975752914324404,0.01163331356830895,0.006225689370185136,-7.220319239422678e-05,-0.07008881911169737,0.006989842629991472,0.05661678145093901,0.021357836818788202,0.006257806504145265,0.003239564229734242,-0.03951359516941011,0.01840183733496815,0.058260218063369396,-0.05791373993735761,-0.007255697292275726,-0.04350096927490085,0.009282443597912788,0.00859914583619684,-0.006033711894415319,-0.006534109888598323,-0.013484576717019081,0.015337153049185872,-0.047684470396488904,1.0,2.0
Uri1,-0.048720141528174284,-0.0057907996606081725,-0.006273835666943342,-0.0013094639033079147,-0.026086750570684672,0.012624566529411822,-0.000639953026548028,-0.0038623958081007003,-0.02593064974527806,-0.03773533379891887,-0.004633355089463293,0.005137948035262525,-0.15237477563787252,0.02313140492886305,-0.0850185223761946,0.011276074510533363,0.048077404061332346,0.016995509895496072,0.0066950376285240054,-0.1991340955067426,0.0016313674300909042,-0.03743495654314757,-0.04386846367269755,-0.034001498259603975,-0.0959493401646614,-0.0036614463198930023,-0.016796075829770416,0.025479646008461712,-0.0002492365054786205,1.0,2.0
Prkar2a,-0.009060972114093601,0.009365044017322362,-0.02093500736169517,-0.002261801287531853,-0.013608742551878095,-0.05238329509738833,-0.0030121665773913263,-0.004432820603251457,-0.018225098281400277,-0.02748999635805376,-0.023299332689493895,0.006729090550215915,-0.1141180591401644,-0.06881868094205856,0.008788447584956885,-0.00779512170702219,-0.05744430525694042,-0.11045908556086942,-0.07963282931596041,-0.10614351738826372,-0.011936018452979624,-0.03943552053999156,-0.010136286821216344,0.0019983249250799416,-0.10131412510294467,0.005540847033262253,-0.02176168152829632,-0.049565838230773804,0.00014121315442025662,1.0,2.0
Diras2,0.11777394300792367,0.030142518673092127,0.0029597636382095514,-0.002261801287531853,0.003476638402789831,0.11332587253302336,-0.0019333204813301564,-0.004700801596045494,0.018470401356462388,0.0100550374109298,0.012263356111943721,0.015569285294041037,-0.05511077130679041,-0.028435580395162106,0.025517712384462356,-0.000899322722107172,0.14491138942772522,0.05903466479852795,0.019905413035303354,-0.14263444224372507,0.0021385379880666734,0.10952228983398526,0.0013879391038790344,0.03329580284655094,0.05525847292970866,0.005540847033262253,0.058504309677518906,0.08654826888814568,0.0007449082005769014,1.0,1.0
Tasp1,-0.4909583892324008,0.02325286826584488,0.0038645228231325747,-0.000952337384223938,0.0005098957614973188,0.03690594539511949,-0.009881261447444558,-0.025213020002120175,-0.007309630708768964,0.0018851490574888885,-0.13114943002932705,-0.049229266718029976,-0.05977293289150112,-0.023101774123497308,-0.04740316256415099,-0.0046405330183915796,0.0858366225520149,0.10218499584356323,0.02604991674190387,0.06513701966032386,-0.00015258569037541748,0.025288394772214815,0.0009487237222492695,-0.014295657007023692,0.08303907472640276,0.003693898022174835,0.019392016739584506,-0.06085413875989616,0.00016482293023727834,1.0,2.0
3010001F23Rik,-0.007425189996138215,0.04817345387768,0.006055915842298418,0.003809349536895752,0.0033179833507165314,-0.07212053642841056,-0.0015791275491937994,0.010016086911782622,0.010189336691983044,0.001041941880248487,0.2353899631020613,0.002979923509992659,0.07337883060798049,0.10338037532754242,0.028063300081994383,-0.008274694080464542,0.12826765047386288,0.05799841319676489,0.0201027921307832,0.06707259554881602,-0.00028491616249084475,0.0385456409631297,0.011917962580919267,0.006008992791175842,0.07700254234019667,-0.03643845800310373,0.022679929132573308,0.05446356144733727,0.001015945067629218,1.0,1.0
Poldip3,0.09804730273317545,0.059017642922699454,-0.0093206261144951,0.003809349536895752,-0.013155442411080003,0.059920644839294254,-0.0010951305134221912,0.0079954872187227,0.002259328291984275,-0.015713482359424234,0.21431102248374373,0.0338570554391481,0.07391261380165816,0.08312738737091423,0.00322838515159674,-0.019295982904732226,-0.13848745984025299,-0.2372708520037122,-0.11347719840705395,0.10589252548990771,-0.012454114076681434,0.0765720309689641,0.011362527813762426,0.00613842542283237,-0.026251005344092845,-0.03643845800310373,0.05696311882231384,0.03000370105728507,0.002313797902315855,1.0,2.0
R3hcc1l,0.055840854425914584,0.041842993050813675,0.1777311462396756,-0.002261801287531853,0.0008538753166794777,0.03813035919796676,-0.0012373906746506692,-0.0038623958081007003,0.004356415061047301,0.01122715623001568,0.2999604665325023,0.006069590226979926,-0.1965571461757645,-0.029833609531633557,-0.12179820780642331,0.003003922961652279,0.08126051247119903,0.02395088334567845,-0.027147119166329503,0.08019473134772852,0.011584951207041741,0.04362046076916158,0.0012440057471394539,-0.009710277318954469,-0.1468937296792865,0.026181557774543764,-0.08630790227558464,-0.04728878058493138,-0.0002492365054786205,1.0,2.0
Iqcb1,-0.06481511482736096,-0.06910975295118987,-0.0030021482752636075,0.003809349536895752,0.0008149446174502373,-0.0689256428112276,-0.0016871444089338182,0.013854933464899659,0.0008565160748548805,-0.0022393979295156894,-0.09772180294967256,0.0028677723021246493,-0.09982519951881841,0.09259242429398,-0.038068330932874234,-0.006703827045857907,0.03639534224756062,0.029611490508541463,0.035184457160066816,0.06865957970963792,-0.0013865453330799938,-0.006642412210348994,-0.033976856749504805,0.031762487487867475,-0.16390403570607304,-0.006534109888598323,-0.13357554911635816,0.025317360842600466,2.1800361573696136e-05,1.0,2.0
Usp11,0.12074029464856721,-0.06274899468757213,0.04625048005953431,0.003809349536895752,0.025755197457037866,-0.07826810717582702,-0.0015791275491937994,0.010016086911782622,0.008610745118930936,0.014133643140085042,0.20146302591543644,0.004478508397005499,0.05447489962913096,0.15162611392539474,0.028418457123916597,-0.008274694080464542,0.15069635957479477,0.026490909229032696,0.058712951543275264,0.05912111596670002,-0.00028491616249084475,0.02221631691791117,0.009282443597912788,0.006008992791175842,0.06436720619443805,-0.03643845800310373,0.02412420087493956,0.025724275116808713,0.001015945067629218,1.0,1.0
Usp31,0.05291413415689021,-0.09820565238129347,-0.02778424118179828,0.003809349536895752,-0.020185332205146553,-0.023580559892579914,0.016909991479478775,0.00908009035512805,-0.018435928523540496,-0.01620424391236156,-0.06465944989817217,-0.002772309281863272,-0.07381070948205888,0.04020319641567767,-0.04573454151162878,-0.010247395597398281,-0.07735317826736718,-0.09703547558514401,-0.12554414896294475,-0.15341618238948285,-0.007114435713738203,-0.03715228072367609,-0.000403198366984725,-0.007286072876304388,0.10755418910644948,-0.006534109888598323,-0.018373499969020487,-0.003511762134730816,0.0021966630034148693,1.0,2.0
Hnrnpc,0.14762962533161045,0.02944860211573541,0.07562713292660192,0.003809349536895752,0.031146275168284773,0.015938993240706623,-0.0016358812665566802,0.009659996684640647,0.008215127654839307,-0.027366516548208892,-0.0253851359419059,-0.003584449701011181,0.07345081143081188,0.03108802155824378,0.02705043227877468,-0.00021236204076558352,0.03798888991121203,-0.09533136153127998,-0.10932426603976637,-0.07895354493986816,-0.007114435713738203,-0.08390007911249996,0.0012440057471394539,-0.006946097761392593,0.058250778329093006,0.005540847033262253,-0.027709421357139944,0.04243425035849214,0.008221000134944915,1.0,1.0
Kcnk9,-0.004153036149218679,0.04029223209246993,0.029860728359781204,-0.002261801287531853,0.004405973423272372,0.058079710546880964,-0.0026129049994051455,-0.005327928630285896,0.007211572504602372,-0.008006646682042628,-0.03444146788096987,0.0165695708617568,-0.11603703207336366,-0.07287039862945675,0.029876343430951236,-0.003806997463107109,0.018769675656221806,0.07353611365659163,0.04979745646007359,0.07308428976451978,-0.012922507449984551,0.08221949563361704,0.011917962580919267,0.010353965759277344,0.07360144293168559,-0.006534109888598323,-0.08865683054551482,0.0491115883179009,-0.047684470396488904,1.0,2.0
Fam163a,0.003161844200221822,0.031907572876662016,-0.06116497579030693,-0.002261801287531853,-0.0018939837138168515,0.023803371121175587,-0.0009053367935121059,-0.0039053002372384073,-0.006461487660417333,-0.0017044910218100996,0.24525332702323793,0.003154029446886852,0.1151601314090658,0.03690753146074712,0.004430556108709425,-0.01616717305034399,-0.016738615662325172,-0.044700238986406474,-0.06316653630696237,0.13471369553357362,-0.011272219829261304,0.11890076831914484,0.0012440057471394539,-0.0034311894699931146,-0.009283476709388196,0.026181557774543764,0.02482677492778748,-0.185185255818069,0.0002313160989433527,1.0,1.0
Ptrhd1,0.19894941491924328,-0.03847326578339562,0.04762110950425267,0.012975596860051154,0.0049498638603836295,-0.06639126590685919,0.01587108749197796,0.015392646962427535,0.005993203441612423,0.0065440265415236355,0.2149851803202182,0.003343871240504086,0.04897414480568841,0.08056337758467634,0.03357201560400427,-0.017617070521228014,-0.14217074509593658,0.06276704141870142,0.04989609405398369,0.09637889176374301,0.0008017061138525605,0.031204614583402873,-0.00882241022773087,-0.07916275300551207,0.008091837842948734,0.026181557774543764,0.027542155301198364,0.06506678036414087,0.012092318846844136,1.0,1.0
Nipal3,-0.08816275847144425,0.004145182576030493,-0.017595368260517715,-0.002261801287531853,0.0012682447582483291,0.047457219262141734,-0.0022135575953871013,-0.009532345198094845,-0.00839238663436845,-0.03838287472026423,-0.03136339704273269,0.00838001954369247,-0.15853756228927524,-0.02424085672944784,-0.0380172354914248,-0.0068948041531257335,-0.09405876232311129,0.042476341049186885,-0.007631838205270469,-0.12091480234637857,-0.00209289351478219,-0.0793576719192788,-0.04386846367269755,-0.006946097761392593,0.00572801036760211,-0.006534109888598323,-0.05762813500361517,0.02768160722218454,0.0006292751990258693,1.0,2.0
Dtd1,0.0749287495331373,0.018552077889908106,0.09402932442724704,-0.002261801287531853,0.004733503411989659,0.03070180932059884,-0.009692858173511922,-0.028008441738784313,-0.13694185442756862,-0.003949208802077919,-0.20180099673452787,-0.0469662307202816,-0.058622921900823716,0.09625198017805815,-0.045104285888373855,-0.005263730746228248,0.040263435177039356,-0.01743850953411311,0.027490264114458113,0.11530426152516156,-0.0010278637474402785,0.07912929203594103,0.001903908047825098,0.031762487487867475,0.061187989339232446,0.005540847033262253,0.020272727489937095,-0.19842620990239085,0.0009176045970525592,1.0,1.0
Sema4b,0.1848819156549871,-0.035423997486941514,0.005568559393286705,0.003809349536895752,0.0005461034039035439,0.05643840449862182,-0.0013361474080011248,0.013854933464899659,0.004880932827945799,-0.003936289898119867,-0.08958752750768326,7.61605822481215e-05,-0.054674739089459766,0.04884314938755779,-0.0033895636606030167,0.004250365681946278,0.07400703824358061,0.018037223988212645,-0.026661057086130313,0.16237910250667484,-0.0003220149455592036,0.15898204339435323,0.0013682207558304072,-0.032089846460148695,-0.08206186546944082,-0.006534109888598323,-0.03960663256701082,0.03171510191168636,2.1800361573696136e-05,1.0,2.0
Thnsl1,0.2458976673858706,0.05087527545168996,0.007910654875449835,0.001428506076335907,0.023229493708349765,-0.06235466371290386,-0.0018373675551265477,-0.0352132480032742,0.011427679019980132,0.013274513996439054,0.024621279215207324,0.06942343566566705,-0.06913034238852561,0.1256422121450305,-0.05598080805968493,0.016179018272086978,0.16567520666634664,0.03310258250683546,0.002686173445545137,0.12226931602635886,-0.00021449953317642211,0.015089597785845399,0.0012440057471394539,0.0229605274181813,0.07097123571904376,0.005540847033262253,0.019075611028820275,-0.02129711177200079,0.0004621073370799422,1.0,1.0
Hspa8,0.3993493222881807,-0.1398449913947843,-0.02186467216582969,-0.0071425303816795346,-0.012135517094284296,0.06776624082121999,-0.001839059186168015,-0.02165256873704493,-0.012976796391885728,-0.006426607916364446,-0.03591034044336993,-0.011895001675002277,0.008796241460368037,-0.10017871682532131,-0.001652157015632838,-0.01334033153951168,-0.2298160605272278,-0.31097636694321407,-0.05400681753177196,-0.005207933516940102,-0.0026284250430762767,-0.0020458941347897054,-0.004200159972533583,-0.07571499334648252,-0.008626979107502849,0.003693898022174835,0.006670195201877505,0.05532120854593813,-0.004145519477315247,1.0,2.0
Adcy3,0.10654044122435152,0.024428211627528073,0.008277010242454707,0.003809349536895752,0.003476638402789831,0.010908492528833448,-0.002067262795753777,0.007268311362713576,0.007036522746784612,-0.0037676700402516873,0.27819966871989893,0.0012019207992125303,0.13333618063945324,0.04756328825838864,0.03656149777583778,-0.016830078614875673,0.14667423227801918,0.037554556871764365,0.009598993649706244,0.07944308121921495,0.007081504631787539,-0.07722865971270948,0.011917962580919267,-0.009710277318954469,-0.03602361297234893,0.026181557774543764,-0.01571602265816182,0.060248577129095794,0.0008099664188921451,1.0,1.0
Cyp46a1,0.038677449612878265,-0.1246389988809824,-0.043332436436321585,0.04428368836641312,-0.01940422012354247,0.025960483821108937,-0.009656091216020285,0.02450638226000592,0.0036258969199843703,-0.03625344011350535,-0.19609585742698982,-0.022019636924378572,-0.02826125001301989,-0.05788239095825702,-0.010220182116609067,-0.004220209736377001,-0.15805710165703205,-0.1574370572110638,-0.10570280904648825,0.006856060298741795,0.0030765166925266385,0.014249010770581662,0.000609130673110485,0.009603391671553253,0.040687911384738984,0.005540847033262253,0.05213350684847683,-0.008329303883947432,-0.00022749473573639988,1.0,2.0
Fam3c,0.06465184307191521,0.0255370828602463,0.1595067515829578,-0.0013094639033079147,0.0048468284471891825,0.05281733064679429,-0.0040318925911560655,-0.004081140328198671,0.0389320819999557,0.0005881447251886129,0.03209276129491627,0.005383609801065177,-0.07184971118578687,0.06636846404522657,-0.012388679212890566,0.08849276008084417,0.010726585420779883,0.024997212991584094,0.03043936718488112,0.10429959692060947,-0.0015284720668569207,0.04380275470204651,-0.011373069593682885,0.015999948652461172,-0.02060776049736887,0.005540847033262253,0.07015259950421751,-0.06432906291447579,0.00014121315442025662,1.0,1.0
Ky,0.02671746219974011,-0.009155316227115691,0.024914374160580337,-0.002261801287531853,0.0012682447582483291,-0.11229612961411477,-0.0033373085781931875,-0.006412075981497765,-0.02947339531034231,-0.030752709431108086,0.003936961288563907,0.018170219920575617,-0.12145871785935014,-0.080304474234581,-0.07683404319919646,-0.010385010540485382,-0.010589288026094436,0.06608218548353761,-0.03894589401083067,-0.15893013031221925,-0.012869125101715326,-0.13234418500214815,-0.011373069593682885,0.010353965759277344,0.1083247609832324,0.005540847033262253,0.022868388444185258,0.047561389217153194,0.0020159717835485937,1.0,0.0
Aco1,0.06312609893735498,0.01141920933034271,0.028661202494986354,0.003809349536895752,0.0015192987490445376,-0.10376518357545138,-0.0031257856637239454,0.05084532637149095,0.005199666817206889,0.010408650664612652,-0.19459368911688216,-0.005470390599220991,-0.1295887896604836,-0.03516014890279621,0.010368663216941059,-0.0011710981279611588,0.14139900407055392,0.061226472277194265,0.012384778345003724,0.06999721360392869,0.0020588309690356254,0.015719834817573428,0.0013879391038790344,0.03329580284655094,0.06917679596226663,0.005540847033262253,0.037864906480535865,-0.12095103306695819,0.00037176168989390136,1.0,1.0
Ccdc28a,0.09596232761163265,0.007986002084799111,0.17578328359639273,0.0021427591145038605,0.0006725552631542086,0.032496547461487356,-0.0005293498188257218,0.0118990581628168,0.002520233360119164,-0.0014190473989583552,0.17117069340310992,0.0025876629538834094,-0.1092263717437163,0.019517628755420447,-0.022677290593273936,0.029367862287908792,0.10115301013691351,0.01838969949632883,-0.0148196363565512,-0.16515888608060778,-0.003239302895963192,-0.15054921102244406,-0.011373069593682885,0.03296134989708662,0.07287899409187958,0.026181557774543764,0.06677391794044524,-0.04417083277367055,0.0032628218038007616,1.0,1.0
Gm10076,0.29665481234551405,-0.13076595099177213,0.04764307859353721,-0.000952337384223938,0.008353619533590973,0.055269533698447046,-0.0018409156706184148,-0.0032354672625660896,0.008875910066999495,0.014730734168551862,0.19360911834985017,0.011014691940508782,0.0559693059953861,0.06995025401934982,0.031123174116946758,-0.013667605519294738,0.16832277761772274,0.040562037413474174,0.04141759093152359,0.10129202133510262,0.000988323073834181,0.0009879588894546032,0.009282443597912788,-0.0018993729259818791,0.05686625804868527,-0.03643845800310373,0.02184470113366842,0.03282168248668313,0.0007449082005769014,1.0,1.0
Irf3,0.24849863509007264,-0.14480987550457938,0.03424469380173832,0.0021427591145038605,0.0019200798799283803,-0.13937951266532764,-0.002986538549885154,0.00861336839850992,0.0026798680529464035,0.0023977914988063277,-0.05259999482659623,-0.008076480813324452,0.07335134383989499,-0.08593797142617404,0.025123236764920877,0.006645907857455313,-0.04185807031579316,-0.11268299852614291,-0.08872971739154309,-0.012886287429719232,-0.0010577290784567594,0.010858532353304327,-0.000403198366984725,0.001334583405405283,-0.03712266549468041,-0.006534109888598323,-0.057282903082668785,0.027509671221487224,-0.008297419025329872,1.0,2.0
Rars,0.094763901962433,0.045174259906634685,-0.004996956880204379,-0.0013094639033079147,0.02316149869002402,0.07950851544737816,-0.0031905518425628544,-0.005327928630285896,0.009402860221453011,-0.00014638549648225308,-0.0858661497675348,0.018561788881197572,-0.15985065122600645,-0.06281039757654071,-0.06043889531865716,0.0767295890673995,-0.10390019580023363,0.02244416009169072,0.10800219308119267,0.062311459598131475,-0.005952211623080075,-0.09676767034223303,-0.04386846367269755,0.0062800833396613595,0.012217645421624184,-0.006534109888598323,0.014711863175034524,0.03091911523602903,0.0021966630034148693,1.0,2.0
Cd276,0.07372037748806179,0.017002864223904908,-0.05836300167255103,-0.002261801287531853,0.026367152649909256,0.059915021676570174,-0.001042101327329874,-0.004432820603251457,-0.0001707348949275911,-0.02796500127296895,-0.0023303074552677573,0.003694094084203243,0.09240382006508298,0.009673074024649396,0.021517806719057262,-0.004114069510251284,0.009758258992806077,0.04038272603880614,-0.16794718792662025,-0.0403783731139265,-0.014746378678828477,-0.11263641674770042,-0.04012066669762135,-0.00715704582631588,-0.08662915115244686,-0.006534109888598323,-0.06634252463234588,0.04067771963775158,-0.015163808204233646,1.0,2.0
Eef1d,-0.06440363695670386,-0.04070857666898519,-0.0069022284401580696,0.04428368836641312,-0.013155442411080003,-0.08365266543347388,0.05142014877870679,0.03571966485586017,0.0009239397011697292,-0.012891820031218231,-0.06607622240204364,-0.0005771996593102813,0.07088011586107314,-0.04172506214119494,0.036757155773229896,-0.00932180660776794,-0.08347853308310732,-0.14175842371303587,0.11262023100163787,-0.06204562147147954,-0.00543849581386894,-0.061373229306191206,-0.033976856749504805,-0.007096502622589469,0.07652100095525384,-0.004063287824392319,-0.016645458014681935,0.0019191061798483134,-0.0011707619111984968,1.0,2.0
Mtmr2,-0.057270671580918135,0.0368235209188424,0.041813721996732056,-0.0013094639033079147,0.02316149869002402,0.07943547605536878,-0.0009368973411619663,-0.004700801596045494,-0.24959244858007879,0.060900575909763575,-0.0680950498348102,0.014647922292351723,-0.054755786354653536,-0.03700338972732425,-0.061829314157366755,0.0209419429465197,0.1920022673602216,0.03838025335222483,-0.030534002594649792,-0.13014525225386023,-0.0012584071420133113,0.017935312250629068,0.0009253517584875226,0.036946541089564564,0.06102307015564293,0.005540847033262253,0.02406182429753244,0.07079905305057764,0.00019107047002762557,1.0,1.0
9330175M20Rik,0.05142937380238436,0.019431197391822932,0.17498934910167008,-0.002261801287531853,0.004733503411989659,0.03140055005438626,-0.005682605030015111,-0.0037069998774677516,0.0019449191819876433,0.006993978321552277,-0.05296532569103874,0.016241145972162484,-0.018042697608470916,0.07880231527611613,-0.03716565649025142,-0.002465108633041382,0.11389444259693846,0.03593540389090776,0.036366984620690344,0.09119366180151701,-0.003121403343975544,0.1368992364546284,0.0013879391038790344,0.031805460304021836,0.10681812657508999,0.005540847033262253,0.03453837482025847,-0.08400825857184828,0.005597749052103609,1.0,1.0
Lrrc41,0.08573666164651512,0.03369418748188764,-0.010049630338326097,0.04428368836641312,-0.013608742551878095,-0.0035355019988492133,-0.0011828797729685904,0.037442531017586586,0.002531437139259651,-0.02518967401003465,-0.03272461560089141,0.03474303322145715,0.059040684183128175,-0.020409753297535645,0.06236352580250241,-0.0038431367883458734,-0.17078040684806184,-0.17824504966149107,-0.1065133199468255,-0.06622537956573069,-0.002374566444195807,-0.08831510853022337,0.011362527813762426,0.0016760287899523973,-0.014237079685553908,-0.006534109888598323,-0.012850798992440104,0.010438563926145434,-0.0007304549356922507,1.0,2.0
Ccdc62,0.08356879381928593,0.05935907877981663,-0.012304738578386605,-0.002261801287531853,-0.013155442411080003,0.0476175217051059,-0.00764639688655734,-0.004432820603251457,0.007277256727684289,0.008554538420867175,0.14965119920205325,0.002042600680142641,-0.010058115043211729,-0.04338884270749986,0.009084185250103474,-0.003806997463107109,-0.010589084320235998,-0.07778299332829192,-0.08034870610572398,0.10081612231908366,-0.015264474302530289,0.007994519737549126,-0.04012066669762135,-0.00715704582631588,-0.079723712336272,-0.03643845800310373,-0.08695984777528792,0.0005251302197575569,0.0006292751990258693,1.0,2.0
Sult2b1,-0.007367113381624222,-0.1263569754548371,-0.019223073818720876,-0.002261801287531853,-0.003972821857314557,-0.0724341617547907,-0.0030771089997142552,-0.0038491460867226125,-0.011610577432438731,-0.002895836296956986,-0.01896913801843766,0.002199426684528589,-0.10614764764672145,-0.0827321308106184,0.014846473515499383,-0.00786031502764672,-0.04108860302250832,-0.09766154585639014,-0.08711662232410163,0.005003550557885319,-0.012709601372480393,0.0034731292258948086,-0.000403198366984725,-0.006731233671307564,0.05245498611591756,-0.006534109888598323,-0.08649065442848951,0.03049228751566261,-0.008478110245196149,1.0,2.0
Nptx2,0.38083059866388796,0.0275443583028391,-0.02206647749990225,0.012975596860051154,0.000877401502802968,0.09796581430360675,-0.0025874703144654634,0.047797483773902055,-0.02482479945058003,-0.01017924563260749,-0.20207901890273205,-0.017894386323168875,0.046041022602003066,0.02986852644942701,-0.009380095335654915,0.002553644888103008,-0.15536978678312152,-0.14620417422149332,-0.09782262488268316,-0.11367907292209566,0.0016876879800111055,-0.03130986691219732,-0.01430452840635553,0.018936652010306716,0.024486047462560237,-0.004063287824392319,-0.009938571434468031,0.05490581170655787,-0.0007304549356922507,1.0,2.0
Ttll7,-0.03588687651441433,0.024678022763691843,0.04102964941645041,-0.002261801287531853,0.0011431456357240677,0.0035445151198655366,-0.0009803946549072863,-0.002883787117898464,0.033650803302880374,-0.07150720746722072,0.281209966565948,0.00959067169809714,0.10853653845610096,0.04451391387730837,0.020138177652843297,-0.009356252625584602,0.1494692514743656,0.029008026253432035,0.050394576615653934,-0.04988635858520865,-0.03697346966713667,-0.010828941641375423,0.0013879391038790344,-0.0294466707110405,0.06945977501571178,0.026181557774543764,0.006824066613335162,0.047161893234588206,0.00026735726511105894,1.0,1.0
Kcng1,0.16571406196337193,-0.023299928705673666,-0.004270969575736671,-0.002261801287531853,0.0008149446174502373,0.10289211540482938,-0.001773294098675251,-0.003616654244833626,0.021108159958384932,-0.032666050249245016,-0.026493509552674366,0.017519903052598238,-0.04695483951829374,0.0029424832388758658,-0.056152986073866484,-0.0005383912660181522,0.1330826198752038,0.05202893587760627,-0.03001232346519828,0.21691905917134136,-0.006879147607833147,0.050362390489317475,0.0009253517584875226,-0.032001543641090396,0.10768527115695178,0.005540847033262253,0.062408349136821924,0.08993632283061742,0.00037176168989390136,1.0,1.0
Npdc1,0.20163586104405112,-0.039414541189325976,-0.0020896626450121404,-0.0071425303816795346,-0.06818540110951289,-0.19490736534120515,0.0016972925397567451,-0.02122188519919291,0.007391047428827732,0.03705086322617717,-0.062092318275244904,-0.0037035304843448104,0.036647054804489015,0.07090850410051644,0.041536771333776416,-0.0038164635887369515,-0.18732746036257594,-0.10587258651270531,-0.06398335424950347,-0.09611796369892545,0.006114566288888454,-0.020506923384964466,0.002891668123193085,0.014941520541906356,0.04012663995847106,-0.006534109888598323,-0.007440391301643103,0.06959238593000919,-0.004145519477315247,1.0,2.0
Mrps21,0.3641690714814467,0.0500444392580539,-0.014928713398985565,0.0021427591145038605,0.032260054387152196,0.10525986734777688,-0.0017546260682865977,0.009659996684640647,0.011307825164403767,5.797460675239563e-05,0.0026048112381249666,0.013992125582881272,-0.02019806990399957,-0.021126322522759436,0.02665243928087875,0.0005083880573511124,-0.06346756867133081,0.007443785696523264,0.023593230629339813,-0.1687860844412353,0.003585345030296594,-0.041861305055208506,0.011917962580919267,0.0010591761139221488,0.05862979454454034,-0.006534109888598323,-0.06748073227237911,0.07331714158877731,0.008221000134944915,1.0,1.0
Aspscr1,0.10886412153020501,0.054879885357804595,-0.10098002201411874,0.003809349536895752,-1.370294950902462e-05,-0.029480874706059694,0.014884401764720678,0.005697834268212318,0.029637202634476126,0.0037429993250407277,0.20422139945439993,0.006071900627575815,0.04541277499869466,0.0634835433209082,0.043232694412581624,-0.015254126964136958,-0.0038541436556261033,0.03454439854249358,-0.04003385938704014,0.021501477214042098,-0.03689376264810562,0.07132914423011244,0.011362527813762426,-0.029559995736926793,-0.02627587702125311,0.026181557774543764,-0.15568839906947687,0.07655298355966807,-0.006877442344557494,1.0,1.0
Ppm1b,0.025853879670612513,-0.04541030661435798,-0.0011957140453159809,0.003809349536895752,0.003476638402789831,0.039435721063055096,-0.000598853724077344,0.007268311362713576,-0.2586912495922297,-0.13189962908392772,0.00995663888985291,-0.015324461217969656,0.0690566324070096,-0.08499736777506768,0.03235512251965702,0.004822317776270211,0.06279093493591063,0.06661596013000234,-0.03656992876902223,0.07105481879785656,0.00023593418765813112,-0.004053986831568181,0.0009253517584875226,-0.03204451645724475,-0.09451303221285343,0.005540847033262253,-0.01260567869991064,0.07909254251979292,0.0008099664188921451,1.0,2.0
9430015G10Rik,-0.0054454701236682015,-0.14064721232629382,-0.04572550146607682,-0.002261801287531853,-0.0272993616014719,-0.08485318704275414,-0.004888843880034983,-0.01338460699247662,0.003258047972340137,-0.010202024409081786,-0.2606608840508852,-0.019313238244503737,0.0009627107200867612,-0.009707387341186403,0.04209370482945815,-0.0023361946013756097,0.0687550948979333,0.046132406138349326,0.00992878292221576,0.011107316848356277,-0.005332042775116861,-0.07722364416578785,0.002690627833362669,0.03164916246198118,0.004887028108350932,-0.006534109888598323,-0.008886611601337791,0.02954977681860328,0.003349980339407921,1.0,2.0
Pmvk,0.0783420831541298,-0.15238568821689114,0.03883113695308566,0.003809349536895752,0.0039526732824742795,-0.1726882468885742,-0.0011147573916241527,0.005932287722826004,0.01113974146428518,0.017343557687709107,-0.04968670491478406,0.0005118662409950048,0.07383254636544734,-0.1200663342513144,0.0324103420926258,0.003956148349680007,0.1421115879144054,0.03393677321262658,0.027549241967499256,0.006160251656547188,-0.0032409638725221157,0.009409416234120727,0.009282443597912788,0.031805460304021836,-0.11293492342345417,-0.006534109888598323,-0.011047142585739493,0.02957750318571925,0.00011941278353333473,1.0,2.0
Fut11,0.28129760848067237,0.0492910178611055,-0.1332595072221011,0.012975596860051154,-0.021862542957533152,0.10187806558795273,-0.0017081505409441888,0.0276891965046525,0.0009566451818682253,0.0047949258284643295,-0.07348486914066597,0.03439945774851367,0.014590347628109157,-0.03262100366409868,-0.05259215749334544,-0.004455235209316015,-0.14822190496255644,-0.15044249390950426,-0.041591966757550836,0.055124909781152386,-0.0012687041610479355,-0.014044437371194363,0.0033229098189622164,-0.03854643031954765,0.027661106025334448,-0.004063287824392319,0.05012107430491596,-0.03989432740956545,-0.0007304549356922507,1.0,2.0
Gpr27,0.419821162490407,0.042434968801680954,-0.008349628886207938,-0.0071425303816795346,-0.00627712924964726,0.06837345659732819,-0.0015079415682703256,-0.009145930717932061,0.005413006348535418,-0.0021055531408637764,-0.04231774304120336,-0.009140173373743891,-0.008202851647511125,0.03558511306997389,0.00014021210372447968,-0.007756093498319388,-0.17014975111465902,-0.2819905264652334,-0.23360844946000725,0.049660366010502915,-0.0010342846624553203,0.03981626975350082,-0.010136286821216344,-0.04176582591608167,-0.004346563690342009,0.005540847033262253,0.053754955464974045,0.05245561126619577,0.04364731581415981,1.0,1.0
Rae1,0.05514397578430362,-0.025586385410279036,-0.006904282267205417,0.014046976417303085,-0.004255760665982961,-0.00049769246019423,-0.0047113544074818495,0.047797483773902055,0.00016273249639198184,-0.02904485452454537,-0.068302622087067,-0.010392748550511897,-0.04444688125513494,0.03386535045690835,0.025714749859180302,0.04104015117511153,-0.13389019589871168,-0.11141383758280426,0.13709880887530745,-0.08458834189921617,-0.00017864510416984558,-0.10473436599597336,0.009282443597912788,0.009469740726053714,-0.015886074078734963,-0.006534109888598323,0.024975394420325755,0.09544211085885763,-0.0009683288470841944,1.0,1.0
Myo16,-0.7069475503079593,0.018844006253639235,0.05244258306222036,-0.000952337384223938,0.003923897362546995,0.04155799360480159,-0.0013067968562245368,-0.0023935142072150483,0.021100157420150936,0.011178763720672578,-0.06887459227233193,0.0017907631630077957,0.04505132142687216,-0.023309697676450015,0.020698143020272255,0.0006034287437796593,-0.019053400403354317,0.0013056741561740636,0.012494458251167089,0.07799198230728507,-0.00269524737726897,0.019252437956165522,0.0013879391038790344,-0.020263539380393922,-0.035504949847236275,0.003693898022174835,0.007946994341909885,-0.14166541810147465,2.1800361573696136e-05,1.0,2.0
Tesc,0.2200339943729341,0.03810265637934208,0.04020282115787268,0.003809349536895752,0.003663350995630026,0.07035527144558727,-0.002599290143698454,0.04949014221318066,0.01846316836308688,-0.0012038324866443873,0.06143392942845821,0.025337512446567415,0.0021818561118561773,0.007606345787644386,0.024440945801325144,0.0030877974256873133,0.08740753265097738,0.056440904755145314,0.039349667807109655,0.19229916455224155,-0.0003220149455592036,0.15897101213224232,0.011917962580919267,-0.03204451645724475,0.06770251171663404,-0.006534109888598323,-0.039350714427419005,0.033607137855142355,0.001015945067629218,1.0,1.0
Xpr1,-0.1678566209145356,0.02180870098527521,-0.0020455532218329607,-0.002261801287531853,0.001001657210290432,0.04825790249509737,-0.0016761369351297618,-0.002778248456888832,-0.0006523833563551307,-0.011693223717156798,-0.06129423509235494,0.001977280699647963,-0.10522557984571904,-0.024004514775588178,-0.11261230105534197,-0.0005607292638160289,0.032289665068965405,0.030692296042107044,-0.032032468682155014,0.11545177342370153,-0.002056872956454754,0.0066440492914989595,0.0012440057471394539,-0.032001543641090396,-0.1876519883610308,0.005540847033262253,-0.0063766191713511946,0.07952571691945196,-0.00011630037799477577,1.0,2.0
Edem1,0.12150901117362083,-0.014931430851574987,-0.010075921919196843,0.0021427591145038605,0.0037141793873161077,0.03590730802388862,-0.002539726560935378,0.01163331356830895,-0.001440286838915199,-0.011126806593965739,0.14107020129915326,0.006989842629991472,0.15461489785695448,0.03997584102675319,0.024017867641523482,0.045441555874422196,0.048109357934445145,0.08687706271186471,0.17446777450852097,-0.09955782353878022,-0.005931932968087495,-0.04691225554328412,0.0012610973790287971,0.001357521992176771,0.07684400812955573,0.026181557774543764,0.05579684151336551,0.09876780501101166,0.008221000134944915,1.0,1.0
Ccnj,0.02140845945046749,0.04583459517452866,-0.003908550045453012,-0.025236940681934356,-0.013725805347785353,0.024402324873954058,0.0023690078873187304,-0.021559258541092276,0.01249850058928132,0.0039024884346872566,-0.07229819137253798,0.01290780025999993,-0.13739467302919364,-0.02805799199268222,-0.006901293238624931,-0.004322536177933216,-0.14944428965449333,-0.03954511493444443,0.07620370486052706,0.04376940324145835,-0.0014929983718320727,-0.04907652865163982,-0.04386846367269755,-0.007096502622589469,-0.07421440105885267,-0.006534109888598323,-0.04005248769186437,-0.0087108947429806,-0.004585826452821493,1.0,2.0
Mterf3,0.1508511936850846,-0.06893090849509463,0.12209524660604075,0.003809349536895752,-0.013608742551878095,0.03423168419627473,-0.0009196319757029414,-0.03749589019455016,0.0001215743983630091,-0.008190047268290073,0.17841926597990096,0.03474303322145715,0.05512928091920912,0.027498496050866378,0.009740244235144928,-0.008870807376224548,0.1378478637523949,-0.16861039767041802,-0.06303628226276486,-0.05130936617148109,-0.0012587406858801842,-0.17732416605576873,-0.010136286821216344,0.015277352631092072,0.03569162664469332,0.026181557774543764,0.047682514917105435,0.04632479859516025,0.00037176168989390136,1.0,1.0
Riok2,0.13485450700158252,0.05581979943439364,-0.05837274331133813,0.003809349536895752,0.013607552223838866,0.11299067094922066,-0.003227723343297839,0.05084532637149095,0.012290834109298885,0.0042505536344833676,-0.20101201035664418,-0.010150445429608225,-0.06924877570476383,-0.030336233912967147,0.007662801803089678,0.0008584563992917538,0.14249695443315433,0.0403860601503402,-0.04437968167476356,0.04401705577154644,0.0021385379880666734,0.10596313303569332,0.0012440057471394539,0.033250472843647,0.10827610132284463,0.005540847033262253,0.024848894351162016,0.06754902303218842,0.00037176168989390136,1.0,2.0
Chid1,-0.019792609834112226,0.05412010464817286,0.0056861673388630156,-0.002261801287531853,0.003663350995630026,0.04755676496308297,0.0011778859002515673,-0.002037196248420514,0.02044119589962065,-0.001625493266619742,-0.020891020628623663,-0.025280040097422896,-0.0047041829582303765,0.13575287998653948,0.030021296334452927,-0.00020964100491255522,0.07871794378384948,0.036055383747443555,-0.02978846577461809,0.10714936177246273,-3.1868694350123405e-06,0.01598757440689951,0.011362527813762426,-0.03204451645724475,-0.10457455907948315,-0.006534109888598323,-0.04157313744537532,0.07161765772849321,-0.006967787991743535,1.0,2.0
Zfp384,0.06720189546234906,0.052114055724814534,0.026567164799198507,0.003809349536895752,-0.028534639431163668,0.07847429573070258,-0.0019185892946552486,0.009993786504492164,0.017543709609890358,-0.013580707197543234,-0.29219141907640733,-0.03660647145472467,0.14695151643361895,-0.04153578457422555,0.020630555868847295,-0.007328682788647711,-0.06340693869628013,0.03514630493707955,-0.02028182003647089,0.04954256754834205,-0.007114435713738203,-0.17568076912779362,0.0008997396752238274,-0.007331402897834778,0.03163627818226814,0.005540847033262253,0.012356999036855996,0.033737433589994904,0.000900312066078186,1.0,2.0
Prmt7,-0.016630477905964655,0.0027475644322112205,-0.02132343559525907,-0.002261801287531853,0.031146275168284773,0.053252102062106135,-0.002425380670465529,-0.00464474132284522,-0.022254557400010526,-0.026964616796467455,-0.06123138757771812,-0.008254195591434836,0.004223744495538995,0.010133971742598079,-0.005208034757524729,-0.0009692062437534333,0.01068340750411153,-0.28460702634882185,-0.1013944040145725,-0.13316111147869378,0.00840730981901288,-0.1517964909179136,0.0007286745123565197,-0.006856236094608903,-0.031948922858573495,0.005540847033262253,0.008049427745863796,-0.00664921123534441,0.002133106682449579,1.0,0.0
Agpat5,0.05034610602539033,0.031961941868066786,-0.0037045106082223356,0.003809349536895752,0.003504695943556726,-0.0697209272487089,0.020462904907763004,0.01079136474058032,0.004042135761119425,-0.0008194390311837196,-0.00033773392904549836,-0.0004591934010386467,0.11675476481206715,-0.013184870749446418,0.02663653182797134,0.000639210450462997,0.02062654637731612,0.042151381289586426,0.09347411605995148,-0.04936564688570797,-0.016051705572754146,0.06970370185095817,0.0013879391038790344,-0.008305300008505583,0.07249644719064235,0.005540847033262253,-0.0009960441500879824,0.07239762018434703,0.0009255994204431773,1.0,1.0
Nt5m,0.030235221358016134,0.02758568339049816,0.03691999213770032,-0.002261801287531853,0.003929938543587923,0.03005792723968625,-0.001897184387780726,-0.0033486732520395888,0.012392092044465244,-0.012355164964683354,0.025394155140966178,-0.011816659346222877,-0.0324100211262703,0.04975858183577657,0.028326889341697095,-0.001938810832798481,0.06454760571883526,0.06422720751492307,0.03356736172456294,0.1469340887106955,-0.003168938271701336,-0.02103442286606878,0.011917962580919267,-0.006946097761392593,-0.09125055614858865,0.005540847033262253,-0.08131253993138671,0.06828497996553778,0.0008099664188921451,1.0,2.0
Plekhh2,-0.026220123660950775,0.02218962289392948,0.006146821721922606,-0.002261801287531853,0.003476638402789831,0.047141998251900075,-0.001267538582906127,-0.0033348754420876505,0.004514146306319162,0.009072573984740302,-0.050163244334980844,0.006616453892784193,0.14931358044967055,-0.019894605863573816,0.04208457665983587,0.004021881427615881,0.07533716575475409,-0.019585971860215066,0.09589465349446982,-0.07228421495296061,-0.002056872956454754,0.012623831667006015,0.0013879391038790344,-0.032001543641090396,-0.04567004712298513,-0.006534109888598323,0.026861724329646678,0.038174285069108006,-0.00023121591657400132,1.0,2.0
Myt1l,-0.4143276806501672,0.006748943158891052,-0.04487062634434551,-0.000952337384223938,0.0019725988898426296,0.016045829982031138,-0.0014335018349811435,-0.005694342320784926,-0.10300477216718719,0.030479180386755615,-0.04287911030929536,0.01662147338502109,0.003685299070784822,-0.03742433158680797,0.004659009440802038,-0.004428285276517272,-0.03004112862050533,0.0036533738020807505,-0.052561117452569306,-0.18570385111961513,0.004121290289331228,-0.04452496401499957,0.0009253517584875226,-0.001950204863678664,0.048115789509611206,0.0025448324158787727,-0.021837542525026947,-0.29288029415532946,0.0020909407723229377,1.0,0.0
Pibf1,-0.009647742507513612,0.0354339936003089,-0.020051959378179163,-0.0013094639033079147,0.0013379786955192686,0.03124260643031448,-0.002174158738926053,-0.004700801596045494,0.0023157441220246254,0.015693049000110478,-0.09311768828192726,0.021357855279929935,-0.06629554568091407,-0.07286716986447572,0.01274699947796762,0.015996084725484253,0.15736867941683158,0.10976674121338874,0.0048804063419811425,0.07428388944361358,0.0001933259516954422,0.1354553954489529,0.0013879391038790344,-0.01207433046773076,0.09247384917922317,0.005540847033262253,0.02430042675929144,-0.12494694141671062,0.00026735726511105894,1.0,1.0
Lyrm7,0.12608156781177968,0.043979354677721856,0.04971708321478218,0.003809349536895752,0.0004714183928444982,0.020595019049942494,0.011546053625643253,0.023616981832310556,0.009848261107690633,0.06020825542509556,-0.1211828311800491,-0.0008328830543905497,-0.09943782274611294,-0.05794417797587812,-0.04448674466926605,-0.0006078907661139965,0.17016821840545163,0.05075068945530802,-0.010851132534444332,0.04401315522380173,0.0008410028787329793,0.016406224775128066,0.0007075569033622741,0.03320750002749264,0.10627044355263933,0.005540847033262253,0.03272601474076509,0.05196203920058906,0.00037176168989390136,1.0,1.0
Mlh3,0.11626814817311243,0.014670596914365888,0.008133922349661588,-0.002261801287531853,0.0004714183928444982,0.06027511936612427,-0.013378138039261103,-0.028008441738784313,0.0017580744531005622,0.0073997236602008345,-0.21209428476868197,-0.056431967532262206,-0.06987246297299862,0.00519947899505496,-0.03689471406512894,0.0002632455341517925,0.10629450731677935,0.03769585512811318,0.024342027860693633,-0.19473162696231155,0.0021385379880666734,0.06141871935455129,0.0009487237222492695,0.033250472843647,0.036126433489844206,-0.006534109888598323,0.06739418247714639,0.01554690663702786,0.00804030891507864,1.0,1.0
Thoc7,0.27144689242937603,0.012203421683516354,-0.010667712078429759,-0.0007142530381679535,-0.013155442397110164,-0.007630785480141639,-0.001332443030551076,-0.00464474132284522,-0.0055863239336758855,-0.0037633550562895836,-0.08616978297824972,-0.0011971381027251482,-0.0011416298570111395,0.08688822357449681,-0.005208034757524729,0.05093085756525397,-0.1354599982313812,-0.3058530396479182,-0.034549649814143775,0.09254576628271025,-0.0006596578005701304,-0.0384936448559165,-0.010136286821216344,-0.016513737747445703,-0.014816170698031783,0.005540847033262253,0.016315255821682514,-0.01046307522803545,0.002133106682449579,1.0,1.0
Zc3hc1,0.10705225394573063,0.05446020917501301,0.04091961154714227,-0.002261801287531853,0.023252158723771572,0.08137958804145455,-0.001846033064648509,-0.004432820603251457,0.015553587817121297,0.018131930343806744,-0.00850363350706175,-0.022000078740529717,-0.2011567164119333,-0.029736477714031935,-0.045059213782660666,0.003768479861319065,0.07712040724232792,0.00749798942822963,0.02115574819035828,0.042933072056621314,0.00023593418765813112,0.04056150686461479,-0.04386846367269755,-0.03204451645724475,-0.07040093297138811,-0.006534109888598323,-0.13254026078153403,-0.0057949450984597205,-0.007952203809982166,1.0,2.0
Arid5b,-0.019282505952287466,0.0321307061240077,-0.045847100724931804,-0.002261801287531853,0.0005877059046179056,0.03263041810132563,-0.0012705222703516482,-0.0035107155330479146,-0.018985113531816752,0.001185169699601829,-0.046234130884986374,-0.021523289396427572,-0.029476956522557884,-0.08552740463986992,-0.0033834111178293823,-0.0027422632277011873,0.06731611093040556,-0.010586254615336656,0.006489933275151998,0.07349924048408867,0.0001562271686270833,0.14014264510013164,-0.011373069593682885,-0.03204451645724475,-0.10923492277041078,0.005540847033262253,0.018998706112615765,-0.1978402086161077,-0.00023121591657400132,1.0,2.0
Hsbp1,0.11242475210785415,0.03872111195232719,-0.0004580326424911618,0.001428506076335907,0.0012682447722181679,-0.0795995469763875,0.016108942076098174,0.008279040977358819,0.005382255034055561,0.0019647495809476823,0.2397588196513243,0.003722270322032273,0.07014191574882717,0.06544659680899713,-0.040361671801656486,0.08733895632904023,-0.02787434221827425,0.04981268357252702,0.07172421516384929,-0.09439854406286032,0.006221320326440036,-0.022427183855324984,-0.011373069593682885,-0.012385311820544302,0.04378294591791928,-0.03643845800310373,0.009239436401985586,-0.02065902282483876,0.008221000134944915,1.0,1.0
Shf,0.14085186776239425,0.04505579589400441,-0.024521094122901557,0.003809349536895752,0.0008538753166794777,-0.056601406186819074,-0.0031257856637239454,0.002287490414455533,0.008245223513804377,0.017585116103291512,-0.09708618109696544,-0.004730438804253936,-0.056948155984282496,-0.06459701256360859,-0.05282466191798449,-0.0013215030729770661,0.2209880782314576,-0.0017353755794465543,-0.026366679314523935,0.014619445528369397,-0.0011474242759868503,0.03866422141902149,0.0012440057471394539,0.03564193670637906,0.06836385865928606,0.005540847033262253,0.037818080498836934,-0.19266729036346078,0.0004621073370799422,1.0,1.0
Lrp2,-0.017582601878093556,0.02280588704161346,0.03943497365806252,-0.002261801287531853,0.0008149446174502373,0.018652697307989,-0.0015979647310450673,-0.0035676097124814985,0.01511996345827356,-0.004319886909797788,-0.05818425579811446,0.006174250785261392,-0.1470715814374853,0.04368633970618248,-0.068536458122544,-0.002465108633041382,0.11058432769961656,0.04480594439432025,0.0265727604762651,0.06902770335786045,-0.002056872956454754,0.16135207363404333,0.0013879391038790344,-0.032001543641090396,0.11461082814261317,0.005540847033262253,0.020283541111275553,0.0419351607747376,-1.5868289628997446e-05,1.0,1.0
Anxa11,-0.0031738886516541245,0.007281966775190085,-0.02279716425575316,0.003809349536895752,-0.006427322077797726,0.025766968696843834,-0.0015028812317177654,0.0079954872187227,-0.025290314707672224,-0.03128803504863754,0.15009577182587236,0.0350900089298375,0.054942712234333155,0.028930598801853193,0.0017831747571472078,-0.01159931005211547,-0.03624306138721295,-0.20013094067107887,-0.17361760345753283,-0.35629259841982275,0.04380018142517656,-0.1291058650566265,-0.010136286821216344,0.011353892795741559,-0.02709095859201625,0.006532538197934628,0.012441044598817825,0.11983390440233052,0.002313797902315855,1.0,0.0
Cspg5,0.03215004856698215,-0.03623556312173605,0.09945796472020448,0.003809349536895752,0.06874549719505012,0.032090636189095675,-0.0008574016857892275,0.001269602756947279,-0.003204087398480624,-0.02777916409308091,0.1741974851442501,0.008638196191750467,0.058095567488344386,0.03411412538262084,0.014861313919536769,-0.023640999039635062,-0.018403663700446486,-0.07154713184339925,-0.05174468673532829,-0.18027472431422212,-0.011936018452979624,-0.07383169683627784,-0.0029083658661693333,0.00613842542283237,-0.058920039392542096,-0.03643845800310373,-0.04585547502618283,0.026128429071977734,0.0003219043742865324,1.0,2.0
Prickle1,0.0035730371088720857,0.008912447541952133,-0.021875501414760946,-0.002261801287531853,0.03069297502748668,0.03874634281732142,-0.0003694550134241581,-0.00464474132284522,-0.04340575669426471,-0.020135455150157213,0.018475443983916193,0.04049517017789185,-0.0017729734908789397,-0.03307299232110381,-5.279026459902525e-05,-0.0003360435226932168,-0.03309301208937541,-0.14831659227143973,-0.15989673158619552,-0.18472087933681905,0.03915716332383454,-0.05019125188700855,0.0033229098189622164,-0.0005380399292334914,0.03310016845120117,0.0032427161931991577,0.05802719347877428,0.06823892889544368,0.0009710660285782069,1.0,0.0
Acad8,0.11125601881183683,0.0270782653382048,-0.04469473629258573,0.0021427591145038605,-0.013495417516678572,0.03396571535617113,-0.0015894057392142713,0.008866314515471459,-0.011246764173265547,-0.018818697417154907,0.17462604789528996,-0.011608812224585563,0.06964017882477493,0.030890129406470804,-0.004602363253943622,-0.06308275667950511,-0.0603848307474982,-0.2482696922775358,-0.14751173190772535,-0.1885247497819364,0.013698590630665421,0.027884288411587476,0.0012440057471394539,0.010453220512717963,0.015236668598372489,0.026181557774543764,-0.00475669389590621,0.06195494746789336,0.002313797902315855,1.0,1.0
Pwwp2a,0.12220904022920877,0.016682265615090727,0.16093226976692676,-0.002261801287531853,0.01458759218454361,0.028076597570907323,-0.0021140331402420996,-0.003952939929440617,-0.10504589434247463,-0.006602273734752089,0.17096806839574127,0.011836773920804263,0.15452934917993844,0.035291416924446824,0.014899110249243676,-0.015058964057825506,-0.02914459813851863,0.0353913703840226,-0.018797829024260863,-0.0805894281482324,-0.0036724114092066885,-0.058922871709801254,-0.007932510296814143,-0.0038039626460522414,-0.009922385150566697,0.026181557774543764,0.012283745505847037,-0.12184545439668,0.01337070070207119,1.0,1.0
Cfap54,-0.6006626244494692,0.011356432663742453,0.12125090913730674,-0.000952337384223938,0.0008538753166794777,0.01024346858728677,-0.000641236687079072,-0.00357248074375093,-0.0915132842946332,0.011963286302052439,-0.07731210353202186,0.002360509466379881,-0.011815407421672718,0.04029603741131723,-0.013428609149996192,-0.0013136343215592206,0.04477214820450172,0.022885797396302223,0.0055943620530888435,0.0825135560380295,-0.0031636407552286983,-0.032230353995691984,0.0009454035060480237,0.0030428200587630273,-0.06004254727973603,0.003693898022174835,-0.009655622905120254,-0.166239367229864,0.0003219043742865324,1.0,0.0
Dpp3,0.04862798559479416,-0.053954454446211456,-0.05723270339891315,0.003809349536895752,-0.0706872293818742,0.09626167960464954,-0.001540402304381132,0.007268311362713576,0.018772038486786186,-0.005043135925661773,0.001515285074710846,0.00917687033303082,0.16134309363318608,-0.01993144945028689,0.02906999788247049,0.013419024758040904,0.017870723684318364,0.03981042383704334,0.09122334744781256,0.05741986406035721,-0.002823895215988159,0.018798094443045556,0.009282443597912788,0.009799126554280519,0.07131338890641928,-0.006534109888598323,-0.027853708313778043,0.06334431128576398,0.0008099664188921451,1.0,2.0
Pi4ka,-0.07370163379237056,0.01503722443827428,-0.003399340808391571,-0.002261801287531853,-0.06817148340400309,-0.09484523573424668,0.01940235299989581,-0.007424773667007684,-0.11052763325627893,-0.005413752943277359,-0.05938263397896662,-0.014729043720290064,0.03252099427394569,0.03214910814038376,0.033358506807126105,-0.005175678823143244,0.12929551542270928,0.048589095463976266,-0.09868885376024991,-0.08650577335152775,0.0065853062830865386,-0.03500015590107068,-0.007256589089520276,-0.03381811728700995,0.06498117143753916,0.005540847033262253,-0.0065232013002969325,0.0910479386895895,0.00026735726511105894,1.0,0.0
Taf1d,0.15366894504637457,-0.11786378056276589,0.034943376826122405,0.0021427591145038605,0.0049498638603836295,0.05922645139042288,-0.001228130548261106,-0.0009641651250422001,-0.001484356331638992,0.002515721437521279,0.27078647781629117,0.005016525848768652,0.08501098881009966,0.038397868983447554,0.02783004427095875,-0.02251721706241369,-0.0922854964621365,0.04902385554276407,0.01006077359430492,-0.08964812005870045,0.004669259763322771,-0.033237434434704484,0.0012610973790287971,-0.08582353979349136,-0.01018836159259081,0.026181557774543764,0.023480385669972747,-0.03310727057978511,0.008221000134944915,1.0,1.0
Aph1c,0.07198326630983502,0.026694755333010106,0.0701374665950425,0.003809349536895752,-0.013155442411080003,-0.03635298633715138,-0.003566364883445203,0.009659996684640647,0.009717147445771844,-0.025550369876436888,-0.05016542039986234,-1.807723194360733e-05,0.07362454128917306,-0.06685143693117425,0.02705043227877468,-0.0056208727625198665,-0.045710094072856006,-0.026297370656393468,-0.10975826501380652,-0.061210911591770126,-0.0023057995922863483,-0.0810380553919822,-0.010136286821216344,0.010139101669192314,0.058250778329093006,0.005540847033262253,-0.056836296627298,0.04945913909934461,0.008221000134944915,1.0,1.0
Zfp651,0.21416684556927065,-0.10701985496096313,-0.021453047054819763,0.0021427591145038605,-0.0010178940044716,-0.13487220072187484,0.008703912454657257,0.021905707446858286,-0.0011018456052988767,0.0009042464708909392,-0.017624799869954588,0.009974990971386433,-0.06970946550602093,-0.05999382035806775,-0.02855510499794036,-0.0019297288917005063,-0.06743604148039595,-0.005700650948565453,-0.09446163591463119,-0.06538495561107993,0.00909382737474516,0.10114370806608348,-0.000403198366984725,0.019102452893275768,0.012362571007106454,-0.006534109888598323,0.062162909237667915,0.005054437145590782,0.0021966630034148693,2.0,2.0
Gcc2,0.07827176304068416,0.028928969183471053,0.0546664207894355,0.003809349536895752,0.003476638402789831,0.024503126440104096,-0.001228130548261106,0.011371271070092916,0.0033191641326993705,-0.015609331105370074,0.24895180844468995,0.0032262421725317834,0.05270554886199534,0.04646944663487375,0.03252008612034842,-0.008870807376224548,0.14151484043337403,0.05498674371978268,-0.0431639042403549,0.13729958856943994,-0.005841894280165434,-0.11180773720145226,0.0012440057471394539,0.008811603933572769,0.08537449218332767,0.026181557774543764,0.02028742219088599,0.05104542976245284,0.0009255994204431773,2.0,1.0
Arhgef1,0.04639263473683968,0.004342890767147765,-0.043644677575211975,0.003809349536895752,-0.016367405126802622,-0.15198025016114117,0.0038942151120863857,0.01733386513777077,0.029264914637897165,-0.015113674732856453,-0.231120136535028,0.0016790935350582004,-0.07063734719762578,-0.09268798033706843,-0.0108222528337501,-0.006809950415045023,0.049486869259271773,0.029205163293518126,-0.043261073370231315,0.03505350950057618,-0.0013865453330799938,-0.0009547930327244103,0.009813768435269593,0.03164916246198118,0.09828244612552225,-0.006534109888598323,-0.051456796186976135,0.019486570144072176,0.0021966630034148693,2.0,2.0
Mfap1b,0.13994585224543699,0.04528073868714273,0.003256257073953748,-0.002261801287531853,0.004405973423272372,0.03294104889500886,-0.0016370403114706277,-0.0038625942968064917,0.014388658690731972,-0.008765964156482368,0.18458393153268843,0.012513276827521623,0.08808915385510772,0.05380551217123866,0.03548441134858876,-0.01989119376987219,-0.02883851514197886,0.015452374522574246,0.08270270193461329,0.1075232231913833,-0.012653381624259054,0.06037009083200246,0.014040177129209042,0.012604174120351672,0.039280841150321065,-0.03643845800310373,0.08143897093832493,0.07749352529644966,0.008221000134944915,2.0,1.0
Car11,0.1990803998481715,-0.12983491160906852,-0.06178875718731433,-0.000952337384223938,-0.05447767767123878,0.03103226943872869,-0.0020344370882958173,-0.00464474132284522,-0.007272161436267197,-0.0069599495409056545,-0.015260708259884268,-0.013207016028463841,-0.03058943619718775,-0.06079946954734623,-0.005476965382695198,-0.003105188421905041,-0.06455492217792198,-0.27435301393154077,-0.17065286168362945,0.010052857622504234,-0.0013901956845074892,-0.019142866637557744,0.03091029359959066,0.014430741760879755,0.01821293605142273,-0.006534109888598323,-0.019353491929359735,0.09560657117515803,0.002133106682449579,2.0,2.0
Camk2g,-0.015596600268036127,0.05377097522839904,0.0008182794856838882,-0.002261801287531853,0.003663350995630026,-0.0658207605080679,0.00043852427043020723,-0.0027834610972786323,0.0077521705790422855,0.007756806537508964,-0.04000309066497721,-0.0005649796407669783,-0.024484493958298117,-0.1087291893735528,0.03092879094183445,-0.0009741979045793414,0.051499731405638155,0.04498944524442777,-0.036589222932234405,0.02283169168746099,-0.002535115070641041,0.009347539967857301,0.011362527813762426,-0.032001543641090396,-0.041199481040239336,-0.006534109888598323,-0.04918253472074866,0.0483328487444669,-0.01498311698436737,2.0,2.0
Nbas,-0.6921071287291124,0.02534830486867577,-0.03812964950571768,-0.0007142530381679535,0.0053082668106071654,0.022062189145945012,-0.0014081086218357087,-0.004310806813300587,-0.04949603378889151,0.018998074119444937,0.16936443508486262,0.021604173942469062,-0.003881364956032485,0.016667878739535808,0.006627875533886254,0.015994011189322917,0.04358925319625996,-0.011051059043966234,0.01393132545053959,0.09811428451910614,-0.0017434647120535374,0.044759638737887145,0.0010088243847712875,0.002857081899419427,0.04724877542816103,0.0104127028118819,0.01588262852630578,-0.2892023524828255,0.0028696024126838894,2.0,0.0
Cacna1i,-0.059504989116339856,0.018484174308832736,-0.0007758644456043839,-0.002261801287531853,0.0005841276026330889,0.045336299673654136,-0.0021162106189876796,-0.00787777305173222,-0.0839779674098827,-0.008103379893582315,-0.23932756066205912,-0.010328436377458275,0.07287097608204932,-0.02880448232835988,0.01528453865321353,0.0008696906268596649,-0.02315216975985095,-0.07595406725769863,0.03559846022166312,0.04977741942624561,-0.001477766721509397,0.00960975294932723,0.002332751527428627,-0.032089846460148695,-0.026526976339519025,0.005540847033262253,-0.026998542069923134,0.010822007646784187,-0.005503298240946606,2.0,2.0
Tenm2,-0.5267646011291072,0.016476342477835713,-0.013546270101796836,-0.0007142530381679535,0.0004970458708703517,0.034127485123462975,-0.0012705222703516482,-0.0023935142072150483,0.0022732633410487324,-0.0008087844052352011,0.006810782192042097,0.024106201722752303,-0.05195503061171621,-0.015331340733300749,-0.07479922640835866,0.012149363849312067,-0.01009970558108762,0.09437667131307535,-0.03898078555474058,0.0955779185378924,2.2424869239330292e-05,0.03170420458191074,0.0013879391038790344,-0.014414578755386175,-0.1261498091556132,0.003693898022174835,0.009711646190844477,-0.11497728351503611,-3.676706925034523e-05,2.0,2.0
Epha5,-0.4569930681050755,0.00754850895376876,0.11621499089291319,-0.0036903073638677596,0.00823499688412994,0.05605548750958406,-0.009935574624687433,-0.006077892706380226,-0.05607192013063468,0.019570636634598487,-0.0400976604979951,0.003992626165272668,-0.02286778893787414,0.017425264548510313,0.014256488343235105,0.029629927469650284,-0.07984918638831004,-0.11203469252795913,-0.039150271955877544,-0.09395513357128948,0.06911142398603261,-0.01139286235673353,-0.007256589089520276,-0.013080677464604378,0.04765948871150613,0.00208098404109478,-0.00048229642678052184,-0.0885527656506747,0.014073079060181045,0.0,0.0
5330434G04Rik,0.02498080861289054,0.058354246865492315,0.03900293605402112,0.003809349536895752,0.007364428888540715,-0.07212053642841056,-0.0015791275491937994,0.010016086911782622,0.007361552389338613,-0.0015218888269737363,0.23405865405220538,0.002979923509992659,0.056619827542454,0.07585684298537672,0.02804461196763441,-0.008274694080464542,0.09681832460686564,0.053405448496341705,-0.04086423824541271,0.14540551715064795,-0.00028491616249084475,0.06152605117298662,0.011362527813762426,0.006008992791175842,0.07819822972407564,-0.03643845800310373,0.01791566051309928,0.02572745902463794,0.001015945067629218,2.0,1.0
Gm26954,0.11197735679335892,0.026160969920456408,0.04313024966977537,-0.002261801287531853,0.011523923324421047,0.02371306587709114,-0.0018409156706184148,-0.0049467416480183605,0.005626129859592766,-0.0030955494870431722,0.24019759364426135,0.011014691940508782,0.08001512830145657,0.047704913681373,0.029998738872818648,-0.016276938666123897,-0.038616036786697804,0.028994353618472815,0.10456421055598185,0.08035171948606148,-0.01561625236645341,-0.11181068336591124,-0.011373069593682885,-0.0034311894699931146,0.0467266232566908,0.026181557774543764,0.02178709414321929,0.0637701581697911,0.00804030891507864,0.0,1.0
Anapc2,0.29841927559755277,-0.16401219903840683,-0.01248265348142013,0.0021427591145038605,0.007637181375175714,0.0718106004758738,-0.0017546260682865977,0.008304812526330353,0.0043739773356355725,-0.0020545763475820424,-0.02531386180431582,-0.0018083609081804752,-0.030930614350363612,-0.0883955622650683,0.004375313485506922,-0.003042539122980088,-0.044674608793575314,0.047611828565131874,-0.04595973812276497,0.03176055396674201,-0.0054646310210227965,-0.07018034825334325,0.0008332960586994886,0.018505728468298913,0.05007940519601107,-0.006534109888598323,-0.002098831683397293,0.025050550596788526,0.0034403259865939616,2.0,2.0
Taf8,0.06340495334472507,-0.12434965232852846,-0.011743441203143447,0.003809349536895752,-0.002053553434088826,-0.10808548700995743,-0.003158614165149629,0.009659996684640647,0.0111332302109804,0.0013194778398610651,0.17220274960622192,0.0032262421725317834,0.08358284761197865,-0.11988992720842362,0.04385085233254358,-0.003006225391291082,0.001953465453116223,0.056094623133540154,0.07634657614165917,0.017059454245027153,-0.015264474302530289,0.07636045850813389,0.009282443597912788,-0.007497020941227675,0.0658055992424488,-0.03643845800310373,-0.01807968053035438,0.0581383947096765,-0.047684470396488904,2.0,2.0
Tnrc6a,0.041315302171278746,0.0193204690143466,0.0039229016751050946,-0.002261801287531853,0.0012909794971346855,0.03990970725659281,-0.008759946990758181,-0.025213020002120175,-0.0008149489643983543,0.0011774377501569688,-0.05984376717940904,-0.048162881573662164,-0.09262598038185388,0.01938881853595376,-0.06491531774401665,0.004002661630511284,0.08934312338940799,0.017124149529263378,0.03007058800198138,0.15783164044376463,-0.0003220149455592036,0.08232038507470861,0.011917962580919267,-0.03204451645724475,0.08394011816941202,-0.006534109888598323,-0.06291563400998712,0.05628987883217633,-0.006698376367567107,2.0,1.0
Stard3,0.0215066789300181,-0.11064142029033974,0.06491521593183279,0.003809349536895752,-0.00304847399238497,0.05651690313592553,-0.0011314149922691285,0.008550469563342631,0.0031481713091488926,-0.0018425126350484788,-0.18922938626026733,-0.01519057321595028,-0.18063588783996237,-0.03484819202376457,-0.08440497917938046,-0.0022223078459501265,-0.1273068956192583,-0.10410945758107118,-0.013885412527997687,-0.022550596948130986,-0.003168938271701336,0.013818664578720927,-0.005492403632961214,-0.007172747831791639,-0.058857653932645915,-0.006534109888598323,-0.09191121454350651,-0.01131333785597235,0.00019750270992517473,2.0,2.0
Sbno1,-0.00745026022195816,0.012969453448895364,0.030862085819244385,-0.002261801287531853,0.0039526732824742795,-0.051369648585096,-0.0032905937638133763,-0.005278884097933769,0.14613522307947277,-0.01696546105667949,-0.0024788637016899882,0.004068956393748522,-0.08432103615254163,-0.06819817882031202,0.029763487330637873,-0.0017288238555192947,0.08390353492228314,0.04684175682254135,-0.06501419593580067,-0.05325259204953909,0.0025404552929103375,-0.0163680736720562,-0.04012066669762135,0.03329580284655094,0.08053172309882939,-0.0036614463198930023,-0.021676203820388765,0.010949486019089818,0.0020159717835485937,2.0,2.0
Ubr4,-0.0697833392501343,0.023124032448977233,0.02510867684846744,-0.002261801287531853,0.0006255560647696256,-0.06533126965397969,-0.002128706704825163,-0.002778248456888832,0.009089246892835945,0.00302166563924402,0.023140358533710242,-0.011250551692210137,-0.08837077875854447,-0.055702823548344896,-0.1037962473090738,-0.0024980437732301654,0.02187488552648574,0.011855165781453252,0.021697333133779466,0.07036536749452353,3.666664008051157e-05,-0.02823261489160359,0.011917962580919267,-0.03204451645724475,-0.15773303754627704,-0.006534109888598323,-0.03801861664513126,0.02655912996036932,-0.003945706263184547,2.0,2.0
Grm1,-0.5115777652291581,0.006567291942192241,-0.04276037140283734,-0.000952337384223938,0.0015192987490445376,0.014066656522918492,-0.0006666299002245069,-0.003084614253602922,-0.054982241499237715,0.021784551958553493,0.06004986719228327,0.0043589785695075985,0.008185263002524153,-0.03742433158680797,0.011404292690567672,-0.001753065688535571,0.03399911544984206,-0.012692318831104785,-0.02992998109664768,-0.2615714461542666,0.006279326044023037,-0.037440042942762375,-0.007256589089520276,0.0037883829325437548,-0.07371677225222811,0.005012095095589757,-0.023296827073208987,-0.29772497605532405,0.0037008308828808366,0.0,0.0
Rab12,0.08556416065897793,0.01632550710812211,0.03344213239848614,0.003809349536895752,0.0012682447582483291,0.08351414579898118,-0.0031257856637239454,0.049134051986038686,0.006659654527902603,-0.02647453105542809,-0.06171969526447356,-0.009302290016785264,-0.1701209443807602,-0.031061638295650482,-0.060338898743502796,-0.0013838565908372402,0.009952540486119687,0.031185789140872656,0.05762170298025012,-0.15750724466517568,-0.007114435713738203,-0.10375065234024078,0.0013879391038790344,-0.006946097761392593,-0.04270857144612819,0.005540847033262253,0.003240443039685488,-0.038226258233189585,0.0021966630034148693,2.0,2.0
Mtf1,-0.01438946271315217,-0.1427953693177551,-0.013858657646924257,0.003809349536895752,0.003929938543587923,0.03925696641206741,-0.002176662529818714,0.007952134087681771,0.004996238744352013,0.007626409591175616,0.0021718958916608242,-0.015097337644547223,0.005080582418013364,-0.05246974714100361,0.028854409684427082,-0.008475197460502387,0.02383813285967335,0.06523888778639958,0.007183127496391535,0.1469668279401958,-0.0051658620685338975,-0.0113964758021757,0.0012610973790287971,-0.007371909916400909,-0.10833402371266856,0.005540847033262253,0.04839560577645898,-0.014330577719956637,0.0008099664188921451,2.0,2.0
Rapgef5,-0.5734920045570471,0.019375750417821108,0.02012393701239489,-0.000952337384223938,0.020774538181722164,0.054791270694695415,-0.0050643423991277815,-0.011673332607024349,-0.009774288196349517,-0.01575222682207823,-0.023958882057340817,-0.019313238244503737,0.03793874060502276,-0.020754279922693967,0.055090234945528206,-0.0071458427980542185,0.07303114596288651,0.02378010385669768,0.013563401568681,0.09176683527417481,-0.00019243919989094137,0.050554969653021545,0.0010088243847712875,-0.014250327004119753,0.04876839695498347,0.003693898022174835,0.012776166521944106,0.0929214484244585,0.00044804848497733476,2.0,2.0
Pgap2,0.1522043467243202,0.061545709781348705,0.011795958657748996,-0.002261801287531853,0.0008149446174502373,0.08104393105022609,-0.002086409479379654,-0.003616654244833626,0.016179436114616693,0.008282662443816662,-0.06746427382226101,0.029640455581247806,-0.0006237559532746672,0.09348330399021507,-0.07734181201085448,0.00022616563364863396,0.19296338754473255,0.050356340296566486,-0.03257849035784602,0.10212790035060607,-0.0013865453330799938,0.08270786439301446,0.011362527813762426,0.031762487487867475,0.11183348227292299,0.005540847033262253,0.06699538867454975,0.05401436001062393,0.0009255994204431773,2.0,1.0
Unc5a,0.07884892379865051,0.038142787190154195,0.02852066558552906,0.003809349536895752,0.003663350995630026,-0.07941930226050317,-0.003314916491508484,0.011989403795450927,0.007631395305506885,0.0035477842297405005,0.2438117269682698,5.7427482679486276e-05,0.006842955597676337,-0.06390560736879707,0.027263936884701252,-0.00037898703943938016,0.06634353843517601,0.03767182614188641,0.03709144334774464,0.1615565726463683,0.011584951207041741,0.06859366274438798,0.011917962580919267,-0.009710277318954469,0.09317419044673443,-0.03643845800310373,-0.019632656583562492,0.024595841467380523,0.001015945067629218,2.0,1.0
Kri1,0.11859936052176635,0.042741867401637136,-0.05979843296809122,0.003809349536895752,-0.014337760540656745,0.042202677270397546,-0.001621626033447683,0.009706761604174972,0.00985343545791693,0.0034409935236908496,-0.021804318130016327,-0.018612177276518194,-0.018172369292005896,-0.07137651469558477,-0.003970742466626689,-0.002212183978408575,0.19934834203682839,-0.24425689421594143,-0.09099265716038644,0.06789409220218659,-0.0005766491591930389,-0.005002826945856214,-0.007353721936233341,0.030055683199316265,0.022595424265600742,-0.006534109888598323,0.0022244218224659563,-0.03775755975395441,0.00018074129708111285,2.0,2.0
Taf1,0.09670532167423516,-0.08849431602982805,0.04145056670065969,0.003809349536895752,0.010911968131549656,-0.04480923266615719,0.0012169614830054342,0.009990315362811088,0.007665129038505256,0.010845485171303152,0.20821541123325005,0.0030975525779649614,0.06323352508479729,0.1402581433600608,0.03194788035005331,-0.00846268582623452,0.12916597762145102,0.042550751096569,0.06798714581411332,0.040209258603863415,0.00027303297072649,0.03029979002662003,0.009282443597912788,0.006008992791175842,0.07741773402784019,-0.03643845800310373,0.017682753736153245,0.02478184797335416,0.0009255994204431773,2.0,1.0
Smc5,0.08519396676681935,-0.09466542975511402,0.04199894933495671,-0.002261801287531853,0.011070623183622957,-0.08345823804847896,0.0039337676391005515,-0.0030568048916757105,0.003239641012623906,0.010829934207722545,0.024817226363811642,0.07211383791640401,-0.025513335498981177,-0.12383121384307742,0.02907840514089912,-0.001870523914694786,0.1817786759487353,0.07634388210251927,-0.014223213098011911,0.04889780613593757,-0.0013865453330799938,0.020403953585773706,-0.004200159972533583,0.03564193670637906,0.06751464846078306,0.005540847033262253,0.023409105944447218,0.06733815994113684,0.0007449082005769014,2.0,1.0
Dnajc17,0.09238212236203253,0.014704289152286948,0.03138152929372154,0.003809349536895752,0.001454957351088524,-0.14646549659315497,0.0009413265902549028,0.007724906196817756,-0.08823996466584504,0.0070901765523012725,-0.032359651515726,-0.015195339284837246,-0.010357273602858185,-0.07588934728875757,-0.04418163893744349,-0.008247856246307493,-0.07723719243193045,0.0827123691374436,0.06392651243368164,0.2535980253666639,-0.003381844349205494,0.10736977391759865,0.0010088243847712875,0.010139101669192314,0.10722246875986458,0.005540847033262253,0.001308163469657302,0.04902163399383426,0.008311345782130957,2.0,1.0
Trim41,0.25419315676786935,-0.05152093226090074,-0.033305622374173255,0.0021427591145038605,0.008563933274708689,0.05003694790648296,-0.001228130548261106,-0.03583138072863221,-0.0012977262446656824,0.0018498503626324235,0.277987701469101,0.005016525848768652,0.04311814761953428,0.037445189952850344,0.027053344834130258,-0.008003699455875903,0.08858282436616718,0.046720506004057825,-0.05509263382293284,-0.13049452071078121,0.00036521722096949816,-0.11700417724903672,0.0007286745123565197,0.010313441678881645,0.057021131298970434,0.026181557774543764,0.025323686962947248,0.1257092609675601,0.0009255994204431773,2.0,1.0
Dync1li2,0.08196911536389961,0.027053600634681062,-0.012350864540785551,-0.002261801287531853,0.0004714183928444982,-0.03830393608659506,-0.006468330495990813,-0.014468754343688488,0.00551521860063076,-0.0007006252557039261,-0.2896548385894857,-0.028811462949961425,-0.036177156437188385,-0.06182294942438602,0.026880488703027366,-0.007946065962314605,-0.16278357876464725,0.02178676933981478,-0.016629263060167432,-0.13299394766800104,0.008993067052215338,0.0024748315499164165,0.0017305926512926817,0.005815505059435963,-0.025964530487544834,0.005540847033262253,0.005520159364677966,0.01987362787127495,0.003169289119541645,2.0,2.0
Bsdc1,0.05282752258237451,-0.039399258214980366,-0.0009393578511662781,-0.002261801287531853,0.0008149446174502373,0.03229862061329186,-0.0013740669842809438,-0.0024265681818360463,0.029770020232535898,-0.03865339592564851,0.1674268815317191,0.0062280307943001385,-0.12480700420215726,-0.10134788576513529,-0.032818926027975974,0.0028159312158823014,0.0407539902580902,-0.01666720746550709,0.03765224739443511,0.017744668256491423,-0.006879147607833147,0.009246382196433842,0.009282443597912788,-0.032001543641090396,-0.05484293779358268,-0.03643845800310373,-0.037391044488176706,0.03143088072538376,-6.854528561234474e-05,2.0,2.0
Ptprn,0.03526396198372822,-0.14492488671559842,0.02898222562391311,0.003809349536895752,0.003476638402789831,-0.023050549223553388,0.0004903240199200809,0.00847847230033949,0.010895937432069331,0.016420362065546215,-0.08503253498231061,0.005428450852632522,0.07124209395144135,-0.12012260098010302,0.036150991700123994,-0.014451441718265415,0.06439820140483789,0.049563611624762416,0.030634078253060578,0.009634654589463025,-3.1868694350123405e-06,0.04281055568251759,0.0012610973790287971,-0.03204451645724475,-0.12289052351377905,-0.006534109888598323,-0.020034333714284,-0.024184831064194442,0.00011941278353333473,2.0,2.0
1700109K24Rik,0.25692579092108647,0.042722831326536835,-0.026280830055475234,-0.000952337384223938,-0.0053205074882134796,0.07758296326268464,-0.0016370403114706277,-0.0049467416480183605,0.006129171748179943,-2.190405037254095e-05,0.19096099821152165,0.01280497561674565,0.0717828736687079,0.03357822672929615,0.015435750777833164,-0.02155215423554182,-0.05988592906855047,-0.049878648042213175,-0.06632579116150737,-0.08071074871346355,0.004669259763322771,0.126432571192272,-0.04012066669762135,-0.08582353979349136,-0.0005323785450309515,-0.03643845800310373,0.05543341702781618,0.028063195757567883,0.00804030891507864,0.0,1.0
Sgsm2,0.011912274812348187,0.04659357179887593,0.0057696725660935045,-0.002261801287531853,0.003476638402789831,-0.02425309315090999,0.0011778859025798737,-0.0030041168723255397,0.010625819651177154,0.0001497413229662925,0.2692673206585459,0.0016111880645621568,0.11265264529269188,0.10338037532754242,0.03195440905634314,-0.01573601278476417,0.044720129808411,0.04867811897303909,0.044764691479504105,0.0651198275689967,0.011027002073824406,-0.0002191452356055379,0.011917962580919267,-0.009710277318954469,-0.14461263469420374,-0.03643845800310373,-0.016527402857318522,0.05446356144733727,-0.00015162408351898193,2.0,1.0
Pias1,0.12670396347763016,0.014651039431337267,-0.0046368734538555145,-0.002261801287531853,0.0008149446174502373,0.03942117652157322,0.008682936104014516,-0.0038623958081007003,-0.13840701165143401,0.0029936805414035915,-0.0475601702532731,0.003959477469325065,-0.018284854106605054,-0.045320609025657176,-0.041284898016601804,-0.0030326430872082712,0.06184938461054117,-0.01380539239384234,0.05963558041024953,0.04792617755942047,-0.00780533704906702,-0.03584218352101743,0.0010088243847712875,-0.033704792261123655,-0.0844676522212103,-0.006534109888598323,0.029399074553512036,0.03915951215662062,-0.004126397483050823,2.0,2.0
Fam120b,0.041856708191335204,0.011009218539111316,-0.01782213709782809,0.003809349536895752,0.0012682447582483291,-0.08524947692872957,0.0011181087885051965,0.00908009035512805,-0.025863688536919654,-0.026630850792862475,0.14919478630879893,-0.00038979824632406234,-0.132952398378402,-0.05541225868742913,-0.0519944809563458,-0.008326016580685974,-0.011752221244387328,0.0586025119619444,-0.01217237974051386,-0.21293685520999134,0.045937127452343705,-0.14250762571580708,0.0012610973790287971,0.013142303898930549,0.08596980853239074,0.006532538197934628,0.027301032659597695,-0.03236899482086301,0.0021966630034148693,2.0,2.0
Epha7,-0.010835710564861075,0.0009282823570538313,0.146877122388687,0.014046976417303085,0.008031011815182865,0.0556908637471497,-0.009609288077335805,0.015979920500540173,0.005956685015698895,0.014867191369994544,0.12236211211886257,-0.00026412732084281744,-0.02770430359756574,0.014799210121855139,0.010690232324413955,0.08009086967678741,-0.13189300954749342,-0.1644548265391495,-0.00205764859681949,-0.1721352852950804,0.006471528932452202,-0.04670114061562344,-0.007256589089520276,0.009334188783541322,0.0004428559658117592,0.0050354986172169445,-0.01514777297154069,-0.056475155521184206,0.011189178635831923,0.0,0.0
Smoc1,-0.01655281270854175,0.04209584370488301,-0.003756410460919142,-0.002261801287531853,0.004116651136428118,0.06865316840587184,-3.3260872587561604e-05,-0.002821152886026539,-0.08913017670391127,-0.04075210546143353,-0.04818269541370682,0.005967278778553009,0.11200461344560608,-0.0863557307049632,0.05626420483458787,-0.006826643422245979,0.061717115011997524,0.07612037447514013,0.029525403128936888,0.061559070711955426,-0.014423302281647921,0.07887691636104137,0.0010088243847712875,-0.006731233671307564,0.09724539485760034,0.005540847033262253,0.0021142193744890393,0.1061975334957242,-0.009905158751644194,2.0,2.0
Abhd4,0.06202148575510364,0.02872751491260715,-0.012192237852141262,0.04428368836641312,-0.013155442411080003,0.05937533042393625,-0.0013072859006933869,0.03831335831433535,-0.0010918836039490998,0.10794984717853368,-0.0702496488916222,-0.0060071848868392405,-0.018441078369505703,-0.0402690445818007,0.0048612631717696786,-0.002526682522147894,-0.2080575322418008,-0.19254705945961179,0.0005250675696879625,-0.023630945350741967,0.007001728229224682,0.007136477064341307,-0.007256589089520276,0.010563934817910195,0.04591843876754865,0.005540847033262253,0.06383511940017343,-0.025644085276871918,-0.0007304549356922507,2.0,2.0
Pex5l,-0.39364358367864044,0.015288284290581941,-0.007689427630975842,-0.002261801287531853,0.0008918995154090226,0.033306603329256175,-0.0017247895710170269,-0.0021513199113542213,-0.003367860298603773,0.0011422070441767574,-0.018402204781305043,-0.007986699556931853,0.04239592966856435,0.0026038003154098986,0.01737184638855979,-0.001501857228577137,0.05538917574333027,0.11949212905950844,0.03011057456256822,0.09041915078647435,7.652014959603548e-05,-0.0008959955302998424,0.0010088243847712875,-0.03204451645724475,0.08013384025543928,0.005540847033262253,0.011758976066485047,-0.11308951919898391,0.00044804848497733476,2.0,2.0
Cnnm1,0.0883358201221563,0.03498831443488598,-0.13004738187184559,-0.0013094639033079147,0.019709019921720028,0.0243300775391981,-0.0011827730108052493,-0.0024265681818360463,0.03602277801837772,-0.003144393244292587,0.2362183207832277,0.0022076142067089678,-0.007178726287093013,-0.01637088199146092,0.01710223888512701,0.030846553575247525,0.0109268857142888,0.00180924192070961,-0.021149867549538612,0.09973455500788987,0.012638482749462127,0.022356633068993687,0.0012440057471394539,-0.009938988294452429,-0.10430233804509044,-0.03643845800310373,0.07066467706230468,-0.03487647656351328,2.9067136347293852e-05,2.0,1.0
Apbb1,0.07054823800455778,0.013609899687580765,-0.057862704880535604,0.003809349536895752,-0.007060180241242051,-0.12719127671793104,-0.002843050789088011,0.01835043997503817,-0.0917168936971575,0.11284139401745051,-0.033755706025986,-0.013184360270388424,-0.004940822020871565,-0.07156468449160457,-0.042596788092050704,-0.004411377850919962,-0.020917268777266143,-0.2132121730200015,-0.040106978388503196,-0.05499946860130876,-0.0023057995922863483,0.005587626597844064,0.0022407038044184448,0.009753796532750129,0.005574967130087316,0.005540847033262253,0.022955470527522268,0.0335087324725464,0.002313797902315855,2.0,2.0
Ndrg4,0.1004382743826136,-0.0335095386672765,0.08928308601491153,-0.025236940681934356,0.030575912231579423,0.06556073570623994,-0.001809749051462859,-0.02537958225933835,0.1332274150941521,0.04362842917907983,-0.0030201016389764844,-0.005650382861495018,-0.04080448888707906,-0.025184100158512593,-0.018660018318332732,-0.01014868400990963,-0.31712695377413186,-0.13153945953585208,0.021928346934728324,0.0928740088827908,0.009472645819187164,-0.10766526545397938,-0.004200159972533583,0.010563934817910195,0.07674287586007267,0.0025448324158787727,-0.02479706786572933,0.03255518035963178,-0.004383393388707191,2.0,0.0
Enox2,-0.6749748005298898,0.02512060197070241,-0.0029121960944030433,-0.000952337384223938,0.0033179833507165314,0.0054264625301584605,-0.001399185727350414,-0.0049467416480183605,0.004643829675624147,-0.011736350315622986,0.10647040481213481,0.01280497561674565,0.06415255058091134,0.02730043038725853,0.03091425822582096,-0.007717395219951868,0.0442380597628653,0.0614232437685132,0.02291942238342017,-0.12694594499655068,0.0002907315082848072,-0.0037421151902526616,0.011917962580919267,0.05345400178339332,0.015620320811867714,-0.012562630949541926,-0.0018392055202275514,0.06344291178509592,0.003041942180134356,0.0,1.0
Akap8l,0.10960171380778774,-0.05954314139671624,0.005296233699191362,-0.002261801287531853,-0.031282842222135517,-0.1528312356956303,0.04592370368540287,-0.00936898344720248,-0.00020011533051729203,0.007920017018914222,-0.10398770632338711,-0.012608062429353594,-0.05608795389533043,0.13287393914535642,-0.020502584406640382,-0.002030038982629776,0.20359978830209002,-0.032582008903846146,-0.03269397235941142,0.08451223697396927,-0.0013865453330799938,0.042692126508336516,0.0007286745123565197,0.03164916246198118,0.08826733647845686,-0.006534109888598323,0.027396309315226974,-0.021002280530519783,0.00037176168989390136,2.0,2.0
Gdi2,0.15637378151528536,0.025720190932042898,0.021135051464661957,0.003809349536895752,0.025913852509111168,0.023473944801371546,-0.000990275964140892,-0.0009641651250422001,0.0026662837946787475,0.002422270227689296,0.19245723800268025,0.0051032261410728095,0.12497656581923365,0.03675641345984332,0.027377588234376162,-0.016060275707859548,-0.00039341104682534935,0.011155427652411162,0.16604426073143258,-0.01123673575464636,-0.01452649657148868,-0.11508611595258117,-0.011373069593682885,0.0012453434709459544,0.03399964455515146,0.026181557774543764,0.016219148160889745,0.03379282459616661,0.008221000134944915,2.0,1.0
Eya3,0.09491262720548548,0.021704758098348976,0.018928386047482492,-0.002261801287531853,0.0012682447582483291,0.03286752150394023,-0.06246131159365177,-0.028008441738784313,-0.006310329551342875,-0.03931763153988868,-0.055713231193367393,-0.05248841412365437,-0.016887550310930238,-0.006511528394185007,-0.06810327389976009,-0.005008504204452038,-0.04764178636018187,0.017937458634842186,0.06055101142963395,-0.0346478402777575,-0.0039025951735675336,-0.16073793712304904,0.014040177129209042,0.010671366862952709,0.045789879185613246,-0.006534109888598323,0.01953853420680389,0.04937609549611807,0.00804030891507864,2.0,2.0
Iqce,0.05404614846222103,0.040649449676275255,0.004298043167218566,-0.002261801287531853,0.0039526732824742795,0.07399495609104634,-0.0011827730108052493,-0.0039053002372384073,0.024971471962053328,-0.0012935574003495277,-0.027632907017832622,-0.00010858187451958656,0.13965437205974013,0.051463335854932665,0.03950592380482704,0.022471404299139977,0.016620902065187692,0.026027204068377614,0.04425948283169419,0.06126482279971242,-0.001977165937423706,0.06542919704224914,0.011917962580919267,-0.032001543641090396,-0.07133619833737612,-0.006534109888598323,-0.020222199717536568,0.08171593403443694,-0.015163808204233646,2.0,2.0
Srcap,-0.03890167736914009,0.03630487209185958,-0.013819902800023556,-0.002261801287531853,-0.013155442411080003,0.04893354515777901,-0.001846033064648509,-0.004432820603251457,-0.0042577019869349895,-0.021002012568060308,-0.09341897572856396,0.02137898067012429,-0.1315555903268978,-0.059368123048916456,0.020523305498063565,-0.0025045947241596877,-0.01961346918484196,-0.058354183451738206,-0.06159317070618272,0.08590171496733091,-0.007114435713738203,-0.08429937892360613,0.011362527813762426,-0.006946097761392593,0.0035057501960545777,0.005540847033262253,-0.028381714401766657,0.027856603022664784,-0.015163808204233646,2.0,2.0
Agbl4,-0.5049653796060011,0.01889348158845678,-0.0378101822687313,-0.000952337384223938,0.0015192987490445376,0.024997846852056683,-0.000641236687079072,-0.003287268346175551,-0.09007462218170986,0.01114253784995526,-0.08567379490355961,0.008436370119452476,0.007813819597940893,0.03010540783405304,0.023520349049940704,-0.0013136343215592206,0.00010216388618573546,0.010172586739063263,0.02191497533232905,0.08033681837725454,0.000851714969612658,0.04097282445523888,-0.007932510296814143,-0.020263539380393922,0.0009457015804946422,0.003693898022174835,0.012487037498503923,-0.30587906032800677,-6.854528561234474e-05,2.0,2.0
Hdgf,0.23254593393881806,-0.12584901818074287,0.08716129983775317,0.0021427591145038605,0.00982284028083086,-0.0945810499205254,0.0012169614830054342,0.008279040977358819,-0.00022377482149749995,0.003946671902667731,0.26912438599858435,0.0018452863534912467,0.07000591499963775,0.14217179393395782,0.025766292163170876,-0.010503717283718288,-0.07036494742147624,0.05292210329556837,-0.04694522184086963,0.06324206009507179,-0.003402097267098725,-0.008072071513161062,-0.000403198366984725,0.02075593682937324,0.004147898331284523,0.026181557774543764,0.019861677000299095,-0.006414758246392011,0.008221000134944915,2.0,1.0
Crocc,0.07340984019936514,0.006679095709696412,-0.027955398571211845,0.003809349536895752,-0.002964719021692872,-0.02027379981940612,-0.0023646490648388863,0.04949014221318066,-0.17083888025023042,0.004304969522054307,-0.07771050292416476,-0.007522050524130464,-0.026151698867033703,0.041927930745732735,-0.07678744384553284,-0.005557057100813836,0.09947559595340863,0.017556054536253213,-0.001345665119588375,0.19914938642177732,-0.00466604748275131,0.09408194162184373,0.005051477970555425,-0.03215784148313105,0.12466509092599154,-0.006534109888598323,-0.004348182859830558,0.027599303014576436,-0.006608030720381066,2.0,2.0
Srrt,0.3372557051122385,-0.07382159038214013,0.00040662541985511777,0.012975596860051154,0.00982284028083086,0.022100882383529096,-0.001228130548261106,0.00519177715992555,0.003107250335160643,0.0006611079873982817,0.18258098972495646,0.004724827059544623,0.044937064121477306,0.11084533390157958,0.026889922737609595,-0.011846728411037476,-0.14438915317645296,0.02310133397579193,0.06183259147452191,0.08737668681656942,-0.0027831375226378442,-0.0027677594544366,0.009282443597912788,0.014139783270657062,0.03890381549950689,-0.012954579852521419,0.027111067606601865,0.05219867311418056,0.0005642169062048197,2.0,1.0
Nrbp2,0.19689663965895307,-0.089641190727707,-0.05271744087105617,0.0021427591145038605,-0.07730541144032031,-0.07967945985728875,0.0012169614830054342,0.008635131204500794,0.0015521907177753747,0.002984733241610229,0.2249550437531434,0.0018452863534912467,0.05411313874530606,0.11074980733916164,0.013831962207332254,-0.01496084596030414,0.11361184899695217,0.008052817264106124,-0.06164717704989016,0.12876482787774876,0.013169055604375899,0.005876257210038602,-0.000403198366984725,-0.008820394752547145,0.08146780455950647,-0.03643845800310373,-0.004824478728696704,0.028213224951177836,-0.012616449454799294,2.0,2.0
Tmem120b,0.01633586499709054,0.037055364581756296,-0.013618085319176316,-0.002261801287531853,-0.004810307715088129,-0.04410334493033588,-0.002717643594369292,-0.009532345198094845,-0.002554968299809843,-0.0255116430320777,-0.07954154546372592,-0.05133706694468856,-0.008040021397173405,0.03349867696109868,0.01642576831392944,-0.008465227372944355,-0.09209057591157034,0.011055407314561307,-0.006633370718918741,-0.14908772968687117,-0.00209289351478219,-0.06390142891323194,0.011917962580919267,-0.007286072876304388,0.04517860526219011,-0.006534109888598323,-0.05297498761909083,-0.000947647113353014,-0.015163808204233646,2.0,2.0
Nisch,0.02834362825844437,-0.08108031812123954,-0.01765118976123631,-0.002261801287531853,0.003929938543587923,-0.05147801246494055,0.0014329304755665362,-0.0041233322117477655,-0.0016678642900660634,0.008197911910247057,0.029412319316761568,0.0007660480123013258,0.06353456008713693,-0.07836970086209476,0.020268589602783323,-0.008439777013845741,-0.05857737759128213,0.07884965271921829,-0.0846435393113643,0.12545032071648166,-0.012922507449984551,0.0128656344441697,0.0007286745123565197,0.010353965759277344,0.06173637581989169,-0.006534109888598323,0.08918330267537385,-0.005820211861282587,0.00804030891507864,2.0,2.0
Ap1s1,0.14986612090957352,0.04044716564938426,-0.09901378541253507,0.0021427591145038605,0.0008340585138648748,-0.15932288391515612,0.005473701728042215,-0.02951269643381238,0.02491533983964473,0.0031211957172490655,-0.1399371041811537,0.006691127340309322,0.004285036118235439,0.12039061932824552,-0.04275092653464526,-0.0007426871731877327,0.14785424184054136,0.017220790795981884,-0.016889537579845636,0.07903333530004603,-0.0004692171118222177,0.004224655549041927,0.003665397185832262,0.032764516500756145,0.07497951326193288,-0.006534109888598323,0.013684990671463311,0.05598713378421962,0.0004621073370799422,2.0,2.0
Extl1,0.11631928129587323,0.02906103734392673,-0.03316006342880428,-0.002261801287531853,0.003929938543587923,0.08315508460626006,-0.0026129049994051455,-0.006412075981497765,0.0009460454015061259,-0.038027880680747334,-0.012218987895175814,0.015569285294041037,0.09052946336567402,-0.025319221976678817,0.015970275891013443,-0.0022458828799426555,0.007242478178814054,0.07352029607165605,-0.1722595197847113,-0.19020982202142478,-0.0023057995922863483,-0.11951123500708491,0.0033229098189622164,0.010139101669192314,0.058225256849545985,0.005540847033262253,-0.01945492732338607,-0.009214506279677152,0.00804030891507864,2.0,2.0
Zdhhc1,0.20440153983654455,0.03965142908506095,-0.050020056338980795,0.003809349536895752,-0.0014566452067811043,0.08632563635706901,-0.003227723343297839,0.04777886782772839,0.008689498563762754,-0.015826176137197764,-0.22278175292653032,-0.010150445429608225,-0.029104947140440346,0.011605789605528116,0.003533984764944762,0.004554037768393755,0.021448723155772315,0.008004760812036693,-0.08499508121050894,0.20207903469330632,-0.003168938271701336,0.19359724126523362,0.003665397185832262,-0.007172747831791639,0.05838953671278432,-0.006534109888598323,-0.041511982628144324,0.03382564863655716,-0.047594124749302864,2.0,2.0
Mndal,-0.01909236699924804,0.016057138827163725,-0.003331404367927462,-0.002261801287531853,0.008250274346210063,-0.005531105308327824,-0.0009650950226932764,-0.0037069998774677516,0.0013142777187749744,-0.0009327283105812966,-0.040427210205234584,0.01598081219010055,-0.08679086842108517,0.03387226926162839,-0.1093451889231801,-0.004036066555418074,0.2000677481177263,0.0020354277873411773,0.03676371275098063,-0.18504710304550825,-0.001413572859019041,-0.0730253921635449,-0.007932510296814143,0.030055683199316265,0.0910895990813151,0.005540847033262253,-0.004772499543614686,0.04637470451183617,0.005314523497363552,0.0,1.0
Snx27,0.04787590690422803,0.02328387844376266,0.027729537251871078,-0.002261801287531853,0.0004714183928444982,0.05845546999946236,-0.014091701796278357,-0.028008441738784313,0.0019913327414542437,0.005468774514738471,-0.28249889573431575,-0.05021454149857164,-0.1423491254542023,-0.02590769459027797,-0.0922197317611426,0.000347022358328104,0.05976069306023419,0.0008245884766802192,0.014051850861869752,0.04979444140568376,0.00023593418765813112,0.050248600030317905,0.0009487237222492695,-0.032089846460148695,0.08036789105739445,0.005540847033262253,0.08362527921795845,0.029263705750927328,0.0020159717835485937,2.0,2.0
Dazap1,0.07973033213522285,-0.1038872041972354,0.03264079532586038,-0.002261801287531853,0.004405973423272372,0.0405467270873487,0.0010023873834870756,-0.0035745416674762965,0.01083445834228769,-0.006441057987976819,-0.033840801486512646,9.348029270768165e-05,0.07582483331672847,-0.0566028115991503,0.0371478169830516,-0.004114069510251284,0.04124668866861612,0.031437399303540586,0.11712708415929228,0.07182578005827964,-0.017213047947734594,-0.08656244655605405,0.009282443597912788,-0.006731233671307564,-0.0801571696344763,-0.006534109888598323,0.0003226273087784648,0.040835888665169476,-0.015163808204233646,2.0,2.0
Ypel4,0.21195163543627132,-0.08315998485777527,0.04364603132009506,0.0021427591145038605,0.07909350012429059,-0.09726218947675079,-0.0030256141303107143,0.008351577445864677,-0.004965997551335022,0.009324376564472913,0.26232270159292964,-0.013365617205854505,-0.026829489204101265,-0.07715853011235595,-0.014469985630130395,-0.0014069437980651855,0.12347841714508831,-0.08965371849481016,-0.10248357217758894,-0.0031508250476326794,-0.003892904329113662,0.05961259335745126,0.0006102675013244152,0.04126338928937912,0.0391599050606601,0.026181557774543764,0.01340862877899781,0.07183814625721424,0.00027108694426715375,2.0,1.0
Cers4,0.18220897764433175,0.05301200862973929,0.009407270466908813,-0.002261801287531853,0.003504695943556726,-0.1092099227849394,0.0018425123672932387,-0.0022130363021278755,0.0063150573510210965,0.013140428269980475,-0.039334997939877214,0.002697631680639461,0.037683033780194816,-0.02475581333041191,0.0313707959279418,0.004598702476359903,0.029134453861042856,0.03833046613726765,0.03561829025158659,0.10585630088346079,-0.0018963968381285668,0.09374076631385833,-0.011373069593682885,-0.011868284493684768,-0.13065090994350612,-0.006534109888598323,-0.011808000169694424,0.09521935634315014,2.9067136347293852e-05,2.0,1.0
Sike1,0.22498746665776706,-0.0552349357586354,-0.024167598912026734,0.0021427591145038605,0.004383238684386015,-0.06733352201292292,0.0012169614830054342,0.008279040977358819,-0.0015023637400008738,0.0023849093867465854,0.27526704004500063,0.003635570029728115,0.06397731786593795,0.06894607827998697,0.026369522158056498,-0.005832988994661718,0.051982926456257704,0.05554917221190408,-0.045389809422194956,-0.07027169869281352,0.00036521722096949816,-0.11199576053302734,0.0007286745123565197,0.010313441678881645,0.004147898331284523,0.026181557774543764,0.02557865469250828,0.10833973739296197,0.008221000134944915,2.0,2.0
Rreb1,-0.1494432118232362,0.05399287794716656,0.005541853436734527,-0.002261801287531853,0.003663350995630026,0.0367498889984563,0.0010023873834870756,-0.002490394316264428,0.015509053824935108,0.003342682113870978,-0.04084939702996053,-0.0014051045943051577,0.09546842792653479,-0.043551528034731744,0.040191918802447615,0.00394668472930789,0.050694734840653836,0.05285770339658484,-0.027797723449766637,0.13216916313162075,-0.002056872956454754,-0.008298458005301655,0.0012440057471394539,-0.032001543641090396,-0.09340821480378508,-0.006534109888598323,0.008225457025691867,0.09226382298395037,0.0004120073188096285,2.0,2.0
Zmym5,0.06981787586584687,0.023505565146915614,-0.016085895281285047,-0.025236940681934356,-0.013608742551878095,0.037429132275283335,-0.00911392766982317,-0.04570009183138609,-0.006233691768720746,-0.003217948479577899,-0.07184278508182615,-0.0523496238514781,-0.03365482338005677,0.05044375481083989,-0.0060412837844342,-0.007069876175373793,-0.3359086361527443,-0.07433408169541508,0.016762032785918562,-0.08736927505116909,0.006467879447154701,0.0005110302800312638,-0.011373069593682885,0.0047428552946075795,-0.031143647814169527,-0.006534109888598323,0.07548505042213946,0.049507777784019706,-0.0035916817467659713,2.0,2.0
Nfkb1,-0.05521815479034558,0.020292524413671343,-0.035677663986571136,-0.002261801287531853,0.0008538753166794777,0.027894717014860362,-0.007713477052748203,-0.028008441738784313,0.02886150313541293,0.009992290800437332,-0.047162478377576915,-0.05153808193281293,-0.0521609040023759,-0.03682723494246602,-0.07056850555352867,-0.002356035099364817,0.0482113952212967,0.05389986463822424,-0.1327074241777882,0.0378270610794425,0.002599955331534147,-0.06885096497368068,0.0009253517584875226,-0.033704792261123655,0.07788847011514008,0.005540847033262253,0.009911506865173579,-0.27163355839438735,0.0009176045970525592,2.0,0.0
Samd5,-0.0723513909522444,0.0082439608767163,0.15164778460748493,-0.025236940681934356,-0.0025754290632903575,0.037844714783132075,-0.0011231951648369431,-0.009145930717932061,-0.022288123131729662,0.013229356061201543,-0.013294979018392042,0.0017456673039123417,-0.024551520638633518,-0.03867561273276806,0.014445904130116104,-0.01629058837890625,-0.2304522834904492,-0.1693216065573506,-0.038381392094306646,-0.16786688677966594,0.010683872457593679,-0.11133026291849092,-0.007256589089520276,-0.0018923631124198436,0.021740694341715425,0.0025448324158787727,-0.04417125231120735,-0.06881571635603904,0.04364731581415981,0.0,0.0
Ube3c,-0.07757270361084011,0.0346101704519242,-0.005019606777932495,0.003809349536895752,0.000630073444917798,0.027883018779102712,-0.002004471207037568,0.049134051986038686,-0.001622561332769692,-0.00815115919103846,-0.12749577237525955,-0.013616295573301613,-0.0873387597501278,-0.05672412396195796,-0.0324781179940328,-0.007070210101082921,-0.025032602624269203,0.0016484899655915797,0.08754343706881627,0.033527331622317434,-0.003647180385887623,-0.08028431044192985,0.0009487237222492695,-0.007172747831791639,0.06147623921977356,0.005540847033262253,-0.013467261507175863,0.05143935087136924,0.001098295816918835,2.0,2.0
Fbxl16,0.2048863645188976,-0.09192915451247245,-0.13685455260565504,0.012975596860051154,-0.07839489781763405,-0.10732741389656439,0.000642668530344963,0.013444136544130743,-0.007470905658556149,-0.0013869659975171088,0.21879502836149187,0.03314976246561855,0.030299277057638394,0.08090500605525448,-0.0008677969826385379,-0.007697291080839932,-0.15267317898338661,-0.0982767175976187,-0.14141540226410143,0.08598770527169108,-0.001657390515320003,0.01564916586969048,-0.000403198366984725,0.014366282531991601,0.0407996242120862,-0.012954579852521419,0.0936284506006632,0.06912992465309799,1.0379175655543804e-05,2.0,2.0
Cinp,0.019776759246597067,-0.08289436090737581,0.032383360797539354,-0.002261801287531853,0.0012909794971346855,-0.04046861323295161,-0.0015979647310450673,-0.004194736746721901,0.0567646818398498,-0.011727285669185222,0.18382307823514565,0.006714936238713562,-0.11792135196039454,0.08316697412170469,-0.08197348807472736,-0.010763558447360993,-0.10080343070672824,0.009457686357200146,-0.015072943163104355,0.059773189763654956,-0.017425954025238753,-0.07410144975874573,0.011917962580919267,0.005460883807390928,-0.0010828493535518645,-0.03643845800310373,0.009764511589892208,0.03555851054843515,0.0021966630034148693,2.0,2.0
Gbf1,0.15570821021450684,0.023135198501404376,0.00950930077349767,-0.002261801287531853,0.003929938543587923,-0.10296338737942279,-0.0036638103192672133,-0.0039053002372384073,-0.09944756982964463,-0.09530862219398842,-0.06086298703448847,-0.02362924225628376,-0.00414603641605936,-0.12820997525937855,0.05625395206268877,-0.008213318861089646,0.014154523999895901,0.05455810146406293,0.04592388744698837,0.035737366825342176,-0.0033326006308197977,0.12569396992214024,0.0041277396166697145,-0.007371909916400909,-0.07169507992453873,0.005540847033262253,-0.0011665094550698996,0.01696510601788759,5.621400661766529e-05,2.0,2.0
Nit1,0.4008902832138119,-0.05438682897016406,0.11772214307216927,0.0021427591145038605,0.011274608252570033,0.07623984431382269,-0.0016526883887127042,0.011371271070092916,0.004764409309718758,0.001495952238328755,-0.027815926333423703,-1.807723194360733e-05,0.043711676504462955,-0.030044242329895495,0.034691990811843425,-0.0015264619374647736,0.11508783881086856,0.06701470114290714,0.058605680163018405,-0.02715735057136044,-0.001338031399063766,-0.07426248458679766,-0.004200159972533583,0.015373388128355146,0.06859652019804344,0.005540847033262253,0.05152642116881907,0.08772252952679992,0.0009255994204431773,2.0,1.0
Palm,0.114561215180438,-0.048961791575420646,0.006403409941121936,0.003809349536895752,0.001469919760711491,-0.16732477287529035,0.0038551395293325184,0.019006063919514416,0.004745344466064125,0.011290282679256051,-0.2939561026613228,-0.0035733703058212995,0.17218400095473044,-0.05040352448821068,0.014824833943275734,0.004607380204834044,0.1558907542936504,0.025252842056797817,0.04740985732525587,-0.04147040125913918,0.00023593418765813112,0.01946527186082676,0.0031405745935626328,-0.032089846460148695,0.0910453050583601,-0.006534109888598323,-0.010556786914821713,0.01310282563790679,-0.012706795101985335,2.0,2.0
Clasp1,-0.3241004908038303,0.017903001306112856,-0.03263310676906258,-0.000952337384223938,0.005186803552787751,0.01687980380607769,-0.0015466741775162518,-0.0074166815914213655,0.039866620308021086,-0.01204077576752752,0.0001541901263408363,-0.005336962451692671,-0.07703580931178294,-0.026965654185041786,-0.0836415232240688,-0.002886983440257609,-0.03030347280204296,0.044491103652399035,-0.03751158843981102,-0.009348725993186235,-0.00305904621258378,-0.05028583264444023,0.0012440057471394539,-0.006462563369423151,-0.12130001252284274,0.003693898022174835,0.023654919820837676,-0.23385658089071512,-3.388887271285057e-05,2.0,0.0
Gm13269,0.09545486863236874,0.06538519974797964,0.04402819485170767,0.0021427591145038605,0.00756667295936495,0.060274082869291305,-0.00021743711084127427,0.007952134087681771,0.011010278027970343,0.0007297607744112611,0.01703045778442174,-0.002377153458073735,-0.09425428113434464,0.02711341391237511,0.030835400107316672,0.028212742069736122,0.019699897496029736,0.025878891041502358,-0.015814695041626692,-0.10726353731006384,0.0007668557949364185,-0.1372969917487353,0.0013879391038790344,-0.03223025461658836,-0.1516544510051608,0.005540847033262253,0.06969816651195287,0.061266548545099796,0.0008099664188921451,0.0,1.0
Glt1d1,0.0019147471571341157,0.02817957871593535,-0.00088379385182634,-0.002261801287531853,0.0008149446174502373,0.021228871885687114,-0.00114964141510427,-0.0038623958081007003,0.008242349568754435,-7.773598888888956e-05,-0.04452155235572718,0.001977280699647963,-0.13072483720257877,0.03253514425829053,-0.15760081700980663,0.003003922961652279,0.028154874404426666,0.02608091976959258,0.03526897098403424,0.05795051028952002,-0.001977165937423706,0.026338076540268957,0.011917962580919267,-0.032001543641090396,-0.19872617810964585,-0.006534109888598323,-0.1812503366637975,0.05387086616829038,-0.004794968795031309,2.0,2.0
Uba2,0.06791966359363868,-0.03849987570429221,-0.14051491253892892,-0.002261801287531853,-0.0027704572305083273,-0.04199943529209122,0.003012417091522366,-0.002412057826295495,-0.0028339483309537173,-0.004723131703212857,0.21467015207977966,0.005800651093013584,0.04098436982720159,0.060744612319394944,0.011948243617080152,-0.009786077602766454,0.17579438695684074,0.019584792410023512,-0.07413894637604244,0.08075394895393401,-0.005841894280165434,-0.025790388886816798,-0.000403198366984725,0.008698278907686471,0.05094031000975519,-0.03643845800310373,-0.0017387984099332243,-0.03633294111117721,0.0007449082005769014,2.0,2.0
Ccnl2,0.19084110105119179,-0.013713990072719753,-0.030032780477777122,0.012975596860051154,-0.088204917605035,-0.19567157846409827,0.008466057870537043,0.040728589436039325,-0.004548638490960002,0.0058170290756970645,-0.05483243293594569,0.009997698776423931,-0.06953385287895798,-0.09297577103599906,0.0005843022721819579,-0.0013620046293362975,-0.10366513023152947,-0.13633564697578548,-0.0510289616137743,0.07070030223403592,-0.003010982552077621,-0.026246761572547257,0.0007286745123565197,-0.003166215461678803,0.07598831847310067,0.005540847033262253,-0.02763367705978453,0.07020364688709378,-0.00017661720514297485,2.0,2.0
Rabl6,0.1339824832510203,0.0282331362972036,0.0007923920545727014,0.003809349536895752,0.003929938543587923,0.04568632816895843,-0.0010526320105418562,0.009659996684640647,0.014615567235741764,-0.0013684266759082676,0.04652987165027298,-0.0003097760211676359,0.027306906403973697,0.04235445238649845,0.02665243928087875,-0.009376331046223641,-0.06305758157279343,0.03792573732789606,0.125904352737125,0.10133272521197796,-0.017425954025238753,-0.12929821167606861,0.011917962580919267,0.010353965759277344,0.05750617603305727,-0.006534109888598323,0.021810952089726925,0.06598403694108129,0.008221000134944915,2.0,1.0
Gm10754,-0.7643747307406739,0.03231022310908884,0.0037657564028631897,-0.000952337384223938,0.0033179833507165314,0.01769138973671943,-0.0016370403114706277,-0.003116509328247048,0.004387013701489195,0.0005879624001681804,0.16188465633429586,0.010768373277969659,0.042021412691101434,0.03420056251809001,0.030403499910607933,-0.007781854439526796,0.05725228300783783,0.05392979270312935,0.018618101254105568,0.07683619003277271,-0.0003022208670154214,0.03364632835611701,0.011917962580919267,0.051557818939909336,0.048894140855409204,-0.012562630949541926,0.019035086692310868,0.05049683011136949,0.0004302706045564264,2.0,2.0
Srsf5,0.21908226084546187,0.025012183785438537,0.03043247701600194,0.0021427591145038605,0.012543848641216755,0.056050988228525965,-0.001228130548261106,0.009659996684640647,-0.002962665124796331,-0.0028638503584079446,0.23004835719941183,0.005016525848768652,0.07081150338752196,0.03138144474476576,0.02783004427095875,-0.0179791380953975,-0.05767488781362772,0.05114077177364379,-0.013740856051445007,-0.08312953639309853,-0.0014898068737238645,-0.172426985707134,0.0013879391038790344,-0.08085444926749914,0.009838699814863502,0.026181557774543764,0.03772399306297302,-0.03740110028535128,0.008221000134944915,2.0,1.0
Ubr2,0.02044335853308439,0.03507627264829352,-0.001636257313657552,-0.002261801287531853,0.001001657210290432,0.050442161629907785,-0.0025247699581086636,-0.0024265681818360463,0.033005924129392954,-0.007435300948563963,0.22825067214202135,0.00015217014122754336,-0.061532579066697506,-0.0392236010869965,-0.04455706551671028,-0.01236332807224244,0.11384350854903459,0.03038068381138146,-0.029550922005437314,0.024331421658862384,-0.003041696324944496,0.06823264922946691,-0.010136286821216344,0.031805460304021836,-0.08426678697578609,0.026181557774543764,-0.06722462614998222,0.08719436895102263,-6.854528561234474e-05,2.0,2.0
Irak1,0.20063261379138567,-0.0960718026291579,0.050472335151862356,-0.000952337384223938,0.022570298314094545,-0.09446148941060528,-0.0019880373124033213,-0.0032354672625660896,0.006880739785265178,0.014246814388316124,0.22514903008937837,0.011014691940508782,0.055480845069978385,0.14245980623178184,0.031703910673968494,-0.008601069184951484,0.14332336108200253,0.02685609885957092,0.041224831745494156,0.07604994125198573,-0.00869890345260501,0.02781728542409837,0.009282443597912788,0.01001652268692851,0.0455955693917349,-0.03643845800310373,0.014584734635427594,0.024284002352505923,0.0007449082005769014,2.0,1.0
Nova2,0.10789812505245208,-0.03294375624042004,-0.0630175212607719,0.003809349536895752,-0.034615515453042464,-0.04411788133904338,0.000917663904838264,0.001369314631447196,-0.009200047735357658,-0.04152007337193936,0.1511347811575979,0.002213325334014371,0.06350488791707903,0.02516006817753805,0.00498841245775111,-0.016115112132392823,-0.01002599268569611,-0.05978130724746734,-0.14434510041959583,-0.06623845525668003,-0.010594710167497396,-0.06384134504711256,0.0012440057471394539,-0.0037711645849049093,-0.10894668663851917,-0.03643845800310373,-0.017450729809352198,0.0483428882388398,0.0008099664188921451,2.0,2.0
Gas7,-0.45992669112514706,0.02102465696167201,0.0025461622094735503,-0.000952337384223938,0.003663350995630026,0.04762170508271083,-0.001709268530830741,-0.0024265681818360463,-0.01607407970353961,0.0017830520682036877,-0.03308645492885262,-0.0028874373948201536,0.015028991834260524,-0.03805304992944002,0.03044273310806602,0.0010117338760755957,0.0071258455235511066,0.037182335536926986,0.012164587657898664,0.04393564498750493,-0.00019243919989094137,0.0035812435299158096,0.0013879391038790344,-0.020285025788471103,-0.12548451289534568,0.003693898022174835,-0.015252180388197303,-0.020681895148009062,-5.052469670772553e-05,2.0,2.0
Yars,0.08130221768282354,0.043338753650896254,0.04518618251895532,-0.002261801287531853,0.0008149446174502373,0.06127506046788767,0.009342099567875265,-0.00586009505437687,0.01134322521975264,-0.035664420393295586,-0.023622131219599395,0.008053640143480152,-0.09725108445622027,-0.019365231180563568,-0.11304009523475543,-0.0005354556324891746,0.09769466056488454,0.040954315438866615,-0.0005569038260728121,-0.15411008135415613,0.0007540298113599419,-0.07670683743432165,0.011362527813762426,-0.03204451645724475,-0.16763480996713043,-0.006534109888598323,-0.04479077510070056,0.016832220666110516,-0.004794968795031309,2.0,2.0
Ywhaz,0.061847998844459656,0.035335794705897566,-0.08980541697703302,-0.025236940681934356,-0.006880622218595818,0.026205061986111104,-0.0015616229875013233,-0.008462108039529993,-0.026001735266763717,-0.002298975889571011,0.09641667248681188,0.037740341876633464,0.05748160207178444,0.07646041475469247,0.002463222530204803,-0.0218911575851962,-0.23861184306442737,-0.21179478879785166,-0.14545925840269774,-0.23382773220539094,0.06669227441307157,0.009872920657508076,0.0012440057471394539,-0.0036807742156088354,-0.014325547590851783,0.006532538197934628,-0.012445489867241121,0.07372097993269562,0.04364731581415981,0.0,0.0
9630028H03Rik,-0.5711289186729118,0.023976440583355726,-0.0014896328432951122,-0.000952337384223938,0.0008149446174502373,0.05441225778311491,-0.0026129049994051455,-0.004700801596045494,0.00801422938122414,0.0002499237400479615,0.005634286508429795,0.0033427342399954796,-0.02945878987200558,-0.03546975343488157,-0.07826638804282993,-0.0008926454931497574,0.11457376874284819,0.04794123764149845,0.007645224775187671,0.08893446889705955,-0.0005412720493040979,0.07243283089715988,0.0013879391038790344,0.003021333650685847,0.08429976836312562,0.003693898022174835,0.017641729949973525,0.07532848970964551,0.00026735726511105894,0.0,1.0
Gm12122,0.23047653122688644,-0.06938051699660719,0.044851952879689634,0.0021427591145038605,0.02028583948034793,-0.06167873023776337,-0.0017830029083415865,0.009925741279148496,0.006123467029538005,0.014225107424426824,-0.10158159170066938,0.0032262421725317834,-0.0029012432554736734,0.10095459252595901,-0.04081061602802947,-0.0010186516679823398,0.15517726657912134,0.019721002483274786,0.0046436273748986425,0.09198710514698177,0.000988323073834181,-0.00878507229499519,-0.007804109631106258,-0.016346384296193717,0.0562301342387218,-0.006534109888598323,0.008242325400933623,0.056768021422903985,0.0033709453325718643,2.0,1.0
Lpcat4,0.30176780551788396,-0.11790486083365977,0.036804537663701925,0.0021427591145038605,0.02327291352674365,0.05613429431337863,-0.001228130548261106,0.011371271070092916,0.005038329428061843,0.014405047348700463,0.22760363936889916,0.0032262421725317834,0.048050912565086035,0.07612947789020837,0.027974778234492986,-0.012670696899294853,0.09062865275889635,0.03738713646307588,-0.028242295745294542,0.12424312065122649,-0.0018662253767251968,0.033745122672989965,0.0007286745123565197,0.02941150843165815,0.08664601971395314,0.026181557774543764,0.028591167284175753,0.08678135422989726,0.0009255994204431773,2.0,1.0
Frrs1l,0.1176132912747562,0.01981608139583841,0.24488688913173973,-0.002261801287531853,0.005852226985152811,0.06614292938262224,-0.005538569116033613,-0.006412075981497765,-0.020032244022004306,-0.025261846794746814,-0.015444653034210205,0.015708075566217304,-0.022140769925899802,-0.03597944907844067,0.006924021956510842,-0.008755413107573986,-0.08925951243145391,0.03824869419913739,0.008533931002020836,-0.15585046116262674,-0.002557606790214777,-0.18354125219862907,-0.010136286821216344,-0.006946097761392593,0.08390793004306034,0.0032427161931991577,0.05650656807236373,-0.13763949082233012,0.00804030891507864,0.0,0.0
Tbc1d17,0.09973028623207938,-0.08117959112627432,-0.05118823077762499,0.003809349536895752,-0.020520892061758788,0.04869631849229336,-0.001621626033447683,0.008351577445864677,0.00012979791616089643,0.004139086522627622,-0.06783143933862448,0.0338570554391481,-0.030632106009870767,-0.042895487942732874,0.00843566159135662,0.00443051865324378,0.12920716304332017,-0.08783933914732188,-0.08788028101902455,0.02992193133395631,-0.0014181547239422799,0.014878153731115163,-0.0015872686076909303,-0.011936279516667127,0.059861248191446066,-0.006534109888598323,-0.011940334576647728,0.05057544918265194,0.00027108694426715375,2.0,2.0
Ppp1r16a,0.1507262836350128,-0.05172393007436767,0.026522778746439143,-0.002261801287531853,0.003663350995630026,0.038726406055502594,-0.0011827730108052493,-0.002821152886026539,0.0038381224300246685,0.00039264731924049557,-0.04235017049591988,0.003154029446886852,0.05798949507490761,0.02103824426885694,0.042708729080623016,-0.0579124803468585,0.005103187509230338,0.043170089465565976,0.03554856576491147,0.1639140906720422,-0.011670754924416542,0.13135799091192893,-0.033976856749504805,-0.000366983599960804,-0.12522718957625328,-0.006534109888598323,-0.058540544344577936,-0.003942217109724879,0.0008099664188921451,2.0,1.0
Col25a1,-0.49557293754070997,0.021519887992180884,0.020848220895277336,-0.000952337384223938,0.0038048394210636618,-0.06956653967034071,0.0006061250437051058,-0.0021799823275068775,-0.007654659607214853,0.013546539945527911,-0.060063645042246205,0.0009129324462264776,-0.04157752132741734,-0.07700196838937699,0.03518343483563512,-0.00142014411278069,-0.01264662395697087,-0.03654386817477644,0.008174981956835836,0.06331465129740536,-0.00269524737726897,0.021951274946331978,0.0010088243847712875,-0.020263539380393922,-0.05304473353549838,0.003693898022174835,0.010998999206349254,0.0478932329127565,2.1800361573696136e-05,2.0,2.0
Fnip2,-0.16404915936407632,0.018598107588477433,0.1650094175594859,-0.002261801287531853,0.003923897362546995,0.03344942203722894,-0.0005643995339050889,-0.0024834623612696306,-0.014465991123579443,0.0004080034815706313,-0.018215554205235095,-0.01503399359062314,-0.016275595717597752,-0.06601656077429652,0.012651143954135477,-0.0027422632277011873,0.07909332294948399,0.024214423596858978,0.03458676239009947,0.06714691483415663,0.0001562271686270833,0.013210425800643862,0.0013879391038790344,-0.03204451645724475,0.08612799230962992,0.005540847033262253,0.017020748590584844,-0.11421621659770607,0.00044804848497733476,2.0,1.0
Kif1a,0.10621178254019469,0.013988347211852669,0.0022466115420684218,0.003809349536895752,0.0033179833507165314,0.04389918257249519,0.0004983512498438358,0.007838736157864332,0.00195140173076652,-0.005071138880448416,0.006902559113223105,0.002745885812910274,-0.0935264433734119,-0.025663811899721622,0.04131104751490056,-0.00770823908271268,0.08633941640029662,0.013643908123485744,0.035399912046268585,-0.07959783204132691,0.007081504631787539,-0.06847195112612098,0.0010919215762987733,0.01132366133853793,-0.12079167292453348,0.005540847033262253,-0.0028199141821824013,0.041878486829809845,-5.052469670772553e-05,2.0,1.0
Wwox,-0.5004783775657415,0.017537511172704398,-0.03956641937606037,-0.000952337384223938,0.0013071754574775695,0.01927345054456964,-0.0010072744730859995,-0.003220800468698144,0.03719890063279308,-0.0031163878785446285,-0.06454726777388714,0.006388711729086936,-0.04251218337099999,0.02734628237783909,-0.004470116775482893,-0.0005044043273665011,-0.013699544433038682,0.0043521163426339625,0.007404461478581652,0.06368904747534543,-0.003926179343834519,0.002730088420212269,0.002600633120164275,-0.01215582925826311,0.020668341820128264,0.003693898022174835,0.017262623612768948,-0.23777670349925756,0.0003219043742865324,2.0,2.0
Srrm2,0.039477473252918574,0.013670299346558749,-0.0009295200067572295,0.003809349536895752,0.0004714183928444982,-0.006258693465497345,-0.007136511229909956,0.015210117623209953,0.004854117773938924,-0.012479268328752369,-0.25272136474610307,7.61605822481215e-05,-0.11484686747193336,0.06641541078686714,-0.08455659721279517,-5.356981186196208e-05,0.004304942297749221,0.017436733925715087,0.030056297951377927,0.12130586297716946,-0.004267512387596071,-0.08533074603648856,0.0038494926691055296,-0.032089846460148695,-0.1855784892477095,-0.006534109888598323,-0.02475452922284603,0.033914875742048024,-0.004614277575165034,2.0,2.0
Pkp2,0.018888999237678946,0.007015972482040524,-0.015035405298694968,0.04428368836641312,-0.00304847399238497,-0.024458579756319522,0.005104418089613319,0.041844204431399704,-0.007693569655530154,-0.026132021194789558,-0.1693556093389634,-0.009259633901529014,-0.046407609437592326,0.1137026262935251,0.00827321769669652,-0.008407666077837349,-0.1446733280457556,-0.0700362621829845,0.002803028654307127,-0.08873339241370559,0.0032953518442809583,-0.07611036333488301,-0.006752065471373498,0.010337284747511149,0.0979114622110501,0.0025448324158787727,0.0019492504629306496,0.031044390830211342,-0.0009683288470841944,0.0,0.0
Polr3c,0.10446631259617789,-0.10454509764211252,0.0490335473488085,0.003809349536895752,0.023252158723771572,0.021666323114186526,-0.0043691038247197864,0.01163331356830895,0.006845408794470131,0.019601070643402635,-0.04597988364868797,0.0006585890054702759,-0.07559879207226913,-0.03244249643326839,-0.05430500618647784,-0.0011463275738060475,0.07805066860979423,0.038440335979685186,-0.03346320525064584,0.09819847987324465,-0.003041696324944496,0.030681483219377696,-0.004200159972533583,0.038271209001541136,0.09673101992346346,0.005540847033262253,0.04578503940952942,0.063109408095479,0.0021966630034148693,2.0,1.0
Hectd2,0.007334366184659302,0.0037013330962508916,-0.00732139078900218,0.04428368836641312,0.003929938543587923,0.038698664866387844,-0.0010555037599988281,0.03895073816180229,0.17405411437619478,-0.005512938783504069,0.016630704759154468,-0.003201985377818346,-0.06186652875039726,-0.034582632519304754,0.02584690277464688,-0.011189423725008965,-0.1945189147174824,0.07931373523548245,0.05884904291247949,-0.06595493581146002,-0.005767580210231244,-0.10516051510348916,0.002600633120164275,0.009988696807995438,0.07499133905861527,0.0032427161931991577,0.019546519527211786,0.08075816551223397,-0.00017661720514297485,0.0,1.0
Rnf112,0.20205368589959108,-0.0840184805705212,-0.02499188098590821,0.012975596860051154,-0.07839489781763405,-0.015039296902250499,0.0007446062099188566,0.026111076248344033,-0.01415357638616115,-0.004657612394075841,0.1429994656285271,0.034035740247927604,0.032787572594825176,0.05889585241966415,-0.0018827184103429317,-0.013551734017673879,-0.1930334886966739,-0.20048044397379272,-0.2964968461263925,-0.0680192871124018,-0.000684612556360662,-0.043344285702332855,-0.000403198366984725,0.0005811273027211427,0.03142947876243852,0.01050505026243627,0.002739873556420207,0.08296214916743339,-0.0007304549356922507,2.0,2.0
Usp7,0.16373123585712165,0.026180039821192623,-0.0005589062813669444,-0.002261801287531853,0.001390557372942567,-0.0871223368612118,0.05488769393414259,-0.0038676084484905006,-0.0024870708002708852,-0.09926524095237255,-0.21961488874978385,0.012834329968318342,0.0343937709054444,-0.11090577437542379,0.02120386390015483,-0.009084766905289143,0.009935991954989731,0.04021607174072415,0.08976828371989541,0.014934063100954518,-0.0007777277007699013,0.12034527188865468,-0.007932510296814143,-0.007172747831791639,-0.0945022918842733,-0.006534109888598323,-0.012880910458043217,-0.015030825342983008,0.0002313160989433527,2.0,2.0
4921534H16Rik,0.392108045789646,0.015459569356171415,0.09649630604777486,-0.0071425303816795346,0.0740680359955877,0.01368733454728499,-0.010599509683670476,-0.022336391415446997,0.0016230537253431976,0.02440544123062864,0.01566794510697946,0.012413811045698822,-0.037069243984296917,0.03737992275506258,0.03127530535683036,0.00120246296050027,-0.1698194553051144,-0.03900877637672238,-0.022302535311318934,-0.13494763213209807,0.07245042043738067,0.035974989398382604,-0.0202062548417598,0.018887588800862432,0.04820608971058391,-0.00279931565746665,-0.03797391227446496,0.0439759941957891,-0.004383393388707191,0.0,1.0
Tbc1d13,0.061207389449700715,-0.0509668288519606,-0.05514016016153619,0.003809349536895752,-0.0023428757209330796,-0.05764119747327641,0.00023027575574815273,0.006482593631371856,0.028332918796222656,-0.007685543154366314,0.22897692223545163,0.005772429420612752,0.12806862418889067,0.043970277477055786,0.04895872161723673,-0.018095954610034822,0.0636345803271979,0.0410082117235288,0.07479135917732492,0.03744290340226144,0.039701583618298175,0.053240893678739666,0.015028303535655142,-0.003942220900207758,0.08732879445888102,-0.03643845800310373,-0.16371617512544617,0.05513760082423687,-0.01498311698436737,2.0,2.0
Ecd,0.1198060761578381,0.010090310373343528,0.0469429893954657,-0.002261801287531853,0.003476638402789831,-0.16773292305879295,-0.004016893096268177,-0.004700801596045494,0.007305255176033825,0.010518048666417599,0.00011019524419680237,0.01835985453799367,-0.056251839259639384,-0.0669004669971764,0.02515572122298181,-0.0060801923274993895,0.10812102935276925,0.05934725886210799,-0.0351265748986043,-0.16459066287614404,0.007617572285234928,0.05912656466476619,-0.011373069593682885,0.033403234891593456,0.07038698194548487,0.005540847033262253,0.0339193554315716,0.05841951965354383,0.0007449082005769014,2.0,2.0
Sema5a,-0.5243784544384107,0.008383100365754216,-0.047227513678371906,-0.000952337384223938,0.0019725988898426296,0.023687852534931154,-0.0006666299002245069,-0.003084614253602922,-0.027266567386686803,0.03367155426647514,-0.02985649706562981,0.009908745009452104,-0.010583119924413041,-0.03362693166360259,0.020750638665631413,-0.0026323702419176697,-0.001474976297467947,0.005632696482352912,-0.006318016496952623,-0.1650122466031462,0.014874477051198482,-0.04352928501088172,-0.011373069593682885,-0.01202456115745008,0.029328537285327912,0.0025448324158787727,-0.020978197411168367,-0.29964530397206546,0.0037008308828808366,0.0,0.0
Rbbp4,0.1243254638602957,-0.11869856171309948,0.023493905174545943,-0.002261801287531853,0.0008149446174502373,-0.03428789144381881,-0.002086409479379654,-0.006412075981497765,0.014453595029190183,0.009273817911744118,0.0251900838711299,0.0033427342399954796,-0.1446965065819677,-0.031030097464099526,-0.07955885023344308,-0.0023656698875129225,0.09247979744104669,0.06642032658681274,0.02939780758228153,-0.0013627169281244277,-0.0013865453330799938,0.03356105121318251,0.009282443597912788,0.031762487487867475,0.03471020015887916,-0.006534109888598323,0.020375740109011532,0.00994553791359067,0.0020159717835485937,2.0,2.0
Dctn1,0.12762603267095984,0.04039183887187391,0.0310310944262892,0.003809349536895752,0.001454957351088524,0.1153370814025402,-0.0019109283946454525,0.01163331356830895,0.014274187441915274,-0.01423729669302702,-0.07586522825993597,-0.0022133917547762392,-0.09027042555157096,-0.022445185817778112,-0.08104921562597156,-0.004528110865503549,-0.14647943422431126,0.04883225224912167,-0.03214278351981193,-0.1043419148772955,0.009072774071246386,0.08591637151315808,0.0012440057471394539,0.011187040684744716,0.1192235750053078,-0.006534109888598323,0.061630454864352945,0.04561003545299172,0.0021966630034148693,2.0,1.0
Pias4,0.06030897718970664,-0.03506307408679277,-0.015203262865543365,-0.002261801287531853,0.003476638402789831,0.044422364169731735,-0.001002684198319912,-0.0037685357592999935,0.15893724162364378,-0.07114369880408049,0.1352913133241236,0.0038706468557938934,0.10125108778942377,0.03774129591882229,0.031205484939273446,-0.05648890987038612,0.08308913965709508,0.0441360902111046,-0.0772410488477908,-0.14618147098459303,0.002072288990020752,0.0453920106170699,-0.0029083658661693333,0.027974129915237428,-0.11613506448455155,-0.03643845800310373,-0.06574356792494655,0.026623647203668954,0.0006292751990258693,2.0,1.0
Dgkz,-0.03234744028188288,-0.004795577104669064,0.009272459521889686,-0.025236940681934356,-0.013155442411080003,-0.01545272909803316,-0.000975984907709062,-0.02165256873704493,-0.16224274083040655,0.06252593097975477,-0.019289115250576288,-0.0020801528496667745,0.04885201500728727,0.034758124357940685,0.025044046498369426,-0.01592841473640874,-0.27689603561535475,-0.2528163484041579,-0.14040137876057998,-0.19791993461549282,0.0023922499641776084,-0.0419312933832407,0.0009253517584875226,0.010563934817910195,-0.014471691250801087,0.0025448324158787727,-0.028860987161751835,0.004513442702591419,-0.004145519477315247,2.0,0.0
Slc9a2,0.14022810507565736,0.006084461244754493,0.02820086494088173,-0.002261801287531853,0.0202921680547297,0.05487569266930223,0.007580862622708082,-0.006412075981497765,-0.032167096138000485,-0.013629453117027878,0.001455282005481422,0.018498644810169936,-0.040906005087308586,-0.03646421192213893,-0.051826910474337635,-0.009971541911363601,-0.06924245286500082,0.03575263508595526,0.041880085777956995,-0.08123079675249756,-0.014904309287667275,-0.1200911650620401,-0.011373069593682885,0.017351979650557042,0.09020046908641234,0.0032427161931991577,0.013557387655600906,0.0661610001930967,0.003041942180134356,0.0,0.0
Tom1,0.06413432584609836,0.017838963634567336,0.16131581331137568,0.04428368836641312,0.03473777971463278,-0.048491717821452764,-0.0018247337162028998,0.04108035736717284,-0.13381262860493734,-0.13209934968384915,0.006163292294368148,0.005199558953754604,0.053113915275316684,-0.09857691855169833,0.006253367552999407,-0.004378715243656188,-0.16798264996963552,0.026359849028522148,-0.0019388653617352248,-0.02965374996885657,0.00012249361723661422,-0.04671795211732387,0.0010088243847712875,-0.0006892797350883484,0.07401013056747616,0.005540847033262253,0.007437916903290898,-0.03581449892371893,-0.00017661720514297485,2.0,1.0
Rfx7,0.08369983116048388,-0.01439290574286133,0.03212591711198911,0.003809349536895752,0.001231902320869267,0.04223268317990005,-0.0014779756870120764,0.049134051986038686,0.0021128400485031307,0.004689887454733252,-0.16526278243632986,-0.014722296642139554,-0.0452968250925187,-0.0035172453662380577,0.014494279199279845,-0.005006024367175997,0.032179042038042095,0.012283674981445074,0.02374847176950425,-0.09902679574675859,0.0021385379880666734,0.09231075893621891,-0.004437836445868015,0.033250472843647,0.07818665728438645,0.005540847033262253,0.09358851607888936,0.04216149528510869,0.001098295816918835,2.0,1.0
Acadsb,0.11029456128366291,0.027990290676243604,-0.0043381260568276046,-0.0013094639033079147,0.0040659983176738025,0.053408784549683334,-0.0011827730108052493,-0.002821152886026539,0.012968517190311104,-0.010022066833917051,0.11119617447257042,0.0061060690507292745,0.19255812901072203,0.0027487778570502996,0.060532317641191186,0.09949798919260502,0.06833933338522911,0.04751337880734354,0.04002633093390614,0.028472990801092238,-0.0046729869022965435,0.14201784586068242,-0.04386846367269755,-0.007508026659488678,0.06085081181488931,-0.03643845800310373,-0.2338972627185285,0.04953095187433064,0.0008099664188921451,2.0,1.0
Ccs,0.1478973945247708,-0.0036731983022764325,0.012446736730635167,-0.002261801287531853,0.0011959190014749765,-0.07341760240495204,-0.001709268530830741,-0.002821152886026539,0.010876476200064645,0.019372458091238512,0.10395710059208796,0.002907710784347728,0.03038254478946328,-0.07510848483536392,0.02254371841903776,0.003436134182848036,0.07991681792249437,0.020434621875174343,0.03658584136981517,-0.007755324923200533,-0.0014181547239422799,0.04261643701698631,-0.04386846367269755,0.008811603933572769,-0.0899145423155278,-0.03643845800310373,-0.007411689767614007,-0.057668209235416726,0.0008099664188921451,2.0,2.0
Tspan5,-0.03457629328127951,0.010779963737586513,0.151359461680986,0.04428368836641312,0.008803117198403924,0.06857172115938738,-0.009872535874601454,0.015979920500540173,0.03825782432453707,-0.010293685512733646,-0.014274088082602247,-0.013837247549090534,0.0005667319940403104,-0.027447752440348267,-0.0029692347557283938,-0.005259288200177252,-0.15568588471389375,-0.2203434469003696,0.009674780503846705,-0.047473506948444995,0.06947493070736527,-0.06817279562354088,-0.007256589089520276,0.010563934817910195,-0.026719193859025835,0.0025448324158787727,-0.00515146279707551,-0.08414679965702816,0.011331542356638238,0.0,0.0
Dzank1,0.025432368195615708,0.07282723737414926,0.009241549752186985,-0.002261801287531853,0.0008149446174502373,0.053047377802431586,-0.010320007707923651,-0.026297167353332044,-0.003919095182791352,-0.019921329403296113,-0.050482856789603826,-0.03990030060522258,-0.0640241520991549,-0.031552709369789225,-0.062371766855940224,-0.0023960645869374273,0.14527392684482038,0.027804474588483574,0.030310678561218083,-0.15642579942941665,0.0007540298113599419,-0.11211598866153509,0.011917962580919267,-0.03204451645724475,0.059030976165086034,0.005540847033262253,0.009944126100745052,0.05384139595553279,0.0007449082005769014,2.0,2.0
Marf1,0.08149843007326125,0.05063919221051037,0.0015279166540130972,0.003809349536895752,0.0008149446174502373,0.08654538844712079,-0.0017009533662348986,0.008522558882832527,0.007674768294673413,0.00019482121570035815,0.23871496448293328,-0.001566502507776022,-0.1107434779801406,-0.031203241976909338,-0.11066455345135182,5.681959912180901e-05,0.16781786104897037,0.04409924790263176,-0.026694465279579162,0.08627699137665332,-0.0018963968381285668,0.06330004847142845,0.0012440057471394539,0.008811603933572769,-0.100859958762303,0.026181557774543764,0.06712897658348084,0.07185833359137178,-6.854528561234474e-05,2.0,1.0
Itch,0.09518150871968828,0.02526200029067695,0.012497955299913883,-0.002261801287531853,0.003476638402789831,0.013780476883985102,-0.0006628919299691916,-0.0037685357592999935,0.013327051140367984,-0.002439727857708931,0.2470506031322293,0.0017114968178793789,0.0883345271286089,0.08912004024721681,0.038206752648111436,-0.017995323590002953,0.07633011516183615,0.05121398569550365,0.02799799585249275,0.0405296616978012,0.011505244188010693,0.13847154386807234,0.002600633120164275,-0.009710277318954469,-0.09971404842101038,-0.03643845800310373,-0.0011794457538053394,0.08178101131692529,0.0002313160989433527,2.0,1.0
Hpca,0.2581285315443529,0.0081539799971506,-0.0357134027313441,-0.0071425303816795346,-0.007832903610542417,0.045212980608921496,-0.002717235111631453,-0.022336391415446997,-0.19704624278354457,0.06066194033948705,-0.012561877659754828,0.003992626165272668,-0.024093567582312972,-0.029163923477753997,-0.016886947192251683,-0.006806863457895816,-0.17751336390152572,-0.1338503031991422,-0.2366279264073819,-0.09504037721082569,0.0037368845567107203,-0.00535493902862072,0.005051477970555425,0.018930561617016794,0.07339299338171258,0.0025448324158787727,0.006156400167383253,0.03227347989566624,-0.004383393388707191,0.0,0.0
Hnrnpu,0.05120562307478394,-0.07450553450500592,-0.005285768364556134,0.04428368836641312,0.03780872679315508,0.05206882648635656,-0.002179719596169889,0.01483988415042404,-0.010768396325875073,-0.00034922945545986297,-0.22274455621954986,-0.010392748550511897,-0.0392078173905611,-0.03379248248413205,0.03207926451927051,-0.00585564985871315,-0.14569828474661337,-0.11900424335384742,-0.006531886127777398,-0.03707829213642981,-0.0027691232226788997,-0.050955001742113384,-0.003482632553204894,0.003456895090639591,-0.010328664530534297,0.003693898022174835,0.022135451901704073,0.01328747192863375,0.011300607204902917,0.0,2.0
Scrib,0.08670290072914213,-0.06937325946986675,-0.05449124805629253,-0.002261801287531853,0.0011959190014749765,0.03356587399262935,-0.0018409156706184148,-0.0032354672625660896,0.008059153938665986,-0.0005063913529738783,0.19605320740723983,0.011014691940508782,0.08523081786581316,0.059704291401430964,0.01542304718401283,-0.05699919778853655,0.16159778701141478,0.010838565365411341,0.04422751472098753,0.014977512529585511,-0.0018963968381285668,0.022286655409261585,0.009282443597912788,0.008811603933572769,0.06838989578187465,-0.03643845800310373,-0.13060414247214794,-0.007872395664453507,-0.012887486321851611,2.0,2.0
Cebpz,0.09410435736645013,-0.10118711269460619,0.04269855848047882,0.003809349536895752,0.0004034233745187521,0.10364585611969232,-0.0031257856637239454,0.05084532637149095,0.008544123722240329,-0.0013452956080436706,-0.2587471650412772,-0.010150445429608225,-0.08629069964401424,-0.05549359666183591,-0.021418425193987786,0.0004996482841670513,0.23762547983555124,0.035909881703555586,-0.009687027563340962,0.019289114167913794,-0.0004570886306464672,0.07030270201619715,0.0006926322914659977,0.028466644110158087,0.05902324363589287,0.005540847033262253,0.07530869191512465,0.026052310522645714,0.00037176168989390136,2.0,2.0
Rnps1,0.16912546660692895,-0.14574605272617192,-0.022318045762367546,0.0021427591145038605,0.004156658351421356,-0.10911641433602198,0.0012169614830054342,0.009990315362811088,0.00678877113154158,0.010120103848166764,-0.029723461279645563,0.0018452863534912467,0.049616290450794624,0.015259390664286911,0.03908566618338227,0.005555189349688589,0.10970693713985384,0.028080321543384343,-0.05174270766787231,0.04375330469803885,0.013169055604375899,-0.03325273877941072,-0.000403198366984725,0.01234953394625336,0.08119433814194053,-0.006534109888598323,-0.0030764594511128963,0.032118042800575494,-0.012706795101985335,2.0,2.0
Hexdc,0.09364411047659814,-0.07325291329994797,0.009553204211406409,-0.002261801287531853,-0.0686473788972944,0.037595859309658405,-0.0011827730108052493,-0.002250728090875782,0.0027586495189461857,0.008296223928919062,0.23012500558048488,0.003154029446886852,0.10219642200274393,0.10702848755754531,0.018451315364800394,-0.05692453108727932,0.17648158607073128,0.017805373165756463,-0.05957117331912741,0.10897529537556692,-0.0018963968381285668,0.05854147195350379,-0.000403198366984725,0.008698278907686471,-0.12957471911795437,0.026181557774543764,-0.057924363031052056,0.02832547139376402,2.9067136347293852e-05,2.0,2.0
Cck,0.1887883299647365,-0.08102483462775126,0.07960446253651753,-0.000952337384223938,-0.012135517094284296,-0.04250801141373813,-0.0019880373124033213,-0.0049467416480183605,0.0036172990128397944,0.002357263599988073,0.1867253273189999,0.011014691940508782,0.05649114940548316,0.14217179393395782,0.014739977577701211,-0.017404962885193526,-0.06313006795942783,-0.048471252660965546,-0.03977182491449639,0.0895748246065341,-0.0035216577956452967,-0.01836125728674233,-0.004200159972533583,-0.0783620258141309,0.05157359394128434,-0.03643845800310373,0.09541817638790234,0.041289982590824365,0.00804030891507864,0.0,1.0
Stmn2,0.07403295459458605,0.003001014292240143,0.10729126954916865,0.04428368836641312,0.008349817057605832,0.028897879568394274,-0.0013273826939985156,0.015109093203791417,-0.028615753994090484,-0.002492945829872042,0.14206588289700448,0.0350900089298375,0.14043176766019314,0.020748838409781457,0.005477523476583883,-0.017703645799774678,-0.16269240360648837,-0.1570379276177846,0.141806007202249,-0.22010130538372322,-0.005519787673838436,-0.0966803117422387,-0.011373069593682885,0.0016263688169419765,-0.024968213196843864,0.0050354986172169445,0.059491557171568274,-0.08339754624990746,0.01153848111629486,0.0,0.0
Fus,0.04767205309588462,-0.015287815406918526,-0.01966678809374571,0.003809349536895752,-0.003915785560384393,0.05133278091670945,-0.0017081505409441888,0.008866314515471459,-0.003227915426250547,-0.02258975485805422,-0.00567038862791378,-0.004923757088836283,-0.08058320336043835,-0.06052028148435056,0.005654665851034224,-0.0075157220917753875,-0.07348519817460328,-0.11522294873837381,-0.09427131669595838,0.05233415317488834,-0.017425954025238753,-0.07457948341965676,-0.000403198366984725,0.010353965759277344,0.09405947423772887,-0.006534109888598323,-0.01803738409653306,0.07432351361960172,0.0009292035549879074,2.0,2.0
Rnpep,0.05629209160804748,0.049714214236009864,0.010655430445913225,-0.002261801287531853,0.003476638402789831,-0.15861775791738184,-0.003613307550549507,-0.006679827820044011,0.015050779609009624,0.023405538292136045,0.006032232157886028,0.05499120538122952,0.00048183022299781443,-0.08511894981376827,0.03581698253750801,-0.00020964100491255522,0.12309042520122603,0.06599305705865845,-0.014490581629797817,0.13470004516653716,0.00023593418765813112,0.029739665701054036,-0.010136286821216344,-0.03204451645724475,-0.05142541194334626,-0.006534109888598323,-0.05059201467316598,-0.003333445228636265,0.0006292751990258693,2.0,2.0
Zswim8,0.025571992613258772,-0.054183360447641465,-0.008276379816234112,0.003809349536895752,0.003476638402789831,0.05468309222254902,-0.0061104566138237715,0.002287490414455533,-0.0013577436795458198,-0.0016525168414227665,0.01902267126366496,0.05022357135079801,-0.015660485499538482,-0.10284169730730355,0.02183372502680868,-0.0018008537217974662,0.1381345429061912,0.06007556738564745,-0.026441362127661704,0.049571358831599355,-0.005332042775116861,-0.07727959626819939,0.00622910819016397,0.03564193670637906,0.08357730912044645,0.005540847033262253,0.0070108149736188355,0.0019509846530854703,0.001015945067629218,2.0,2.0
Ptms,0.26741638719046024,-0.06140197812113911,-0.01597372937016189,0.0021427591145038605,-0.0026178388390690087,-0.14399258291348815,-0.0035837076930329203,0.0077262781653553245,-0.014570140710566193,-0.0038204908650368453,-0.05441027435357682,-0.02226353549398482,0.011558846612460911,-0.06219726679846645,-0.048264777066651735,-0.0069918627664446835,-0.14432796716573648,-0.21625150657026096,-0.049570181507151576,-0.02960296353965532,-0.0023732433281838895,-0.039504582933150234,0.0006926322914659977,-0.04079388210549951,0.010333536376710981,0.005540847033262253,0.005641593860927969,0.010488031306304038,0.002313797902315855,2.0,2.0
Mms19,0.11293559698853642,-0.24325322869466617,0.06277970754308626,-0.002261801287531853,-0.0027823045826517044,0.04450650852173567,-0.010320007707923651,-0.028008441738784313,-0.0016868877550587059,-0.0021691668685525655,-0.1725385754846502,-0.0528429364040494,0.01897153303725645,-0.09381934418343008,-0.010833184944931417,-0.00688529699575156,0.03472148629836738,0.0035111772292293606,-0.03352998375892639,0.00852724329684861,-0.003381844349205494,-0.0015103047713637351,0.0006926322914659977,0.009912451598793268,0.04841638850048184,0.005540847033262253,0.049163744577672336,-0.022075416268780828,0.00804030891507864,2.0,2.0
Actl6b,0.0594932938501006,-0.10053771095816046,-0.04040446678642184,0.003809349536895752,0.0011959190014749765,-0.097381913557183,-0.0032791675836779176,0.025055444985628127,0.02150976089062169,0.0150995043333387,-0.0714819985628128,-0.0008066718559712172,0.07393934877589345,-0.04610828195232898,0.021087093746755273,0.0048711101943627,0.11410943103022873,0.023326741149649024,-0.07808450013864786,-0.0664418480580207,0.004233949221670628,-0.009279207095969468,-0.000403198366984725,-0.033704792261123655,0.04997931702528149,-0.006534109888598323,-0.009999920611735434,-0.04416937511414289,0.0009255994204431773,2.0,2.0
Trim46,0.2675240418460453,-0.06298132483148948,0.006791404460091144,0.0021427591145038605,0.00982284028083086,-0.05393908986821771,-0.0030609252420254053,0.008839409593492746,0.022725395876914262,-0.0006169681157916784,-0.054252389492467044,0.007724325805902481,0.06887990065151825,-0.060676764007657764,0.03228978209430352,0.0013975372794084251,0.004844074540305883,0.07408665629103779,0.03144695075694472,-0.07657051631598734,-0.002864775536581874,0.009831489252392203,0.009282443597912788,0.01841978283599019,0.08152170887216925,0.005540847033262253,-0.002342598848044872,0.052564202938228846,0.008221000134944915,2.0,2.0
Sez6,0.03716384236700833,0.023204121170565487,0.0018208744144067167,-0.002261801287531853,0.0011959190014749765,0.06334814718924463,-0.001846033064648509,-0.002778248456888832,0.00924633237766102,-0.004500879023689777,-0.04630374941974878,-0.0034376974031329155,-0.036345544739160685,-0.02735876518807345,0.01591279638931155,0.003768479861319065,0.05514605598989874,0.019775696685537695,0.04409076577052474,0.17440448310226203,-0.0003220149455592036,0.12471525338012725,0.011917962580919267,-0.03204451645724475,-0.07752245245501399,-0.006534109888598323,-0.03757830062881112,-0.008099063085392117,-0.006967787991743535,2.0,2.0
Slc4a1ap,0.1284978108247742,0.045039368495345115,0.010657377007883042,0.0021427591145038605,0.0009109971765428782,0.027974850195460022,0.0008359472639858723,0.0063035056367516515,0.012382540984544903,0.011238124568480999,-0.025991789961699395,-0.025651988568715752,-0.1292886780248955,0.12228876497596503,-0.058703239778988066,0.018023000531829893,0.07023684155661612,0.02425585494376719,0.007545254989527166,0.12028445680625736,-0.005061315316706896,0.04514153893571347,0.0013879391038790344,-0.033933503236621615,-0.10917634367477148,-0.006534109888598323,-0.041851851316168906,-0.040977526884526015,2.1800361573696136e-05,2.0,2.0
Hnrnpm,-0.009926052684895693,0.01420126400887966,-0.01091579428408295,-0.002261801287531853,0.0012909794971346855,0.036364430480170996,-0.0026129049994051455,-0.004700801596045494,0.004288433366455137,-0.029901749971322715,0.17118476024596022,0.018992277942597866,-0.11216539937537164,-0.03125953044742346,-0.07955885023344308,-0.0013000125321559607,0.13667327991453931,0.0063135207165032625,-0.019412242230027913,-0.08144746178761125,-0.006480612512677908,-0.04905214451253414,0.011917962580919267,-0.032001543641090396,0.11307210078462958,-0.03643845800310373,-0.01564334288239479,0.07028916390612722,-0.006879067587433383,2.0,2.0
Rps6kl1,0.03190959793690126,0.019081748365424575,-0.030634746653959155,0.04428368836641312,-0.0027823045826517044,-0.02663411548361182,-0.0033458531089127063,0.047797483773902055,-0.01563285295618698,-0.018224809237290175,-0.14228853381588125,-0.024069872377440335,-0.01459157958626747,-0.062119699846953154,-0.009872732660733163,-0.00578903142362833,-0.1329450818861369,-0.20846201393287628,-0.11243941175751387,-0.08673235604539514,0.00219149898737669,-0.09691942967940122,0.0008796879276633262,-0.0077059920318424706,0.03410879397531971,0.003693898022174835,-0.006424122336320579,0.011772644091397524,-0.0007304549356922507,2.0,2.0
Grin1,0.07129543496761472,0.04175452649593353,0.03287087578384671,0.003809349536895752,-0.013155442411080003,-0.06214359752833843,-0.0012511938065290452,0.006617335211485624,-0.08127057374163997,-0.02718687920132652,-0.014689466459676623,-0.00787054241867736,0.011954990973463283,-0.05071714613586664,0.02339221948350314,-0.006612295717932284,0.04842135481769219,-0.2424687325488776,-0.09529153213370592,0.0006630035117268562,-0.007114435713738203,-0.008244614414288663,0.003914770474657416,-0.006946097761392593,-0.04078162192832679,-0.006534109888598323,0.0001652574143372476,0.007218261261004955,0.00014680234715342522,2.0,2.0
Zdhhc20,-0.000738239421043545,0.0010474256658926607,-0.02940990757662803,0.003809349536895752,0.0013071754574775695,-0.056297189509496096,0.003882928546518087,0.010572263605426997,-0.007584359848406166,-0.024452541128266603,-0.0628542142000515,-0.0029549323301762344,-0.12775369262788444,0.013622369458898902,-0.08097626125672833,-0.006802096096798778,0.02828672292409465,0.06144040171056986,-0.0038077692221850155,-0.006867017410695553,-0.004647766444832086,-0.0889626112068072,0.0013879391038790344,-0.007371909916400909,-0.1117847029492259,0.005540847033262253,0.04294426320120692,-0.15443617300130427,0.0003219043742865324,2.0,2.0
Lzts3,0.05787241992458803,-0.020208520913729443,0.01930627299938351,0.0021427591145038605,0.002938467841595411,-0.12653625976992772,0.004089780608192086,0.005315443566069007,-0.10023143272148445,-0.004253907756647095,-0.17779558696667663,-0.006317128115333617,0.04739864986157045,-0.09771037585533122,0.025005326675018296,-0.0019247976434417068,0.015053597076330335,0.014414924690499901,0.04595603028079495,0.1106456456228625,-0.0012706351559609176,0.07732388224569149,0.002070034753996879,0.014589396826922894,0.048886064630933104,-0.006534109888598323,0.0036526562413200735,0.01614987560082227,0.008311345782130957,2.0,2.0
Ywhag,0.030419715847820043,0.021177971196593717,-0.008255346487276256,0.04428368836641312,-0.00304847399238497,-0.07222868581768126,0.0030799880344420673,0.041844204431399704,-0.08578839523252099,0.06744850026443601,-0.15602298320038244,-0.005338474400341511,-0.014442768129520119,-0.08855846544727683,-0.016070769666694105,-0.006146170645952225,-0.15353167592198588,-0.1927046446572058,-0.0947667907376308,0.0021922616666415705,-0.005651401891373098,-0.0058930137613788245,0.0017181352339684962,0.009762046737596392,-0.009824011011514812,-0.004063287824392319,0.011216116501018406,0.01226806225720793,-0.0007304549356922507,0.0,0.0
Xndc1,0.20876096717314796,0.03171199246775359,0.007154304399155081,0.003809349536895752,0.001001657210290432,0.07325239502359182,-0.002687039403244853,0.04949014221318066,0.01412689374294132,0.00786856415681541,-0.03557608234579675,-0.004730438804253936,-0.05193533065263182,0.010268959887325764,-0.07939771839883178,0.0008213764987885952,0.1771670885081403,0.029021452686283738,-0.024910608218051494,0.19758846175391226,-0.0013865453330799938,0.0982272989791818,0.0033229098189622164,0.031762487487867475,0.12224645621608943,-0.006534109888598323,0.08277258802670985,0.07916893493384122,0.0004621073370799422,2.0,1.0
Gtf3c2,0.057537641413509845,-0.07484658415894956,-0.0019201738201081752,0.003809349536895752,0.0008149446174502373,-0.12962431576801464,-0.00036252513295039537,0.008279040977358819,0.01411250900477171,0.011913947546854615,-0.0025687029934488236,-0.016909786481410265,-0.019800330246798694,-0.08445269805379212,-0.03203470285050571,-0.008298310753889381,-0.06828109576366842,0.04609370402060449,0.08618906787363813,0.12157135235145689,-0.014599010050296783,-0.003420163835398853,0.008098373487591744,0.0059931490011513235,-0.022298681172542273,-0.006534109888598323,-0.0024608645401895048,0.02115873045288026,0.003349980339407921,2.0,2.0
Gm15577,0.07960766702832188,-0.047099448973312974,0.04458466644166038,-0.0013094639033079147,0.004775130597408861,-0.08718740387819707,-0.003015053323470056,-0.0031649260089034216,0.0008754377043806017,0.011569890070240944,-0.06867164233583026,0.016323252199217677,0.024950304464437068,0.11026089482940733,0.011805327320471405,0.031682938132435084,0.07378137541236356,0.00842088450677693,0.0070895899180322885,0.11814457709901034,-0.0010829650610685347,0.011302720280364156,0.0012610973790287971,0.03147100735455752,0.07497159817721695,0.005540847033262253,-0.028621742855757474,0.018573199813254178,0.004268387677147985,0.0,1.0
Trps1,-0.35301752251107243,0.018230969626456497,-0.04474488578736782,-0.0007142530381679535,0.0016326237842440605,0.03419392114039511,-0.0016713564191013575,-0.004876200394355692,-0.09399205822031945,0.006291004687082023,-0.07492879441822879,0.01748296868056059,-0.004389336230233311,-0.05187384843826294,0.005181299196556211,0.027523187233600765,-0.03256587290787138,-0.0020739041361957787,0.006450585321290419,0.05075270104687661,-0.0029019685834646225,0.036627968940883875,-0.007932510296814143,-0.0029389248881489037,0.000865807281807065,0.003693898022174835,0.01146966842818074,-0.29620474502444266,0.006565421656705439,0.0,2.0
Fam114a2,0.18635170707944781,0.03775213089305907,-0.0010770998336374759,-0.002261801287531853,0.011070623183622957,0.07682343278545886,-0.0012705222703516482,-0.0033348754420876505,0.017307160540949555,0.009735285283531993,-0.01213462903862819,0.0016817018017172814,0.07285425611305982,-0.020409753297535645,0.03146005548071116,0.0022180662490427494,0.14682590503245593,0.039331826330162585,-0.0980149119719863,-0.10640989106148481,-0.001977165937423706,0.07452333220746368,0.0012440057471394539,-0.032001543641090396,-0.10547646217048168,-0.006534109888598323,0.04750508807599545,0.09123184369876981,-0.00015162408351898193,2.0,1.0
Limk2,0.06961108835879713,-0.09339436708716675,0.000700209082569927,-0.002261801287531853,0.0010788562055677176,-0.09923644579248503,0.00043852427043020723,-0.0027834610972786323,-0.004432174126850441,-0.024130077469162643,0.014590359479188918,0.06835544354747981,-0.08162517491262405,-0.11644797192886472,-0.13016066065523774,-0.0028972773207351565,-0.0217293261596933,0.026388566922396422,0.053245064688380805,0.051150304349139336,-0.0026109891384840014,0.02982145740184933,0.004615284763276577,-0.006946097761392593,-0.057045161600690335,-0.006534109888598323,-0.04135393442586064,0.03034969343803823,-0.00777151259011589,2.0,2.0
Rsf1,-0.078816649352666,-0.030610010467935354,0.039359121760353444,-0.002261801287531853,0.0004714183928444982,-0.07272070046048612,0.04451411319896579,-0.01045313079841435,-0.011507574366405607,0.0011865504388697446,-0.2501051564863883,-0.022599920267239212,-0.024119495812337844,-0.0629301547817886,-0.02213866788428277,-0.0022124569583684204,0.1409111771802418,0.02579783749068156,-0.08193645015824585,-0.11916706314310431,0.0020588309690356254,-0.018267032518051566,0.0006926322914659977,0.033250472843647,0.09626068125013262,0.005540847033262253,0.005212996485643089,0.01710966248065233,0.00026735726511105894,2.0,2.0
1110051M20Rik,-0.0560170731600374,-0.045353419214952735,0.006565616342704743,-0.002261801287531853,0.0008149446174502373,0.038634874392300844,-0.0022232750221155583,-0.006846256796270609,0.026569367453921588,-0.06018033682834357,-0.08103441365528852,-0.04629913329146802,0.004369587989058346,-0.03007277823984623,0.02541270522051491,-0.008044383043888957,0.10249043456511572,0.04291348427068442,0.02130410371813923,-0.1462543700262904,0.0001562271686270833,0.00201647148700431,0.0012610973790287971,-0.03204451645724475,-0.03743988085538149,0.005540847033262253,0.022308120287489144,0.07541018538177013,-0.00023121591657400132,2.0,2.0
Ccnl1,0.25953455807815773,0.02781306009972468,0.0768868782138452,-0.0007142530381679535,0.004486436602892354,0.08459871177561581,-0.002714842678979039,-0.005418274262920022,0.008897666125558317,0.005175400655716657,-0.07153910020715556,-0.0069141554459929465,-0.14702755239326507,-0.0567119526071474,-0.021661291937343775,-0.009493679888546467,-0.11622996721416712,0.020038286274066196,-0.007704124860465527,0.026343486521509477,-0.000797934157308191,0.017628962827729994,-0.010136286821216344,0.015360851245932282,0.037525230897590515,0.005540847033262253,0.06520655479980633,0.0813236572756432,0.007346363570541144,2.0,1.0
Fbxo11,0.12512722531333564,0.0006401392328552901,-0.06774078236427158,-0.025236940681934356,-0.0021221289224922658,0.028588486223015935,0.009194034058600664,-0.02154079617932439,-0.16726921500172465,0.027253942671231924,-0.057320644847350194,-0.0020479666697792707,-0.033907443752977995,-0.04984125068411231,-0.008783788282889872,-0.010259059318341314,-0.22884541972540318,-0.10945052773226052,0.03785760207683779,-0.03490575676783919,0.0028306385688483715,-0.04321396843995899,-0.007932510296814143,0.010563934817910195,-0.04606100347125903,0.005540847033262253,0.01887195560382679,-0.15501608532853425,-0.004585826452821493,2.0,0.0
Copa,0.2008775600604713,0.039766550972126426,0.027286109658889474,0.003809349536895752,0.025755197457037866,0.11875566432252527,-0.0019109283946454525,0.01163331356830895,0.01861951157450676,-0.000294640026986599,-0.05685994188999757,0.008992414269596339,0.18776190144009888,-0.01993068413808942,0.025761374607682228,0.0035389649868011477,0.1186113256122917,0.06477105936035514,0.037242053633090105,-0.08720634771510959,0.0020588309690356254,0.085843341271393,-0.011373069593682885,0.030162965171039103,0.02904191962443292,0.005540847033262253,0.021428946554660797,0.09137297483161091,0.008221000134944915,2.0,1.0
Mecp2,0.014139615994645282,0.03271843682276085,-0.005483362511731684,-0.002261801287531853,0.0075230839406140145,-0.06932091628434137,-0.001383297313004732,-0.0038625942968064917,-0.06731014815624803,0.03592822484206408,0.2272416809340939,0.011014691940508782,0.07179916349006817,0.08512491427361965,0.03672901809215546,-0.013099139044061302,-0.02692796925548464,0.0396193506475538,0.06971931901527569,0.07090796778909862,0.014424767470918596,0.07702751613687724,0.005264447131194175,-0.03844578405842185,-0.021812954172492027,-0.03643845800310373,0.015129811733495445,0.02185413219034672,0.003222633400000632,2.0,1.0
Agl,0.10054563463665545,0.04729066249448806,0.03818707732483745,-0.002261801287531853,0.003269615430617705,0.08554126526229083,-0.0004104018211364746,-0.005327928630285896,0.060084591256454586,0.06443682499695569,0.02199770706705749,0.003762498926371336,0.02329332209425047,0.031505726594477895,-0.05025430514011532,-0.0008155458606779575,0.034325840258970855,0.03855505911284127,0.033474068838404494,0.17874882482923568,-0.0013865453330799938,0.05592119207372889,-0.007932510296814143,0.031762487487867475,0.06248066491447389,0.005540847033262253,0.07587713992223144,0.08096132125705481,0.008221000134944915,2.0,1.0
Fth1,0.2140922489645891,0.03784843821078539,-0.13422837491612882,-0.000952337384223938,-0.029451582301408052,-0.11954220746643841,-0.0016635606670752168,-0.003960918644443154,-0.0019491154653951525,-0.002460051062516868,-0.04944532266817987,-0.01882179462816566,0.0440246306406334,0.0948340349481441,0.003427159220445901,-0.004860211019404232,-0.06876590100349858,-0.3052789146476425,-0.0680120976222679,0.06442979067389387,-0.0023732433281838895,0.008637006152421236,-0.04012066669762135,-0.041791142504662274,-0.024325370427686722,-0.006534109888598323,0.007878516694763676,0.015981695391237737,0.002133106682449579,0.0,2.0
Cpsf7,0.1034872383158654,0.034024769780226054,0.0007923920545727014,0.04428368836641312,0.003929938543587923,-0.014089496855158359,-0.001228130548261106,0.03910704048350453,0.007932055816054344,-0.003957645941991359,0.16922402451746166,0.004724827059544623,0.06478051863145083,0.051463335854932665,0.026889922737609595,-0.017217665885109455,-0.1848313100764062,0.06985390471294523,0.1425166955566965,0.06701232086634264,-0.006054800357669592,-0.11562418725807219,0.011917962580919267,-0.003753485605120659,0.07443996197544038,-0.03643845800310373,0.03922145672142505,0.053740157540887595,-0.00017661720514297485,2.0,1.0
Sec61a1,-0.009619014383060858,0.03819251467473805,0.0784823542367667,0.003809349536895752,0.026367152649909256,0.007271039388142526,-0.0016358812665566802,0.009659996684640647,0.00482687684474513,-0.02593851248268038,0.012334641974885017,-1.807723194360733e-05,0.07543940724339336,0.034502803049981594,0.02621263138251379,-0.008204836496151984,-0.041466267430223525,0.091675646151416,-0.02811353959143162,0.005159795782528818,-0.017425954025238753,-0.1355147461872548,0.011362527813762426,0.010353965759277344,-0.008624046174809337,-0.006534109888598323,0.05134077551774681,0.034365872666239736,0.008221000134944915,2.0,1.0
Cry2,0.07197123498190194,-0.0932002752739936,0.03546350498916581,-0.002261801287531853,0.003476638402789831,0.054040614143013956,-0.002086409479379654,-0.004700801596045494,0.01264756259508431,-0.0003901608032174408,0.011169580202549696,0.0028491011075675488,0.012133104923414066,-0.028244692469015717,0.0244914183113724,-0.0036719578877091406,0.07547061991877854,0.06456681543961168,0.028109413278289138,0.12409644889645279,-0.004267512387596071,-0.15700017144903541,0.0012610973790287971,-0.03204451645724475,0.08302231807261705,0.005540847033262253,0.012373992763459683,0.057305668238550427,0.0007449082005769014,2.0,2.0
Xist,0.12305651847273111,0.0547414106875658,0.0518480573548004,-0.002261801287531853,0.0033179833507165314,-0.08301741629373283,0.003012417091522366,-0.0041233322117477655,0.011589536124374718,0.013235429672058673,0.2263254110282287,0.005800651093013584,0.09139080653898418,0.10353552684187889,0.029027215479873122,-0.008869904945604502,0.12977365674450994,0.07760281968396157,0.009760169275105,0.05929592047352344,3.391191363334656e-05,0.0548753372952342,0.011917962580919267,0.006008992791175842,0.02907434803433716,-0.03643845800310373,0.02469067464582622,0.03258891738951206,0.00804030891507864,2.0,1.0
Plcl1,-0.5541375532513484,0.008033590208506212,-0.047075649946928026,0.0021427591145038605,-0.0018939837138168515,0.01833544393768534,-0.0007315252302214503,0.009257959407404997,-0.01490413238061592,0.03300051323138178,-0.019670652269851416,0.0020940298214554786,0.0028017697273753583,-0.03327116021886468,0.0010705748503096401,-0.0023942857468500734,-0.0024121925767394714,-0.03402188284788281,-0.05779890686739236,-0.20401712868828326,0.015321579789742827,-0.04881605497095734,-0.007256589089520276,-0.001627908730879426,0.049034724029479546,0.005012095095589757,-0.020218716266099362,-0.2430564678274095,0.004349581355927512,0.0,0.0
Syt14,-0.006101506080012769,0.0048801003815606234,-0.033845617207698526,-0.002261801287531853,0.0013071754574775695,0.006415931277442724,0.06376405939925461,-0.01216440518386662,-0.03737467194907367,-0.004185281682293862,-0.0878931014589034,-0.017041123369708658,-0.05165832935366779,0.006405462585389614,-0.06170925546437502,-0.004618846010416746,-0.0778174820356071,0.012433693322818726,-0.02090141826774925,-0.18987670002505183,0.008528353776782752,-0.033867540245410055,0.0012440057471394539,0.011187040684744716,0.11507585604675113,0.0032427161931991577,-0.0009310893318615854,-0.1803449722006917,0.0009176045970525592,0.0,0.0
Sbf1,-0.0018028825996952947,0.02481437704525888,-0.025301267553586512,0.003809349536895752,-0.013155442411080003,-0.11777993519790471,-0.002004221077077091,0.01835043997503817,-0.01649614906171337,-0.03182737151393667,-0.0875697421003133,-0.013482177178375424,-0.020102827165974304,0.015698304377419845,-0.0057895700237713755,-0.008573670871555805,-0.16143547007115558,-0.2698062227969058,-0.08507801439445757,-0.0663351510593202,-0.0023057995922863483,-0.07536260845372453,0.0012440057471394539,0.010139101669192314,0.042357763759791854,-0.006534109888598323,-0.002992810322903097,0.05044559171423316,0.002313797902315855,2.0,2.0
Ivd,0.16755329082719983,0.020255937916226686,0.04362610491691157,-0.002261801287531853,0.003827451504766941,-0.21286703321151434,0.0039337676391005515,-0.0019726575404638426,0.011912811470683664,0.011155704772099852,-0.0005599595513194799,-0.010453584734350443,0.05614173734560609,-0.06248188053257763,0.026218884629197418,-0.0019522012444213033,0.14230622140690685,0.054943623505532745,0.015373108384665102,0.13505421022884548,-0.0013865453330799938,0.08939345474587754,-0.011373069593682885,0.031762487487867475,0.07127990808337926,0.005540847033262253,0.003538421643897891,0.06808845281135291,0.0009255994204431773,2.0,2.0
Atp1b1,0.10399823936168104,0.01955495999660343,-0.0304791280743666,-0.002261801287531853,0.0008538753166794777,0.023416867121122776,0.005987100237980485,-0.002063003173097968,0.011551833115518093,0.009837739432696254,-0.029679885738296434,0.0036784119158983232,-0.10031716503668577,-0.05488539431244135,-0.04199916747165844,-0.0031606214866042137,0.17037557223578914,0.10428798098815605,0.0038526774477213623,0.05181829055771232,-0.00511407881975174,-0.052752475098241124,0.0013879391038790344,0.031805460304021836,0.10628234217409044,0.005540847033262253,0.04795719529967755,-0.12061009001452476,0.0055214622570201755,0.0,2.0
Pde4d,-0.509257124341093,0.002297537026461214,-0.043940956331789495,-0.000952337384223938,0.0013071754574775695,0.016524072114843875,-0.00022489996626973152,-0.00357248074375093,-0.08865699014859274,0.033794518241193144,-0.0199130944814533,0.0026213981211185454,-0.0591588524368126,-0.034612081944942474,-0.13302297597751023,-0.0028587935026735067,0.04322127782274038,-0.009615445386152714,0.04371255634934641,-0.16844982855953275,0.014874477051198482,-0.02925690246745944,-0.007932510296814143,-0.01202456115745008,-0.04401272703194991,0.0025448324158787727,-0.03255881322780624,-0.26103236207738517,0.00010715706273913384,0.0,0.0
Rnpepl1,0.2491853883600561,-0.009407133294735104,-0.006744865365326405,0.0021427591145038605,0.007161146495491266,0.03998384241014719,-0.0012139421282336116,0.009659996684640647,-0.017045102762058378,0.0003770015388727188,0.08133261787006632,0.005085921003483236,-0.16286299236118792,-0.027195181343704463,-0.03111339671770111,-0.002667581532150507,-0.0039657987875398246,0.04941543628461659,0.10604210220044478,-0.2380120473448187,0.012395907389000059,-0.060098679740913215,0.006459398670122027,0.019424749026075005,0.06512812614208087,0.006532538197934628,0.042621747418306766,0.032008883683010934,0.003349980339407921,2.0,2.0
Cdk6,0.08877911782357842,-0.03689179253880866,-0.0022259016218595207,-0.002261801287531853,0.02309350367169827,0.045438157068565486,-0.001445168424397707,-0.004432820603251457,-0.10356541888788343,-0.0780814528465271,-0.004429586445912719,0.01082211924251169,-0.08886337835690938,-0.10024582165759056,-0.034079923508688804,-0.0062069897726178165,0.08037538236007094,0.025579154172446578,-0.021923395164776593,0.053663749645929786,0.011505244188010693,0.07513514596037567,-0.007256589089520276,0.01132366133853793,-0.003255487671121955,0.005540847033262253,-0.01046572342980653,0.06866731065325439,0.0002313160989433527,2.0,0.0
Fmo1,0.08307888755574823,0.03020843639038503,0.09530673429835587,-0.002261801287531853,0.0032584739301819354,0.008268672227859496,-0.002366646593436599,-0.007996469610952772,0.009120497507974506,0.0011611979687586426,-0.19449494022293948,-0.004407039736397564,-0.15284506658324973,0.08348275148309767,-0.09546678045298904,-0.007054969551973045,-0.12429562464822083,0.02353122554719448,0.03648086989298463,0.09585317168734037,-0.001963741360232234,0.017949228817597033,-0.011373069593682885,0.000639997785910964,-0.008124898369424045,-0.006534109888598323,-0.04445482838433236,-0.17197546081617474,0.0036646926309913397,0.0,2.0
Angptl2,0.07245960935368202,-0.1806665482185781,0.11387849629158155,0.0005950833112001419,0.014888572497293353,0.11074568204930983,0.010646490966901184,0.0,0.04067504158243537,-0.013408798528835177,-0.0692088854627218,0.009676166519057006,0.08310147293843329,0.012456050855107606,-0.0948146610049298,-0.06521685449406504,0.0020108043448999525,0.04674035525706131,0.0027963728632312266,-0.01036027904599905,-0.0050725426431745295,0.04165986395440996,0.004204211300238967,-0.0005331012979149819,-0.01097551453858614,-0.0011046872357837855,-0.01288404706865549,0.015514158448204397,-0.02457023484632373,1.0,2.0
Dusp4,0.06324676250573248,0.037180644506588575,-0.021359686767682434,0.00029754165560007094,0.020133255552500486,0.04148090600501746,0.003609737791121006,0.0,0.04066182336769998,-0.0016183468280360103,-0.036583775284234434,-0.031641659950837495,-0.056021497431211174,0.05537456025835127,-0.0096876021893695,0.09986066526733339,-0.05410209453431889,0.07349910812452436,0.03761244294932112,-0.2029280264955014,-0.00010075458791106939,-0.00447124163620174,0.0028793463623151185,-0.000229426845908165,0.003663948439061642,0.00036822908092290165,4.362414591014385e-05,-0.08031356184743345,0.0023143683222588154,1.0,0.0
Gm20721,0.04655175284016878,0.04143218722194433,-0.1968503124359995,0.0005950833112001419,-0.039301197938621045,0.0949309708212968,0.016051352443173527,0.0,0.03490605374099687,-0.0014787562377750873,-0.07076196768786758,0.007282817484810949,-0.03295246974099428,-0.02404592842794955,0.00014806160237640142,-0.04064187912270427,-0.007920045093633234,-0.05079512698110193,-0.03905110567808151,0.16939750055782496,0.038778695659711954,0.0859852326568216,0.029200974866980686,-0.0021522879973053933,0.02087155222892761,0.0006575519219040871,0.0023033274384215473,-0.03249008693732321,0.0023142904741689564,1.0,2.0
Slc23a2,-0.031585563397966324,0.03085415522567928,-0.013907852284610271,0.0003967222198843956,0.03314213877543807,0.03706306195352226,0.004078759243711829,0.0,0.022293449429562316,0.03060055164154619,0.13761364865349607,0.002302195981610566,-0.022477954117348417,0.03720180063974112,-0.003985178959555924,-0.013710438087582589,0.0278962979093194,0.04283323593903333,0.10941250263480469,-0.3539398817671463,0.0032954886718653143,-0.13675579597242177,-0.01545258853060659,-0.003700565807521343,-0.006290737390518188,0.00198017067508772,0.009143997194478289,0.03167481207288802,-0.002766249286942184,1.0,0.0
Btbd2,0.023825182490836597,-0.09041154585545882,-0.04275118155404925,0.0003967222198843956,-0.06065496486087795,-0.1493074101721868,-0.011556533958064392,0.0,0.019787170202471317,-0.0013027277449145912,0.02634055289090611,0.0011202861787751317,-0.06493055943872605,0.024127669665031135,-0.06633202569297282,-0.07068026888184249,0.03832259480841458,0.00681063819443807,0.006945703517121728,0.0631786609464325,-0.002563089863397181,0.028516068421304226,0.027749777744757013,0.003743712827563286,-0.007008502036333084,0.0004734373837709427,-0.013834174553267076,0.0032167340570595114,-0.004769081017002463,1.0,2.0
Mfap3,0.12392861335072666,0.11256426576524974,-0.061151794753968716,0.00029754165560007094,0.028218997758813202,0.050872394796460864,0.0702954105567187,0.0,0.053817695239558816,-0.01721875010523945,0.16369270099326969,-0.004773482435848564,-0.013014925317838788,0.0025268908170983195,0.010899947062134742,0.04642352124210447,0.03524354136083275,-0.014797089025378227,-0.017810977487824856,-0.006411010742885992,-0.0010528217372484504,0.10577121930196881,-0.06407887072477024,-0.0028645287035033106,0.0502082010731101,0.0010520830750465394,0.024434340931475163,0.03658891161903739,0.003819069042801857,1.0,1.0
Synrg,-0.07798166804248467,0.0148430578969419,-0.05593964370666072,0.0005950833112001419,0.021531587280333043,-0.07673635351704433,-0.05571759195998311,0.0,0.0008994975313544273,-0.013611331055872143,-0.1148981633130461,-0.00024557902477681634,-0.02933419547509402,0.03744567181449383,-0.0006092541478574276,-0.037915208227932456,0.01807360047241673,0.0052822074224241075,-0.046450873019639405,-0.21082945547183043,-0.004814091559965163,-0.07045434165745973,-0.06150676665012725,-0.0035257602483034136,0.0034213011711835863,0.0011309893149882555,0.005457630236633122,-0.0809260428044945,-0.004769081017002463,1.0,0.0
Bcl7c,-0.021246983620803805,0.03708110887557268,-0.006735020475462079,0.0005950833112001419,0.03740982604125748,0.06778756901621819,0.013932708827778697,0.0,-0.01872740044258535,-0.01304506989195943,-0.15220687785651535,0.006143913601408713,0.014175081178545951,0.016111677838489415,0.004452296998351812,-0.03863561247242615,-0.005667822929099202,0.002524269136483781,-0.030203972621820868,0.05637544303201139,0.020789168202318253,0.027206989894621073,-0.0031484781077597292,0.003602784420363605,0.021706368681043385,0.0006575519219040871,0.02459559615002945,0.049952994864434004,-0.004769081017002463,1.0,2.0
C1ql3,0.21017047044006176,0.09172110760584473,0.01936447447980754,0.0006942638661712408,0.04038465143094072,0.06390517937485128,0.021049393638968468,0.0,0.06644619222730398,-0.000627741920761764,0.009841907913796603,0.0005554429814219475,0.038491583596915006,0.03719467188231647,0.013821380194276572,0.02827379078604281,0.03851573638617992,0.041839114152826366,0.003957100498955697,0.17524767210241407,0.00500565669964999,0.038920994820073246,0.02232986426941352,0.010208962261676788,0.019777000807225706,0.0006575519219040871,0.012176111815497279,0.05092141606844962,0.0023143683222588154,1.0,1.0
Nkain1,0.12837417100090534,0.08573422753252088,-0.027655002111569047,0.0003967222198843956,0.03614312555640936,0.04846371076069772,0.019082572050392627,0.0,0.0610392128303647,-0.0018088411027565598,0.07635382154025137,0.0011202861787751317,0.07406477885087952,0.015662500229664148,0.01404758494347334,0.005851931043434888,-0.010735855372622609,0.14818087670719252,-0.01327895839465782,0.12603323527146132,0.004408996072597802,0.08163986053317786,0.014915762115269899,-0.0002792457910254598,0.05764865301549435,-0.005839061066508293,-0.10445150782819837,0.03717920171795413,-0.008689293614588678,1.0,2.0
Xylb,0.11440763826947659,0.06742626069113612,0.14921836080029607,0.0005950833112001419,0.03133515845518559,0.09010943210450932,0.03469125919044018,0.0,0.06702161378227174,-0.012424650145694613,-0.05069882411044091,0.0007401160150766373,0.044846196512226016,-0.02099129857029766,0.015696323793381452,-0.06782567556947469,-0.0025034792302176356,-0.030414265249855816,-0.025883722708094865,0.09398292852099985,0.004571778397075832,0.032718982556834815,-0.010238817874633242,-0.0005331012979149819,-0.019283807165920736,0.0006575519219040871,0.042184946262277666,0.018896635661367327,-0.02457023484632373,1.0,2.0
Tmed4,0.21159556330589113,-0.14852347053587436,-0.06534818956628442,0.0006942638661712408,0.015890074772760273,0.06624707015231251,0.05650352610275149,0.0,0.07133095753379166,-0.008039687876589596,0.015817767719272523,-0.0016199337702710182,0.10468530545942485,0.01541637527756393,0.010203856900334358,0.03989224105142057,0.01356649439316243,-0.022445281967520714,-0.03785192864947021,0.11313794159214012,-0.0034932429064065216,0.096977534359321,0.045016038280446084,0.0118281489610672,0.001372249610722065,-0.0011046872357837855,0.04678682386875153,0.00691430670209229,-0.002683357177884318,1.0,1.0
Ccdc159,0.16757062068558298,-0.05870197084732354,0.2022729062056169,0.00043639444280415776,0.03910520847886801,-0.06248428002232686,-0.02567713581956923,0.0,0.030049632703885436,-0.0004745722934603691,0.13990439382148906,0.0006115637323819101,0.02845608733128756,0.03751694473437965,0.010698122136527672,0.026704040630720557,-0.008699734916444869,-0.07496584392152726,0.038032173382816836,0.09555197617970407,0.001992612243629992,0.06965265749022365,0.022354382695339153,-0.0010450707376003265,-0.0029881029948592187,0.00036822908092290165,-0.004511476333718747,0.00974804654950276,0.008332099058898167,1.0,2.0
Rhobtb1,0.01576936088036746,0.014703235104680062,0.1160754953045398,0.0005950833112001419,0.017625466594472526,0.05477069007931277,0.0014791146852076054,0.0,0.025331868366338314,0.01543335628695786,-0.02703265099436976,0.0016802968550473452,-0.03745005426346324,-0.03710260313004255,-0.04753055157023482,-0.019256448368541897,0.032012688291724774,0.022218466764315964,0.06798344407230615,-0.28730222708079967,-0.0030697993747889995,-0.13500943289138376,-0.007633393304422498,-0.0035257602483034136,-0.0069865817204117775,0.0019350814004428685,-0.002800966593204066,0.007003896031528711,0.003819069042801857,1.0,0.0
A830019P07Rik,-0.0974722512345761,0.04178524097194895,-0.07135679033584892,0.0003967222198843956,0.024057178795337676,0.05249517890159041,0.025078208912163974,0.0,-0.013304313151165844,-0.0015457730274647473,-0.11916079551912845,0.00692484431900084,-0.031145701501518488,0.01472519973758608,-0.0011367035144940018,0.04818744065240026,0.01340897539164871,-0.05587760062888265,-0.03687182049266994,-0.0014952053036540746,-0.00470493987435475,0.10831566994544119,0.06567619547713548,-0.003413917603902519,0.0502082010731101,0.003919009459204972,-0.10945615315111354,-0.011468216748908163,0.003819069042801857,1.0,1.0
Gm16845,0.03434852366102859,-0.24526780634187162,-0.03643092950806022,0.00029754165560007094,0.009344367948360742,0.04057723029865883,-0.021320444904267787,0.0,0.06131764720194042,-0.0011574103636667133,0.13668618616531603,0.0037652019783854483,0.0939545681886375,-0.02065312847495079,0.00904508029576391,-0.003967950385995209,-0.1040003005368635,0.04390404554549605,0.034717979314737024,-0.039333961685188115,-0.0034921260690316557,0.053147783265449104,-0.0032460014044772834,-0.006102452892810107,-0.004610236780717969,0.0004734373837709427,-0.0008524740673601628,0.00388587505556643,0.022678900994360447,1.0,2.0
Armcx1,0.22424357953947038,-0.15109011195134373,0.016264223735779525,0.0006942638661712408,-0.08475654061185196,-0.07062085438054055,-0.03266145220957697,0.0,0.041148581048473715,0.0016792210866697133,0.000503958539920859,0.0013113055005669594,0.03291580012650229,0.013013636691030115,0.009025317230261863,-0.026362287926021962,0.0049674433283507825,0.024617702793329956,-0.006574490175116807,0.1004333010641858,-0.0010664270538836718,0.0766245027910918,0.010114200777607038,-0.0008452929556369782,-0.014506417773663998,-0.002630207734182477,0.008323569293133914,0.017217268224339933,0.008332099058898167,1.0,1.0
Parn,-0.021563936076126992,0.05479744468117133,0.010598916443996131,0.0005950833112001419,0.027292671147733927,0.0856647818069905,0.06989679224789143,0.0,0.03557600751984864,-0.002645527347922325,-0.09114415802527219,0.008059264307375998,-0.020003751437179744,-0.01775125182233751,0.005199234280735254,-0.031587405670434235,0.025178811508230866,-0.13381582057103514,-0.03691670557484031,0.05027966654393822,-0.006128538409247994,-0.04453427194617689,-0.006982917970162816,-0.002254166454076767,-0.009829128831624985,0.003919009459204972,0.07133437655400485,0.04198842065408826,-0.004769081017002463,1.0,2.0
Tor1aip2,0.0999656308721751,-0.11598841549362987,0.030767839497420936,0.00029754165560007094,0.02024211482843384,-0.04434921770123765,-0.0899984224140644,0.0,0.024842083430849017,-0.0038253449695184825,0.17381634270073845,-0.0007980967615731061,-0.08245331644196995,-0.06672921213787049,-0.04896766079124063,0.038681630557402966,0.03218176242662594,-0.009656820916570724,-0.03247732566203922,-0.0650615921523422,-0.008317903974093497,0.06148182249395177,-0.04376174077275209,-0.022396031357347964,0.0012238456029444933,0.0004734373837709427,-0.0010764726903289557,-0.008002614516299219,0.003819069042801857,1.0,2.0
Tmc7,0.020431673610582946,-0.1430408746364992,-0.034152996416669336,0.0005950833112001419,0.014695282003376633,-0.16089781608199702,0.032918249610811474,0.0,0.03141438094433397,-0.0012103277212008835,-0.10083547964226454,-0.002990435276296921,-0.02761952072265558,0.01060991303762421,0.009777459809556603,-0.07546590648125857,0.050173579743131996,0.0911823784513399,0.0013384380820207298,-0.07169802178977988,-0.016190152456983922,0.04427160044200718,-0.012362578641623259,0.03512044209521264,0.02079715797677636,-0.0007139135198667646,0.001971265315078199,0.03365341949276626,-0.004769081017002463,1.0,2.0
Cckbr,0.05229181009111926,0.013518390976823867,-0.02961417377809994,-0.0003570499876514077,-0.012441504855523818,-0.028985907937167214,0.01735310988035053,0.0,-0.2450606138119474,0.012245258092880249,0.08229518496198579,0.0025331630860455333,0.06184586347895674,-0.02179907404119149,-0.012596429587574676,-0.042823505150154234,-0.1026918586587999,-0.016284512327983974,0.03353424798347987,-0.16401727263932117,-0.0008259333134628832,-0.04092548941262066,-0.02030863980500726,-0.001856629103422165,6.671318784356118e-05,0.00022544639185070992,-0.0014864608296193183,-0.08878820113604888,0.007462030458264053,1.0,0.0
Gabpa,0.08523524087504483,-0.19214580534957348,-0.033720966707915065,0.0003967222198843956,0.009737926535308361,0.044817466977983715,0.01760328215546906,0.0,0.050722376452758906,0.007311830357648433,0.009676376609131693,0.0020592090813443065,-0.017972711592447014,-0.0869217086955905,0.002894260222092271,0.06774811308830976,0.0381639528600499,0.15066601627040654,-0.020892067323438825,0.18556030809879304,0.00226712656673044,0.042749583208933475,0.028562599677825345,0.010208962261676788,0.020015369318425656,0.0004734373837709427,-0.009055275642313064,-0.0005235138349235057,0.003819069042801857,1.0,1.0
Dlat,0.023154239979339762,-0.031134183888789267,-0.0007327005767729134,0.0003967222198843956,0.007446647833567113,-0.14250032981624827,-0.00805150965694338,0.0,0.04969453712459654,-0.004401363772340119,0.01158950014039874,0.03527325219707564,0.14971777285449206,-0.007809102325700224,0.004263717695139348,-0.07502655510324985,-0.0486820257618092,0.055667136940173806,0.061538002650486305,0.04961422414518893,-0.011844477022532374,0.01768588681705296,-0.004582453339244239,-0.001856629103422165,-0.0013567567989230156,0.0003005951642990112,0.020029369241092353,0.03394019989296794,0.003819069042801857,1.0,2.0
Pigu,0.027687600367935373,0.04205062250024639,-0.04106849711970426,0.0003967222198843956,-0.08411452439147979,-0.1119179980456829,-0.01847371684620157,0.0,0.045724311219528316,0.0010736977076157928,0.12610216698609292,0.0011202861787751317,0.08073464185930788,-0.012630283324979246,0.009660148676484823,0.048635430904105305,0.01977598405443132,0.08636945388047025,0.009459121257532389,0.0888842645753175,0.003116911523975432,0.07496279997751117,-0.015785004362405743,0.0006447264552116394,0.05764865301549435,-0.009216999257914723,-0.029967173316981642,0.025249521378427744,-0.008689293614588678,1.0,2.0
Ireb2,0.06613074424210935,0.0825171375554055,-0.045463904829230156,0.0003967222198843956,0.04774677563458681,0.04928948482964188,0.050954127851873636,0.0,0.06925236580893397,-0.0019347941689193248,0.1393167661782354,0.0013113055005669594,0.05658429828472435,-0.004750190917402506,0.01404758494347334,0.00391469310503453,0.05073789928574115,0.09307615822181106,0.007043396420776844,0.1406068481132388,0.0005419727694243192,0.10544582323171198,0.020230621928349138,-0.0016568513214588166,-0.0021215742826461792,0.0010520830750465394,0.027945217145606875,0.04106890020892024,0.022678900994360447,1.0,1.0
Pkig,0.038674522701185196,0.01576422635698691,-0.015892575691686943,0.0003967222198843956,0.03317053020000458,0.023674943189835176,-0.017998631056398155,0.0,-0.1276547183911316,0.01139614030602388,0.1019284439412877,0.0026914542447775604,0.020708190998993813,0.0035300401505082846,0.004078446608036757,0.0028787164529785513,0.08618236077600158,-0.029429094863589852,-0.01626334216503892,-0.39149306833511216,0.0020439725508913397,-0.25704562762752176,-0.006382223733671708,-0.0002792457910254598,-0.008177816420793533,0.0021304682781919837,0.004750687349587679,0.009620247771963478,-0.007871566778048874,1.0,0.0
Pi4k2a,0.0797832741565071,-0.04798537520226091,0.15101116470992565,0.0003967222198843956,0.017420834423974157,0.1160004907543771,-0.06155805157497525,0.0,0.04748086394742131,-0.000768776317127049,-0.12095907275564968,0.0015747694112360478,-0.048314712811261415,-0.06904056271305307,0.021745641916058957,-0.03001932465005666,-0.08896664728177711,0.01555688466411084,-0.007305529050063342,0.08203744309488684,-0.006484525217674672,0.12547795962542296,0.026671541299438103,-0.003475815802812576,0.020015369318425656,0.00036822908092290165,0.021711038378998637,0.03638546819332987,0.003819069042801857,1.0,2.0
Gm12258,0.08758521537180058,-0.03579850451322272,-0.030482754403492435,0.00029754165560007094,-0.054458751482889055,-0.033706225564237684,-0.0148849974013865,0.0,0.038206617329269645,-0.0013483649585396052,-0.05250198329333216,-0.0044224534602835775,0.09005631681531667,-0.010043377885594965,0.005277989972382784,0.042341539417393506,0.015086675565689801,-0.0004130725422874093,-0.02252407098421827,0.09104462926625274,-0.04614601729437709,0.06664520158432424,-0.01583418714784784,0.0012773459777235985,-0.010364765152335167,-0.005839061066508293,-0.0010009366134181618,0.09064962477423251,0.022678900994360447,1.0,2.0
Timm10b,0.5812414067727514,-0.10492334233713337,0.00642959404969588,0.001983611062169075,0.0028151475003687664,-0.027488547198008747,0.04771637006662786,0.0,0.024311919750762172,-0.007784279128536582,-0.033638594910735266,-0.02057772871456109,-0.039035388207994404,-0.03190866259392351,0.004862790205515921,-0.011862842850387096,0.013689926138613372,-0.028625001753680407,-0.033777512949309314,-0.162238495554775,-0.016747138779610395,0.05210871625691652,-0.009432740615447983,-0.024518670290708543,0.0007428298238664865,-0.0007139135198667646,0.011052094213664532,0.013158380930544809,-0.002683357177884318,1.0,1.0
Nfatc3,0.04225111284176819,-0.03529446573113091,0.08235548254102469,0.0003967222198843956,0.032468388732522724,-0.16362193041015416,-0.007099866806529462,0.0,0.035273540744092315,0.009708780506625771,-0.06415355943376198,0.0015994177060201765,0.09160507741384208,-0.012624168121255934,-0.12119857155252248,-0.12370238618925214,-0.07928677135147154,0.10235656347824261,-0.004387781411060132,0.1369943085615523,-0.01612860446795821,0.04681754221208394,0.024748558554711052,-0.0005705984914675355,0.001153549626469612,0.0010520830773748458,-0.004654089184477925,0.004360925504006446,0.022678900994360447,1.0,2.0
Amdhd2,0.169227686538361,0.01881628463277593,-0.08928479445632548,0.0006942638661712408,-0.05722775062633446,-0.0777687430428341,-0.019226645459420977,0.0,0.020663876647595315,-0.01656929958611727,0.07791829700581729,0.0010949264443479477,0.013532560487510637,0.012585342130623758,0.006602992694824934,-0.02704746194416657,0.014617776125669479,-0.013153211013413966,-0.05568836418446153,0.09243752499576657,0.005508309213910252,0.04155308540910482,-0.07281710671726614,-0.0016568513214588166,-0.007914472706615924,0.0006575519219040871,0.009057735067326576,0.014015417415648698,-0.008733630161732436,1.0,2.0
Stx4a,-0.013808469523210078,-0.006463454008335248,-0.08680360792321153,0.0005950833112001419,-0.056673811450600624,-0.16906320062931626,-0.04511816743761301,0.0,0.015961155048571526,-0.02834652061574161,-0.12572115642717108,0.0014206597290467471,-0.11802825000078883,0.0002830110024660826,-0.032404439349193126,-0.11162583326920866,-0.01208303650841117,-0.02572286084294319,-0.026155335421208292,0.0531808909366373,-0.004919212604872883,0.04593947932124138,-0.07549851765390486,-0.0005331012979149819,0.0037851525843143464,-0.0009205726953223348,0.010837889209506102,0.006911869645118713,-0.004769081017002463,1.0,2.0
Ndufv3,-0.03413122110068798,0.049777763122692706,-0.08762487520463765,0.00043639444280415776,0.024382931319996713,-0.10545215578749775,-0.06953241478651762,0.0,0.031464056838303806,-0.0011651371698826552,0.11469545404659584,0.0009281460754573345,0.031375149241648616,-0.037679374339059,0.005234374208375811,0.003095740689896047,-0.1057793974597007,-0.04331813270924613,-0.04303368652239442,0.0952963364054449,0.003862393628805876,0.0712936242017895,0.026887689024442808,-0.001856629103422165,-0.00626322690397501,-0.0015781246265396476,0.020934546310454608,0.01587499400600791,0.008332099058898167,1.0,2.0
Bscl2,0.04613276983844116,0.08027503857389093,-0.02830573806539178,0.00043639444280415776,-0.010030158918816597,-0.08428606736473739,0.0387227803748101,0.0,0.0532280048308894,-0.0056568639725446705,0.09945026667555794,0.0024077234230935572,0.03655004857107997,0.016246682757046074,0.005761719564907253,0.06166327518876642,-0.07558591523673386,0.008166860912460834,0.020059854947030543,0.10587271088617854,0.005229842984117567,0.0672559340018779,-0.042067689388059076,0.0035439350455999372,-0.007189812548458577,-0.0015781246265396476,0.06380626773927361,0.028984913690946995,-0.008733630161732436,1.0,2.0
As3mt,0.11811638307524845,0.08043821988627314,0.023019258738495408,0.0005950833112001419,0.044000478081870825,0.021098858094774187,-0.09379045367240905,0.0,0.03986253924202174,-0.001057251407764852,-0.06819105054251849,-0.0023264048667624593,-0.028227951696608217,-0.006576953949406743,0.013821380194276572,-0.0661898469319567,0.054997866123449056,0.08349816986825317,0.003991980485152453,-0.11321958115790039,-0.012180141117423772,0.0782574637979269,0.06180924922809936,0.03512044209521264,0.02079715797677636,0.0006575519219040871,-0.016695715570822358,0.06090663961134851,-0.004769081017002463,1.0,2.0
Doc2g,0.3641760466992855,0.062105084201321006,-0.016671994097996502,0.0006942638661712408,0.02199099683901295,0.069848338724114,-0.027726084906607867,0.0,0.05738573012407869,-0.0011139957467094063,0.07985606780857779,0.0015034456038847566,0.020708975119050593,0.011907079210504889,0.009299797783605755,0.00923905236646533,0.017155913338065147,0.04333680672803894,-0.017966148983105085,0.07816416949266568,-0.0016902955994009972,0.08494153212755919,-0.004071597767760977,-0.0016568513214588166,-0.007914472706615924,-0.005839061066508293,-0.07791289342101664,0.01841781313996762,-0.008733630161732436,1.0,1.0
Ndufa13,0.16679021282703616,0.06790655892342329,0.020529074682854115,0.0006942638661712408,0.038611199092119936,-0.14247795891482384,-0.0899984224140644,0.0,0.02070879733480979,-0.0011633142083883287,-0.01667890025768429,-0.003155921483412385,-0.00920672606676817,-0.020521024130284785,0.00911742601543665,0.04033077448606491,0.023115555869881062,-0.027939646057784557,0.010176942453254014,0.08404336160514504,-0.0013995667221024632,0.09078236698172987,0.025906067002215424,0.010208962261676788,0.019534353539347647,-0.0009205726953223348,0.04732882316224277,0.05849823840893805,-0.002683357177884318,1.0,2.0
Slc43a2,0.049367258017882706,0.06509025883860886,-0.05620119622908533,0.0003967222198843956,0.05255832068622112,0.08953868652693928,0.004142496855929494,0.0,0.06531882010400296,-0.006021624463610351,-0.0299652937380597,1.574163674376905e-05,0.08815558272181079,-0.018745305631309748,0.020717233046889307,-0.038648244098294524,-0.05560995647218078,-0.027409630427137018,0.12645521525992082,0.11891788705135696,-0.004085583053529263,0.04414094435982406,0.015178990820422768,-0.0016527180653065443,0.05764865301549435,0.0004734373837709427,-0.06604709799401462,0.04621580186067149,-0.008689293614588678,1.0,2.0
Ufl1,0.12789073383901267,0.041671694181859495,-0.0527762263873592,0.0003967222198843956,0.02148214241489768,0.037956048045307396,0.02152925506234169,0.0,0.03704379887785762,-0.0030934411846101286,-0.05044358739163726,-0.0044224534602835775,0.010145828258246184,0.011613712878897786,0.0038339086109772324,0.06153104273602367,0.005995199056342244,-0.049586652726866305,0.08002589689102024,0.12967884594108908,0.01744036363903433,-0.13474255222827197,0.026887689024442808,-0.04703162517398596,-0.014705797508358955,0.0006575519219040871,-0.09387011433951557,-0.015468223982024938,0.003819069042801857,1.0,1.0
Prdm10,-0.02311842338880524,0.06491103695007042,0.19270425150170922,0.0005950833112001419,0.024881287729367613,0.12796115422679577,0.04013850040733814,0.0,0.06477077347226441,0.00119819943793118,-0.1384374381939415,-0.0023264048667624593,0.07931275854818523,0.02186883082147688,0.0295659959979821,-0.026759136095643045,0.04531300841830671,0.03449556725565344,0.03871560600062367,-0.09108559128828347,-0.013217289987951518,0.1065713690314442,-0.006958399541181279,0.007478269296698272,-0.02184433158952743,0.003919009459204972,-0.0001610681228339672,-0.011662260063458234,-0.02457023484632373,1.0,2.0
Hdac8,-0.34977097058086654,0.03594388963654637,-0.0354799825954251,0.0003967222198843956,0.031614843057468534,-0.01736663549207151,-0.027734788795933128,0.0,-0.1677228263160214,0.014314821638981812,0.15993620360968636,0.003851814642548561,0.053965179750230165,-0.00872985209338367,0.004452147781848908,0.0030495008127763867,0.06558716886909678,0.02231067931978032,-0.019251509146706668,-0.01401506774360314,-0.0039071159018203615,0.004925678814761341,-0.007385848851117771,-0.002648138557560742,0.0068813192611560225,-0.009427415877580643,-0.004893406005576253,0.027175716107012703,0.007462030458264053,1.0,0.0
Atp6ap2,0.13715204996522515,0.08695764057338237,0.11013462465023621,0.0003967222198843956,0.03363623941550031,0.09950392542465124,0.021236201357096432,0.0,0.048607306284829975,-0.004873627594206482,0.17921568208374083,0.010399633061606437,0.0774099859315902,0.022677645524963735,0.021405535228550435,0.002978145373053849,0.051645066519267854,0.04857838007621467,0.01652706188731827,0.028561085157562047,-0.00424847548129037,0.10535744499415159,-0.0016629212052794173,-0.0024983052210882308,0.001483009639196098,-0.005839061066508293,0.02132824922911823,0.022098630457185207,0.022678900994360447,1.0,1.0
Tmem67,0.03502750956686214,0.056354264914989474,0.11922904215753079,0.0003967222198843956,-0.025429163556545974,0.09992847701883875,-0.10381225056946278,0.0,0.03684194360394031,-0.0014645617501810194,-0.04023083397187292,-0.0015349489962682128,-0.07040320792235434,-0.03712391600944102,0.009095752388238907,0.07224829619750381,0.04606175620574504,-0.07121062775142491,0.04189867319073528,-0.016371839907951654,-0.014976148186251521,0.13366029016673564,0.02048939521133434,0.008497832645662128,0.03931930240243673,0.0006575519219040871,-0.030965847596526146,0.007006808277219534,0.003819069042801857,1.0,1.0
Mpnd,0.013356480476795695,-0.11874403778463602,-0.06663497705478222,-0.009263463797979057,0.01830895122257061,0.08645298962946982,0.058137253113090995,0.0,0.06266056416556239,-0.004360780022107064,-0.015208678098861127,0.03527325219707564,-0.039692310616374016,-0.02145095738582313,0.006629821928218007,-0.03590314325876534,-0.07862189285922795,0.10274307142477483,0.017536807833239437,0.08396822955925018,0.0030297589441761375,0.08902611398603767,-0.00010768762091174722,0.0001402651984244585,0.006868912093341351,-0.0006387647241353989,0.05357556202216074,0.04456693775951862,-0.0019455893423582892,1.0,1.0
Baalc,0.0767927338113077,0.07948480134829879,-0.0439689201512374,0.0003967222198843956,0.03765694846311817,0.056134108904516325,0.008095999881625175,0.0,0.07287243178114294,0.0006981789506971836,0.21490959903225304,0.0013113055005669594,0.07246872622519732,-0.018715194035321472,0.008500719014555215,0.0041769822500646115,0.05720720837824047,0.051901736110448835,-0.013394999159500003,0.14606383104342968,-0.002111908420920372,0.04436999970115721,0.020230621928349138,-0.0016568513214588166,-0.0021215742826461792,0.0010520830750465394,0.018626645924523472,-0.03097201689146459,0.022678900994360447,1.0,1.0
Creld2,0.2111438068532152,-0.05652405542321503,-0.0998649694910273,0.00043639444280415776,0.05010233274922939,-0.04572562395827845,-0.031780854351818565,0.0,0.03744353736517951,-0.004313291814178229,0.08317107111157383,0.0014115087874233723,0.02431164911133237,0.013179392516613007,0.005602488695876673,0.026361453621648254,0.00375343520892784,0.015083802598528564,0.052588355586631226,0.10099947713781149,0.004953686525113881,0.03876004970865324,0.029595328406430782,-0.001856629103422165,-0.00626322690397501,0.00036822908092290165,0.008654109318740666,0.013470893234480173,0.008332099058898167,1.0,2.0
D230025D16Rik,0.0750375564629212,0.002856030757538974,-0.07156256622634828,0.0003967222198843956,0.03620004412718117,0.07451033894321882,0.010268750824034214,0.0,0.056289587104693055,-0.016422610743902624,0.0107160492381081,-0.003896696483716369,0.09561285305768251,-0.017252580132335424,0.016034794868901373,0.06941845454275608,0.031996182785369455,-0.04315276757348329,-0.05453258624766022,0.09819400862790645,0.005522032422013581,0.011406427640467882,-0.07349647878203541,0.017228713110089302,-0.007040832228958607,0.0006575519219040871,0.04417981163598597,0.0296002927236259,-0.02457023484632373,1.0,2.0
Gtf2h3,0.09182801784249023,-0.032097097379155455,-0.04545061099343002,0.00029754165560007094,-0.05473466308787465,0.03744763657799922,-0.006743723647668958,0.0,0.034649418708868326,-0.016246015611104666,-0.02067178375320509,-0.003896696483716369,-0.07391710679046809,0.03178853688179515,-0.003551668138243258,0.06648990253452211,0.012054168786853552,-0.039649178185500206,-0.027270077993161976,0.12599528956692665,0.0064795503159984945,0.010187028925865888,-0.07281710671726614,-0.0011533990874886514,0.019534353539347647,-0.001604426703415811,0.033093660068698225,0.033110198574140666,-0.004769081017002463,1.0,2.0
Slc24a2,-0.27771371352719143,0.0019822558597661554,0.045574038937920704,0.0003967222198843956,0.011395615052024369,0.010306272105372044,-0.02544495003297925,0.0,-0.09777030757511966,0.003894825524184853,0.025682623951870483,0.0012318051676265896,-0.008732283873250708,-0.0091777079354506,0.0033996396252769043,-0.0158327209437266,-0.0861111715156585,-0.1411912907101214,-0.005302430993760936,-0.2072067698894534,-0.022087001712061464,-0.21312104895710945,-0.02919531361410918,-0.0015025407541543246,0.0019075155165046453,0.00026302076876163485,-0.005123568765120581,-0.03588542961049825,0.0012458331906236707,1.0,0.0
Sirt6,0.17133199950680136,0.0787842933088541,-0.04302273786161095,0.0006942638661712408,0.03567744647152722,0.05845531554892659,0.050954127851873636,0.0,0.057258391678333284,-0.008438488179817795,0.10642103481804951,0.01054284887155518,0.11192212327383459,0.0017535012215375901,0.01099042896181345,0.000777608542703092,0.013322114953771233,0.056723234932869675,-0.0015442576468922197,0.019194651662837715,-0.007004895822610706,0.013874552445486188,-0.002403448901604861,-0.0022236107708886264,0.002313744272105396,-0.005839061066508293,0.024446008389350026,0.03425914130173623,0.008332099058898167,1.0,1.0
Snx30,-0.04217390048375819,-0.03359325780766085,0.07024509774055332,0.0003967222198843956,0.01598440499044955,0.05004243095871061,-0.006285546282306313,0.0,0.022144668449182062,0.015039568790234626,-0.025401506169582717,-0.00024557902477681634,-0.0220072769979015,-0.0017759736743755638,0.0072570446220925075,-0.029215293060988187,-0.09377488192403689,-0.018936663195490838,-0.02410933520644903,-0.2714865702344105,-0.0014000894874334334,-0.43839580450206994,-0.008325686323951231,-0.0036256491392850877,0.003902316950261593,0.0010896574752405285,-0.003607584082055837,-0.008172570497263222,0.003819069042801857,1.0,0.0
Cntrl,0.09143277492141351,0.040075529748573896,0.14324998537776992,0.0003967222198843956,0.045819524326361716,0.011351342460839077,-0.029342045718804003,0.0,-0.34832679611165074,-0.006753969539422542,0.16268029721686617,0.0009281460754573345,0.05973513050936163,0.01124745782930404,0.009230115975951777,-0.00787240855395794,0.06641513936687261,0.05045053607784212,-0.004833128522150219,0.11700109506491571,0.005564263332635164,0.057258180782664564,0.026262501678429542,-0.0011118824779987335,-0.009876485634595155,0.0046028634859249,0.006425123922526837,-0.011108611996751278,0.007462030458264053,1.0,1.0
Lsm3,0.23964835218037478,-0.21228695230558514,0.20521080131642522,0.00043639444280415776,0.03655470268800855,0.05005253183073364,-0.007158009000122547,0.0,0.05004439312964678,-0.0009176934137940407,-0.0021619543246924875,0.0006777562107890844,0.031190155483782293,0.026127373334020376,0.025105447345413267,0.008256584908813237,-0.06975417528068646,0.011057001748122275,0.03636519282590598,0.11108903653919697,0.0007014978071674705,0.09211811581626535,-0.03752391099871602,-0.000229426845908165,0.019777000807225706,0.00036822908092290165,-0.05468158388976008,0.0016722053894773126,0.0023143683222588154,1.0,1.0
Fahd1,0.7092673948244191,0.030235395752824842,-0.03506276363041252,0.001983611062169075,-0.022963164453394712,-0.13385410208662507,0.03817176555283368,0.0,0.02707462073303759,-0.008338801334612072,-0.01667968388297595,0.0036982701160013674,-0.02336981000378728,-0.0076075026195030655,-0.00424049022141844,-0.033492820332758126,0.030888109132647515,-0.18834064202848821,-0.016604428199934775,0.024791205817600713,-0.003259736504405737,0.07191606204025447,-0.013389835361740552,0.00022513915784657,0.01085112856235355,0.0004734373837709427,-0.025932526369579136,0.01501663619885221,0.0016576411412097514,1.0,1.0
Rasal2,-0.7620650862110778,0.032853147273417566,-0.01327155651524663,0.0005950833112001419,0.015543684978038073,0.01178632372058928,-0.008882170813158154,0.0,0.029720762341748922,0.009514139755629003,0.04664599780982826,0.0015994177060201765,-0.0526301573443925,0.010579552054405212,0.0033613493805751205,-0.018026203806512056,0.023028382961638273,0.11565666715614498,-0.048057566293282436,0.12776606218423694,-0.028223791681230067,0.05099742786493153,0.00927585867990274,0.0031352413259446623,-0.01044913534540683,0.0006575519219040871,-0.00435131446341984,-0.05016651646234095,0.0021996495471103116,1.0,2.0
Mtrf1,0.0581006792653352,0.03153575954027474,0.12070658959681169,0.0005950833112001419,0.026752580190077424,-0.10454406144912355,-0.027374544269405304,0.0,0.03917398727498948,0.0010098781809210777,-0.11349917704472318,0.007980118726845831,-0.069578997194767,-0.010884728447999805,-0.005757327028550208,-0.06665717872790992,0.03473524759756401,0.0021266603330150247,-0.052477951736655086,-0.05402982993982732,-0.013485984010621906,0.06326344983652234,-0.025302020669332705,-0.003276038020849228,0.003902316950261593,0.0004734373837709427,-0.025352295669727028,-0.047338632382452485,0.003819069042801857,1.0,2.0
Psmg1,0.08583241179119795,0.09940174281597138,-0.06593450315762311,0.0006942638661712408,0.05167950208298862,0.07099969817674719,0.04380672216415405,0.0,0.06696974592749029,-0.0007120005693286658,0.1364892904739827,0.0037652019783854483,0.039594974622596056,-0.029365607518702746,0.01404758494347334,0.009142006216570735,0.05930549674667418,0.07065970885101706,-0.007968711894936859,0.0537602324411273,0.012830376727506518,0.10491686419583857,0.061715312673477456,0.01136111667379737,-0.0073931433516554535,0.0010520830750465394,0.02219192829914391,0.041493608066812154,-0.008733630161732436,1.0,1.0
Pkdcc,0.11152752141468227,0.08246884556952865,-0.04292597474996,0.0003967222198843956,-0.04849957211408764,0.04999294105917215,0.022736931052058935,0.0,0.04317361060762778,-0.0011139957467094063,0.11239214073866606,8.3926513325423e-05,0.0017763718776404858,0.00952270389534533,0.009157090238295496,-0.001742359083145857,-0.017732991189695894,0.010325088000390678,0.08317352073732763,0.0400570373935625,0.00668819366954267,0.07240109459962696,0.011904942746041343,-0.0006582075031474233,0.026660238727927207,-0.005839061066508293,0.00417654613032937,0.04411949533503503,0.0023143683222588154,1.0,1.0
Tbc1d22b,0.022064352264860646,0.04627834775019437,-0.04927085709059611,0.00023803332820534706,0.018450833153910936,0.04379185583442449,0.021630540145561098,0.0,0.05355491862632334,0.019460902991704644,-0.025705536294262855,-0.0014730252022854985,0.07639454657095485,-0.00354235814884305,-0.05579734100960195,0.0006046367716044188,-0.07940026541007683,0.03858647734392434,0.0793362425104715,0.0037856216402724387,-0.0023110477277077735,0.039379411935806276,0.0042930565308779475,0.004318073969334364,-0.01522324163466692,-0.008837497844360769,-0.08179559977492318,0.025347269382327797,-0.02457023484632373,1.0,2.0
Slc26a8,-0.010658658377360552,-0.031838214077288284,-0.09322741741430945,0.0005950833112001419,0.008445284042973072,-0.13497215034090915,-0.016656591589562595,0.0,0.012778679968323558,-0.01693406007718295,-0.07485329060582444,-0.00021501567796804012,-0.03403283987310715,0.014906549137085676,0.005761719564907253,-0.06865639570634813,0.04215748419985175,-0.004907407662831247,-0.07914451422402635,0.15429058332461865,-0.0040337083535268905,0.03726935992250219,-0.05300149507354945,-0.0044296515407040715,-0.008746607415378093,-0.0007139135198667646,0.011667280660476535,0.01624589888146147,-0.0029586556064896286,1.0,2.0
Nomo1,0.040677374666556715,0.06228303865995258,-0.016486485574860127,0.00029754165560007094,0.046932302964851264,0.012774235717952252,0.01677747312467545,0.0,0.03529422098537907,-0.0004999586800113321,0.08852474026381969,-0.0015429894719272853,-0.06566167413606308,0.015124139483086765,0.00902273810468614,0.012630712631507777,0.047366886110976336,0.09326407096581533,-0.02309523519128561,0.08695761463604867,0.0005203378153964877,-0.08572803964838385,-0.012362578641623259,-0.0005925490008667112,-0.019898036066442727,-0.005839061066508293,-0.07967712730052881,0.08726613210514188,-0.004769081017002463,1.0,2.0
Tet1,-0.09861759790335782,0.04075346131925471,0.025412166870664804,0.0005950833112001419,0.01220696529140696,-0.18836264869198202,-0.04958207160700113,0.0,0.04212672538124025,-0.0006547913351096213,-0.1258932098338846,-0.002036204405594617,0.16474006885197012,-0.03419643857516348,0.00976728787762113,-0.10011723343748599,0.028159072014968842,0.053324123397469524,-0.016310270021203905,-0.005452263560146093,-0.018002943489700555,0.06791066096164286,0.008799161373171955,0.0029582969658076765,0.018047689530067145,0.0017885412462055683,0.05515084569808096,-0.013049965449608862,-0.0029586556064896286,1.0,2.0
Tm9sf4,0.06469137373846025,0.02079560412093997,0.15217300024814903,0.00029754165560007094,0.027952931681647898,0.0710116360813845,-0.07194894205778837,0.0,0.03907228724914603,0.021040041684173047,-0.027125167800113557,-0.0044224534602835775,0.0032831085240468383,-0.012957000331953168,0.016591255385428667,0.016507727466523646,0.04774518993683159,0.0956641318788752,0.09848718333989381,0.20895299627445638,0.018406347748823465,0.06536505904048681,-0.03473180622793734,0.009021756760776043,0.022883228790014983,0.0004734373837709427,-0.006780621514189988,0.028057732051238418,-0.002766249286942184,1.0,1.0
Sdc3,0.10247905032942072,-0.05086451127310283,0.034588631347287443,0.00029754165560007094,-0.048750995775626506,-0.06269452989799902,0.02649770038202405,0.0,0.031697049199137836,-0.0018441144516691565,0.08573975468520074,0.0011202861787751317,0.006367439279565588,0.042903209689538924,0.008909357446245849,0.05986702879425138,0.0018999708909541368,0.03839134257519618,-0.0021710867434740068,0.11613195501733571,0.004610405922867358,0.03962015882134438,-0.03701605828013271,0.006932709813117981,-0.02562020789831877,-0.002630207734182477,-0.06405470373691059,0.02863599147181958,-0.004769081017002463,1.0,2.0
Spg20,0.0429185050772503,0.03304901165887714,0.03442015045788139,0.0003967222198843956,0.010444799354299903,0.0614301859587431,-0.03897941661067307,0.0,0.04007920943200588,-0.009517420516349375,-0.03522691193735227,-0.00024557902477681634,0.053555071773007515,-0.013124758540652693,0.05652265798300505,-0.03688075115438551,-0.09342847800115123,0.00490403869189322,-0.025212205983698367,-0.3046879039146006,-0.0054171476699411865,-0.1537607647664845,-0.02833162010414526,-0.0013821568572893739,-0.005331596434116364,0.00036822908092290165,-0.004190182131715119,-0.04184552969411016,0.022678900994360447,1.0,0.0
Brap,0.059536202470771966,0.047368252389132975,-0.14111619857372715,0.0005950833112001419,-0.09587320961523801,0.09160867122584022,0.03164313810877502,0.0,0.03666872979607433,-0.017801727228797973,-0.06881311752833426,-0.00422206666902639,-0.04995400202460587,-0.03401928102597594,0.006512510795146227,-0.04658898229477927,0.04939585802145302,-0.03903409358812496,-0.033135090041905645,-0.06940772924106568,0.03913616943871603,-0.005270639648661018,-0.05761855308082886,-0.023394920267164707,0.0007428298238664865,-0.001604426703415811,-0.025689634096343072,0.053810219028964636,-0.004769081017002463,1.0,2.0
Trhr,0.007402152186259627,0.025103684728965164,0.05874005848541856,0.0005950833112001419,-0.07804192145820707,0.05123955279006623,0.015909833023324608,0.0,-0.0017217927845194936,-0.0008326941262930632,-0.031789155575679615,0.007282817484810949,0.009221401866525411,-0.04135921876411885,0.008059876902261748,-0.04369544173590839,-0.011477100597694516,-0.0749313000170514,-0.017121687192702666,0.09183695800602436,0.03770006068982184,0.0293965827440843,0.008254969333356711,-0.0002586519718170166,-0.014705797508358955,0.0006575519219040871,-0.09461927947355435,-0.010983871091157197,0.003819069042801857,1.0,1.0
Zfp804b,-0.6136671384237706,0.02595652629621327,-0.02833038800745271,0.00029754165560007094,-0.010992589903762564,-0.02471311717526987,-0.024995570085011423,0.0,0.0196598694822751,-0.0007249047141522169,-0.10345273332844954,0.006786774508655071,-0.02629750103922561,-0.00023377224570140243,-0.000599551637424156,0.02322412150679156,0.0143946300027892,-0.011618255767971278,-0.014561943638836965,-0.013471501010935754,-0.03570864610141143,-0.03622478190343827,-0.03388223844871391,-0.002687723932322115,0.010462531428784132,0.0010520830750465394,-0.06781120523111894,-0.053985242042690514,0.0021996495471103116,1.0,0.0
2410004B18Rik,0.16243748610839248,-0.06956027517095208,0.01506030322983861,0.00029754165560007094,-0.01421395511366427,0.044721185504458846,-0.005551625536754728,0.0,0.0478688374068588,-0.008994790585711598,0.04468707809806802,-0.001912605711258948,-0.023887147037312387,0.0022323967702686785,0.010673742312937974,0.0334134263638407,-0.05946115565020591,0.004038088854867965,-0.0014314247760921716,0.12223630093038082,0.01656357743777335,0.008702038251794875,-0.04338094445643947,-0.0008080408535897732,0.026660238727927207,0.0006575519219040871,0.006357704666443169,0.06332986667752266,0.0023143683222588154,1.0,1.0
Gm28379,0.10701302618021145,0.06688336384482682,-0.030548698727507144,0.0005950833112001419,0.0395095572527498,0.09163944383151829,0.05194870764389634,0.0,0.05477513978257775,-0.0028778725629672406,-0.08361220007762313,-0.0021153499861247837,-0.04740459878928959,0.008029257692396641,0.009847846487537027,-0.0511153619736433,0.05647257374599576,0.03584733662428334,-0.07300926452502608,-0.11059441426768898,-0.013932970874011517,-0.010583775360137224,-0.011532830961514265,-0.023394920267164707,0.0012238456029444933,0.0006575519219040871,-0.008403795692138373,0.02528663557721302,0.003819069042801857,1.0,1.0
Tamm41,0.16153172641061248,0.09007978336885572,0.09337246574461461,0.0003967222198843956,0.02999278170056641,0.03537116666790098,0.05027503933757543,0.0,0.05571229294408113,-0.0009426082437857986,0.03186254750471562,0.0021911183884367347,0.0119954202324152,-0.012211357201449573,0.011887301206588746,0.07834830962121486,0.03418253764510155,-0.03909346069674939,0.0004849463002756238,0.22226743144448846,0.004373263898305595,0.07809959673322737,-0.037436657061916775,0.010208962261676788,0.019534353539347647,-0.001604426703415811,0.06588069583289326,0.02401598216034472,-0.004769081017002463,1.0,1.0
Tcea1,0.11897610943298786,0.0625403661862947,0.11734934930922464,0.00029754165560007094,0.029610807481221853,-0.06811991658061743,0.025590252475813032,0.0,0.045731455255299806,-0.0034632665920071304,0.20547579421428963,0.010399633061606437,-0.10577993290498852,0.03193275447934866,-0.04548534867935814,0.06428333615884185,0.059323606924153865,0.002092084717005491,-0.016070504755480216,-0.037309769893763584,-0.0015092248027212918,0.07932687348686158,-0.022399556214513724,-0.022396031357347964,0.0012238456029444933,0.0006575519219040871,0.02416949883569032,0.007388420882634818,0.003819069042801857,1.0,0.0
Zfp618,-0.02274950420600362,-0.012858186579542234,-0.030605357591994106,0.0005950833112001419,0.011703913456294686,0.04231227761600167,0.022132640685886145,0.0,-0.20232959503890016,0.011091958244214765,-0.06355375204468146,-0.0030650969548150896,-0.0161156012583524,0.016088754856027662,0.002571067721582949,-0.02521608171984553,0.04923734151525423,0.023265611277893186,-0.04240317964053247,-0.1606649173842743,-0.015865321327000855,-0.009020015429705382,-0.0079589094864059,-0.011652812007814645,-0.01631127331405878,0.0010859000403434039,-0.019259673892520368,0.02497792136389762,0.0023142904741689564,1.0,2.0
Gm29088,0.08102581133367494,0.038888514889404174,0.02218847582815215,0.0003967222198843956,-0.09625752933323384,0.07412157873681281,-0.010465537523850798,0.0,0.05424468233715743,-0.000991957038640976,0.11624889468308539,-0.0005624922923743725,0.05701809561345726,0.02432204133365303,0.011709327511489391,0.00828713041730225,0.05381023084744811,0.016586459156824277,-0.057914048717939294,-0.21630649607395752,0.013341256054118275,0.07585818979889154,-0.00640126733618672,-0.0010450707376003265,-0.007028859779238701,-0.00917942485306412,0.006926386849954724,0.012416931719053536,0.022678900994360447,1.0,1.0
Chmp2a,0.4416357024200261,0.07728456435725092,-0.013425859813578427,0.00043639444280415776,0.03168447962962091,0.06075441719032824,0.0035409505106508733,0.0,0.06867766605224461,-0.004555958500131965,0.09635555164772086,0.0024077234230935572,0.017600504248403013,-0.00026257550343871116,0.007207960076630116,0.0028086515748873353,-0.012159928088076413,0.010463895602151751,0.08861664420401212,0.09205674669705331,-0.0017681925185024738,0.10772691584192216,-0.013010588071774692,-0.001856629103422165,-0.007914472706615924,-0.002788020186126232,0.031888207215815784,0.02311972761643119,-0.008733630161732436,1.0,1.0
Cdk14,-0.6065663969237357,0.011295160665176808,0.08706100030336529,0.00023803332820534706,0.012741741297068074,0.006746212554280646,-0.018597120055928826,0.0,0.019663397017866374,0.013300740248523653,-0.05495980678650085,0.0034030123567208646,-0.017522082765353844,-0.05391279828734696,0.008263591537252068,0.005149086685851217,-0.03392983160447329,0.02964870484545827,-0.029008629255695268,-0.18886380897485652,-0.020150555367581546,-0.06443225826136768,-0.025189823221589903,0.0007129357196390629,0.0032767381146550176,0.0004734373837709427,-0.002955805123783648,-0.08000984840560704,0.0014805295897531324,1.0,0.0
Cdon,-0.05413778749993071,0.02694790709996596,0.14005359113682062,0.0005950833112001419,0.03159652005881071,-0.014879118296667002,-0.031314868591725824,0.0,0.0431361972913146,0.019726156531833114,-0.1646068737609312,0.03577450760640204,0.09792624087072908,0.04530760558787733,0.026196470190770923,0.002294415719807148,0.025297914668917655,0.10551677420735359,-0.017032285539899022,0.10127509558573365,-0.00656717003788799,-0.13319365452043713,-0.002254989013890736,-0.001906573548913002,-0.005331596434116364,0.003919009459204972,0.01013327706605196,0.006561550786718726,0.022678900994360447,1.0,1.0
4930506C21Rik,0.06811836602864788,-0.03150972333038226,-0.07666830871719867,0.0003967222198843956,0.04324081154540181,-0.09450802718289196,-0.04972868493758142,0.0,0.024108877261169254,-0.004137301580049098,0.13850218908861278,0.0037652019783854483,-0.023430418958887457,0.04370620531495661,0.008247575210407376,-0.10015711554326118,0.053630462801083925,0.0054202451556921005,-0.005206377429421991,-0.07654834065469913,-0.008185996441170573,0.07854683917015791,-0.03571444368222729,-0.024518670290708543,0.0007428298238664865,0.0006575519219040871,0.00280938517767936,0.06549101292155683,-0.004769081017002463,1.0,2.0
Pcsk1n,0.1796063381433487,0.09376233629882336,-0.0032864762656390667,0.0006942638661712408,0.03926106792874634,-0.03548418186604976,0.01688165670260787,0.0,0.04845788283273578,-0.008160564014688135,0.10877077558776364,0.002091141080018133,0.037068728712620215,0.00686216595582664,0.01099042896181345,-0.026362287926021962,0.012393759922124445,0.003802118166349828,-0.021178736640140413,0.1239729817956686,-0.002309368154965341,0.07311151183210313,0.047342511706519874,-0.0008452929556369782,-0.014506417773663998,-0.005839061066508293,0.0193288411363028,0.0377040754724294,0.008332099058898167,1.0,1.0
Ttc28,-0.47524815031327305,0.024264729626011103,-0.030738790336763487,0.0003967222198843956,-0.012984879817086039,0.0679613038036041,-0.0001771607529371977,0.0,0.008537633498199283,0.0020464878145139663,-0.054595853921491654,-0.002057044627144933,0.021932359079364687,0.009990644911304115,0.00153279148042202,-0.012808854798786342,0.015153784276917577,0.018076498884474858,-0.020197825226932763,0.1374865337542724,0.04221280780620873,0.035460905800573525,0.003962713952641934,0.0010126023925840855,-0.0023017724975943565,0.0010520830750465394,0.05124055821099319,-0.019368929110933096,-0.0014172655703441706,1.0,2.0
Ccdc106,0.024820887437090277,0.027755938405171036,0.13775326701113955,-0.0003570499876514077,0.01920413413317874,0.043344674714608115,-0.04352451090700924,0.0,0.024893300035037102,0.0007556579844094813,-0.08482242584927008,-0.0037202406441792847,-0.020879961361642926,0.06329463469795883,-0.0019389147311449052,0.03534791664686054,-0.020029087350703776,0.02555675827432424,0.05353815451613628,-0.04127854888793081,-0.0002024844870902598,-0.31747966051101684,-0.027474230086663737,-0.0011533990874886514,0.0034213011711835863,0.0006575519219040871,-0.020895923101343215,0.03521589117357507,-0.004769081017002463,1.0,1.0
Oscar,0.23332551079569386,-0.10083354105707258,-0.097727629118599,0.00043639444280415776,0.021078729215078057,-0.05160049945814535,-0.019402763936668635,0.0,0.038832973861135545,0.0014680390944704414,0.04668623740784824,0.0014168329397216438,0.01782934333663434,0.012483713985420763,0.00904508029576391,0.026704040630720557,2.1014097146689892e-05,0.07335351708112285,0.02768800335470587,0.09392325467895717,-0.0018641248159110546,0.0524779692478478,0.034246712035965174,-0.001856629103422165,-0.007914472706615924,-0.0011122021451592445,0.011300432980060577,0.008592794090509415,-0.008733630161732436,1.0,2.0
Macrod1,-0.03327611581655219,0.058676553259138016,-0.021579083553515375,0.0005950833112001419,0.022825931669212877,0.08769993975758553,0.020631296313367783,0.0,0.03498966704122722,0.029053500229492782,-0.02799672359833494,0.006037485351553187,-0.013063204695354215,0.051188104613684116,0.00675555057823658,-0.021239765288773926,0.018087953825015574,0.06595967263448983,0.10406061832094565,0.16287664047442377,0.02525834590662271,0.05411615489982068,-0.01889616171014495,4.037632141262293e-05,-0.014135242644697428,-0.002393489021342248,-0.07348641030257567,0.04965841996250674,-0.0020105182623956354,1.0,2.0
Stard4,0.10237681591883302,0.07925861280411482,0.06638984519056976,0.00029754165560007094,-0.03312935808673501,0.056584164667874574,0.021236201357096432,0.0,0.06927726177498698,-0.009370055249892175,0.16438816481735558,-0.001912605711258948,0.08094903740100562,-0.009168861089274288,0.005353081133216619,-0.007995351678691804,-0.14021478360984474,0.004814504601527005,-0.00934166888706386,0.1196593566518277,0.020999393481761216,0.03671114144846797,-0.002071552239358425,-0.001856629103422165,-0.0021215742826461792,0.0006575519219040871,0.02629075654782355,-0.028720445204526185,0.022678900994360447,1.0,1.0
Ogfod1,0.07117749684955925,-0.02409408044302836,0.08262581820599735,0.0005950833112001419,0.012555660278303548,-0.024341367175802587,-0.036280265878885984,0.0,0.030856182572897524,-0.0008393327845260501,-0.01420798070030287,-0.01645258185453713,-0.025014123907312752,-0.13797511417418717,-0.09493249668041244,-0.0703212693554815,0.05198046387871727,-0.034449024519417434,0.07226904719602317,0.11355414918623864,0.09034742006566375,0.07037039873190225,-0.03557166957791196,-0.0005331012979149819,-0.0021215742826461792,0.0004734373837709427,-0.037847185853170234,-0.01917850860278122,0.022678900994360447,1.0,2.0
Ralgapa2,-0.45832168281544,0.021625756323337554,-0.02207764651742764,0.0003967222198843956,0.016549325659871102,0.011520666682627053,-0.0171166405454278,0.0,0.01233353212941438,0.011708441972732544,0.037209740791586225,0.03577450760640204,-0.05762928973534145,-0.00912420169217512,0.00246843752451241,0.01396510526072234,0.0064805642853025345,0.060819306843914095,-0.06451278385473415,-0.014201214333297685,-0.02593875475693494,-0.06588929020799697,-0.007499999045103322,-0.009475731160491704,0.0011505760438740254,0.00036822908092290165,0.00678927406668663,-0.05028906217776239,0.001183969408593839,1.0,0.0
Fxr2,0.03094384813681245,-0.07205858050263486,-0.07145079968962818,0.00029754165560007094,-0.029470610665157437,0.025813970868475734,-0.09714708265848458,0.0,0.01951003339374438,0.023464940809644758,-0.029667263948358596,-0.01809013749472797,-0.052198187015019354,-0.006756195146590471,0.005761719564907253,0.0006204181956127286,-0.10452493088319897,0.018143860371783376,-0.006848498734179884,0.0633630123268813,0.055635878355242314,0.018599364473484457,0.020577451051212847,0.0016642091795802116,-0.013849614597856998,-0.0008191218366846442,-0.006863660938106478,0.031076778047718107,0.0023142904741689564,2.0,2.0
Robo2,-0.5144193288683891,0.022208226108923555,-0.024920706071425228,0.0003967222198843956,0.014967288970947266,-0.01910042981617153,-0.028883149940520526,0.0,-0.12771549730008702,-0.005146841417299584,0.016554451082483865,0.0026808242010883986,-0.025085148833459244,0.011306045604869723,0.0020450113760307432,0.020693771382793782,0.021010236530564726,-0.007402136265300214,-0.025691482746042313,-0.035419086436741055,-0.031815046358387916,0.011184863798553124,-0.004611127220559865,0.0003725043684244156,-0.005300346054136753,0.0003156249225139618,-0.02752218979643658,0.014349022833630442,0.0015767327437060884,0.0,0.0
Ctsa,0.3181603338336572,-0.047415030538104475,0.0468680444220081,0.001983611062169075,0.012353502258192747,-0.07018823699560016,0.03900543172843754,0.0,0.035069867989514024,0.008315675384365022,0.030697297767037526,0.000566041196580045,0.006756967860274017,0.05089722529985011,0.014486920261988416,-0.01502071092138067,0.034103260710835456,0.11120792366273236,0.09837948819098528,0.1164931630238425,-0.0063228490995243195,0.04875564811984077,-0.017933429488912224,-0.00549600959289819,-0.007189812548458577,-0.0007139135198667646,-0.01748224126873538,0.0196513704652898,-0.008733630161732436,2.0,1.0
Kif5b,0.07694013674510643,0.01640395475085825,0.10343278357759118,0.00029754165560007094,0.045315383644774554,0.017941222530789672,-0.004356469726189971,0.0,0.045328429020009935,-0.00337683818070218,0.03070269590243697,0.002302195981610566,0.07639270999468863,-0.027093842816539107,0.025346663896925747,0.03988967909477651,0.027140671317465604,0.11092499908758327,0.0226246370957233,-0.2775264266040176,0.004209866912569851,-0.13866286028642208,-0.01589149634441128,0.0004657876119017601,-0.0013567567989230156,0.0004734373837709427,0.007144323643296957,-0.018871650779619813,0.003819069042801857,2.0,0.0
Ppm1l,-0.4931625209655613,0.008921547101344914,0.05944569946965203,0.0003967222198843956,0.011244167796685361,0.014952217485406436,-0.02282230737619102,0.0,0.008658885296608788,0.011848619589582086,-0.04203166496416088,-0.005486287605017424,-0.006290413204114884,0.0014074087637709453,0.004588398005871568,-0.015661427439190446,-0.08247357347980142,-0.023335033147595823,-0.030028417076391634,-0.1814206058369018,-0.0210116416728124,-0.21612367972731591,-0.02555930356393219,-0.002167988121509552,0.0027628916106186806,0.00036822908092290165,-0.003977642779937014,-0.07294131167931482,0.0015767327437060884,0.0,0.0
Brd2,0.06760572744067758,-0.025757069760002197,-0.17104712394764646,0.00043639444280415776,0.02249363430775702,0.08395305452286266,0.04105668633012101,0.0,0.049887020993191984,-0.016742156408727168,-0.010374054659623653,-0.0022618596279062333,-0.006665202518925071,0.00683072553249076,-0.0029215550282970073,0.004712543627247215,-0.1178474025730975,-0.21728663673624396,0.0030173068272415548,-0.024938975628465414,-0.007914572702720762,0.11296112552285194,-0.08080139549158048,-0.004538240856491029,0.00227191659854725,0.00036822908092290165,0.008391972766257822,0.01663580865599215,-0.0019399101960880217,2.0,2.0
Nup160,0.02180751749780029,0.051645254876930266,0.004030138107482344,0.0005950833112001419,0.025257109440863134,0.11876775617711247,0.04025304939597845,0.0,0.04246146434918046,-0.014290333101525903,-0.20236468675080688,-5.6048808619379995e-06,-0.07363351084291934,0.04114057831931859,0.00033020551316440103,-0.039838966969400647,-0.00230147881899029,0.04192964032758027,-0.01651576192583889,-0.025612570889061315,-0.00988384966738522,0.10591251700185239,-0.030399583869148046,-0.004987167636863887,0.03931930240243673,0.003919009459204972,-0.09918215047102422,0.004121398515999317,0.003819069042801857,2.0,0.0
Stmn3,0.11170129418838769,-0.08104316595010459,0.029713747510686516,0.0006942638661712408,-0.003642566618218552,-0.04477574522839859,-0.00515847428701818,0.0,0.029857534922193736,-0.008517492599785327,0.08368985349487047,0.0016713467804947868,0.026665017098421232,0.05740473149809986,0.005897442414425314,0.0016432039649225772,0.011237294129095972,0.07952703545161058,-0.04887797264382243,0.09802441285341047,0.004491561609320342,0.043158838388044386,0.045695410186890516,-0.0002792457910254598,-0.02161462739109993,0.0004734373837709427,0.014486806145869195,0.008153322152793407,-0.008733630161732436,2.0,2.0
Map3k10,0.04354839563486166,0.0641327602835372,-0.07864489399362355,-0.0003570499876514077,-0.05344805222935975,0.04993551860563457,0.018191441940143705,0.0,0.036287853643298146,-0.017117421072907747,0.10714279390173033,0.0016713467804947868,0.09375347811961547,-0.047928116554394364,0.005835960190743208,-0.005000455337576568,-0.08201139228418469,0.004006806628894992,-0.035748526405077426,0.0879830107849557,0.0017216852074488998,0.016483994014561177,-0.07267129813088104,0.0035439350455999372,-0.018559147007763385,-0.002788020186126232,-0.07412411912111566,0.022979930182918905,-0.02457023484632373,2.0,2.0
Cys1,0.03855682112276554,0.06714406476356088,-0.06467727122828365,0.00029754165560007094,0.036756989071145656,0.03464484008378349,0.04380672216415405,0.0,0.05315436151809991,-0.005139337466098368,0.12023686334956438,0.0002388968091690913,0.03255588997155428,-0.025953783886507154,0.010223396457731723,-0.00942104598507285,-0.10709285563556477,0.07508449323591776,0.006633478992152959,0.019689519020030275,-0.0022109546419233086,-0.15436804899014533,-0.018512104279361664,-0.001856629103422165,-0.01097551453858614,-0.0017096350085921586,0.027880488733062522,0.037836838280782104,-0.02457023484632373,2.0,0.0
Kdm2a,-0.03133385214023292,0.04255804178537801,-0.09067929083947092,0.0003967222198843956,-0.01652460655197501,0.091843643640168,0.0384102245979011,0.0,0.053731970768421886,-0.016786305191926656,-0.07606234380742535,-0.02035536732408218,0.11337274522287771,0.030376091366633773,0.019848383031785488,-0.03377220173133537,-0.043159661265090105,-0.012855445691384375,-0.03196904250886291,-0.046222130196401846,-0.026914229043759407,0.010347167374566197,-0.07419109777198173,0.008314505498856307,-0.007244163032155484,0.0017359370877966284,0.03681260884273797,0.026671852972358464,-0.02457023484632373,2.0,2.0
Dlg4,0.17693484958494082,-0.26665795509703455,-0.03427965957671404,0.00029754165560007094,0.015670119458809494,0.06254420071840286,0.02744887810200453,0.0,0.038897445863112806,-0.009343538251705467,0.03251304459525272,0.010557924220338464,0.10363535705022514,0.02263337211217731,-0.03166783525695791,0.039355914751067755,0.02771403089631349,0.027020167782902716,-0.049058526527660434,-0.05013626606669277,-0.0033192641427740453,0.061333959205076095,0.01666697902139276,-0.003780036177486181,-0.010254154885187746,-0.002893228502944112,0.02040994162671268,-0.004539966630982235,-0.02457023484632373,2.0,2.0
Gm15414,0.1061632507480681,0.04392781917471439,0.1826915259473026,0.0005950833112001419,0.03452849000925198,0.07061926551512443,-0.012508554821833969,0.0,0.05426920088008046,-0.0008326941262930632,-0.02765781288733706,0.0024429154390236364,0.09169834416126832,0.021519415504299103,0.013882213612087071,-0.000666033118031919,0.032228002604097125,-0.06101825107180048,-0.012306767780100926,0.028163423603400586,0.0215304309874773,0.04702287834137678,-0.009461004295444582,-0.006222634804435074,0.05764865301549435,-0.001604426703415811,-0.05062260760460049,0.02188437107251957,-0.008689293614588678,0.0,2.0
Acvr2a,-0.01757751457160339,0.06428979222662747,-0.0631650394713506,0.00029754165560007094,0.014485238772176673,0.05222830843646079,0.021546127451583744,0.0,0.05772657163441181,-0.0015327415708452463,-0.05798320898669772,-0.0012550017470493913,-0.05057644872926176,-0.0021859673177823426,0.007308308441424743,0.027957078381441534,0.021311930287629365,0.02443513520527631,-0.0003493844601325691,0.04670759759377688,0.017403276991099118,0.05280864945612848,0.01237555934349075,-0.0012325686449185013,0.02689860723912716,0.017648693583905698,-0.004737745884340256,-0.04575676836306229,0.003819069042801857,2.0,1.0
Rhobtb2,0.0710254905698821,0.004673980838852003,0.1541524167964235,0.00029754165560007094,0.03682202515890822,0.03746692514396273,0.00721997850574553,0.0,0.027620373072568326,-0.0016575465304777025,0.05653518553590402,0.003247322712559253,-0.131099537165137,0.059010622096247974,-0.04469228396192193,0.04729175561107695,0.0426602708408609,0.008265246853698045,0.09523377130739391,-0.007385531484615058,0.0008495592116378247,0.054160810904577375,-0.028275823102158027,-0.003780036177486181,0.0012964900862425565,0.0010520830750465394,0.002155894220340997,0.015580883861985058,-0.004769081017002463,2.0,1.0
Mbd6,0.23698545933162676,0.04504967943765223,0.015535001903772354,0.00043639444280415776,0.0059780632215552035,-0.09055696736322716,-0.03399011143948883,0.0,0.027293788360548205,-0.001205387245863676,0.12584359788685107,0.0038330410490743814,-0.07292943594045936,-0.04828149223001674,-0.06704572920571081,-0.06753248799126595,0.0027895464398898185,0.011950856079347432,-0.009845174466026946,-0.052956389146856964,-0.005242022993043065,0.015259143034927546,0.003322811886901036,-0.006102452892810107,0.0012964900862425565,-0.0015781246265396476,0.002793580878060311,0.01592824305407703,-0.002683357177884318,2.0,2.0
Lingo1,-0.07012323278118857,0.0820012933947146,-0.03304945664713159,0.0003967222198843956,0.03034911333117634,0.04372560744173825,0.07076443200930953,0.0,0.041375815141946076,0.018258934831246732,0.18702115420252086,0.010399633061606437,-0.0699899720121175,-0.10421596587169915,0.00518485426902771,-0.021253910660743714,0.06063227113103494,0.042368509816005824,-0.00028344852849841116,0.013446717220358551,-0.018299567357171326,-0.07287305084988475,-0.024134480579814408,0.02053420100361109,-0.03168231178075075,0.017648693583905698,0.01934852368198335,-0.002076207180507481,0.003819069042801857,0.0,1.0
Gdi1,0.07737929418450222,-0.08942912194412202,-0.04451503109652549,-0.007260016603395343,0.03671795600093901,-0.1418779237056151,0.027445336347445847,0.0,0.04052568485029042,-0.00809203129261732,0.0724967220844701,-0.001912605711258948,0.030858693012269213,0.0018618906917981803,0.01003009625710547,-0.003239917648024857,0.007486001504585147,0.018778554196469486,-0.02685027206549421,0.11256130818277597,0.015222901217639447,0.0749742884747684,0.031481083945836874,-0.0008452929556369782,-0.014506417773663998,-0.002630207734182477,0.004655811664415524,0.04222243624739349,0.008332099058898167,2.0,1.0
Sema3e,-0.36503336249850693,-0.020485919371712954,0.06711180136539042,0.0003967222198843956,-0.027182126806583256,0.020881964020081797,-0.02104670346248895,0.0,0.026827205946901814,0.01000363850267604,0.0102671383949928,0.0020592090813443065,-0.025737318540923298,0.024400970832211898,0.005183531029615551,0.01082387455040589,0.046699086071457716,0.11136039580684155,-0.009780582021048758,0.14064571164548398,0.0021777638932690023,0.014968848889693617,0.02933227059278579,-0.0028265379811637102,0.020015369318425656,0.001867447483818978,-0.04991381250321865,0.02269801072543487,0.003819069042801857,0.0,1.0
Ric8b,-0.06062876057811081,0.03865721315378323,-0.043670066134072844,0.0005950833112001419,0.02095587239600718,0.07282353177433834,0.05194870764389634,0.0,-0.030486742844805122,0.00783078907057643,-0.13364232322666794,-0.0021153499861247837,-0.011972796777263284,-0.086558157033287,-0.0011367035144940018,-0.025607303762808443,0.023445496456697582,0.022885113439988346,-0.02228625785559416,-0.05050553946290165,-0.013560254198964686,-0.0074705167813226584,-0.00954965447599534,0.043935636729002,0.010389275085180998,0.003919009459204972,-0.003294471832923591,-0.05881046918220818,0.003819069042801857,2.0,2.0
Eif4g1,0.008649566473904998,-0.13334226914215833,-0.09431934291031212,0.00029754165560007094,-0.10057537013664841,-0.013746342130471021,-0.1022530594561249,0.0,0.02256501384312287,-0.0177522738231346,0.12015022126957774,0.010399633061606437,-0.05916194400866516,-0.03298827254213393,0.005761719564907253,0.04259940119925886,0.035272467979229984,-0.026949913166463377,-0.07443762832437642,-0.03391839648713358,-0.008819768384564669,0.012961080446839333,-0.009605858717113733,-0.0028645287035033106,0.0497271852940321,0.0004734373837709427,-0.00034560753963887693,0.006927014645189047,-0.004769081017002463,2.0,2.0
Neto2,0.06151076732785441,0.07883886832743883,-0.05221049725078046,0.00023803332820534706,0.03169021194800734,0.02605012615211308,0.07076443200930953,0.0,0.05955070238560438,-0.016047346079722045,-0.032132934340042996,-0.004635388599708677,-0.007534039719030261,-0.101416559019126,0.010673742312937974,0.10151852718321606,-0.05327838485129178,-0.033641358027234676,-0.03923953914782032,0.06956522898282856,0.005026186425238848,0.11992968822829425,-0.05331542822066695,-0.0008080408535897732,0.02689860723912716,0.004076821934431791,0.0007160480599850416,0.05020029607228935,0.003819069042801857,0.0,1.0
Cdk17,-0.05041596318711527,-0.06922153282212093,-0.025033012988278643,0.0005950833112001419,0.009036427980754524,0.0763702765479684,0.02210909531917423,0.0,0.031093079941347242,-0.001833604327403009,-0.07051196705549956,0.0020592090813443065,-0.004044290538877249,0.046162532013840976,0.0025208608713001013,-0.024000455718487503,0.006065222753677517,0.005543159181252122,-0.028927265584934504,0.0379808211280033,0.0010800649924203754,0.026250533107668162,-0.019259462314657867,-0.0035257602483034136,0.020015369318425656,0.001867447483818978,-0.009178564804606139,0.01736227091634646,0.003819069042801857,2.0,2.0
Pcbp4,0.06577011917368508,-0.22573461508378387,-0.07640900218393654,-0.008430347149260341,0.010451935645251069,0.031930660465732216,0.04961301665753126,0.0,0.041198541329358705,-0.0017894555442035198,0.021445116887334734,-0.0017934842221438885,-0.004031457975506783,-0.08085152598097921,-0.00040785526391118765,0.04479470604099333,0.035795802776701746,-0.026008655588375406,-0.07433273029979319,0.147121501150541,0.0038489943835884333,0.0581514182779938,0.00319741174695082,0.010208962261676788,0.019534353539347647,-0.0011046872357837855,0.05778840833809227,0.007101333420723677,-0.002683357177884318,2.0,2.0
Ptpre,-0.00546462933300063,0.037522964149247856,-0.03157967012375593,0.0003967222198843956,0.012682885522081052,0.03845949070062488,0.009503796682693064,0.0,-0.02347955177538097,-0.0007063780399039388,-0.04588098680600524,0.0024429154390236364,-0.020056100881192834,0.016273173727095126,0.004183098329231143,0.010477987703634426,0.007520640734583139,-0.04532361791760195,-0.03510758756659925,0.07494342471472919,0.014866118049249054,-0.0006742851855233311,-0.016902003464638257,-0.008050623834133148,-0.008746607415378093,0.003919009459204972,-0.02646988684660755,0.024451907377224417,-0.0029586556064896286,2.0,2.0
Srrm3,0.051266457801684734,0.014877242874354124,-0.0467426068498753,0.0005950833112001419,0.03740014337003231,-0.10140775216044857,-0.05584451820701361,0.0,0.02386289894464426,0.08864093042910098,-0.023924494893290103,-0.0031749243463855235,-0.02565230776264798,-0.07206081405282021,0.010673742312937974,-0.08756608668714762,0.038836411288939415,-0.007127110863802954,-0.025441066625062375,0.06347006989642978,0.002540169437415898,0.06570366895757615,0.013361602476797997,0.005933820903301239,-0.02444334778934717,0.003919009459204972,0.01601873639097903,0.10186530723236502,-0.002766249286942184,2.0,2.0
Ywhah,0.03350512306089513,-0.10805071935988962,-0.04776843330590055,-0.009263463797979057,0.01133918454288505,-0.14974160241661594,0.011181912794709205,0.0,0.02827245506923646,-0.016091494862921538,-0.09790076923323796,0.004114107470959425,-0.0016459276631940157,0.008951901278924196,0.005711428089998662,-0.0750134842377156,-0.07393772441195325,-0.243710507187061,-0.048557275517378005,0.06002646332490258,-0.014726852960884572,0.03998713423497975,-0.015424617764074356,-0.0010983886476606131,-0.004166739778593182,0.0003005951642990112,-0.06535618490772321,0.0023520052898675205,0.0016576411412097514,0.0,0.0
Sytl2,-0.053681637101690285,0.03786181136616506,-0.0005440026987344026,0.0005950833112001419,-0.024230384572874755,-0.1981398092955351,-0.03672034087590873,0.0,0.030894530578516422,0.007462453432381153,-0.08105968354269862,0.000566041196580045,-0.024162591216154397,0.001314161019399762,0.003978359512984753,-0.07566747533157468,0.011026355458889157,0.12995461978658568,0.023059766655787826,0.1381520913937129,-0.01536874171346426,0.06542360597290099,-0.019612111834285316,-0.0035257602483034136,0.019534353539347647,-0.002292038165032864,-0.019903199803084134,0.06715393098071218,-0.004769081017002463,2.0,2.0
Recql5,0.09460192959289998,0.07672993052750826,0.01729658535681665,0.0003967222198843956,0.04414271377027035,0.07570480789057911,0.05114267932251096,0.0,0.05062928375322372,-0.006826034197583795,0.04448601573705673,0.0016713467804947868,-0.00033709678216837347,0.0077515256544575094,0.0008357681287452578,-0.024568863726453855,0.045783725595101715,0.03600832301948685,0.1210701246582903,0.17040457122027874,0.0037259532790631057,0.046933224508538846,0.028112038848921658,-0.003276038020849228,0.019534353539347647,-0.005839061066508293,0.03514449417241849,0.046833223728463054,-0.004769081017002463,2.0,1.0
Meaf6,0.06625385586638004,-0.30251537597738204,-0.044353797973599285,0.0003967222198843956,0.011773779075592756,0.04400022137910128,0.01760328215546906,0.0,0.04879095629788935,0.007811702680774033,-0.05624069565208629,0.0012300716061145068,-0.03921626131050289,-0.08550867759622634,0.0049788177199661734,0.023023879276588558,0.04399454908445478,0.10799670924432575,0.05709431252675131,0.1148778480803594,-0.003393537290394306,0.06684593273326754,-0.012362578641623259,-0.040839152298867705,-0.008746607415378093,-0.0011046872357837855,0.02877516030333936,0.001776016503572464,-0.0029586556064896286,2.0,2.0
Rhot2,0.19840705049689858,-0.051662368015386165,-0.16150435228599236,-0.041179765630513426,-0.08577629135921598,0.07785986871807836,0.04634343257173896,0.0,0.044448473381926305,-0.016786305191926656,-0.03971390086691826,-0.024449695980874823,-0.013420575368218123,-0.07294217731337994,-0.003551668138243258,-0.030617560520768167,0.021208892883732913,-0.04870120250852779,-0.05384247976820916,-0.04386444763513282,-0.02222459582844749,0.10955132812261581,-0.043530896906740967,0.04548391453921795,0.02079715797677636,-0.0011046872357837855,0.022430812250822784,0.06549716460518538,-0.002683357177884318,2.0,2.0
Abcd4,0.020571712006349118,-0.09331083639757708,0.07627846616553143,0.0005950833112001419,-0.009055627901107073,-0.1667762286803918,-0.03111689446028322,0.0,0.025398910786025228,-0.011884001676226035,-0.11441202869988047,0.0012300716061145068,-0.055766250086016954,-0.04272854837588966,-0.004511761864414439,-0.11483452038839459,0.001806870752479881,0.011067906497046351,0.0069825463410234075,0.11414012527093291,-0.015202797884121537,0.04168450034223497,0.03131613996403757,-0.0021522879973053933,0.019534353539347647,-0.0007139135198667646,0.019351946054957807,-0.03081194865750149,-0.004769081017002463,2.0,2.0
Colgalt1,0.015841044952976516,0.042737343665212396,-0.07594514208845794,0.0005950833112001419,-0.05697823810391128,-0.13016529965912924,0.04270909517072141,0.0,0.05810409545898437,-0.0105004495754838,0.013632535209180787,0.03577450760640204,0.0491587436478585,0.02722014839760959,-0.020114387314533813,-0.057070869682356716,0.006560410880483687,0.053964556585997345,-0.013801982712466269,0.10704548869282007,-0.00024343280121684075,0.03263054953888059,0.01939649134874344,-0.0016568513214588166,-0.009473249055445195,0.00036822908092290165,0.032061366378329695,0.008903396043460816,0.008332099058898167,2.0,2.0
Cyfip2,-0.04331309955334291,0.01977042967453599,-0.038799189878627655,0.00029754165560007094,0.01621855958364904,0.035523940874263644,0.004078759243711829,0.0,0.024547662092372774,0.019065781557001175,-0.033509025452658533,0.0016802968550473452,-0.014926021718420088,-0.10635735827963799,0.003943309267051518,0.002629692496266216,-0.07977099887561052,0.09634998255409301,0.06092316472902894,-0.2598066045483574,0.001675888397730887,-0.1499685407616198,0.03674013277806807,-0.00297637133160606,0.00475849986076355,0.0010896574752405285,0.001867584199644625,-0.013408079724758864,0.0023142904741689564,0.0,0.0
Vwa8,-0.7683171288808808,0.031102690340485423,-0.01336108368821442,0.0005950833112001419,0.013725688392296433,0.01178632372058928,-0.008882170813158154,0.0,0.029810563835781068,0.020511160891037435,0.0495570691121975,0.0015994177060201765,-0.012866387622780166,0.012427768968045712,-0.00014036232605576515,-0.01756264157127589,0.0209533901931718,0.1095933359162882,0.04124783020000905,0.1253863651282154,-0.028223791681230067,0.04962017202284187,-0.009853058302542194,0.004116185326129198,-0.007106660241261125,0.0006575519219040871,-0.00435131446341984,-0.1254833725001663,0.0021996495471103116,2.0,2.0
Fbxo44,0.1588024747488089,0.05594302806071937,-0.023676321476232262,0.0003967222198843956,-0.05057202443131246,-0.02472221098141745,0.07593861309811473,0.0,0.04260326685383916,-0.008703380888327956,-0.07265141912735999,-0.02519784997915849,-0.09333813208620995,0.019018150730989874,0.006512510795146227,0.02407420426607132,0.008525420296937227,0.03949783496558666,0.01157128905178979,-0.06170005270279944,-0.024569096583873032,0.014478447008877992,0.00033893847838044165,-0.0028645287035033106,0.04996983256191015,0.0006575519219040871,0.017864865572191774,0.033431862625293435,0.0023143683222588154,2.0,2.0
Ap3d1,0.0801745405769907,-0.1224430144042708,-0.0442299841879867,0.0003967222198843956,-0.1009499534778297,-0.10715250939363613,0.04326179789379239,0.0,0.022113664379576223,-0.004137301580049098,0.1270299788657576,-0.0012171092204516754,0.0957537431421224,-0.01374024492688477,0.0042958851670846345,-0.07394425523467361,0.01693764472845942,-0.04926717173017096,-0.036322934449999594,-0.06810158741718624,-0.0042521791532635685,-0.020270335581153633,0.020147347054444254,0.003743712827563286,-0.0011131123825907708,0.00036822908092290165,0.006887164022773504,-0.0027968145848717542,-0.004769081017002463,2.0,2.0
Npepps,0.029066309325862676,0.0492159834341146,-0.19652848396683112,0.0005950833112001419,-0.07035150716546923,0.0717045405821409,0.04214998299255967,0.0,0.040093828882090746,-0.01657713148742914,-0.08497329861856998,0.0015747694112360478,-0.021381647016387433,-0.010714662950485945,-0.0044348152121528985,0.01604016368743032,0.0221041407994926,-0.03833052697591484,-0.04800133399432525,0.08337316317949445,-0.004621711159124971,0.10117534439079463,-0.05377438232244458,0.004810070879757405,-0.02562020789831877,0.003919009459204972,0.03437540651299059,0.02937595690600574,-0.004769081017002463,2.0,2.0
Prrc2a,0.05010369135532528,0.06797339482232928,-0.04912428867071867,0.0005950833112001419,-0.10833135620458051,-0.05151231235126033,0.06729320528917014,0.0,0.022429902013391255,-0.02091051953844726,-0.0952737098094076,0.036959153914358465,0.0015747974719852208,0.05136170556768775,0.00560975544154644,-0.13082254296168686,-0.008921167249791324,0.06209722386673093,-0.004869664718862623,0.10257300525787287,-0.0018316254112869502,0.05464521812275052,0.05366201685043052,0.0070489511778578165,0.005593316312879324,-0.001604426703415811,0.05868860872928053,0.028810589937493206,-0.004769081017002463,2.0,2.0
Ptprd,-0.811912351208739,0.026887996585574,0.04061336092185229,0.00029754165560007094,-0.010125355282798409,0.06334682478074682,-0.03192003623582423,0.0,-0.01676796974730678,0.009384014252573252,-0.09390882868843618,0.0015469100046902895,-0.010106108733452857,0.015047734584659338,0.004096067538484931,0.02287182281143032,0.015240852911956608,0.0375411107763648,-0.018581709816353396,0.09297082879114896,-0.025621648193337024,0.06664057590765879,0.0251340733806137,0.0040591059753205625,0.007823089845478534,0.0010520830750465394,-0.04437770616263151,0.004860908528789878,0.0021996495471103116,2.0,2.0
Arcn1,0.031839106751140205,0.05827399183064699,-0.13355521167162807,0.0005950833112001419,-0.05335707766003907,0.12597513737506233,0.015608897609636187,0.0,0.04291229602880776,-0.0031848457781597974,-0.12413106865715236,-0.002700234815129079,-0.04790406148182228,-0.02487836518790573,0.004073047423735261,-0.020203805246856065,0.05190118384547532,-0.01232722113840282,0.009707889428827911,0.0036461518658325075,-0.008915724847465754,0.12279150567017495,0.032874563765944914,0.02290656216442585,-0.015289727076888084,-0.001604426703415811,0.006710585318505764,0.03126354749314487,-0.0029586556064896286,2.0,2.0
Pbx3,-0.41543940127128737,0.040575568401254716,-0.028796127068344505,0.00023803332820534706,0.022145632072351873,-0.018438754664966837,-0.022200046931393446,0.0,0.02925470481393859,-0.0016869079088792204,0.0895318086980842,0.002667561416164972,-0.028004478109651246,-0.015346704199910164,0.00518485426902771,-0.005151066849939525,-0.14292225590441376,0.011888045736704954,0.08641133434488438,0.055554552593966945,-0.0020720561733469367,0.04550016166176647,0.006292107867775485,0.00213804304599762,-0.008746607415378093,0.004076821934431791,-0.0639372421905864,0.028684836286120115,-0.0029586556064896286,2.0,2.0
Sh3glb2,0.04102046963758767,0.04361714038532227,0.016366245318204166,0.0003967222198843956,-0.02130275616189465,-0.007593766177305952,0.0427841461263597,0.0,-0.18278255103854463,0.01381902452558279,0.05497469768859446,-0.0006086607149336488,0.02360806553158909,0.013459993470460176,-0.016695831735851242,0.05567830421961844,0.05289464466040954,0.08287193308584392,0.01294568164041266,0.14397028585895896,0.010807897155173123,0.05098209914751351,-0.03556176723446697,0.017228713110089302,0.002911093048751354,-0.0009994789259508252,0.023583545710425823,0.026690014521591365,-0.007871566778048874,2.0,2.0
Amd1,0.09740269010420889,-0.18570534319151194,0.18418972733430564,0.0003967222198843956,0.023552152113988995,0.04902323847170919,0.06472261115908623,0.0,0.05355627214536071,-0.006139417821541429,0.04909377195406705,-0.00456760693108663,-0.012890174323692917,-0.01758105115033686,0.02103155853692442,0.0029249369027093053,0.03755319959018379,0.04311907733324915,-0.03341010835021734,0.032813268295722085,0.0017130021681077778,0.0814802726614289,-0.016879033589502795,-0.003276038020849228,0.003902316950261593,0.0004734373837709427,0.01875799379311502,-0.018119655009359123,0.003819069042801857,2.0,1.0
Enpp2,0.0016313229384832084,0.05325932244071737,0.2268251306563616,0.0005950833112001419,0.01913550148252398,0.12813776355294976,0.04590688668191433,0.0,0.0660311427898705,0.008004802823998035,-0.059805331599200144,9.565160609781743e-05,-0.008214676203206182,0.02358705112244934,0.013799525109352544,-0.029143170565366746,0.03001545534003526,0.11615039428230375,-8.561078226193786e-05,0.1595332107320428,-0.005499557629227638,0.12463263515383005,-0.04265226349176374,-0.0035257602483034136,-0.02158903542906046,0.003919009459204972,0.013647523541003466,-0.07615565735846758,0.003819069042801857,2.0,1.0
Gigyf1,0.16890036851575133,-0.07544086080743,-0.06308707039570435,0.001983611062169075,-0.03036585099005606,-0.15191012279712596,-0.030940402057021855,0.0,0.015045531652867794,-0.0027103446144610644,-0.09391731005162,0.0034399226540699603,0.05051688152248971,0.021718490556813776,0.009548343803035096,-0.05442034045234322,0.03623573758173734,-0.05848295640316792,0.016979371266788803,-0.02781325150572229,-0.003279906352981925,0.056774011137895285,0.003140095231356099,-0.0011118824779987335,-0.01773178830742836,-0.0007139135198667646,-0.038692978746257725,0.010754730769549496,-0.008733630161732436,2.0,2.0
Prtg,-0.001110768741928041,-0.09605806792213116,-0.043095961844082924,0.0003967222198843956,0.01822102939011529,0.04049370446708053,-0.004841545810922981,0.0,-0.25916615327005277,0.018202205020934344,0.0852977158408612,0.010817762213409878,-0.05323445950554742,-0.01431079428177327,-0.01121215033228509,-0.020392795223742724,-0.0016023034346289932,-0.02638311223592609,-0.034385633582714945,-0.03799671793356538,-0.004880577377043664,0.03642231999896467,-0.0050132644845871255,0.005355630363337696,-0.009116826509125531,0.0010859000403434039,0.009233040985491244,0.033770736593287436,-0.002766249286942184,2.0,2.0
Hnrnpl,0.013271268540993333,0.042632670421153304,-0.041028020717203614,0.0005950833112001419,-0.12036171443760395,-0.06886345505365171,-0.031239837929606436,0.0,0.04290707449428737,-0.01762887040618807,-0.0823606191854924,-0.01901870094006881,0.15112628363072872,0.012156193284317851,0.006512510795146227,-0.12491639452055096,0.04862030538264662,-0.028299788041040302,-0.029928502574330197,-0.02742951472988352,-0.026871668617241086,0.05483025145716965,-0.043530896906740967,-0.004778925087302923,-0.0011164128873497247,0.0006575519219040871,0.02495580889750272,0.010963960783556104,-0.002683357177884318,2.0,2.0
5330438D12Rik,0.07716022962238639,0.06658277691341936,-0.06335528782801703,0.0003967222198843956,0.027844414417631923,0.02117880810983479,-0.0020084731373935937,0.0,0.030878077736124398,-0.017463437570258974,0.1592892237054184,-0.00456760693108663,0.047431401908397675,-0.02066824103705585,0.010223396457731723,0.002060382585041225,0.05129631493706256,0.015662436289712787,-0.05246955855749547,-0.22838575834408403,-0.002683820470701903,-0.16494431728497147,-0.061879922197549606,-0.0008452929556369782,-0.007028859779238701,0.00487715657800436,0.004174868925474584,0.0317339407838881,0.022678900994360447,0.0,0.0
Ddx42,0.14880896016955375,0.04424376904964447,0.044885399118065834,0.0003967222198843956,-0.12466236621141434,0.0608984464162495,0.0213300056476146,0.0,0.05789852480404079,-0.0038789885304868223,0.1621380872000009,0.004350949461222626,0.10388343151658773,0.04001990573946387,0.02264622364193201,-0.0009353276295587421,0.0442186923744157,0.07252488229889423,-0.07188054527621716,0.06557955064810812,0.016000502300448714,-0.17504239008761943,0.010054881243268027,-0.003432150036096573,-0.013106755409389735,0.0006575519219040871,0.03001537504256703,0.013910783897154033,0.022678900994360447,2.0,1.0
Clasrp,0.009326861735316924,0.050037966603413225,-0.023847141354344785,0.0005950833112001419,-0.07252582900226116,-0.21216201896779238,0.0754695916455239,0.0,0.04290128637570888,-0.01678866259753704,-0.1437083270493895,-0.02035536732408218,0.0026790542271919546,0.016557621611282228,0.006286306045949459,-0.12170947806909681,-0.012946970663033425,-0.012202505795285106,-0.00457214180380106,-0.05490323603735305,-0.034345098435878754,0.06657122948672622,0.03690022526076064,0.04548391453921795,0.02079715797677636,-0.000698883761651814,0.03454714372288436,0.05007714293897152,-0.004769081017002463,2.0,2.0
Stx1a,0.021904434005264192,-0.06852195809595286,0.1674799162452109,0.0003967222198843956,0.018104451342951508,-0.011800712912809104,0.02467938907444477,0.0,-0.20723449773155153,0.006922851158306003,-0.022151263169944285,0.005460067588137463,-0.026971345208294223,-0.012936367054935545,-0.01099454723764211,-0.04702596410061233,-0.10752651252783835,-0.04324075199430808,-0.003070514449500479,0.12067560509894974,0.08017563165049069,0.04596622686833143,-0.03801291432013386,-0.0017297497624531389,-0.012946617286652327,-0.0006105839274823666,-0.02727183575509116,-0.01988268497865647,-0.0020105182623956354,2.0,2.0
Drg2,0.07682692647911608,0.08505608544219286,-0.06449107716791332,0.0003967222198843956,0.05251737136393785,0.0642697128187865,0.05156287524849176,0.0,0.05280240794178098,-0.011679282169789076,-0.024762836415320635,-0.0030876466806512327,-0.05229857782600447,-0.044539614524692295,0.00060956337954849,0.0956250668130815,0.020256605283357203,-0.018040219405665994,-0.004184481229167432,-0.07395715250633657,0.039904947513714435,0.00024825179018080236,0.008711834454443306,-0.011033670008182526,0.0007428298238664865,-0.001604426703415811,0.03049858093261719,0.07160088029690087,-0.004769081017002463,2.0,1.0
Rab6b,0.03995813686866313,0.04966400991426781,-0.022914439174346626,0.0003967222198843956,0.025142589742317797,0.04907299054786563,0.04618032166734338,0.0,0.06268531255424023,0.06983531046193094,-0.04966385782929137,0.007596513126045466,0.06956247739493847,-0.09590972686652094,0.012046216456219554,-0.0013770861644297838,-0.058729306384921076,0.032624650117941204,-0.0006856176559813321,0.09671614676713944,0.02612662186846137,0.03850873681716621,0.009947208845987916,-0.001856629103422165,-0.007765492387115955,0.0017359370877966284,0.014631642079912126,0.0013068536436185241,-0.02457023484632373,0.0,1.0
Ube3b,0.005026064715348184,-0.06011110819177702,-0.05401045797858387,0.0005950833112001419,-0.08589781658491119,0.11989046267233788,-0.06965834636241197,0.0,0.035296293986029924,-0.001037470898590982,-0.05920279617188498,-0.002990435276296921,-0.060263779992237684,0.00958307354710996,0.005277989972382784,-0.026684370210859926,0.049892791816964745,0.055048285140655934,0.004525218014605343,-0.10821134131401777,-0.008022822383791208,0.10952599746175111,-0.02401348721468821,0.013666839743964375,-0.015289727076888084,0.0006575519219040871,0.04231552562909201,0.0358633297868073,-0.0029586556064896286,2.0,2.0
Atp2b2,-0.34088329653721305,0.00936450126580894,-0.010180342473322525,0.0003967222198843956,0.011239525966811926,0.01679946476360783,-0.017041597114875913,0.0,0.010237396729644388,0.009600767571246251,0.01997371582488995,0.0011790414457209409,-0.003935909474967048,0.0001705457188654691,0.002451910389936529,-0.015661427439190446,-0.07381326142814942,-0.06291896712500603,0.027004546449461486,-0.1595512051950209,-0.026327272476628423,-0.20433233838528395,0.0036950394244922792,-0.0015025407541543246,0.0019075155165046453,0.00036822908092290165,0.006712864328874275,-0.0019596379715949297,0.0012458331906236707,0.0,0.0
Snrnp40,0.16599960847990589,0.09111859109252692,-0.037342958056833596,0.0003967222198843956,0.04675749740563333,0.07205376564059407,0.04959395499899984,0.0,0.06722070041112602,-0.0021935664070770146,0.1547962857503444,0.0009092312958091498,0.06153733347775415,0.007582938536070287,0.01404758494347334,0.008960755281150342,0.05868687376845628,0.013118362615350633,-0.011168871009722352,0.09445380956865847,0.013684004060924054,0.10310413390398025,-0.012362578641623259,-0.0002792457910254598,-0.02146564707159996,0.0010520830750465394,0.03234500559745356,0.023374009421095254,-0.02457023484632373,2.0,1.0
Ppt2,0.07706516996026039,-0.08169897399260663,-0.07292857575113885,0.0006942638661712408,0.006670575998723507,-0.06455399001482874,-0.04330438172910363,0.0,0.023668522231164387,-0.015874489257112146,0.0026245309493970127,0.006037485351553187,-0.04879834827152081,-0.020846623214893042,-0.004211977468803525,0.0229943326395005,0.04747620841022581,-0.03800612378399819,-0.05847821224364452,0.038559994586976246,0.08384364459081553,0.03733154885238037,-0.0571887761115795,0.01829507116228342,-0.02562020789831877,-0.0007139135198667646,-0.053057429862383286,0.01608172889740672,-0.002683357177884318,2.0,2.0
Cpne7,0.005290077619138174,-0.008539118550252169,-0.047710076844086874,0.0005950833112001419,0.018350169722980356,-0.14960895851720124,-0.01222326371818781,0.0,0.013021725902799517,-0.0015930920373648406,-0.1135407956445124,0.001025832571904175,0.010167836187174545,0.033298739215824755,-0.0010144016286358238,-0.06986510439775884,0.025599286393262446,-0.04017716261849273,0.045818758155219255,0.07001781518920325,-0.007454720656387508,-0.0036992682027630506,-0.016271814185311085,0.003602784420363605,0.021706368681043385,-0.0007139135198667646,-0.002495337745640427,0.020142024436499924,-0.004769081017002463,2.0,2.0
Zmym3,0.03617045873310417,0.043815172370523216,0.07783221217337996,0.00029754165560007094,-0.14063257929403336,-0.10865063766599632,0.02512577483430505,0.0,0.014344431487843394,0.0014229318499565124,0.09040803565643728,0.0009281460754573345,0.04568261979147792,0.008726680320687592,0.012950015924870968,0.0014906370686367154,-0.10188617064617574,0.05040804233402014,-0.05308847350592259,0.11792338640894741,0.00373373931273818,0.04942012697458267,0.010478264052799204,-0.0010450707376003265,-0.004966455530375242,-0.0015781246265396476,0.022885758746415377,0.012841639511752873,0.007462030458264053,2.0,1.0
Ckb,0.5742209206870758,-0.06377607063375762,-0.039797489780467,0.00043639444280415776,-0.04920635377202416,-0.005889322264119983,0.04169889845885336,0.0,0.02873111014952883,-0.008783639296889306,0.04671951831114711,0.005057178826536984,-0.021499424795620142,-0.055970291949342936,0.005635990910232067,-0.03982435680460185,-0.02523008927004412,-0.09536207017954439,0.0007001742720603943,0.008683126247487962,-0.007630688310600817,0.015180762335658073,0.020236993416328914,-0.007784629813395441,0.002407002516556531,-0.0011122021451592445,0.018050562350545078,0.00424373903486412,0.0016576411412097514,2.0,1.0
Gps1,0.20450943558011203,-0.025039708917029203,-0.08937750883982516,-0.041179765630513426,-0.036923817119095474,0.0031491353787714616,-0.03939407592639327,0.0,0.024504031161923193,-0.017419696701690555,-0.018546116196084768,-4.798677982762456e-06,-0.03624987434945069,-0.031057035874109715,-0.004094666335731745,-0.022560887889703736,0.00609290374442935,-0.22870055456180124,-0.047566712605766955,0.014225477990112267,-0.005102457175962627,0.05416795581113547,-0.0355693827487994,-0.0048738148668780925,0.007699322388507426,-0.0007139135198667646,-0.029294414290925486,0.020896517713554205,-0.0019399101960880217,2.0,2.0
Nup88,0.09884395434171893,0.07708469276316464,0.0204338259389624,0.00023803332820534706,0.025283019775524735,0.03503290063235909,0.021236201357096432,0.0,0.06597940085455775,-0.004912888542748988,-0.06433416774380021,0.03405577083583921,0.10296559761278332,0.005402711052447558,0.0003765767440199852,0.1377535532042384,-0.05032047824002803,0.026668546707369387,-0.023932104408741,0.08262108550639823,0.0005488733947277069,0.08526784603483975,0.020228796178125775,0.011935477815568448,-0.0016002449276857078,0.0006575519219040871,0.04190177754499018,-0.0820771913509816,0.022678900994360447,2.0,1.0
Dennd6b,0.0850968656828627,0.07664980327710509,-0.05653340699151158,0.0003967222198843956,0.03512003391981125,0.02972015561768785,-0.06036795404739678,0.0,0.032596744443289936,-0.01890918514691293,-0.008957425984553992,0.0014115087874233723,0.0036613109009340406,0.006639190725982189,0.010899947062134742,-0.06371901314239949,0.023398358430713414,-0.027901506619527935,-0.03319085715105757,0.16630838089622557,0.00522522703744471,0.05356811174191534,-0.014837443656288087,-0.003276038020849228,0.019534353539347647,0.0010520830750465394,0.016530647757463157,0.03448241903213784,-0.004769081017002463,2.0,2.0
Spock2,0.11228255887981504,0.1012533718533814,0.004210326708853245,0.0005950833112001419,0.03635027754120529,0.10705142925493419,0.05148623599670828,0.0,0.052211624202318486,-0.0026814972842112185,-0.06606100040487944,0.002865746980533004,0.002001155223697424,0.07997590858023614,0.00911742601543665,-0.0511153619736433,0.053476420873776076,-0.04242975373286754,0.031041720143985003,0.1396003080299124,-0.011693556513637304,0.06685141512192785,-0.03741003200644627,-0.0021522879973053933,0.019534353539347647,0.0006575519219040871,-0.04039783537387848,0.06344632505439222,-0.004769081017002463,2.0,1.0
Sema6d,-0.7347182147484272,0.03643996378174052,-0.0275197843532078,0.00029754165560007094,0.0157299446570687,-0.008675303729251026,-0.023134238016791642,0.0,0.012633214946545195,0.006335351605666801,0.05961034943524282,0.003247322712559253,-0.002115196422673762,0.011226062709465624,0.0020254982588812707,0.01593009816482663,0.020023138751275836,-0.00957521328702569,0.03213231165136676,-0.00554594739456661,-0.02475052181398496,0.052802816373296084,-0.04438744461323949,-0.007174171549268067,0.002725996177177876,0.0010520830750465394,-0.03771676579490304,-0.13062501216772943,0.0015767327437060884,0.0,0.0
Smarcal1,0.05269904913846404,-0.2488739942200482,-0.008028456723550334,0.0003967222198843956,0.013906372198835015,0.06993801246862859,0.046634213093202564,0.0,0.05288365141954273,0.008307452173903584,0.012846904858015477,0.0005554429814219475,0.02628117530606687,-0.11818454357329757,0.009777459809556603,0.05155907971784472,0.0567377652740106,0.1359898073086515,0.03212591923540458,0.12673025623429568,0.0036430109618231653,0.07963127183262259,-0.010263336300558876,0.010208962261676788,0.019534353539347647,0.0004734373837709427,-0.005668926839716732,-0.01110287468880415,-0.004769081017002463,2.0,2.0
Tdrd5,0.035740034939954056,0.04028898606309667,-0.06676778896246105,0.00029754165560007094,0.01778556120349094,0.02270343393087387,-0.03492713216226548,0.0,0.047102284878492356,-0.009431432490237058,0.028094540531747043,0.03384863172657788,0.13525295900180936,-0.015255546714179218,0.05652265798300505,0.025770689146593213,-0.08141275039874017,0.0881441609095782,-0.058832875611260535,0.014665241083130241,-0.003610078482888639,-0.1632476911507547,0.013612832396756858,0.0013897598534822464,-0.005331596434116364,0.0003005951642990112,0.016163854459300638,-0.03507220284081995,0.022678900994360447,0.0,0.0
Lrrn2,0.021633467841893433,0.031037602773867547,-0.04806385820033029,0.0003967222198843956,0.020230103046633304,0.0889685182319954,0.01186118702404201,0.0,0.05120671411510557,-0.003960290974937379,-0.021335038929246364,0.03532601591898128,0.14766605945304037,0.015599487524013966,0.013861939624184742,-0.044311346551403404,-0.060237308987416326,-0.19918169462122023,0.041636069308733564,-0.04943816473009065,-0.004147182735614478,0.03416403264738619,0.08181876299902796,-0.0007885860139504075,-0.0013494277000427246,0.0010896574752405285,0.018862526193261148,-0.010050683366134763,0.007822858432773501,0.0,0.0
Nr6a1,-0.1703662783757318,0.02283569142804481,-0.0033665124874096364,0.0005950833112001419,0.015368342958390712,-0.12969518378842623,1.0447828099131585e-05,0.0,0.0014577436656691134,-0.0513508008630015,-0.11941465317213443,0.0020592090813443065,-0.00852955352747813,0.009019884075969457,-0.00014036232605576515,-0.03445628533605486,0.032701249902602286,0.06959992505144327,0.05595882217516191,0.1538776942389086,-0.005126425297930837,0.04748438352718949,0.012537202049279585,-0.0035257602483034136,0.02087155222892761,0.0017885412462055683,-0.012769998600706458,-0.023912229812704026,0.0023142904741689564,2.0,2.0
Brd8,0.05892081146128476,0.06871090946719051,-0.027169401806313543,0.0003967222198843956,0.03170242171734571,-0.12511561854975298,-0.014318242808803916,0.0,0.04479622036218643,0.008535012383945287,-0.004702479825355112,0.0009083108697086573,0.13060853238217532,0.042089092242531476,0.013821380194276572,-0.10799438734538853,0.03519810365978628,0.1608430771669373,0.024611386705655606,0.08953078759368509,-0.006322052632458508,0.007793424846604466,-0.0031484781077597292,-0.0008452929556369782,-0.006389925517141819,0.0006575519219040871,-0.039245924819260834,0.054854528876021505,0.003819069042801857,2.0,2.0
Sptbn4,-0.11516862069373018,0.04580103968386538,-0.07291306684492156,0.0005950833112001419,0.03608714284840971,-0.05462837480241433,-0.013842564448714257,0.0,0.041526829339563844,-0.00733169961720705,-0.07989514303393662,1.574163674376905e-05,0.13701934718410486,0.029779783748090267,0.00675555057823658,0.02108312935102731,0.012725666484329849,-0.04666372201405466,-0.06441945203347131,0.07158815990318544,-0.0008078498113900423,0.07201838742010296,-0.053631684352876616,0.002767365388572216,0.018426374047994614,-0.0013414059276692569,-0.020319801953155546,0.03783123883418739,-0.0029586556064896286,2.0,2.0
Mapt,-0.12228109103627503,0.050043774300720545,-0.07534027052111923,0.0005950833112001419,0.018218730017542838,0.052276529257651416,-0.0904684248380363,0.0,0.025931246601976453,0.042389960000291466,-0.1145435301726684,0.007596513126045466,-0.03752806132426485,0.008911567153409123,-0.004900205773301422,-0.01318773791193962,0.0049498111475259066,0.039201598041690884,-0.007258748228196055,0.08138363853795454,0.03798642772715539,0.005573786091990769,0.015952353180618956,0.002437709718942642,-0.02562020789831877,0.0017359370877966284,-0.008081045516300947,0.037459887703880666,-0.004769081017002463,2.0,2.0
Srrm1,0.16625944112893193,0.10086746513843536,-0.03239686394110322,0.0003967222198843956,0.05898497111164033,0.08672034339979291,0.016342938933521508,0.0,0.05933659630361945,-0.019192413929849862,-0.03335275511723012,-0.01993075953796506,-0.03728848233819008,-0.026253880159929396,0.00060956337954849,0.08358493834733963,0.03305610687006265,-0.03172047143103555,-0.033778653296176346,-0.07341581102460623,-0.017739711722824722,0.11249248812906444,0.0174331465549767,-0.011033670008182526,0.0007428298238664865,-0.001604426703415811,0.026645582094788553,0.06828706200234592,-0.004769081017002463,2.0,2.0
Gm28791,0.4359673784300685,-0.15722313995938747,0.0019417556398548185,0.0006942638661712408,0.019893100671470165,-0.0695291157392785,-0.027678832486271857,0.0,0.04118645692244172,-0.0011139957467094063,-0.011084542492753827,-0.0021153499861247837,-0.03230645404313691,-0.01851030096062459,0.0044776934664696455,0.014993132050149143,0.025586993820033967,0.030427977854851632,-0.005471076914691366,-0.01248918377328664,-0.013837722875177861,0.060177445034496485,0.02722425893531181,0.008497832645662128,0.039080933891236784,-0.0007139135198667646,-0.026022353982552884,0.0424144371051807,0.0023143683222588154,2.0,1.0
Gpatch1,0.058786239225009924,-0.013192577518057079,-0.0330417392635718,0.0003967222198843956,-0.004393550183158368,0.025854729402344675,-0.09667806120589376,0.0,0.03519206435070373,-0.002428157599642873,0.0041757571941707285,0.003149722192902118,-0.02417527343146503,-0.13652286020107568,0.008909357446245849,0.10901914760470391,0.03697115107439458,0.076449458230054,0.0026235747267492116,-0.03187223762390204,0.015865202159620822,0.030356648941524327,0.02546220686752349,0.010208962261676788,0.0034213011711835863,0.0004734373837709427,0.03166854969691485,0.00803637289442122,-0.004769081017002463,2.0,2.0
Dennd2a,-0.10941762860165909,0.053982454261276874,-0.02228006249992177,0.0005950833112001419,0.020023253411054612,0.014385198035743087,-0.05524952080100775,0.0,0.04344904515892267,0.0064770075539126995,-0.06999213503208011,0.0016898629814386368,0.10048842874821276,0.0655612729024142,-0.060549631537869575,0.010069190431386233,0.030546421757899223,0.11187947638332844,0.018886374772991984,0.1512483044806868,0.004474214571528137,0.04963361850008369,-0.002153401003452018,0.002767365388572216,0.05764865301549435,0.003919009459204972,0.014558290159329771,0.012203140861820429,-0.008689293614588678,2.0,2.0
Rnf123,0.11243624574504793,0.07747177321463823,0.01758769724983722,0.0005950833112001419,0.025329605070874096,0.12907298252917826,0.03597586691379547,0.0,0.06893489684909582,-0.015976176960393787,-0.19125201808754355,0.002979687503539026,0.09258269055746496,0.018537987414747478,0.006685163900256157,-0.04262090351432562,-0.004025938156992197,0.04506828177254647,0.05655031652888283,0.18400764876976608,0.0058689302438870074,0.09600423221476376,0.02555123708967585,-0.0016568513214588166,0.0018532653525471687,-0.001604426703415811,0.07419580338522792,0.04571688243187964,0.003819069042801857,2.0,1.0
Atf7,0.008134838483529165,-0.05737413671682589,0.039986917744390664,0.0003967222198843956,-0.052928404808044435,-0.057629923075437545,0.01691279199672863,0.0,0.03185562340542674,-0.004386367117986083,0.14785879438742996,0.0014115087874233723,0.05045331306057051,0.019017575928010046,0.004985717665404081,0.015505696590989828,0.0443242918793112,0.027595911321695893,0.018070287983864546,0.07618370358482934,0.004782537026330829,0.07803176211193204,0.01271804750082083,-0.0015364102646708488,-0.020918713361024858,0.0017885412462055683,0.016916690124198795,0.014366194170434029,-0.02457023484632373,2.0,2.0
Commd7,0.060556585188023745,0.021737362858839333,-0.0653670653142035,0.0003967222198843956,0.04341658385470509,0.06116617841646075,0.04734265208244324,0.0,0.038577401807997375,0.002526430212892592,0.14495326898992061,0.0009366352786310017,0.021650005793198944,-0.05651898687705398,0.010899947062134742,0.008433383079245687,0.04865104819182307,0.026307633386459202,0.11493025323143229,0.09882965147495269,0.011456707664765418,0.0955893532000482,-0.0009245602483861148,-0.0016568513214588166,0.0021864328905940055,-0.002893228502944112,0.03412132210098207,0.04005657183937728,-0.007871566778048874,2.0,1.0
Snapc4,0.013102740368340164,-0.05005175638943911,-0.08013820786261931,0.0003967222198843956,-0.06089698216877878,-0.13507948367390782,0.007031858814880252,0.0,0.029695684453472496,-1.3886508531868457e-05,0.06381195120746269,0.0011202861787751317,0.007174060029792599,-0.03199676003539935,0.004666835679672659,0.025041601398261264,-0.0021124806557781995,0.04721014856593683,-0.014461482514161617,0.08701817380613647,0.003116911523975432,0.06230873483233154,-0.009047249901341274,0.00044737942051142454,-0.007040832228958607,-0.002630207734182477,-0.02357458667305764,0.017280291840434073,-0.02457023484632373,2.0,2.0
Sorbs2os,-0.021401352477259935,0.009114027004688979,0.19454400697723032,0.0003967222198843956,-0.024177043186500668,0.051338722974760456,0.0014791146852076054,0.0,0.03541965634096414,-0.00116336761508137,-0.03209129782044329,0.0016802968550473452,-0.017438627392984928,-0.10076579036191106,0.01976401146617718,-0.0304873534059152,-0.05054095579311252,0.046272990182042124,-0.03316944305785,-0.30298718323465434,-0.006920913755893707,-0.13035187386907637,-0.006069483933097217,-0.0036256491392850877,0.003902316950261593,0.0010896574752405285,-0.002481090989895165,0.074734944133088,0.003819069042801857,0.0,0.0
Limch1,-0.55639129945077,0.028259271876886486,-0.01816782887792215,0.0005950833112001419,0.013987388954992639,0.0007610238034976647,-0.014045789958909155,0.0,-0.0033680794190149754,0.00928169826278463,0.037128899600938896,0.0020592090813443065,-0.0005386247485876084,0.0070872018369846045,0.002394848489202559,-0.01627628195565194,0.021537465252913536,0.10191017645411193,-0.011275291830534115,0.13609472542535514,0.04054402693640441,0.010773571899626404,-0.016783722502877935,-0.0013847310049459338,-0.0008270549122244119,0.0006575519219040871,-0.008220664872787893,-0.010250914124771953,0.0014805295897531324,2.0,2.0
Nck2,-0.0490724646858871,0.014024372964631765,-0.021303983142133803,0.0003967222198843956,0.01542202616808936,0.03235910929040983,-0.009314712584018708,0.0,-0.22240642478922382,0.027744378386996685,-0.043775957610923795,-0.0017179941502399744,-0.018822174965171145,-0.11983805775176734,-0.002847373988479376,-0.028645891724154354,-0.11230756153119728,-0.0005773816490545868,-0.03895201125647873,-0.2061699301097542,0.000866028256714344,-0.09207215818576514,-0.010252828152733855,-0.0036256491392850877,0.00475849986076355,0.0007195497071370482,-0.00460052908747457,-0.04208745948970318,0.0023142904741689564,0.0,0.0
Slc25a23,-0.02232282737735659,0.04480690918397159,0.020940630699042232,0.0005950833112001419,0.038441629931330684,-0.20994913247181102,-0.030613532364368437,0.0,0.029377355496399103,-0.01342266594991088,-0.12531818452756852,0.0016898629814386368,-0.02005504260305315,0.01842356559820473,0.009847846487537027,-0.11860032496973873,0.0008198123285546899,-0.002113524549640715,-0.04631109239999205,0.14396198163740337,-0.006998375081457198,0.0445212253369391,-0.03769543034490198,-0.0021522879973053933,0.019534353539347647,0.0004734373837709427,0.025985612515360117,0.044792163490783424,-0.004769081017002463,2.0,2.0
Ssb,0.03488164196431171,-0.094883280294016,-0.013387172971852124,0.00043639444280415776,0.005945073952898383,-0.11466246497584506,-0.07439221553504467,0.0,0.037754044744651764,0.009007660876959563,-0.04493028030032292,0.0015994177060201765,-0.052973635933594776,-0.11431355595588684,0.008999839345924555,0.014928596736863255,-0.11113972412189468,0.13106323324609548,0.03155211817706004,0.14102730574086308,-0.011420559766702355,0.036209787840489296,-0.03942329548153793,0.0016642091795802116,0.026660238727927207,-0.0005730095319449902,-0.007855942831374705,-0.04456614211434498,0.0023143683222588154,2.0,2.0
Mtus2,-0.6572549009136855,0.028127566203474997,-0.021215917652007192,0.0005950833112001419,0.013311377295322018,-0.004215670345583931,-0.014045789958909155,0.0,-0.02215554955066182,-0.0006679859920404852,-0.08237387465604115,-0.0025342591851949692,0.0184105958417058,-0.0405993767734617,0.002394848489202559,-0.0150066033215262,0.021024633762426675,-0.021908388921292498,-0.016489733600756153,0.0908922804472968,-0.025178985265083612,0.009243026738986374,-0.016783722502877935,0.00011360236676409841,0.00032357873395085337,0.0006575519219040871,0.02601624319329858,-0.03152757747564465,-0.0018683529293048195,2.0,2.0
Ubb,0.6044365631532855,-0.04432535758474842,-0.11422980769304558,0.0007934444211423397,0.00872910895734094,-0.06551846068585292,-0.023657003054395317,0.0,0.037099970636481884,-0.009206468486227096,-0.024060282240097878,0.0015894206543453039,0.041222504316829146,0.0078049784107133745,-0.026483593813609332,-0.027808726588264106,-0.025789572335779668,-0.1426204894296825,-0.03023892270051874,0.0052341062622144816,0.007962801663670688,0.04321487810928375,-0.030002074974472635,-0.0027482037944719195,-0.002288131075911224,0.0003005951642990112,-0.0027457953849807384,0.0032816079468466343,-0.004513434326217976,0.0,1.0
Rnf4,0.05604674887144938,-0.1611699170875363,0.03420473415637389,0.00029754165560007094,0.012898463559686206,0.05193336756201461,-0.021865337812341748,0.0,0.05340293546207249,-0.0022914712107740343,-0.04380716605344787,-0.0182950841402635,0.1705917023215443,-0.028038491578772664,0.021118451063521206,0.0106710743624717,-0.11474928968353197,0.05292907193768769,-0.03898888638126664,-0.02044601200148463,-0.009974879361689091,0.039506668751128016,0.035063893594196996,-0.002856063935905695,-0.0011164128873497247,0.00036822908092290165,-0.007155661685392261,0.011575836155097932,-0.004769081017002463,2.0,2.0
Zkscan16,0.01481864660512656,-0.039053626272361724,-0.09019677676260471,0.0003967222198843956,0.04645119430497289,-0.06599844710435718,-0.03770986162591725,0.0,0.025945091906469316,-0.007823892710730434,0.15748678237665445,0.0024077234230935572,0.03947733099805191,-0.031762234827037904,0.01003009625710547,0.010452772681601346,0.045838360670022664,0.027698655771091582,0.06427327677840367,0.055780578455887735,-0.002605223427526653,0.04500555920414626,-0.017414209749549627,-0.0016568513214588166,-0.019283807165920736,0.0006575519219040871,0.012637281804345549,0.03906679234234616,-0.02457023484632373,2.0,2.0
Capn1,0.02618742623832077,0.03949930291622877,-0.06122994882403873,0.00029754165560007094,-0.08835208221338689,-0.10410607522935607,-0.016293970760889353,0.0,0.017483146814629435,-0.0023481114068999885,0.12480386429466307,0.0004768596816575155,0.09823526427848264,0.02262978844810277,0.014773480482399464,0.04427955881692469,0.03937570682261139,-0.098473496689694,-0.02401937509421259,-0.006888690645573661,-0.000520298108458519,-0.006115937689319253,0.003140095231356099,0.0051397265493869785,-0.018129741698503496,-0.002630207734182477,-0.06588744587614201,0.03797622310463339,-0.02457023484632373,2.0,2.0
Plekha6,0.06989920007297769,0.06796193965710699,0.12353018104098737,0.0003967222198843956,0.02958790849428624,0.09422892351751216,0.045100858248770234,0.0,0.05642165343160741,0.003297766554169357,-0.046562631767010317,7.608560554217547e-05,0.012224874041276052,-0.03578446015249938,0.015746615254320206,-0.019821014765184372,0.05121648920699954,0.02988187177281361,-0.01578390477458015,0.14504290073120502,0.0041569187818095085,0.06717259091325105,-0.016439858001249377,0.002437709718942642,-0.02444334778934717,0.017648693583905698,0.03687567063840106,0.021395930794533342,-0.002766249286942184,2.0,1.0
Trank1,-0.09742317024152726,0.07647761011729017,-0.014012335108127445,0.0003967222198843956,0.023847596449777485,0.057531558703631164,0.05114267932251096,0.0,0.06421900418121368,0.00818696734495461,-0.04033940851222724,0.000566041196580045,-0.014369535914156586,0.048950838190503415,0.009903188459575177,0.016853611432015896,0.030450037373229863,0.11757940734445584,0.12062773700105027,0.17115079927258192,-0.0024415552616119385,0.05331882994621992,0.00316145880962722,-0.008050623834133148,-0.02562020789831877,0.003919009459204972,0.03154954408062622,0.03216287768213078,-0.004769081017002463,2.0,1.0
Suz12,0.062476382669992746,0.04266434230376035,0.0123063290072605,0.0003967222198843956,0.026629633838310837,0.07212259082123637,-0.004029781650751829,0.0,0.036228085563052445,-0.009317693077027797,-0.029887838060967623,0.004114107470959425,-0.2708839149400592,0.015471066227182745,-0.07339870190713554,0.07941849546507002,0.04615387421566993,-0.0018533542659133673,-0.02212268864037469,0.08512578861787916,-0.0029590783268213273,0.05804413578938693,0.029134718391578645,0.012639707326889038,0.007541292272508144,0.0006575519219040871,-0.028355522891506554,0.02179199507459998,0.003819069042801857,2.0,2.0
Cdc16,0.09610438557341695,-0.11151852681301534,-0.030783723844215273,0.0003967222198843956,0.02186804749071598,0.024386096526868642,0.042503590146079656,0.0,0.04285654853098095,-4.571381490677595e-05,-0.00915190024767071,-0.0034563556406646966,-0.039177549732849,0.055145295071415606,-0.0006317393295466899,0.06014634778723121,0.0525511382566765,0.017982118711806834,0.06773848165525123,-0.12375717306043953,0.0055946554918773475,-0.002464779303409159,-0.0032460014044772834,0.008497832645662128,0.0502082010731101,0.0006575519219040871,-0.018945635582786054,-0.07169932930730283,0.003819069042801857,2.0,2.0
Tmem259,0.19664756525875418,0.06282584358938038,-0.08666295127011836,0.0006942638661712408,-0.03678008817136288,0.0487229990225751,-0.09009320767596364,0.0,0.03100045171973761,0.0812575793499127,0.008201298729982227,-0.029946541376411916,-0.006267499435925856,0.028986549014225604,0.005835960190743208,0.016887653211597353,0.05150318799074739,0.05407820123247802,-0.01205855573527515,0.0110956098488532,0.01690268359379843,-0.13960556716658176,-0.014214702285826206,0.010208962261676788,0.004598161280155182,-0.001604426703415811,0.00523246903787367,0.034522091448307035,-0.0018425712123280391,2.0,1.0
Ldlr,0.04729407747741789,-0.001645335133653134,-0.09697805831208825,0.0005950833112001419,-0.09491288273595273,0.058694476637756454,0.003022588947787881,0.0,0.031128982417285442,-0.009133706423453987,-0.03261766322888434,0.03527325219707564,0.10584792075678706,0.01192843248252757,0.005835960190743208,-0.04142573508433998,0.05072425832040608,0.04476992157753557,-0.014978994482662529,-0.08941473965533078,-0.004494522837921977,-0.15379527605138718,0.017210417727474125,-0.0005331012979149819,-0.01097551453858614,-0.0010257809981703758,0.03786033552838489,0.01914587749168277,-0.02457023484632373,2.0,1.0
Ppt1,0.06842935269698501,0.07125524933449924,-0.0409783099219203,0.00029754165560007094,0.02679436944425106,0.05492563385982066,0.052963072024285796,0.0,0.046284098419127985,-0.009005971183069051,-0.04603268747683614,-0.018796339549589904,-0.053319120658561585,-0.03610251250676811,0.010673742312937974,0.104572822926566,-0.057142889169044794,0.04209011613857001,0.05774204107932746,-0.05298342351801694,-0.021872062468901277,0.006163125112652779,0.017751363806892188,0.025953173339366913,-0.03098646745085716,0.0004734373837709427,0.04149728308198974,0.05393129134550691,-0.002766249286942184,2.0,1.0
Aifm3,-0.0221022641309537,-0.04716839244123548,-0.07848421792266891,0.0005950833112001419,-0.0625690962560475,-0.16886650105472653,-0.07909760207869113,0.0,0.02629420894663781,-0.02834652061574161,-0.18061900465050712,0.0014206597290467471,-0.010414551191497595,0.06164180068764836,0.005629363721236586,-0.09623781161382794,-0.022120357123203576,-0.07333894376177341,-0.0476619666791521,0.14069122815388255,-0.005168128390796483,0.05883133020251989,-0.07208412386476994,0.003602784420363605,-0.019898036066442727,-0.0005730095319449902,0.027487243600189684,0.024769649291411042,-0.004769081017002463,2.0,2.0
Anapc5,0.04964363098610192,0.04316724127158523,-0.03498301312327385,0.0005950833112001419,0.02609241027617827,-0.06411471229977905,-0.06435009279288352,0.0,0.03531187758781016,-0.0041122071910649535,-0.06277203252539039,-0.00031964231573510915,0.001001633575069718,-0.003323625777848065,0.009847846487537027,-0.061802500578342,-0.008294583959504963,0.11307599831547123,-0.00457408850081265,0.10650597800035029,0.11259491721866652,-0.0010246668942272663,-0.012362578641623259,-0.0023406045930460095,0.021706368681043385,0.0004734373837709427,0.014985651388415136,0.030200899958144872,-0.004769081017002463,2.0,2.0
Chgb,0.012692838999209926,0.04162074494641274,-0.036111114526866,0.00023803332820534706,0.016652988092973827,0.030954647222533823,-0.03245989305432886,0.0,-0.17469308238825762,0.021823453498072923,-0.023814481063745917,0.0022107122116722167,0.013203427132684737,-0.005329771898686886,0.0035015730606392024,0.07435890321619809,-0.10524672359460965,-0.21613788012880833,0.03580753268790431,-0.1558290747879073,0.009631901839748025,0.04856188856996596,0.017259849397523796,-0.00032424972392618655,0.00044421630911529065,0.00026302076876163485,0.009175389972515404,-0.015697776293382048,0.001275364849716425,0.0,0.0
Plekha1,0.029918448284734042,0.03565839038230479,-0.04643568163504824,0.00029754165560007094,0.03732919026631862,0.03966846591793001,-0.0020084731373935937,0.0,0.0437350186239928,-0.008727324432693423,0.08814957115799188,0.0024604871403425934,0.046318100653588774,-0.024404328959062697,0.010899947062134742,-0.010148102880921215,-0.10445607004687191,0.04047129509737715,-0.02885726171778515,-0.37510089800693097,0.0018658534996211528,0.039290129812434314,0.0130103945476003,0.00149621277814731,-0.010250854380428791,0.0004734373837709427,0.01993575243744999,0.03594924747012555,-0.02457023484632373,0.0,2.0
Dlg1,-0.403741363286972,0.0313218562095426,-0.0370430015923921,0.0005950833112001419,0.014351820565207164,0.020483922393759714,-0.019765029717236756,0.0,0.026594088445417583,-2.876049606129527e-05,-0.0621237397036748,0.0016898629814386368,-0.05462439705850557,0.00030465212068520487,-0.000599551637424156,-0.016042916532605887,0.04070584609173238,-0.027887053266167642,-0.03811202354147099,0.09813812606967985,0.0038343949010595678,0.009962189176585525,-0.016783722502877935,4.037632141262293e-05,-0.02562020789831877,0.003919009459204972,0.025346193918958305,-0.04207311043515802,-0.004769081017002463,2.0,2.0
Map2k2,0.04314269407768734,0.058147883601486684,-0.05285777664394118,0.0003967222198843956,-0.08326675003394485,0.07876467338297516,0.022081015352159738,0.0,0.04708717945031822,-0.003662437810562551,0.1339810293330811,0.001397918164730072,0.041275436256546526,-0.03436902354005724,0.0049561944976449016,0.006761884675361216,0.02355437404010445,-0.04087477246997878,-0.0017491200636141002,0.09829596980242059,-0.0023981137201189995,0.10481267835013569,-0.03491681593906833,0.0030170876160264017,-0.02146564707159996,-0.002788020186126232,-0.074998658366967,0.02567422923631966,-0.02457023484632373,2.0,2.0
Kifc2,0.18188769619737286,-0.07467044382123277,0.004241220634430647,0.00043639444280415776,-0.03367470603145193,-0.08309698787867091,-0.01861825806554407,0.0,0.03259187730494886,-0.00576193131506443,0.008575307978899218,0.0040647296071983875,0.09503035301109776,-0.037608724148012695,-0.021838838441472035,-0.031702318661846224,-0.023161002497654407,0.07468599307350815,0.02403118049580371,-0.020982673986582087,0.005125911005306989,0.032568420646712185,-0.029077993228565902,-0.002423388552851975,0.0006624984694644808,0.00036822908092290165,-0.001247989353723824,0.012385835526511074,-0.008733630161732436,2.0,2.0
Mark2,0.04643150948453695,0.05045945066260174,-0.21276601244928314,0.0005950833112001419,-0.08904857433168217,0.11212668049614877,0.04116925148293376,0.0,0.01955508200451732,-0.008482636963017286,-0.10950600479263813,-0.02057772871456109,-0.021535559287294746,0.011965180621482432,0.005835960190743208,-0.018180539079476147,0.04107817394658923,0.03667123316321522,0.020574117853539065,-0.06385309615172446,-0.019347801632247866,0.10888784974813462,0.04807702771620825,0.0230563955148682,-0.03216332755982876,0.003919009459204972,0.019067677438724787,0.012390188490971923,-0.004769081017002463,2.0,2.0
Slc12a5,0.0038281661717337557,-0.060508654329460114,-0.01598658225964755,0.0003967222198843956,-0.01753727040835656,-0.11224321921123191,0.024526769863441586,0.0,-0.20750566279049962,0.017953221779316665,-0.06576086824410594,-0.001528618906158954,0.1045028263446875,0.01670796876773238,0.003829095656983554,-0.09856127343140543,-0.10480884241871535,0.0867702055722475,-0.0008319645561277866,-0.054986446438124406,0.03351278700865805,0.02182362291496247,-0.015693360173609106,0.011635811137966811,-8.578452048823238e-05,-0.00045089278370141983,0.0224539677426219,0.010803019243758172,-0.002766249286942184,2.0,2.0
Cars2,0.10602600699989125,0.0530777849489823,-0.013400185448117554,0.0005950833112001419,0.043581141335889695,0.015848060231655837,0.035961185386404394,0.0,-0.2000381342857145,0.07804979040636681,-0.05208753935759887,0.0062305262585869055,0.028736753901466728,-0.12295427593868226,0.007898416901007295,-0.024642567057162522,0.0387752478569746,-0.007811251389794052,-0.01732552833214868,0.1052553081838414,0.015543547752313315,0.009414703203365207,0.025944151854055235,0.0080228678509593,0.02304356737062335,0.0003945311531424522,0.005163046766538173,0.04178653664886951,0.0023142904741689564,2.0,2.0
Slc35c2,0.07946960451547057,0.02425746627151966,-0.08311269969912245,0.00043639444280415776,-0.05502281412133016,-0.08940539514529519,0.043226285506971183,0.0,0.030362675096839667,-0.01656929958611727,-0.05229127248516306,0.0011790414457209409,0.1117697557725478,0.022341305390000343,0.005835960190743208,0.0174140493478626,-0.11230743562337012,0.033257145597599444,-0.03535367178963497,-0.20412421476095916,-0.00763430189806968,-0.15731434998102486,-0.05928522766800597,0.0013897598534822464,-0.0018377725407481193,0.0003005951642990112,0.01426063037244603,0.01753393970429897,-0.002683357177884318,2.0,2.0
Ankhd1,-0.05159151982748881,0.051109122151974586,0.13343024690635502,0.0005950833112001419,0.013029390461742878,0.06516236359952017,0.06472261115908623,0.0,0.03512261883588508,0.016026685074903072,-0.17716617780504748,-0.0182950841402635,-0.05662816657684743,-0.01991305995732546,0.019959450899623334,-0.02083561122883111,0.01652565903495997,0.024701421204954385,0.010230413584504277,-0.07291606702841819,-0.025500299260020256,0.00429685378447175,-0.020433241003484,-0.024943198077380657,-0.00880887015722692,0.003919009459204972,0.009449149519205093,-0.014657563967630268,0.0023142904741689564,2.0,0.0
Smu1,0.0834884926606901,0.05020907850936055,0.015593928708694875,0.0003967222198843956,0.027264537434093655,0.005589286178001203,-0.04737326977774501,0.0,0.0359175365511328,-0.0006576666608452797,-0.0066351532435510304,0.001256453467067331,0.021424245066009463,-0.0931994051951915,0.01078184224315919,0.12001881225034594,0.05582917910302058,0.005363463300745934,0.011133875357918441,-0.30200676998123527,0.015552766011096538,0.06924266243353486,-0.003910570027655922,0.010208962261676788,0.003902316950261593,0.0004734373837709427,0.028789539677090942,-0.01990278177894652,0.003819069042801857,2.0,1.0
Tom1l2,0.030680860821157695,0.03354263380402699,0.17162987931398674,0.0005950833112001419,0.029122162852436306,0.005719567593187094,-0.0899984224140644,0.0,0.032582418941892684,-0.002984854364767671,-0.07354031559545547,-0.018796339549589904,-0.028297592049930244,-0.042475724073592576,0.0251792010338977,-0.07045509589836002,0.027581072163302453,0.008614454753696918,0.08275115704163909,-0.09749547129846178,-0.02227089093066752,0.07801715167239308,-0.02626718171930406,0.03959046995732933,0.009908259306102991,0.003919009459204972,0.027032076227478684,0.013782062935642898,-0.004769081017002463,2.0,2.0
Mettl24,0.011233746276702731,0.06269609468756243,0.1118251773621887,0.0005950833112001419,0.03498836726415902,0.1205828464613296,0.06989679224789143,0.0,0.04423618771135807,-0.002133212152402848,-0.084809075553203,-0.0182950841402635,-0.05370421379804611,-0.035603980058804156,0.018523323052795602,-0.018677039123140275,0.038851643884554504,0.029695477010682224,-0.014078212369931863,-0.06372918809298427,-0.02641079531982541,0.1277550674462691,-0.007357923013623804,0.022556951045989992,-0.018284254586324097,0.003919009459204972,0.01074186232406646,0.037546225236728785,0.0021539518749341367,2.0,1.0
Pid1,-0.5755194392194971,0.01191907406784594,-0.02552301823277958,0.0003967222198843956,0.015978239092510192,0.015348657495342194,-0.019166857791133224,0.0,0.005750936469994485,0.002821402623085305,0.024403083307552153,0.0013640692178159951,-0.022231776227708906,-0.005549270189367235,0.002394848489202559,-0.01049131690757349,0.022286008489318193,0.01913586034672335,0.07928517784632277,-0.2580605390307028,-0.02214461825788021,-0.08296325440518558,-0.007770907775120577,-0.0016252734512090684,0.001735412976704538,0.0006575519219040871,-3.5547864390537145e-05,-0.01823013896588236,0.001183969408593839,0.0,0.0
Gm4258,-0.048324039576691576,0.014910086686722935,0.023834571870975197,0.00029754165560007094,0.009281584299169482,0.011601076881051995,-0.00722109878435731,0.0,0.015521638067439199,0.013935849149711431,-0.017802789969719016,-0.005486287605017424,-0.010520065303426236,-0.09732295985799283,0.006576926777488552,0.002629692496266216,-0.09834218756528572,-0.008298552092164756,-0.04011419657152146,-0.20628227167762817,0.0004032753454521298,-0.38980971183627844,-0.002402727342705475,-0.00297637133160606,-0.00613039880990982,0.0010896574752405285,-0.03934588685631752,-0.008811094018165022,0.0023142904741689564,0.0,0.0
Tsc22d1,-0.019748393299523742,0.014737820669542998,0.06738369336118921,0.00023803332820534706,-0.014179242544341832,0.0034144818398635837,-0.009535918720066547,0.0,-0.2031931454804726,0.0057241662731394175,0.06470081837818725,0.002302195981610566,-0.002030637578573078,-0.05309710841160267,0.0044773927095229735,0.013916952805593609,-0.17134489781572484,-0.06390023656189442,0.016432042738888413,-0.18068248509196563,0.0031913331826217473,-0.3229597069323063,0.01701161976721778,-0.002018154785037041,-0.0035564461164176464,0.0007439730642363429,0.009428109233267605,-0.005584047469892539,0.0016627134382724762,0.0,0.0
Rtn1,-0.42600152591243384,0.04331935026915744,-0.0005540879769250751,0.0005950833112001419,-0.006092443163506687,0.0342589014582336,-0.008882170813158154,0.0,0.032070247230585665,0.012164291108492762,-0.03601891833764967,0.0015994177060201765,-0.03196945409872569,0.04309135680552572,-0.00014036232605576515,-0.013923612490762025,0.03853065501898527,0.12934709687717258,0.023909863301087173,0.1350377600034699,-0.006250011436641216,0.050363605301827194,0.008417727295309305,4.037632141262293e-05,-0.02513919211924076,0.003919009459204972,-0.00435131446341984,-0.028775068679824472,0.003819069042801857,0.0,2.0
Arhgap26,-0.6336191130941734,0.02995266970479861,0.0042862231354229155,0.0003967222198843956,0.010716581632004818,0.05326329820556566,0.002680739816278219,0.0,0.015643459013663232,0.009961855835281313,-0.04514692972705234,9.565160609781743e-05,0.0026651102188043297,-0.015737377072218804,0.005062568429857492,0.015940759107470514,0.020862023553345353,0.08135768025182187,-0.004229770944220945,0.1566018019011244,-0.024845155202783645,0.03353151794523001,0.007184454477246618,-0.009475731160491704,-0.0023017724975943565,0.0006575519219040871,0.0013757292833179236,-0.036669952888041736,-0.0014172655703441706,2.0,2.0
Smoc2,-0.04553438216214999,0.060223585616331544,-0.03530909524764866,0.0003967222198843956,0.017581681185401977,0.0638369369902648,0.07076443200930953,0.0,0.040990333006484435,0.00031204859726130963,-0.08448986753472126,-0.003350828201510012,-0.05579068741761148,-0.10191451254766434,0.009903188459575177,-0.019989716173149645,0.03688656190875918,0.02884904188103974,0.1018686123401858,-0.04936930962372571,0.00326788567006588,0.0018128881137818098,0.004994248553412035,-0.011827617567032576,-0.01647161189466715,0.003919009459204972,-0.003912556110881269,0.01988574386574328,-0.002766249286942184,0.0,2.0
Tmem39b,0.08905333532951772,0.06528006282169371,-0.02931208429625258,0.0003967222198843956,0.022187443235889077,0.07249580713920295,-0.07844097204506398,0.0,0.056285981009714305,0.008632396212778986,0.020026660766452552,7.608560554217547e-05,-0.015801182698924096,-0.12099222041200847,0.0035242146253585817,0.05124287746846676,0.056950930184684695,0.10401734795595985,0.07633338391082362,0.21110551580786704,0.005426952275447547,0.050965484045445916,-0.03942329548153793,0.010208962261676788,0.019534353539347647,-0.001604426703415811,0.018352623872924596,-0.09152845966629684,-0.004769081017002463,2.0,2.0
Pan2,0.0256866508978419,-0.10012005297932774,0.19876714245649055,0.0005950833112001419,0.022018438009545206,-0.14162369292229415,-0.05132683135569096,0.0,0.02044308676267974,-0.002148867906071246,-0.08705490744905546,0.0004926481726579368,0.1690069270413369,-0.06275291516911238,0.010968907386995852,-0.08994269357994199,0.05232504535233602,-0.14758217997848988,-0.03439162669586949,-0.052032317011617125,-0.008539047534577548,-0.009269282845780253,-0.037436657061916775,-0.004778925087302923,-0.0011164128873497247,-0.0007139135198667646,-0.019298217883333565,0.052555796308442954,-0.004769081017002463,2.0,2.0
Tsc1,0.021536975684575736,0.049572561429813505,-0.06208312720060349,0.00029754165560007094,0.0326974894097657,0.05024941984098405,0.01677747312467545,0.0,0.050928673720918596,0.0006867296108976007,0.04389588594902307,-0.0015618302440270782,-0.03842454144381918,-0.0009676759410649538,0.0035242146253585817,0.018579865894280373,0.057079845024272796,0.07388984324177728,-0.05853116489481181,0.14073910993989558,-0.0014011856308206916,0.057103420058265325,-0.03834632256883196,-0.0011533990874886514,0.019534353539347647,-0.005839061066508293,-0.08563218096038326,-0.10552052885293961,-0.004769081017002463,2.0,2.0
Nol10,-0.059648620616644624,0.061833008269313726,0.196448267926462,0.0003967222198843956,0.04606135041452944,0.02865009026660118,-0.048864448824897405,0.0,0.03618657367187552,-0.0016622561728581787,-0.04210475537925959,0.03746040932368487,0.012254697857424618,0.0748978710314259,0.02602384116500616,0.09385147120803594,0.01594292531721294,0.09895983780734241,-0.004769661761820317,0.08856562931556254,0.0055102607607841496,0.0553433642257005,-0.007049363756668754,-0.0017027879878878593,0.003902316950261593,0.0017359370877966284,0.05196527406573295,0.02801200174726546,0.003819069042801857,2.0,1.0
Golm1,0.05173565578530542,0.023736324741039424,-0.03903115451335907,0.0005950833112001419,0.02251385664800182,-0.044757061690324916,0.0035488869808614253,0.0,0.009566399245522916,0.05040880278684199,-0.006512037848588079,0.0011790414457209409,-0.019521624562330545,-0.03202674434054643,0.004525593565776944,-0.039992163204588,0.01491878680884838,0.023230107869021594,0.019283384010195734,-0.31703818873036654,-0.0030888088466599585,-0.05775054477155209,0.00023585012881085276,-0.003126204670406878,0.003902316950261593,0.00036822908092290165,0.012543876736890525,-0.04410433005541563,0.003819069042801857,0.0,0.0
Crat,0.14822770485654474,0.08488883873447776,-0.021200946299359202,0.0003967222198843956,0.037208563121093906,0.05944825385697186,0.04249727169983089,0.0,0.06523396433796734,-0.0026676029013469817,0.009883352455217391,0.000582712524337694,0.010758567675948143,-0.049611322730779644,0.010899947062134742,0.05538797441869974,0.051660888590849934,-0.0019164229789748787,-0.022793559664860366,0.12941071046399885,0.0062268289737403395,0.05482823132537305,0.07497353785205632,0.010208962261676788,0.019534353539347647,-0.001604426703415811,0.039121250670868905,0.09003804385662079,-0.004769081017002463,2.0,1.0
Kif17,0.04882178102619946,-0.018684933147160337,0.11255955727538094,0.0003967222198843956,0.044136834256350996,-0.07136802827357315,0.03598360530100763,0.0,-0.20641892423387617,-0.0015966154751367867,0.010009952445980162,-0.00010858742811251432,0.09994844803237356,-0.02695202157832682,0.009435402816161514,-0.07577483267057687,0.04441112527390942,0.013298556224326604,-0.012733396633993834,0.06701390803384129,-0.0015966816479340196,0.049355591451749205,0.023191414021275704,-0.0002792457910254598,0.004890946820378304,-0.001506733272690326,0.0016111115625244566,0.029282556483522057,-0.0020105182623956354,2.0,2.0
Sppl2b,0.004531563359778374,-0.13977149485610427,-0.0704237216198817,0.00029754165560007094,0.010364058273844422,0.0456703815003857,0.052592398524284364,0.0,0.06226703115273267,-0.0010872652335092426,0.09868161004851572,0.0038330410490743814,0.06376400299370288,-0.03318589404225349,0.00904508029576391,-0.003967950385995209,-0.10286931121256203,0.05680681674508378,0.03629573004320264,-0.019882235950790347,0.00474041350884363,0.05874394368380308,-0.002318730427650735,-0.006102452892810107,-0.010403135204687714,-0.0017359370877966284,0.032775064397137614,0.004949084655381739,-0.008733630161732436,2.0,2.0
Srsf7,0.12445989658124745,0.08285810858011246,0.05813745524734259,0.0003967222198843956,0.018126958897337318,0.09354757898487151,0.045100858248770234,0.0,0.06126327954232693,-0.008994790585711598,0.1061668765055947,0.0013738204154651612,0.011150142978876829,0.004842123170383275,0.01099042896181345,0.02186828517355025,0.02053225664887577,0.022707912414334716,-0.007614454604918137,0.13888552627991885,0.004733735602349043,0.11680094982497394,-0.028455703087965956,-0.0011533990874886514,0.019777000807225706,0.0010520830750465394,0.014439146385993808,0.029185637673363088,0.0023143683222588154,2.0,1.0
Celf5,0.09937781584681943,0.05445276245474815,0.05756294522900134,0.0005950833112001419,0.02661302123218775,0.0656955394137185,0.05189364589750767,0.0,0.04655620959121734,-9.920084848999978e-06,-0.11085675096139312,0.003106945848558098,-0.031459312012884766,-0.014202376888133585,0.008658778350800277,-0.008311297732871026,-0.0236623794445768,-0.039925288199447094,-0.02044804335862864,0.1291247847676277,0.02846833410207182,-0.0045029882341623305,0.027913613490673016,-0.003276038020849228,0.019534353539347647,-0.001604426703415811,0.033003314128145576,0.04093357732519507,-0.004769081017002463,2.0,1.0
Zfp287,0.1630923644825816,0.09714248297736049,-0.061406751044560226,0.0003967222198843956,0.05251737136393785,0.028728472394868733,0.06974441086873412,0.0,0.05897713736630976,-0.0008329947805032134,-0.032348457472398874,0.00020244771149009467,-0.0642022420000285,-0.024970861510373654,0.013821380194276572,0.06014634778723121,0.05576045603957027,0.06099085222464055,0.017228908392135055,-0.14791064016520977,0.005241750371642411,0.007820714134722948,0.0007641574053559452,-0.011033670008182526,0.0012238456029444933,0.0006575519219040871,0.0017072821874171496,0.07160088029690087,0.003819069042801857,2.0,1.0
Mast1,-0.009044339547399432,-0.09145324691664428,-0.06790308626368642,0.0003967222198843956,-0.0395231956243515,-0.13267572698183358,-0.008604627074673772,0.0,0.029933818890713157,-0.006543577970005572,-0.14223099123686553,-0.018796339549589904,0.10747692853212357,-0.009113355793524534,0.01133928238064982,-0.1069015131238848,-0.052573914215900006,-0.03789656228851527,0.08728874043968972,-0.10152548184851184,-0.03206505573820323,0.039044895693659785,-0.029065118322614582,-0.005627980646677315,-0.010254154885187746,-0.0005730095319449902,0.022376454083714633,0.0038656927703414113,-0.02457023484632373,2.0,2.0
Usp4,0.0024887768854387105,0.029583356997463853,-0.030779194412752987,0.0005950833112001419,-0.09079963494790717,-0.21529833758482708,-0.08885430810041725,0.0,0.0010102086514234543,0.01601991542149335,-0.1297920991643332,-0.002700234815129079,-0.04271120079327375,-0.0647435409994796,0.004729989748448134,-0.07668528336565941,0.033697577165439724,-0.029694669703021644,-0.0154542879993096,-0.12311462376615964,-0.016958597069606184,0.0716013334877789,0.003207584760966711,0.013666839743964375,-0.02067836230620742,0.0004734373837709427,0.04711706603411585,0.024407991478219628,-0.0020105182623956354,2.0,2.0
Mirg,0.07073045467026531,0.08562064184807242,-0.04145717801293358,0.00029754165560007094,0.04451394451782107,0.049508410305716094,0.052963072024285796,0.0,0.05396545377094299,-0.0027233518147841097,0.03659450329141691,0.0013113055005669594,0.022481050519272686,-0.025262695485726,0.009343630764633418,0.04900469065643847,0.032923208572901784,-0.03338522824691609,-0.009220642959699035,0.1313628837908618,-0.000531245656311512,0.13230172547511757,-0.03769543034490198,-0.0011533990874886514,0.019534353539347647,0.0010520830750465394,0.041168968044221405,0.04127302578650415,-0.004769081017002463,2.0,1.0
Pacsin1,0.020734981867717578,0.03801302120089531,-0.0044009320926852525,0.0003967222198843956,0.031671144049614665,0.03500326150562614,0.022132640685886145,0.0,-0.33348441466805523,0.019017630233429374,-0.02062377723865211,0.0020344071229919792,-0.015181946965167298,0.043780019241385165,0.008341356166638433,-0.03342573625966907,-0.10622422258136793,0.0321378398447996,0.010289158982923255,0.02151877381838858,-0.0034570230008102954,-0.08507861441001296,-0.0014389249100349843,0.007173812291584909,-0.0041187222488224505,-0.0006011903285980224,0.01053516133571975,0.04910270447842777,-0.002766249286942184,2.0,2.0
Nprl3,0.09478794473223388,0.0532083669770509,0.15174196551553906,0.0003967222198843956,0.039874911569058896,0.04007401830982417,-0.04276885929517448,0.0,0.05234041762072593,0.007302671768702567,0.03871712123975158,-0.002718932218849659,0.027665233556181192,0.06580882950685918,0.016591255385428667,0.08632657529786229,0.049486384661868214,0.12733128496911378,-0.015587619075668045,0.2121563103189692,-0.002364851161837578,0.06949610167182982,0.02839226797586889,0.010208962261676788,0.020015369318425656,0.0006575519219040871,-0.005480310004204511,0.012914506148081272,0.003819069042801857,2.0,1.0
Nbr1,0.14707278451882302,0.09216891245916486,-0.0015755797177553178,0.0005950833112001419,0.03797647401690483,0.10597296661697328,0.05135450275614858,0.0,0.06557532935403287,0.005288728694431484,-0.014780592708848416,0.0005554429814219475,0.06682682445272803,0.014061843906529248,0.013821380194276572,-0.0511153619736433,0.056206804681569335,0.20247109378222375,0.015264314657542855,0.11999165260698647,0.002993071782402694,0.03730069100856781,-0.017677438454702498,-0.0005331012979149819,-0.007765492387115955,-0.001604426703415811,0.016775277033448218,0.06090663961134851,-0.02457023484632373,2.0,1.0
Tarsl2,-0.017651284974999727,0.06955875405110419,0.01022035870468244,0.00029754165560007094,0.02365803623571992,0.02403231481439434,-0.029951706621795894,0.0,0.03209272109437734,-0.002510078581981361,0.08568979450501502,0.0006115637323819101,0.01595826804637909,0.048208941845223306,0.0031819074554368856,0.04436799918767065,-0.03269523598253727,-0.007062923475168645,0.03283479823032394,0.11170571639668196,0.004436121666803956,0.06507286738604307,-0.013791405129013582,0.009021756760776043,0.021706368681043385,0.0010520830750465394,-0.006556444047018886,-0.04710736458422616,-0.004769081017002463,2.0,2.0
Cwf19l2,0.09704714307328687,0.06703213220462204,0.037984936942812055,0.0003967222198843956,0.0202424426516518,-0.05976188814733177,0.020045398036018014,0.0,0.0590204088203609,-0.0011704650335013867,0.15198220965685322,0.0009281460754573345,0.06583057433366775,0.01052805766928941,0.009938328387215733,0.014434803128242493,0.06036716209724546,0.04987222943454981,-0.04592959645204246,0.12649454250466077,0.0047258902154862885,0.06274892620742321,0.02581071611173684,-0.0008452929556369782,-0.010364765152335167,-0.03708592839539051,0.022885758746415377,0.014691555229946971,0.022678900994360447,2.0,1.0
Cdc14b,-0.021787128909491003,0.06348023801343515,0.2080272556748241,0.0005950833112001419,-0.05152544176671654,0.07612752630724572,0.06472261115908623,0.0,0.05846897877752781,-0.003130689470563084,-0.10043107428704388,0.0032606711285188793,-0.039519878081046046,-0.12233477227389812,0.0204405620705802,0.003723223782144487,0.017864789669401943,0.019013364417478442,0.025227390399668367,0.08250353755895048,-0.004909733920358122,0.12117121358402073,0.007755865384533536,0.004560348652303219,-0.008746607415378093,0.003919009459204972,0.04935062398202717,-0.032500085746869446,-0.0029586556064896286,2.0,2.0
Brsk1,0.05787954555824399,-0.09613691289909183,-0.0397636690037325,0.0003967222198843956,0.04838861092925072,0.06308050679042936,-0.01833564966917038,0.0,0.04493041910231113,-0.007996749533340335,0.13875958312768488,0.0016713467804947868,0.05112178459763527,-0.04093885086011142,0.01003009625710547,0.007028779308311642,0.03838894754182547,0.03950820076104719,0.03051184492651373,0.09466533863800577,0.004913014834746718,0.03869821075350046,-0.04274706145282835,0.00044737942051142454,-0.007040832228958607,-0.005839061066508293,0.0200207966635935,0.04127302578650415,-0.02457023484632373,2.0,2.0
Rap1gap,0.07104071610374377,0.0711007136804983,-0.03601129736751318,0.0003967222198843956,0.0331920250877738,0.08598130576312542,0.07076443200930953,0.0,0.06177345813717693,-0.00896827358752489,-0.05384267663350329,0.035067743455292656,-0.03301832614815794,-0.10376272949855775,0.010899947062134742,-0.018067082344787197,0.013011975223198533,0.028859897700604053,0.013404204873368145,-0.03161920226877555,-0.004021169191692025,0.11461362264119089,-0.002403448901604861,0.02290656216442585,-0.03216332755982876,-0.008837497844360769,0.03660668200929649,0.01924372263252735,-0.004769081017002463,2.0,1.0
Grik4,-0.30049251674907285,0.00506306039635092,-0.012168757194885985,0.00029754165560007094,0.010909331768634728,0.007034484911710024,-0.022472001388669016,0.0,-0.09175821311800973,0.010874209207831881,-0.04481929114845116,-0.004532056762836873,-0.007107592100510374,-0.036506951241753995,0.0019777281064307316,-0.013387099362444133,-0.08139338811510242,-0.14947143926285208,-0.005802413247001823,-0.15898433343158103,-0.020197716515976936,-0.14667610425502062,-0.029793018534692236,0.0022174844378605486,-0.004227290295530111,0.00026302076876163485,0.005754894696874544,-0.006200730305863544,-0.001414993911748752,0.0,0.0
Lmo4,0.12692488744156435,0.06757398523855955,0.23742591965245083,0.0003967222198843956,0.03184193160850555,0.07871320722682867,-0.015638668220490218,0.0,0.0484230937436223,-0.00032035732874646783,0.019624218817334622,0.007282817484810949,-0.029994924617931247,0.027825162219814955,-0.006289788670837879,0.06442644266411662,-0.022302766528446226,-0.04065675796475261,0.02236164895584807,0.10833332860376686,0.024886077814735473,0.054449618877843026,0.024934947948204354,0.012102598287165166,-0.014705797508358955,0.0006575519219040871,-0.04086654611164704,-0.01795307168737054,0.003819069042801857,2.0,1.0
Pdzd2,-0.8464856693288312,0.030692495766561478,0.058318836973048745,0.0003967222198843956,-0.026430393353803084,-0.005622389287455007,-0.016898875748738648,0.0,0.015685962899588048,0.011226558755151928,-0.1262632386951009,0.0015469100046902895,-0.049668044367572294,-0.006367512078722939,-0.0034006780362688003,0.005971155492588877,0.01989744859514758,0.05827408190816641,-0.058428470423677936,0.11155366335064172,-0.026451367367990315,0.015767236521933226,0.002360889498377219,0.0010126023925840855,-0.0029532169830054043,0.0010520830750465394,-0.008927309730788693,-0.03253284417791292,0.001183969408593839,2.0,2.0
Rsrp1,0.4517408890486695,0.08179622299037874,-0.02581810961244628,0.00029754165560007094,0.030332476384937763,0.0406773153366521,0.003983602011576295,0.0,0.06822744010947644,-0.009162319703027605,0.061391155425226315,0.002091141080018133,0.07001384623348712,-0.00025207045488059523,0.007207960076630116,0.016809912240132688,-0.014277259490918369,-0.23925123888533562,-0.02129194063367322,0.09471270979498513,-0.0016111475881189108,0.10894487871788443,-0.04619386235717684,-0.0004889193363487721,0.0016302113537676633,0.0006575519219040871,0.022984226213302462,0.025955398585647344,0.0016576411412097514,2.0,1.0
Txndc16,-0.04151988184836228,0.05036406823666766,0.112697553797625,0.0003967222198843956,-0.01344044554978609,0.09357882125652395,0.02013920232653618,0.0,0.07223219014704227,0.009006138276308775,-0.12214645142375957,0.0020592090813443065,0.15917754862457514,0.03300213966984302,0.018473048998275773,0.017568409009836614,0.034132147463969885,0.1266249757958576,0.007736593201989308,0.15452547368593514,0.0026405002316460015,0.02661021001636982,0.007679395435989136,-0.0009620491275563836,-0.011299955621361733,0.003919009459204972,0.014961370755918324,-0.007474287584191188,0.003819069042801857,2.0,1.0
Arhgap32,0.0363022008293774,0.0830837875045836,-0.05328842678107321,0.00029754165560007094,0.02874104761052877,0.04909052322153002,0.05223953673616052,0.0,0.06669477706775069,-0.001267848862335086,0.23308985270559787,0.0010336735146120192,0.015999889131635428,0.012910385210998356,0.007609154428355396,0.04064384828787297,0.05090361311566085,0.036837163460440935,-0.016882886183448135,0.14561068901326507,0.006147209820337594,0.12288252950645984,0.01107821547659114,-0.0018546108761802315,-0.023950566761195658,0.017648693583905698,0.03348136401735246,-0.00014849062077701091,0.003819069042801857,2.0,1.0
Gnb2,0.343507957640104,0.01147915028850548,-0.015175080050248653,0.001983611062169075,-0.018385598465101793,-0.1027555979473982,-0.0370276177674532,0.0,0.02925908088043798,-0.009532914636656642,-0.001996609077323228,0.03527325219707564,-0.07542808743775822,-0.07188947979826481,-0.032404439349193126,-0.06736911282874644,0.00820289408788085,0.07087361204903572,-0.0007234550779685378,0.06996974166249856,0.008912823826540262,0.03685034808004275,0.00033893847838044165,-0.0005331012979149819,0.000575130432844162,-0.0009205726953223348,0.026550792008638382,0.018009791360236706,-0.002683357177884318,2.0,2.0
Ttbk1,0.05856605970999226,-0.17461846719728782,-0.08607792855938896,0.00029754165560007094,0.014576014177873731,0.050808780579827725,0.03707240896299482,0.0,0.03823829175904393,-0.017117421072907747,0.004961383988847956,0.002667561416164972,-0.033411800544708964,-0.024538374249823393,0.0058522014645859596,-0.03364061577944085,-0.07486695881467313,-0.024815257957088763,-0.0792939511599252,0.09476780383265578,-0.0035846145963296296,0.06350393710657955,-0.014745245857629924,-0.0022042220085859297,-0.007557982057332993,-0.0017359370877966284,-0.026040970678441227,0.011577477051177993,-0.0029586556064896286,2.0,2.0
Chuk,0.2245920109259896,0.10058893352746963,-0.02338621102971956,0.0003967222198843956,0.04626319846138358,0.050078979562968015,0.04959395499899984,0.0,0.06779133075848222,2.9826727695763113e-05,0.12580321771092712,0.0014168329397216438,0.03733958590077236,0.02197479279246181,0.01404758494347334,0.003934163954108953,0.057825100738555194,0.11193071160465479,0.08615242202533409,0.1532022118475288,-0.001695783785544336,0.04619149811565876,0.020230621928349138,-0.0011118824779987335,-0.020918713361024858,0.0010520830750465394,0.02678874762263149,0.0366483384813182,-0.02457023484632373,2.0,1.0
Gm6994,0.08819413046119734,0.0556575464294292,0.03933144949143753,0.0003967222198843956,0.03368113163858652,0.012622339385561645,-0.02294773604720831,0.0,-0.2803177112410776,0.015334555180743337,0.01241170262452215,-0.012067199035082013,-0.013169841608032584,0.029510204521939157,0.00865063650533557,0.06335773799568414,0.06835546709597111,0.06553387688240037,0.09174496677238494,-0.007796870963647962,-0.0016574604553170503,0.030636490052565933,-0.004550641339446884,0.010208962261676788,0.00475849986076355,0.0003156249225139618,0.009441580893471836,0.05660114855505526,0.0023142904741689564,0.0,1.0
Cpt1c,0.039989409488625824,-0.26259301556739956,-0.09936855293926783,0.0005950833112001419,0.01554036932066083,0.08005591069697403,-0.026226513013243677,0.0,0.026185652734711767,-0.01693406007718295,-0.046417539846152066,0.0014206597290467471,0.07071007654070854,-0.022796884700655936,0.006629821928218007,-0.044998403985518964,0.05028625996317714,-0.047154129543341694,-0.0819090317399241,0.024668990321224556,0.0053296127775683995,0.05297683736309409,-0.047430644226260484,-0.0005331012979149819,-0.007765492387115955,-0.0011046872357837855,-0.010066424326505513,0.05150041308254003,-0.02457023484632373,2.0,2.0
Rnf130,-0.07191692791413516,0.06599571089493111,-0.018192348612938076,0.0005950833112001419,0.02136820095591247,0.11066105191595853,0.07076443200930953,0.0,0.06150693275034427,-0.00019490568432956935,-0.15277327864430845,-0.0021153499861247837,-0.06381510579958558,-0.1040560000995174,0.008988161645829678,-0.01878297723829746,0.03329615951515734,0.07011325016152113,-0.02752062478568405,-0.0485636148089543,-0.014223372619599104,0.11441147666424513,0.00316145880962722,0.043935636729002,0.02127817375585437,0.003919009459204972,-0.007111082887277007,-0.01360465954989195,0.003819069042801857,2.0,2.0
Trpc4,0.03552885555429384,0.04746837532380596,0.14144695760682224,0.0003967222198843956,0.03674912855029106,0.04512903216353152,-0.04267505500465631,0.0,0.04619851327501237,0.0004424705309793353,-0.07025079157785513,0.0005554429814219475,-0.009408975057303905,0.07018510093912482,0.010998488012701273,0.023291173037141562,0.05179860942997038,0.006014705183915794,-0.020175911208498293,0.13876405452843754,0.005507683935575187,0.07393209150061011,-0.019394344799075043,-0.005961576886475087,0.022187384460121393,0.003919009459204972,-0.005278213797137141,0.00735735877417028,0.003819069042801857,2.0,1.0
Cul5,-0.006043347201775759,0.03272774979937822,0.00246610569069162,0.00029754165560007094,0.018737600557506083,0.03285315342480317,-0.04993816160596907,0.0,0.021914476053789256,-0.0008105944050475955,0.13853535218629986,-0.0011039428762160241,-0.04644099798402749,0.005429996193852276,0.003154183188453317,-0.028056613551452756,-0.150155732864514,-0.0018492720741778612,0.010032426252728328,-0.1561741502559744,0.00268407539697364,-0.18460025368258356,-0.004419704239844577,-0.003475815802812576,0.003902316950261593,0.0004734373837709427,-0.0035669086396228522,0.03829852445051074,0.003819069042801857,2.0,0.0
Cntn3,-0.6737561360839754,0.029338866450125352,-0.026175311248516665,0.0003967222198843956,0.014594133421778678,0.0003631450375542045,-0.02416596908122301,0.0,0.02568294342374429,0.001220564292743802,0.034124919912428595,0.00692484431900084,-0.017838548158761115,-0.004617175534367562,-0.00014036232605576515,0.02018162655644119,0.023438220475800336,-0.0007647667964920401,-0.0163800477294717,-0.006251157224178314,0.029020610458683222,0.049204998508794236,-0.04399242009560112,-0.0002451269701123238,0.002302732279058546,0.0006575519219040871,-0.04205823227996006,-0.063345056893304,0.0021996495471103116,0.0,0.0
Smg5,0.06747368886368349,-0.00986230250680819,0.217545281839557,0.0003967222198843956,0.020576455746777356,-0.0699200290965382,0.00587672877125442,0.0,0.03097668756963685,0.024908012952655555,-0.024547271605115384,-0.01993075953796506,-0.012565966984257102,0.07564797552884556,0.02378907930571586,-0.11815806231461465,-0.07768541754223407,0.09858556343941018,0.0438902516849339,-0.11650482757948338,-0.024659546709153803,0.07920182397589087,0.021688859848945866,-0.0242439758265391,0.00208002851344645,-0.0010783851565793158,0.0067898922367021445,-0.0030301527958363295,0.0023142904741689564,2.0,1.0
Mtmr12,0.051307389056310056,0.015204347022809088,0.09129918196238578,0.0005950833112001419,-0.0043733508908189835,0.06977064250560944,0.0014791146852076054,0.0,0.024962968197651206,0.020624389899894596,-0.0344296313857194,0.0026622672262601554,-0.03424003196298145,0.014863375816494226,-0.014217739253072069,-0.033449539486318826,0.06917666905093939,0.02660989208612591,0.022990483960020357,-0.27150407186709347,0.0016926656104624272,-0.33946459712926297,0.005922049677901668,-0.0021522879973053933,0.003902316950261593,0.0019350814004428685,0.0008196837140712887,0.020822378220036627,0.003819069042801857,0.0,0.0
Abca2,0.0328109693271108,-0.09571027162019163,-0.08771585448645056,0.0005950833112001419,0.0076752921123988925,-0.03851111447205767,-0.018604984995909034,0.0,0.03204995504114777,-0.01762887040618807,-0.058811978774610904,-0.024449695980874823,0.14471933602239007,-0.005820362437516451,0.009335754537023604,-0.06831380869727582,0.047837795172818005,-0.04852379391901195,-0.0702359635522589,-0.059618346929783,-0.028138975326437502,0.04470676795579493,-0.053734478051774205,-0.001511730896309018,0.05726996849756688,0.0004734373837709427,-0.019248122137505562,0.009975379486568271,-0.008689293614588678,2.0,2.0
Ncln,0.10061133632087149,-0.05748366481391713,0.2008224797807634,-0.007260016603395343,0.026011799685657023,0.05635748116415926,0.05027503933757543,0.0,0.04791697765060235,-0.0033565831743180754,-0.02608258618740365,0.03500726625323296,-0.018665348626673222,-0.11613584314938635,0.02602384116500616,-0.01456988720688969,0.028836440267041324,0.03137147030327469,-0.029720520130358637,0.17203325180802495,0.0985960916755721,0.008844578331336379,-0.043028757920255886,-0.003276038020849228,0.019534353539347647,0.0006575519219040871,0.006470768233994022,0.010434087798930704,-0.002683357177884318,2.0,1.0
Chrm1,0.07693694391287863,-0.06229969250038266,0.00763745101634413,-0.0009322972176596522,0.014708507610484957,0.05362863829359412,0.01925539182499051,0.0,0.04226855655200779,-0.002764095081947744,0.014340209471993149,-0.01901870094006881,-0.05923839778639376,0.010647140184883028,-0.005784746515564621,-0.024724853723309934,-0.05188120592851192,-0.07943299991078674,0.0814723586209584,-0.057284594709053636,-0.03599475865717977,-0.0728669758932665,0.06616676004603506,-0.007784629813395441,0.002496390633750707,-0.0010783851565793158,0.008341083875857294,-0.011962834785226733,0.002342950706370175,2.0,2.0
Trerf1,-0.23788797560846434,0.026372432749485596,-0.00038254297338426114,0.0005950833112001419,0.015708570405840873,0.00934340792009607,-0.034289322015829383,0.0,-0.17895792200695723,-0.005404531232197769,-0.016931450273259544,-0.0037291273643495514,0.07067546984850197,0.045274975548963994,0.018124937415122985,-0.015066902013495564,0.04908665053779259,0.05684166850987822,0.08446930652076844,-0.05704778293147683,-0.005268709198571741,0.0330215025995858,-0.0079589094864059,0.0029582969658076765,0.015134574859403074,-0.002423548549413681,0.017694331153761594,-0.013014309005811811,-0.004406246318249032,2.0,0.0
Aco2,0.06334993827127619,0.018982027026358993,0.1791011507809162,0.0003967222198843956,-0.009377380572259427,0.042561599807813766,0.06472261115908623,0.0,0.05767613933421671,-0.001977264233864844,-0.06763994461973198,0.007596513126045466,-0.04697389440611005,-0.006808496217709035,0.024968040990643203,-0.03443583397194743,-0.05649586232146248,0.011905309208668769,0.06761168614029885,0.12154676244594156,0.03824951568618417,0.013431711168959738,0.021081513339304365,0.0001402651984244585,-0.008746607415378093,0.00036822908092290165,0.016693387320265173,0.017414696267805993,-0.0029586556064896286,2.0,1.0
Phldb1,0.013325632598716766,0.06749714354984462,-0.04473715877858922,0.0005950833112001419,0.050438970683608204,0.05804439331870526,-0.025756824519485234,0.0,0.04651939454022795,0.007300253347493708,-0.013849448724649847,0.001025832571904175,-0.032099580944050105,-0.027257365565747024,0.013821380194276572,0.001875092857517302,0.05474502852186561,0.11654245622630696,0.0942692899913527,0.15939817890524866,0.0042300820676609875,0.06028776407241821,-0.012362578641623259,-0.0044296515407040715,-0.008746607415378093,-0.001604426703415811,-0.01566076576244086,0.06772028996376321,-0.0029586556064896286,2.0,2.0
Cachd1,-0.3172216924512759,0.007343532055383548,0.043621350056491794,0.0003967222198843956,-0.0020477188573568127,0.036737870922370346,0.0032244262751191855,0.0,0.010513623950537294,0.005678703533485532,0.02162813867413206,0.0016802968550473452,-0.008980310569750145,-0.008994337912881747,0.004455719690013211,-0.015661427439190446,-0.07642680419725366,-0.16516650521196424,-0.006423545976285822,-0.26664819253841415,-0.022813053028658034,-0.2747948129568249,-0.02003934781256248,-0.0015025407541543246,-0.002435455652885139,0.00036822908092290165,-0.0031100245600100608,0.011475299726007505,0.0012458331906236707,0.0,0.0
Fbn1,-0.20665096721728332,0.0246378931903746,-0.039021473951870576,0.0005950833112001419,0.01587804211259936,0.02366602377733216,-0.026891882121562957,0.0,-0.13117511396063491,-0.03761075880902354,-0.026269118375494144,0.001481791328988038,0.006459443238563836,-0.0043138264399021865,0.0020450113760307432,-0.01677435902412981,0.05067105754744262,0.06374009963590652,-0.009132928875042126,0.08465605089440942,0.002408561776392162,0.0773989719839301,0.010093899825587869,4.037632141262293e-05,-0.024283009208738805,0.0018298730952665209,-0.012440050737932324,-0.010538150230422616,0.0023142904741689564,2.0,2.0
Mink1,0.057905045135412364,0.035076504081953314,-0.019319058971013874,0.00029754165560007094,-0.010858279275707901,-0.07827747689676472,-0.008092951253056526,0.0,0.04229940984863788,-0.0018441144516691565,-0.022853521935176105,0.000566041196580045,0.09047416554065421,-0.036935881501995026,0.008909357446245849,0.0407043751841411,0.015124545861035586,0.04370342135138344,0.05172682063654065,0.04758432031259872,-0.002820948865264654,0.06506650444120168,-0.03701605828013271,0.005866351760923863,-0.009421405009925365,-0.002630207734182477,-0.0671398689725902,0.027576163155026735,-0.004769081017002463,2.0,2.0
Ildr2,0.030869547489564865,0.03806511697592214,0.18230380630353465,0.0005950833112001419,0.025469273789785803,0.019710101273958572,-0.058135113902390005,0.0,-0.0021428071183618156,0.002929310593754053,-0.03312622413272038,0.007282817484810949,-0.0410138478706358,-0.13741336381994187,-0.007217629621736705,-0.03792980903934222,0.01533151836367324,-0.05337308181682601,0.0022753326036036013,0.1535731363343075,0.03562576276250184,0.04292491914704442,-0.03587419163726736,0.005933820903301239,-0.02513919211924076,0.003919009459204972,-0.0019726591085782274,-0.03848225860856473,0.003819069042801857,2.0,2.0
Rapgef4os1,0.0039205067651346326,-0.056975851147435606,0.20115515244891868,0.0005950833112001419,0.01421066944487393,0.12307602493441663,-0.0021077657677233217,0.0,0.0379794734204188,-0.004581178915686906,-0.1311385531607084,0.03527325219707564,-0.03237295006401837,0.034631981644779444,-0.05106758814305067,-0.022297697374597192,0.06010114572476596,0.046237350073643026,0.002815086003392935,0.10446630606544204,0.003320160689763725,0.10669315080158412,-0.03573291144450195,0.0015137374727055431,0.005855846293270588,0.0006575519219040871,0.04196162398904562,-0.02456966002006084,-0.0029586556064896286,0.0,1.0
Ttc17,-0.020051529572810978,-0.0456910705124028,0.14922414595261216,0.0005950833112001419,-0.022985444110818206,0.11146799994166941,0.01730903772637248,0.0,0.042881884342059494,-0.0013056559348478913,-0.09615826320485212,0.003325538355857134,-0.03556629741564393,-0.0171209852444008,0.006304022112162784,-0.029143170565366746,0.018199847876094282,-0.09638819016050547,0.08487817711895332,0.12557430258952082,-0.008679368593730032,0.1443470225809142,0.004853400929714553,-0.002254166454076767,-0.010552509566769003,0.003919009459204972,-0.052733209268189966,0.03830745740793645,0.0021539518749341367,2.0,1.0
Tns3,-0.4016043403674848,0.03743124359985814,-0.02198915348155424,0.00029754165560007094,0.014272374684951501,0.013172864974476397,-0.014045789958909155,0.0,0.02782251462340355,0.0002205259818583727,-0.08785100834269542,-0.002074467809870839,-9.914976544678211e-05,-0.09827253465540707,0.0033613493805751205,0.028899288456887006,0.0033665791689418256,-0.03301204688381404,-0.011704459338216112,0.09309254887513817,0.00550828221719712,0.08176136345136911,0.009448315899062436,0.0006646818900480866,-0.008746607415378093,0.003919009459204972,0.014195088925771416,-0.040079196919687095,-0.0029586556064896286,2.0,2.0
Osbpl7,0.0562174889491871,-0.07589711067266762,-0.053961264953250064,0.0005950833112001419,0.01078847236931324,0.1168591332132928,-0.03384737420361489,0.0,0.043376546003855765,-0.000775446374900639,-0.061893303466495124,0.001025832571904175,-0.030169577996712178,0.019575258370023222,0.004251488717272878,-0.007959452846553177,0.04570853202603757,-0.00782445271324832,-0.002415554542094469,0.11119717976544052,0.002960048611275852,0.1143888120353222,-0.0031484781077597292,0.0015137374727055431,-0.02562020789831877,-0.0011046872357837855,-0.012102610496804118,0.03353034732397646,-0.004769081017002463,2.0,2.0
