,DEG,pred,score_0,score_1,score_2
Ccnj,1,0,0.5131896138191223,0.4212890565395355,0.06552127748727798
Stox1,1,1,0.41336026787757874,0.450897216796875,0.13574257493019104
Dlgap2,1,0,0.41985711455345154,0.3908207416534424,0.18932218849658966
Rbm7,1,0,0.4962918162345886,0.44126349687576294,0.06244467571377754
Galnt14,1,1,0.39792531728744507,0.5157414674758911,0.08633323758840561
Slc31a1,1,1,0.4494535028934479,0.47009629011154175,0.08045022934675217
Sfmbt1,1,0,0.43037447333335876,0.3859584629535675,0.18366709351539612
Tapt1,1,0,0.5448520183563232,0.3798961639404297,0.07525182515382767
Gm20457,1,1,0.39503976702690125,0.46387186646461487,0.1410883218050003
Pradc1,1,0,0.5999309420585632,0.35966598987579346,0.04040306434035301
Evl,1,1,0.431393563747406,0.44347554445266724,0.1251308172941208
Fbxo33,1,0,0.5051076412200928,0.44731074571609497,0.04758167639374733
Zfp318,1,1,0.3430682420730591,0.5836822390556335,0.07324949651956558
Katnb1,1,1,0.43366655707359314,0.518214762210846,0.04811869561672211
Phgdh,1,1,0.43478623032569885,0.5135048031806946,0.051708973944187164
A230072C01Rik,1,1,0.37583598494529724,0.47245463728904724,0.1517094075679779
Mus81,1,1,0.2565733790397644,0.5061448812484741,0.23728179931640625
Zc3hc1,1,1,0.38294103741645813,0.5500656366348267,0.06699331104755402
Mrrf,1,1,0.38405516743659973,0.5243321061134338,0.0916127860546112
Dpp3,1,1,0.398230642080307,0.5157845616340637,0.08598477393388748
Utp15,1,0,0.48952335119247437,0.47210243344306946,0.03837427496910095
Dcaf17,1,0,0.45433151721954346,0.44673269987106323,0.0989358127117157
Arsa,1,0,0.5535893440246582,0.3409615159034729,0.10544911026954651
Gxylt1,1,1,0.3567228317260742,0.5948546528816223,0.04842255637049675
Zhx1,1,0,0.5915552973747253,0.36270326375961304,0.04574143886566162
Slc39a7,1,0,0.5974361896514893,0.3419756293296814,0.06058821454644203
Dnajc18,1,1,0.4471312463283539,0.4725387990474701,0.08032996207475662
Dynlt1a,1,1,0.30296897888183594,0.44350555539131165,0.2535254955291748
Epn2,1,0,0.42769333720207214,0.3638150990009308,0.20849156379699707
Mybl2,1,1,0.34880754351615906,0.4922933578491211,0.15889914333820343
Hsbp1,1,0,0.5168895125389099,0.39628833532333374,0.08682220429182053
Lsg1,1,1,0.3864005208015442,0.5223089456558228,0.09129053354263306
Wbp2,1,1,0.44501250982284546,0.46090245246887207,0.09408506751060486
Cited2,1,0,0.6104423403739929,0.2659311294555664,0.12362653762102127
Mpdu1,1,1,0.3444463908672333,0.4581789970397949,0.1973746120929718
Mospd1,1,0,0.5038607120513916,0.35832077264785767,0.13781854510307312
Gm13936,1,1,0.45645010471343994,0.4576910734176636,0.0858587920665741
Dusp18,1,0,0.46875473856925964,0.44638824462890625,0.08485705405473709
Hdlbp,1,1,0.4173043370246887,0.45366308093070984,0.12903252243995667
Homer1,1,0,0.5387097597122192,0.3824666738510132,0.07882357388734818
Bloc1s2,1,1,0.35765427350997925,0.4055379033088684,0.23680786788463593
Slc25a11,1,0,0.6859756708145142,0.25704872608184814,0.0569755882024765
Alkbh5,1,1,0.3262709677219391,0.47311195731163025,0.20061703026294708
Dkc1,1,0,0.4992394745349884,0.442301869392395,0.05845867097377777
Stx16,1,1,0.33943167328834534,0.5034634470939636,0.15710487961769104
Pdlim7,1,0,0.4682541489601135,0.4328893721103668,0.09885656088590622
Mcmbp,1,1,0.3434083163738251,0.47465401887893677,0.18193767964839935
Ccdc86,1,0,0.4806782305240631,0.47247326374053955,0.04684856906533241
Caap1,1,1,0.4053989350795746,0.5217322111129761,0.07286881655454636
Smim8,1,0,0.4983276128768921,0.44487226009368896,0.056800078600645065
Nub1,1,1,0.4273366928100586,0.46356868743896484,0.10909465700387955
Osbpl1a,1,1,0.4188653826713562,0.43426597118377686,0.14686867594718933
Prr13,1,0,0.4188620150089264,0.37868645787239075,0.20245152711868286
Ikzf5,1,1,0.4131946265697479,0.48676177859306335,0.10004361718893051
Tecpr1,1,0,0.4618114233016968,0.44789937138557434,0.09028913080692291
Gnai2,1,1,0.36521288752555847,0.4729761779308319,0.16181090474128723
Crlf3,1,1,0.3118044435977936,0.5494451522827148,0.13875038921833038
Ago2,1,0,0.4195539951324463,0.35275527834892273,0.22769072651863098
Eif3g,1,0,0.5761354565620422,0.3839268684387207,0.03993768244981766
St6galnac3,1,1,0.40453195571899414,0.4909091889858246,0.10455882549285889
Zfp518b,1,0,0.48561590909957886,0.44378718733787537,0.07059690356254578
Frmd6,1,1,0.34929925203323364,0.4642190933227539,0.18648165464401245
Prpsap2,1,1,0.28290265798568726,0.38784298300743103,0.32925429940223694
Gm15834,1,1,0.44983646273612976,0.4942769408226013,0.05588659271597862
Diablo,1,1,0.4481053054332733,0.4963699281215668,0.05552474781870842
Mppe1,1,1,0.3565831184387207,0.5354194641113281,0.10799738764762878
Slc9a7,1,0,0.4414827823638916,0.31601592898368835,0.24250133335590363
Sh3bgrl,1,0,0.38219672441482544,0.3247537612915039,0.29304951429367065
Sfxn2,1,1,0.34827569127082825,0.5456798672676086,0.10604444146156311
Zkscan17,1,1,0.36730340123176575,0.4626070559024811,0.17008957266807556
Fscn1,1,1,0.3336307108402252,0.45387712121009827,0.2124922126531601
L3mbtl1,1,0,0.45745179057121277,0.43754616379737854,0.1050020232796669
Rab30,1,1,0.32890549302101135,0.45399901270866394,0.2170954793691635
Agfg2,1,2,0.1669214516878128,0.4016498625278473,0.4314287006855011
Churc1,1,1,0.2988516688346863,0.5072455406188965,0.19390279054641724
Tubg2,1,1,0.30040720105171204,0.4869862496852875,0.2126065343618393
2310058D17Rik,1,1,0.38078683614730835,0.5177474617958069,0.10146570950746536
Myo1c,1,0,0.48384585976600647,0.4416082203388214,0.07454593479633331
Endod1,1,0,0.4827050566673279,0.4763580560684204,0.040936876088380814
Il18bp,1,1,0.38211196660995483,0.4953762888908386,0.12251178175210953
Gys1,1,1,0.2801992893218994,0.5795763731002808,0.14022432267665863
Pcyt1a,1,1,0.4496071934700012,0.5000109076499939,0.050381943583488464
Stk26,1,1,0.34194809198379517,0.4639548063278198,0.1940971314907074
Slc35e4,1,1,0.442416250705719,0.48176732659339905,0.07581642270088196
4930578G10Rik,1,0,0.388169527053833,0.3605341911315918,0.2512962818145752
Pfn1,1,0,0.548936128616333,0.3717937171459198,0.079270139336586
Aacs,1,1,0.4135603904724121,0.4597229063510895,0.1267167180776596
Tmed10,1,0,0.5724050402641296,0.40191730856895447,0.025677619501948357
Pcdhb19,1,1,0.4365510940551758,0.44858765602111816,0.11486124247312546
Ehhadh,1,2,0.1080562174320221,0.12631474435329437,0.7656290531158447
Ccnc,1,0,0.4767942428588867,0.43891575932502747,0.08428997546434402
Mark2,1,0,0.4772372841835022,0.3855511248111725,0.1372116059064865
Masp2,1,1,0.38221728801727295,0.505803644657135,0.11197905987501144
Zswim1,1,0,0.555480420589447,0.34690698981285095,0.09761256724596024
Polrmt,1,1,0.325623482465744,0.5155078172683716,0.15886865556240082
Pccb,1,1,0.3326909840106964,0.48413896560668945,0.1831701248884201
Trnt1,1,0,0.4840317964553833,0.4508168399333954,0.06515136361122131
Cul4b,1,0,0.4426068067550659,0.3346347510814667,0.22275841236114502
Mkrn2,1,1,0.41056889295578003,0.4176243543624878,0.17180676758289337
BC065397,1,1,0.2509773373603821,0.4223199188709259,0.32670271396636963
Sil1,1,2,0.3237127959728241,0.3058535158634186,0.3704337179660797
Gmpr2,1,0,0.49078601598739624,0.43698230385780334,0.07223166525363922
Oacyl,1,1,0.31545960903167725,0.4183700382709503,0.26617035269737244
Glmn,1,1,0.31768566370010376,0.6013270020484924,0.08098729699850082
Arl14ep,1,0,0.5572478771209717,0.398062139749527,0.04468996822834015
Pomk,1,1,0.385138601064682,0.42818042635917664,0.18668094277381897
Anapc11,1,0,0.42408472299575806,0.38608136773109436,0.18983390927314758
Cflar,1,1,0.4332435429096222,0.4475105106830597,0.1192459762096405
Tmem161a,1,1,0.39851635694503784,0.5210514068603516,0.08043228089809418
Psma5,1,0,0.5061562061309814,0.45501118898391724,0.038832638412714005
Bcl7b,1,1,0.32927051186561584,0.5598306059837341,0.11089885979890823
Guk1,1,1,0.32737991213798523,0.5934513211250305,0.07916880398988724
Agtpbp1,1,1,0.45039674639701843,0.49814876914024353,0.05145449563860893
Vps37a,1,0,0.4534052908420563,0.41136908531188965,0.1352255940437317
Lrrfip2,1,0,0.4378127157688141,0.323522686958313,0.23866461217403412
Gtf2ird2,1,1,0.3878023624420166,0.5353426933288574,0.07685497403144836
Slc36a1,1,1,0.1837514489889145,0.5691883563995361,0.24706017971038818
Pttg1ip,1,1,0.3654418885707855,0.5112296342849731,0.12332843244075775
Asph,1,0,0.42561137676239014,0.3933156728744507,0.18107298016548157
Edc4,1,1,0.45202264189720154,0.4737381935119629,0.07423919439315796
Nudt21,1,0,0.557460606098175,0.3997948169708252,0.042744554579257965
Fam57a,1,1,0.4423734247684479,0.5111384391784668,0.046488095074892044
Ube2e3,1,0,0.5173875093460083,0.4500028192996979,0.032609689980745316
Ccdc34,1,0,0.4149709641933441,0.3955066204071045,0.18952244520187378
Tmem151b,1,0,0.5603392720222473,0.33970484137535095,0.09995585680007935
Gm27010,1,0,0.44696244597435,0.26775577664375305,0.28528180718421936
Xrn1,1,2,0.07844167947769165,0.12745977938175201,0.7940985560417175
Rad51c,1,1,0.3618565499782562,0.5204384326934814,0.11770498007535934
Notch1,1,1,0.2820425033569336,0.3726569712162018,0.34530049562454224
Shroom4,1,1,0.3442542254924774,0.44747796654701233,0.20826779305934906
Atg4b,1,0,0.5033053755760193,0.4166291058063507,0.08006548136472702
Szt2,1,1,0.27101829648017883,0.3847554624080658,0.34422630071640015
Fgd1,1,1,0.3693408668041229,0.4669097065925598,0.16374939680099487
Chst2,1,0,0.58219975233078,0.33068129420280457,0.08711889386177063
Cd2ap,1,0,0.5965209603309631,0.3474291265010834,0.05604991689324379
Mettl24,1,0,0.43706974387168884,0.34414565563201904,0.21878457069396973
Egfl7,1,1,0.3602570593357086,0.5463556051254272,0.09338735789060593
Mrpl27,1,0,0.4545232355594635,0.44728630781173706,0.09819048643112183
Pcdhb17,1,1,0.41410768032073975,0.483991414308548,0.1019008606672287
Zfp932,1,1,0.3287487328052521,0.5304720997810364,0.14077916741371155
Adal,1,0,0.5359377861022949,0.4312710165977478,0.032791201025247574
Rnaseh2b,1,0,0.48110976815223694,0.4482007622718811,0.07068940997123718
Ovgp1,1,1,0.28071048855781555,0.37908491492271423,0.3402045667171478
Fras1,1,1,0.3191867470741272,0.5436352491378784,0.13717800378799438
Tor2a,1,1,0.43657153844833374,0.4667021930217743,0.09672628343105316
Mapre3,1,0,0.5384612083435059,0.3999141454696655,0.06162463128566742
Fkbp7,1,1,0.3601936995983124,0.38841739296913147,0.25138887763023376
Cdk2ap1,1,0,0.49605923891067505,0.39654162526130676,0.1073991134762764
Polr1c,1,0,0.43648695945739746,0.30365902185440063,0.2598540484905243
Wipi2,1,0,0.4555380344390869,0.450776606798172,0.09368535131216049
Ankrd13c,1,0,0.4908563196659088,0.43808138370513916,0.07106223702430725
Iqsec3,1,2,0.18024125695228577,0.13313229382038116,0.6866264343261719
Mfsd8,1,0,0.4905993342399597,0.4620417058467865,0.04735899344086647
Nfib,1,0,0.4060521721839905,0.391512393951416,0.2024354636669159
Cds1,1,1,0.352524995803833,0.5291745066642761,0.11830048263072968
Ptrhd1,1,1,0.40341585874557495,0.5221850872039795,0.07439905405044556
Plag1,1,1,0.3740472197532654,0.5026884078979492,0.12326439470052719
Capn15,1,1,0.45175671577453613,0.4564191997051239,0.09182411432266235
Asb7,1,1,0.4667184352874756,0.485881507396698,0.04740010201931
Mrc2,1,1,0.38712644577026367,0.45563462376594543,0.1572389006614685
Nhs,1,2,0.21537594497203827,0.2941347658634186,0.49048930406570435
Lingo2,1,2,0.2697330117225647,0.34201499819755554,0.38825199007987976
Gm12258,1,1,0.27389878034591675,0.5437726378440857,0.1823285073041916
2410006H16Rik,1,0,0.5833669304847717,0.283288836479187,0.13334421813488007
Mib1,1,0,0.48171648383140564,0.32765451073646545,0.1906289905309677
Psmd11,1,1,0.4012274742126465,0.533722996711731,0.06504946947097778
Crebl2,1,1,0.3398740887641907,0.44367897510528564,0.21644698083400726
Pknox2,1,2,0.29640695452690125,0.3396959602832794,0.36389705538749695
Pappa,1,2,0.10828699916601181,0.1569594144821167,0.7347535490989685
Rptor,1,2,0.21228915452957153,0.25499552488327026,0.5327153205871582
Atraid,1,0,0.5428849458694458,0.3705543577671051,0.08656066656112671
Pkd2,1,0,0.49120694398880005,0.46079376339912415,0.04799932241439819
Dlst,1,0,0.4957086145877838,0.4174089729785919,0.08688245713710785
Cfap44,1,2,0.14538425207138062,0.23110195994377136,0.6235137581825256
Ubap1,1,1,0.3830610513687134,0.5762339234352112,0.04070502147078514
Prkaa1,1,0,0.5152210593223572,0.4209061861038208,0.06387275457382202
Odf2,1,1,0.34484395384788513,0.5678543448448181,0.08730167150497437
Rbm15b,1,0,0.4801087975502014,0.4269946813583374,0.09289655834436417
Rpf2,1,0,0.4845425486564636,0.41911253333091736,0.0963449627161026
Tnpo1,1,0,0.46556568145751953,0.36258170008659363,0.17185266315937042
Klf10,1,0,0.5533888339996338,0.3822581470012665,0.06435301154851913
Tiprl,1,0,0.5056975483894348,0.38254690170288086,0.11175554990768433
Opa3,1,1,0.4157659113407135,0.43565407395362854,0.14858004450798035
Zscan22,1,1,0.35848328471183777,0.5637482404708862,0.07776843011379242
Ccar1,1,1,0.4495154023170471,0.5015695691108704,0.048915036022663116
Rad1,1,0,0.5055743455886841,0.38778775930404663,0.10663792490959167
Jarid2,1,2,0.21866203844547272,0.23757027089595795,0.5437677502632141
Nob1,1,0,0.5152122378349304,0.4122551679611206,0.07253257930278778
Ifitm7,1,0,0.4936630129814148,0.4376268982887268,0.06871013343334198
Ssh3,1,1,0.27162474393844604,0.521772563457489,0.20660273730754852
Men1,1,0,0.4598856270313263,0.3903942108154297,0.14972013235092163
Dennd2a,1,1,0.3402538001537323,0.41598883271217346,0.24375735223293304
Vps52,1,1,0.31765758991241455,0.5944023132324219,0.08794008195400238
Wdr90,1,1,0.30760204792022705,0.6230831146240234,0.06931483000516891
Extl3,1,1,0.34757137298583984,0.3713968098163605,0.2810318171977997
Ddx55,1,1,0.35433387756347656,0.4794215261936188,0.16624459624290466
Ankrd39,1,0,0.4644234776496887,0.43249696493148804,0.10307957231998444
Prkar1b,1,2,0.2425317019224167,0.25414159893989563,0.5033266544342041
Cacnb3,1,1,0.2513540983200073,0.453117311000824,0.2955286502838135
Ogfod1,1,0,0.48085257411003113,0.461516410112381,0.057631008327007294
Grm3,1,0,0.358589768409729,0.28695788979530334,0.35445231199264526
Pepd,1,2,0.16435055434703827,0.22635777294635773,0.609291672706604
Psmb2,1,1,0.41239747405052185,0.5354419946670532,0.052160561084747314
Eif5,1,0,0.5069491267204285,0.30207616090774536,0.19097471237182617
Ptprn,1,1,0.32944154739379883,0.49490055441856384,0.17565792798995972
Tfcp2,1,0,0.5106363892555237,0.4475593566894531,0.04180428758263588
Med12,1,1,0.28095683455467224,0.5520949959754944,0.16694819927215576
Dtna,1,1,0.35209953784942627,0.44516485929489136,0.20273560285568237
Epha10,1,0,0.4941367506980896,0.4038819372653961,0.10198131203651428
Homez,1,0,0.39130353927612305,0.29173335433006287,0.3169631361961365
Paqr8,1,0,0.5463992953300476,0.37932899594306946,0.07427170127630234
Mnt,1,0,0.5300132632255554,0.3523511290550232,0.11763566732406616
Abcc4,1,2,0.1077844500541687,0.133708193898201,0.7585073113441467
Kpna3,1,0,0.521504819393158,0.39175570011138916,0.08673954010009766
Tti2,1,0,0.528423547744751,0.3949103355407715,0.07666613906621933
Zfp809,1,2,0.27072659134864807,0.3642180263996124,0.3650554120540619
Zfp963,1,0,0.4874378740787506,0.4517747163772583,0.06078742444515228
Entpd3,1,1,0.3011622726917267,0.5947602987289429,0.10407739132642746
Ston2,1,2,0.20592603087425232,0.2348911166191101,0.5591828227043152
Med6,1,1,0.44149571657180786,0.48283642530441284,0.0756678506731987
Zfp286,1,1,0.33215248584747314,0.4561670422554016,0.21168045699596405
Ccdc88a,1,1,0.37298592925071716,0.427181214094162,0.19983287155628204
Sos1,1,0,0.425035685300827,0.3578561246395111,0.21710823476314545
Slc39a1,1,0,0.5627750754356384,0.34586992859840393,0.09135504812002182
Iars2,1,1,0.4290488064289093,0.4627666473388672,0.1081845685839653
Fam171a1,1,0,0.4238545596599579,0.27618876099586487,0.29995667934417725
Fam222b,1,0,0.5570198893547058,0.3759938180446625,0.06698622554540634
Nyap2,1,2,0.17881593108177185,0.185333713889122,0.6358503699302673
Ccnk,1,0,0.5451527833938599,0.37547388672828674,0.07937335968017578
6720489N17Rik,1,1,0.3050236105918884,0.44580531120300293,0.24917106330394745
Pate2,1,2,0.27075913548469543,0.2540563642978668,0.47518447041511536
Nbeal1,1,0,0.42093101143836975,0.4111602008342743,0.16790872812271118
Gm28307,1,1,0.31740662455558777,0.5517096519470215,0.13088372349739075
Usp3,1,0,0.4607194662094116,0.4320029020309448,0.10727757960557938
Xrcc5,1,2,0.17821961641311646,0.1947280466556549,0.6270523071289062
Wdr59,1,0,0.44832149147987366,0.42483824491500854,0.12684029340744019
Magohb,1,1,0.45132869482040405,0.48408856987953186,0.06458274275064468
Gm13483,1,2,0.29676133394241333,0.21325212717056274,0.4899865388870239
Lca5l,1,1,0.4300347864627838,0.4601268172264099,0.10983838140964508
Ccdc82,1,0,0.4794826805591583,0.4072381258010864,0.11327923089265823
Ptpn9,1,1,0.4387795031070709,0.47382938861846924,0.08739108592271805
Uap1,1,0,0.4887150526046753,0.381980299949646,0.12930472195148468
Klhl33,1,1,0.3413276970386505,0.44538673758506775,0.21328552067279816
St8sia1,1,2,0.23139601945877075,0.2622740864753723,0.5063298940658569
Cenpu,1,1,0.40473830699920654,0.5062064528465271,0.08905526995658875
Scaf4,1,0,0.5390782952308655,0.3847188949584961,0.07620280981063843
BC017158,1,1,0.21783414483070374,0.4478590488433838,0.33430683612823486
Tbc1d10b,1,1,0.37909865379333496,0.49195390939712524,0.128947451710701
AU040320,1,2,0.22937045991420746,0.27510717511177063,0.4955223798751831
Sgta,1,1,0.24384930729866028,0.515068769454956,0.24108189344406128
Rpp38,1,0,0.547504723072052,0.33249154686927795,0.12000375241041183
Tut1,1,0,0.546931803226471,0.35166409611701965,0.10140410810709
Rbbp4,1,1,0.4298437237739563,0.44252681732177734,0.12762947380542755
Dact2,1,1,0.39986875653266907,0.47647932171821594,0.1236519068479538
5031434O11Rik,1,0,0.5810035467147827,0.37684762477874756,0.04214881360530853
Azin1,1,0,0.5257900953292847,0.40557196736335754,0.06863797456026077
Zfp87,1,1,0.36017248034477234,0.544296383857727,0.09553109109401703
Wwox,1,2,0.050361987203359604,0.07770544290542603,0.8719325661659241
Dapk3,1,1,0.464236855506897,0.4658363163471222,0.06992684304714203
Hmgn2,1,0,0.618299126625061,0.33249661326408386,0.049204252660274506
Fasn,1,1,0.30592405796051025,0.5773051381111145,0.11677080392837524
Sptssa,1,0,0.48582521080970764,0.45420894026756287,0.05996587872505188
Rnf145,1,1,0.4695368707180023,0.49056708812713623,0.03989601135253906
Nup50,1,1,0.36399081349372864,0.36598673462867737,0.2700224220752716
Gm12576,1,2,0.16626174747943878,0.272639662027359,0.561098575592041
Zfp451,1,0,0.5312054753303528,0.3694019019603729,0.09939262270927429
Mars,1,1,0.31420862674713135,0.4202820658683777,0.26550930738449097
Usp29,1,1,0.2944514751434326,0.3868658244609833,0.3186827600002289
Fmr1,1,0,0.55177241563797,0.3504588007926941,0.09776878356933594
Sipa1l1,1,0,0.47193437814712524,0.3911706209182739,0.1368950605392456
Wsb2,1,1,0.3856324553489685,0.5433002710342407,0.07106730341911316
Rbm19,1,2,0.14551150798797607,0.31618934869766235,0.5382991433143616
Fbxo11,1,1,0.39585405588150024,0.5024498105049133,0.10169607400894165
Zfp148,1,0,0.47260093688964844,0.4556199014186859,0.07177920639514923
Ddx20,1,0,0.4791817367076874,0.4193914532661438,0.1014268696308136
Cltb,1,0,0.463079035282135,0.3670209050178528,0.16990002989768982
Ankrd33b,1,0,0.4941876530647278,0.4089950621128082,0.09681735187768936
Eif2b4,1,1,0.44090577960014343,0.5310091376304626,0.028085103258490562
Lrrtm4,1,1,0.36620622873306274,0.43937987089157104,0.1944139003753662
Dus2,1,1,0.3415171504020691,0.5714519023895264,0.08703094720840454
Nme4,1,1,0.42454591393470764,0.477232962846756,0.0982210785150528
Dpf2,1,0,0.5868687629699707,0.34983372688293457,0.06329753994941711
Rbm11,1,1,0.32022327184677124,0.47740861773490906,0.20236808061599731
Arntl,1,1,0.36762872338294983,0.40863996744155884,0.22373129427433014
Creb3l2,1,2,0.09854840487241745,0.12269484996795654,0.7787567377090454
Stx18,1,0,0.4666735827922821,0.4232757091522217,0.11005071550607681
Synpo,1,0,0.5171231627464294,0.4102582335472107,0.07261858880519867
2410131K14Rik,1,1,0.3470502495765686,0.5405067801475525,0.1124429851770401
Ak6,1,0,0.5618467330932617,0.3487967848777771,0.0893564373254776
Wdr13,1,1,0.3555642068386078,0.5157873630523682,0.12864844501018524
Cecr2,1,1,0.4071720242500305,0.45523327589035034,0.13759471476078033
Tcf3,1,1,0.3085240125656128,0.5575385093688965,0.13393749296665192
Adamts10,1,1,0.2900221347808838,0.6179646253585815,0.09201321750879288
Snx10,1,1,0.3616621196269989,0.5658037662506104,0.07253407686948776
Kctd1,1,2,0.1220695972442627,0.11994269490242004,0.7579877376556396
Ryr2,1,1,0.41416043043136597,0.48332616686820984,0.1025134027004242
Dnah1,1,1,0.4021748900413513,0.5192564725875854,0.07856862992048264
Gk5,1,2,0.16305537521839142,0.3795977532863617,0.4573468863964081
Ptpn2,1,0,0.5332210659980774,0.4060279428958893,0.06075098738074303
Efemp1,1,1,0.330561101436615,0.48674696683883667,0.18269193172454834
Mrps18b,1,1,0.38139671087265015,0.5571885704994202,0.06141475588083267
Daam1,1,0,0.5031386613845825,0.4119236469268799,0.08493771404027939
Shcbp1l,1,1,0.36401939392089844,0.5749734044075012,0.061007194221019745
Tns3,1,2,0.3421618938446045,0.2977638840675354,0.3600741922855377
Pak6,1,1,0.34896114468574524,0.5198416709899902,0.13119719922542572
Smox,1,0,0.4855678379535675,0.45334142446517944,0.06109071522951126
Rmi1,1,0,0.5458081364631653,0.3410431444644928,0.11314873397350311
Pfkp,1,0,0.5203895568847656,0.32346922159194946,0.1561412662267685
Sf3b3,1,0,0.5466569662094116,0.38383814692497253,0.06950490921735764
Pank3,1,1,0.4318563640117645,0.4823229908943176,0.08582057803869247
9330162012Rik,1,0,0.3933072090148926,0.35887739062309265,0.24781543016433716
Btbd8,1,1,0.26924440264701843,0.5617636442184448,0.16899195313453674
Cd163l1,1,1,0.32524991035461426,0.4744115173816681,0.20033860206604004
Sult2b1,1,0,0.43726545572280884,0.3693651854991913,0.19336940348148346
Phactr1,1,1,0.39145222306251526,0.4638636112213135,0.14468415081501007
Cln5,1,0,0.45395687222480774,0.3139287829399109,0.23211432993412018
Trub2,1,1,0.35804328322410583,0.565049409866333,0.07690734416246414
Sorcs1,1,2,0.11459044367074966,0.11029496043920517,0.7751145958900452
Nhlrc3,1,1,0.41366833448410034,0.5271918177604675,0.05913986265659332
Tma16,1,0,0.47727102041244507,0.46105366945266724,0.06167533993721008
9330020H09Rik,1,0,0.6312695145606995,0.30554482340812683,0.06318560987710953
Afg3l2,1,1,0.34651660919189453,0.5623619556427002,0.09112145006656647
Dgat1,1,1,0.3693477511405945,0.4662058651447296,0.16444642841815948
Banf1,1,0,0.562492847442627,0.3730598986148834,0.06444726884365082
Rhbdd2,1,1,0.26477232575416565,0.47254273295402527,0.2626849412918091
Aamdc,1,0,0.49851536750793457,0.42170730233192444,0.07977733016014099
Gm5577,1,0,0.5092648267745972,0.3835754692554474,0.10715970396995544
Gm11973,1,0,0.4243681728839874,0.35810229182243347,0.21752957999706268
Necab3,1,0,0.5458251237869263,0.3804068863391876,0.0737680196762085
Hist1h2be,1,0,0.5228724479675293,0.3565584123134613,0.12056919187307358
Anapc13,1,0,0.5100818872451782,0.41052916646003723,0.07938893884420395
Baz1b,1,1,0.271242618560791,0.4865001440048218,0.2422572374343872
Gabrb2,1,0,0.42906197905540466,0.42825058102607727,0.14268745481967926
Tmem198,1,0,0.5421429872512817,0.3815723955631256,0.07628463953733444
Golga3,1,1,0.3782040774822235,0.5053172707557678,0.11647863686084747
Jmjd6,1,0,0.6099740266799927,0.33558300137519836,0.05444297194480896
Zfp786,1,1,0.46275508403778076,0.4674799144268036,0.06976498663425446
Bag5,1,0,0.53232741355896,0.4160422682762146,0.051630329340696335
Tmem107,1,0,0.5064947605133057,0.39162659645080566,0.10187860578298569
Txn2,1,0,0.5165612101554871,0.3875877261161804,0.09585103392601013
Rmdn2,1,1,0.41432398557662964,0.4279220998287201,0.15775395929813385
Hspa9,1,0,0.48198479413986206,0.4571913480758667,0.06082382798194885
Sumf2,1,1,0.2274319976568222,0.6217938661575317,0.15077415108680725
2310033P09Rik,1,0,0.6568840146064758,0.30772608518600464,0.03538992255926132
Olfr46,1,0,0.39063382148742676,0.3354860544204712,0.27388012409210205
Gpam,1,1,0.44142717123031616,0.48475316166877747,0.07381962984800339
Rnf8,1,1,0.4114600718021393,0.42556941509246826,0.16297051310539246
Dbp,1,0,0.43730729818344116,0.4230034351348877,0.13968922197818756
Snrpb2,1,1,0.46660223603248596,0.46718961000442505,0.06620820611715317
4931423N10Rik,1,1,0.2881913185119629,0.36809608340263367,0.34371253848075867
Kifc5b,1,1,0.25256162881851196,0.4948175847530365,0.25262078642845154
Ccdc149,1,0,0.3650645315647125,0.3615570664405823,0.27337846159935
4933406I18Rik,1,2,0.2970706522464752,0.35044988989830017,0.3524794578552246
Ncaph2,1,1,0.39321398735046387,0.5097589492797852,0.09702704846858978
Fkbp5,1,2,0.2662440240383148,0.353453129529953,0.3803027868270874
Lin7a,1,1,0.34003621339797974,0.429973840713501,0.22998996078968048
Slc24a3,1,2,0.1607324779033661,0.21000827848911285,0.6292592287063599
Zfp111,1,1,0.34755414724349976,0.39879924058914185,0.2536466121673584
Spg20,1,0,0.5297498106956482,0.43641290068626404,0.03383731096982956
Lmtk3,1,1,0.42652836441993713,0.5002038478851318,0.07326775789260864
Plekhm1,1,2,0.20757968723773956,0.3359318673610687,0.45648840069770813
Sdc2,1,2,0.30617403984069824,0.29222434759140015,0.4016016125679016
Gm16023,1,0,0.475849986076355,0.438114196062088,0.0860358253121376
Tmem240,1,1,0.3813473582267761,0.42687419056892395,0.19177848100662231
Cyp4x1,1,1,0.2882533371448517,0.5515167117118835,0.16022996604442596
Fbxo10,1,1,0.2740953862667084,0.5553486347198486,0.170555979013443
Psmd1,1,1,0.22902140021324158,0.508354127407074,0.2626244127750397
Tasp1,1,0,0.4286571145057678,0.35963428020477295,0.21170859038829803
Rbl2,1,0,0.47082799673080444,0.4221991300582886,0.1069728210568428
Brms1l,1,1,0.411484956741333,0.5122975707054138,0.07621746510267258
Zfand5,1,0,0.5332888960838318,0.395651638507843,0.07105948776006699
Rab26os,1,0,0.5705854892730713,0.4039253890514374,0.02548915706574917
Enkd1,1,0,0.49751898646354675,0.4016404449939728,0.10084054619073868
Rpa3,1,0,0.6292588114738464,0.3223423659801483,0.048398882150650024
Tsr3,1,0,0.4846974313259125,0.33628958463668823,0.17901302874088287
Tshz1,1,1,0.30059874057769775,0.43053749203681946,0.2688637375831604
Gpn3,1,1,0.42284926772117615,0.48859703540802,0.08855374157428741
C130026L21Rik,1,1,0.3763485252857208,0.48279106616973877,0.140860453248024
Lrrc61,1,1,0.4093238115310669,0.538349986076355,0.05232619121670723
Ccdc97,1,1,0.3046952784061432,0.4068046808242798,0.288500040769577
Dhcr7,1,1,0.25349947810173035,0.538261353969574,0.20823918282985687
Tatdn3,1,1,0.4548390507698059,0.48387712240219116,0.06128381937742233
Lars,1,1,0.44789373874664307,0.4571182429790497,0.09498807042837143
Rfx2,1,0,0.4553774893283844,0.44949108362197876,0.09513140469789505
Zcwpw1,1,1,0.45147353410720825,0.4955472946166992,0.052979182451963425
Slc25a37,1,1,0.374707967042923,0.4223277270793915,0.20296424627304077
Polr3c,1,1,0.3629366159439087,0.5784933567047119,0.058570023626089096
Kcnq3,1,0,0.46824711561203003,0.40081751346588135,0.1309354156255722
Rbms2,1,1,0.18480722606182098,0.4535834789276123,0.3616092801094055
Alg14,1,0,0.5775615572929382,0.3737199306488037,0.04871851205825806
Araf,1,0,0.4996759593486786,0.36151498556137085,0.1388089954853058
Ccdc22,1,1,0.3228447139263153,0.5197914242744446,0.1573639065027237
Eaf1,1,0,0.5192312002182007,0.44143879413604736,0.03932996466755867
Bcat2,1,1,0.4155251681804657,0.5028472542762756,0.08162754774093628
1700029J07Rik,1,1,0.41987937688827515,0.5180582404136658,0.062062401324510574
St6galnac5,1,0,0.5213219523429871,0.3490999639034271,0.129578098654747
Ccl25,1,0,0.4883784055709839,0.45954155921936035,0.05208009108901024
Gm28151,1,0,0.5219333171844482,0.34029313921928406,0.1377735584974289
Nfkbil1,1,1,0.29507535696029663,0.5393567681312561,0.16556784510612488
C730034F03Rik,1,0,0.6061776876449585,0.3444325029850006,0.04938985034823418
Gpld1,1,1,0.41692084074020386,0.45438870787620544,0.1286904662847519
Pcnp,1,1,0.4750646948814392,0.4910263121128082,0.03390900045633316
Slc35g2,1,1,0.4242604076862335,0.47032344341278076,0.10541621595621109
Nr2f6,1,0,0.4884762763977051,0.40101587772369385,0.11050780117511749
Dner,1,2,0.14908243715763092,0.14995077252388,0.7009667754173279
Ccdc174,1,1,0.2320246398448944,0.5337042212486267,0.2342711240053177
Ogfod2,1,0,0.594599187374115,0.281399130821228,0.1240016520023346
Ptcd1,1,1,0.33072707056999207,0.5437314510345459,0.12554147839546204
Gm16126,1,0,0.4769967496395111,0.4336083233356476,0.0893949642777443
Naa10,1,0,0.3854447305202484,0.3847680389881134,0.22978726029396057
Ldha,1,1,0.27223944664001465,0.3940381407737732,0.33372241258621216
Invs,1,1,0.392508327960968,0.5280361771583557,0.07945550233125687
Acox3,1,1,0.3764435052871704,0.44141530990600586,0.18214116990566254
Coq10a,1,1,0.420040488243103,0.4762527346611023,0.10370677709579468
Kpna6,1,1,0.3329852521419525,0.56130450963974,0.10571025311946869
Dnajb4,1,0,0.5241931080818176,0.3673515319824219,0.10845538973808289
Efna3,1,0,0.43314123153686523,0.3771359920501709,0.18972273170948029
Yme1l1,1,0,0.4642910957336426,0.4096597731113434,0.12604913115501404
Paqr3,1,0,0.4734272360801697,0.4042418301105499,0.12233098596334457
Rasa2,1,0,0.3913249373435974,0.3490334749221802,0.2596415877342224
Lrfn3,1,1,0.33754539489746094,0.5115095973014832,0.1509450227022171
Arl4a,1,0,0.5894124507904053,0.3322156071662903,0.07837188243865967
Palm,1,1,0.3682039976119995,0.47162437438964844,0.16017165780067444
Ralgapa2,1,2,0.1374567300081253,0.21039925515651703,0.6521440148353577
B4galt7,1,1,0.3234356641769409,0.5978680849075317,0.07869631052017212
Las1l,1,0,0.43735259771347046,0.3182734251022339,0.24437397718429565
Sh3bp5l,1,1,0.3621607720851898,0.5100435614585876,0.12779569625854492
Plat,1,1,0.31260716915130615,0.47982990741729736,0.20756296813488007
Glt1d1,1,2,0.16775833070278168,0.3303832709789276,0.5018583536148071
Aff2,1,0,0.4119163155555725,0.33752724528312683,0.25055643916130066
Coq9,1,1,0.4394727349281311,0.48672544956207275,0.07380183786153793
Clcn6,1,1,0.2910696566104889,0.42983701825141907,0.27909332513809204
Grn,1,2,0.2659818232059479,0.3414649963378906,0.3925532102584839
Gpr85,1,0,0.576938807964325,0.33293402194976807,0.09012721478939056
Cir1,1,1,0.4167206287384033,0.46754124760627747,0.11573810130357742
Tcea2,1,1,0.35674339532852173,0.5332653522491455,0.10999127477407455
Rap2c,1,0,0.46366533637046814,0.35669025778770447,0.17964445054531097
Eftud2,1,1,0.39262503385543823,0.42773979902267456,0.1796351671218872
4930505A04Rik,1,0,0.4844096302986145,0.4217436611652374,0.09384670853614807
Wars,1,1,0.3421047329902649,0.473950058221817,0.1839451789855957
Itgb1bp1,1,1,0.27095890045166016,0.6429206728935242,0.08612041175365448
Zmynd12,1,1,0.32986950874328613,0.5919044017791748,0.07822614163160324
Gm11520,1,0,0.5401960015296936,0.4062698185443878,0.05353418365120888
9030624G23Rik,1,1,0.4024609923362732,0.45748889446258545,0.14005014300346375
Rpl35,1,0,0.545940101146698,0.36463722586631775,0.08942265808582306
A930012L18Rik,1,0,0.48415857553482056,0.44990411400794983,0.06593725830316544
Wdr91,1,0,0.5361417531967163,0.4166855812072754,0.0471726693212986
Rtca,1,1,0.4241122305393219,0.44611290097236633,0.12977482378482819
Nme6,1,1,0.3404337167739868,0.5192241668701172,0.1403421014547348
Gabrb1,1,0,0.4334332048892975,0.3194281756877899,0.2471386343240738
Arl16,1,0,0.6634503602981567,0.27493345737457275,0.06161617115139961
Cstf1,1,1,0.4453355073928833,0.4465912878513336,0.10807318240404129
Cryzl1,1,0,0.5728671550750732,0.3759319484233856,0.05120092257857323
Dnajc30,1,0,0.6970028877258301,0.2517659068107605,0.05123124271631241
Acadm,1,1,0.4230040907859802,0.5066490769386292,0.07034685462713242
Thap7,1,0,0.5775631666183472,0.3281736373901367,0.09426318854093552
Ryk,1,0,0.46945473551750183,0.42838814854621887,0.1021571233868599
Il18,1,1,0.3016170263290405,0.5443997383117676,0.1539832204580307
Chsy3,1,1,0.33415576815605164,0.4796534776687622,0.18619078397750854
Zfp758,1,1,0.4046713709831238,0.507856547832489,0.0874721109867096
Ppt2,1,0,0.3547011911869049,0.33032894134521484,0.31496983766555786
Phc1,1,1,0.4255804419517517,0.44564270973205566,0.12877684831619263
Bola2,1,0,0.49547770619392395,0.40865468978881836,0.0958675816655159
Smarca2,1,0,0.5119340419769287,0.3526822328567505,0.13538366556167603
Stim2,1,0,0.39347216486930847,0.22216682136058807,0.38436102867126465
Dcdc2b,1,0,0.5015045404434204,0.38915926218032837,0.10933619737625122
D130043K22Rik,1,1,0.3708222806453705,0.5106934905052185,0.11848428100347519
Mtfr1l,1,0,0.4850742220878601,0.4435160756111145,0.0714096799492836
Pros1,1,0,0.5136121511459351,0.4140705466270447,0.07231730222702026
Galk2,1,2,0.1335434764623642,0.22178079187870026,0.6446757316589355
Cbl,1,1,0.35098621249198914,0.3611617982387543,0.287852019071579
Zgrf1,1,1,0.3396340310573578,0.5019189715385437,0.1584469974040985
Mfap1b,1,0,0.4937397539615631,0.390485554933548,0.11577466130256653
1600020E01Rik,1,0,0.4714706242084503,0.4008275866508484,0.1277017742395401
C230037L18Rik,1,1,0.37440112233161926,0.5828595757484436,0.04273931682109833
Glrb,1,1,0.45445793867111206,0.4723236560821533,0.07321839034557343
Map6d1,1,1,0.37040087580680847,0.4625564217567444,0.16704271733760834
Mrps11,1,0,0.5147275328636169,0.4256448745727539,0.059627607464790344
Srcap,1,1,0.35059189796447754,0.4673246741294861,0.18208345770835876
Actn2,1,1,0.29148370027542114,0.42754828929901123,0.28096798062324524
Sh3gl2,1,2,0.1804131716489792,0.18253996968269348,0.6370468735694885
Plcxd3,1,0,0.40911784768104553,0.21566632390022278,0.37521588802337646
AI987944,1,1,0.34056928753852844,0.4171167314052582,0.24231402575969696
Prr16,1,2,0.2943074703216553,0.2934182584285736,0.4122742712497711
Lct,1,0,0.5420085787773132,0.3644682765007019,0.09352319687604904
Macf1,1,0,0.45338189601898193,0.4239584505558014,0.12265963107347488
Zfp946,1,1,0.28640368580818176,0.498786062002182,0.21481025218963623
Stard10,1,0,0.4908533990383148,0.3938439190387726,0.1153026670217514
Srrd,1,1,0.41330596804618835,0.45057591795921326,0.1361180692911148
Hadhb,1,0,0.4801051914691925,0.46070653200149536,0.05918828770518303
Lmbr1,1,0,0.4060300290584564,0.3472300171852112,0.24673999845981598
Lyplal1,1,1,0.42035555839538574,0.5142162442207336,0.06542818993330002
Psma3,1,1,0.4104182720184326,0.5182040929794312,0.07137759774923325
Macrod2,1,0,0.3755504786968231,0.33255672454833984,0.29189276695251465
Oscar,1,0,0.47130030393600464,0.42298340797424316,0.10571625828742981
Hs1bp3,1,0,0.5831926465034485,0.33420661091804504,0.08260072767734528
Tmem108,1,0,0.6007559895515442,0.3202727138996124,0.07897130399942398
Ppil1,1,1,0.3584710657596588,0.4774460196495056,0.16408291459083557
Sec61b,1,0,0.46987390518188477,0.4694584310054779,0.06066767871379852
Txndc12,1,0,0.49536576867103577,0.42795002460479736,0.07668423652648926
Slc22a23,1,2,0.2827315926551819,0.2959991991519928,0.4212692379951477
Crtc2,1,0,0.5143357515335083,0.38957786560058594,0.09608638286590576
Srr,1,1,0.41960811614990234,0.4224546253681183,0.15793727338314056
St8sia3,1,0,0.5600298047065735,0.3653413951396942,0.07462877780199051
Adamtsl1,1,2,0.26045912504196167,0.35711148381233215,0.3824293613433838
Zfp882,1,0,0.5124200582504272,0.4281592071056366,0.059420693665742874
Narf,1,1,0.45464345812797546,0.5021352767944336,0.04322122037410736
Zfyve21,1,0,0.47443926334381104,0.45941659808158875,0.06614413857460022
Snap23,1,1,0.29235759377479553,0.51706862449646,0.1905737966299057
Mapk7,1,1,0.27062174677848816,0.3953481912612915,0.33403006196022034
Actr8,1,1,0.29431378841400146,0.5349154472351074,0.1707707941532135
Rnaseh2c,1,1,0.45167452096939087,0.45440760254859924,0.0939178615808487
Ankdd1a,1,1,0.30567291378974915,0.5475701093673706,0.14675697684288025
Mfn2,1,1,0.4083244204521179,0.5365344882011414,0.05514111369848251
Klhl7,1,0,0.47229957580566406,0.4078545868396759,0.11984581500291824
Sema4d,1,0,0.5844215154647827,0.3415623605251312,0.07401610910892487
Frmd5,1,0,0.5402657389640808,0.3526253402233124,0.10710892081260681
6530401F13Rik,1,1,0.44518840312957764,0.5121481418609619,0.042663462460041046
Use1,1,0,0.5290729403495789,0.34784939885139465,0.12307761609554291
Rybp,1,1,0.4689621925354004,0.47446882724761963,0.056568991392850876
Zfp446,1,1,0.41298195719718933,0.4751574397087097,0.11186055094003677
Morc2a,1,1,0.4630601406097412,0.4741867482662201,0.06275317072868347
Mrpl13,1,0,0.45321106910705566,0.4313625991344452,0.11542633920907974
Vash1,1,0,0.5149250626564026,0.4444669485092163,0.040608011186122894
Zfp1,1,1,0.34574010968208313,0.5259236097335815,0.12833628058433533
Syne1,1,1,0.348263144493103,0.36542439460754395,0.28631243109703064
Cacul1,1,0,0.4726048707962036,0.4179670810699463,0.10942801088094711
Tbc1d31,1,1,0.4359298646450043,0.5074600577354431,0.05661008134484291
Rab5c,1,1,0.3404683768749237,0.539601743221283,0.11992987245321274
Zfp738,1,1,0.3441994786262512,0.4355491101741791,0.22025133669376373
Wdr89,1,0,0.4832388460636139,0.4666539430618286,0.05010714754462242
Smarca4,1,0,0.40711063146591187,0.40541011095046997,0.18747925758361816
Sec63,1,1,0.41520926356315613,0.4584182798862457,0.12637248635292053
Col25a1,1,1,0.26232385635375977,0.5112285614013672,0.22644758224487305
Ncbp2,1,1,0.3512825071811676,0.5073423385620117,0.14137515425682068
Atp8b2,1,0,0.5226679444313049,0.42144107818603516,0.05589096248149872
Setd6,1,0,0.6551442742347717,0.28091758489608765,0.0639381855726242
Inpp5f,1,0,0.5464089512825012,0.3568660020828247,0.09672500193119049
Dcp1b,1,0,0.48142769932746887,0.42163148522377014,0.09694083780050278
Fbxl5,1,0,0.5586766600608826,0.3864598274230957,0.05486355349421501
Tbc1d22a,1,1,0.38075369596481323,0.441939115524292,0.1773071438074112
Dbx2,1,1,0.3646608889102936,0.4206778407096863,0.21466131508350372
Fars2,1,0,0.42419880628585815,0.3769238591194153,0.19887734949588776
A430033K04Rik,1,1,0.36221668124198914,0.5422751903533936,0.09550812840461731
Fam229b,1,0,0.5379859805107117,0.3637564778327942,0.09825749695301056
Runx1t1,1,2,0.16551750898361206,0.18947386741638184,0.6450086236000061
Cipc,1,0,0.5399941802024841,0.390762060880661,0.06924374401569366
Gzf1,1,0,0.42841869592666626,0.42686721682548523,0.14471402764320374
Eif3b,1,1,0.3081388473510742,0.5338491201400757,0.1580120325088501
Cd3eap,1,0,0.4095495343208313,0.3588831424713135,0.2315673828125
Usp38,1,0,0.5807815790176392,0.35033541917800903,0.0688830316066742
Snx11,1,1,0.45536157488822937,0.48307549953460693,0.061562877148389816
Arfrp1,1,1,0.3078171908855438,0.4474218189716339,0.24476101994514465
Leng9,1,0,0.47401776909828186,0.4004071354866028,0.12557508051395416
Gpd1,1,0,0.511189877986908,0.416653037071228,0.07215709239244461
Prpf6,1,1,0.42266541719436646,0.4675193428993225,0.10981527715921402
Rufy1,1,1,0.4203432500362396,0.5182314515113831,0.061425287276506424
Pnpla6,1,1,0.34082943201065063,0.6078739166259766,0.05129662901163101
Man2a2,1,1,0.3694194555282593,0.5739011168479919,0.056679390370845795
Gm14004,1,0,0.5252969264984131,0.40629082918167114,0.06841223686933517
Med9,1,0,0.4663497507572174,0.45887649059295654,0.07477376610040665
Ndfip2,1,0,0.42593079805374146,0.39980387687683105,0.17426538467407227
Fam50a,1,1,0.34447023272514343,0.5026436448097229,0.15288612246513367
Tmem143,1,1,0.24297545850276947,0.47915205359458923,0.2778724431991577
Stat3,1,1,0.25437214970588684,0.3927369713783264,0.35289087891578674
B130046B21Rik,1,0,0.495659738779068,0.4023481011390686,0.1019921824336052
Zfp518a,1,1,0.39862900972366333,0.5301744937896729,0.07119648903608322
Vhl,1,1,0.4281885623931885,0.5146684646606445,0.05714297294616699
Nsmce1,1,1,0.3547450602054596,0.5349141955375671,0.11034075915813446
Intu,1,2,0.32431143522262573,0.2504900097846985,0.4251985549926758
Cops5,1,0,0.470034122467041,0.45283043384552,0.07713542878627777
Slc25a26,1,2,0.3259398937225342,0.3302338421344757,0.3438262343406677
Zfp961,1,1,0.3763251304626465,0.5428702235221863,0.08080466091632843
Med12l,1,0,0.5097148418426514,0.3611927330493927,0.12909242510795593
Ppp4c,1,0,0.4694906771183014,0.42029479146003723,0.11021452397108078
Magee1,1,0,0.6613551378250122,0.28767770528793335,0.050967175513505936
Gm11944,1,0,0.41629114747047424,0.375873327255249,0.20783552527427673
Ptprq,1,2,0.2819448709487915,0.25734859704971313,0.46070656180381775
Dcaf5,1,0,0.3603491187095642,0.32724717259407043,0.31240373849868774
N4bp1,1,0,0.5084613561630249,0.44713377952575684,0.04440486058592796
Ccdc25,1,1,0.4175947904586792,0.4960232377052307,0.08638197183609009
Capn2,1,2,0.21100284159183502,0.29134559631347656,0.4976515769958496
Rnf187,1,0,0.5483258962631226,0.39981210231781006,0.05186200886964798
Napg,1,1,0.39984190464019775,0.5517099499702454,0.04844815284013748
Nop56,1,0,0.613348662853241,0.3255976140499115,0.061053719371557236
Cyp51,1,0,0.5251628756523132,0.4182201623916626,0.056616950780153275
Mtrr,1,0,0.5012763142585754,0.4478987753391266,0.05082494392991066
Nav2,1,2,0.22264346480369568,0.2646629214286804,0.5126935839653015
Rbm48,1,0,0.5808973908424377,0.33145883679389954,0.08764377236366272
Uvrag,1,1,0.2213074117898941,0.42211654782295227,0.35657602548599243
E130311K13Rik,1,1,0.4307945668697357,0.4536346197128296,0.11557083576917648
4930581F22Rik,1,1,0.45992860198020935,0.4828905761241913,0.057180844247341156
Tbc1d8,1,2,0.26868224143981934,0.30382072925567627,0.4274970591068268
Tlk1,1,0,0.4493888020515442,0.43227988481521606,0.11833128333091736
Aff1,1,2,0.23356035351753235,0.27924561500549316,0.4871940314769745
Akap11,1,0,0.4917279779911041,0.4575609564781189,0.05071103572845459
Chd5,1,1,0.27010005712509155,0.5025484561920166,0.22735150158405304
Adamts20,1,2,0.18139652907848358,0.1685233861207962,0.650080144405365
Fbxl19,1,1,0.2807752192020416,0.6245785355567932,0.09464626014232635
Kptn,1,1,0.4369730055332184,0.46838390827178955,0.09464307874441147
Gm16105,1,2,0.2678309679031372,0.28392109274864197,0.44824790954589844
Cerkl,1,0,0.5502423048019409,0.37584441900253296,0.07391325384378433
Atp6v1g2,1,0,0.5172748565673828,0.3818565309047699,0.1008686050772667
Plk5,1,1,0.2579757869243622,0.5473490953445435,0.19467508792877197
Cbfb,1,0,0.4717889130115509,0.4408513307571411,0.08735979348421097
Gsk3b,1,2,0.12178299576044083,0.18362358212471008,0.6945934891700745
Mterf1a,1,0,0.5155496597290039,0.3659663796424866,0.11848396807909012
Lin9,1,1,0.21968601644039154,0.48524826765060425,0.2950657606124878
Zfp385b,1,2,0.31983885169029236,0.21490494906902313,0.4652561843395233
Ubash3b,1,2,0.3301474452018738,0.23535969853401184,0.434492826461792
Slc25a28,1,1,0.24730244278907776,0.5032619833946228,0.24943557381629944
Atf6,1,0,0.49301841855049133,0.28404563665390015,0.22293595969676971
Chchd4,1,0,0.5258805155754089,0.4057430624961853,0.06837640702724457
Sergef,1,0,0.36968645453453064,0.368487685918808,0.2618258595466614
Mgat2,1,0,0.5803025960922241,0.2838667333126068,0.13583064079284668
Mrps22,1,1,0.43891239166259766,0.47030165791511536,0.09078599512577057
Csnk2a2,1,0,0.45093220472335815,0.42292603850364685,0.126141756772995
1810037I17Rik,1,0,0.6290459036827087,0.3103061020374298,0.060648027807474136
Bckdk,1,1,0.29781481623649597,0.5487880110740662,0.15339717268943787
Camkv,1,1,0.3945663273334503,0.49368995428085327,0.11174369603395462
Ift43,1,2,0.15253391861915588,0.17818698287010193,0.6692790985107422
Gatad1,1,1,0.3317357301712036,0.553246021270752,0.11501821875572205
Nell1,1,2,0.11819019913673401,0.12456915527582169,0.7572406530380249
Brox,1,0,0.4712817072868347,0.41907423734664917,0.10964405536651611
Cox11,1,0,0.5236960649490356,0.36523333191871643,0.11107061058282852
Rrp7a,1,1,0.439447283744812,0.442885160446167,0.1176675409078598
Ccm2,1,1,0.3926713764667511,0.502141535282135,0.1051870584487915
Hsf1,1,0,0.43653833866119385,0.4354096055030823,0.12805208563804626
Anks1,1,2,0.14871010184288025,0.23994167149066925,0.6113482117652893
Lamtor1,1,1,0.330311119556427,0.5850912928581238,0.08459758758544922
Sgpp1,1,0,0.46462586522102356,0.43752312660217285,0.09785100817680359
Gart,1,1,0.31596440076828003,0.628174364566803,0.0558612085878849
Dnaja3,1,1,0.2499798834323883,0.5859783291816711,0.16404180228710175
Kdm4a,1,1,0.4326992332935333,0.4937683045864105,0.07353241741657257
Slc25a47,1,0,0.4524601697921753,0.4316084086894989,0.11593145877122879
1810062O18Rik,1,0,0.48392853140830994,0.45378974080085754,0.0622817762196064
Hsd17b4,1,0,0.5274077653884888,0.3215542435646057,0.15103799104690552
Prrc1,1,1,0.4240614175796509,0.5051664710044861,0.07077211886644363
Ube2q1,1,0,0.5119297504425049,0.4551568627357483,0.03291336074471474
Zbtb26,1,0,0.4664214253425598,0.440293550491333,0.09328503906726837
Rassf1,1,0,0.542884886264801,0.36113885045051575,0.09597630053758621
Jtb,1,0,0.5016061067581177,0.4593585133552551,0.03903533145785332
Nfx1,1,1,0.2977197766304016,0.503200352191925,0.19907984137535095
St6galnac6,1,1,0.33964991569519043,0.4954546391963959,0.16489540040493011
Polr2i,1,0,0.480902761220932,0.4105536639690399,0.10854353755712509
Ipo8,1,0,0.44944584369659424,0.4297621250152588,0.12079203873872757
Rnh1,1,1,0.3907712399959564,0.44664478302001953,0.16258400678634644
Rbm45,1,0,0.515306293964386,0.4157758355140686,0.06891792267560959
Nudcd2,1,0,0.47808289527893066,0.43430227041244507,0.08761484175920486
Map3k14,1,1,0.4021431803703308,0.5372776985168457,0.06057910993695259
Peg3,1,0,0.47965753078460693,0.465528666973114,0.05481381714344025
Btg1,1,0,0.5321944355964661,0.38385432958602905,0.08395127952098846
Lrrc10b,1,0,0.5825735926628113,0.2986822724342346,0.11874408274888992
Ankrd52,1,0,0.5150288939476013,0.43382319808006287,0.051147930324077606
Armc10,1,0,0.5383816957473755,0.3726997375488281,0.08891858160495758
Rprd1b,1,1,0.3463868498802185,0.4887394309043884,0.16487376391887665
Rnf182,1,0,0.42936259508132935,0.4159265160560608,0.15471087396144867
Slc2a3,1,0,0.5177443027496338,0.41726750135421753,0.0649881660938263
Nxpe3,1,1,0.4193665087223053,0.4623703062534332,0.11826320737600327
Tgfbrap1,1,0,0.5523854494094849,0.334875226020813,0.11273932456970215
Spata7,1,1,0.420227974653244,0.4950759708881378,0.08469601720571518
Acadsb,1,1,0.3493911027908325,0.6024622917175293,0.048146605491638184
Ints2,1,1,0.33991923928260803,0.45575761795043945,0.2043231576681137
Uqcc1,1,0,0.46913108229637146,0.4112212061882019,0.11964776366949081
Sh2b3,1,0,0.5546020865440369,0.3107728362083435,0.13462507724761963
Vps72,1,0,0.44790562987327576,0.3914341628551483,0.16066019237041473
Zfp428,1,1,0.2520475387573242,0.5045152306556702,0.24343720078468323
Zfp850,1,1,0.41469916701316833,0.4540565609931946,0.1312442123889923
Sirt6,1,1,0.42212602496147156,0.4596662223339081,0.11820773035287857
Ttc21b,1,1,0.40063542127609253,0.4738580286502838,0.12550660967826843
Scpep1,1,1,0.29089587926864624,0.4271610677242279,0.28194302320480347
Nt5e,1,0,0.5754023790359497,0.327271431684494,0.09732619673013687
5430402O13Rik,1,0,0.5263339877128601,0.4137639105319977,0.05990210920572281
Xrcc4,1,2,0.05883939936757088,0.08116873353719711,0.8599918484687805
Rell1,1,1,0.2475038766860962,0.4850913882255554,0.2674046456813812
Dlg4,1,1,0.3973841965198517,0.47612708806991577,0.12648876011371613
Rab11b,1,0,0.5360834002494812,0.39399898052215576,0.06991758942604065
Nmnat2,1,1,0.37948253750801086,0.4217241108417511,0.19879338145256042
Fbxo36,1,1,0.418938010931015,0.4933750331401825,0.08768698573112488
Tnip2,1,0,0.560185968875885,0.3869595527648926,0.052854493260383606
Fam189b,1,0,0.49633198976516724,0.43077269196510315,0.07289528101682663
Tarsl2,1,1,0.3496708273887634,0.5402806997299194,0.11004847288131714
Podxl2,1,0,0.5255281925201416,0.36180996894836426,0.11266178637742996
Irak1,1,1,0.3856159746646881,0.4149768650531769,0.1994071751832962
Yes1,1,1,0.35254666209220886,0.5017382502555847,0.14571508765220642
Grin1os,1,1,0.42524078488349915,0.4446759819984436,0.13008317351341248
Eif4ebp2,1,1,0.4474662244319916,0.48106446862220764,0.07146933674812317
Zbtb44,1,1,0.46325093507766724,0.47495582699775696,0.06179320067167282
Pdlim5,1,0,0.3858787715435028,0.289460688829422,0.3246605098247528
1190005I06Rik,1,0,0.6091700792312622,0.33906131982803345,0.051768604665994644
Arf4,1,0,0.557741641998291,0.34445223212242126,0.09780613332986832
Bax,1,0,0.4553733468055725,0.43015527725219727,0.11447135359048843
Ift20,1,0,0.5076072812080383,0.396719366312027,0.09567340463399887
Tpm4,1,1,0.3844688832759857,0.39794909954071045,0.21758201718330383
Ttc7b,1,0,0.4968052804470062,0.391299307346344,0.11189538985490799
Gm12064,1,0,0.5232580304145813,0.4035497009754181,0.073192298412323
Abca1,1,2,0.16517528891563416,0.1531180888414383,0.6817065477371216
Mef2c,1,0,0.5124601721763611,0.3023347854614258,0.18520502746105194
Fem1b,1,1,0.36555299162864685,0.4800756573677063,0.15437139570713043
Wdr43,1,1,0.36514121294021606,0.4910622239112854,0.14379651844501495
Clcn1,1,1,0.44999778270721436,0.4706439971923828,0.07935822010040283
Immp1l,1,1,0.4331982433795929,0.4417392611503601,0.1250625103712082
Endov,1,1,0.4150177538394928,0.4415263235569,0.14345592260360718
Enox2,1,0,0.374431848526001,0.25129854679107666,0.37426963448524475
Bud13,1,1,0.4284154176712036,0.4892975986003876,0.08228694647550583
Nfya,1,0,0.6442562341690063,0.2933010756969452,0.06244272366166115
Firre,1,2,0.11374481767416,0.12915021181106567,0.7571049928665161
Gm12353,1,0,0.42075085639953613,0.3150511384010315,0.26419806480407715
Zfp84,1,2,0.2889402508735657,0.3300749957561493,0.38098472356796265
Tln2,1,2,0.21623773872852325,0.20488695800304413,0.5788753032684326
Rgs4,1,0,0.4201046824455261,0.3720187842845917,0.2078765332698822
Tsen15,1,0,0.5202463269233704,0.38513144850730896,0.09462224692106247
Cryl1,1,2,0.2667064964771271,0.31983286142349243,0.41346070170402527
Furin,1,1,0.23830437660217285,0.4813584089279175,0.2803371548652649
Mitf,1,2,0.05065685138106346,0.06490422040224075,0.8844389319419861
Arpc2,1,0,0.5201373100280762,0.3636656403541565,0.11619704961776733
Atoh7,1,0,0.5574427247047424,0.32888928055763245,0.11366797983646393
Ampd3,1,2,0.27140581607818604,0.3504040241241455,0.37819015979766846
Arhgef1,1,1,0.22787003219127655,0.4202306866645813,0.35189929604530334
Cnnm1,1,0,0.4971577227115631,0.42580074071884155,0.07704156637191772
Nlgn1,1,1,0.4156729578971863,0.421094685792923,0.16323234140872955
Gm15328,1,0,0.4575403928756714,0.4462394416332245,0.09622021019458771
Rhbdd1,1,0,0.5329909324645996,0.39228081703186035,0.07472819834947586
Klhl12,1,1,0.42325785756111145,0.471873939037323,0.10486815124750137
Taf12,1,1,0.330719918012619,0.5135716795921326,0.15570838749408722
Reep2,1,0,0.4689824879169464,0.4583320915699005,0.07268542796373367
Gad1os,1,0,0.5224870443344116,0.4400850832462311,0.03742789849638939
Mms19,1,1,0.45176586508750916,0.45409801602363586,0.09413615614175797
Prpf38a,1,0,0.46997883915901184,0.45818665623664856,0.071834497153759
Fam131a,1,1,0.41709235310554504,0.42240139842033386,0.1605062186717987
Fbxw5,1,1,0.2507880628108978,0.4267130196094513,0.3224988579750061
Thap3,1,1,0.3949814438819885,0.5010960698127747,0.10392250865697861
Slit3,1,0,0.4531688690185547,0.44212043285369873,0.10471072047948837
Cabp1,1,1,0.3276706635951996,0.5358416438102722,0.13648773729801178
Pkhd1l1,1,0,0.4039326310157776,0.3285048007965088,0.267562597990036
Rnf180,1,1,0.3201994299888611,0.4574166536331177,0.22238388657569885
Ankrd13d,1,1,0.28773167729377747,0.5997192859649658,0.11254908889532089
Acbd6,1,1,0.34084293246269226,0.5745026469230652,0.08465438336133957
Hnrnpu,1,0,0.5541883111000061,0.38504326343536377,0.060768384486436844
Wdr45b,1,1,0.42307838797569275,0.5116322040557861,0.06528936326503754
Mdga1,1,2,0.32348138093948364,0.30253666639328003,0.37398195266723633
Maoa,1,1,0.3979082405567169,0.4429400563240051,0.15915164351463318
Otud3,1,0,0.46369725465774536,0.45255351066589355,0.08374926447868347
Rangap1,1,1,0.388075590133667,0.5085604786872864,0.10336398333311081
Uxs1,1,0,0.584632396697998,0.3090519607067108,0.10631563514471054
Ccdc59,1,0,0.5442054867744446,0.39507052302360535,0.06072397157549858
E430024P14Rik,1,1,0.35354965925216675,0.5101045370101929,0.13634583353996277
Kdm4b,1,1,0.43448755145072937,0.4508858621120453,0.11462658643722534
Zfp800,1,0,0.5142420530319214,0.3989970088005066,0.08676096051931381
1700088E04Rik,1,1,0.36514797806739807,0.5072797536849976,0.12757229804992676
Ppp1r11,1,0,0.6500998139381409,0.3102351129055023,0.039665043354034424
Ppp1r8,1,1,0.38034823536872864,0.4872129261493683,0.13243888318538666
Mast2,1,1,0.33696168661117554,0.42390382289886475,0.2391345053911209
Deaf1,1,1,0.27908673882484436,0.5835776925086975,0.1373356133699417
A330040F15Rik,1,1,0.43330660462379456,0.5083814263343811,0.058311983942985535
Nsdhl,1,1,0.40221673250198364,0.5036398768424988,0.0941433385014534
Khdrbs2,1,2,0.1541507989168167,0.1750676929950714,0.6707814931869507
Ccdc90b,1,0,0.4173066318035126,0.39971038699150085,0.1829829066991806
C1d,1,1,0.4291081428527832,0.4791717529296875,0.0917200967669487
Smco4,1,0,0.60169517993927,0.3423286974430084,0.05597613751888275
Atxn1l,1,1,0.37183883786201477,0.41237086057662964,0.215790256857872
Alad,1,1,0.3980160653591156,0.4707793891429901,0.13120457530021667
Qdpr,1,0,0.6058642268180847,0.3326912820339203,0.061444491147994995
Dtd2,1,0,0.4708240032196045,0.45343610644340515,0.07573994249105453
Fgf10,1,0,0.5297871232032776,0.3687533736228943,0.10145951062440872
Rab11fip5,1,1,0.34127867221832275,0.5637314915657043,0.0949898213148117
Slc35b2,1,0,0.5829350352287292,0.3575972020626068,0.059467799961566925
Rbm10,1,0,0.48241719603538513,0.4566650092601776,0.060917794704437256
Stxbp4,1,2,0.18063904345035553,0.20351654291152954,0.6158444285392761
Rexo2,1,1,0.37834087014198303,0.423056423664093,0.19860267639160156
Sik2,1,0,0.43013855814933777,0.36366525292396545,0.20619617402553558
Nup43,1,1,0.40266546607017517,0.4403347074985504,0.1569998562335968
Snx17,1,1,0.4559221863746643,0.4989810585975647,0.04509677737951279
Nol12,1,1,0.42113643884658813,0.4901133179664612,0.08875022083520889
Taok1,1,2,0.25201892852783203,0.3190561532974243,0.42892491817474365
Zfp799,1,1,0.36433082818984985,0.5092200636863708,0.1264491081237793
Tk2,1,0,0.4903950095176697,0.41681239008903503,0.09279262274503708
Tpm1,1,0,0.5146017670631409,0.40218573808670044,0.08321252465248108
Rab40c,1,0,0.6030784845352173,0.33362606167793274,0.06329545378684998
Trappc5,1,1,0.37493181228637695,0.40912383794784546,0.215944305062294
Fkbp14,1,1,0.4232083261013031,0.53780597448349,0.038985684514045715
Reps2,1,0,0.4058643877506256,0.3175327777862549,0.27660277485847473
Creb3,1,0,0.6041716933250427,0.3249566853046417,0.07087162882089615
Nkap,1,1,0.35755667090415955,0.46845543384552,0.17398793995380402
Camk2g,1,1,0.41119125485420227,0.45387542247772217,0.13493329286575317
Ccnl1,1,0,0.5457910895347595,0.3819199502468109,0.07228895276784897
Smyd5,1,1,0.3486422598361969,0.5383160710334778,0.1130417212843895
Wsb1,1,0,0.5032778978347778,0.42997050285339355,0.06675161421298981
Akr1e1,1,1,0.4392530024051666,0.44226521253585815,0.11848174035549164
Ap1b1,1,1,0.36985206604003906,0.40410512685775757,0.22604280710220337
Skp2,1,0,0.45276832580566406,0.3765999376773834,0.1706317663192749
Atp13a2,1,1,0.43383195996284485,0.4864896833896637,0.07967834174633026
Calcrl,1,0,0.402678906917572,0.3966110348701477,0.20071007311344147
5730405O15Rik,1,0,0.6252797842025757,0.2553938329219818,0.11932635307312012
Golga7,1,0,0.4985608160495758,0.4378378987312317,0.0636013075709343
Mios,1,0,0.5065087676048279,0.3610551059246063,0.1324361264705658
Nfkbiz,1,1,0.45804673433303833,0.4770645797252655,0.06488870084285736
Lgals8,1,0,0.4998749792575836,0.4647674858570099,0.035357531160116196
Zfyve26,1,0,0.41168516874313354,0.4060794413089752,0.18223540484905243
Ak2,1,1,0.4221723973751068,0.4654550552368164,0.1123725101351738
Atp2c1,1,0,0.44224926829338074,0.3606274127960205,0.19712333381175995
Chd2,1,1,0.33129727840423584,0.4024413526058197,0.26626136898994446
E2f6,1,1,0.39366206526756287,0.4963897168636322,0.10994826257228851
Tmem167,1,1,0.3478982150554657,0.49861517548561096,0.1534866839647293
Krt12,1,2,0.18274980783462524,0.3045923709869385,0.5126578211784363
Tank,1,1,0.43914276361465454,0.44056153297424316,0.12029574066400528
Hypk,1,0,0.4329339563846588,0.3901275098323822,0.17693857848644257
Bccip,1,0,0.4851703643798828,0.4056137800216675,0.10921584814786911
Cgrrf1,1,0,0.4594416618347168,0.4571038782596588,0.0834544375538826
Gm527,1,0,0.5314064025878906,0.3420410752296448,0.1265525370836258
Chd3,1,1,0.29922792315483093,0.5630571246147156,0.13771496713161469
Ilk,1,0,0.5059496760368347,0.44638893008232117,0.04766135662794113
Klhdc9,1,0,0.648861289024353,0.30245497822761536,0.048683758825063705
Pex19,1,0,0.48894989490509033,0.4598981738090515,0.05115188658237457
Kpna4,1,0,0.5665470957756042,0.3775844871997833,0.05586842820048332
Cep131,1,1,0.3399330973625183,0.5504243969917297,0.10964250564575195
Ddr1,1,0,0.4618782103061676,0.4303642511367798,0.10775759071111679
Tubgcp4,1,0,0.48563435673713684,0.41062963008880615,0.10373599082231522
Bnip3,1,0,0.47932180762290955,0.4614299237728119,0.05924830213189125
Nudt16l1,1,0,0.5752860307693481,0.37236565351486206,0.05234832689166069
Pgpep1l,1,1,0.40384581685066223,0.4496232271194458,0.14653097093105316
Zfp39,1,1,0.3898729085922241,0.5154543519020081,0.09467273950576782
Ube2l3,1,1,0.417216956615448,0.43624430894851685,0.14653874933719635
Ccng2,1,0,0.5765294432640076,0.3687148094177246,0.05475577339529991
Frmd4b,1,0,0.5508163571357727,0.41129419207572937,0.03788946941494942
Kif3b,1,0,0.46888554096221924,0.4223451018333435,0.10876941680908203
Nudt6,1,0,0.5496511459350586,0.391367107629776,0.05898172780871391
Rab34,1,0,0.5052493810653687,0.40859293937683105,0.08615769445896149
Gpi1,1,1,0.2888469099998474,0.5156582593917847,0.1954948455095291
Herpud1,1,1,0.4055299162864685,0.46657297015190125,0.12789712846279144
Emc8,1,1,0.3057904541492462,0.5185105204582214,0.17569904029369354
Gm12689,1,0,0.5903187394142151,0.30767232179641724,0.10200891643762589
Tbc1d2,1,1,0.420685738325119,0.46818283200263977,0.11113137751817703
Lmna,1,1,0.3688982427120209,0.43693557381629944,0.1941661834716797
Crebbp,1,0,0.5287712812423706,0.3951281011104584,0.0761006623506546
Tstd2,1,1,0.4065307378768921,0.5034109354019165,0.09005828201770782
Zfp622,1,1,0.44318222999572754,0.493833065032959,0.06298475712537766
Snx3,1,0,0.4836130440235138,0.4147794842720032,0.10160746425390244
Rfxap,1,0,0.6073715090751648,0.34928974509239197,0.04333875700831413
Idh1,1,0,0.4855709373950958,0.4118841290473938,0.10254494845867157
Cdkal1,1,2,0.10836119204759598,0.14283065497875214,0.7488081455230713
Mtx2,1,1,0.39323216676712036,0.4651658236980438,0.141602024435997
Ecd,1,1,0.46809929609298706,0.4719417095184326,0.059959009289741516
Cdk5rap2,1,1,0.2378101348876953,0.43926113843917847,0.3229287564754486
Mrpl39,1,0,0.49272188544273376,0.39573001861572266,0.11154811084270477
Psmc3,1,1,0.4247916340827942,0.45722249150276184,0.11798585206270218
Nphp1,1,0,0.48141250014305115,0.4655477702617645,0.05303967744112015
Col23a1,1,2,0.29728683829307556,0.29577869176864624,0.4069344997406006
Rap1gap2,1,2,0.3085283041000366,0.20493486523628235,0.48653683066368103
Rfesd,1,0,0.4754383862018585,0.45700037479400635,0.06756125390529633
Exoc3,1,1,0.40249544382095337,0.4785206615924835,0.11898387223482132
Gpc3,1,1,0.33613938093185425,0.34998399019241333,0.3138766586780548
Hnrnpa2b1,1,0,0.5775022506713867,0.30640122294425964,0.11609651893377304
C1qbp,1,1,0.3869772255420685,0.4056563377380371,0.20736642181873322
Agap1,1,2,0.3601377606391907,0.27944043278694153,0.3604218065738678
Cops7a,1,1,0.4397455155849457,0.48006686568260193,0.0801876038312912
Drp2,1,1,0.3199123442173004,0.45395395159721375,0.22613371908664703
Ubtf,1,0,0.4548148214817047,0.365817666053772,0.17936751246452332
Txndc11,1,1,0.38005051016807556,0.5506473779678345,0.06930213421583176
Tmem87b,1,1,0.38697150349617004,0.5306534171104431,0.08237506449222565
Kctd18,1,1,0.3632703721523285,0.48312729597091675,0.15360231697559357
Slc19a2,1,1,0.3635174036026001,0.5415193438529968,0.09496322274208069
Gm10501,1,0,0.47201159596443176,0.413246750831604,0.11474166810512543
Lrpprc,1,1,0.14481884241104126,0.44786179065704346,0.40731939673423767
Ano4,1,2,0.2374623864889145,0.15707118809223175,0.6054664254188538
Zfp839,1,1,0.17819468677043915,0.5294734835624695,0.2923318147659302
Pik3c3,1,1,0.3364115357398987,0.521614134311676,0.1419742852449417
Dcc,1,2,0.3518785536289215,0.2076151967048645,0.440506249666214
Yipf3,1,0,0.40917181968688965,0.38125520944595337,0.2095729410648346
Fam71d,1,1,0.30048081278800964,0.4090266525745392,0.29049259424209595
Echdc2,1,1,0.3066651523113251,0.6580091118812561,0.035325728356838226
Nme7,1,1,0.40871161222457886,0.4971701502799988,0.09411827474832535
Slc27a4,1,1,0.30886897444725037,0.642447829246521,0.04868325963616371
Idh2,1,1,0.42956340312957764,0.4537191689014435,0.11671744287014008
Coasy,1,0,0.49939870834350586,0.34599360823631287,0.15460768342018127
Pigx,1,0,0.4510117769241333,0.43172821402549744,0.11726007610559464
Ogfr,1,1,0.43310800194740295,0.4694068431854248,0.09748513251543045
Cep41,1,1,0.3359638750553131,0.530701756477356,0.13333436846733093
Luzp1,1,1,0.29013919830322266,0.5197693705558777,0.19009137153625488
0610009L18Rik,1,0,0.6074645519256592,0.2898924946784973,0.10264293104410172
Ube2d3,1,0,0.5213279128074646,0.37607452273368835,0.10259757936000824
Vmn2r84,1,1,0.3241043984889984,0.4602408707141876,0.2156546711921692
Nrxn1,1,0,0.42424651980400085,0.41878455877304077,0.1569688618183136
Gm15608,1,1,0.42184361815452576,0.4450516700744629,0.13310474157333374
Lrch1,1,1,0.415970116853714,0.475342720746994,0.1086871474981308
Bsn,1,1,0.30287134647369385,0.45358774065971375,0.24354086816310883
Sumo2,1,1,0.40606552362442017,0.4187094569206238,0.17522500455379486
Gtf3c1,1,1,0.2871248424053192,0.5043551325798035,0.2085200399160385
Sec61g,1,0,0.6171082258224487,0.3307773172855377,0.05211443826556206
Dph7,1,1,0.3647347092628479,0.4363998472690582,0.19886542856693268
Dclk1,1,0,0.5467344522476196,0.33176538348197937,0.12150013446807861
Faxc,1,0,0.4576103985309601,0.2494257092475891,0.2929638922214508
Rtcb,1,1,0.3290477395057678,0.580583393573761,0.0903688445687294
Cobll1,1,0,0.5379063487052917,0.3082207441329956,0.15387284755706787
C77080,1,1,0.23114138841629028,0.6228235960006714,0.14603501558303833
Khdrbs1,1,0,0.4971674680709839,0.46589401364326477,0.036938559263944626
Pigb,1,0,0.48919811844825745,0.3925146460533142,0.11828728765249252
Cys1,1,0,0.4649181663990021,0.4159102737903595,0.11917154490947723
Suz12,1,0,0.4988490045070648,0.44103679060935974,0.06011420115828514
Trim66,1,2,0.11702314764261246,0.24162793159484863,0.6413489580154419
9330151L19Rik,1,0,0.5309092402458191,0.3363271653652191,0.13276362419128418
Prickle2,1,0,0.4768541753292084,0.43781858682632446,0.08532728254795074
Mmp16,1,1,0.347640722990036,0.4103666841983795,0.24199260771274567
Tfb2m,1,0,0.5527982115745544,0.410052090883255,0.03714969381690025
Gmppa,1,1,0.34745943546295166,0.4733787178993225,0.17916186153888702
Zfp281,1,0,0.5445618033409119,0.37035849690437317,0.08507970720529556
Pcdhb11,1,0,0.5617448091506958,0.3554486036300659,0.08280658721923828
Cpne4,1,2,0.12644369900226593,0.18551790714263916,0.6880384087562561
Dhrs7,1,1,0.4187842607498169,0.4955368936061859,0.08567880094051361
Lrp10,1,0,0.4795328974723816,0.4779530167579651,0.042514048516750336
Fam81a,1,1,0.3979680836200714,0.42695608735084534,0.17507585883140564
A930029G22Rik,1,0,0.46862584352493286,0.38681715726852417,0.14455702900886536
Stx4a,1,1,0.31006765365600586,0.5415648818016052,0.14836744964122772
Gm11457,1,0,0.4936264455318451,0.4529613256454468,0.05341220274567604
Aff3,1,0,0.38311246037483215,0.3569926917552948,0.25989487767219543
Gpsm2,1,1,0.30901381373405457,0.5395170450210571,0.1514691263437271
Med20,1,1,0.3829742670059204,0.41672253608703613,0.20030315220355988
Fxyd6,1,0,0.4861191511154175,0.42836904525756836,0.08551177382469177
Adam15,1,1,0.38774949312210083,0.513491690158844,0.09875883907079697
Zfp874b,1,1,0.3942970037460327,0.5077328681945801,0.09797011315822601
Cnot3,1,0,0.487580269575119,0.42812448740005493,0.08429517596960068
Nbr1,1,1,0.24740451574325562,0.39432528614997864,0.35827022790908813
Elp3,1,1,0.4271591603755951,0.46979352831840515,0.10304725170135498
Gtf2h3,1,1,0.32557883858680725,0.5989839434623718,0.07543720304965973
Denr,1,1,0.4449378550052643,0.46787336468696594,0.08718876540660858
Nr2f1,1,0,0.5160739421844482,0.4112078845500946,0.07271818071603775
Pcnx,1,0,0.5296408534049988,0.3690725266933441,0.1012866199016571
Gm553,1,1,0.4306797683238983,0.4781215488910675,0.09119874984025955
Rhobtb2,1,0,0.513675332069397,0.4120570421218872,0.07426759600639343
Pdia6,1,0,0.5114923119544983,0.4483668804168701,0.040140844881534576
Tmem11,1,0,0.4948582351207733,0.3946533799171448,0.11048838496208191
Pde1b,1,0,0.5172902345657349,0.37397995591163635,0.10872981697320938
Cebpz,1,0,0.48954299092292786,0.43800756335258484,0.0724494606256485
Samhd1,1,0,0.47523459792137146,0.3854053318500519,0.13936010003089905
Rita1,1,0,0.48177602887153625,0.44726231694221497,0.07096165418624878
Rpa1,1,1,0.41808974742889404,0.4679606854915619,0.11394958198070526
Dok3,1,1,0.3536902666091919,0.4888421297073364,0.15746760368347168
Sp3os,1,0,0.6038112044334412,0.35939276218414307,0.03679605573415756
Ola1,1,0,0.4452137053012848,0.38830387592315674,0.16648241877555847
Fnta,1,1,0.4187062978744507,0.42079609632492065,0.16049757599830627
Acrbp,1,1,0.37966835498809814,0.5276627540588379,0.09266892075538635
Sucla2,1,1,0.3585698902606964,0.3874289393424988,0.2540011405944824
Zfp354a,1,1,0.3754485547542572,0.514607846736908,0.10994359105825424
Pole4,1,0,0.43394386768341064,0.4246714115142822,0.14138473570346832
Cbx3,1,0,0.468752384185791,0.43642446398735046,0.09482312947511673
Polr3d,1,0,0.6046957969665527,0.3062919080257416,0.08901231735944748
Nt5dc3,1,0,0.5418260097503662,0.4247102737426758,0.0334637388586998
Samd10,1,0,0.5436418056488037,0.2953057885169983,0.1610523909330368
Prkcsh,1,1,0.4163859188556671,0.5010942220687866,0.08251983672380447
Tmsb10,1,0,0.47130200266838074,0.39419418573379517,0.13450384140014648
Pde2a,1,1,0.29847344756126404,0.3612942397594452,0.34023231267929077
Abcf2,1,1,0.460641086101532,0.49579930305480957,0.043559566140174866
Socs4,1,0,0.45559558272361755,0.39614972472190857,0.1482546627521515
Vstm5,1,1,0.3478713035583496,0.5122886896133423,0.1398400366306305
Asic1,1,0,0.45038262009620667,0.4161299765110016,0.13348735868930817
Tmem230,1,0,0.4868561327457428,0.4459163546562195,0.06722746789455414
Eif2b3,1,1,0.2877778708934784,0.46678686141967773,0.24543529748916626
Pcmtd2,1,0,0.4944678246974945,0.44777604937553406,0.05775606259703636
Ulk1,1,1,0.44326117634773254,0.5051572918891907,0.0515814870595932
Clasp1,1,1,0.23459026217460632,0.4737221896648407,0.2916875183582306
Smarca1,1,1,0.3834264576435089,0.45319196581840515,0.16338153183460236
Setd3,1,1,0.41023382544517517,0.5500879287719727,0.03967822715640068
Pex11b,1,1,0.3998216390609741,0.52787184715271,0.07230652123689651
Fam45a,1,1,0.35133400559425354,0.43522799015045166,0.2134380042552948
Trank1,1,0,0.5237140655517578,0.3383897840976715,0.1378961056470871
Tbcb,1,1,0.22182513773441315,0.43258553743362427,0.345589280128479
A930005H10Rik,1,0,0.5455735325813293,0.4140593409538269,0.04036710038781166
Ubald2,1,0,0.5191869735717773,0.3977881371974945,0.08302485942840576
Gm6710,1,0,0.5478979349136353,0.3652254045009613,0.08687665313482285
Tra2b,1,0,0.42851027846336365,0.4052870273590088,0.16620273888111115
Zdhhc21,1,0,0.47873732447624207,0.4288063049316406,0.0924564003944397
Gm27253,1,0,0.5121446847915649,0.4018765985965729,0.08597874641418457
Bok,1,1,0.44796034693717957,0.4686889052391052,0.08335080742835999
1700110K17Rik,1,0,0.4833751916885376,0.35477936267852783,0.16184541583061218
Gm1604b,1,1,0.1931716948747635,0.411815345287323,0.39501291513442993
Dna2,1,1,0.37320056557655334,0.5311819911003113,0.09561741352081299
Slc2a9,1,0,0.48268261551856995,0.4347752630710602,0.08254208415746689
Bzw1,1,0,0.523060142993927,0.34952330589294434,0.12741661071777344
Lrp1,1,0,0.4541887938976288,0.41862937808036804,0.12718185782432556
Msantd4,1,0,0.4346974194049835,0.43286195397377014,0.13244064152240753
Gm5141,1,1,0.3603086471557617,0.44930100440979004,0.19039030373096466
Atp11c,1,0,0.39651623368263245,0.3272317945957184,0.2762519419193268
Anapc15,1,1,0.2781636118888855,0.5949459671974182,0.1268904209136963
Cacnb4,1,0,0.5109036564826965,0.3326724171638489,0.156423881649971
Luc7l3,1,0,0.4350735545158386,0.41822049021720886,0.1467059999704361
E130114P18Rik,1,0,0.45619165897369385,0.3242954611778259,0.2195129096508026
Smim11,1,1,0.33612319827079773,0.4588406980037689,0.20503613352775574
Cycs,1,0,0.6534839272499084,0.28468164801597595,0.061834439635276794
Sez6l2,1,1,0.35115256905555725,0.41576945781707764,0.23307792842388153
Arid1a,1,0,0.486555278301239,0.3939303457736969,0.11951442062854767
Gnptab,1,1,0.4252002537250519,0.49552541971206665,0.07927431166172028
Nfkb2,1,1,0.3827173411846161,0.4393956661224365,0.1778869926929474
Galns,1,1,0.30554845929145813,0.5823842287063599,0.11206725984811783
Fam78b,1,0,0.5720502734184265,0.28569525480270386,0.14225447177886963
4931440F15Rik,1,0,0.522528886795044,0.3511563241481781,0.12631472945213318
Arhgap44,1,2,0.15328463912010193,0.14181160926818848,0.704903781414032
Abcd3,1,0,0.49679598212242126,0.4481743276119232,0.05502970144152641
Ate1,1,1,0.3947792053222656,0.5104702115058899,0.09475057572126389
Plxnb2,1,1,0.3409025967121124,0.4793502390384674,0.1797471046447754
Eif4g1,1,0,0.48094895482063293,0.4157966375350952,0.10325445234775543
Tpcn1,1,2,0.21421858668327332,0.3920254707336426,0.3937559425830841
Eef1a2,1,0,0.46315932273864746,0.35477572679519653,0.1820649653673172
Vgll4,1,0,0.3916557729244232,0.3500685393810272,0.25827568769454956
Krr1,1,0,0.5542612671852112,0.3450721800327301,0.10066654533147812
Dnttip1,1,1,0.437239408493042,0.49153268337249756,0.07122793793678284
Dbt,1,1,0.41767945885658264,0.5103809833526611,0.07193953543901443
Gm20732,1,0,0.49535927176475525,0.392646461725235,0.11199427396059036
Cnrip1,1,0,0.49405062198638916,0.3966482877731323,0.10930106788873672
Dtx3,1,0,0.4317840039730072,0.3678174912929535,0.2003985196352005
Smad1,1,1,0.406270295381546,0.4702945947647095,0.12343515455722809
Tmem9,1,1,0.36696043610572815,0.499493807554245,0.13354572653770447
Ntng1,1,2,0.1082378700375557,0.18670858442783356,0.7050535678863525
Usp22,1,0,0.4182533621788025,0.40000930428504944,0.1817372888326645
Fzd3,1,1,0.32676932215690613,0.5353315472602844,0.13789910078048706
Cwc22,1,0,0.4732435345649719,0.4539138376712799,0.07284264266490936
Slc35a2,1,1,0.41795387864112854,0.48778292536735535,0.09426320344209671
Pi4ka,1,2,0.19303101301193237,0.24262061715126038,0.5643483400344849
Gnb1l,1,1,0.2964005768299103,0.43036088347435,0.27323850989341736
Fem1a,1,0,0.5165873169898987,0.4187977612018585,0.06461496651172638
Thpo,1,1,0.316023051738739,0.3495141267776489,0.33446282148361206
Klhl20,1,0,0.513022780418396,0.42909884452819824,0.05787840485572815
Rab27b,1,2,0.3265441954135895,0.271715372800827,0.4017404317855835
Polr2d,1,0,0.5020615458488464,0.45339804887771606,0.044540420174598694
Vps35,1,0,0.4528884291648865,0.44795188307762146,0.09915968775749207
Zmat2,1,1,0.4339030981063843,0.4845021367073059,0.08159475773572922
Gpkow,1,1,0.3554697632789612,0.5221290588378906,0.1224011704325676
Ints12,1,0,0.5306912064552307,0.410346120595932,0.058962661772966385
Phyhipl,1,0,0.5221697688102722,0.3503264784812927,0.12750375270843506
1600014C10Rik,1,0,0.4161011874675751,0.3232978284358978,0.2606009542942047
Fbxl3,1,0,0.5018039345741272,0.2997434735298157,0.19845259189605713
Cdc37,1,1,0.3923906087875366,0.4867618978023529,0.12084754556417465
4732463B04Rik,1,0,0.4681845009326935,0.44310134649276733,0.08871415257453918
Nubp1,1,1,0.2634517550468445,0.5704438090324402,0.16610445082187653
Dyrk2,1,0,0.5987271666526794,0.3238354027271271,0.07743746787309647
Ano8,1,0,0.4587348401546478,0.3824564814567566,0.1588086485862732
Gnaz,1,0,0.49462181329727173,0.47108542919158936,0.03429270163178444
Tmem132b,1,0,0.4665291905403137,0.3909795582294464,0.14249122142791748
Rrm1,1,1,0.3974476456642151,0.48364824056625366,0.11890404671430588
Igf1r,1,2,0.12821853160858154,0.13843010365962982,0.7333513498306274
Ppil3,1,1,0.44373175501823425,0.5076921582221985,0.04857608303427696
Slc35e1,1,0,0.4999404549598694,0.4343961775302887,0.06566335260868073
Taf15,1,1,0.44932791590690613,0.49309098720550537,0.057581059634685516
Psmg2,1,0,0.4586188793182373,0.449962317943573,0.09141885489225388
Mta3,1,0,0.5625541806221008,0.3776874244213104,0.05975842475891113
Gm10130,1,1,0.3450723886489868,0.4465191066265106,0.2084084451198578
Smarcb1,1,0,0.5524746179580688,0.3945607542991638,0.052964624017477036
Stt3b,1,1,0.4653109908103943,0.471210241317749,0.06347876787185669
Gm9801,1,0,0.35763537883758545,0.3481104075908661,0.29425424337387085
Atxn7l2,1,1,0.3991597592830658,0.4923194944858551,0.10852071642875671
Aptx,1,1,0.34548890590667725,0.4628223180770874,0.19168882071971893
Atxn7l1,1,1,0.4490950107574463,0.46778568625450134,0.08311929553747177
Esco1,1,1,0.4383643567562103,0.5177178978919983,0.043917782604694366
AW146154,1,1,0.3859195113182068,0.5146692991256714,0.09941115975379944
Cdc5l,1,0,0.51347416639328,0.43927088379859924,0.047254931181669235
Dut,1,0,0.6007970571517944,0.329244464635849,0.06995842605829239
Setbp1,1,2,0.26073595881462097,0.3611467778682709,0.37811726331710815
Tram1,1,0,0.5690149664878845,0.3854764699935913,0.04550854116678238
Rab3d,1,1,0.2974730432033539,0.41166016459465027,0.29086676239967346
Pdha1,1,0,0.5111685991287231,0.3932337462902069,0.09559768438339233
Tmem47,1,0,0.4794361889362335,0.44781407713890076,0.07274973392486572
Abr,1,2,0.23964744806289673,0.22040274739265442,0.5399497747421265
Agps,1,0,0.49884533882141113,0.3754937946796417,0.12566082179546356
Wnk3,1,2,0.24595966935157776,0.2816613018512726,0.4723789691925049
Braf,1,0,0.38251978158950806,0.36824676394462585,0.24923351407051086
Canx,1,0,0.5761033296585083,0.36365851759910583,0.06023811548948288
Tmem39b,1,1,0.3546743094921112,0.550545871257782,0.094779834151268
Uba52,1,0,0.643039882183075,0.3109816610813141,0.045978423207998276
Nfasc,1,0,0.5370156764984131,0.33396533131599426,0.12901903688907623
Rfx5,1,0,0.4747806489467621,0.4370577037334442,0.0881616398692131
Vwa8,1,2,0.246625155210495,0.32853469252586365,0.42484018206596375
Plxna3,1,1,0.2986026406288147,0.5809212327003479,0.12047617137432098
Inafm1,1,0,0.5266546607017517,0.3324061334133148,0.14093919098377228
Sap25,1,0,0.45566099882125854,0.4287979006767273,0.11554107815027237
Rapgef1,1,0,0.4677445888519287,0.39965465664863586,0.13260076940059662
Nrg4,1,0,0.5024456977844238,0.4235571622848511,0.07399717718362808
Kcnc4,1,0,0.5189799666404724,0.3152143359184265,0.16580571234226227
Akap17b,1,0,0.45526400208473206,0.4436655044555664,0.10107044875621796
Lrrc58,1,0,0.5995998978614807,0.33033978939056396,0.07006026804447174
Etfdh,1,1,0.39473965764045715,0.4472073018550873,0.15805305540561676
9530051G07Rik,1,1,0.39740511775016785,0.4474352300167084,0.15515965223312378
Hivep3,1,1,0.3515397310256958,0.3837828040122986,0.26467740535736084
Elf1,1,2,0.14359170198440552,0.19122155010700226,0.6651867628097534
Vps13a,1,2,0.15389390289783478,0.2765354812145233,0.5695705413818359
Pnkp,1,1,0.38658663630485535,0.5273815393447876,0.08603182435035706
Actr3,1,0,0.4726696312427521,0.45389923453330994,0.07343113422393799
Cenpt,1,1,0.3784356713294983,0.48745661973953247,0.13410769402980804
Ptpn21,1,1,0.4127034544944763,0.4719576835632324,0.11533892899751663
Mpi,1,0,0.45879366993904114,0.3844524919986725,0.15675389766693115
Ubac1,1,1,0.4064449667930603,0.46201276779174805,0.13154225051403046
Lzic,1,1,0.4241717457771301,0.4348500072956085,0.14097823202610016
Mcm7,1,1,0.38464680314064026,0.5133237242698669,0.1020294725894928
Igsf9b,1,1,0.2444876879453659,0.646592915058136,0.10891938209533691
Grasp,1,0,0.4749250113964081,0.40568530559539795,0.11938972026109695
Ccdc126,1,1,0.32815536856651306,0.5883129835128784,0.08353160321712494
BC005537,1,0,0.5295928120613098,0.37208327651023865,0.09832391142845154
Ankrd10,1,0,0.572322428226471,0.35606127977371216,0.07161624729633331
Tm9sf2,1,1,0.44039690494537354,0.45603621006011963,0.10356692969799042
Setd1b,1,1,0.26474931836128235,0.5197643637657166,0.2154863327741623
Runx2,1,2,0.16532373428344727,0.2952421009540558,0.5394341945648193
Pecr,1,1,0.46513640880584717,0.48589077591896057,0.04897283762693405
Trnau1ap,1,1,0.3945668637752533,0.5521479845046997,0.053285107016563416
Trim39,1,0,0.47854894399642944,0.39999884366989136,0.1214522197842598
Rnf34,1,0,0.5106147527694702,0.44738733768463135,0.04199795424938202
Ypel4,1,0,0.6120253801345825,0.24628190696239471,0.14169272780418396
Egr3,1,0,0.569657027721405,0.34628748893737793,0.08405550569295883
Phf23,1,0,0.5688872933387756,0.3180616796016693,0.11305101960897446
Cwc25,1,1,0.32724785804748535,0.3818260431289673,0.290926069021225
Actr1b,1,0,0.5148282647132874,0.34861934185028076,0.13655231893062592
Nrp1,1,1,0.44824305176734924,0.44884684681892395,0.10291014611721039
Rchy1,1,0,0.5067304968833923,0.4255642890930176,0.06770525127649307
Nap1l1,1,1,0.43661701679229736,0.445424348115921,0.1179586872458458
Psmd12,1,1,0.35814881324768066,0.5363355875015259,0.10551563650369644
Cdk7,1,0,0.5810770392417908,0.3317472040653229,0.08717575669288635
S100pbp,1,0,0.5092326402664185,0.3775841295719147,0.11318320035934448
Sptbn2,1,1,0.24352748692035675,0.379345566034317,0.3771269619464874
Sdc3,1,1,0.3521159291267395,0.5289838314056396,0.11890023201704025
Manea,1,0,0.45844051241874695,0.4306245446205139,0.11093489080667496
Arhgef7,1,0,0.5033413171768188,0.3579443097114563,0.13871435821056366
Tub,1,2,0.30638936161994934,0.28268545866012573,0.4109251797199249
Utp14b,1,0,0.5017274022102356,0.44826504588127136,0.05000755190849304
Mphosph10,1,1,0.34567373991012573,0.5534904599189758,0.10083585977554321
Nedd1,1,1,0.38794612884521484,0.5604496002197266,0.0516042560338974
Nvl,1,1,0.3325861394405365,0.5409430861473083,0.12647077441215515
9230114K14Rik,1,0,0.5275914669036865,0.36019033193588257,0.11221825331449509
Zfp174,1,0,0.503198504447937,0.42940160632133484,0.06739994883537292
Mxi1,1,0,0.5030997395515442,0.4206131100654602,0.0762871578335762
Ell,1,1,0.4267882704734802,0.5097180604934692,0.06349367648363113
Pelp1,1,1,0.31287682056427,0.528431236743927,0.15869195759296417
St8sia4,1,0,0.5392071604728699,0.37031927704811096,0.09047352522611618
Bag2,1,0,0.5474039912223816,0.40302640199661255,0.049569614231586456
Tgfb3,1,1,0.33085405826568604,0.5538411140441895,0.11530482769012451
Slc38a1,1,1,0.4419969916343689,0.4527626931667328,0.10524024069309235
Zik1,1,1,0.448464572429657,0.4653511643409729,0.08618427067995071
Gls,1,0,0.6245245933532715,0.3286829888820648,0.046792395412921906
Dnajc25,1,0,0.44495370984077454,0.4202079176902771,0.13483838737010956
Bloc1s4,1,0,0.5213783383369446,0.38395237922668457,0.09466925263404846
Rdh11,1,1,0.44503673911094666,0.4564700722694397,0.09849324822425842
Prpf8,1,1,0.4272613227367401,0.5069116353988647,0.06582706421613693
Grhpr,1,1,0.35580766201019287,0.5777425169944763,0.0664498433470726
Magoh,1,1,0.38324445486068726,0.5262616872787476,0.0904938280582428
Tmf1,1,0,0.4445476531982422,0.4352937936782837,0.12015856802463531
Wdr36,1,0,0.44646790623664856,0.41427117586135864,0.1392609030008316
Opa1,1,2,0.1993444710969925,0.3108998239040375,0.4897557497024536
Fhl1,1,1,0.4123110771179199,0.45342591404914856,0.1342630237340927
Sorbs1,1,0,0.578773558139801,0.36453011631965637,0.05669631436467171
Lpin2,1,1,0.44275444746017456,0.5023516416549683,0.05489389970898628
Leo1,1,1,0.47818753123283386,0.48163533210754395,0.04017706215381622
Sema6b,1,1,0.3946364223957062,0.4916146695613861,0.11374896764755249
Zdhhc7,1,1,0.412878155708313,0.5246542692184448,0.062467608600854874
9430041J12Rik,1,1,0.34145763516426086,0.4573841989040375,0.20115819573402405
Mettl4,1,0,0.544579267501831,0.3996593654155731,0.05576135963201523
Rabl3,1,1,0.3576667904853821,0.5378562808036804,0.1044769212603569
Traf3,1,2,0.3093686103820801,0.3142849802970886,0.3763463795185089
Rev3l,1,2,0.3485986292362213,0.2957383990287781,0.3556629717350006
Gga2,1,1,0.3446023464202881,0.5276381969451904,0.1277594417333603
Heatr5b,1,0,0.48263242840766907,0.43905577063560486,0.07831182330846786
Lrrc1,1,0,0.5967139601707458,0.27548715472221375,0.12779885530471802
Rit2,1,2,0.26818498969078064,0.30721765756607056,0.4245974123477936
Zc3h13,1,0,0.5362768173217773,0.3602132201194763,0.10350993275642395
Med27,1,0,0.4758785367012024,0.3067147433757782,0.217406764626503
Git1,1,1,0.39960312843322754,0.49660053849220276,0.1037963330745697
Cdh7,1,0,0.37877553701400757,0.3129132091999054,0.30831125378608704
Itgb8,1,1,0.39298269152641296,0.43368685245513916,0.17333047091960907
Metap1,1,0,0.5073647499084473,0.4332197904586792,0.059415481984615326
Gm15492,1,0,0.4960949718952179,0.4196968972682953,0.08420810848474503
Edem1,1,1,0.4186669886112213,0.5005243420600891,0.08080863207578659
Parp16,1,1,0.3902616500854492,0.5063269138336182,0.10341142117977142
1810030O07Rik,1,1,0.3973574638366699,0.4858805537223816,0.11676202714443207
E2f4,1,0,0.6298474669456482,0.3201315402984619,0.05002100020647049
Kank3,1,0,0.5514169335365295,0.3623363673686981,0.08624666929244995
Nr2c1,1,1,0.31382128596305847,0.4514351189136505,0.23474359512329102
Slc38a9,1,0,0.42929092049598694,0.42268994450569153,0.14801913499832153
Sfpq,1,0,0.45158371329307556,0.44867441058158875,0.09974189102649689
Ube2a,1,1,0.3977280855178833,0.5074580907821655,0.09481385350227356
Tbc1d19,1,2,0.17165663838386536,0.1702844202518463,0.6580589413642883
Fchsd2,1,1,0.3398061990737915,0.3645171821117401,0.2956765592098236
Ganc,1,1,0.23216065764427185,0.4350159466266632,0.33282336592674255
Mecr,1,1,0.3889343738555908,0.4915449619293213,0.11952067166566849
Mtfp1,1,0,0.5980920195579529,0.32162389159202576,0.08028408139944077
Zfp82,1,1,0.2651865482330322,0.4364992082118988,0.2983142137527466
B230118H07Rik,1,1,0.306458443403244,0.4623105227947235,0.23123107850551605
Spred3,1,1,0.41433170437812805,0.5161473751068115,0.06952087581157684
Osgep,1,1,0.35096701979637146,0.40733110904693604,0.2417018860578537
B3galt1,1,1,0.375836580991745,0.4582444727420807,0.1659189760684967
Mirg,1,1,0.24409624934196472,0.5328501462936401,0.22305360436439514
Kctd13,1,1,0.23048146069049835,0.49563562870025635,0.2738828659057617
Ywhaq,1,0,0.4920520782470703,0.3146367073059082,0.19331121444702148
Nfat5,1,1,0.40216803550720215,0.4097408950328827,0.18809103965759277
Bscl2,1,1,0.3480585515499115,0.5348439812660217,0.11709747463464737
Gm10076,1,0,0.4849952459335327,0.383961945772171,0.13104282319545746
Zcchc7,1,0,0.39421528577804565,0.3614315390586853,0.24435314536094666
Smndc1,1,0,0.5084438920021057,0.3792261481285095,0.11232995986938477
Zfp942,1,1,0.41375645995140076,0.5074321031570435,0.07881142944097519
Stam2,1,0,0.5977906584739685,0.3138706386089325,0.0883386880159378
Gm17036,1,0,0.44333764910697937,0.40989187359809875,0.1467704325914383
Gm14286,1,0,0.5375021696090698,0.3611355721950531,0.10136227309703827
Mllt1,1,1,0.2911360561847687,0.472684383392334,0.23617951571941376
Cnbd2,1,1,0.35320159792900085,0.5686262249946594,0.07817218452692032
Cspg5,1,2,0.2417718768119812,0.3518203794956207,0.4064077138900757
Surf6,1,1,0.43887582421302795,0.4766451120376587,0.08447906374931335
Ddx3x,1,0,0.5366190075874329,0.4000750482082367,0.06330589205026627
Lipa,1,2,0.08251813054084778,0.17985403537750244,0.7376278042793274
Tmcc1,1,0,0.421983540058136,0.35010990500450134,0.22790659964084625
Setd7,1,0,0.4820556938648224,0.3217379152774811,0.19620637595653534
C920021L13Rik,1,0,0.5592203736305237,0.39989784359931946,0.040881749242544174
Mtbp,1,1,0.3683473467826843,0.5030484199523926,0.1286042034626007
Pik3cd,1,1,0.2622015178203583,0.581275463104248,0.15652300417423248
Ctsa,1,1,0.3125004768371582,0.60188889503479,0.08561065047979355
AA465934,1,0,0.600400984287262,0.3142626881599426,0.0853363648056984
Numb,1,2,0.23599562048912048,0.3283255696296692,0.43567878007888794
Plcb1,1,2,0.21917350590229034,0.21748970448970795,0.5633367896080017
Chrnb2,1,1,0.3660086691379547,0.45712387561798096,0.17686747014522552
Scai,1,0,0.4542427957057953,0.3819536566734314,0.1638035923242569
Gabarap,1,0,0.5276158452033997,0.37124568223953247,0.10113845020532608
Prcp,1,2,0.21608738601207733,0.34023651480674744,0.4436761140823364
Lss,1,0,0.45463502407073975,0.41962721943855286,0.1257377415895462
Mrps14,1,1,0.4224349856376648,0.5034393072128296,0.07412567734718323
Tubb3,1,1,0.2854079604148865,0.6431870460510254,0.07140498608350754
Hars,1,0,0.4500404894351959,0.4437585175037384,0.10620101541280746
Tsc1,1,1,0.3889443278312683,0.41584816575050354,0.19520747661590576
Cct6a,1,1,0.43312516808509827,0.452961802482605,0.11391302943229675
Unc13b,1,0,0.47153156995773315,0.38049831986427307,0.14797012507915497
Mtmr12,1,0,0.5375872254371643,0.3974255323410034,0.06498724967241287
Gm15892,1,0,0.4329352080821991,0.40560001134872437,0.16146482527256012
Zfp335,1,1,0.3936469256877899,0.4837048053741455,0.12264826893806458
Myo10,1,0,0.5470228791236877,0.2439068704843521,0.20907020568847656
Kctd2,1,0,0.4753483831882477,0.43160679936408997,0.09304483979940414
Cxxc4,1,0,0.4932115972042084,0.39463046193122864,0.11215794831514359
Efhd2,1,1,0.3408504128456116,0.38571497797966003,0.2734346389770508
Kat8,1,1,0.36994701623916626,0.5601813197135925,0.069871686398983
Snrpn,1,1,0.26635244488716125,0.3843933939933777,0.34925413131713867
Abcg2,1,0,0.4634655714035034,0.400309681892395,0.13622476160526276
Orc5,1,1,0.4078640937805176,0.47490930557250977,0.11722655594348907
Gm17484,1,0,0.5390662550926208,0.42062339186668396,0.04031034931540489
Phospho2,1,1,0.44734692573547363,0.49005353450775146,0.06259949505329132
Siae,1,0,0.5386562943458557,0.3782190978527069,0.08312460780143738
Kmt2e,1,0,0.4358929991722107,0.3615390658378601,0.20256797969341278
Dpp6,1,1,0.4379311501979828,0.4516564607620239,0.11041233688592911
Ccser2,1,0,0.512955904006958,0.3704178035259247,0.11662627756595612
Gm11659,1,0,0.4847327768802643,0.42339470982551575,0.09187246114015579
Thsd4,1,2,0.09137510508298874,0.122159443795681,0.7864654660224915
Iqub,1,1,0.4004928767681122,0.45465612411499023,0.14485102891921997
Tmem178,1,0,0.5067293047904968,0.4362495541572571,0.05702114477753639
Ndufs8,1,1,0.2854316532611847,0.4841342568397522,0.2304340898990631
Cbx4,1,0,0.5492063760757446,0.35882964730262756,0.091963991522789
Slc26a8,1,1,0.2549668848514557,0.41518697142601013,0.3298461437225342
Ptp4a3,1,0,0.39053580164909363,0.36690425872802734,0.24255996942520142
Ptprs,1,0,0.49560579657554626,0.38459986448287964,0.11979429423809052
Stxbp5l,1,0,0.5151689052581787,0.3774733543395996,0.10735774040222168
Epha5,1,1,0.33543601632118225,0.381788432598114,0.28277552127838135
Fancl,1,2,0.20080500841140747,0.27575966715812683,0.5234352946281433
Herc2,1,0,0.46415621042251587,0.4056093990802765,0.13023436069488525
Elovl6,1,0,0.4256824851036072,0.3076421916484833,0.26667529344558716
Ak1,1,1,0.32539162039756775,0.5665093064308167,0.10809902846813202
Prrc2a,1,1,0.3732251822948456,0.47968393564224243,0.14709092676639557
Klf3,1,0,0.6032180190086365,0.3380831778049469,0.058698806911706924
Dnah5,1,2,0.16952770948410034,0.2541038393974304,0.5763684511184692
Cdk6,1,2,0.12853164970874786,0.13177146017551422,0.7396968603134155
Fgd4,1,0,0.45617690682411194,0.449005663394928,0.09481741487979889
C130046K22Rik,1,1,0.2730393707752228,0.6515929698944092,0.07536764442920685
Farp2,1,1,0.4078318178653717,0.44639328122138977,0.14577490091323853
Rnf144b,1,2,0.06954655051231384,0.06195450201630592,0.8684989213943481
Slc22a14,1,1,0.41394177079200745,0.4158250391483307,0.17023319005966187
Foxj2,1,2,0.29732710123062134,0.34662434458732605,0.3560485541820526
Rbm15,1,0,0.48223811388015747,0.3189849257469177,0.1987769603729248
Bpnt1,1,1,0.40447816252708435,0.48374781012535095,0.11177399754524231
Cnih4,1,1,0.44720789790153503,0.4674631357192993,0.08532892167568207
Cdan1,1,1,0.40609607100486755,0.4421306252479553,0.15177331864833832
Wdr20,1,1,0.3752048909664154,0.46961021423339844,0.15518486499786377
Exo5,1,0,0.6192842721939087,0.330022394657135,0.050693314522504807
Supv3l1,1,0,0.5249059200286865,0.3877500593662262,0.08734399825334549
Usf1,1,1,0.3677428662776947,0.3728567659854889,0.2594003975391388
Kif21b,1,1,0.41937384009361267,0.5346114635467529,0.04601471126079559
Cpeb3,1,1,0.3767135739326477,0.4953782856464386,0.1279081106185913
Ppp3r1,1,0,0.4733430743217468,0.30808836221694946,0.21856851875782013
Pdcl3,1,1,0.4149872362613678,0.4362105429172516,0.14880219101905823
Tmem184b,1,1,0.44862690567970276,0.48074859380722046,0.07062454521656036
D030028A08Rik,1,1,0.36841753125190735,0.49717459082603455,0.13440793752670288
Dicer1,1,0,0.4528944492340088,0.35111749172210693,0.19598807394504547
Bag1,1,0,0.5364606976509094,0.4264380931854248,0.03710120543837547
Anks6,1,0,0.5117090940475464,0.40187183022499084,0.08641906827688217
Kdm7a,1,0,0.532981276512146,0.36158233880996704,0.10543634742498398
Dclk3,1,0,0.44231894612312317,0.41780877113342285,0.13987229764461517
Sirt4,1,0,0.47029343247413635,0.4340406358242035,0.09566593915224075
Dgkd,1,0,0.45004236698150635,0.4432450532913208,0.10671254992485046
Inpp5b,1,0,0.4737805724143982,0.4286394417285919,0.09758000075817108
A930024E05Rik,1,0,0.47214922308921814,0.42060914635658264,0.10724162310361862
Kcnd2,1,1,0.3706260919570923,0.4873861074447632,0.14198783040046692
Stx6,1,0,0.4953952431678772,0.4112962484359741,0.0933084487915039
Rab33a,1,1,0.41994646191596985,0.47290152311325073,0.10715202987194061
Pwwp2a,1,0,0.5388131737709045,0.41475409269332886,0.046432752162218094
Rpgr,1,1,0.37929561734199524,0.4638216197490692,0.15688276290893555
Bet1l,1,0,0.622763454914093,0.32351160049438477,0.053725000470876694
Rce1,1,0,0.4818262755870819,0.3410355746746063,0.17713814973831177
Mctp1,1,1,0.41726213693618774,0.4273325800895691,0.1554052233695984
Sp2,1,1,0.36290842294692993,0.5398778915405273,0.09721364080905914
Pja1,1,1,0.43294376134872437,0.4520871937274933,0.11496911197900772
Traf3ip1,1,1,0.312373548746109,0.4921562373638153,0.1954701691865921
1700019D03Rik,1,2,0.3339082896709442,0.2454165369272232,0.420675128698349
Alas1,1,0,0.45182621479034424,0.44687455892562866,0.1012992113828659
Slc12a2,1,1,0.42115136981010437,0.4770277738571167,0.10182082653045654
Gm26839,1,1,0.3590846359729767,0.46063974499702454,0.18027566373348236
Tbc1d17,1,1,0.3475015461444855,0.5608117580413818,0.0916866734623909
Capns1,1,1,0.3866475522518158,0.43952739238739014,0.17382505536079407
Nmrk1,1,1,0.3635387420654297,0.52698814868927,0.1094730868935585
Cacfd1,1,1,0.39988160133361816,0.5078684687614441,0.09224994480609894
Fabp3,1,1,0.4191654622554779,0.46728721261024475,0.11354737728834152
Eif4a3,1,1,0.3630417585372925,0.49825558066368103,0.13870269060134888
Sh2d4b,1,2,0.2797442376613617,0.25742143392562866,0.46283429861068726
Syt7,1,0,0.5175788998603821,0.4114423394203186,0.07097874581813812
Taldo1,1,1,0.37692493200302124,0.4758579730987549,0.14721715450286865
Nt5c,1,0,0.5078359842300415,0.43228021264076233,0.05988381430506706
Zfp422,1,0,0.5415775775909424,0.3652536869049072,0.09316873550415039
Gabbr1,1,1,0.41289806365966797,0.4164313077926636,0.17067062854766846
Klhl13,1,0,0.35343948006629944,0.3112676739692688,0.33529284596443176
Gm16091,1,0,0.41310152411460876,0.4130907952785492,0.17380765080451965
Zfp53,1,1,0.4384877681732178,0.44716644287109375,0.11434582620859146
B3gat1,1,0,0.4533807635307312,0.3564886450767517,0.1901305764913559
Star,1,1,0.31925177574157715,0.5163446068763733,0.16440364718437195
Btaf1,1,0,0.4649825096130371,0.3833850622177124,0.1516323983669281
Timm21,1,0,0.5483782291412354,0.3694498538970947,0.0821719542145729
Cmtr1,1,1,0.3637675940990448,0.5184275507926941,0.1178048849105835
Lmnb2,1,1,0.256217896938324,0.48302164673805237,0.26076045632362366
Scg5,1,1,0.43396520614624023,0.47367408871650696,0.09236066043376923
Cct3,1,0,0.43877434730529785,0.4377753436565399,0.12345029413700104
Ptgr2,1,0,0.5036110877990723,0.42186039686203003,0.0745285302400589
5430400D12Rik,1,0,0.5646576881408691,0.3451852798461914,0.09015698730945587
Bcorl1,1,2,0.137203186750412,0.306095153093338,0.55670166015625
Rab23,1,0,0.5055184364318848,0.4508938789367676,0.04358768090605736
Orai1,1,1,0.402222216129303,0.4474656879901886,0.15031208097934723
Agl,1,1,0.3695102334022522,0.5483893752098083,0.08210039138793945
Exosc2,1,1,0.42389342188835144,0.4480486214160919,0.12805801630020142
Mxd4,1,0,0.5183941125869751,0.4015745222568512,0.08003135025501251
Mtrf1,1,1,0.4059531092643738,0.4781329929828644,0.11591395735740662
Gcfc2,1,0,0.5731037855148315,0.2983907461166382,0.12850546836853027
Tmem209,1,1,0.42774417996406555,0.4681198298931122,0.10413604974746704
Slc52a2,1,1,0.4762760102748871,0.4813714921474457,0.04235249012708664
Zscan12,1,0,0.5004547238349915,0.41568031907081604,0.08386492729187012
Scoc,1,1,0.44331902265548706,0.47422945499420166,0.08245156705379486
Neurod1,1,0,0.6443517804145813,0.2784266471862793,0.07722155004739761
Gm15513,1,0,0.4235430955886841,0.42273184657096863,0.15372507274150848
Rtn2,1,1,0.35487881302833557,0.5070614218711853,0.13805975019931793
Stau1,1,0,0.4923112094402313,0.3583783805370331,0.14931043982505798
Creg1,1,0,0.4982256293296814,0.42106109857559204,0.08071321249008179
Axin1,1,1,0.37979748845100403,0.4962572157382965,0.12394529581069946
Hyou1,1,1,0.33176496624946594,0.45847710967063904,0.2097579836845398
Lrp11,1,0,0.4983520209789276,0.4366567134857178,0.06499134004116058
Pspc1,1,1,0.32946330308914185,0.5227534770965576,0.1477832794189453
Ccpg1,1,0,0.5098687410354614,0.4149574339389801,0.07517386227846146
Elovl1,1,0,0.5175999999046326,0.35023033618927,0.13216963410377502
Timm44,1,0,0.4154636263847351,0.3906075954437256,0.1939287632703781
Wdr31,1,1,0.4080199599266052,0.41785064339637756,0.1741293966770172
Ctsf,1,1,0.23238080739974976,0.43200409412384033,0.3356150984764099
Ino80d,1,0,0.40431320667266846,0.3881158232688904,0.20757097005844116
Drc1,1,2,0.20787222683429718,0.2305692434310913,0.5615584850311279
Polg2,1,1,0.4082908630371094,0.5091342926025391,0.08257486671209335
Bap1,1,1,0.3608294129371643,0.5393213033676147,0.09984928369522095
Cyfip2,1,0,0.4991167187690735,0.4369572103023529,0.06392598897218704
Tbc1d9b,1,1,0.44193851947784424,0.5155258774757385,0.04253556206822395
Skiv2l,1,1,0.3264400362968445,0.6097722053527832,0.06378781050443649
Commd8,1,1,0.4684048593044281,0.46960580348968506,0.06198933720588684
Lrguk,1,2,0.05955066531896591,0.060985345393419266,0.8794639706611633
Gmds,1,1,0.3978632390499115,0.458956778049469,0.1431800127029419
Cnot11,1,1,0.34667325019836426,0.5205246806144714,0.13280203938484192
Aimp1,1,0,0.4724322557449341,0.40691930055618286,0.12064842134714127
Pdgfb,1,1,0.40124833583831787,0.4223518967628479,0.17639976739883423
A630072M18Rik,1,0,0.527815580368042,0.3874734342098236,0.08471096307039261
Mei1,1,1,0.24867363274097443,0.5964093804359436,0.1549169272184372
Kremen1,1,1,0.37481454014778137,0.4065277874469757,0.2186576873064041
Mycbp,1,1,0.418064147233963,0.4296424984931946,0.1522933840751648
Whamm,1,0,0.45976522564888,0.4235518276691437,0.11668293923139572
Atxn2,1,1,0.41091132164001465,0.43328118324279785,0.1558075100183487
Nsmce4a,1,1,0.3436572253704071,0.4542686641216278,0.2020740509033203
Col4a1,1,2,0.1675601601600647,0.14995644986629486,0.6824833750724792
Ube2g1,1,0,0.5563246011734009,0.39363396167755127,0.050041452050209045
Fam217b,1,1,0.33762645721435547,0.5469711422920227,0.11540240794420242
Rimkla,1,1,0.3169004023075104,0.606575608253479,0.07652397453784943
Lrp8,1,0,0.38166138529777527,0.3537098467350006,0.26462873816490173
Slc2a13,1,0,0.4451657831668854,0.3685266077518463,0.18630757927894592
Lrp1b,1,2,0.19049379229545593,0.18384142220020294,0.6256647706031799
Asna1,1,1,0.36908483505249023,0.48858705163002014,0.14232805371284485
Mgat5b,1,1,0.284595251083374,0.44743895530700684,0.26796576380729675
Ubox5,1,1,0.2002253234386444,0.47227004170417786,0.32750460505485535
Hivep2,1,0,0.37506160140037537,0.3541075587272644,0.27083081007003784
Ubr7,1,1,0.4269355833530426,0.4679959714412689,0.1050684005022049
Egln2,1,0,0.48188069462776184,0.3564186096191406,0.16170065104961395
Zcchc2,1,1,0.43116915225982666,0.49648115038871765,0.0723496824502945
Vamp1,1,1,0.46667373180389404,0.47397881746292114,0.05934741720557213
Clp1,1,0,0.6069791316986084,0.3034810423851013,0.08953980356454849
Nup85,1,1,0.30569547414779663,0.5676332712173462,0.12667128443717957
Amfr,1,1,0.40114548802375793,0.43054139614105225,0.1683131605386734
Ccdc88c,1,1,0.30690938234329224,0.3723882734775543,0.32070237398147583
Eral1,1,1,0.27793088555336,0.5782377123832703,0.14383138716220856
Nrg2,1,0,0.5111956000328064,0.30103838443756104,0.18776606023311615
Taf1,1,2,0.27420103549957275,0.36070504784584045,0.3650939464569092
Lix1,1,1,0.4263916313648224,0.43295952677726746,0.14064885675907135
Tsr1,1,0,0.5336129665374756,0.37603050470352173,0.09035652130842209
Fer,1,2,0.1993866264820099,0.15946583449840546,0.6411474943161011
Stx8,1,2,0.19484634697437286,0.16330598294734955,0.6418476700782776
Nrros,1,1,0.43607833981513977,0.4838983416557312,0.08002336323261261
Dph3,1,0,0.5521219372749329,0.3980027437210083,0.04987529292702675
Sppl2a,1,1,0.40085116028785706,0.5424103140830994,0.05673852562904358
Iqcb1,1,1,0.4226539433002472,0.49135926365852356,0.08598681539297104
1700056N10Rik,1,0,0.42464444041252136,0.4227321445941925,0.15262342989444733
Pdcd10,1,0,0.5076711773872375,0.42824307084083557,0.0640857070684433
Carm1,1,1,0.4390327036380768,0.453395813703537,0.10757144540548325
Dbnl,1,1,0.3604443371295929,0.559439480304718,0.0801161378622055
Ifnar1,1,1,0.2748172879219055,0.5289362072944641,0.19624653458595276
Pcdhb22,1,1,0.3462269604206085,0.4500713050365448,0.2037016898393631
Dbndd2,1,0,0.5563075542449951,0.37139248847961426,0.07229998707771301
Vstm2b,1,0,0.43546831607818604,0.26287853717803955,0.3016531467437744
Rasal1,1,1,0.41200345754623413,0.4384229779243469,0.14957359433174133
Zcchc9,1,0,0.5288416147232056,0.4081295430660248,0.06302883476018906
Commd6,1,0,0.5093733668327332,0.38435614109039307,0.10627046227455139
Pogk,1,0,0.46394941210746765,0.4559391140937805,0.08011149615049362
Zdbf2,1,0,0.45246294140815735,0.4165166914463043,0.13102036714553833
Smim15,1,0,0.612139105796814,0.3265954256057739,0.061265505850315094
Mis12,1,0,0.5335447788238525,0.40429458022117615,0.062160611152648926
Gfra4,1,0,0.5980808138847351,0.31990066170692444,0.08201852440834045
Ppp6r1,1,1,0.3062070906162262,0.5366849899291992,0.15710791945457458
Arfip2,1,0,0.5380830764770508,0.40170782804489136,0.060209136456251144
Thbs3,1,1,0.3950440585613251,0.4530677795410156,0.1518881618976593
2310009B15Rik,1,0,0.6308193802833557,0.3350735306739807,0.03410710394382477
Egfr,1,0,0.6433656811714172,0.27506065368652344,0.08157367259263992
Moxd1,0,0,0.5279861092567444,0.36058664321899414,0.11142728477716446
Ssr3,0,1,0.4037148654460907,0.4494631588459015,0.1468219757080078
Zfp182,0,2,0.21647599339485168,0.3444962501525879,0.43902772665023804
Ccdc6,0,1,0.38688355684280396,0.47892332077026367,0.13419316709041595
Gm15680,0,0,0.46202972531318665,0.30918964743614197,0.22878064215183258
Ly6h,0,0,0.469132661819458,0.4542927145957947,0.07657457888126373
Rplp2,0,0,0.5175529718399048,0.39136993885040283,0.09107705950737
Panx2,0,1,0.3684263527393341,0.46113842725753784,0.17043519020080566
Secisbp2,0,1,0.4648297429084778,0.5023012161254883,0.03286902233958244
Trmt112,0,0,0.561235249042511,0.33661597967147827,0.10214877873659134
Kcnh5,0,2,0.14882177114486694,0.1656588315963745,0.6855194568634033
Kcnt2,0,0,0.44748082756996155,0.29953429102897644,0.2529848515987396
Tnfrsf21,0,1,0.37547340989112854,0.558764636516571,0.06576194614171982
Plekhb2,0,1,0.3668610751628876,0.4831988215446472,0.14994007349014282
Ppm1h,0,0,0.46116459369659424,0.3024253249168396,0.23641005158424377
Usp31,0,1,0.3060351610183716,0.5967940092086792,0.09717079252004623
Mrpl10,0,1,0.347451388835907,0.47853851318359375,0.17401009798049927
Uba3,0,1,0.40082961320877075,0.4514736533164978,0.14769667387008667
Kctd20,0,1,0.3125593364238739,0.5587879419326782,0.12865272164344788
Clcc1,0,1,0.43462464213371277,0.5228697061538696,0.04250567778944969
2310011J03Rik,0,0,0.5077305436134338,0.4104863405227661,0.08178308606147766
Lyrm7,0,1,0.38086041808128357,0.4885867238044739,0.13055281341075897
Tm7sf3,0,0,0.4641982913017273,0.4425978660583496,0.09320381283760071
Mrpl53,0,1,0.35667163133621216,0.5129089951515198,0.13041932880878448
Uqcr10,0,0,0.5049558877944946,0.3430606722831726,0.15198345482349396
4732440D04Rik,0,0,0.5492465496063232,0.3054237365722656,0.14532971382141113
Usp10,0,0,0.5279965996742249,0.36664772033691406,0.10535569489002228
Zfp867,0,1,0.4776858687400818,0.4805881083011627,0.04172597452998161
Timm17a,0,0,0.474683552980423,0.4642702341079712,0.06104615330696106
Ttpal,0,1,0.40703946352005005,0.5479423403739929,0.04501813277602196
Golt1b,0,0,0.599778950214386,0.34434908628463745,0.05587193742394447
Ippk,0,0,0.5735352039337158,0.3752136826515198,0.05125107616186142
Gm15624,0,1,0.45873358845710754,0.48082348704338074,0.060442935675382614
Ftl1,0,0,0.5168463587760925,0.403926283121109,0.07922735810279846
Higd2a,0,0,0.580397367477417,0.37278828024864197,0.04681434482336044
Ebag9,0,1,0.3906191885471344,0.5124563574790955,0.09692441672086716
Mapk9,0,0,0.4476144015789032,0.43499431014060974,0.11739128082990646
Mipep,0,0,0.5297528505325317,0.31908753514289856,0.1511596292257309
Timmdc1,0,1,0.33375781774520874,0.5282920598983765,0.1379500925540924
Trpc4,0,0,0.40710505843162537,0.3797895908355713,0.21310535073280334
Rnf7,0,1,0.40159302949905396,0.5340230464935303,0.06438396871089935
Hsp90ab1,0,0,0.5348606705665588,0.38172972202301025,0.08340959250926971
Mrpl24,0,0,0.5316672921180725,0.36566102504730225,0.10267165303230286
Bves,0,0,0.5826994180679321,0.36671867966651917,0.050581928342580795
Mcm3ap,0,1,0.26489391922950745,0.4343019723892212,0.30080410838127136
Flrt3,0,0,0.41184884309768677,0.3520887494087219,0.2360624521970749
Shisa6,0,0,0.45516982674598694,0.34093692898750305,0.2038932591676712
Atp7a,0,1,0.35147014260292053,0.38212352991104126,0.2664063274860382
Uba1,0,1,0.3969535529613495,0.442042738199234,0.1610037088394165
Acyp1,0,0,0.5778293609619141,0.36236852407455444,0.059802085161209106
Gnb4,0,0,0.46031078696250916,0.3754572868347168,0.16423198580741882
Uhrf1bp1,0,1,0.30164942145347595,0.601715624332428,0.09663490951061249
Atp5c1,0,1,0.45349356532096863,0.47279590368270874,0.07371056079864502
Brip1os,0,1,0.252720445394516,0.5640039443969727,0.18327561020851135
Ubtd2,0,1,0.44639259576797485,0.4662415087223053,0.08736588805913925
2310039H08Rik,0,0,0.49385109543800354,0.36446571350097656,0.1416831910610199
Tfrc,0,1,0.38281214237213135,0.5586156845092773,0.05857221037149429
Tsnax,0,1,0.3598991632461548,0.5587654113769531,0.08133541792631149
Irs2,0,0,0.5610880255699158,0.39067381620407104,0.04823819920420647
Atp5g1,0,0,0.46907472610473633,0.3709786534309387,0.15994665026664734
Sgcb,0,1,0.3811033070087433,0.3882525563240051,0.23064418137073517
Tmem165,0,1,0.4147176742553711,0.5386189818382263,0.04666336625814438
Rbm25,2,0,0.47292619943618774,0.44463592767715454,0.08243788033723831
Smpd4,0,0,0.48243391513824463,0.4150371849536896,0.10252894461154938
Sod2,0,1,0.4268260598182678,0.4271436631679535,0.1460302174091339
Rps25,0,0,0.5572368502616882,0.3544204533100128,0.08834271132946014
Ccdc73,0,0,0.4654701352119446,0.3815128207206726,0.1530171036720276
Cul4a,0,1,0.3409172594547272,0.5740664005279541,0.0850163921713829
Uqcc2,0,1,0.3318147361278534,0.4665905833244324,0.20159466564655304
Ubl5,0,0,0.6938062310218811,0.24127650260925293,0.06491722166538239
1110008P14Rik,0,0,0.5711178183555603,0.29722169041633606,0.13166049122810364
Zfp597,0,0,0.489258736371994,0.40185314416885376,0.10888811945915222
Cacna1h,0,1,0.3868655860424042,0.4658951461315155,0.14723923802375793
Pdzd8,0,0,0.4662490785121918,0.42403876781463623,0.109712153673172
Emc3,0,1,0.4132561981678009,0.49556007981300354,0.09118371456861496
H3f3a,0,0,0.5499053597450256,0.34239375591278076,0.10770086199045181
Psenen,0,1,0.4337145686149597,0.47585785388946533,0.09042757749557495
Srsf5,2,0,0.5084161162376404,0.3826729357242584,0.1089109480381012
Maged1,0,0,0.580793559551239,0.3401727080345154,0.079033762216568
Jdp2,0,0,0.47751563787460327,0.3618152141571045,0.16066914796829224
Mrpl12,0,0,0.5367363691329956,0.4091760218143463,0.05408761277794838
Yars2,0,0,0.491637259721756,0.3275119662284851,0.1808508038520813
Sdhb,0,1,0.41079869866371155,0.49925658106803894,0.08994469046592712
Ptprf,0,1,0.2833814024925232,0.41072744131088257,0.30589112639427185
Zbtb16,0,0,0.47281521558761597,0.365670770406723,0.1615140289068222
Jakmip3,0,0,0.404362291097641,0.40324780344963074,0.19238990545272827
Ctdnep1,0,1,0.3463608920574188,0.4341728389263153,0.21946623921394348
Cenpp,0,2,0.17132776975631714,0.28382396697998047,0.5448482632637024
B4galt5,0,0,0.549802303314209,0.32555368542671204,0.12464403361082077
Rps9,0,0,0.6288864612579346,0.24769505858421326,0.12341848015785217
Fjx1,0,0,0.61646968126297,0.35080766677856445,0.03272264823317528
Zranb3,0,1,0.29874926805496216,0.4659517705440521,0.23529894649982452
Slc35b4,0,0,0.4962135851383209,0.46966561675071716,0.0341208353638649
Zfp788,0,1,0.4328516721725464,0.48777902126312256,0.07936927676200867
Usp12,0,1,0.3919696509838104,0.5148372650146484,0.09319308400154114
Rbm8a,0,0,0.46650323271751404,0.4599892497062683,0.07350746542215347
Bop1,0,0,0.48282575607299805,0.4662646949291229,0.050909508019685745
Oma1,0,1,0.39782842993736267,0.5120284557342529,0.0901431292295456
Snrpd2,0,0,0.5625512003898621,0.3577190339565277,0.07972975820302963
Purb,0,0,0.49046406149864197,0.38593482971191406,0.12360110133886337
Cyb561a3,0,0,0.5172891616821289,0.4126955568790436,0.07001528888940811
Scrn1,0,0,0.5464672446250916,0.37333595752716064,0.08019676059484482
Wipf3,0,0,0.5299729704856873,0.3080875277519226,0.16193948686122894
Uhmk1,0,1,0.3880622684955597,0.5235734581947327,0.08836425095796585
Zfyve16,0,0,0.4620457589626312,0.40741443634033203,0.13053977489471436
Grin2a,0,0,0.5213304162025452,0.3460628390312195,0.13260674476623535
Ndn,0,0,0.425972580909729,0.3376803994178772,0.23634696006774902
Ankrd12,2,2,0.066310353577137,0.1402045041322708,0.793485164642334
Trabd2b,0,0,0.4900609850883484,0.4523146450519562,0.05762432888150215
Zfp189,0,0,0.540880024433136,0.4154714345932007,0.04364854842424393
Itga7,0,0,0.44458428025245667,0.3894294500350952,0.1659863144159317
Zc3h18,0,1,0.41442760825157166,0.47996750473976135,0.10560492426156998
Ptpn11,0,0,0.5318766236305237,0.36539098620414734,0.10273243486881256
8030462N17Rik,0,0,0.4905911386013031,0.4502981901168823,0.05911067873239517
Rasgrf2,0,1,0.43551844358444214,0.4552702307701111,0.1092112809419632
Atp5g3,0,0,0.6291722059249878,0.32458415627479553,0.04624365270137787
Mob1b,0,0,0.47281306982040405,0.4542427062988281,0.07294421643018723
Ccdc12,0,0,0.4934150278568268,0.431026816368103,0.0755581259727478
N4bp2,0,0,0.507074773311615,0.4359389841556549,0.056986238807439804
Gng3,0,0,0.610919177532196,0.31027576327323914,0.07880505174398422
Lrp12,0,0,0.48475104570388794,0.4196455776691437,0.09560342133045197
Il16,0,0,0.4220812916755676,0.409760445356369,0.16815827786922455
Prmt8,0,0,0.5634700059890747,0.3793570399284363,0.05717293545603752
Tmem106b,0,0,0.5727580785751343,0.345575213432312,0.08166671544313431
Slc1a3,0,0,0.42225468158721924,0.38293886184692383,0.19480639696121216
Arl6ip5,0,1,0.42641234397888184,0.49613717198371887,0.07745049893856049
Ccdc92,0,0,0.5555489659309387,0.4053178131580353,0.039133232086896896
Ercc4,0,1,0.3643418252468109,0.5576196908950806,0.07803849130868912
Rpain,0,1,0.3338012397289276,0.4953169822692871,0.17088183760643005
Tor1aip2,0,0,0.5207455158233643,0.42068102955818176,0.05857347697019577
Parm1,0,0,0.5003166794776917,0.3660944700241089,0.13358880579471588
Dctn3,0,0,0.44901227951049805,0.44371718168258667,0.10727058351039886
Slc22a17,0,1,0.40366309881210327,0.5007670521736145,0.09556989371776581
Eaf2,0,0,0.4830646514892578,0.45322293043136597,0.06371238082647324
Rpl13a,0,0,0.5639761090278625,0.333025723695755,0.10299817472696304
Arl8b,0,0,0.4845825731754303,0.4125800132751465,0.10283736884593964
9630028H03Rik,0,2,0.1048184484243393,0.09497834742069244,0.8002032041549683
St5,0,2,0.07338052988052368,0.10233023017644882,0.8242892622947693
Tmem205,0,1,0.37633731961250305,0.4516258239746094,0.17203687131404877
Rprml,0,0,0.5002074837684631,0.3973304033279419,0.10246206074953079
Zfp563,0,1,0.3818332552909851,0.425241619348526,0.1929251253604889
Pex13,0,0,0.4798077940940857,0.42324477434158325,0.09694744646549225
Mpp1,0,1,0.3599361479282379,0.3998759984970093,0.24018782377243042
Them6,0,0,0.6272881627082825,0.3006017804145813,0.07211008667945862
Ywhah,0,0,0.5497263669967651,0.4010179340839386,0.04925568401813507
Ss18l1,0,0,0.565257728099823,0.39033299684524536,0.044409286230802536
Ssna1,0,0,0.4533713161945343,0.4270234704017639,0.11960519850254059
Disp2,0,0,0.5021885633468628,0.401230126619339,0.09658129513263702
Pabpc4,2,2,0.20407775044441223,0.3252238929271698,0.47069835662841797
Zxdb,0,0,0.43605858087539673,0.39987093210220337,0.1640705019235611
6430548M08Rik,0,0,0.485342413187027,0.4267236590385437,0.08793388307094574
Hecw2,2,2,0.1977204531431198,0.2621564567089081,0.5401231050491333
Rpl19,0,0,0.5404653549194336,0.3736920952796936,0.08584251999855042
Ppil6,0,1,0.44648241996765137,0.5008000135421753,0.052717577666044235
Atp6ap2,0,1,0.2935730814933777,0.5405752062797546,0.16585169732570648
Tnks1bp1,0,0,0.48948630690574646,0.4609992206096649,0.04951449856162071
Cplx1,0,0,0.4809577763080597,0.46937310695648193,0.0496690534055233
Gatm,2,1,0.3812369406223297,0.5242766737937927,0.09448635578155518
Gabpb1,0,0,0.4143577516078949,0.3631129860877991,0.2225293219089508
Gm10649,0,1,0.37741878628730774,0.46645504236221313,0.15612617135047913
Nsg1,0,0,0.5283912420272827,0.4074799418449402,0.0641288310289383
Snhg3,0,1,0.36512255668640137,0.5084218978881836,0.12645559012889862
Nek10,0,0,0.4364235997200012,0.4228626489639282,0.14071372151374817
C030034I22Rik,0,0,0.6516579985618591,0.2990128695964813,0.04932907596230507
Cul9,2,1,0.3066341280937195,0.6011987328529358,0.09216713905334473
Gm14372,0,0,0.4647417962551117,0.4151840806007385,0.12007405608892441
Ube3a,0,0,0.5394293069839478,0.37505561113357544,0.085515096783638
Etl4,2,2,0.06346584856510162,0.07809900492429733,0.8584351539611816
Hmox2,0,1,0.39885690808296204,0.49846288561820984,0.10268021374940872
Sprtn,0,0,0.5418164134025574,0.411625474691391,0.046558111906051636
Slc25a4,0,0,0.6313013434410095,0.289467990398407,0.0792306661605835
Gad1,0,0,0.5385420322418213,0.40818724036216736,0.053270768374204636
Dnajb14,0,0,0.4073374569416046,0.37492844462394714,0.21773408353328705
Slc35f6,0,1,0.3516291379928589,0.5703572034835815,0.07801362127065659
Gpc1,0,1,0.40273192524909973,0.4582712650299072,0.13899676501750946
Pgs1,0,1,0.44737762212753296,0.516015887260437,0.036606431007385254
Dusp12,0,0,0.5138418674468994,0.4295189380645752,0.05663920193910599
Ppp2r2d,0,1,0.280409574508667,0.5126869678497314,0.20690345764160156
Grcc10,0,0,0.5284534692764282,0.39454612135887146,0.07700042426586151
Dguok,0,1,0.3772769868373871,0.4075135886669159,0.21520939469337463
Ndufaf2,0,1,0.4198731482028961,0.46812325716018677,0.11200357973575592
Ndufs6,0,1,0.46282246708869934,0.465277761220932,0.07189977914094925
Ly6e,0,0,0.6227338910102844,0.3093405067920685,0.06792556494474411
B3galt2,0,0,0.5803826451301575,0.29137855768203735,0.12823879718780518
Angpt2,0,0,0.5139775276184082,0.3899715840816498,0.09605088829994202
Hnrnpf,0,0,0.6147024631500244,0.33295199275016785,0.05234551802277565
Tmem109,0,0,0.5034486055374146,0.402906209230423,0.09364516288042068
Rin1,0,1,0.37794411182403564,0.4248385429382324,0.19721737504005432
Ehd1,0,0,0.4474378526210785,0.39882972836494446,0.15373240411281586
B230307C23Rik,0,1,0.36924222111701965,0.49112582206726074,0.13963189721107483
Lsm1,0,0,0.5016199350357056,0.40955182909965515,0.08882822096347809
Ccsap,0,0,0.48905467987060547,0.4582556188106537,0.052689701318740845
Rps24,0,0,0.5148307085037231,0.42788779735565186,0.05728147178888321
Ndc1,0,1,0.4235500693321228,0.4624852240085602,0.11396469175815582
Tm2d2,0,0,0.4667404890060425,0.4306681752204895,0.10259133577346802
Nebl,0,0,0.38385677337646484,0.38356083631515503,0.23258239030838013
Swi5,0,1,0.4456983506679535,0.48761168122291565,0.06668994575738907
Ccdc43,0,1,0.36380326747894287,0.3957762122154236,0.24042057991027832
Syt10,0,0,0.5129141211509705,0.4195510447025299,0.06753481924533844
Pigp,0,0,0.4814610779285431,0.42083045840263367,0.09770850092172623
Tmem251,0,0,0.6867514848709106,0.25487443804740906,0.05837412178516388
Gm26543,0,1,0.3580591082572937,0.4251912236213684,0.2167496532201767
Gm28750,0,0,0.41669797897338867,0.31067824363708496,0.27262380719184875
Nceh1,0,1,0.2853972613811493,0.45974814891815186,0.25485458970069885
P2ry12,0,0,0.4463741183280945,0.4186921715736389,0.1349337249994278
Cyhr1,0,1,0.38609251379966736,0.48503631353378296,0.12887117266654968
Kcnb1,0,0,0.48563867807388306,0.23295509815216064,0.2814061641693115
Nipal2,2,2,0.1804078221321106,0.17403076589107513,0.6455614566802979
Tspan3,0,0,0.5189263820648193,0.4223243296146393,0.05874928459525108
Parvb,0,1,0.4137292504310608,0.4369864761829376,0.14928428828716278
Dscaml1,0,0,0.6134153604507446,0.3087276518344879,0.07785696536302567
Ap1s2,0,0,0.40847381949424744,0.3868686854839325,0.20465752482414246
Rrp1,0,0,0.49720221757888794,0.41588094830513,0.08691681176424026
1700084C06Rik,0,1,0.4244173765182495,0.5096198916435242,0.06596273928880692
Sms,0,1,0.38669198751449585,0.5246632695198059,0.08864478021860123
Rab8b,0,1,0.34984827041625977,0.48726215958595276,0.16288961470127106
Kcnj9,0,0,0.5642512440681458,0.33793625235557556,0.0978124812245369
Map3k4,0,0,0.5441242456436157,0.3743295669555664,0.08154616504907608
Bmp2k,0,0,0.45023179054260254,0.43862369656562805,0.11114451289176941
Dad1,0,1,0.4090484380722046,0.5056875348091125,0.08526405692100525
Fgf13,0,2,0.3293367922306061,0.2055971771478653,0.46506601572036743
Utrn,0,2,0.3479676842689514,0.24553723633289337,0.4064951241016388
Zrsr1,0,0,0.554094672203064,0.3290526270866394,0.11685272306203842
Eif3c,0,0,0.4313110411167145,0.42986994981765747,0.13881903886795044
2610035D17Rik,0,0,0.3947405517101288,0.3441808521747589,0.2610785961151123
Ccdc134,0,1,0.4251497983932495,0.458179771900177,0.11667042225599289
Snap47,0,0,0.5271403789520264,0.412515789270401,0.06034383922815323
Eef1d,0,0,0.4963470697402954,0.386567622423172,0.11708535999059677
Pfdn5,0,0,0.5119892358779907,0.45899781584739685,0.02901291660964489
Psmb3,0,1,0.38166695833206177,0.4790753722190857,0.13925759494304657
Cox7a2l,0,0,0.5098432302474976,0.4084324240684509,0.08172434568405151
Tmem179,0,2,0.21365609765052795,0.35536086559295654,0.4309830665588379
Snx9,0,1,0.32171741127967834,0.35858210921287537,0.3197004497051239
Zfp365,0,0,0.4686433970928192,0.3112054467201233,0.22015120089054108
Brk1,0,0,0.5457817912101746,0.36286863684654236,0.09134958684444427
Rps27a,0,0,0.5028200745582581,0.3937635123729706,0.10341639816761017
Sec11c,0,1,0.43795329332351685,0.5036524534225464,0.058394260704517365
Zdhhc1,2,0,0.5267011523246765,0.3608715534210205,0.11242726445198059
Ptrh2,0,0,0.47166329622268677,0.4684968888759613,0.059839848428964615
Rpl5,0,0,0.5310200452804565,0.39940983057022095,0.0695701315999031
Mettl23,0,0,0.5082142353057861,0.4408666491508484,0.05091910436749458
Pdp1,0,0,0.529597282409668,0.31379014253616333,0.1566126048564911
Mrpl55,0,0,0.5423755049705505,0.34154942631721497,0.1160750687122345
Polr3gl,0,1,0.3741064667701721,0.4937452971935272,0.13214819133281708
Edf1,0,0,0.5881503820419312,0.35030901432037354,0.06154061481356621
Gosr2,0,1,0.333395779132843,0.48984479904174805,0.17675942182540894
Poc1a,0,0,0.4451344609260559,0.40198400616645813,0.1528814733028412
Pgbd5,0,0,0.5704663991928101,0.31740036606788635,0.11213327199220657
Nr6a1,2,2,0.1551087349653244,0.21411986649036407,0.6307714581489563
Eya1,0,0,0.3670063316822052,0.31502318382263184,0.31797048449516296
Ppp2r2b,2,2,0.056887753307819366,0.06624021381139755,0.8768720626831055
Pcdh11x,0,2,0.2726820111274719,0.2632645070552826,0.4640534520149231
Nedd8,0,1,0.37592294812202454,0.4428710341453552,0.18120601773262024
Szrd1,0,1,0.3485199511051178,0.42409321665763855,0.22738687694072723
Csf1,0,0,0.5119648575782776,0.3905174136161804,0.09751775115728378
C1qtnf4,0,0,0.5357492566108704,0.3687141239643097,0.09553664177656174
Nrg3os,0,1,0.44726142287254333,0.4729151129722595,0.07982347160577774
Ndufb7,0,0,0.4762258529663086,0.4434538185596466,0.080320343375206
Pgam1,0,0,0.4822002351284027,0.4442024528980255,0.07359727472066879
Gm15496,0,0,0.5619010329246521,0.3891158103942871,0.04898316040635109
Psmb6,0,1,0.39872434735298157,0.42628148198127747,0.17499421536922455
Gm16189,0,1,0.3365660607814789,0.4704609811306,0.19297295808792114
Tmx4,0,1,0.3977648615837097,0.5365007519721985,0.06573435664176941
Fam53a,0,0,0.5408542156219482,0.39633482694625854,0.062810979783535
Pdgfc,0,0,0.4630495309829712,0.2965707778930664,0.2403797209262848
Rspo3,0,0,0.5183538794517517,0.3251655697822571,0.15648053586483002
Jph1,0,0,0.5427675247192383,0.4118494987487793,0.045382965356111526
Rpl13,0,0,0.5881103873252869,0.31755396723747253,0.0943356454372406
Igsf8,0,1,0.38387325406074524,0.5321044325828552,0.08402228355407715
Ndufb8,0,1,0.29039573669433594,0.45437103509902954,0.2552332282066345
Tmem62,0,2,0.3024483621120453,0.31401434540748596,0.38353729248046875
Psmb4,0,0,0.6649966239929199,0.27412647008895874,0.06087692454457283
Ldlrad3,0,0,0.4684482514858246,0.40885835886001587,0.12269335985183716
Rab6b,0,0,0.47592443227767944,0.4542997479438782,0.06977579742670059
Acap3,0,1,0.31590554118156433,0.6141307353973389,0.06996370106935501
Pcdh1,0,0,0.632579505443573,0.273519366979599,0.0939011350274086
Eef1b2,0,0,0.5385311245918274,0.34530797600746155,0.11616088449954987
Tagln3,0,1,0.41693687438964844,0.43848493695259094,0.14457812905311584
Otub1,0,0,0.45810645818710327,0.40597227215766907,0.13592126965522766
Mrps34,0,0,0.4722648859024048,0.37259796261787415,0.15513712167739868
Zfp655,0,1,0.3210940659046173,0.584343433380127,0.09456246346235275
Pdzd2,0,0,0.44029343128204346,0.2946893870830536,0.2650171220302582
Foxo1,0,0,0.49875208735466003,0.37740248441696167,0.12384543567895889
Zhx2,0,0,0.5250236988067627,0.34476780891418457,0.13020849227905273
Vps37b,0,0,0.4857810437679291,0.4200434684753418,0.09417553246021271
Tmem216,0,1,0.36032170057296753,0.502121090888977,0.13755720853805542
Nck2,0,0,0.519554615020752,0.40633413195610046,0.07411126047372818
Prdx6,0,0,0.4696875214576721,0.45313870906829834,0.07717370986938477
Klhl5,0,0,0.48395925760269165,0.368959903717041,0.14708085358142853
Ccdc39,0,0,0.5730947256088257,0.3491491675376892,0.07775609940290451
Tbr1,0,0,0.5803141593933105,0.3274258077144623,0.09226003289222717
Tmem126a,0,0,0.522867739200592,0.3709371089935303,0.10619515180587769
Tbcc,0,0,0.5990722179412842,0.30498963594436646,0.09593819826841354
Polr3h,0,1,0.3928336501121521,0.48428893089294434,0.12287737429141998
Bche,0,0,0.4444349408149719,0.43656185269355774,0.11900323629379272
Gm17231,0,0,0.4564697742462158,0.3463195264339447,0.19721068441867828
Map3k1,0,0,0.4999239444732666,0.4090248644351959,0.09105110913515091
Chac2,0,1,0.43542006611824036,0.5244198441505432,0.04016008600592613
Coq2,0,0,0.4944007396697998,0.42695048451423645,0.07864883542060852
Prdx5,0,0,0.5339152812957764,0.34390324354171753,0.1221814751625061
Gm5148,0,0,0.5793190598487854,0.3927547037601471,0.027926238253712654
Vwa3b,0,0,0.45487359166145325,0.4150615930557251,0.13006477057933807
Rab18,0,0,0.5413316488265991,0.3538564145565033,0.10481192916631699
Atp1a1,0,1,0.45109936594963074,0.48574352264404297,0.0631571039557457
4921534H16Rik,0,1,0.37568581104278564,0.5276821255683899,0.09663200378417969
Zfp646,0,0,0.5088539719581604,0.3759557902812958,0.11519022285938263
4930473A02Rik,0,0,0.49650612473487854,0.39943641424179077,0.10405751317739487
Ypel3,0,0,0.49611687660217285,0.2770857512950897,0.22679735720157623
Trp53i11,0,1,0.3648337721824646,0.4641844630241394,0.17098170518875122
Lamp1,0,1,0.3724844753742218,0.585397481918335,0.042118098586797714
Rerg,0,0,0.5035806894302368,0.4070349931716919,0.0893843024969101
Ctnnbip1,0,2,0.15187647938728333,0.3879329562187195,0.4601905941963196
Glp2r,0,1,0.324103444814682,0.3884332776069641,0.2874632775783539
Ksr1,0,0,0.4616474211215973,0.31188857555389404,0.22646397352218628
Micall1,0,1,0.4542761445045471,0.48773983120918274,0.05798400938510895
Rint1,0,1,0.39914941787719727,0.4753611087799072,0.1254894882440567
Eif1,0,0,0.5218303203582764,0.39896392822265625,0.07920578122138977
4930402H24Rik,2,0,0.5251800417900085,0.39122259616851807,0.08359736204147339
Cstf2t,0,0,0.6227101683616638,0.32441532611846924,0.05287450551986694
Mrpl54,0,0,0.4869202673435211,0.3726613223552704,0.1404183954000473
Psmc2,0,1,0.4228699803352356,0.4757448434829712,0.1013852134346962
Cops6,0,1,0.43960970640182495,0.4445529878139496,0.11583736538887024
Dctn2,0,1,0.3455992639064789,0.5957974195480347,0.058603327721357346
Islr2,0,0,0.5197010636329651,0.319972962141037,0.1603260040283203
Gas5,0,0,0.6057025194168091,0.33446869254112244,0.05982877314090729
Rasal2,0,0,0.40081077814102173,0.37966692447662354,0.21952234208583832
Astn2,0,2,0.07224103063344955,0.06138409301638603,0.8663748502731323
Nfix,0,0,0.55331951379776,0.2572575509548187,0.18942295014858246
Slc30a1,0,0,0.4467729926109314,0.43973371386528015,0.11349326372146606
Pde7a,0,0,0.5507888793945312,0.3678249716758728,0.08138613402843475
Dynll1,0,0,0.6020889282226562,0.3119116425514221,0.08599947392940521
Amotl1,0,0,0.4467765688896179,0.3260563611984253,0.2271670401096344
Syt4,0,0,0.553436279296875,0.3807111382484436,0.06585261970758438
Rnf128,0,0,0.3355812728404999,0.33156314492225647,0.33285558223724365
Cdk5rap1,0,1,0.4184950888156891,0.47690266370773315,0.10460227727890015
Ndufs7,0,1,0.38209012150764465,0.5249807834625244,0.09292910993099213
Tmem41b,0,1,0.4048754870891571,0.5330672860145569,0.06205722689628601
Meaf6,0,0,0.4278755486011505,0.4201299548149109,0.15199445188045502
Fgfr1op,0,1,0.27251288294792175,0.3868328332901001,0.34065425395965576
Gpr171,0,1,0.40547269582748413,0.43390440940856934,0.16062293946743011
Pigu,2,2,0.2781420946121216,0.33383867144584656,0.38801923394203186
Acot13,0,0,0.5229997038841248,0.35104119777679443,0.12595905363559723
Yod1,0,0,0.5191466212272644,0.33532312512397766,0.14553020894527435
Mthfsl,0,1,0.2618809640407562,0.38182303309440613,0.35629597306251526
Emc2,0,1,0.40581831336021423,0.4939832389354706,0.10019849985837936
Eef1a1,0,0,0.5772953033447266,0.36482709646224976,0.057877540588378906
Chst9,0,0,0.4437621533870697,0.38213032484054565,0.17410750687122345
Gprasp2,0,0,0.46702688932418823,0.4152446389198303,0.11772847920656204
Snhg12,0,0,0.5119389295578003,0.3835047781467438,0.10455629229545593
Gtf2e1,0,0,0.48414304852485657,0.4464295506477356,0.06942743062973022
Ccdc47,0,1,0.39626267552375793,0.4174742102622986,0.1862630993127823
Cmtm4,0,0,0.5191320776939392,0.43783038854599,0.043037526309490204
Mme,0,2,0.31992313265800476,0.21506333351135254,0.4650135338306427
Ppp1r10,0,1,0.3079940378665924,0.5635420083999634,0.1284639537334442
Kpnb1,0,0,0.5061256885528564,0.3427620530128479,0.15111227333545685
Tmem168,0,0,0.45512136816978455,0.43950149416923523,0.10537716746330261
Gm16759,0,1,0.2853515148162842,0.42215287685394287,0.2924956679344177
Larp1b,0,0,0.4465070366859436,0.4057837426662445,0.14770923554897308
Errfi1,0,0,0.5707789659500122,0.31670692563056946,0.11251408606767654
Fam162a,0,0,0.5022993683815002,0.4522280693054199,0.045472558587789536
Unc5c,2,2,0.08302188664674759,0.11213621497154236,0.8048418760299683
Cnn3,0,0,0.46031203866004944,0.4252359867095947,0.11445193737745285
Ncan,0,1,0.4188125729560852,0.47603511810302734,0.10515227168798447
Fam210a,0,1,0.46749502420425415,0.4733752906322479,0.05912968888878822
Icam5,0,0,0.5372700095176697,0.348238080739975,0.11449188739061356
Vps53,0,1,0.3277188539505005,0.39564186334609985,0.27663931250572205
Abcc8,0,0,0.45244792103767395,0.33924490213394165,0.20830722153186798
Mrps35,0,1,0.413124144077301,0.5172042846679688,0.06967158615589142
Sgcz,2,2,0.10995985567569733,0.1058722510933876,0.7841678857803345
Arhgap20os,0,0,0.408469021320343,0.39298540353775024,0.19854557514190674
Src,0,1,0.3813549280166626,0.47675004601478577,0.14189505577087402
Tmem170b,0,0,0.5405540466308594,0.3625153601169586,0.0969306156039238
Epm2aip1,0,0,0.5855368375778198,0.3723659813404083,0.04209718853235245
Cdk9,2,0,0.46952688694000244,0.4658906161785126,0.0645824521780014
Mrpl50,0,0,0.5894888043403625,0.36281248927116394,0.04769871011376381
Onecut1,2,1,0.40483999252319336,0.4088388681411743,0.1863212138414383
Hmgb1,0,1,0.4111573398113251,0.42903828620910645,0.1598043292760849
Herc3,0,0,0.4094811975955963,0.3959692120552063,0.19454962015151978
Amer2,0,0,0.536458432674408,0.42184850573539734,0.04169304296374321
Akap13,0,2,0.3158845901489258,0.3044559955596924,0.3796594738960266
B230208B08Rik,0,0,0.5890972018241882,0.31470802426338196,0.0961947813630104
Ikzf2,0,2,0.20147308707237244,0.1907244175672531,0.6078025102615356
Pin1,0,0,0.5111856460571289,0.3728668689727783,0.11594749987125397
Tmtc1,0,1,0.4337351322174072,0.4602651298046112,0.10599978268146515
Celsr3,0,1,0.3928157687187195,0.5077099800109863,0.09947424381971359
Rab8a,0,0,0.4708995819091797,0.4567549228668213,0.07234552502632141
Tiam1,0,2,0.31121012568473816,0.21890048682689667,0.469889372587204
Fkbp2,0,0,0.6000268459320068,0.31619706749916077,0.08377610146999359
Pip4k2a,0,1,0.38045430183410645,0.49228423833847046,0.1272614598274231
Cdh18,2,2,0.06025103107094765,0.06286484003067017,0.8768841624259949
AI480526,0,0,0.44338586926460266,0.36884501576423645,0.1877691149711609
Itga4,0,0,0.46767333149909973,0.3244588375091553,0.2078678160905838
Scg2,0,1,0.4083157181739807,0.4651351273059845,0.1265491098165512
Pnrc1,0,1,0.4494175314903259,0.5050854682922363,0.04549700766801834
A930007I19Rik,0,1,0.24220317602157593,0.5605818033218384,0.1972149759531021
Fam122a,0,0,0.576495349407196,0.35220077633857727,0.07130388915538788
Dgkq,0,0,0.559360146522522,0.35267964005470276,0.08796023577451706
Kansl3,0,1,0.25207769870758057,0.4809858500957489,0.26693642139434814
Klhl9,0,0,0.6655330061912537,0.29171890020370483,0.04274814575910568
Sf3a1,0,1,0.43859684467315674,0.4926861822605133,0.06871697306632996
Slc45a4,0,0,0.4327189326286316,0.4063805639743805,0.1609005331993103
Dnajb5,0,0,0.5526555776596069,0.3309067487716675,0.11643771827220917
Knop1,0,0,0.5374154448509216,0.40808364748954773,0.05450093746185303
Plbd2,0,1,0.40207475423812866,0.43308785557746887,0.16483736038208008
Rps5,0,0,0.4950365424156189,0.28812190890312195,0.21684153378009796
Sft2d3,0,0,0.6405543088912964,0.28190940618515015,0.07753628492355347
Pak2,0,0,0.5568197965621948,0.39632943272590637,0.04685075581073761
Rarb,0,0,0.44870930910110474,0.37933164834976196,0.1719590574502945
Ina,0,0,0.5450757145881653,0.3966940939426422,0.05823017656803131
Nrep,0,0,0.5753103494644165,0.3884613513946533,0.036228276789188385
Gpr68,0,0,0.3999879062175751,0.3871697783470154,0.21284227073192596
Ube2g2,0,1,0.23699481785297394,0.43691176176071167,0.3260934352874756
Lin28b,2,2,0.31102505326271057,0.26332125067710876,0.4256536662578583
Htr1f,2,0,0.45854729413986206,0.3655624985694885,0.1758902221918106
Arl5b,0,0,0.5393079519271851,0.3810661733150482,0.07962587475776672
Slc35f3,0,0,0.5052359700202942,0.3625262677669525,0.1322377771139145
Ust,0,1,0.32176509499549866,0.4007812738418579,0.2774536609649658
B130034C11Rik,0,1,0.3966277539730072,0.5370738506317139,0.06629837304353714
Tceal3,0,2,0.2714060842990875,0.24035918712615967,0.48823466897010803
Gpr19,0,0,0.5213603377342224,0.38945478200912476,0.08918484300374985
Trpc5,0,2,0.19856007397174835,0.20393605530261993,0.5975039005279541
Ppp2r2c,0,0,0.5089917182922363,0.3474973738193512,0.14351093769073486
Ppp1r1a,0,0,0.5417838096618652,0.38241422176361084,0.07580200582742691
Hist3h2a,0,0,0.6109696626663208,0.2891466021537781,0.09988375008106232
Sema5a,0,1,0.4296506941318512,0.5181547999382019,0.052194513380527496
Rbm12b2,0,0,0.43268680572509766,0.388906329870224,0.17840687930583954
Neurl1a,0,0,0.4436897039413452,0.37715592980384827,0.1791543811559677
Cbfa2t3,0,0,0.45887407660484314,0.3536325693130493,0.18749332427978516
Rps20,0,0,0.6393970847129822,0.2963920831680298,0.06421085447072983
Ercc5,0,0,0.4430709481239319,0.3852495849132538,0.1716795116662979
Lman2l,0,1,0.4165177345275879,0.5290717482566833,0.05441052466630936
Hipk4,0,1,0.24259638786315918,0.4043583869934082,0.35304519534111023
Pitpnb,0,1,0.29783573746681213,0.45809879899024963,0.24406546354293823
Adam9,0,1,0.4000249207019806,0.4731875956058502,0.1267874389886856
Gm28198,0,1,0.39303654432296753,0.5278264880180359,0.07913699001073837
Xbp1,0,0,0.4684124290943146,0.43329423666000366,0.09829335659742355
Atg12,0,0,0.6479054093360901,0.3134419023990631,0.0386526919901371
Galnt11,0,1,0.28379592299461365,0.6307175755500793,0.0854865312576294
Park7,0,1,0.4279145300388336,0.4565272629261017,0.11555823683738708
B3gat2,0,0,0.4894734025001526,0.4541850686073303,0.05634148046374321
Tmed2,0,1,0.44895195960998535,0.4628579914569855,0.08819006383419037
Dzip1,2,1,0.43351277709007263,0.4516611695289612,0.1148260310292244
Nphp4,0,1,0.3531026542186737,0.4529516398906708,0.19394567608833313
Atp5j,0,0,0.6179451942443848,0.3162783086299896,0.06577647477388382
Zdhhc8,0,0,0.46022123098373413,0.3832484781742096,0.15653027594089508
Aldoa,0,0,0.5509090423583984,0.3801317512989044,0.06895919889211655
Map1b,0,0,0.5564932227134705,0.36547088623046875,0.07803589105606079
Rraga,0,0,0.6864326596260071,0.25923216342926025,0.05433516949415207
Egln1,0,0,0.5192465782165527,0.406541645526886,0.07421176135540009
Tmem234,0,0,0.6236268877983093,0.3267671465873718,0.04960598796606064
Usp36,0,1,0.34998828172683716,0.5954251289367676,0.05458662286400795
Ckap5,2,0,0.4675244390964508,0.4612043797969818,0.07127118855714798
Kif26b,0,1,0.3703303337097168,0.47311025857925415,0.15655940771102905
Tspan18,0,0,0.5175253748893738,0.3383740782737732,0.14410050213336945
Rbm24,0,0,0.4861552119255066,0.4295654594898224,0.0842793807387352
4430402I18Rik,0,1,0.44784101843833923,0.4807955324649811,0.07136347144842148
Arhgap20,0,0,0.43841326236724854,0.42424196004867554,0.1373448371887207
Ggact,0,0,0.6071917414665222,0.3388696014881134,0.05393870919942856
Fbxw4,0,2,0.25265851616859436,0.23960010707378387,0.507741391658783
Tmem263,0,0,0.5605956315994263,0.38000327348709106,0.059401143342256546
Ppt1,2,1,0.3619115352630615,0.5373457670211792,0.10074271261692047
Nck1,0,1,0.2851743698120117,0.6052676439285278,0.10955793410539627
Ripk2,0,0,0.4974936842918396,0.4706312417984009,0.03187504783272743
Gm8098,0,0,0.5087544322013855,0.4088423550128937,0.08240321278572083
Cep78,0,1,0.4473673105239868,0.4552714228630066,0.0973612368106842
Cds2,0,0,0.5274707078933716,0.414752721786499,0.0577765628695488
B230219D22Rik,0,1,0.4371492266654968,0.45645174384117126,0.1063990443944931
Ndufab1,0,1,0.35547345876693726,0.49984055757522583,0.1446860283613205
Far2,0,2,0.15050554275512695,0.17666709423065186,0.6728273630142212
Tab1,0,0,0.444320946931839,0.38475096225738525,0.17092809081077576
Fndc9,0,0,0.47366225719451904,0.4140363931655884,0.11230133473873138
Scd2,0,1,0.4062872529029846,0.442972868680954,0.1507399082183838
Kctd12,0,0,0.6267739534378052,0.33105990290641785,0.04216613993048668
Rpl23a,0,0,0.5032258033752441,0.4399002492427826,0.056873951107263565
Vps4b,0,1,0.4318690896034241,0.46185338497161865,0.10627749562263489
Shc3,0,2,0.33785179257392883,0.31546255946159363,0.34668561816215515
Prkcg,2,1,0.24679070711135864,0.5243588089942932,0.22885048389434814
Plcg2,0,1,0.29281824827194214,0.4862372577190399,0.22094444930553436
Rnf2,0,0,0.582807719707489,0.3730300962924957,0.04416216164827347
Prox2,0,1,0.4102102816104889,0.4962294399738312,0.09356024861335754
Kcnj6,0,0,0.49209538102149963,0.3815913796424866,0.1263132393360138
Btg2,0,0,0.6194404363632202,0.32724645733833313,0.05331309139728546
Rsf1os2,0,0,0.4718809723854065,0.4643596410751343,0.06375936418771744
Gabra5,0,0,0.5247213840484619,0.3430406451225281,0.1322380006313324
Mageh1,0,0,0.6263835430145264,0.29979509115219116,0.07382140308618546
Tmem131,0,0,0.564594566822052,0.3881228268146515,0.04728257283568382
Ywhag,0,1,0.45949140191078186,0.463713675737381,0.07679488509893417
Ddost,0,1,0.38292476534843445,0.43903282284736633,0.1780424267053604
Gm11906,0,2,0.2987311780452728,0.2098110020160675,0.4914577603340149
Nfyc,0,0,0.49117913842201233,0.34908512234687805,0.15973570942878723
Klf8,0,0,0.355564147233963,0.2899394929409027,0.35449638962745667
Ctnnb1,0,1,0.43167534470558167,0.48751702904701233,0.08080758899450302
Tacc2,0,1,0.37145090103149414,0.5035532712936401,0.12499583512544632
Saysd1,0,1,0.3863149583339691,0.4701789915561676,0.1435060203075409
Fus,2,2,0.2550289034843445,0.3400287330150604,0.4049423635005951
Spcs2,0,1,0.3631319999694824,0.5624797344207764,0.07438822835683823
Irs1,0,0,0.6219977140426636,0.31928497552871704,0.058717280626297
Gab3,0,1,0.38012248277664185,0.39997223019599915,0.2199053168296814
Sel1l3,2,2,0.1898411363363266,0.1701016128063202,0.6400572657585144
1700086O06Rik,0,0,0.49058154225349426,0.4284372329711914,0.08098120242357254
Csgalnact2,0,0,0.4782399535179138,0.4726897180080414,0.0490703359246254
Sap30bp,0,1,0.3669523298740387,0.5539516806602478,0.0790959820151329
Ostc,0,1,0.34782305359840393,0.4602329134941101,0.19194406270980835
Atrip,0,0,0.4850066900253296,0.4220215082168579,0.09297172725200653
Tro,0,1,0.4399302005767822,0.4788567125797272,0.0812130719423294
Plch1,0,2,0.3019499182701111,0.2760296165943146,0.42202046513557434
Cox17,0,1,0.31691503524780273,0.5832445025444031,0.09984046220779419
Arhgef3,0,1,0.3722958266735077,0.5071646571159363,0.12053956091403961
Pard3,0,1,0.4078231155872345,0.465331494808197,0.12684540450572968
Afap1,0,1,0.3984737992286682,0.4631868302822113,0.13833940029144287
1500011B03Rik,0,0,0.44702982902526855,0.41916221380233765,0.1338079422712326
Hnrnpab,0,0,0.46389609575271606,0.3838998079299927,0.15220412611961365
Cct5,0,0,0.5140012502670288,0.34682542085647583,0.13917338848114014
Enoph1,0,1,0.4589734673500061,0.4710310101509094,0.06999550014734268
Zfp560,0,0,0.4983145296573639,0.39490312337875366,0.10678235441446304
Smarcd1,0,1,0.3882998824119568,0.47046715021133423,0.14123302698135376
Coro1c,0,1,0.4506660997867584,0.45100387930870056,0.09832997620105743
Nme2,0,0,0.42856645584106445,0.37997129559516907,0.19146224856376648
Stmn4,0,1,0.33111870288848877,0.47620153427124023,0.1926797479391098
Mageb16,0,2,0.23124933242797852,0.36800631880760193,0.40074431896209717
Gm17066,2,1,0.3901315927505493,0.4371756315231323,0.17269283533096313
Prdx1,0,1,0.43292808532714844,0.497465044260025,0.06960687786340714
Rgs17,2,2,0.28664591908454895,0.22171005606651306,0.4916440546512604
Gm15965,0,0,0.3949388861656189,0.33514824509620667,0.26991286873817444
Zfp770,0,0,0.46836408972740173,0.391104131937027,0.1405317187309265
Mas1,0,0,0.5023686289787292,0.39188051223754883,0.10575088113546371
Cox5b,0,0,0.5989267826080322,0.3279120922088623,0.07316115498542786
Pkm,0,0,0.48442327976226807,0.46437740325927734,0.0511992909014225
Sorcs3,2,2,0.0645124763250351,0.0791822001338005,0.8563053011894226
Rtn4r,0,0,0.49150142073631287,0.3421638011932373,0.16633476316928864
Ankra2,0,1,0.40178465843200684,0.5499011278152466,0.04831419512629509
Wdr83os,0,0,0.583575427532196,0.31463515758514404,0.10178941488265991
Rbm4b,0,1,0.45845794677734375,0.47307059168815613,0.06847146898508072
Dnajb12,0,0,0.5911284685134888,0.35115447640419006,0.05771701782941818
Trhde,0,2,0.09811945259571075,0.1261712610721588,0.7757092714309692
Surf4,0,1,0.44750550389289856,0.4764905273914337,0.0760040283203125
Gm20642,0,1,0.34736868739128113,0.5396320819854736,0.11299926787614822
Exoc7,0,1,0.34588584303855896,0.4324389100074768,0.22167524695396423
B4galt1,0,1,0.43412482738494873,0.4965214729309082,0.06935368478298187
Tmem29,0,1,0.3850002586841583,0.45890218019485474,0.15609757602214813
Asap1,2,2,0.20773912966251373,0.28468337655067444,0.5075774788856506
Dtnbos,0,0,0.4288395643234253,0.41471484303474426,0.15644556283950806
Ppib,0,0,0.5389571189880371,0.402329683303833,0.05871319770812988
Smad3,0,1,0.3225215971469879,0.43497151136398315,0.2425069361925125
Nus1,0,0,0.5979385375976562,0.3595280945301056,0.04253333434462547
Ssr4,0,0,0.5371348857879639,0.35287752747535706,0.10998756438493729
Gt(ROSA)26Sor,0,0,0.39748817682266235,0.355682909488678,0.24682889878749847
Gm15564,0,0,0.48274391889572144,0.4287632405757904,0.08849290013313293
Rph3al,0,1,0.30984219908714294,0.44558507204055786,0.2445726841688156
Cdh8,0,0,0.5497897863388062,0.3291434347629547,0.12106675654649734
Dpysl5,0,1,0.3278753161430359,0.48090213537216187,0.19122257828712463
Idh3b,0,0,0.5243526101112366,0.3931048810482025,0.08254248648881912
Brcc3,0,1,0.41669270396232605,0.41915854811668396,0.1641487330198288
Med7,0,0,0.4619733393192291,0.4421592354774475,0.09586737304925919
Cd276,0,1,0.31861695647239685,0.49283573031425476,0.1885472536087036
Tceal6,0,0,0.6556592583656311,0.2711164653301239,0.07322433590888977
Trafd1,0,1,0.21076245605945587,0.4182080328464508,0.3710295259952545
Dcun1d2,0,1,0.37651973962783813,0.5024091005325317,0.12107115238904953
Adpgk,0,1,0.4354459345340729,0.5258280038833618,0.03872605040669441
Ltbp3,2,1,0.3042663335800171,0.45749837160110474,0.2382352650165558
Mkln1os,0,0,0.5334276556968689,0.38518527150154114,0.08138706535100937
Stx2,0,0,0.5426305532455444,0.37862005829811096,0.0787493884563446
Atp5g2,0,0,0.5077137351036072,0.3730009198188782,0.11928534507751465
Mn1,0,0,0.48290497064590454,0.41737306118011475,0.0997219905257225
Pigyl,0,0,0.6201092600822449,0.3051195740699768,0.07477117329835892
Zfp248,0,1,0.4390096366405487,0.4462137520313263,0.1147766187787056
Chdh,0,0,0.4757085144519806,0.4553260803222656,0.0689653754234314
Ankhd1,2,0,0.5272507071495056,0.2975901663303375,0.17515912652015686
Elof1,0,0,0.5359105467796326,0.3212440013885498,0.14284542202949524
Mrpl48,0,1,0.40426865220069885,0.4989798069000244,0.09675154089927673
Rps28,0,1,0.3743109107017517,0.49258846044540405,0.133100688457489
Rbm14,0,0,0.4462788999080658,0.3145218789577484,0.23919923603534698
Fgfr1,0,0,0.5579227805137634,0.40478062629699707,0.03729655593633652
Tm9sf3,0,0,0.4949304461479187,0.4554571509361267,0.049612343311309814
Cdk16,0,1,0.4294987916946411,0.4440409243106842,0.12646029889583588
Rph3a,0,1,0.4440252184867859,0.4452233910560608,0.11075135320425034
Pigk,0,0,0.49423637986183167,0.4123270809650421,0.09343656152486801
Mgat1,0,0,0.3960903286933899,0.38202348351478577,0.22188618779182434
Myt1,0,1,0.30133256316185,0.616132915019989,0.08253452181816101
Pgk1,0,1,0.3798467516899109,0.45994725823402405,0.16020600497722626
Vcan,0,0,0.5261759757995605,0.3795528709888458,0.09427115321159363
Rad9b,0,1,0.3714537024497986,0.5597937107086182,0.06875260174274445
Fam171b,0,1,0.45021679997444153,0.465067982673645,0.08471522480249405
Bms1,0,1,0.3622375726699829,0.43217408657073975,0.20558835566043854
Tug1,0,0,0.49859148263931274,0.4203076660633087,0.08110080659389496
Morn1,0,1,0.3481859266757965,0.44684991240501404,0.20496417582035065
Il20rb,0,0,0.45627298951148987,0.4261668622493744,0.11756015568971634
Ilkap,0,1,0.4050251245498657,0.4221939146518707,0.17278100550174713
Orai2,0,0,0.45182570815086365,0.4503119885921478,0.09786228090524673
Kbtbd11,0,0,0.546247124671936,0.3802872598171234,0.07346556335687637
Tox,2,2,0.059784483164548874,0.06748364120721817,0.8727318644523621
Scarb2,0,1,0.28720954060554504,0.45159897208213806,0.2611914575099945
Flt3,0,1,0.41133829951286316,0.4575807750225067,0.13108089566230774
Srsf2,0,0,0.6000613570213318,0.3583226501941681,0.04161598160862923
Appl2,0,0,0.46487659215927124,0.41049832105636597,0.12462512403726578
Cabyr,0,0,0.5197345018386841,0.37844106554985046,0.10182442516088486
Sept3,0,0,0.6190679669380188,0.29940176010131836,0.08153030276298523
Gcc2,2,0,0.4291476905345917,0.4258593022823334,0.14499303698539734
Chchd2,0,1,0.44499754905700684,0.4513351321220398,0.10366726666688919
Zfp846,0,1,0.3409956395626068,0.5023084282875061,0.1566959172487259
Rcbtb2,0,0,0.3850983679294586,0.28530120849609375,0.32960039377212524
Ubqln4,0,1,0.3935714364051819,0.4394579827785492,0.1669706106185913
Spag1,0,2,0.15092003345489502,0.41050681471824646,0.4385731518268585
Nek6,0,0,0.41902604699134827,0.3187931776046753,0.2621808350086212
Eif4g2,0,0,0.4852324426174164,0.36434170603752136,0.15042588114738464
Rapgef5,0,0,0.5089049339294434,0.3869728744029999,0.10412222146987915
Gatb,0,1,0.4008294939994812,0.4511018991470337,0.1480686366558075
2810029C07Rik,0,0,0.6027148365974426,0.28460657596588135,0.11267857253551483
Psma7,0,0,0.5433186292648315,0.3751831352710724,0.08149825781583786
Mok,0,1,0.3219405710697174,0.6032115817070007,0.07484788447618484
Slc48a1,0,1,0.4007899761199951,0.5217955112457275,0.07741450518369675
Lrrc14,0,0,0.4970240592956543,0.3774682283401489,0.1255076825618744
Scn9a,0,0,0.5158482789993286,0.21671441197395325,0.26743730902671814
4933423P22Rik,0,1,0.4149877429008484,0.5317558646202087,0.053256381303071976
Abcg1,0,1,0.38757550716400146,0.4587416648864746,0.15368278324604034
Cyp46a1,0,1,0.32027971744537354,0.410403847694397,0.2693164348602295
C2cd2,0,1,0.33873721957206726,0.3603334128856659,0.30092936754226685
Lrrc20,0,2,0.14996221661567688,0.23005792498588562,0.6199798583984375
Ctif,0,1,0.41766899824142456,0.4569636583328247,0.1253674030303955
Esrrg,2,2,0.05950421467423439,0.11573445796966553,0.8247613310813904
Smurf1,0,0,0.4369624853134155,0.3763221204280853,0.18671539425849915
Klhl11,0,0,0.5519117712974548,0.3856542408466339,0.06243397295475006
Xk,0,0,0.5281069874763489,0.3861589729785919,0.08573399484157562
Zfp511,0,1,0.2647489011287689,0.5491088032722473,0.18614229559898376
A130014A01Rik,0,0,0.5889527201652527,0.36518317461013794,0.04586409404873848
Ccbe1,0,0,0.39376378059387207,0.36319324374198914,0.2430429756641388
6430590A07Rik,0,0,0.5872179865837097,0.37341994047164917,0.03936207294464111
Dusp3,0,1,0.344020277261734,0.46036919951438904,0.19561050832271576
Zfp420,0,1,0.4527389407157898,0.48171940445899963,0.06554166227579117
Peli1,0,1,0.43303850293159485,0.48942670226097107,0.07753482460975647
Ndufa10,0,0,0.5184410214424133,0.42905858159065247,0.05250038951635361
Cisd1,0,1,0.4079982340335846,0.46868613362312317,0.12331558018922806
Smad5,0,1,0.33625996112823486,0.6204888224601746,0.043251216411590576
Nsun3,0,1,0.46541544795036316,0.47172534465789795,0.0628591999411583
Nelfa,0,0,0.5006855726242065,0.382450133562088,0.11686427891254425
Rpl27,0,0,0.5961445569992065,0.31957554817199707,0.0842798575758934
Gng2,0,0,0.5508684515953064,0.38948556780815125,0.05964598432183266
Dynlrb1,0,1,0.20972855389118195,0.4702606499195099,0.320010781288147
Adamts3,0,0,0.5188814401626587,0.4162031412124634,0.06491544097661972
Cuta,0,0,0.4939894676208496,0.404451459646225,0.10155906528234482
Btbd3,0,0,0.4235650599002838,0.3558708727359772,0.22056400775909424
Fth1,0,0,0.645545482635498,0.2980997860431671,0.056354738771915436
Tubgcp2,0,1,0.23056726157665253,0.5873521566390991,0.18208056688308716
Car10,2,2,0.11976877599954605,0.16205888986587524,0.7181723117828369
Galnt3,0,1,0.4598661959171295,0.479021281003952,0.06111248582601547
Gnl3,0,0,0.44135376811027527,0.43207862973213196,0.12656764686107635
Slc25a42,0,1,0.4223881661891937,0.4693906605243683,0.10822122544050217
9530052E02Rik,0,1,0.4349344074726105,0.5129091739654541,0.052156396210193634
Nme1,0,0,0.48881790041923523,0.33745744824409485,0.1737246811389923
Rhof,0,1,0.32463395595550537,0.5562751293182373,0.11909090727567673
Uchl4,0,0,0.4153319001197815,0.22450248897075653,0.36016565561294556
Zfp131,0,0,0.5915313363075256,0.35721316933631897,0.051255445927381516
Lurap1l,0,0,0.540675699710846,0.3942042887210846,0.06512004882097244
Cobl,2,2,0.06650561839342117,0.07961906492710114,0.8538753390312195
Derl2,0,0,0.4280743896961212,0.4268476366996765,0.14507801830768585
Vipr1,0,1,0.44294729828834534,0.4913136065006256,0.06573910266160965
Chn1,0,0,0.4904690086841583,0.3212161958217621,0.1883147954940796
Ap5z1,0,1,0.35016122460365295,0.592264711856842,0.057574111968278885
Aven,0,0,0.4088737666606903,0.2566293776035309,0.3344969153404236
Ppp1r15b,0,0,0.5455887913703918,0.3755475878715515,0.07886357605457306
Imp3,0,0,0.5127938389778137,0.3696480393409729,0.11755812913179398
Gm20319,0,1,0.3903571665287018,0.5451436638832092,0.06449919939041138
Kcna4,0,0,0.4859651029109955,0.41903620958328247,0.09499872475862503
Zfp2,0,1,0.307108998298645,0.5056371688842773,0.18725378811359406
Gm15563,0,1,0.3912491798400879,0.48723387718200684,0.12151693552732468
AI593442,0,0,0.49043527245521545,0.42937687039375305,0.08018786460161209
Arl1,0,0,0.5978270173072815,0.3490276038646698,0.05314532294869423
Zfp426,0,0,0.4841932952404022,0.40713128447532654,0.10867542028427124
Pik3r1,2,1,0.32061707973480225,0.349286824464798,0.33009615540504456
Tmem60,0,0,0.6445180773735046,0.2833479046821594,0.07213398814201355
Ydjc,0,1,0.3381950557231903,0.3417581021785736,0.3200468122959137
Cd81,0,0,0.5106071829795837,0.36852526664733887,0.1208675354719162
Chrna7,0,2,0.2172703891992569,0.27126041054725647,0.5114691853523254
Mmd2,0,0,0.4569148123264313,0.37533247470855713,0.1677527278661728
Nol7,0,1,0.40758904814720154,0.47587814927101135,0.11653277277946472
Htatsf1,0,0,0.471027135848999,0.3949242830276489,0.13404861092567444
B4galt6,0,0,0.5504335165023804,0.4084702730178833,0.04109624773263931
Jun,0,0,0.651020884513855,0.28588342666625977,0.06309571862220764
Sh3bp5,0,0,0.5053670406341553,0.3444068133831024,0.1502261608839035
Tdg,0,1,0.30655384063720703,0.5130471587181091,0.18039904534816742
Mapk1ip1,0,1,0.31693580746650696,0.4684235155582428,0.21464061737060547
Anp32a,0,0,0.588740348815918,0.34609583020210266,0.06516382098197937
Psmb7,0,0,0.46046411991119385,0.41798892617225647,0.12154700607061386
Mad1l1,0,1,0.2991921305656433,0.43437835574150085,0.26642951369285583
Slc35e2,0,0,0.5060758590698242,0.42811548709869385,0.06580864638090134
Impdh2,0,0,0.5470295548439026,0.3767175078392029,0.07625292241573334
Tmem184c,0,0,0.5181023478507996,0.4401049017906189,0.04179273545742035
Zfp746,0,0,0.4898274838924408,0.4526668190956116,0.057505737990140915
Atxn7l3b,0,0,0.6211128830909729,0.29710015654563904,0.08178692311048508
Gm17227,0,1,0.31861165165901184,0.5349821448326111,0.14640620350837708
Dohh,0,0,0.5008247494697571,0.3992149531841278,0.09996028989553452
A230006K03Rik,2,2,0.24854202568531036,0.2590138018131256,0.49244409799575806
Phf5a,0,1,0.41700974106788635,0.5244598984718323,0.058530330657958984
Hp1bp3,0,1,0.4302429258823395,0.5140665173530579,0.055690594017505646
Ablim3,0,0,0.5519417524337769,0.33780986070632935,0.11024843901395798
Shisa9,0,0,0.3767128586769104,0.37187525629997253,0.25141188502311707
Pdk3,0,0,0.40752965211868286,0.3413352966308594,0.25113511085510254
Slc9a6,0,0,0.3959669768810272,0.3155141770839691,0.2885188162326813
Gm13889,0,0,0.529883623123169,0.29375022649765015,0.1763661652803421
Fbxo9,0,0,0.5090256929397583,0.41527754068374634,0.07569676637649536
Dap3,0,0,0.4779570996761322,0.39242255687713623,0.1296202838420868
Lrrc29,0,1,0.45783132314682007,0.4811917543411255,0.060976918786764145
Tmem208,0,1,0.42794132232666016,0.45232129096984863,0.11973735690116882
Rpn1,0,0,0.4892611801624298,0.42399948835372925,0.08673931658267975
Zfp707,0,1,0.3462449014186859,0.6192699670791626,0.03448513522744179
Dmd,2,0,0.49595436453819275,0.3528144657611847,0.15123113989830017
Calr,0,0,0.5286126136779785,0.4078928530216217,0.06349451839923859
Akr1b3,0,1,0.447645902633667,0.4808454215526581,0.07150868326425552
Cog7,0,2,0.35578006505966187,0.2880459129810333,0.3561739921569824
Stx1b,0,1,0.2710084617137909,0.6142412424087524,0.11475033313035965
Maml1,0,0,0.4698224663734436,0.44276508688926697,0.08741240948438644
Kcna1,0,0,0.5148441791534424,0.4259987771511078,0.059157054871320724
Ndst1,0,0,0.4992412030696869,0.44342130422592163,0.057337526232004166
Ermp1,0,1,0.4721560776233673,0.4843314290046692,0.04351247102022171
Mrps27,0,1,0.38902798295021057,0.487935870885849,0.12303613871335983
Tnr,0,0,0.4419856667518616,0.4106176197528839,0.1473967283964157
Pip5k1c,0,1,0.4222560524940491,0.4953819811344147,0.08236195147037506
Dgka,0,1,0.35814857482910156,0.4587419331073761,0.18310946226119995
Supt6,0,1,0.32656487822532654,0.6274429559707642,0.045992136001586914
Ramp1,0,1,0.37076351046562195,0.40782126784324646,0.22141514718532562
Eif4h,0,1,0.4426300823688507,0.4860321581363678,0.07133772224187851
Grid2,2,2,0.07849986106157303,0.09943130612373352,0.8220688104629517
Lpcat1,0,0,0.48252004384994507,0.4661705493927002,0.05130939930677414
Sirt3,0,2,0.15094421803951263,0.3765224814414978,0.472533255815506
9530068E07Rik,0,1,0.32588133215904236,0.3964308798313141,0.27768778800964355
Tubb2b,0,0,0.6610941886901855,0.27826783061027527,0.060638003051280975
Erh,0,0,0.568235456943512,0.37338778376579285,0.05837678164243698
Dcp1a,0,0,0.4875067174434662,0.4465709626674652,0.06592226773500443
Ints7,0,1,0.23572225868701935,0.5207092761993408,0.24356849491596222
Pkd2l2,0,1,0.31336528062820435,0.4786062240600586,0.20802845060825348
Slc12a8,0,0,0.45294487476348877,0.41097694635391235,0.13607819378376007
Lrrk2,2,2,0.28939324617385864,0.32033076882362366,0.3902759552001953
Timm10b,0,0,0.5863799452781677,0.28905656933784485,0.12456350028514862
BC003965,0,0,0.4259068965911865,0.27961355447769165,0.2944795489311218
Grm8,2,2,0.05708330497145653,0.07188279926776886,0.8710339069366455
H2-DMa,0,0,0.4436764717102051,0.4198482930660248,0.13647522032260895
Mpv17l,0,2,0.21095797419548035,0.3601990044116974,0.4288429915904999
Rps17,0,0,0.5591460466384888,0.2904488444328308,0.15040507912635803
Xylt1,2,2,0.05631079152226448,0.07223144918680191,0.8714577555656433
Fat4,0,0,0.5120410919189453,0.41149768233299255,0.07646123319864273
Ubald1,0,1,0.4266965985298157,0.5100114941596985,0.06329189985990524
Sertad4,0,0,0.4806099236011505,0.33093196153640747,0.18845809996128082
Pnma2,0,0,0.48433542251586914,0.4135393798351288,0.10212522745132446
Gm26827,0,0,0.47592735290527344,0.46001291275024414,0.06405975669622421
Galnt1,0,0,0.49359411001205444,0.41524505615234375,0.0911608636379242
Brd1,0,0,0.5475436449050903,0.3519558310508728,0.10050053894519806
Ddx1,0,1,0.38420814275741577,0.5185384750366211,0.09725343436002731
Prepl,0,1,0.41009190678596497,0.5579245090484619,0.03198360651731491
Slitrk3,0,0,0.5684558749198914,0.29965439438819885,0.1318897306919098
Jag1,0,0,0.6226776242256165,0.3303559124469757,0.04696641489863396
Fyco1,0,0,0.4439223110675812,0.4208720624446869,0.13520561158657074
Timm8b,0,0,0.6223927140235901,0.323775053024292,0.053832195699214935
Zfp74,0,1,0.34252509474754333,0.5531960129737854,0.10427886247634888
Mamld1,0,0,0.3754804730415344,0.32348617911338806,0.3010333776473999
Sar1a,0,0,0.5103812217712402,0.4333086311817169,0.05631014332175255
E230001N04Rik,0,0,0.6595637798309326,0.22300612926483154,0.11743003129959106
Galnt2,0,1,0.3436252176761627,0.40793949365615845,0.24843531847000122
Ubb,0,0,0.5622772574424744,0.2904021143913269,0.14732065796852112
Txn1,0,0,0.47745421528816223,0.44180017709732056,0.08074560761451721
Nars,0,0,0.39331942796707153,0.3359573781490326,0.2707231640815735
Kitl,0,0,0.5684720277786255,0.384369820356369,0.04715815186500549
Disp1,2,2,0.12489977478981018,0.14463189244270325,0.7304683327674866
Hpca,0,0,0.493682861328125,0.4113216698169708,0.09499550610780716
Nckap5,0,2,0.23818843066692352,0.23503823578357697,0.5267733335494995
Spata13,0,0,0.5851303935050964,0.3362160921096802,0.07865346968173981
Clu,0,1,0.36062997579574585,0.5902917981147766,0.049078185111284256
Ndufa11,0,0,0.5873417258262634,0.3538780212402344,0.058780208230018616
Ube2s,0,1,0.42098531126976013,0.44131165742874146,0.1377030313014984
Ncdn,0,0,0.4891948103904724,0.371560662984848,0.13924451172351837
Lmo1,0,2,0.2716584801673889,0.2598910331726074,0.46845051646232605
Idh3a,0,1,0.3406108617782593,0.5581011772155762,0.10128797590732574
Rpl36al,0,0,0.5597617030143738,0.31525516510009766,0.12498310208320618
Zfp804b,2,2,0.144679993391037,0.11544284224510193,0.7398772239685059
Ncoa4,0,0,0.537122905254364,0.4127975106239319,0.050079599022865295
Laptm4a,0,1,0.43058082461357117,0.44037696719169617,0.12904219329357147
Elac1,0,1,0.37606319785118103,0.506926953792572,0.11700986325740814
Gpr27,0,0,0.6695516705513,0.2671191990375519,0.06332913041114807
Sntg2,0,1,0.3726429045200348,0.4653882384300232,0.16196882724761963
Gins2,0,0,0.5381985902786255,0.33320382237434387,0.12859757244586945
Zdhhc15,0,1,0.33279529213905334,0.4395219087600708,0.22768282890319824
Dda1,0,0,0.41954731941223145,0.4009314775466919,0.17952117323875427
Cct4,0,1,0.39177411794662476,0.48137858510017395,0.1268472820520401
Pdap1,0,1,0.4327826201915741,0.4644945561885834,0.10272285342216492
Sf3b6,0,1,0.46826186776161194,0.47180166840553284,0.05993644520640373
Atn1,0,1,0.4480871260166168,0.4860088527202606,0.06590407341718674
Npc1,0,1,0.36490046977996826,0.5540331602096558,0.08106634020805359
Fam174b,0,1,0.4436689615249634,0.49688857793807983,0.05944247171282768
Taf5l,0,0,0.45070886611938477,0.43238964676856995,0.11690148711204529
Lman1,0,0,0.4831254184246063,0.4018059968948364,0.11506862938404083
Krt10,0,0,0.5532013177871704,0.2917879819869995,0.15501068532466888
Rpl15,0,0,0.6106489896774292,0.3474545478820801,0.04189648479223251
Mb21d2,0,2,0.1472502052783966,0.16628187894821167,0.6864678859710693
Nptxr,0,0,0.3883792459964752,0.3816240727901459,0.2299966812133789
Stat5b,2,2,0.17519162595272064,0.20592492818832397,0.6188834309577942
Suv39h2,0,1,0.4449208676815033,0.4859883487224579,0.06909073889255524
Mkrn1,0,1,0.4200073778629303,0.5070459842681885,0.07294661551713943
Osbpl3,0,0,0.4056640565395355,0.3975939452648163,0.1967419683933258
Dennd5b,2,2,0.36291590332984924,0.2439141869544983,0.3931698799133301
Dyrk1a,0,0,0.4501391649246216,0.35778772830963135,0.19207307696342468
Itgbl1,0,2,0.1961197853088379,0.2616880238056183,0.5421922206878662
Syngap1,0,0,0.5119094848632812,0.4326476752758026,0.05544285103678703
Gm28376,0,0,0.464293509721756,0.45359233021736145,0.08211417496204376
Tor1b,0,0,0.5087452530860901,0.4205875098705292,0.07066727429628372
Eny2,0,0,0.4654739201068878,0.2817162275314331,0.2528098225593567
Ccdc91,0,0,0.4579370319843292,0.2328520566225052,0.3092108368873596
Cmss1,0,2,0.038585271686315536,0.04767516255378723,0.9137395620346069
Trappc13,0,1,0.377427339553833,0.5147309303283691,0.10784167051315308
Mgat4c,2,2,0.27274349331855774,0.30846717953681946,0.4187893271446228
Sc5d,0,1,0.4605482816696167,0.481096476316452,0.058355264365673065
Nap1l5,0,0,0.5944344997406006,0.3691725432872772,0.03639295697212219
Slc25a33,0,1,0.36083391308784485,0.3921757936477661,0.24699029326438904
Rasl10a,0,0,0.500807523727417,0.35031962394714355,0.14887283742427826
Rps4x,0,0,0.6127799153327942,0.34386172890663147,0.04335837811231613
3830406C13Rik,0,1,0.47122153639793396,0.4801439344882965,0.04863453656435013
Rps26,0,0,0.6092457175254822,0.31136077642440796,0.07939346879720688
Pnmal2,0,0,0.5671104192733765,0.3089940845966339,0.12389551103115082
4833420G17Rik,0,1,0.441707044839859,0.4610724449157715,0.09722054749727249
Dnhd1,0,1,0.3334585428237915,0.5458986163139343,0.12064284086227417
Zbtb20,0,0,0.5633338093757629,0.3563767969608307,0.0802893415093422
Rassf8,0,1,0.3996245265007019,0.46455293893814087,0.13582253456115723
Usp49,0,1,0.43419110774993896,0.44690534472465515,0.11890357732772827
Hspa5,0,0,0.538201093673706,0.40691882371902466,0.05488009378314018
Tbc1d8b,0,0,0.39271461963653564,0.33852091431617737,0.268764466047287
Mcm9,0,0,0.6309435963630676,0.2715969383716583,0.09745943546295166
Chmp4b,0,0,0.44712668657302856,0.38875812292099,0.16411522030830383
Ntf3,0,0,0.57537841796875,0.36830440163612366,0.05631715804338455
Atg101,0,1,0.4439578354358673,0.46988579630851746,0.08615633845329285
1700080N15Rik,0,1,0.3464958071708679,0.4337206184864044,0.21978360414505005
Lmo4,2,0,0.5744673609733582,0.37973594665527344,0.04579666629433632
Bcl6,0,0,0.5364618301391602,0.37825411558151245,0.08528406172990799
Fam192a,0,1,0.41237425804138184,0.5483646988868713,0.039261043071746826
Acot8,0,1,0.2691931426525116,0.6325363516807556,0.09827049821615219
Sema6d,0,1,0.2048509567975998,0.4394160211086273,0.3557330369949341
Pcsk2os2,0,0,0.4768241047859192,0.40417176485061646,0.11900420486927032
Atp5f1,0,1,0.45632633566856384,0.47709110379219055,0.0665825605392456
Plec,0,1,0.4107810854911804,0.47081464529037476,0.11840429902076721
Ptprg,0,1,0.37427911162376404,0.4760974645614624,0.14962345361709595
Kcnn3,0,1,0.40108880400657654,0.41438472270965576,0.18452651798725128
Apex2,0,1,0.4197060167789459,0.44824132323265076,0.13205261528491974
Epm2a,0,0,0.47367799282073975,0.25366586446762085,0.27265608310699463
Hagh,0,0,0.49123936891555786,0.4407622218132019,0.06799835711717606
Arrb1,0,1,0.3785146474838257,0.4459509253501892,0.17553448677062988
Cep44,0,0,0.6014801263809204,0.33772990107536316,0.06079000607132912
Rnf114,0,1,0.42321285605430603,0.48863452672958374,0.08815266937017441
Top1mt,0,1,0.38551998138427734,0.56264328956604,0.0518367625772953
Cbx5,0,1,0.46184200048446655,0.4766291379928589,0.06152879819273949
B3galnt1,0,0,0.4760028123855591,0.46408841013908386,0.059908799827098846
Trim35,0,0,0.4468079209327698,0.4228121340274811,0.13037987053394318
Wscd1,0,2,0.1923586130142212,0.29774248600006104,0.5098989009857178
Pcx,0,2,0.11119616776704788,0.29491305351257324,0.5938907861709595
Tmem243,0,1,0.3507970869541168,0.4617507755756378,0.18745209276676178
Lcorl,0,0,0.4458916485309601,0.24239186942577362,0.3117164373397827
Slc29a4,0,0,0.4779096245765686,0.37528306245803833,0.14680728316307068
Adcy1,0,0,0.5088039636611938,0.32126790285110474,0.1699281632900238
Pcdh8,0,0,0.5863925814628601,0.30840587615966797,0.10520151257514954
Smarce1,0,1,0.3308711349964142,0.4852771759033203,0.18385165929794312
Rtn1,0,0,0.4668731093406677,0.316850870847702,0.21627601981163025
Tmem39a,0,1,0.4038539230823517,0.4439083933830261,0.1522376835346222
6530402F18Rik,0,0,0.5227431058883667,0.42179083824157715,0.055465999990701675
Nap1l2,0,0,0.5506344437599182,0.3284846842288971,0.12088089436292648
Palmd,0,0,0.4517757296562195,0.43879255652427673,0.10943173617124557
Hist1h4d,0,0,0.6356410980224609,0.2916634976863861,0.07269543409347534
Slc35f4,0,1,0.3198666274547577,0.36885395646095276,0.31127941608428955
Tmem9b,0,1,0.4323809742927551,0.4636630713939667,0.1039559543132782
Dcun1d4,0,0,0.4929846525192261,0.43528255820274353,0.07173279672861099
Lrrtm2,0,0,0.4975593090057373,0.41313984990119934,0.08930080384016037
Mlh1,0,1,0.32826918363571167,0.5210328102111816,0.1506980061531067
Rhobtb3,0,0,0.482214093208313,0.39874348044395447,0.11904244124889374
Ncald,0,1,0.43974950909614563,0.48590704798698425,0.07434339076280594
Polr1d,0,1,0.39631137251853943,0.4196436107158661,0.18404503166675568
Higd1a,0,0,0.42911097407341003,0.39538562297821045,0.1755034625530243
Aqp11,0,1,0.36435142159461975,0.561150312423706,0.0744982659816742
Tppp,0,0,0.5885907411575317,0.3564022481441498,0.05500698462128639
Usp46,0,1,0.3180598020553589,0.5161682963371277,0.16577188670635223
Dynlt3,0,0,0.4676528871059418,0.3977571129798889,0.13458992540836334
Smim4,0,1,0.4469802677631378,0.4777316153049469,0.07528810948133469
Pdcd5,0,1,0.35864898562431335,0.52083820104599,0.12051280587911606
Chchd10,0,0,0.6302117705345154,0.2943471074104309,0.07544116675853729
Fam118b,0,0,0.48087966442108154,0.46942782402038574,0.04969250038266182
2010315B03Rik,0,0,0.5068404674530029,0.441481351852417,0.05167820304632187
Slc30a7,0,1,0.4306911528110504,0.47324177622795105,0.09606701135635376
Gfer,0,0,0.48632651567459106,0.3098636269569397,0.20380988717079163
Cit,2,2,0.04478612169623375,0.060725320130586624,0.894488513469696
6330403K07Rik,0,0,0.39702796936035156,0.3361426889896393,0.26682931184768677
Zkscan8,0,0,0.4646613597869873,0.41026851534843445,0.12507009506225586
Eml6,0,0,0.41433778405189514,0.3776809871196747,0.20798125863075256
Gse1,0,2,0.3415907919406891,0.31354057788848877,0.3448686897754669
Tuba1a,0,0,0.5757023692131042,0.3304342031478882,0.09386342763900757
Fkbp3,0,0,0.51339191198349,0.36371171474456787,0.12289640307426453
Ap2m1,0,0,0.4937441349029541,0.46024832129478455,0.04600755125284195
Prpf19,0,1,0.44252878427505493,0.4994049072265625,0.058066319674253464
Ndufb9,0,0,0.5257816910743713,0.42242392897605896,0.051794372498989105
Slc24a5,0,1,0.4056011438369751,0.526583194732666,0.06781564652919769
Asphd2,0,0,0.5030514597892761,0.34870779514312744,0.14824078977108002
Stmn2,0,0,0.5645219683647156,0.38228335976600647,0.05319470167160034
Dpp9,0,1,0.3620935082435608,0.57743901014328,0.060467518866062164
Serp2,0,0,0.4650697410106659,0.46191003918647766,0.07302019000053406
Slc15a4,0,0,0.5504351854324341,0.4052955210208893,0.04426930472254753
Lrrn3,0,0,0.6465705633163452,0.3071676194667816,0.04626184329390526
Tmc7,0,0,0.4878535270690918,0.4146468937397003,0.09749962389469147
Stk10,0,0,0.46596911549568176,0.4453907608985901,0.08864013105630875
Zfp715,0,0,0.4107140600681305,0.39006108045578003,0.1992247998714447
Arl2bp,0,1,0.37174081802368164,0.58602374792099,0.04223537817597389
Lcmt1,0,0,0.48993757367134094,0.3847396969795227,0.12532272934913635
Gm9925,0,0,0.5558850765228271,0.3496267795562744,0.09448812901973724
Klhl26,0,1,0.3412841260433197,0.44144150614738464,0.21727435290813446
Syt13,0,2,0.3502286970615387,0.23384453356266022,0.4159267544746399
Rpl37a,0,0,0.5537024140357971,0.3809230625629425,0.06537450104951859
Itpk1,0,2,0.3420127332210541,0.25967586040496826,0.39831143617630005
Ctdp1,0,0,0.621367335319519,0.32985591888427734,0.04877672716975212
Mpg,0,0,0.5745370984077454,0.3809814453125,0.04448147118091583
Rnf113a2,0,0,0.5204902291297913,0.3169349431991577,0.16257479786872864
Arap2,2,0,0.4105378985404968,0.29505521059036255,0.29440683126449585
Crym,0,0,0.5195300579071045,0.4188177287578583,0.06165219470858574
Itch,2,2,0.2024603635072708,0.20128339529037476,0.5962561964988708
Rpl14,0,0,0.6065171957015991,0.33483272790908813,0.058650050312280655
Ebf4,0,1,0.35448509454727173,0.5815110206604004,0.06400389224290848
Fau,0,0,0.56563401222229,0.3813347816467285,0.05303123593330383
Npr2,0,1,0.30073368549346924,0.500954270362854,0.19831204414367676
Arhgef10l,0,0,0.3927859365940094,0.3257974684238434,0.2814166247844696
Naca,0,1,0.36157771944999695,0.592258095741272,0.04616418480873108
Foxo6,0,0,0.5532309412956238,0.39091455936431885,0.05585445836186409
Gpatch1,2,1,0.40470001101493835,0.48069509863853455,0.11460483819246292
Adcy8,2,2,0.18469087779521942,0.30129167437553406,0.5140174031257629
Riok1,2,1,0.39842933416366577,0.4629298448562622,0.13864080607891083
3110021N24Rik,0,1,0.31664302945137024,0.5959559679031372,0.08740098029375076
Slc25a25,0,0,0.47578689455986023,0.3490312099456787,0.17518189549446106
Bcas3os1,0,1,0.33986273407936096,0.43744537234306335,0.2226918339729309
Zscan18,0,1,0.32434922456741333,0.5462561845779419,0.1293945610523224
1810013L24Rik,0,0,0.5138643980026245,0.43635526299476624,0.04978030174970627
Prox1,0,0,0.5546807646751404,0.38491135835647583,0.06040787696838379
Snx29,0,1,0.2890591323375702,0.41663387417793274,0.29430705308914185
2610021A01Rik,0,0,0.4724576771259308,0.4697664976119995,0.05777581036090851
Smc1a,0,1,0.32145676016807556,0.5749949216842651,0.1035483106970787
Clta,0,0,0.48822537064552307,0.37875741720199585,0.13301719725131989
Tmem132d,2,2,0.04345117136836052,0.058915264904499054,0.8976335525512695
Zbtb6,0,1,0.47397077083587646,0.47722214460372925,0.04880702868103981
Vps29,0,1,0.44509825110435486,0.46418553590774536,0.09071626514196396
Pnma3,0,0,0.5408546328544617,0.39515233039855957,0.06399303674697876
Agpat4,0,0,0.5134385228157043,0.36161914467811584,0.12494233250617981
Tsga10,0,0,0.4872377812862396,0.3711199164390564,0.14164228737354279
Stard5,0,0,0.47317054867744446,0.47271203994750977,0.05411742255091667
Isca2,0,0,0.6268717646598816,0.32273784279823303,0.05039040371775627
Zfp12,0,0,0.48431649804115295,0.46885114908218384,0.046832337975502014
Calm1,0,0,0.4821240305900574,0.34009823203086853,0.1777777522802353
Rps11,0,0,0.6200029253959656,0.3010796308517456,0.07891741394996643
Abi1,0,0,0.5024374127388,0.40049222111701965,0.09707030653953552
Tbcel,0,0,0.46709877252578735,0.394357293844223,0.13854390382766724
Gm29237,0,0,0.521274209022522,0.3469039499759674,0.131821870803833
Stx7,0,0,0.5009922981262207,0.3676818609237671,0.13132579624652863
Dexi,0,0,0.5053023099899292,0.43286317586898804,0.061834488064050674
Pou6f2,0,2,0.23747357726097107,0.19641552865505219,0.5661109089851379
Gm15478,0,0,0.4979991912841797,0.3752000629901886,0.1268007606267929
Gpx4,0,1,0.3957594633102417,0.5201740860939026,0.0840664654970169
M6pr,0,1,0.42624667286872864,0.4410407841205597,0.13271258771419525
Ofd1,0,0,0.4527132511138916,0.4461279511451721,0.10115881264209747
Nedd4l,0,1,0.43720516562461853,0.4646521508693695,0.09814265370368958
Rap2b,0,0,0.5282499194145203,0.2965238690376282,0.17522619664669037
Cox4i1,0,0,0.5098979473114014,0.396025151014328,0.09407690167427063
Gpr26,0,1,0.37698036432266235,0.541917622089386,0.08110197633504868
Igdcc3,0,0,0.6169450879096985,0.34912917017936707,0.03392576798796654
Psmd5,0,1,0.3071552813053131,0.5287806987762451,0.16406403481960297
Agpat3,0,1,0.3604949414730072,0.4656350016593933,0.17387007176876068
St8sia3os,0,0,0.4853772521018982,0.38303229212760925,0.13159051537513733
Wdr78,0,0,0.4920066297054291,0.40932950377464294,0.09866388142108917
Psd,0,0,0.4159247875213623,0.33069726824760437,0.2533779442310333
Grin1,2,0,0.46506521105766296,0.3779088258743286,0.1570260226726532
Alg11,0,1,0.4179207980632782,0.4199482500553131,0.16213096678256989
Lrrtm1,0,0,0.5431068539619446,0.3908325135707855,0.06606058776378632
Ndufb5,0,0,0.5455983877182007,0.41602998971939087,0.038371648639440536
Rpl23,0,0,0.5081620216369629,0.32256731390953064,0.16927066445350647
Sorbs2os,0,0,0.4888353943824768,0.3690747618675232,0.1420898735523224
Camk2d,2,2,0.033413711935281754,0.04562465846538544,0.9209616780281067
Lysmd4,0,1,0.4614127278327942,0.48115554451942444,0.057431697845458984
Wdr77,0,1,0.3815399408340454,0.46993598341941833,0.14852407574653625
Zbtb8os,0,1,0.42595645785331726,0.49218493700027466,0.08185858279466629
5330438D12Rik,0,1,0.4025527536869049,0.5456176400184631,0.05182960629463196
Gm20721,0,0,0.5408538579940796,0.3852066397666931,0.07393950968980789
Upf1,0,0,0.5756238102912903,0.2977536916732788,0.1266224980354309
Gm14858,0,2,0.2103896588087082,0.20939680933952332,0.5802134871482849
Uchl1,0,1,0.41777560114860535,0.5038007497787476,0.07842368632555008
Polg,0,1,0.296193927526474,0.6067531108856201,0.09705299884080887
Msantd2,0,1,0.44011324644088745,0.4721081256866455,0.08777860552072525
Srrm3,2,1,0.30732494592666626,0.5737120509147644,0.11896294355392456
Arsb,0,0,0.4881964325904846,0.40109941363334656,0.11070413887500763
Nudt3,0,0,0.528346598148346,0.36126863956451416,0.1103847399353981
Nsg2,0,1,0.42314329743385315,0.4751396179199219,0.10171704739332199
Xist,2,2,0.1368027627468109,0.42747992277145386,0.43571728467941284
Rab3a,0,0,0.607286810874939,0.34283140301704407,0.04988183081150055
Vdac1,0,1,0.38638782501220703,0.48374927043914795,0.1298629194498062
Puf60,0,1,0.37874871492385864,0.4636738896369934,0.15757742524147034
Ubc,0,0,0.6013312339782715,0.33238667249679565,0.06628207862377167
Ramp2,0,0,0.4725494980812073,0.3623538315296173,0.1650966852903366
Nr3c2,0,0,0.5006247758865356,0.4492315948009491,0.050143636763095856
Sphkap,0,0,0.48339056968688965,0.434601366519928,0.08200803399085999
Nfyb,0,1,0.39464452862739563,0.5362263321876526,0.0691290944814682
Tmem56,0,0,0.5178177952766418,0.4089655876159668,0.07321659475564957
Nrp2,0,0,0.5135064125061035,0.3250772953033447,0.16141632199287415
Slitrk4,0,0,0.4359707832336426,0.35407620668411255,0.20995305478572845
Sult4a1,0,0,0.5163545608520508,0.32768961787223816,0.15595586597919464
Mpp3,0,1,0.32609790563583374,0.352283239364624,0.3216188848018646
Cabin1,0,1,0.40544435381889343,0.4208509027957916,0.17370478808879852
Kif17,2,0,0.491629958152771,0.35177183151245117,0.1565982699394226
Epha7,0,1,0.3549951910972595,0.38711458444595337,0.2578902244567871
AI504432,0,0,0.4891565442085266,0.3825874924659729,0.12825602293014526
Gm5441,0,1,0.4512198269367218,0.45464837551116943,0.09413179010152817
Rsf1os1,0,1,0.26164957880973816,0.4092845916748047,0.32906579971313477
Fam149b,0,1,0.28397101163864136,0.513594388961792,0.20243459939956665
Ppm1l,0,1,0.4162602424621582,0.46498903632164,0.1187506765127182
Bcl2l1,0,0,0.44862815737724304,0.3272473216056824,0.224124476313591
Hs3st4,2,2,0.0786527767777443,0.09558992087841034,0.8257573246955872
Kcnab2,0,0,0.5312795042991638,0.3522580862045288,0.11646236479282379
Gpr89,0,1,0.3132511079311371,0.46455031633377075,0.22219860553741455
Lekr1,0,0,0.5103734135627747,0.42907387018203735,0.06055276095867157
Grpel1,0,1,0.4254520535469055,0.47718217968940735,0.09736575931310654
Nrg1,2,2,0.1063840389251709,0.11727035790681839,0.7763455510139465
Rps15a,0,0,0.5100480914115906,0.41435807943344116,0.07559384405612946
Zfp866,0,1,0.40648117661476135,0.481323778629303,0.11219502240419388
Wdr25,0,2,0.19280564785003662,0.35832393169403076,0.4488704800605774
Zxdc,0,1,0.38817501068115234,0.5471192598342896,0.0647057443857193
Tcp11l1,0,0,0.4325287640094757,0.3960203528404236,0.17145086824893951
Lsm7,0,0,0.5745457410812378,0.3315965533256531,0.09385771304368973
Gpr37,0,0,0.5633500218391418,0.37731072306632996,0.05933929234743118
Crtac1,0,1,0.33160483837127686,0.44988375902175903,0.2185114324092865
C2cd2l,0,0,0.5459294319152832,0.3766109347343445,0.07745961844921112
Fam184b,0,0,0.5505503416061401,0.3307541608810425,0.11869549751281738
Commd1,0,1,0.44493407011032104,0.45438945293426514,0.10067649930715561
E2f3,0,0,0.551704466342926,0.36070942878723145,0.08758611232042313
Mier1,0,0,0.533815324306488,0.4118942320346832,0.05429043993353844
Grb14,0,0,0.47072839736938477,0.41570785641670227,0.11356369405984879
Fstl5,0,2,0.14086563885211945,0.24611464142799377,0.6130197048187256
Ptpn1,0,1,0.4247764050960541,0.47444823384284973,0.10077539831399918
Dbpht2,0,0,0.42206165194511414,0.38073205947875977,0.1972062736749649
Ecm2,0,0,0.46318507194519043,0.4495497941970825,0.08726511895656586
Wasf3,0,0,0.502101480960846,0.4079328179359436,0.08996569365262985
Slc25a46,0,0,0.4723629057407379,0.3751150667667389,0.1525219976902008
Uqcrc1,0,1,0.2310599684715271,0.4953535199165344,0.2735864818096161
Fahd1,0,0,0.5729768872261047,0.37307387590408325,0.053949203342199326
Maml2,0,0,0.4342027008533478,0.365111380815506,0.20068593323230743
Rps6kb2,0,1,0.3607560098171234,0.5413293242454529,0.09791465848684311
Rpl30,0,0,0.6110252141952515,0.29342421889305115,0.0955505520105362
Cdh9,0,0,0.38112136721611023,0.3369528353214264,0.281925767660141
Dcaf7,0,0,0.5748881697654724,0.3758176267147064,0.04929424077272415
Poldip3,0,0,0.48719021677970886,0.39251264929771423,0.1202971413731575
Rras2,0,0,0.48054957389831543,0.3824622333049774,0.13698814809322357
Ssr1,0,0,0.45614248514175415,0.4497784376144409,0.09407904744148254
Pmm1,0,0,0.474147766828537,0.4191077649593353,0.10674445331096649
Crbn,0,0,0.5654140114784241,0.3926873505115509,0.04189866781234741
Trib2,0,0,0.4666113257408142,0.4340917468070984,0.09929687529802322
Rgs6,0,1,0.3958214521408081,0.4639900028705597,0.1401885449886322
Kcnj2,0,0,0.4977390468120575,0.44323620200157166,0.05902473255991936
Ier5l,0,0,0.5419948101043701,0.3312789797782898,0.1267261654138565
4930506C21Rik,0,1,0.33442774415016174,0.49113744497299194,0.1744348108768463
Foxg1,0,0,0.6577092409133911,0.2588574290275574,0.08343328535556793
Fbxo25,0,1,0.3636079430580139,0.5759315490722656,0.060460519045591354
Rbbp5,0,1,0.4446583092212677,0.5148956179618835,0.04044608026742935
Trap1,0,1,0.40426382422447205,0.5549111366271973,0.04082504287362099
Heg1,0,0,0.381533682346344,0.3429783284664154,0.2754879891872406
C630043F03Rik,0,0,0.5167776942253113,0.43185821175575256,0.05136409401893616
Snhg5,0,0,0.6251848936080933,0.2959555387496948,0.07885953038930893
Nudt19,0,0,0.4996054768562317,0.39226970076560974,0.10812481492757797
Bend4,0,1,0.3647230863571167,0.5390312671661377,0.09624569118022919
Gm12743,0,0,0.5455911159515381,0.419212281703949,0.035196609795093536
Ssu72,0,1,0.41682741045951843,0.4540790021419525,0.12909361720085144
Snrnp70,2,1,0.3485325276851654,0.44482776522636414,0.20663976669311523
Spcs3,0,0,0.5609185099601746,0.3015991151332855,0.13748236000537872
Trappc6b,0,0,0.5163365602493286,0.3584069609642029,0.1252565085887909
Fgfr2,0,2,0.11049418896436691,0.12810423970222473,0.7614015936851501
Armcx3,0,0,0.6693083047866821,0.2901783287525177,0.04051331803202629
Kcnq5,2,2,0.19692282378673553,0.16009268164634705,0.6429845094680786
Sorl1,0,0,0.5509764552116394,0.3617074191570282,0.0873161107301712
Caly,0,0,0.4601290822029114,0.4408276379108429,0.09904322028160095
Negr1,0,0,0.4262264668941498,0.4067097008228302,0.1670638769865036
Kctd5,0,2,0.1412125676870346,0.3032231330871582,0.5555642247200012
Uqcrb,0,0,0.5607466101646423,0.3797172009944916,0.0595361590385437
Cblb,0,0,0.467350572347641,0.42670729756355286,0.10594215989112854
Uqcr11,0,0,0.6382250785827637,0.2626393735408783,0.09913558512926102
Arf5,0,0,0.6200655698776245,0.27248597145080566,0.10744846612215042
Rnf141,0,2,0.19585317373275757,0.3453395366668701,0.4588073492050171
Rpl17,0,0,0.5023354291915894,0.39258402585983276,0.10508054494857788
Rap2a,0,0,0.47852998971939087,0.44563180208206177,0.07583814114332199
Ccnjl,0,0,0.5542495250701904,0.3724188506603241,0.0733315572142601
Nptx1,0,0,0.46603238582611084,0.3809349536895752,0.15303266048431396
Manbal,0,2,0.11808805912733078,0.3389534652233124,0.5429584980010986
Prdm11,0,0,0.48441198468208313,0.4451220631599426,0.07046592235565186
Elk4,0,1,0.28339216113090515,0.4932657778263092,0.22334206104278564
Gm26691,2,2,0.0991949662566185,0.1049736738204956,0.7958313226699829
Vbp1,0,1,0.3448311686515808,0.37783944606781006,0.27732935547828674
Slain1,0,0,0.5304758548736572,0.37618520855903625,0.09333895146846771
2610001J05Rik,0,0,0.631851315498352,0.31376028060913086,0.05438835173845291
Mapt,2,0,0.514478325843811,0.353622704744339,0.13189896941184998
Mrpl41,0,0,0.577196478843689,0.35168150067329407,0.07112202048301697
Hs3st1,0,1,0.44482752680778503,0.4800209403038025,0.07515153288841248
Atxn2l,2,0,0.4371262788772583,0.39178624749183655,0.17108748853206635
Cdkl5,0,1,0.3557192087173462,0.419466108083725,0.22481465339660645
Phf2,0,1,0.4041813611984253,0.5177254676818848,0.07809322327375412
Svil,0,2,0.1822383999824524,0.17525769770145416,0.6425039172172546
Ndufb3,0,0,0.5401639342308044,0.37955760955810547,0.0802784189581871
Rfx3,0,0,0.4932969808578491,0.38441604375839233,0.12228693813085556
Gm14391,0,0,0.5478979349136353,0.3652254045009613,0.08687665313482285
Doc2b,0,0,0.49079975485801697,0.39633408188819885,0.1128661185503006
Tctn1,0,1,0.42352408170700073,0.48464104533195496,0.0918349102139473
Gm13562,0,0,0.49566900730133057,0.43402352929115295,0.07030750066041946
Trappc4,0,0,0.5150327682495117,0.3931792676448822,0.0917879194021225
Srp19,0,0,0.47308453917503357,0.4240948259830475,0.10282059758901596
Psmd2,0,1,0.41765910387039185,0.471714049577713,0.11062689125537872
Tex2,0,0,0.4936465620994568,0.29719409346580505,0.20915935933589935
Snrpf,0,0,0.4662002623081207,0.4159661531448364,0.11783362179994583
Taf10,0,1,0.4483386278152466,0.45742088556289673,0.09424043446779251
2900052L18Rik,0,0,0.6487746238708496,0.31363195180892944,0.03759345784783363
Naa60,0,1,0.41571366786956787,0.5250710248947144,0.059215251356363297
Scn1b,0,1,0.29295456409454346,0.38681766390800476,0.3202277719974518
Nrde2,0,0,0.4683644771575928,0.4390023648738861,0.0926332101225853
Myl6,0,0,0.5883817672729492,0.27615660429000854,0.13546164333820343
Pla2g4e,0,2,0.23252283036708832,0.32862818241119385,0.4388490319252014
Ahsa2,0,0,0.5399971008300781,0.40929925441741943,0.05070365220308304
Ptar1,0,1,0.17056259512901306,0.5243117213249207,0.3051256537437439
Nlgn3,0,1,0.29599037766456604,0.48514729738235474,0.21886233985424042
Got1,0,0,0.47339117527008057,0.41797640919685364,0.10863237082958221
Cotl1,0,0,0.5679597854614258,0.3531694710254669,0.0788707435131073
Dock11,0,1,0.36848488450050354,0.41174253821372986,0.2197725623846054
Fbxo28,0,0,0.5018312335014343,0.4097747504711151,0.08839396387338638
Pigg,0,1,0.47926047444343567,0.4829219877719879,0.03781752660870552
Ctsb,0,0,0.4874271750450134,0.4096051752567291,0.10296767950057983
Agrp,0,1,0.2679060697555542,0.46811532974243164,0.26397860050201416
Sap18,0,0,0.547676146030426,0.3727741241455078,0.07954974472522736
Ndufb2,0,0,0.4790893793106079,0.443612277507782,0.07729839533567429
Arl6ip6,0,0,0.48295000195503235,0.45429104566574097,0.06275898218154907
Txndc9,0,0,0.5614330172538757,0.39379483461380005,0.044772181659936905
Apoo,0,1,0.4350951910018921,0.4425741136074066,0.1223306730389595
Hexb,0,1,0.31643548607826233,0.5772600769996643,0.10630444437265396
Atg2b,0,1,0.4144636392593384,0.4376167953014374,0.14791959524154663
Rad51ap2,0,0,0.4763633608818054,0.4417167603969574,0.08191995322704315
Polr2f,0,1,0.33248090744018555,0.44882071018218994,0.2186983972787857
Scyl2,0,1,0.4483524560928345,0.4504183828830719,0.10122915357351303
Tspyl4,0,0,0.6580039858818054,0.2840791940689087,0.057916831225156784
Kcnk12,0,0,0.5289954543113708,0.4013354480266571,0.06966910511255264
Tram1l1,0,0,0.5155130624771118,0.3155073821544647,0.16897960007190704
Cmas,0,1,0.4151448607444763,0.4914182126522064,0.09343696385622025
Spin1,0,1,0.44822031259536743,0.472229540348053,0.0795501247048378
Gmps,0,1,0.41194403171539307,0.5522302985191345,0.03582566976547241
Il6ra,0,0,0.48848918080329895,0.4568260908126831,0.05468469113111496
Sharpin,0,0,0.5294814109802246,0.41262897849082947,0.05788958817720413
Bola1,0,0,0.6159313321113586,0.33841851353645325,0.04565013200044632
Dnajb9,0,0,0.5689380168914795,0.3549300730228424,0.0761319026350975
Kcnc3,0,0,0.4482674300670624,0.2727672755718231,0.2789652943611145
Vrk2,0,0,0.5130602121353149,0.3664052188396454,0.12053456157445908
Eid2b,0,1,0.40673571825027466,0.4189966022968292,0.17426767945289612
Rcan1,0,1,0.3539661467075348,0.49074357748031616,0.15529026091098785
Rai1,0,1,0.40099677443504333,0.44610121846199036,0.1529020071029663
Gm26749,0,0,0.4329022169113159,0.42869120836257935,0.13840660452842712
Gtf2h5,0,1,0.43693625926971436,0.4545366168022156,0.10852709412574768
Stk38l,0,1,0.4515368342399597,0.4826204776763916,0.06584266573190689
Lamb1,0,1,0.4529811441898346,0.4534268379211426,0.09359199553728104
Rwdd4a,0,0,0.4897610545158386,0.41395387053489685,0.09628500789403915
Zfp438,0,1,0.337601900100708,0.3470195233821869,0.3153785467147827
Scyl3,0,0,0.47470054030418396,0.46839165687561035,0.056907769292593
Gm12227,0,1,0.36801695823669434,0.4859718978404999,0.1460110992193222
Ndufa5,0,0,0.5508977174758911,0.3408272862434387,0.10827495902776718
Tbc1d22b,0,1,0.41993385553359985,0.4973945617675781,0.08267158269882202
Sept1,0,1,0.332955539226532,0.4901246130466461,0.17691989243030548
Haus6,0,1,0.3985890746116638,0.5388497710227966,0.06256113201379776
Mrpl57,0,0,0.5715436339378357,0.36913856863975525,0.05931784212589264
Ankrd55,0,2,0.32386478781700134,0.32857510447502136,0.3475600779056549
Sncb,0,0,0.5474545955657959,0.39856258034706116,0.05398280918598175
D430041D05Rik,0,0,0.564643383026123,0.37985458970069885,0.05550205335021019
Bach2,0,0,0.349416047334671,0.3445274829864502,0.30605649948120117
Lin7c,0,0,0.5059807896614075,0.40349525213241577,0.09052392840385437
Dchs2,2,2,0.14127403497695923,0.17807503044605255,0.6806508898735046
Gm2824,2,1,0.4553911089897156,0.48257723450660706,0.062031690031290054
Grhl1,0,1,0.4396744668483734,0.47970643639564514,0.08061911165714264
Btg3,0,1,0.38908448815345764,0.44952619075775146,0.16138936579227448
Mlec,0,0,0.5662253499031067,0.39447692036628723,0.03929774463176727
Tunar,0,1,0.43479835987091064,0.49722492694854736,0.06797676533460617
Recql,0,1,0.38608095049858093,0.5261650681495667,0.08775394409894943
Clk1,2,0,0.4873003363609314,0.41304460167884827,0.09965508431196213
Rab4a,0,0,0.47893643379211426,0.4469672739505768,0.07409623265266418
4933421O10Rik,0,0,0.6530219316482544,0.30984199047088623,0.03713605925440788
Cntnap1,0,0,0.4747328758239746,0.42125871777534485,0.10400841385126114
Zfp81,0,0,0.4804556667804718,0.3977098762989044,0.12183446437120438
Sh3kbp1,0,0,0.4359428286552429,0.3074159622192383,0.2566412389278412
Hras,0,0,0.559820294380188,0.31684407591819763,0.12333563715219498
Gm29514,0,0,0.5045403242111206,0.4118731915950775,0.0835864469408989
Ube4bos1,0,1,0.3620522916316986,0.5617619156837463,0.07618583738803864
Eif2b5,0,1,0.38087090849876404,0.5295826196670532,0.08954642713069916
Tdrd5,0,0,0.5329684019088745,0.42627501487731934,0.040756549686193466
Eps8,0,0,0.5285313725471497,0.35635194182395935,0.11511663347482681
Nolc1,0,1,0.4095585346221924,0.5115308165550232,0.07891060411930084
Ubfd1,0,0,0.46098801493644714,0.4058583676815033,0.13315355777740479
Snca,0,0,0.5398081541061401,0.35708290338516235,0.1031089723110199
Maml3,0,0,0.4884513020515442,0.40959009528160095,0.10195855051279068
Lonrf2,0,0,0.4836727976799011,0.4212636649608612,0.09506361186504364
Sf3b5,0,0,0.5392675995826721,0.3474022150039673,0.11333020031452179
Lrp3,0,1,0.37932661175727844,0.5251498818397522,0.09552347660064697
Fcho2,2,0,0.5609340071678162,0.24128945171833038,0.19777655601501465
Sowaha,0,0,0.6486610770225525,0.300977498292923,0.05036141723394394
Dpp10,2,2,0.14272437989711761,0.16439776122570038,0.6928778290748596
Trub1,0,1,0.31622442603111267,0.5882765054702759,0.09549910575151443
Mt1,0,0,0.5974647998809814,0.3453652858734131,0.057169970124959946
Mrpl42,0,0,0.49700385332107544,0.4353679120540619,0.06762827932834625
Gm28379,0,1,0.2515028119087219,0.4457628130912781,0.3027344048023224
Zc3h3,0,0,0.46666210889816284,0.41449305415153503,0.11884476989507675
Akap8l,2,1,0.4653454124927521,0.4960135519504547,0.03864103555679321
Pcsk2,2,0,0.3851718306541443,0.25049418210983276,0.36433395743370056
Tm2d3,0,1,0.32820841670036316,0.6303554773330688,0.04143613949418068
Stra6,0,2,0.32750293612480164,0.3312664330005646,0.3412306010723114
D630045J12Rik,2,0,0.43360450863838196,0.2837323546409607,0.28266313672065735
Man1c1,0,0,0.38717740774154663,0.34766149520874023,0.26516109704971313
Elavl3,2,1,0.3525964915752411,0.46855732798576355,0.17884622514247894
Omg,0,0,0.4183943271636963,0.32001596689224243,0.26158973574638367
Hipk3,0,0,0.5123798847198486,0.40547552704811096,0.08214452117681503
Unc119b,0,1,0.39380261301994324,0.4464585483074188,0.15973885357379913
Pde4b,2,0,0.432391494512558,0.33150914311408997,0.23609939217567444
Wasl,0,0,0.4974403977394104,0.3855796754360199,0.11697988212108612
Nuak1,0,0,0.5852847099304199,0.303733766078949,0.11098147928714752
Ip6k2,0,0,0.407839834690094,0.37211874127388,0.22004137933254242
Upp2,2,0,0.4565333127975464,0.29723620414733887,0.24623049795627594
Cnpy2,0,0,0.4515663981437683,0.3602360188961029,0.18819759786128998
Wnt7b,0,0,0.4719608724117279,0.4186599552631378,0.1093791201710701
Coro2b,0,0,0.41231605410575867,0.3809962570667267,0.20668764412403107
Oscp1,0,1,0.44474586844444275,0.4665954113006592,0.08865870535373688
Myo5b,0,0,0.538978099822998,0.3515998125076294,0.10942204296588898
Mtmr10,0,0,0.47397351264953613,0.4678937792778015,0.05813265219330788
Atp6ap1,0,0,0.603405773639679,0.343510240316391,0.053084008395671844
Btf3l4,0,1,0.4623711109161377,0.46943867206573486,0.06819024682044983
Ginm1,0,0,0.5079206824302673,0.42728108167648315,0.06479821354150772
Rbm5,2,0,0.4542653262615204,0.41462454199790955,0.13111014664173126
Pde6d,0,1,0.44691261649131775,0.48487433791160583,0.06821303069591522
Spcs1,0,0,0.5459603667259216,0.4169699251651764,0.037069693207740784
Inf2,0,0,0.3514966666698456,0.33884429931640625,0.30965906381607056
Eepd1,0,1,0.33929839730262756,0.49876868724823,0.16193287074565887
Snx12,0,2,0.2249968945980072,0.3074801564216614,0.46752288937568665
Gnpda2,0,0,0.5565098524093628,0.35259202122688293,0.09089808911085129
Siva1,0,0,0.473460853099823,0.41798585653305054,0.10855325311422348
Gm14326,0,1,0.4413524568080902,0.4495629072189331,0.10908468067646027
Timp2,0,1,0.32851940393447876,0.3544750511646271,0.3170055150985718
Fam110b,0,2,0.21308481693267822,0.21035023033618927,0.5765649676322937
Plgrkt,0,1,0.34398189187049866,0.4720107913017273,0.18400736153125763
Pnmal1,0,1,0.2799060344696045,0.4883667826652527,0.23172716796398163
Amigo1,0,0,0.5839845538139343,0.3631380796432495,0.05287737026810646
Pde1c,2,1,0.3473176658153534,0.3530939519405365,0.2995883822441101
Hps3,0,1,0.40780454874038696,0.4350411593914032,0.15715433657169342
Rimklb,0,0,0.5660561323165894,0.34845900535583496,0.0854848250746727
Clcn5,0,0,0.4949233829975128,0.373282790184021,0.1317937821149826
B4galt4,0,1,0.38199955224990845,0.5007044672966003,0.1172960177063942
Atp6v1f,0,1,0.4540463089942932,0.4625069200992584,0.08344674855470657
Xrcc6,0,1,0.40316951274871826,0.48212501406669617,0.11470545083284378
Tprgl,0,0,0.6540069580078125,0.26012885570526123,0.08586414903402328
Eif1b,0,0,0.647722065448761,0.28475645184516907,0.06752142310142517
Pcsk2os1,0,0,0.5434415936470032,0.3974647521972656,0.05909368395805359
Igf2bp3,0,2,0.31954795122146606,0.3212951421737671,0.3591569662094116
Tdp1,0,1,0.3106348216533661,0.53351229429245,0.15585283935070038
Chtop,0,1,0.4207007884979248,0.5002493858337402,0.07904984802007675
Lsm12,0,0,0.45002618432044983,0.4394257366657257,0.11054804921150208
Cntnap5c,2,2,0.23432767391204834,0.18996942043304443,0.5757028460502625
4930419G24Rik,0,1,0.4407118260860443,0.4779408276081085,0.08134739100933075
Rps14,0,0,0.5286702513694763,0.3945048451423645,0.07682489603757858
Gm21798,0,2,0.1870908886194229,0.23332059383392334,0.5795885324478149
Gapdh,0,0,0.6497244238853455,0.2996894419193268,0.05058610066771507
Hspa8,0,0,0.5499594211578369,0.340869277715683,0.1091713085770607
Mrps7,0,0,0.45907074213027954,0.45321255922317505,0.08771674335002899
Rpl36,0,1,0.3867153227329254,0.483826607465744,0.12945805490016937
Gm15083,0,1,0.3838902711868286,0.4166022539138794,0.1995074599981308
Zfp711,0,0,0.4547572135925293,0.39738935232162476,0.14785343408584595
Rhou,0,1,0.3404696583747864,0.4299997389316559,0.22953061759471893
Sept8,0,1,0.41124439239501953,0.44813209772109985,0.1406235247850418
Tmem59l,0,0,0.5642153024673462,0.2183808833360672,0.2174038290977478
9530026P05Rik,2,2,0.09716463834047318,0.10334280878305435,0.799492597579956
Pabpn1,2,0,0.47285667061805725,0.4278116226196289,0.09933172911405563
Rps13,0,0,0.5110921263694763,0.4182499647140503,0.07065791636705399
Asb11,0,1,0.4391968846321106,0.47174927592277527,0.08905383944511414
Sh3pxd2b,0,1,0.47806984186172485,0.4793778955936432,0.042552199214696884
Slc35c2,0,1,0.361544132232666,0.5124908685684204,0.12596499919891357
Odc1,0,0,0.5549224019050598,0.39878058433532715,0.04629703238606453
Tenm1,0,2,0.2360040843486786,0.296528697013855,0.4674672484397888
Armc9,2,0,0.44998863339424133,0.38026532530784607,0.16974608600139618
Hint1,0,0,0.5442879796028137,0.41708114743232727,0.03863087296485901
P2ry14,0,0,0.48614662885665894,0.4331921339035034,0.08066119253635406
Tmem67,0,1,0.39613303542137146,0.543561577796936,0.0603053942322731
Jph3,0,0,0.47320494055747986,0.38102129101753235,0.14577384293079376
2900026A02Rik,0,0,0.5160108208656311,0.3027680218219757,0.181221142411232
Tfdp1,0,1,0.4139454960823059,0.4412190318107605,0.14483550190925598
Gin1,0,0,0.5471318364143372,0.38811877369880676,0.06474937498569489
Snhg11,2,2,0.10552651435136795,0.14435043931007385,0.7501230239868164
Rpl3,0,0,0.5430974960327148,0.39805811643600464,0.058844391256570816
Adprh,0,1,0.3301919996738434,0.5351480841636658,0.13465996086597443
Nrxn3,2,2,0.06722309440374374,0.08747800439596176,0.8452989459037781
Zdhhc23,0,0,0.5972903966903687,0.3453831672668457,0.05732642486691475
Dzank1,2,1,0.4260944426059723,0.511480450630188,0.062425121665000916
Tmem18,0,1,0.37105029821395874,0.5467765927314758,0.08217309415340424
Fryl,2,2,0.14757417142391205,0.18884432315826416,0.6635814905166626
Rps3a1,0,0,0.5698185563087463,0.36462703347206116,0.0655544176697731
Fbxl18,0,1,0.44093793630599976,0.4706852436065674,0.08837686479091644
A230077H06Rik,0,0,0.5076729655265808,0.44730427861213684,0.04502279683947563
Manf,0,0,0.5319352746009827,0.4060913026332855,0.06197342276573181
Fn3k,0,0,0.45019203424453735,0.415869802236557,0.13393816351890564
Bicd2,0,1,0.3706866204738617,0.4973032772541046,0.13201013207435608
Itpkb,0,2,0.28766897320747375,0.3088652491569519,0.40346577763557434
Susd1,0,2,0.22014731168746948,0.30885666608810425,0.4709959924221039
Abhd16a,0,1,0.3730326294898987,0.5178722739219666,0.10909511893987656
Npy1r,0,0,0.4781833589076996,0.4205939769744873,0.10122266411781311
Atp5l,0,0,0.46911776065826416,0.4084196984767914,0.12246258556842804
Arhgef28,0,0,0.49080801010131836,0.4655682444572449,0.0436236709356308
Rpl7,0,0,0.685398519039154,0.2615480422973633,0.05305343121290207
Nudcd1,0,0,0.5283581614494324,0.42067641019821167,0.05096542835235596
Gm26944,0,1,0.39350274205207825,0.5169264078140259,0.08957087993621826
Fhit,0,2,0.13118281960487366,0.12392786890268326,0.7448893189430237
Pcyt1b,0,2,0.3620049059391022,0.24907903373241425,0.3889160752296448
Paxip1,0,1,0.4156915843486786,0.5145593881607056,0.06974901258945465
Tmem229b,0,1,0.3882296085357666,0.5137688517570496,0.09800158441066742
Fndc5,0,0,0.46247774362564087,0.4232650101184845,0.11425726860761642
Cacna1g,0,0,0.42123478651046753,0.3923501968383789,0.18641503155231476
Cant1,0,1,0.2954438030719757,0.5620774626731873,0.14247876405715942
Atp5h,0,0,0.6146115064620972,0.3148632347583771,0.07052523642778397
Adk,0,0,0.4641069173812866,0.4186524450778961,0.11724057793617249
Gm11767,0,0,0.4987640082836151,0.40823104977607727,0.0930049940943718
Dhrs1,0,1,0.40603917837142944,0.5176289081573486,0.0763319581747055
Slc6a15,0,0,0.4954270124435425,0.35790377855300903,0.14666913449764252
Nemf,2,1,0.36547937989234924,0.4759933650493622,0.15852731466293335
Serf2,0,0,0.5668681263923645,0.37609076499938965,0.05704113095998764
Ppia,0,0,0.5938131809234619,0.33581697940826416,0.07036976516246796
Gm26724,0,0,0.5058285593986511,0.3844679296016693,0.10970348119735718
Med26,0,1,0.4019523561000824,0.5268433094024658,0.07120431959629059
Lrrc40,0,0,0.5685218572616577,0.36774569749832153,0.06373242288827896
Trim17,0,1,0.26768162846565247,0.5924180746078491,0.1399003118276596
5430416N02Rik,0,0,0.49109914898872375,0.3782196640968323,0.13068117201328278
Dpm2,0,0,0.555745005607605,0.33338817954063416,0.11086677759885788
Ackr3,0,1,0.25606730580329895,0.4812670052051544,0.26266568899154663
Bmi1,0,1,0.34508463740348816,0.4587820768356323,0.19613324105739594
Gba2,0,1,0.41004738211631775,0.4699292778968811,0.12002333998680115
Bphl,0,2,0.17580284178256989,0.3686947822570801,0.45550236105918884
Stard3nl,0,0,0.4660099148750305,0.4523307979106903,0.0816592425107956
Tmub2,0,0,0.5589920282363892,0.387496680021286,0.05351129546761513
Vangl2,0,0,0.5561110973358154,0.3984830975532532,0.0454058013856411
Brms1,0,1,0.37743237614631653,0.47634267807006836,0.1462249457836151
Igsf11,0,0,0.45944005250930786,0.34765443205833435,0.19290553033351898
1110032A03Rik,0,0,0.5910981893539429,0.37924179434776306,0.02966003119945526
Tmem178b,2,2,0.16546107828617096,0.285041481256485,0.5494974851608276
Bex1,0,0,0.415320485830307,0.3227294385433197,0.2619501054286957
Fn3krp,0,0,0.524758517742157,0.39938828349113464,0.07585319876670837
Rnf115,0,1,0.4029868245124817,0.5158452391624451,0.08116789907217026
Casd1,0,1,0.48378729820251465,0.48508965969085693,0.031123032793402672
6530409C15Rik,0,0,0.5481691956520081,0.35715627670288086,0.09467454254627228
Kcnj3,0,0,0.46051090955734253,0.3989257514476776,0.14056336879730225
Parp8,0,0,0.5147817730903625,0.35082951188087463,0.1343887448310852
Gm9968,0,0,0.5225737690925598,0.43928587436676025,0.03814033791422844
Hnrnpul2,0,0,0.5553587079048157,0.4044733941555023,0.04016784951090813
Cox7b,0,1,0.37700188159942627,0.46140241622924805,0.16159570217132568
Map7,2,2,0.21328583359718323,0.3113822937011719,0.4753318428993225
Ubl3,0,0,0.4994713366031647,0.43971893191337585,0.06080968677997589
Atp6v0e2,0,0,0.565354585647583,0.3760519027709961,0.058593519032001495
Mcf2l,0,1,0.4387971758842468,0.45519113540649414,0.10601164400577545
Slc25a23,2,0,0.5403895378112793,0.4284345507621765,0.031175920739769936
Nkiras1,0,0,0.5420158505439758,0.3878781795501709,0.07010594755411148
Slc4a3,0,1,0.35092300176620483,0.5406684279441833,0.10840854048728943
Rbks,0,0,0.49124622344970703,0.45494627952575684,0.05380745232105255
Grem2,0,0,0.4837355315685272,0.261578768491745,0.25468572974205017
Ipo7,0,0,0.561019241809845,0.34514784812927246,0.09383292496204376
Mif,0,0,0.5940807461738586,0.3450838625431061,0.060835398733615875
Dok5,0,2,0.10321176797151566,0.16700828075408936,0.7297799587249756
2810049E08Rik,0,1,0.33213430643081665,0.4728095531463623,0.19505617022514343
Ube2e1,0,0,0.4835328161716461,0.39528366923332214,0.12118353694677353
Gnpat,0,1,0.3207450211048126,0.547827422618866,0.13142754137516022
Itm2c,0,0,0.49950364232063293,0.4337090253829956,0.06678733229637146
Ric1,0,1,0.40758705139160156,0.42747312784194946,0.164939746260643
5031415H12Rik,0,0,0.5154316425323486,0.4351896643638611,0.049378737807273865
Tspan12,0,0,0.5295981764793396,0.25903886556625366,0.21136297285556793
Ildr2,0,0,0.5458148121833801,0.33184197545051575,0.12234321981668472
Zfp251,0,0,0.48461711406707764,0.38177937269210815,0.13360349833965302
Pcna,0,0,0.6365620493888855,0.28928399085998535,0.07415401190519333
Foxn3,0,0,0.4383489787578583,0.4198509156703949,0.14180009067058563
Cyp7b1,0,0,0.5625895261764526,0.3760833442211151,0.061327122151851654
Gspt2,0,0,0.6306968331336975,0.3291822671890259,0.04012091085314751
Ptprj,0,0,0.5159004330635071,0.4114229381084442,0.0726766288280487
Wdr41,0,1,0.45824548602104187,0.48792991042137146,0.05382457748055458
Sar1b,0,1,0.2727903723716736,0.6705975532531738,0.056612055748701096
Map2k7,0,1,0.332731693983078,0.530706524848938,0.13656176626682281
Atp2a2,0,0,0.5092255473136902,0.4112975001335144,0.07947693020105362
9430091E24Rik,0,0,0.5437141060829163,0.31627070903778076,0.14001518487930298
Ntm,2,2,0.12806713581085205,0.19450457394123077,0.6774283051490784
Scn2b,0,1,0.3695606291294098,0.45259225368499756,0.17784710228443146
Bhlhe41,0,0,0.41121378540992737,0.36074575781822205,0.22804045677185059
Rad18,0,1,0.4355309009552002,0.4741992652416229,0.09026981145143509
Ncstn,0,0,0.5420759320259094,0.375876784324646,0.08204730600118637
Tmem126b,0,0,0.5103275775909424,0.3692384362220764,0.12043395638465881
Lzts1,0,0,0.4632309675216675,0.34952789545059204,0.18724112212657928
Igsf3,0,0,0.4670007824897766,0.36869364976882935,0.16430550813674927
Lamc1,0,1,0.420926570892334,0.4448675811290741,0.1342058926820755
Mtpap,0,0,0.5185144543647766,0.41334667801856995,0.06813889741897583
Dctn5,0,0,0.4815085530281067,0.3783624470233917,0.14012905955314636
Mlip,0,0,0.4138636887073517,0.3220101296901703,0.2641262412071228
Gpr61,0,0,0.49472999572753906,0.4488500952720642,0.05641989782452583
Siah3,0,0,0.431702196598053,0.33209729194641113,0.23620052635669708
Zc3h15,0,0,0.4782506227493286,0.47442200779914856,0.04732735827565193
Uqcrh,0,0,0.5230658054351807,0.37331172823905945,0.10362245887517929
Lurap1,0,1,0.43771591782569885,0.466849684715271,0.09543439000844955
Cux1,2,2,0.08791083097457886,0.1090281531214714,0.8030610084533691
Robo1,0,1,0.1731419414281845,0.427312970161438,0.3995451331138611
Slc4a7,0,0,0.3673764765262604,0.30534234642982483,0.32728123664855957
Nhsl1,0,0,0.5973370671272278,0.34348222613334656,0.05918068811297417
Gm12339,0,1,0.2928318679332733,0.4720892608165741,0.235078826546669
2610008E11Rik,0,1,0.37408965826034546,0.53654545545578,0.0893649011850357
Cntnap2,2,2,0.07836524397134781,0.06675823777914047,0.8548764586448669
Rfwd3,2,0,0.4871537387371063,0.3527925908565521,0.16005370020866394
Ccdc66,0,0,0.5922804474830627,0.3393203616142273,0.06839915364980698
Cep128,0,2,0.18271973729133606,0.282714307308197,0.5345659255981445
Smdt1,0,0,0.5698534846305847,0.34479737281799316,0.08534913510084152
Cnih2,0,0,0.4315900206565857,0.36977842450141907,0.19863161444664001
Aar2,0,0,0.4805794358253479,0.4284721612930298,0.0909484252333641
Far2os1,2,1,0.3515348434448242,0.5092884302139282,0.13917669653892517
Tubb5,0,0,0.6076987385749817,0.31162962317466736,0.08067164570093155
Gcnt2,0,0,0.4198274612426758,0.40832051634788513,0.1718519926071167
Adamts18,0,0,0.40996888279914856,0.3680686056613922,0.22196246683597565
Tob1,0,0,0.622718334197998,0.3086080551147461,0.06867362558841705
Dpf3,0,0,0.44971963763237,0.4037224054336548,0.14655791223049164
Tbp,0,0,0.5017244815826416,0.3880845904350281,0.11019095778465271
Rps19,0,0,0.5606690049171448,0.3412180244922638,0.09811300039291382
4921524J17Rik,0,0,0.465957373380661,0.4459787905216217,0.08806382119655609
Snhg4,0,1,0.4516740143299103,0.46254077553749084,0.08578526228666306
Slx4,0,1,0.4014500677585602,0.4855825901031494,0.11296740919351578
Rnasek,0,2,0.3020537495613098,0.2374000996351242,0.4605461061000824
Rbbp7,0,0,0.45861366391181946,0.4078928828239441,0.13349346816539764
Snx19,0,1,0.3691917657852173,0.5946567058563232,0.03615153580904007
Mapk3,0,1,0.24415212869644165,0.6512432098388672,0.10460464656352997
Sema3e,0,0,0.3704371154308319,0.3117436468601227,0.317819207906723
Psma6,0,1,0.45430588722229004,0.4576226770877838,0.08807139098644257
Apip,0,1,0.39708849787712097,0.4963565170764923,0.10655497759580612
Mrps17,0,1,0.42389237880706787,0.531388521194458,0.04471907392144203
Slc33a1,0,0,0.5050733685493469,0.4442376494407654,0.0506889671087265
Tssc4,0,0,0.6024864912033081,0.32275858521461487,0.07475488632917404
Macrod2os1,0,0,0.4621254801750183,0.40805819630622864,0.12981633841991425
Zfp317,0,1,0.3182331323623657,0.48833751678466797,0.1934293806552887
Pitpnm2,0,2,0.28824153542518616,0.32446545362472534,0.3872930109500885
Cggbp1,0,0,0.4549981653690338,0.33751118183135986,0.2074907273054123
Atg4a,0,0,0.4878806471824646,0.36319565773010254,0.14892373979091644
Gm14325,0,1,0.33699655532836914,0.5285489559173584,0.13445450365543365
Sco2,0,0,0.5305975079536438,0.4020652770996094,0.06733722984790802
Osbp2,0,0,0.4317392408847809,0.38173723220825195,0.18652354180812836
Rorb,0,1,0.3709504306316376,0.37403666973114014,0.2550128996372223
Fam207a,0,0,0.522250235080719,0.38568007946014404,0.09206964075565338
Sprn,0,0,0.5424422025680542,0.30719229578971863,0.15036554634571075
Atf7ip,0,0,0.5020976662635803,0.3846953213214874,0.11320700496435165
Arpp19,0,0,0.4998161792755127,0.3927590548992157,0.10742480307817459
Inpp5j,0,0,0.47401535511016846,0.42053306102752686,0.1054515615105629
Creg2,0,0,0.5695036053657532,0.3499431014060974,0.08055327087640762
Ywhab,0,0,0.5218299627304077,0.3655378222465515,0.11263221502304077
Gm17435,0,1,0.4023493230342865,0.4148973822593689,0.182753324508667
Cox5a,0,0,0.5054149031639099,0.3852382302284241,0.10934686660766602
Zfp639,0,0,0.516788899898529,0.3769758939743042,0.10623524338006973
Gm26901,0,0,0.46810686588287354,0.4382387101650238,0.09365440905094147
Cyc1,0,0,0.6663632988929749,0.2668443024158478,0.06679241359233856
Ndufa12,0,1,0.4064152240753174,0.5237352848052979,0.06984947621822357
Ivns1abp,0,0,0.5767886638641357,0.3824068009853363,0.04080453887581825
Gca,0,0,0.5250658392906189,0.4115343689918518,0.0633997693657875
2810013P06Rik,0,0,0.5123898386955261,0.3970106840133667,0.09059946238994598
Tbca,0,1,0.45696350932121277,0.4641657769680023,0.0788707584142685
Mtx1,0,1,0.41702643036842346,0.47827887535095215,0.10469472408294678
Disc1,0,0,0.5563402771949768,0.3364720046520233,0.10718768835067749
Mark1,0,0,0.5223313570022583,0.3924625813961029,0.0852060541510582
Lrtm2,0,0,0.5104398727416992,0.4098931550979614,0.07966699451208115
Gnai1,0,1,0.45224010944366455,0.4588390290737152,0.08892086148262024
Ddn,0,0,0.5322323441505432,0.3661753535270691,0.1015923023223877
Rpl12,0,0,0.6288936734199524,0.25183960795402527,0.11926675587892532
Efcab7,0,0,0.4389389455318451,0.30875441431999207,0.25230658054351807
Eif3f,0,1,0.3720436096191406,0.4026637375354767,0.22529272735118866
Erp29,0,1,0.4285576045513153,0.4963321089744568,0.07511032372713089
Ergic1,0,2,0.19733759760856628,0.23013554513454437,0.5725268721580505
Ano2,0,2,0.2971833646297455,0.27717044949531555,0.42564618587493896
Zfp871,0,0,0.524939775466919,0.420563280582428,0.05449693277478218
Gm10516,0,0,0.500138521194458,0.428888738155365,0.07097278535366058
Sh3bgrl3,0,0,0.4862474203109741,0.3547940254211426,0.15895850956439972
Fam102a,0,1,0.3981243371963501,0.553889274597168,0.04798637330532074
Dpm1,0,0,0.4956657290458679,0.4188424050807953,0.08549191802740097
Amer3,0,0,0.5395325422286987,0.40001988410949707,0.060447514057159424
Pebp1,0,0,0.37693220376968384,0.3277444839477539,0.29532331228256226
H2afz,0,0,0.6816720962524414,0.2619582712650299,0.056369561702013016
Gnpnat1,0,0,0.49685871601104736,0.4565179646015167,0.046623293310403824
Grid1,0,1,0.37135931849479675,0.5144389867782593,0.11420167982578278
Xpnpep1,0,1,0.4212561845779419,0.4945923089981079,0.08415155112743378
Ccdc13,0,0,0.4973122775554657,0.39921435713768005,0.10347329825162888
Srl,0,0,0.476505309343338,0.4026859700679779,0.12080878764390945
Itm2b,0,0,0.5819429755210876,0.36264359951019287,0.05541339889168739
Foxk1,0,0,0.5092424750328064,0.4107970595359802,0.0799604207277298
Gm11149,0,0,0.37605974078178406,0.3387809991836548,0.28515923023223877
4930447C04Rik,2,1,0.42916250228881836,0.49092596769332886,0.07991158962249756
Ttll3,0,1,0.46424031257629395,0.4643106758594513,0.07144896686077118
Abhd3,0,1,0.3463415205478668,0.556395947933197,0.09726255387067795
E530011L22Rik,0,0,0.4989440143108368,0.40741783380508423,0.09363820403814316
Klhl15,0,0,0.5129883885383606,0.39479246735572815,0.09221915900707245
Hspbp1,0,1,0.38445767760276794,0.5356489419937134,0.07989344745874405
Dusp14,0,0,0.5229045152664185,0.40302953124046326,0.07406596839427948
Ankrd45,0,1,0.4415726959705353,0.4865374267101288,0.07188988476991653
Lca5,0,0,0.4235633909702301,0.3822266161441803,0.1942099928855896
Lamtor5,0,1,0.40889859199523926,0.5296116471290588,0.061489786952733994
Dusp19,0,0,0.5080902576446533,0.4502243995666504,0.04168536514043808
Ube2j1,0,0,0.5368013978004456,0.42499691247940063,0.03820173442363739
Dach1,0,2,0.2839929163455963,0.1911766678094864,0.5248304009437561
Gan,0,1,0.4123494029045105,0.4882602095603943,0.0993904322385788
Ndufc1,0,0,0.5766714215278625,0.3460695147514343,0.07725905627012253
Slc25a14,0,1,0.34529030323028564,0.463376522064209,0.19133321940898895
Tex264,0,1,0.3798796534538269,0.39149007201194763,0.22863024473190308
Naa25,0,1,0.30953529477119446,0.4231753349304199,0.26728934049606323
Rps6ka2,0,0,0.4981338679790497,0.38612109422683716,0.11574511229991913
Ppm1d,0,1,0.4105529189109802,0.5002177357673645,0.08922938257455826
Fundc1,0,0,0.4610600769519806,0.4362858831882477,0.10265404731035233
Zfand6,0,0,0.47900092601776123,0.3921254277229309,0.12887369096279144
Vsnl1,2,2,0.3331022262573242,0.31427937746047974,0.3526184558868408
Mrps21,0,1,0.4691159427165985,0.48965147137641907,0.04123258963227272
Tyw1,0,1,0.3551100492477417,0.4585433602333069,0.18634657561779022
Lztr1,2,1,0.46421360969543457,0.5095561146736145,0.026230251416563988
Polr2a,0,1,0.2878824472427368,0.6026861071586609,0.10943145304918289
Yeats4,0,1,0.4488459825515747,0.49567466974258423,0.05547933280467987
Cdk5r1,0,0,0.6178005933761597,0.3281343877315521,0.0540650300681591
Itgav,2,2,0.25372380018234253,0.32833409309387207,0.417942076921463
Mrps10,0,1,0.31224700808525085,0.5259297490119934,0.16182327270507812
Fgf14,0,1,0.35238122940063477,0.4397030770778656,0.20791567862033844
Gss,0,0,0.5169944167137146,0.4184421896934509,0.06456340849399567
Cdh20,2,2,0.1628703624010086,0.15056142210960388,0.6865682005882263
Hunk,0,0,0.3836960196495056,0.29281458258628845,0.32348936796188354
Ctsl,0,1,0.3430597186088562,0.49997878074645996,0.15696154534816742
Gmpr,0,0,0.5756098628044128,0.353105753660202,0.07128438353538513
Emc4,0,0,0.49551090598106384,0.40443164110183716,0.10005743056535721
Zdhhc9,0,0,0.447798490524292,0.3976760506629944,0.15452547371387482
Zfp637,0,0,0.5235108733177185,0.43025386333465576,0.04623525217175484
Nrbf2,0,0,0.48091086745262146,0.41399192810058594,0.1050972267985344
Klhl10,0,0,0.44030413031578064,0.38741546869277954,0.1722804456949234
Bod1,0,0,0.540939211845398,0.3869147300720215,0.07214609533548355
Ppif,0,0,0.49001815915107727,0.39566659927368164,0.11431530117988586
Ccnd3,2,2,0.06486403942108154,0.10798949748277664,0.8271464109420776
Cdh11,0,0,0.6022477746009827,0.34616634249687195,0.05158591270446777
Gm21887,0,1,0.3336219787597656,0.36664387583732605,0.29973411560058594
Chn2,0,1,0.3741244971752167,0.48036471009254456,0.14551080763339996
Ntrk3,0,0,0.42854416370391846,0.35611847043037415,0.2153373658657074
Plekha2,0,1,0.44187235832214355,0.4671974182128906,0.09093022346496582
Rabac1,0,0,0.5074073076248169,0.41250482201576233,0.08008792251348495
Robo3,0,0,0.5270178318023682,0.42447683215141296,0.048505332320928574
Rbm22,0,0,0.48341110348701477,0.45623496174812317,0.06035398319363594
Ap3m1,0,0,0.5117497444152832,0.41944611072540283,0.06880414485931396
Wdr82,0,0,0.4540342688560486,0.37748655676841736,0.16847921907901764
Celsr2,0,1,0.4507228434085846,0.4777950644493103,0.07148205488920212
Lztfl1,0,0,0.47558727860450745,0.4265008568763733,0.09791187942028046
Gabarapl2,0,1,0.39414694905281067,0.504275381565094,0.10157768428325653
Ubqln2,0,0,0.5258394479751587,0.3806937634944916,0.09346675127744675
Gm16599,0,2,0.05071474239230156,0.09213638305664062,0.8571488261222839
Tpi1,0,0,0.6324716210365295,0.3004644513130188,0.06706394255161285
Lamtor2,0,0,0.6520071625709534,0.3117426931858063,0.03625013306736946
Grip1,0,2,0.23573626577854156,0.23655174672603607,0.5277119874954224
Rpl4,0,0,0.4358760416507721,0.42108190059661865,0.14304202795028687
Mtmr4,0,0,0.39919307827949524,0.3976030945777893,0.20320378243923187
Dnajc15,0,1,0.2731829285621643,0.4860861301422119,0.2407308965921402
Tbkbp1,0,0,0.5019202828407288,0.41851210594177246,0.0795675665140152
Hsp90aa1,0,1,0.30187392234802246,0.36318472027778625,0.33494138717651367
Ccdc167,0,1,0.3614521026611328,0.5552492737770081,0.08329859375953674
Tmx1,0,1,0.4502669870853424,0.4692077040672302,0.08052529394626617
Fam160b1,0,1,0.4075968265533447,0.46198540925979614,0.13041773438453674
Psmc6,0,0,0.5279337167739868,0.4028755724430084,0.06919071823358536
St3gal2,0,0,0.5573506951332092,0.3623202443122864,0.08032908290624619
Pcdh20,0,0,0.6017549633979797,0.2941652834415436,0.10407979041337967
Cacna1c,0,0,0.5287364721298218,0.3540221154689789,0.11724144220352173
Wtap,0,1,0.44487813115119934,0.479669988155365,0.07545190304517746
Enc1,0,0,0.6240559220314026,0.29642653465270996,0.07951755076646805
Kcns2,0,0,0.5325186252593994,0.4195842742919922,0.04789707064628601
Slc10a7,0,2,0.1675538271665573,0.13647635281085968,0.695969820022583
Mrps28,0,2,0.15312039852142334,0.22170785069465637,0.6251717805862427
Gm29361,0,0,0.6081469655036926,0.28256288170814514,0.10929009318351746
Cyp11a1,0,1,0.30032089352607727,0.4977248013019562,0.20195434987545013
Gm15577,0,0,0.5046841502189636,0.4194353520870209,0.07588045299053192
Gde1,0,0,0.5072488188743591,0.4247169494628906,0.06803425401449203
Olfm2,0,0,0.48195770382881165,0.35843631625175476,0.1596059650182724
Kcnc1,0,0,0.536574125289917,0.3219327926635742,0.14149309694766998
Ilf2,2,1,0.3125014007091522,0.5678441524505615,0.11965443938970566
Efnb3,0,0,0.4946558177471161,0.351960688829422,0.1533835381269455
Atp6v1d,0,1,0.44826722145080566,0.4746086299419403,0.07712410390377045
C1galt1,0,0,0.46769142150878906,0.4659605324268341,0.06634800881147385
Ikbkg,0,1,0.343168705701828,0.4641682207584381,0.19266308844089508
Ptprm,2,2,0.12796370685100555,0.1555194854736328,0.7165168523788452
0610009E02Rik,0,0,0.479951411485672,0.4182673394680023,0.1017812192440033
Bbs12,0,0,0.4522862434387207,0.3784463703632355,0.16926738619804382
Rnf19a,0,0,0.43389004468917847,0.41723814606666565,0.14887185394763947
Spsb1,0,1,0.320870041847229,0.525818407535553,0.15331153571605682
Pomp,0,0,0.4795014262199402,0.4779210686683655,0.04257749393582344
Il1rap,0,0,0.5327714085578918,0.36605486273765564,0.10117374360561371
Trps1,2,2,0.14409980177879333,0.16917625069618225,0.6867239475250244
Acsl6,0,1,0.3557484745979309,0.5357667803764343,0.10848473012447357
Parp1,0,0,0.4922220706939697,0.41958752274513245,0.08819035440683365
Mthfd2l,0,0,0.45693716406822205,0.3916041851043701,0.15145866572856903
Mmaa,0,1,0.44506070017814636,0.4936065375804901,0.0613328255712986
Senp3,0,1,0.3879881799221039,0.41486719250679016,0.19714467227458954
Rab10os,0,1,0.404327392578125,0.5163704752922058,0.07930214703083038
Tll1,0,0,0.4703201651573181,0.2582628130912781,0.2714170515537262
Far1os,0,0,0.441535621881485,0.4365609288215637,0.1219034194946289
Rsu1,0,1,0.4002767503261566,0.45013031363487244,0.14959290623664856
Ocln,0,1,0.315341979265213,0.3759915232658386,0.30866649746894836
Twf1,0,0,0.5371701717376709,0.3305297791957855,0.13230004906654358
Ndufs2,0,0,0.5080814957618713,0.44701579213142395,0.0449027344584465
Rab11a,0,0,0.5874331593513489,0.2749285399913788,0.13763830065727234
Cep68,0,1,0.38124382495880127,0.44907423853874207,0.16968199610710144
Tctex1d2,0,0,0.36713624000549316,0.30527207255363464,0.3275916576385498
Trmt1l,2,0,0.5013348460197449,0.453544020652771,0.045121148228645325
Chd8,2,0,0.5351343750953674,0.4168631136417389,0.048002518713474274
Gm10785,0,0,0.48615485429763794,0.4069424867630005,0.1069025993347168
Cend1,0,1,0.4307587146759033,0.5188232064247131,0.050418052822351456
Rps18,0,0,0.6000606417655945,0.354405015707016,0.04553433135151863
Kcnmb4,0,0,0.4349098801612854,0.42642146348953247,0.13866865634918213
Rps6,0,0,0.6630151271820068,0.27692195773124695,0.06006290763616562
Spon1,0,1,0.37281447649002075,0.4060811400413513,0.2211044430732727
Cetn4,0,0,0.5729224681854248,0.36906805634498596,0.05800948292016983
Limd2,0,0,0.5251402854919434,0.413630872964859,0.061228882521390915
Osgin2,0,0,0.5659999847412109,0.3549010455608368,0.07909897714853287
Dsel,0,0,0.530884861946106,0.33799034357070923,0.13112479448318481
Ror1,0,0,0.47810840606689453,0.4073503613471985,0.1145412027835846
Muc15,0,0,0.47602835297584534,0.3772045969963074,0.14676709473133087
Zfp423,2,2,0.1361224204301834,0.19805485010147095,0.6658228039741516
Sorcs2,0,1,0.3911169171333313,0.48177823424339294,0.12710489332675934
Atp6v0c,0,0,0.4737405776977539,0.39409658312797546,0.13216277956962585
Gm6999,0,2,0.2362133264541626,0.24491386115550995,0.5188727974891663
Chgb,0,0,0.4462272524833679,0.41700229048728943,0.13677051663398743
Tek,0,2,0.26078930497169495,0.2850262522697449,0.4541844129562378
Sipa1l2,0,0,0.4758029580116272,0.34046491980552673,0.1837320476770401
Ttr,0,0,0.5917890667915344,0.3371238708496094,0.07108709961175919
Map1lc3b,0,1,0.41827860474586487,0.5218381285667419,0.05988333001732826
Tigd2,0,0,0.6389036178588867,0.3171476423740387,0.04394875839352608
Dkk3,2,2,0.18808478116989136,0.4001770317554474,0.41173815727233887
Cttn,0,0,0.6258772015571594,0.2832067310810089,0.09091608971357346
Lrrc4,0,0,0.43116989731788635,0.40829920768737793,0.16053089499473572
Brd9,0,0,0.5450142621994019,0.38494211435317993,0.0700436383485794
Mast4,0,1,0.31168410181999207,0.42047250270843506,0.26784342527389526
Slc11a2,0,1,0.3839470446109772,0.464261531829834,0.15179136395454407
Slc25a5,0,0,0.5693262815475464,0.3737694025039673,0.05690433457493782
Gm16278,0,0,0.4798520803451538,0.4791441261768341,0.041003838181495667
Gm26879,0,1,0.28094053268432617,0.4788884222507477,0.24017105996608734
Coro7,0,1,0.286898136138916,0.5627664923667908,0.1503353714942932
Eif3k,0,1,0.231434166431427,0.5835230946540833,0.18504272401332855
Gm26981,0,0,0.6053791642189026,0.32963794469833374,0.06498289108276367
Zbtb37,0,0,0.45297378301620483,0.43272385001182556,0.1143023744225502
Kdm5c,2,0,0.40828537940979004,0.3990125060081482,0.192702054977417
Adam11,0,0,0.52183997631073,0.38463324308395386,0.09352680295705795
Ttc9b,0,0,0.5211736559867859,0.30045264959335327,0.17837370932102203
Ccdc58,0,0,0.5378227233886719,0.4021471440792084,0.06003016605973244
Otulin,0,0,0.4633653461933136,0.4082257151603699,0.12840895354747772
Hnrnpa0,0,0,0.6061664819717407,0.34992527961730957,0.04390828311443329
Ttc39c,0,0,0.5161166191101074,0.411970853805542,0.07191245257854462
4930517O19Rik,0,1,0.367350697517395,0.44175976514816284,0.19088952243328094
Banf2,2,1,0.24562539160251617,0.38050577044487,0.373868852853775
Ctnna3,0,2,0.08555764704942703,0.10518971085548401,0.8092526793479919
Enpp5,0,1,0.28027862310409546,0.48797717690467834,0.2317441999912262
Slc41a1,0,0,0.5037723779678345,0.42204898595809937,0.07417864352464676
Atp5d,0,1,0.38284093141555786,0.4155474007129669,0.2016116976737976
Atg9a,0,1,0.4560082256793976,0.46693170070648193,0.07706005871295929
Gm28375,0,2,0.19683077931404114,0.2804369628429413,0.5227321982383728
Gm6994,0,0,0.38386720418930054,0.3649880588054657,0.25114473700523376
Arpc4,0,0,0.49595579504966736,0.46077314019203186,0.04327106848359108
Zfp362,0,1,0.28616565465927124,0.48983708024024963,0.22399723529815674
Pop5,0,1,0.3739303946495056,0.4956705868244171,0.13039904832839966
B3gnt2,0,0,0.4951643645763397,0.3815605044364929,0.12327510863542557
Fis1,0,1,0.3921850621700287,0.43614113330841064,0.1716737449169159
Cyth3,0,0,0.5091277956962585,0.3568829894065857,0.13398927450180054
Mgll,0,0,0.3918651044368744,0.34627076983451843,0.2618640959262848
Bcap31,0,1,0.43891438841819763,0.47757208347320557,0.08351346850395203
Wdr19,0,0,0.4851539134979248,0.43000903725624084,0.08483702689409256
Hspbap1,0,1,0.37480151653289795,0.512226402759552,0.11297208815813065
Cops8,0,1,0.43831580877304077,0.48237180709838867,0.07931242138147354
AW549877,0,0,0.5137502551078796,0.3808914124965668,0.10535828024148941
Gm15614,0,2,0.17556257545948029,0.1640380620956421,0.6603993773460388
Dcun1d5,0,0,0.5570639371871948,0.3393726944923401,0.10356337577104568
Supt3,0,2,0.10181353986263275,0.22018124163150787,0.6780052185058594
Snrnp200,0,1,0.3832600712776184,0.5700041055679321,0.04673580825328827
Car12,0,2,0.21730220317840576,0.3691439628601074,0.4135538339614868
Tomm20,0,1,0.4576316177845001,0.47148075699806213,0.07088759541511536
Slc35a1,0,0,0.4516628086566925,0.3979467451572418,0.15039046108722687
Pmpcb,0,0,0.4619295299053192,0.4358314573764801,0.10223901271820068
Ykt6,0,0,0.4931740164756775,0.4377617835998535,0.06906420737504959
Sema6a,0,0,0.5059158802032471,0.32834815979003906,0.16573597490787506
Phf7,0,1,0.3884565532207489,0.45944496989250183,0.15209846198558807
Arf1,0,0,0.5308826565742493,0.4064688980579376,0.0626484677195549
Ppp1r14c,0,0,0.5520879030227661,0.33317965269088745,0.11473244428634644
Kcng3,0,1,0.45304301381111145,0.48262080550193787,0.06433621048927307
Ppp2r5a,0,1,0.39596715569496155,0.4027816355228424,0.20125117897987366
Kif1c,0,0,0.4634481370449066,0.35543906688690186,0.18111273646354675
Taco1,0,1,0.3531457483768463,0.4998761713504791,0.14697811007499695
Tet2,0,0,0.516431987285614,0.34794706106185913,0.13562096655368805
Sdhaf1,0,0,0.4933348298072815,0.38406556844711304,0.12259965389966965
Lyst,0,0,0.5043941736221313,0.3504084050655365,0.14519746601581573
Bhlhe22,0,0,0.6799387335777283,0.25663629174232483,0.06342501938343048
Robo2,0,2,0.23492316901683807,0.2612873315811157,0.503789484500885
Gm10010,0,1,0.33494833111763,0.5945823788642883,0.07046929001808167
Nt5c3,0,1,0.3239174783229828,0.5654738545417786,0.11060869693756104
Actg1,0,0,0.5550010800361633,0.29448655247688293,0.15051235258579254
E230016M11Rik,0,0,0.4715583920478821,0.4303719103336334,0.0980696901679039
Mcfd2,0,1,0.38656625151634216,0.4538547396659851,0.15957900881767273
2810032G03Rik,0,0,0.5368245244026184,0.4158966541290283,0.04727879911661148
Uck2,0,0,0.5230432748794556,0.44483837485313416,0.03211831673979759
Scn3b,0,0,0.5527899265289307,0.37747493386268616,0.06973516196012497
Cst3,0,0,0.5905041098594666,0.29773804545402527,0.11175782233476639
Tmem70,0,0,0.43233662843704224,0.3872896432876587,0.18037371337413788
Tubb4a,0,1,0.32666558027267456,0.43216198682785034,0.2411724328994751
Net1,0,0,0.5039749145507812,0.4328078329563141,0.06321723014116287
Nrip2,0,0,0.4772927463054657,0.40431517362594604,0.11839211732149124
Capn3,0,1,0.31198081374168396,0.43929290771484375,0.2487262785434723
Pigm,0,1,0.4265364408493042,0.4685814678668976,0.10488209128379822
Ghitm,0,1,0.4679260849952698,0.5011842250823975,0.03088964894413948
Gpr12,0,0,0.633503794670105,0.3010109066963196,0.06548531353473663
Macrod1,0,2,0.21777117252349854,0.23840005695819855,0.5438287854194641
Polr2g,0,0,0.4695781469345093,0.45727044343948364,0.07315141707658768
Sdcbp,0,0,0.5666149258613586,0.36145535111427307,0.0719296857714653
Ptpdc1,0,1,0.3725845217704773,0.39859405159950256,0.22882142663002014
Slc39a6,0,0,0.5881093144416809,0.3254352807998657,0.08645536750555038
Grb10,2,2,0.11201008409261703,0.12980017066001892,0.7581897377967834
Lsm4,0,1,0.3807942271232605,0.5429486632347107,0.07625715434551239
Egfem1,0,0,0.5382157564163208,0.33981460332870483,0.12196962535381317
Klhl42,0,0,0.4890981912612915,0.4306023418903351,0.08029945194721222
Npy2r,0,0,0.5442461967468262,0.33065056800842285,0.12510325014591217
Cox14,0,0,0.6256474256515503,0.3188863694667816,0.05546620860695839
Gm13883,0,0,0.5816229581832886,0.35320305824279785,0.06517398357391357
Dcx,0,0,0.423025518655777,0.35272106528282166,0.22425341606140137
Angpt1,0,0,0.3717155158519745,0.2625609040260315,0.3657236397266388
Slc9a5,0,1,0.3963647782802582,0.5070354342460632,0.09659978002309799
Rpl7a,0,0,0.5934788584709167,0.27475491166114807,0.1317661702632904
Npdc1,0,1,0.3782653212547302,0.5016471743583679,0.12008750438690186
Fbln2,2,2,0.193014994263649,0.302040159702301,0.5049448013305664
Cfap97,0,0,0.5048402547836304,0.3886852562427521,0.10647448152303696
Tmem50b,0,1,0.34397152066230774,0.5185745358467102,0.13745400309562683
Gm20404,0,0,0.5854588150978088,0.353392094373703,0.06114909052848816
Ccdc85c,0,0,0.433685839176178,0.4077128469944,0.1586012989282608
Gm11084,0,0,0.5811291337013245,0.311012864112854,0.10785801708698273
Eif1ax,0,1,0.40273353457450867,0.4793225824832916,0.1179439052939415
Spen,0,0,0.4328053295612335,0.4084250032901764,0.1587696075439453
Gpc5,0,2,0.2641085982322693,0.27938374876976013,0.45650768280029297
Ago1,0,1,0.45960429310798645,0.4627523124217987,0.07764341682195663
Zfp408,0,1,0.3756483197212219,0.4894575774669647,0.13489402830600739
Tubb2a,0,0,0.5624377131462097,0.36248013377189636,0.07508214563131332
Pfdn2,0,0,0.46360260248184204,0.3785122334957123,0.15788514912128448
Pla2g3,0,0,0.4765678346157074,0.45510196685791016,0.06833016127347946
Emc6,0,0,0.6025069355964661,0.3484135568141937,0.04907946661114693
Mvb12b,0,0,0.4510013163089752,0.38513556122779846,0.1638631969690323
Lynx1,0,1,0.46222123503685,0.4747380018234253,0.0630408227443695
0610030E20Rik,0,0,0.41656967997550964,0.33294644951820374,0.2504838705062866
Ttbk2,0,1,0.40355783700942993,0.4355287551879883,0.16091346740722656
Ranbp6,0,0,0.5772116184234619,0.39067521691322327,0.032113153487443924
2610301B20Rik,0,0,0.5476987957954407,0.38250526785850525,0.06979593634605408
Cfl1,0,0,0.5057948231697083,0.3264070749282837,0.16779807209968567
Sigmar1,0,1,0.3746449947357178,0.3992856442928314,0.2260693460702896
Acyp2,0,0,0.4333455562591553,0.39117273688316345,0.1754816472530365
Tatdn1,0,0,0.5549272894859314,0.3917803168296814,0.0532924048602581
Pcdh7,2,2,0.04749419912695885,0.060852065682411194,0.8916537165641785
Arhgap23,2,1,0.24006390571594238,0.41679033637046814,0.34314578771591187
Mcts2,0,0,0.5424967408180237,0.3553369641304016,0.10216633230447769
Rpl6,0,0,0.5439310073852539,0.4168075919151306,0.03926137834787369
Eid1,0,0,0.6211951971054077,0.3138442039489746,0.06496062874794006
Zmat3,0,0,0.5017886161804199,0.40304455161094666,0.09516681730747223
Unc13c,2,2,0.09071535617113113,0.10254686325788498,0.8067377805709839
Kcna6,0,0,0.6296172142028809,0.29786601662635803,0.07251674681901932
Atp1b2,0,1,0.3717884421348572,0.4701182246208191,0.15809334814548492
Paqr9,0,0,0.4867708086967468,0.4261588752269745,0.08707030117511749
Matk,2,1,0.46054312586784363,0.47333016991615295,0.0661267563700676
Pter,0,1,0.39556655287742615,0.4985395073890686,0.10589391738176346
Gm15902,0,1,0.3742840886116028,0.45783233642578125,0.16788357496261597
Vmn2r29,0,1,0.38145342469215393,0.49685803055763245,0.12168852984905243
Jund,0,0,0.5532146096229553,0.37863296270370483,0.06815245002508163
Slx4ip,0,2,0.1990426778793335,0.35246819257736206,0.44848906993865967
Mars2,0,0,0.477223664522171,0.3668743073940277,0.1559019684791565
0610012G03Rik,0,0,0.5725520849227905,0.3817914128303528,0.04565651714801788
Dpysl4,0,0,0.4700068533420563,0.43255487084388733,0.09743823111057281
Snrpg,0,0,0.5098831653594971,0.45846015214920044,0.031656716018915176
Ube2m,0,0,0.6050033569335938,0.28999271988868713,0.10500391572713852
Plod2,0,0,0.47032371163368225,0.45522257685661316,0.0744536891579628
Gm17167,0,0,0.5224933624267578,0.39437779784202576,0.08312886953353882
Dnmt1,0,1,0.32342177629470825,0.44216829538345337,0.234409898519516
4932443L11Rik,0,0,0.4785252511501312,0.4528634548187256,0.06861133873462677
Xxylt1,0,1,0.388106107711792,0.401868611574173,0.21002531051635742
Smim13,0,0,0.4409599006175995,0.3398084342479706,0.21923160552978516
Tcp1,0,1,0.3841920793056488,0.48838531970977783,0.12742255628108978
Capza2,0,0,0.5759353041648865,0.3727383017539978,0.051326386630535126
Uchl3,0,1,0.378698468208313,0.5204863548278809,0.10081520676612854
Lsm8,0,0,0.5408308506011963,0.42143023014068604,0.03773894160985947
B3galt5,0,1,0.40959253907203674,0.5085321664810181,0.08187533169984818
Aarsd1,0,1,0.33947113156318665,0.5354280471801758,0.12510082125663757
Irak1bp1,0,0,0.5783566236495972,0.36529096961021423,0.05635236203670502
Wee1,0,1,0.45762550830841064,0.4665379524230957,0.07583655416965485
Sec24d,0,0,0.3566509485244751,0.3023049235343933,0.3410441279411316
Rnf6,0,1,0.38718822598457336,0.5259255170822144,0.08688624948263168
Tcta,0,0,0.6466091275215149,0.3048567473888397,0.04853410646319389
Tmem64,0,0,0.5053769946098328,0.33350446820259094,0.1611185371875763
Commd4,0,1,0.4305415749549866,0.5240769386291504,0.04538152366876602
Ndufa6,0,0,0.6389986872673035,0.2872965633869171,0.07370473444461823
Bex2,0,0,0.5924420356750488,0.3316565752029419,0.07590143382549286
Lonrf3,0,0,0.4784470796585083,0.4369112551212311,0.08464162051677704
Naf1,0,0,0.6181095242500305,0.3275778591632843,0.05431259423494339
Atp6v1g1,0,0,0.5161861181259155,0.41627562046051025,0.06753822416067123
Pip5k1b,0,0,0.507034182548523,0.33335059881210327,0.15961521863937378
Btf3,0,0,0.4709021747112274,0.3528945744037628,0.17620323598384857
Pdhx,0,0,0.4310372471809387,0.4045211374759674,0.16444161534309387
Inhba,0,0,0.5595009326934814,0.37378308176994324,0.06671597808599472
Hcfc1r1,0,0,0.667324960231781,0.25699788331985474,0.07567716389894485
Emc9,0,0,0.4577302932739258,0.423401415348053,0.11886823177337646
Ubqln1,0,1,0.3602449893951416,0.481384813785553,0.15837019681930542
Rps15,0,0,0.5980720520019531,0.264300674200058,0.13762731850147247
Fastkd1,0,0,0.45138707756996155,0.4161708652973175,0.13244210183620453
Hprt,0,1,0.37239643931388855,0.461055189371109,0.16654840111732483
Zfp442,0,1,0.35320553183555603,0.4318961203098297,0.21489833295345306
Nadk,0,1,0.2535748779773712,0.6247822642326355,0.1216428205370903
Hist3h2ba,0,0,0.5549394488334656,0.37639057636260986,0.06866998225450516
Oprm1,0,2,0.14338266849517822,0.16942253708839417,0.6871947646141052
2700049A03Rik,0,1,0.27481213212013245,0.4756081998348236,0.24957968294620514
Kazn,0,2,0.2329859733581543,0.3725499212741852,0.39446404576301575
Abhd14a,0,1,0.3395993411540985,0.4587446451187134,0.20165607333183289
Trak1,0,0,0.4222612679004669,0.24395230412483215,0.33378639817237854
Rpl7l1,0,1,0.44186919927597046,0.4804799556732178,0.07765085250139236
Dtwd2,0,1,0.43557167053222656,0.4447167217731476,0.11971159279346466
Mib2,0,1,0.3399708569049835,0.4690133035182953,0.1910158395767212
Ddx24,0,1,0.3188393712043762,0.5245987772941589,0.15656186640262604
Oaz2,0,0,0.4563010334968567,0.433651864528656,0.1100471168756485
Slco3a1,0,0,0.5107312202453613,0.4200625419616699,0.06920622289180756
Eif3h,0,1,0.335849791765213,0.4752906560897827,0.18885953724384308
5330434G04Rik,2,0,0.43508678674697876,0.4010682702064514,0.1638449728488922
Mal2,0,0,0.5924571752548218,0.3298446536064148,0.07769815623760223
Clmp,2,2,0.212215855717659,0.2649032473564148,0.5228809118270874
Upf3a,0,1,0.46018683910369873,0.49170780181884766,0.048105306923389435
Saraf,0,1,0.43025627732276917,0.4304713308811188,0.13927237689495087
Syt5,0,1,0.35537561774253845,0.5480702519416809,0.09655410796403885
Fosl2,0,1,0.40722551941871643,0.46184641122817993,0.13092808425426483
Atp2b2,0,0,0.46767812967300415,0.3614920675754547,0.17082974314689636
Tmem14c,0,0,0.5262846946716309,0.4103274941444397,0.06338775157928467
Eda,0,2,0.2385101020336151,0.373467355966568,0.3880225718021393
Slc44a5,0,0,0.40809646248817444,0.33191195130348206,0.2599915862083435
Ndufa7,0,1,0.42031946778297424,0.46859443187713623,0.11108612269163132
Ammecr1,0,1,0.390762060880661,0.49060386419296265,0.11863408237695694
Glra2,0,2,0.2801627516746521,0.19005070626735687,0.5297865271568298
Mcu,0,0,0.4225959777832031,0.3984847068786621,0.17891928553581238
Brwd3,0,0,0.5367160439491272,0.38220658898353577,0.08107734471559525
Sema5b,0,0,0.5055569410324097,0.4324489235877991,0.06199416145682335
Rpl41,0,0,0.5274829268455505,0.34011977910995483,0.13239730894565582
B230217O12Rik,0,1,0.30127906799316406,0.4873369634151459,0.21138401329517365
Nat10,0,1,0.40782082080841064,0.46990668773651123,0.12227249145507812
Atp1b1,0,0,0.6552457213401794,0.29935839772224426,0.0453958697617054
Hist1h1c,0,0,0.48607999086380005,0.4642910361289978,0.04962899908423424
Ndufv1,0,1,0.3810455799102783,0.5165266990661621,0.10242775082588196
Adcy3,0,0,0.42493754625320435,0.41880157589912415,0.1562608778476715
Tm2d1,0,0,0.5084599256515503,0.39657503366470337,0.09496507793664932
Fam160a2,0,1,0.4139283299446106,0.49876803159713745,0.08730364590883255
Nfe2l1,0,0,0.5631832480430603,0.3549589514732361,0.081857830286026
Hist1h2bc,0,1,0.4439896047115326,0.499879390001297,0.05613096058368683
Rpl24,0,0,0.471108078956604,0.3789334297180176,0.14995849132537842
Pram1,0,1,0.3562414348125458,0.5003708600997925,0.14338771998882294
Grm2,0,0,0.45186904072761536,0.3830493092536926,0.1650816947221756
Tmem248,0,1,0.4744452238082886,0.48596903681755066,0.039585769176483154
Pcp4,0,1,0.403785765171051,0.4245058000087738,0.17170840501785278
Exosc7,0,0,0.4758644104003906,0.44572946429252625,0.07840617001056671
H2afj,0,0,0.6454973816871643,0.2976055443286896,0.05689707770943642
Smim7,0,0,0.478223592042923,0.4074176847934723,0.11435875296592712
Krtcap2,0,0,0.6312158703804016,0.3318917751312256,0.03689239174127579
Isca1,0,1,0.3514314591884613,0.5203964114189148,0.1281721591949463
Ppat,0,0,0.5384368300437927,0.3439202606678009,0.11764291673898697
Il31ra,0,1,0.35671481490135193,0.3583390414714813,0.28494614362716675
C530008M17Rik,0,1,0.40726137161254883,0.4600929915904999,0.1326455920934677
Kctd4,0,0,0.46752074360847473,0.3730982840061188,0.1593809276819229
Gm4673,0,0,0.40480104088783264,0.34411218762397766,0.2510867118835449
Scand1,0,0,0.48422107100486755,0.40691089630126953,0.10886803269386292
Fbxw11,0,0,0.47679510712623596,0.3400351107120514,0.18316976726055145
Zbtb10,0,0,0.5235705375671387,0.4167090356349945,0.05972041189670563
Actb,0,0,0.663946807384491,0.275139182806015,0.06091403588652611
Zfp507,0,1,0.44815880060195923,0.4849696755409241,0.06687145680189133
Fam3c,0,1,0.37960636615753174,0.4751967191696167,0.14519688487052917
2410004B18Rik,0,1,0.4596374034881592,0.4817807376384735,0.05858190357685089
Tmbim6,0,0,0.4772610366344452,0.44111210107803345,0.08162683248519897
Cdkl1,0,0,0.49113255739212036,0.39477378129959106,0.1140936091542244
Gfod1,0,0,0.6129021048545837,0.3056257367134094,0.08147214353084564
Slc5a3,0,1,0.4016561508178711,0.48346611857414246,0.11487772315740585
B9d1,0,1,0.39752739667892456,0.4103713035583496,0.19210131466388702
Acp1,0,0,0.466512531042099,0.43989741802215576,0.09359007328748703
Brpf3,0,1,0.2931676208972931,0.4734457731246948,0.23338660597801208
Rpl18,0,0,0.47319430112838745,0.4584658145904541,0.06833981722593307
Mid1,0,2,0.30932894349098206,0.29336315393447876,0.3973079323768616
C1ql2,0,0,0.5641055107116699,0.34549403190612793,0.09040045738220215
2510009E07Rik,0,1,0.46138718724250793,0.4678867757320404,0.07072604447603226
Nsa2,0,0,0.5062942504882812,0.3974979817867279,0.09620773047208786
Ran,0,0,0.603641927242279,0.33967018127441406,0.05668787658214569
3110039M20Rik,0,0,0.4848741590976715,0.35570165514945984,0.15942420065402985
Shb,0,0,0.5214453339576721,0.34312522411346436,0.13542945683002472
Nkain3,0,2,0.21147218346595764,0.31830450892448425,0.4702233076095581
Arl6,0,0,0.5050339698791504,0.42966511845588684,0.06530088931322098
Safb2,2,1,0.46647271513938904,0.4857978820800781,0.04772939160466194
Mzt1,0,0,0.5453540682792664,0.4241008460521698,0.03054507076740265
Ndufb11,0,0,0.6415035724639893,0.3152085244655609,0.04328790307044983
Slitrk2,0,0,0.5988451838493347,0.2832762598991394,0.11787856370210648
Fam228b,0,0,0.5191226601600647,0.38142770528793335,0.09944963455200195
Smad7,0,0,0.5274031758308411,0.39610424637794495,0.07649260014295578
Arsj,0,0,0.4068675935268402,0.4003305435180664,0.19280189275741577
Mgat4a,0,0,0.3667219877243042,0.3246092200279236,0.3086688220500946
Syt14,0,0,0.5136114358901978,0.43746769428253174,0.04892090708017349
Tpst2,0,0,0.4745335578918457,0.3727635443210602,0.15270289778709412
Mrps9,0,1,0.3609559237957001,0.36886826157569885,0.2701758146286011
Stk4,0,1,0.3786506652832031,0.45287513732910156,0.16847415268421173
Gm15396,0,0,0.46377915143966675,0.35359492897987366,0.18262596428394318
Sdf4,0,1,0.3937416672706604,0.563793957233429,0.04246434569358826
Dhx29,0,0,0.46530666947364807,0.44257983565330505,0.09211353212594986
Map1a,0,0,0.5561599731445312,0.3776892423629761,0.06615076959133148
Wnt9a,0,1,0.3751398026943207,0.4735592007637024,0.15130099654197693
Ywhaz,0,0,0.5103145837783813,0.33377566933631897,0.1559097319841385
Ptpn5,2,1,0.2083149552345276,0.4818340241909027,0.3098509907722473
Zfp329,0,1,0.3347207307815552,0.530643880367279,0.13463546335697174
Ppp1r16b,0,0,0.40669387578964233,0.3345935046672821,0.2587125897407532
Myrip,0,2,0.3148960769176483,0.3134002089500427,0.37170374393463135
Ubl7,0,1,0.38007304072380066,0.5167245268821716,0.10320241749286652
Abcb10,0,0,0.5581843256950378,0.34927958250045776,0.0925360843539238
Atxn7l1os1,0,0,0.5257401466369629,0.3686436414718628,0.10561621189117432
Gna12,0,1,0.33838438987731934,0.5565437078475952,0.10507191717624664
Lrrn1,0,0,0.5173057913780212,0.3610022962093353,0.12169191986322403
Pdcd7,0,0,0.500440776348114,0.4384251534938812,0.06113407388329506
Kifc2,2,0,0.5346133708953857,0.4046601951122284,0.060726407915353775
Slc39a11,0,1,0.3461281657218933,0.37326934933662415,0.28060251474380493
Ubxn11,0,0,0.47366225719451904,0.4414062201976776,0.08493155241012573
Yaf2,0,0,0.4408494234085083,0.4392506778240204,0.1198999360203743
Lifr,0,1,0.3706548810005188,0.45678186416625977,0.17256323993206024
Spata2,0,1,0.45312580466270447,0.5058807730674744,0.040993403643369675
Tbc1d14,0,0,0.4449879825115204,0.2753075361251831,0.2797045111656189
Clstn3,0,1,0.4044088125228882,0.4798913896083832,0.11569982767105103
Pag1,0,2,0.21730218827724457,0.34200671315193176,0.4406910538673401
Elmo2,0,0,0.48290058970451355,0.38206812739372253,0.1350313127040863
Ndufs5,0,1,0.3364782929420471,0.4785526692867279,0.18496905267238617
0610010K14Rik,0,0,0.4771078824996948,0.37934350967407227,0.1435486227273941
Cacna1e,0,0,0.4790395498275757,0.43683505058288574,0.08412544429302216
Emx2os,0,0,0.46511274576187134,0.3762485682964325,0.15863867104053497
Syngr1,0,1,0.3227247893810272,0.41483476758003235,0.26244044303894043
Pkig,0,0,0.6207423806190491,0.28210046887397766,0.09715709090232849
Apoe,0,0,0.47779786586761475,0.4101133346557617,0.11208877712488174
C87436,0,1,0.40145736932754517,0.5524739623069763,0.046068720519542694
Prss36,0,1,0.34832775592803955,0.5403520464897156,0.11132021993398666
Crlf1,0,0,0.45587074756622314,0.3893880844116211,0.15474115312099457
Rplp0,0,0,0.5193532705307007,0.39213794469833374,0.08850876986980438
Tgoln1,0,0,0.5839883089065552,0.35659727454185486,0.059414468705654144
Cacybp,0,0,0.5471879243850708,0.3587811291217804,0.09403099119663239
Ppm1f,0,1,0.36824846267700195,0.516784131526947,0.11496739834547043
Vrk1,0,1,0.4146471917629242,0.5123836398124695,0.07296916097402573
Hectd2,0,0,0.524773359298706,0.37424957752227783,0.1009771078824997
Mllt11,0,0,0.5376858115196228,0.4020172357559204,0.06029699370265007
Zdhhc24,0,1,0.27072641253471375,0.5268261432647705,0.20244748890399933
Zfp275,0,1,0.36181265115737915,0.3782946467399597,0.2598927617073059
Siah2,0,0,0.5665102005004883,0.36855843663215637,0.06493141502141953
Htr4,0,0,0.4382456839084625,0.389867901802063,0.17188645899295807
Tor1a,0,0,0.4833936393260956,0.45610931515693665,0.06049702689051628
Skil,0,0,0.5028570294380188,0.39105165004730225,0.10609132051467896
Cers1,0,0,0.5411268472671509,0.4212351143360138,0.03763805702328682
Polq,0,1,0.35314592719078064,0.44210588932037354,0.20474815368652344
Nhsl2,0,2,0.28123366832733154,0.2608943283557892,0.4578719437122345
Dancr,0,0,0.6515136957168579,0.27540525794029236,0.07308104634284973
Ptpmt1,0,0,0.45686450600624084,0.42933523654937744,0.11380025744438171
Mcm6,0,0,0.4827953577041626,0.44073718786239624,0.07646747678518295
Sh3gl3,0,2,0.2980615198612213,0.28251913189888,0.4194193184375763
4933431E20Rik,0,0,0.5201505422592163,0.41114312410354614,0.06870635598897934
Pcdh15,0,2,0.2028772383928299,0.1584332287311554,0.6386895775794983
Rpl26,0,0,0.4780328869819641,0.3258117735385895,0.1961553692817688
Klhl28,0,0,0.650873601436615,0.2989528775215149,0.050173528492450714
Psma2,0,1,0.3868188261985779,0.5522708892822266,0.060910262167453766
Tsc2,0,1,0.27488693594932556,0.429927259683609,0.2951858341693878
Tmem38a,0,0,0.6261283159255981,0.32061588764190674,0.053255822509527206
Tmem167b,0,0,0.45612412691116333,0.41318362951278687,0.13069219887256622
Slc39a3,0,1,0.42152324318885803,0.47287827730178833,0.10559847950935364
Ttyh3,0,1,0.36560818552970886,0.4180920124053955,0.21629983186721802
Mrpl33,0,1,0.340073823928833,0.3772069811820984,0.2827191650867462
Vps33a,0,1,0.39634761214256287,0.5219101905822754,0.08174216002225876
1700024B18Rik,0,1,0.39692744612693787,0.4281393587589264,0.17493316531181335
Dnlz,0,0,0.4739798903465271,0.36551526188850403,0.1605047881603241
Hnrnpa3,0,0,0.5164912343025208,0.4221915602684021,0.061317212879657745
Slc25a17,0,1,0.39269736409187317,0.4521131217479706,0.15518945455551147
Kcnh7,0,2,0.10859512537717819,0.0633305162191391,0.8280743956565857
4930512B01Rik,0,1,0.2869376540184021,0.49792593717575073,0.21513642370700836
Fez1,0,0,0.42657551169395447,0.36664828658103943,0.2067761868238449
Abhd17c,0,1,0.4103882610797882,0.5009788870811462,0.08863283693790436
Vps26a,0,1,0.4262956976890564,0.4834979474544525,0.09020638465881348
Rnf112,2,0,0.3933306932449341,0.3905124366283417,0.21615688502788544
Dgat2,0,0,0.4965273439884186,0.4310048818588257,0.07246774435043335
Mrs2,0,0,0.5142866373062134,0.3893064856529236,0.09640690684318542
Traf6,0,1,0.42580679059028625,0.5187858939170837,0.0554073229432106
Rrp1b,0,1,0.4031047224998474,0.5251925587654114,0.07170271873474121
Ids,0,1,0.3806648850440979,0.4843423068523407,0.1349928081035614
Sdk2,0,2,0.21580038964748383,0.22369056940078735,0.5605090260505676
Rps23,0,0,0.6321441531181335,0.3102814555168152,0.05757439509034157
Atg16l2,0,1,0.25146225094795227,0.43917399644851685,0.3093637526035309
Akap5,0,0,0.48959699273109436,0.4524286985397339,0.05797430872917175
Gm10037,0,1,0.35417965054512024,0.3914256989955902,0.25439462065696716
Cebpd,0,0,0.6590390205383301,0.2917129099369049,0.04924803227186203
Prss12,0,0,0.4626815915107727,0.41421839594841003,0.12310005724430084
Apcdd1,0,0,0.4867952764034271,0.4597313702106476,0.0534733310341835
Pop7,0,0,0.5786115527153015,0.37166351079940796,0.04972493276000023
Lingo3,0,0,0.3941437900066376,0.385019987821579,0.22083625197410583
Neurl1b,0,1,0.27576127648353577,0.3930070698261261,0.33123165369033813
Usp7,2,2,0.13700176775455475,0.1673719882965088,0.6956261992454529
Prodh,0,1,0.36388054490089417,0.43933606147766113,0.1967834234237671
Gm26803,0,0,0.5675245523452759,0.36439165472984314,0.068083755671978
Pmepa1,0,1,0.43117281794548035,0.5085917115211487,0.06023545190691948
Ostm1,0,2,0.26984843611717224,0.3079986870288849,0.42215287685394287
Ssx2ip,0,0,0.538918673992157,0.39548519253730774,0.0655960738658905
Gm27008,0,2,0.29473602771759033,0.31835395097732544,0.386910080909729
Gria4,2,2,0.36857369542121887,0.22704336047172546,0.4043829143047333
Dtd1,0,0,0.5694520473480225,0.33274415135383606,0.09780385345220566
Gm26652,0,1,0.41130974888801575,0.4852156937122345,0.10347460210323334
Gstm5,0,0,0.6166242361068726,0.32613426446914673,0.057241491973400116
Slc25a40,0,0,0.5475748777389526,0.3637923300266266,0.08863277733325958
Iqgap1,2,2,0.12392205744981766,0.12707999348640442,0.7489979863166809
Nadk2,0,1,0.41190022230148315,0.4608563780784607,0.12724338471889496
Zcchc17,0,1,0.3563823997974396,0.47423285245895386,0.16938477754592896
Kbtbd3,0,0,0.5644010901451111,0.34604692459106445,0.08955194056034088
Bdnf,0,0,0.6386871933937073,0.3146789073944092,0.04663390666246414
Fech,0,1,0.3750019967556,0.4952338635921478,0.12976408004760742
Fbn1,0,1,0.39318737387657166,0.46904247999191284,0.13777011632919312
Nomo1,0,1,0.3194510042667389,0.5124964118003845,0.16805261373519897
Srrm4os,0,1,0.4388083815574646,0.4559246003627777,0.10526697337627411
Mapkapk2,0,1,0.22753828763961792,0.3970847725868225,0.3753769099712372
Dok6,0,2,0.29814475774765015,0.256491094827652,0.4453641176223755
Cab39l,2,2,0.2676742672920227,0.21020960807800293,0.5221161246299744
Man2c1os,0,0,0.48559218645095825,0.4672013223171234,0.04720650240778923
Rab7,0,1,0.3287886083126068,0.4001799523830414,0.2710314393043518
Dalrd3,0,0,0.4574011564254761,0.44504421949386597,0.09755463898181915
Gm14410,0,0,0.4891647398471832,0.4403867721557617,0.07044851034879684
1810055G02Rik,0,0,0.4604291319847107,0.4294261932373047,0.11014464497566223
Uba5,0,1,0.352557897567749,0.4183737635612488,0.22906829416751862
Rpl28,0,0,0.6167625188827515,0.30895504355430603,0.07428246736526489
9530077C05Rik,0,1,0.27534401416778564,0.5287402868270874,0.19591574370861053
Dhx33,0,0,0.4484400749206543,0.39517486095428467,0.15638510882854462
Morc4,0,0,0.4303058981895447,0.3946237564086914,0.17507031559944153
Sema4f,0,1,0.32440057396888733,0.538661777973175,0.13693761825561523
Sys1,0,1,0.34143227338790894,0.4313356876373291,0.22723200917243958
Spns2,0,0,0.5834524631500244,0.34683382511138916,0.06971370428800583
Ighm,2,2,0.13584809005260468,0.2748955488204956,0.5892564058303833
Ndufa8,0,1,0.3322700262069702,0.5765479207038879,0.09118207544088364
Camk4,0,2,0.37637192010879517,0.22754156589508057,0.39608651399612427
D16Ertd472e,0,1,0.4363459050655365,0.4793069064617157,0.0843471810221672
Copg1,0,1,0.36959975957870483,0.5273730158805847,0.10302727669477463
Tbc1d16,0,1,0.3131946623325348,0.35537877678871155,0.33142656087875366
Ndufb4,0,0,0.4727150797843933,0.46452564001083374,0.06275928765535355
Sparcl1,0,0,0.5831729173660278,0.3712798058986664,0.04554722458124161
Rpl36a,0,0,0.6178538799285889,0.29105621576309204,0.09108990430831909
Lrfn2,0,0,0.4706069231033325,0.44624659419059753,0.08314652740955353
Esd,0,0,0.48902183771133423,0.4000829756259918,0.11089515686035156
A230004M16Rik,0,2,0.2322290688753128,0.3553137481212616,0.4124572277069092
Il1rapl2,0,2,0.26659297943115234,0.21156762540340424,0.5218393802642822
Polr3e,0,1,0.38878193497657776,0.557117760181427,0.05410033091902733
Mbd6,2,1,0.3687260150909424,0.546753466129303,0.08452053368091583
Tmed9,0,0,0.4989453852176666,0.4372149407863617,0.06383965909481049
Fam168b,0,0,0.535412609577179,0.36225053668022156,0.10233684629201889
Arhgef4,0,0,0.527177631855011,0.36241278052330017,0.11040961742401123
Abhd10,0,1,0.4522415101528168,0.48213598132133484,0.06562250107526779
Cbll1,0,0,0.5315872430801392,0.3858456313610077,0.08256710320711136
Slc35d1,0,1,0.4369859993457794,0.5035543441772461,0.05945964530110359
N6amt1,0,1,0.4142989218235016,0.4486439824104309,0.13705705106258392
Uqcrfs1,0,0,0.548760712146759,0.40256068110466003,0.04867860674858093
Arxes2,0,0,0.5407474637031555,0.3604589104652405,0.0987936407327652
Crebzf,0,0,0.5131370425224304,0.3873937427997589,0.09946923702955246
Lysmd3,0,0,0.4904070496559143,0.4515351355075836,0.0580577626824379
Mob2,0,0,0.5096064805984497,0.41849321126937866,0.07190031558275223
5031439G07Rik,0,0,0.471769243478775,0.28472796082496643,0.24350279569625854
Nudt5,0,1,0.3774475157260895,0.4768922030925751,0.14566026628017426
Afap1l2,0,2,0.21250873804092407,0.3072441518306732,0.4802471101284027
Gabbr2,0,0,0.5252471566200256,0.26346874237060547,0.21128413081169128
Pcdh19,0,0,0.37735992670059204,0.32133278250694275,0.3013072907924652
Adcyap1r1,0,0,0.5992623567581177,0.3309728801250458,0.06976481527090073
Zdhhc2,0,0,0.4167100191116333,0.41390445828437805,0.16938556730747223
Hsf2,0,0,0.5716722011566162,0.3575124144554138,0.07081536203622818
Nufip1,0,0,0.5042387843132019,0.4503687918186188,0.045392442494630814
Ppp1r2,0,1,0.40878498554229736,0.41832029819488525,0.17289474606513977
Znrf2,0,0,0.5809990763664246,0.38831382989883423,0.03068709559738636
Trmt6,0,1,0.4582253396511078,0.4678455889225006,0.07392903417348862
Cfl2,0,0,0.6775749325752258,0.2912660241127014,0.031159017235040665
Tomm22,0,0,0.6076524257659912,0.35645776987075806,0.03588983789086342
Sec14l2,0,0,0.4368630647659302,0.37311041355133057,0.19002652168273926
Srsf12,0,1,0.45580407977104187,0.48125606775283813,0.06293982267379761
Nudt4,0,0,0.4941500425338745,0.43658918142318726,0.06926076859235764
Sypl,0,0,0.5193848609924316,0.3993995189666748,0.08121559768915176
Cdyl,0,0,0.4404063820838928,0.32885614037513733,0.23073750734329224
Ypel5,0,1,0.42928963899612427,0.49776533246040344,0.07294510304927826
Rapgef4os1,0,1,0.4387248158454895,0.48730942606925964,0.07396577298641205
Kcnrg,0,1,0.31406188011169434,0.3766109347343445,0.30932721495628357
Cct8,0,1,0.40267395973205566,0.4826506972312927,0.11467534303665161
Echdc1,0,0,0.48277685046195984,0.43515413999557495,0.08206899464130402
Vps26b,0,0,0.47370293736457825,0.4662547707557678,0.06004227325320244
Plcb4,2,2,0.15697133541107178,0.13595856726169586,0.7070701122283936
Pcid2,0,0,0.4753633737564087,0.43475890159606934,0.08987767994403839
Strn,0,0,0.5159728527069092,0.35215604305267334,0.1318710744380951
Mkx,0,0,0.47890204191207886,0.3835630416870117,0.137534961104393
Myh9,0,2,0.15045759081840515,0.2878630459308624,0.5616793632507324
Npnt,0,0,0.5053766965866089,0.4047360122203827,0.08988728374242783
Ssr2,0,1,0.2255278378725052,0.45746085047721863,0.31701135635375977
Smyd2,0,0,0.4447139799594879,0.42908892035484314,0.12619711458683014
Pparg,2,2,0.06432828307151794,0.11118394881486893,0.8244877457618713
Arpc5,0,0,0.5214725136756897,0.3874017894268036,0.09112568199634552
Ap1ar,0,0,0.6266040205955505,0.3342364430427551,0.03915952146053314
Trmt11,0,0,0.4693446457386017,0.41423171758651733,0.11642363667488098
Rwdd1,0,0,0.6102056503295898,0.3528271019458771,0.03696722537279129
Cct7,0,0,0.5347868204116821,0.4132266044616699,0.051986582577228546
Lars2,0,2,0.32658225297927856,0.3296073377132416,0.34381037950515747
Psmc5,0,0,0.5041848421096802,0.29845064878463745,0.19736449420452118
Mien1,0,0,0.5080477595329285,0.3670312166213989,0.12492097914218903
4930422M22Rik,0,1,0.363345205783844,0.4606603682041168,0.17599444091320038
Sertm1,0,0,0.4955773949623108,0.45812851190567017,0.04629410430788994
Wbp1l,0,1,0.35641738772392273,0.5585360527038574,0.08504655957221985
Dgkh,0,0,0.3941986858844757,0.3743692934513092,0.2314319908618927
Ociad1,0,1,0.4456614553928375,0.4602942168712616,0.09404434263706207
Uqcrq,0,0,0.6221011877059937,0.32731199264526367,0.05058685690164566
Gm17106,0,1,0.42450621724128723,0.4281315207481384,0.14736226201057434
Kcnj4,0,0,0.5173776745796204,0.2912968695163727,0.19132547080516815
Atp6v0b,0,0,0.552665650844574,0.3305750787258148,0.11675924807786942
Ncor2,0,0,0.4213767349720001,0.35879796743392944,0.21982525289058685
Tet1,0,1,0.3800300359725952,0.3851429224014282,0.23482705652713776
Arpc3,0,1,0.41428279876708984,0.4793846905231476,0.10633251070976257
Psmd6,0,0,0.552759051322937,0.38863563537597656,0.05860533565282822
A830018L16Rik,0,1,0.37179020047187805,0.4586835205554962,0.16952624917030334
Aasdhppt,0,0,0.5902034640312195,0.3098243772983551,0.0999721810221672
Gm27032,0,0,0.5961432456970215,0.2645892798900604,0.13926750421524048
Junos,0,1,0.36692801117897034,0.37817510962486267,0.2548969089984894
Psmb5,0,0,0.4693148732185364,0.371429979801178,0.15925511717796326
Phyhip,0,0,0.5771874189376831,0.3225889503955841,0.10022363066673279
Erc1,0,2,0.3028112053871155,0.3393113613128662,0.3578774034976959
Atp5j2,0,1,0.44952064752578735,0.4843101501464844,0.06616920977830887
Actl6a,0,0,0.4913712739944458,0.4626938998699188,0.0459347665309906
Os9,0,1,0.4354827404022217,0.49887850880622864,0.06563881039619446
Adam12,0,1,0.30391746759414673,0.3568744957447052,0.33920806646347046
Hspa12a,0,0,0.5638116002082825,0.3002416789531708,0.13594676554203033
Prox1os,0,0,0.5111982822418213,0.4069826006889343,0.081819087266922
Gtf3c4,0,1,0.4556731581687927,0.47295841574668884,0.07136844098567963
Tpst1,0,0,0.4834248125553131,0.42928430438041687,0.08729091286659241
Add2,0,0,0.40353134274482727,0.3199004530906677,0.2765682339668274
Dgcr8,0,1,0.41901981830596924,0.4554113447666168,0.12556883692741394
Zkscan1,0,1,0.2888386845588684,0.5038066506385803,0.20735466480255127
Necab1,0,1,0.4088660776615143,0.44077593088150024,0.1503579318523407
Bcar1,0,0,0.48746535181999207,0.3817838430404663,0.13075074553489685
Fam104a,0,0,0.566738486289978,0.3912888467311859,0.04197264090180397
Atp5b,0,0,0.5322736501693726,0.3847631812095642,0.08296322077512741
Dgcr2,0,0,0.46255725622177124,0.3612583577632904,0.17618444561958313
Rhbdl3,0,1,0.2875845432281494,0.5466874837875366,0.16572797298431396
Grina,0,1,0.4488967955112457,0.5082290172576904,0.04287421703338623
Tmem50a,0,1,0.35129275918006897,0.5506853461265564,0.09802190214395523
Fnip2,0,0,0.34534093737602234,0.329169362783432,0.32548972964286804
Rpl32,0,0,0.5284031629562378,0.33285361528396606,0.13874323666095734
Slc15a2,0,1,0.4043312668800354,0.42430323362350464,0.17136554419994354
Hgsnat,0,0,0.4814378023147583,0.4389552175998688,0.07960700988769531
Spock1,2,2,0.054386213421821594,0.09618465602397919,0.8494291305541992
Hcfc2,0,0,0.4454966187477112,0.4324244558811188,0.12207889556884766
Sncaip,0,0,0.44861236214637756,0.3172307312488556,0.23415686190128326
Kcnc2,2,0,0.47299328446388245,0.44623279571533203,0.08077394962310791
Usp13,0,0,0.4016168713569641,0.30484774708747864,0.29353535175323486
Dlg3,0,1,0.3470335006713867,0.41745832562446594,0.23550818860530853
Rab1b,0,0,0.42275041341781616,0.41979482769966125,0.1574547290802002
Pgap1,2,1,0.3362569212913513,0.47768619656562805,0.18605685234069824
Ndufaf4,0,1,0.4409526586532593,0.4717005789279938,0.08734670281410217
Sec11a,0,1,0.38818851113319397,0.5305411219596863,0.08127035945653915
Zfp958,0,1,0.37028488516807556,0.4680151343345642,0.16169998049736023
Prnp,0,1,0.4062889516353607,0.47106876969337463,0.12264224141836166
Dcun1d3,0,1,0.41316279768943787,0.4822770953178406,0.10456014424562454
Slc16a7,0,1,0.34637320041656494,0.44709473848342896,0.2065320461988449
Bcl11b,0,0,0.5758370757102966,0.31940603256225586,0.1047569289803505
Tsc22d2,0,0,0.5929612517356873,0.33526599407196045,0.07177276164293289
Ppdpf,0,0,0.6333061456680298,0.3066738545894623,0.060019977390766144
Tsix,2,1,0.15868376195430756,0.49585357308387756,0.3454625904560089
Kcnq1ot1,2,1,0.3259807527065277,0.5485873222351074,0.12543193995952606
Rnf10,0,0,0.5191061496734619,0.4179094135761261,0.06298445165157318
Rpl21,0,0,0.49104711413383484,0.3153115212917328,0.1936413198709488
Gstcd,0,1,0.4283839464187622,0.4418398141860962,0.1297762244939804
Plp1,2,1,0.4152701795101166,0.5080203413963318,0.07670941948890686
Spats2l,2,2,0.18486836552619934,0.20688869059085846,0.608242928981781
Rian,2,1,0.3631564974784851,0.39841166138648987,0.2384318709373474
Ets2,0,1,0.3955453932285309,0.46156951785087585,0.14288510382175446
Cpa6,2,2,0.17108750343322754,0.19970989227294922,0.6292026042938232
Ubxn2b,0,0,0.4956708252429962,0.45036962628364563,0.05395958572626114
Aco1,0,1,0.4624062180519104,0.4765467643737793,0.061047010123729706
Rps3,0,0,0.5243101119995117,0.4064997136592865,0.06919017434120178
Tmem38b,0,1,0.40160250663757324,0.5160683989524841,0.08232913166284561
Zscan26,0,0,0.4864652156829834,0.39406660199165344,0.11946818977594376
Rpn2,0,1,0.34676867723464966,0.5655268430709839,0.08770446479320526
Agap3,0,0,0.4137060344219208,0.3660728335380554,0.22022107243537903
Csdc2,0,1,0.44214069843292236,0.4896840453147888,0.06817527115345001
Usp50,0,1,0.3307856023311615,0.45974910259246826,0.20946525037288666
Calb1,0,0,0.4897332191467285,0.38654381036758423,0.12372291833162308
Preb,0,1,0.4496650695800781,0.5049985647201538,0.04533638060092926
Nnat,0,0,0.5514720678329468,0.37936845421791077,0.06915948539972305
Plxdc2,0,2,0.2756798267364502,0.3187887668609619,0.4055314064025879
Serinc1,0,1,0.4646020233631134,0.4741863012313843,0.061211612075567245
Fam49a,0,1,0.4437575340270996,0.4548698961734772,0.10137259215116501
Prex2,0,0,0.4145530164241791,0.3179876208305359,0.2674593925476074
Rps7,0,0,0.5415626764297485,0.4111157953739166,0.04732150211930275
Rpl22l1,0,0,0.5800669193267822,0.33511021733283997,0.08482281118631363
Alg10b,0,0,0.4902140200138092,0.45483389496803284,0.05495208501815796
Gm14330,0,1,0.4011719226837158,0.4543958008289337,0.14443230628967285
Farp1,0,2,0.24022524058818817,0.2430960237979889,0.5166787505149841
Pa2g4,0,0,0.500177800655365,0.41108694672584534,0.08873525261878967
Sh3bgrl2,0,0,0.4324794411659241,0.4139232337474823,0.1535973846912384
Rpl35a,0,1,0.44153842329978943,0.44552960991859436,0.11293195188045502
Gm11099,0,1,0.38420313596725464,0.4467279314994812,0.16906896233558655
Tgfa,0,0,0.5530726909637451,0.3535199463367462,0.09340741485357285
Cebpb,0,0,0.5421783924102783,0.3350421190261841,0.12277945131063461
Alkbh3,0,0,0.4542432427406311,0.4409251809120178,0.10483162105083466
Proser1,0,0,0.5570533275604248,0.40279051661491394,0.040156178176403046
Umps,0,1,0.341133177280426,0.5395869016647339,0.11927995085716248
Setd4,0,1,0.3020215332508087,0.42877209186553955,0.26920637488365173
Brsk2,0,1,0.4336979389190674,0.472919225692749,0.09338286519050598
Fam151b,0,0,0.5379464030265808,0.3927101492881775,0.0693434625864029
Snrk,0,1,0.22162234783172607,0.4034407436847687,0.37493690848350525
Ube2v1,0,1,0.4033452868461609,0.4298522472381592,0.16680248081684113
Oxld1,0,0,0.47304919362068176,0.394721657037735,0.13222910463809967
Itpr1,0,1,0.36859312653541565,0.5199686884880066,0.11143817007541656
Pcbd2,0,1,0.35738715529441833,0.5323121547698975,0.11030067503452301
Gm13402,0,1,0.44150403141975403,0.47113412618637085,0.08736182004213333
Ptchd4,0,0,0.3796921968460083,0.3680430054664612,0.25226473808288574
Pex7,0,0,0.4940970540046692,0.3817561864852905,0.1241467148065567
Asns,0,0,0.5222662091255188,0.3824167549610138,0.0953170657157898
Zfp934,2,0,0.3989216387271881,0.37906527519226074,0.22201310098171234
Fam53b,0,0,0.4929466247558594,0.3542172610759735,0.15283608436584473
Gm15813,0,0,0.4496734142303467,0.3776262700557709,0.17270030081272125
Lrrc28,0,2,0.1317862719297409,0.18185661733150482,0.6863571405410767
Shisa7,0,1,0.36181318759918213,0.4513314962387085,0.18685537576675415
Rbfox1,0,1,0.44711652398109436,0.4854656159877777,0.06741785258054733
Cox7a2,0,0,0.5999971628189087,0.34952080249786377,0.05048200860619545
Galnt18,0,0,0.4616910517215729,0.3840375542640686,0.15427133440971375
Slc37a3,0,1,0.4716561436653137,0.47576263546943665,0.05258122831583023
Tmem150c,0,0,0.4323226809501648,0.3758866786956787,0.19179067015647888
Mrpl18,0,1,0.43153250217437744,0.49385398626327515,0.07461348921060562
Dscam,0,0,0.4948829114437103,0.3104555308818817,0.19466160237789154
Cnnm2,0,0,0.3702678084373474,0.3608536124229431,0.2688785791397095
Rnf146,0,0,0.5780802965164185,0.341452956199646,0.08046673238277435
Inha,0,0,0.5737817883491516,0.33525317907333374,0.09096502512693405
Adamts17,0,1,0.3340326249599457,0.5547578930854797,0.11120948195457458
Klf9,0,0,0.48728078603744507,0.4471905529499054,0.06552861630916595
1110065P20Rik,0,0,0.6002681255340576,0.3433918058872223,0.05634000524878502
Snrpd1,0,1,0.4538446366786957,0.47360530495643616,0.07255003601312637
Hrk,0,0,0.5802686810493469,0.3386639356613159,0.08106739819049835
Rps12,0,0,0.7104236483573914,0.2516886293888092,0.03788768872618675
Skida1,0,0,0.5873556733131409,0.34803760051727295,0.06460670381784439
Vamp2,0,1,0.33606287837028503,0.371351957321167,0.29258519411087036
Tspan33,0,0,0.48585250973701477,0.39882510900497437,0.11532243341207504
Tmed8,0,1,0.4382825493812561,0.5216331481933594,0.040084294974803925
Clmn,0,0,0.4358869194984436,0.34853723645210266,0.21557581424713135
Cystm1,0,1,0.45425984263420105,0.4863108992576599,0.059429269284009933
Dnaja4,0,0,0.4809287190437317,0.4328998029232025,0.08617143332958221
Kcnf1,0,0,0.602759063243866,0.29092174768447876,0.10631918162107468
Slc39a10,0,0,0.45430031418800354,0.3621489703655243,0.18355076014995575
Gm14296,0,0,0.5725842118263245,0.3431701064109802,0.08424567431211472
Trappc2l,0,0,0.4739747941493988,0.4674437642097473,0.05858144536614418
Tpd52,0,1,0.36336544156074524,0.5289322137832642,0.10770236700773239
Rnf139,0,0,0.4852783679962158,0.42856094241142273,0.08616071194410324
Golm1,0,0,0.571591854095459,0.3907293677330017,0.03767877072095871
Timp3,0,0,0.45309141278266907,0.4463786780834198,0.10052993148565292
Dsg2,0,0,0.5216534733772278,0.41787829995155334,0.06046823784708977
Zbtb1,0,0,0.5476586222648621,0.40608924627304077,0.046252112835645676
Orc6,0,0,0.5151519179344177,0.38619565963745117,0.09865239262580872
Rpl27a,0,0,0.5995481610298157,0.2935847342014313,0.10686712712049484
Crtc1,0,0,0.6586066484451294,0.28719720244407654,0.05419616028666496
Gpr162,0,1,0.3863184154033661,0.4632394015789032,0.15044213831424713
Snhg9,2,0,0.5109736919403076,0.4021466076374054,0.08687970787286758
Socs5,0,0,0.57944655418396,0.3639630675315857,0.05659038573503494
Bri3bp,0,0,0.46471089124679565,0.40747955441474915,0.127809539437294
Rpl10a,0,0,0.4884684383869171,0.37988150119781494,0.13165003061294556
Chst15,0,0,0.568830668926239,0.36611300706863403,0.06505630165338516
Pno1,0,0,0.4862523078918457,0.41471216082572937,0.09903550893068314
Calm3,0,0,0.46420618891716003,0.40083402395248413,0.13495980203151703
Lgalsl,0,0,0.5346373319625854,0.4055883288383484,0.059774354100227356
Rps27,0,0,0.6188022494316101,0.32957878708839417,0.05161897838115692
Txnrd1,0,0,0.5018961429595947,0.42220133543014526,0.07590249180793762
Nudt11,0,1,0.42328470945358276,0.4811142385005951,0.09560102224349976
Hey1,0,0,0.6764265298843384,0.25310736894607544,0.07046613097190857
Ndufc2,0,1,0.37035074830055237,0.5358350872993469,0.0938141718506813
Arl5a,0,1,0.4377753734588623,0.44637104868888855,0.11585365235805511
Hdac5,0,0,0.5504308342933655,0.394060343503952,0.0555088184773922
Rpl11,0,1,0.4587364196777344,0.48212453722953796,0.05913902446627617
Tjap1,0,1,0.3610066771507263,0.48167046904563904,0.15732282400131226
G2e3,0,0,0.551335334777832,0.3806101679801941,0.06805450469255447
Zfp68,0,1,0.39284053444862366,0.493882954120636,0.11327654123306274
Pomgnt2,0,0,0.3794865012168884,0.34056586027145386,0.2799476385116577
Slc43a2,0,1,0.32405123114585876,0.47759726643562317,0.19835151731967926
Tspyl1,0,0,0.5924938321113586,0.27978014945983887,0.1277260184288025
Kcnv1,0,0,0.5228356719017029,0.30609646439552307,0.17106784880161285
Map9,0,0,0.4712671935558319,0.40921586751937866,0.11951688677072525
Pgp,0,0,0.522454559803009,0.4034019112586975,0.07414352893829346
Cpped1,0,2,0.32699334621429443,0.28907814621925354,0.38392844796180725
Celf5,2,0,0.4598443806171417,0.436107873916626,0.10404779762029648
Ddit4,0,0,0.6421844363212585,0.30400291085243225,0.053812623023986816
Pgrmc1,0,1,0.45944830775260925,0.4597511291503906,0.08080054819583893
Celf4,2,1,0.4584285616874695,0.4664655029773712,0.0751059427857399
Slc26a10,0,0,0.4853719174861908,0.3971351087093353,0.11749294400215149
Gm12296,0,0,0.5125322937965393,0.44573697447776794,0.041730739176273346
Enox1,0,1,0.42069488763809204,0.4406416118144989,0.13866351544857025
Pop1,0,0,0.507918655872345,0.39364853501319885,0.09843280166387558
Ube2ql1,0,1,0.4224545955657959,0.5064164400100708,0.07112892717123032
1600010M07Rik,0,0,0.5337203145027161,0.3816944658756256,0.08458519726991653
Capzb,0,0,0.4463796317577362,0.3489660620689392,0.20465433597564697
Acvr2a,0,0,0.5740953087806702,0.3635255992412567,0.06237903982400894
Vma21,0,0,0.5209841728210449,0.42259931564331055,0.05641657114028931
Srpr,0,0,0.46933695673942566,0.42074811458587646,0.10991496592760086
Sfxn5,0,0,0.501054048538208,0.39150193333625793,0.10744401812553406
Slc35f1,0,2,0.12816962599754333,0.1354185938835144,0.7364118099212646
Tmsb4x,0,0,0.6286453008651733,0.3178844153881073,0.05347033962607384
Crcp,0,1,0.3040388524532318,0.5550561547279358,0.1409049928188324
Spice1,0,1,0.4102509617805481,0.48338764905929565,0.10636141151189804
Armcx2,0,0,0.4745461940765381,0.42437106370925903,0.10108275711536407
Armc1,0,1,0.37535569071769714,0.5447996258735657,0.07984471321105957
2300009A05Rik,0,0,0.5869606733322144,0.3351958394050598,0.07784347981214523
Tgfbr1,0,1,0.37149477005004883,0.4918455481529236,0.1366596668958664
Rsrp1,2,0,0.6401887536048889,0.2932804524898529,0.06653083860874176
Map4k4,0,0,0.5305415987968445,0.4107190668582916,0.05873936414718628
Lbr,0,0,0.5146054625511169,0.4198078513145447,0.06558672338724136
Sh3gl1,0,0,0.5242325663566589,0.4168831408023834,0.05888426676392555
Erbb4,2,2,0.13807086646556854,0.10392570495605469,0.7580034136772156
Ank1,2,2,0.1271238923072815,0.17807041108608246,0.6948056817054749
Txndc15,0,1,0.4481983780860901,0.49289387464523315,0.05890779197216034
Gm14329,0,1,0.4158872365951538,0.5111387372016907,0.07297401130199432
Ppp1r13b,0,0,0.5298596024513245,0.39565959572792053,0.07448083162307739
Gm27241,0,1,0.34507036209106445,0.4416804611682892,0.21324919164180756
Ptpra,0,0,0.5268903970718384,0.3490792512893677,0.12403039634227753
Gm1673,0,0,0.5536026358604431,0.39699748158454895,0.049399878829717636
Jkamp,0,0,0.5070720314979553,0.4376432001590729,0.0552847757935524
Marcks,0,0,0.5438054203987122,0.36503973603248596,0.09115485101938248
Erich1,0,0,0.48266908526420593,0.423440158367157,0.09389079362154007
E130102H24Rik,0,0,0.5695156455039978,0.3496673107147217,0.08081699162721634
Tiam2,0,1,0.3323412835597992,0.4514828324317932,0.2161758691072464
Gclm,0,0,0.5138317942619324,0.4428638815879822,0.043304361402988434
Faf2,0,0,0.4865742325782776,0.47029000520706177,0.043135784566402435
Trim11,0,1,0.3895716071128845,0.5395591259002686,0.07086927443742752
2810402E24Rik,0,0,0.6384181976318359,0.31632912158966064,0.045252684503793716
Chd7,2,2,0.23785588145256042,0.2839043140411377,0.4782397449016571
Aurkaip1,0,0,0.5652095675468445,0.35213491320610046,0.08265551924705505
Morf4l2,0,1,0.2739807963371277,0.41153809428215027,0.31448104977607727
Tspan5,0,0,0.4932122528553009,0.3844890296459198,0.12229879945516586
Gm16351,0,0,0.4657549560070038,0.4111493229866028,0.12309569865465164
Rpl37,0,0,0.6210010051727295,0.29702162742614746,0.08197733759880066
Fam120a,0,0,0.5444523692131042,0.3902322053909302,0.06531544029712677
Commd3,0,0,0.6183163523674011,0.29471006989479065,0.08697353303432465
Cpne3,0,0,0.4855232834815979,0.3003816604614258,0.2140950858592987
Fmn1,2,2,0.04116012901067734,0.0505196787416935,0.9083202481269836
Rps16,0,0,0.5116199254989624,0.4301706850528717,0.05820941552519798
Msh3,0,0,0.46188634634017944,0.4308995306491852,0.10721411556005478
2610020C07Rik,0,1,0.42528048157691956,0.5320095419883728,0.042709965258836746
Tcerg1l,0,2,0.23792631924152374,0.3618795871734619,0.40019410848617554
Ctbp1,0,0,0.5083908438682556,0.45752567052841187,0.03408348187804222
Nefm,0,0,0.5044124722480774,0.32492101192474365,0.17066654562950134
Zbtb41,0,0,0.5908401012420654,0.3214258551597595,0.08773405849933624
Aifm1,0,1,0.37760505080223083,0.5477601289749146,0.07463482022285461
Gm27153,0,1,0.43426552414894104,0.49264606833457947,0.07308842986822128
4933411O13Rik,0,1,0.45662176609039307,0.45699653029441833,0.08638175576925278
Prrg1,0,0,0.4580031633377075,0.3547828197479248,0.18721406161785126
Plxna4,0,1,0.3650817573070526,0.44109049439430237,0.19382774829864502
Pinx1,0,1,0.3333388864994049,0.4612475037574768,0.20541362464427948
Zfp334,0,1,0.3613961338996887,0.4100772440433502,0.22852659225463867
2900005J15Rik,0,0,0.5703501105308533,0.3772681653499603,0.05238168686628342
Cox8a,0,0,0.5921973586082458,0.3151705861091614,0.09263201057910919
Il1r1,0,0,0.4722995162010193,0.4173889458179474,0.11031153798103333
Gm15738,0,0,0.46489396691322327,0.40888258814811707,0.1262233853340149
Dnal4,0,1,0.37843236327171326,0.4922919273376465,0.12927575409412384
Gnl2,0,0,0.5397847294807434,0.3864802122116089,0.07373510301113129
Fgf9,0,0,0.5653266906738281,0.3399759531021118,0.09469738602638245
Rasl10b,0,1,0.3845275938510895,0.43031054735183716,0.18516188859939575
Flnb,2,1,0.3705730438232422,0.40943071246147156,0.21999619901180267
Atp5k,0,0,0.5292942523956299,0.3350048065185547,0.13570092618465424
Zkscan2,0,1,0.3361549973487854,0.5299374461174011,0.1339075267314911
Prkci,0,1,0.2939023971557617,0.4988230764865875,0.20727455615997314
Nt5m,0,1,0.42314961552619934,0.4757922291755676,0.10105817019939423
Taf9b,0,0,0.6124549508094788,0.3237857222557068,0.06375931203365326
Lama2,2,2,0.1420520544052124,0.15470540523529053,0.7032425999641418
Cox6c,0,1,0.4287034869194031,0.5329444408416748,0.038352061063051224
Olfm3,0,2,0.17253895103931427,0.19529545307159424,0.6321656107902527
Minpp1,0,0,0.48652610182762146,0.45727866888046265,0.0561952143907547
Rab11fip4,0,2,0.3277568817138672,0.2898101806640625,0.3824329078197479
Leprotl1,0,0,0.4955139458179474,0.4449543058872223,0.059531718492507935
Htr2b,0,1,0.41195449233055115,0.5012919902801514,0.08675356209278107
Zfp706,0,0,0.5143346190452576,0.42426368594169617,0.061401672661304474
Cdc14b,2,1,0.23525935411453247,0.44109490513801575,0.3236457109451294
Slit1,0,1,0.3766392767429352,0.3791753351688385,0.2441854327917099
Rpl38,0,0,0.6251407265663147,0.3087489604949951,0.0661102756857872
Ap1m1,0,0,0.5524681210517883,0.3823681175708771,0.0651637613773346
Ehd3,0,0,0.5019887089729309,0.3930739164352417,0.10493738949298859
Cygb,0,1,0.42139732837677,0.4219282865524292,0.15667438507080078
Dgkb,2,1,0.3070979714393616,0.3773980140686035,0.3155040740966797
Dnah9,0,1,0.3678607940673828,0.5411920547485352,0.09094718098640442
Ica1l,0,0,0.49655479192733765,0.4239024519920349,0.07954280078411102
Gng7,0,1,0.35753709077835083,0.4925735294818878,0.14988942444324493
Bag4,0,0,0.47125765681266785,0.44877246022224426,0.07996983081102371
Zfp106,0,2,0.27292361855506897,0.3081769049167633,0.4188994765281677
Rpl10,0,0,0.5675531625747681,0.3234501779079437,0.10899668186903
Pdia3,0,1,0.3121299743652344,0.3835819661617279,0.30428799986839294
Arl6ip1,0,0,0.6030958294868469,0.30698102712631226,0.089923195540905
Stk32c,0,0,0.36312517523765564,0.3345641791820526,0.30231061577796936
Cck,0,0,0.5354582667350769,0.4181045889854431,0.0464370921254158
Cacna1i,2,2,0.12557640671730042,0.16220968961715698,0.712213933467865
C1ql3,0,0,0.5144146680831909,0.4189102351665497,0.06667510420084
Ptgds,0,0,0.4532644748687744,0.44687312841415405,0.09986241161823273
Tpt1,0,0,0.5041710734367371,0.420423299074173,0.07540558278560638
Unc5d,2,2,0.08082430809736252,0.11510378122329712,0.8040719032287598
Arid1b,0,1,0.4565852880477905,0.4889831840991974,0.05443156883120537
Maneal,0,1,0.430408775806427,0.44247886538505554,0.12711238861083984
Emc1,0,1,0.3741813898086548,0.5007384419441223,0.1250801682472229
Rbm4,0,1,0.44827261567115784,0.46734723448753357,0.08438016474246979
Chst11,0,1,0.3768150210380554,0.4231506586074829,0.20003429055213928
Rnf25,0,2,0.22330866754055023,0.34813612699508667,0.4285551905632019
Prr7,0,0,0.5214285850524902,0.3556400537490845,0.1229313462972641
Cntn3,2,2,0.22319640219211578,0.20898818969726562,0.5678154230117798
Acad8,0,0,0.5282363891601562,0.4096467196941376,0.062116943299770355
Ablim2,2,0,0.5620946884155273,0.30732277035713196,0.13058258593082428
2610044O15Rik8,0,1,0.35861462354660034,0.5066315531730652,0.13475380837917328
Rpl31,0,0,0.59764564037323,0.33953192830085754,0.06282244622707367
Kcnip2,0,0,0.4878087043762207,0.44416365027427673,0.06802768260240555
Tomm5,0,0,0.4904506504535675,0.45369595289230347,0.05585341155529022
H3f3b,0,0,0.51507568359375,0.3768278658390045,0.10809643566608429
Zfp777,0,1,0.45671501755714417,0.5040904879570007,0.03919445350766182
Rpl8,0,0,0.612452507019043,0.34243592619895935,0.04511160030961037
Lamtor3,0,1,0.42615386843681335,0.5287581086158752,0.04508800432085991
Zfp46,0,1,0.4129016101360321,0.4430566728115082,0.14404171705245972
C130060C02Rik,0,0,0.5454473495483398,0.4002762734889984,0.054276399314403534
Lrpap1,0,0,0.445438951253891,0.36916640400886536,0.18539460003376007
Uspl1,0,0,0.48213183879852295,0.386412650346756,0.13145549595355988
Rundc3a,2,1,0.40481460094451904,0.4822465181350708,0.11293889582157135
Ece1,0,0,0.35185205936431885,0.3348959982395172,0.31325191259384155
Syt3,0,1,0.33203941583633423,0.5756340622901917,0.09232650697231293
Gm17202,0,0,0.5081323981285095,0.3814922571182251,0.11037535220384598
Igfbp5,0,0,0.5594081878662109,0.4165377616882324,0.024054063484072685
Zc3h14,0,0,0.48968416452407837,0.45997154712677,0.050344277173280716
Rps8,0,0,0.5217651128768921,0.3939771354198456,0.08425768464803696
Pou2f2,2,1,0.3299267590045929,0.36290493607521057,0.30716827511787415
Acvr1b,0,1,0.45450320839881897,0.48406073451042175,0.06143610179424286
Nrip3,0,1,0.37402817606925964,0.561967134475708,0.06400470435619354
Hps4,0,1,0.39998844265937805,0.5217853784561157,0.07822621613740921
Tmem160,0,0,0.5982031226158142,0.3073870837688446,0.09440979361534119
Gabpa,0,0,0.5107813477516174,0.40943896770477295,0.07977964729070663
Zfp944,0,1,0.37955060601234436,0.5456915497779846,0.07475782930850983
Abcd2,0,1,0.41272494196891785,0.43596938252449036,0.1513056755065918
Eid2,0,0,0.5598767995834351,0.31777068972587585,0.12235254049301147
Gpr21,0,1,0.46278294920921326,0.46687018871307373,0.0703468918800354
Psma4,0,1,0.43014103174209595,0.48109933733940125,0.08875960111618042
Golph3,0,0,0.5294562578201294,0.38047724962234497,0.09006648510694504
Nasp,0,1,0.42919689416885376,0.5135616064071655,0.057241447269916534
Gm16835,0,0,0.47829410433769226,0.4444545805454254,0.07725129276514053
March3,2,2,0.2410394698381424,0.310382604598999,0.4485779106616974
Grik3,0,2,0.27225953340530396,0.26669973134994507,0.46104076504707336
Mat2b,0,0,0.6165195107460022,0.34478411078453064,0.038696371018886566
Tmem132a,0,0,0.46018698811531067,0.4146295189857483,0.12518352270126343
Cnpy3,0,1,0.3157421350479126,0.5374168753623962,0.14684098958969116
Mrps24,0,1,0.3559742867946625,0.5411157608032227,0.10290990769863129
Bri3,0,2,0.10226362198591232,0.1701626181602478,0.7275737524032593
Cpsf1,0,1,0.30080369114875793,0.5701252222061157,0.12907107174396515
Sema3c,0,0,0.38150233030319214,0.35163024067878723,0.266867458820343
Mfhas1,0,0,0.5221551060676575,0.3721957206726074,0.1056491807103157
Mrpl17,0,0,0.5345616340637207,0.40285158157348633,0.06258682161569595
Nefl,0,0,0.4717302918434143,0.4183909296989441,0.1098787859082222
Prps1,0,0,0.5286030769348145,0.3916105031967163,0.07978639751672745
Npy5r,0,0,0.515155553817749,0.42060428857803345,0.06424012035131454
Nop10,0,0,0.5902568101882935,0.3338932991027832,0.07584983855485916
Slc8a1,0,0,0.41748854517936707,0.34785810112953186,0.23465333878993988
Ndufaf3,0,0,0.6429980397224426,0.28369760513305664,0.07330434024333954
Ddx19a,0,1,0.3601072132587433,0.5173916220664978,0.12250113487243652
Map1lc3a,0,0,0.5987123847007751,0.34563419222831726,0.0556534118950367
Ccdc71l,0,0,0.6346741914749146,0.32226434350013733,0.0430615060031414
Dynll2,0,1,0.3955526053905487,0.4747369587421417,0.1297103613615036
Mpp6,0,0,0.36791566014289856,0.33887627720832825,0.2932080626487732
Kcnk1,0,0,0.5278927683830261,0.39783933758735657,0.0742679312825203
Hs6st1,0,0,0.4869811534881592,0.4450550079345703,0.06796388328075409
Slc4a8,0,1,0.3302702307701111,0.5502070188522339,0.11952275037765503
Sumf1,0,0,0.4837944507598877,0.37204456329345703,0.14416097104549408
Pxylp1,0,0,0.5845188498497009,0.3712017834186554,0.04427938535809517
Napepld,0,0,0.5350215435028076,0.3669965863227844,0.09798189252614975
Tomm6,0,0,0.6567832231521606,0.3049197494983673,0.03829699382185936
Chid1,0,0,0.49037402868270874,0.4047015309333801,0.10492438077926636
Nup93,0,0,0.5119747519493103,0.4339769780635834,0.054048292338848114
Mdh1,0,1,0.33286887407302856,0.5632672309875488,0.10386385768651962
Vac14,0,1,0.281226247549057,0.4430154860019684,0.27575820684432983
Blcap,0,1,0.3481815457344055,0.5094839930534363,0.1423344612121582
Gm15886,0,0,0.45583999156951904,0.38836100697517395,0.1557990312576294
Ap4b1,0,1,0.43508726358413696,0.43519604206085205,0.12971673905849457
Ncl,0,0,0.6245899796485901,0.3119848668575287,0.06342512369155884
Kirrel3,0,1,0.3866709768772125,0.4303343892097473,0.18299464881420135
Otub2,0,0,0.5417857766151428,0.4164200723171234,0.041794173419475555
Cacng5,0,0,0.5318226218223572,0.3673877716064453,0.10078958421945572
Ctdsp2,0,0,0.48979857563972473,0.41602426767349243,0.09417711198329926
Malsu1,0,0,0.5647121667861938,0.3574749231338501,0.07781290262937546
Chsy1,0,0,0.5320051908493042,0.4110461473464966,0.056948624551296234
Aldh5a1,0,1,0.38669073581695557,0.41850847005844116,0.19480079412460327
Mrps33,0,0,0.4798377454280853,0.43731775879859924,0.08284448832273483
Gtpbp1,0,0,0.5076375603675842,0.37942758202552795,0.11293484270572662
Set,0,1,0.4381849765777588,0.4549146592617035,0.10690032690763474
Mdh2,0,0,0.44463270902633667,0.43109825253486633,0.1242690160870552
Lpp,0,1,0.2687745690345764,0.4730639159679413,0.2581615447998047
Nxf1,2,0,0.4747893810272217,0.45051395893096924,0.07469665259122849
Ndufa13,0,1,0.42033669352531433,0.46859338879585266,0.11106990277767181
Gda,0,0,0.5154174566268921,0.40301617980003357,0.08156637102365494
Gm14412,2,1,0.37458616495132446,0.4928303360939026,0.13258348405361176
Naa30,0,1,0.39366093277931213,0.4930877387523651,0.11325129866600037
Ankrd46,0,0,0.4884968101978302,0.4440706968307495,0.06743248552083969
Mrpl37,0,1,0.3173053562641144,0.5981491208076477,0.0845455750823021
Slc16a4,0,1,0.33362382650375366,0.3952096998691559,0.27116647362709045
Fbxl6,0,0,0.4471064805984497,0.4241044223308563,0.12878906726837158
Snph,0,0,0.5584145188331604,0.3131289780139923,0.12845656275749207
Nenf,0,1,0.4266150891780853,0.5026023387908936,0.07078255712985992
Tuba4a,0,0,0.4630853533744812,0.45874351263046265,0.07817114889621735
Crem,0,0,0.563784658908844,0.3987354338169098,0.0374799408018589
Mrpl20,0,1,0.29327088594436646,0.48079538345336914,0.22593379020690918
Pex2,0,0,0.4593636095523834,0.4090920686721802,0.1315443515777588
4931428F04Rik,0,0,0.4955042898654938,0.45522478222846985,0.04927097260951996
Bsg,0,0,0.49667927622795105,0.42287275195121765,0.08044800162315369
Agap2,2,0,0.4752958118915558,0.43452659249305725,0.09017764031887054
Rpe,0,0,0.4725079834461212,0.3261564075946808,0.2013355940580368
Lrrc4c,2,2,0.14609237015247345,0.19441764056682587,0.6594899892807007
Rpl9,0,0,0.6413338780403137,0.2920314073562622,0.06663472205400467
5730480H06Rik,0,0,0.4223507344722748,0.3328779339790344,0.2447713017463684
Nrgn,0,0,0.5475164651870728,0.30701395869255066,0.14546963572502136
B3gntl1,0,1,0.3431077003479004,0.5454598665237427,0.11143243312835693
Ric3,0,1,0.30370262265205383,0.5551919341087341,0.14110548794269562
Abhd8,0,0,0.4054161310195923,0.3494020700454712,0.24518172442913055
Ndufaf1,0,1,0.3931085169315338,0.4920341670513153,0.1148572564125061
Kmt2d,0,1,0.40668943524360657,0.4755440354347229,0.11776656657457352
Vegfc,0,0,0.3939892053604126,0.24292044341564178,0.3630903661251068
Fam174a,0,0,0.582980215549469,0.32771793007850647,0.08930186927318573
Trappc10,0,0,0.5023235082626343,0.3716203570365906,0.12605613470077515
R3hdm4,2,0,0.4774158000946045,0.4597197473049164,0.06286449730396271
Pom121,0,0,0.4851056635379791,0.39952653646469116,0.11536786705255508
Nell2,0,0,0.4775652289390564,0.40999835729599,0.11243639886379242
Gm21954,0,0,0.594789445400238,0.3416905403137207,0.06352001428604126
Tmem33,0,1,0.4218901991844177,0.42764776945114136,0.1504620462656021
Mtx3,0,1,0.451943576335907,0.5139963626861572,0.0340600349009037
Dus4l,0,0,0.48499923944473267,0.42593786120414734,0.08906291425228119
Mmp17,0,0,0.5670996904373169,0.37384796142578125,0.059052370488643646
Lrrc8b,0,0,0.5057383179664612,0.46000704169273376,0.03425467386841774
Hcfc1,0,1,0.2734070122241974,0.44162893295288086,0.28496408462524414
Klhl23,0,1,0.4159647524356842,0.43113645911216736,0.15289880335330963
Ubac2,0,1,0.4179690182209015,0.48445892333984375,0.09757210314273834
Skap2,2,2,0.05770140141248703,0.08605757355690002,0.8562410473823547
AV039307,0,1,0.3686474561691284,0.507662832736969,0.12368970364332199
Gm10855,0,0,0.46130555868148804,0.43494051694869995,0.10375398397445679
Atp5o,0,0,0.4419403672218323,0.42457157373428345,0.13348810374736786
Gm15243,0,1,0.3400055766105652,0.37698236107826233,0.2830120623111725
Srp9,0,0,0.47771432995796204,0.46859976649284363,0.053685884922742844
Polr2j,0,1,0.3414417505264282,0.5143646597862244,0.14419355988502502
Ngrn,0,0,0.45189860463142395,0.4089960753917694,0.13910537958145142
Mgat5,2,2,0.2119593471288681,0.19766677916049957,0.5903738737106323
Apobec4,0,0,0.48965129256248474,0.44592246413230896,0.06442627310752869
Gpr22,0,1,0.4482526183128357,0.48384758830070496,0.06789973378181458
Mob1a,0,1,0.35494279861450195,0.5918008089065552,0.05325639247894287
Fam136a,0,0,0.5563092827796936,0.36163559556007385,0.08205515146255493
Anp32b,0,0,0.5085544586181641,0.3080590069293976,0.18338656425476074
Dsp,0,1,0.44073259830474854,0.5011550188064575,0.05811242386698723
Nsun6,0,1,0.4259803295135498,0.46765822172164917,0.10636147856712341
Vps37c,0,1,0.4182879328727722,0.503811240196228,0.07790084183216095
Clec16a,0,2,0.3263520300388336,0.29606300592422485,0.3775849938392639
Slc31a2,0,0,0.4694840610027313,0.43886542320251465,0.09165056049823761
Ost4,0,0,0.6739416122436523,0.23818348348140717,0.0878748819231987
Rps29,0,0,0.6251245141029358,0.32005074620246887,0.054824765771627426
Filip1l,0,2,0.09181373566389084,0.1263769268989563,0.7818093299865723
B830012L14Rik,2,1,0.33047619462013245,0.5632944703102112,0.10622932016849518
Bivm,0,0,0.6047806739807129,0.36487606167793274,0.030343282967805862
Nat8l,0,1,0.4192338287830353,0.46355295181274414,0.11721324175596237
Tbl2,0,1,0.30518603324890137,0.5996062159538269,0.09520774334669113
Thy1,0,1,0.42592450976371765,0.4323436915874481,0.14173178374767303
Fam107b,0,0,0.4941001534461975,0.40462860465049744,0.10127120465040207
Gm26917,0,0,0.5724384188652039,0.3470824658870697,0.08047906309366226
Ndufb10,0,0,0.5152075290679932,0.21649375557899475,0.2682986855506897
Timp4,0,1,0.3722269833087921,0.4066542088985443,0.22111883759498596
Sbk1,0,1,0.4119831919670105,0.48549237847328186,0.10252448916435242
Kansl1l,0,2,0.21585430204868317,0.21351200342178345,0.5706337094306946
Hmgn3,0,0,0.4839724898338318,0.42865028977394104,0.0873771607875824
Col19a1,0,0,0.39151525497436523,0.23992499709129333,0.36855971813201904
Hpgds,0,0,0.4797271192073822,0.4220743477344513,0.0981985479593277
Haus3,0,0,0.3756321668624878,0.36629045009613037,0.25807735323905945
Rps21,0,0,0.605403482913971,0.2774924337863922,0.11710408329963684
Arl13b,0,0,0.48998093605041504,0.36865925788879395,0.14135976135730743
Hlcs,0,1,0.34327101707458496,0.3947667181491852,0.26196226477622986
D10Wsu102e,0,0,0.4015364944934845,0.31897565722465515,0.2794879078865051
Chpf,0,0,0.6479678153991699,0.29935774207115173,0.05267440900206566
Vcl,0,1,0.3800099492073059,0.4985990524291992,0.12139105796813965
Arfgap2,0,1,0.4721856415271759,0.49644988775253296,0.03136443346738815
Pld3,0,1,0.4245240092277527,0.4679613709449768,0.10751459002494812
Sec22b,0,1,0.33825334906578064,0.5119596719741821,0.14978699386119843
Klf13,0,0,0.5406734347343445,0.36312565207481384,0.09620088338851929
Pfn2,0,0,0.5844530463218689,0.3713241219520569,0.04422285407781601
Stambpl1,0,1,0.3841679096221924,0.5324854850769043,0.08334655314683914
Dek,0,1,0.465432733297348,0.49590834975242615,0.03865897282958031
4930578M01Rik,0,1,0.4521615505218506,0.4634332060813904,0.08440522104501724
Ganab,0,0,0.490032821893692,0.4340173006057739,0.07594984769821167
Arl8a,0,0,0.5327073335647583,0.36958348751068115,0.09770919382572174
Zfp938,0,0,0.4707736372947693,0.45243990421295166,0.07678651809692383
Rpsa,0,0,0.5282565951347351,0.3704836368560791,0.10125972330570221
Ephb2,0,0,0.47670114040374756,0.42462024092674255,0.09867866337299347
Traf3ip2,0,0,0.47161391377449036,0.38550931215286255,0.14287671446800232
Tmem136,0,0,0.43858957290649414,0.3904653787612915,0.17094506323337555
Abcc1,0,2,0.24464824795722961,0.2968801259994507,0.4584715962409973
Zfp952,0,1,0.41552308201789856,0.4952588975429535,0.08921804279088974
Dpy19l1,2,1,0.37391752004623413,0.4857318699359894,0.1403505504131317
Stk33,2,2,0.06497746706008911,0.11043550074100494,0.8245870471000671
Gm11817,0,0,0.43045783042907715,0.39022818207740784,0.17931397259235382
Slc38a10,0,1,0.24601593613624573,0.6615514755249023,0.09243259578943253
Hmgcr,0,0,0.5081931948661804,0.44386202096939087,0.0479448027908802
Psmd7,0,1,0.39102455973625183,0.4858359098434448,0.12313948571681976
Ulk4,0,2,0.2058333307504654,0.1891973465681076,0.604969322681427
Gm20629,2,2,0.1595020890235901,0.18104012310504913,0.659457802772522
Extl2,0,0,0.5949749946594238,0.34625905752182007,0.058765944093465805
Cnnm4,0,0,0.5182239413261414,0.418975293636322,0.06280073523521423
Smim12,0,0,0.5862960815429688,0.3292924463748932,0.08441144973039627
Ski,0,0,0.46211016178131104,0.4238719940185547,0.11401786655187607
Msi2,2,2,0.09538237005472183,0.13938426971435547,0.7652333378791809
Rnft2,0,1,0.4408740699291229,0.5128214359283447,0.04630449414253235
Kcnk13,0,0,0.4494602680206299,0.29648900032043457,0.25405067205429077
Ncs1,0,1,0.39602500200271606,0.4173889458179474,0.18658600747585297
Pxdn,0,0,0.4511348605155945,0.40896639227867126,0.13989874720573425
Ttc33,0,0,0.5131682753562927,0.44113534688949585,0.04569641873240471
Rai2,0,0,0.47148868441581726,0.3027186691761017,0.22579267621040344
Yipf4,0,1,0.4362368583679199,0.47261035442352295,0.09115283936262131
Zbtb18,0,0,0.5783005356788635,0.3662542998790741,0.05544520542025566
Ufm1,0,0,0.5202039480209351,0.43806150555610657,0.04173452407121658
Phactr3,0,2,0.31181585788726807,0.295362263917923,0.39282187819480896
Rbfox3,0,1,0.29389846324920654,0.4035625159740448,0.30253902077674866
Eif3i,0,1,0.4153585731983185,0.5235964059829712,0.06104504317045212
Kctd8,0,0,0.49533697962760925,0.2558223307132721,0.24884065985679626
Mta1,0,0,0.5015789270401001,0.4420066475868225,0.05641436576843262
Trim3,0,2,0.2831854224205017,0.34133195877075195,0.3754826486110687
Kdsr,0,0,0.49765026569366455,0.4478262960910797,0.05452347174286842
F730043M19Rik,0,0,0.5602880716323853,0.3407458961009979,0.09896606206893921
Cables1,0,0,0.49610525369644165,0.38736945390701294,0.11652529984712601
Dnajc3,0,0,0.5202394127845764,0.376901239156723,0.10285930335521698
Oaz1,0,0,0.6509365439414978,0.2892603278160095,0.059803131967782974
Dnajb11,0,0,0.4903039336204529,0.46191027760505676,0.04778577759861946
Kcnk2,0,1,0.3743878901004791,0.3987083435058594,0.2269037514925003
5430405H02Rik,0,1,0.4409063756465912,0.4921455383300781,0.06694813072681427
Mtcp1,0,0,0.5888734459877014,0.3774983882904053,0.03362816572189331
Kctd6,0,0,0.5228213667869568,0.4109313189983368,0.06624732166528702
Mrpl36,0,0,0.6435787677764893,0.3147532045841217,0.04166801646351814
Asxl3,0,0,0.4373326003551483,0.3464356064796448,0.21623173356056213
Eri2,0,1,0.4083685874938965,0.5242898464202881,0.06734161078929901
D430019H16Rik,0,0,0.5158246159553528,0.40217849612236023,0.0819968730211258
Mtr,0,1,0.2705470323562622,0.6515957713127136,0.07785721868276596
Eps15,0,0,0.4985644519329071,0.3006947338581085,0.20074081420898438
Akap7,0,0,0.5427427887916565,0.37444818019866943,0.08280906081199646
Cox6a1,0,0,0.46495574712753296,0.39401525259017944,0.1410289704799652
Clvs2,0,0,0.3615414798259735,0.33665135502815247,0.30180713534355164
Arid3b,0,1,0.44677355885505676,0.4529383182525635,0.10028807818889618
Vapb,0,1,0.44787585735321045,0.5041207075119019,0.04800344258546829
Cdv3,0,0,0.5439074039459229,0.3603843152523041,0.09570825845003128
Rcan3,0,0,0.5558961033821106,0.40036526322364807,0.043738607317209244
Tdrp,0,1,0.43822968006134033,0.4737008512020111,0.08806949108839035
Tmcc2,0,0,0.5936273336410522,0.3628690242767334,0.043503619730472565
Gtpbp8,0,0,0.4821585416793823,0.4821043610572815,0.0357370562851429
Acvr1c,0,0,0.5374302864074707,0.34189170598983765,0.12067802995443344
Gtf2f2,0,1,0.34498533606529236,0.347938597202301,0.307076096534729
2010204K13Rik,0,1,0.3753228783607483,0.5083739161491394,0.11630318313837051
Ahcyl2,0,0,0.5021023154258728,0.3740983009338379,0.1237993836402893
Plxna4os3,0,0,0.5494183897972107,0.4041557013988495,0.04642587527632713
Tmed7,0,0,0.5548979640007019,0.38643643260002136,0.05866561830043793
Rps6kc1,0,1,0.42273375391960144,0.5026378631591797,0.07462840527296066
Rpl39,0,0,0.5997892022132874,0.33535560965538025,0.06485522538423538
Ccdc127,0,0,0.5452988743782043,0.4015713334083557,0.05312982201576233
Eef1g,0,1,0.3906759023666382,0.503649115562439,0.10567499697208405
AY036118,0,0,0.5417506694793701,0.39740508794784546,0.06084427610039711
Cplx2,0,0,0.5022072792053223,0.41375669836997986,0.08403599262237549
A730017L22Rik,0,0,0.597445011138916,0.35428404808044434,0.04827094450592995
Lingo1,0,0,0.3891617953777313,0.31663012504577637,0.2942080795764923
Dtymk,0,0,0.47140491008758545,0.4480494260787964,0.08054563403129578
Gm15283,0,1,0.275172621011734,0.4031732380390167,0.32165417075157166
Adora1,0,1,0.4250929057598114,0.5007680058479309,0.0741390660405159
Magi3,2,2,0.10141121596097946,0.15560311079025269,0.7429856657981873
Napa,0,0,0.5584760308265686,0.34099578857421875,0.10052815824747086
Rcor3,0,0,0.4931102395057678,0.45352649688720703,0.05336330458521843
Gm3294,0,1,0.4391222298145294,0.4689708948135376,0.09190688282251358
Siah1a,0,0,0.5875741243362427,0.32262128591537476,0.08980463445186615
Glrx5,0,1,0.451374888420105,0.4975326359272003,0.05109245330095291
Cxxc5,0,0,0.464796245098114,0.4518759250640869,0.08332780748605728
Fbn2,0,0,0.423286497592926,0.24344122409820557,0.3332723081111908
Itga11,0,2,0.08818326890468597,0.13523438572883606,0.7765823006629944
Rnft1,0,0,0.5156515836715698,0.42738160490989685,0.056966815143823624
Lrrn2,0,0,0.5359553694725037,0.30821526050567627,0.15582937002182007
Ube2i,0,0,0.44940701127052307,0.3305571973323822,0.22003577649593353
Dnajc19,0,1,0.4496390223503113,0.4895671606063843,0.06079381704330444
Serinc5,0,0,0.5685655474662781,0.3794160783290863,0.052018363028764725
Mrpl23,0,1,0.3573872447013855,0.5500682592391968,0.0925445407629013
Tecr,0,1,0.44659969210624695,0.5070542097091675,0.04634607583284378
Ifngr2,0,1,0.2968250811100006,0.5482052564620972,0.1549696922302246
Antxr2,0,1,0.32941874861717224,0.510492205619812,0.16008901596069336
6030458C11Rik,0,0,0.46296581625938416,0.4287584125995636,0.10827576369047165
Zfhx3,2,2,0.044329896569252014,0.05336235463619232,0.9023077487945557
Prkce,0,0,0.44251614809036255,0.41123417019844055,0.1462496668100357
Lage3,0,0,0.5686869025230408,0.33328184485435486,0.09803123027086258
Poglut1,0,1,0.31135615706443787,0.4955478310585022,0.19309599697589874
Sf1,0,1,0.43455615639686584,0.4781001806259155,0.08734367787837982
Ptpro,0,0,0.48534518480300903,0.3501920700073242,0.16446278989315033
Mrpl32,0,0,0.5853134989738464,0.37836456298828125,0.0363219752907753
Dlx1as,0,1,0.2800312638282776,0.5124438405036926,0.20752494037151337
Zfp280b,0,1,0.4326760470867157,0.503735363483429,0.06358860433101654
Glis3,0,0,0.466407835483551,0.3836632966995239,0.14992886781692505
Suds3,0,1,0.21151317656040192,0.511529266834259,0.27695754170417786
Atp11a,0,1,0.44255363941192627,0.48487982153892517,0.07256648689508438
Cbr1,0,0,0.478381872177124,0.36003726720809937,0.1615808755159378
Ndst4,2,2,0.06692802906036377,0.07959042489528656,0.8534815311431885
Sub1,0,0,0.5333783626556396,0.41042453050613403,0.0561971478164196
Mtus1,0,2,0.1406337469816208,0.10768505185842514,0.7516812086105347
Spata2l,0,0,0.4747372269630432,0.4024430215358734,0.12281972169876099
Rps2,0,2,0.3743847608566284,0.24110139906406403,0.38451385498046875
Glo1,0,1,0.4225461483001709,0.4365798234939575,0.1408739686012268
Pcsk1n,0,0,0.46609219908714294,0.3688420057296753,0.16506575047969818
Gfra2,0,0,0.5641242861747742,0.34283190965652466,0.09304384887218475
Mcl1,0,0,0.5501831769943237,0.35981032252311707,0.0900065004825592
Gm17750,0,1,0.46952229738235474,0.48914864659309387,0.04132899269461632
3010001F23Rik,0,0,0.4746173322200775,0.3408612310886383,0.18452146649360657
Mras,0,0,0.5086623430252075,0.36746713519096375,0.12387051433324814
Gm1992,0,0,0.47752803564071655,0.42577382922172546,0.0966980904340744
1500015A07Rik,0,1,0.3437616229057312,0.47976261377334595,0.17647579312324524
1700025G04Rik,0,2,0.22827871143817902,0.3054675757884979,0.46625375747680664
Rhob,0,0,0.680126428604126,0.2756092846393585,0.04426426813006401
Matn2,0,1,0.32755470275878906,0.5976496338844299,0.07479563355445862
Dlg5,0,1,0.37889063358306885,0.4864889085292816,0.13462047278881073
Dnajc27,0,1,0.37371593713760376,0.49600398540496826,0.1302800476551056
Reep5,0,0,0.5249360203742981,0.3939949870109558,0.08106902241706848
Kcng2,0,0,0.5087311267852783,0.41668182611465454,0.07458706200122833
Zdhhc3,0,1,0.460415780544281,0.46502384543418884,0.07456036657094955
Aagab,0,0,0.5696781873703003,0.35817623138427734,0.07214561849832535
Plcl1,0,1,0.41592082381248474,0.44943851232528687,0.13464069366455078
Tmem121,0,0,0.4731537401676178,0.39149025082588196,0.13535597920417786
Gm17108,0,0,0.5694054365158081,0.38553887605667114,0.04505574703216553
Ppp2r1a,0,0,0.5586604475975037,0.36229926347732544,0.07904032617807388
Ell2,0,0,0.4987647831439972,0.4215553402900696,0.07967985421419144
Srp14,0,0,0.5284720659255981,0.4288776218891144,0.04265032336115837
Plekha8,0,1,0.41018861532211304,0.49533960223197937,0.09447180479764938
Gm15594,0,0,0.5857924818992615,0.3067666292190552,0.10744088888168335
Rac1,0,0,0.4860621392726898,0.43532896041870117,0.0786089301109314
Bmyc,0,0,0.5379003286361694,0.31688323616981506,0.1452164351940155
Zfyve28,0,1,0.42701634764671326,0.49679312109947205,0.07619050145149231
Gm28905,2,2,0.15370094776153564,0.16300909221172333,0.6832899451255798
4930545L23Rik,0,1,0.33715325593948364,0.4673108756542206,0.19553588330745697
Hspe1,0,0,0.6328303217887878,0.27750828862190247,0.0896613672375679
Rundc1,0,1,0.4160420596599579,0.45155754685401917,0.13240039348602295
Cdipt,0,0,0.5240063071250916,0.335456907749176,0.1405368447303772
Wrap53,0,0,0.5358486175537109,0.38683244585990906,0.07731893658638
Epdr1,0,0,0.5178496241569519,0.443658709526062,0.03849164769053459
Pard3b,0,2,0.16935791075229645,0.19722355902194977,0.6334185600280762
Pcyt2,2,1,0.33109161257743835,0.5145949125289917,0.15431347489356995
Phf10,0,0,0.4585095942020416,0.3037162721157074,0.23777413368225098
Psap,0,0,0.49138548970222473,0.43138831853866577,0.0772261694073677
Zfp955a,0,1,0.3109835088253021,0.3725498914718628,0.31646662950515747
Unc50,0,1,0.4373696744441986,0.4897546172142029,0.0728757381439209
Mfap3l,0,0,0.4867914319038391,0.35382193326950073,0.15938660502433777
1700111E14Rik,0,1,0.44722220301628113,0.4480116069316864,0.10476614534854889
Frmd3,0,0,0.4746200740337372,0.2871004343032837,0.2382795214653015
Gm4258,0,2,0.3099368214607239,0.27507323026657104,0.4149899184703827
Max,0,0,0.48092570900917053,0.45974481105804443,0.059329450130462646
Rrm2b,0,0,0.4506322145462036,0.4091393053531647,0.14022846519947052
Impad1,0,0,0.6014142036437988,0.35694459080696106,0.0416412428021431
Fndc1,0,0,0.4700860381126404,0.4086253345012665,0.12128864973783493
Rpl22,0,1,0.42181912064552307,0.4640781581401825,0.11410275846719742
Slc7a8,0,1,0.3595307767391205,0.3625892996788025,0.277879923582077
Smpd1,0,0,0.5548578500747681,0.3679310381412506,0.07721111178398132
Mettl8,0,1,0.34144848585128784,0.5342706441879272,0.12428082525730133
Hebp1,0,0,0.5525853633880615,0.3826819062232971,0.06473270058631897
Cox7c,0,0,0.6514858603477478,0.2964862287044525,0.05202794820070267
Shroom2,0,0,0.4967538118362427,0.319676011800766,0.18357017636299133
Cpeb1,2,2,0.22499820590019226,0.2129681259393692,0.5620336532592773
Rplp1,0,0,0.6105821132659912,0.3246297240257263,0.06478815525770187
Mplkip,0,0,0.5917460322380066,0.3306269943714142,0.07762698829174042
Sacs,0,0,0.5049445033073425,0.42052164673805237,0.0745338574051857
Itgb3bp,0,2,0.3260638117790222,0.2778838872909546,0.3960523009300232
Elfn2,0,0,0.4312116205692291,0.3516785204410553,0.21710990369319916
Rps10,0,0,0.424122154712677,0.38128945231437683,0.19458836317062378
BC004004,0,1,0.25310561060905457,0.5856850743293762,0.1612093597650528
Rpl29,0,1,0.43256676197052,0.49273544549942017,0.07469772547483444
Sgcd,2,2,0.14690232276916504,0.23131561279296875,0.6217820048332214
Ccdc85b,0,0,0.6438515782356262,0.28316959738731384,0.07297886162996292
Tmem59,0,1,0.3916539251804352,0.5613061785697937,0.0470399409532547
Prkd1,0,1,0.3876001238822937,0.5097075700759888,0.10269231349229813
Arxes1,0,0,0.593652606010437,0.3319244980812073,0.07442288100719452
Rbmxl1,0,0,0.6070200800895691,0.306225061416626,0.08675486594438553
Tars2,0,1,0.442196249961853,0.45595216751098633,0.10185159742832184
Gm16093,0,0,0.5363138914108276,0.4038228392601013,0.05986325442790985
Sepsecs,0,0,0.4166070520877838,0.40730714797973633,0.17608574032783508
Arpc5l,0,0,0.556679904460907,0.3014650344848633,0.14185506105422974
Pqlc1,0,0,0.5975549817085266,0.3246130049228668,0.07783200591802597
Tmem203,0,0,0.5695608854293823,0.3709574341773987,0.05948171019554138
1700109K24Rik,0,1,0.4029513895511627,0.48132389783859253,0.11572469025850296
Gigyf1,2,1,0.30234843492507935,0.515753984451294,0.18189753592014313
Tbc1d20,0,0,0.5214352011680603,0.34877249598503113,0.12979231774806976
Acot7,0,2,0.3203386962413788,0.24924305081367493,0.4304182827472687
Grpel2,0,0,0.5158999562263489,0.40887412428855896,0.07522589713335037
Mt3,0,0,0.6023773550987244,0.31357476115226746,0.08404795080423355
Adam1a,0,1,0.3462393879890442,0.5194157361984253,0.13434487581253052
Etv6,0,1,0.2815335988998413,0.5060197710990906,0.21244660019874573
Nexn,0,0,0.5422757267951965,0.4102975130081177,0.047426722943782806
Psmf1,0,1,0.43747806549072266,0.4851187765598297,0.07740321755409241
Coa3,0,0,0.45271387696266174,0.3765701353549957,0.17071601748466492
Nrbp2,2,1,0.41598549485206604,0.424762099981308,0.15925242006778717
3110082I17Rik,0,0,0.49408525228500366,0.3282109797000885,0.17770379781723022
Mitd1,0,0,0.5058416724205017,0.366909921169281,0.1272483766078949
Ttc19,0,0,0.549320638179779,0.34697914123535156,0.1037001758813858
March4,0,0,0.4382113516330719,0.38830897212028503,0.17347967624664307
Cnih3,0,0,0.5714734196662903,0.27472618222236633,0.1538003832101822
Pgam5,0,1,0.3605707287788391,0.4512113332748413,0.18821796774864197
Slc4a4,0,1,0.4545256197452545,0.4633401334285736,0.08213430643081665
Mro,0,0,0.5094244480133057,0.4510144591331482,0.03956106677651405
Rnf149,0,0,0.5652332305908203,0.3287929892539978,0.1059737429022789
Rftn1,0,0,0.42949625849723816,0.3128577470779419,0.2576460540294647
Lypd1,0,1,0.47282394766807556,0.4848555326461792,0.042320434004068375
Rpl34,0,0,0.6807320713996887,0.2851678431034088,0.03410009667277336
Thsd7b,0,2,0.15752030909061432,0.1642346829175949,0.6782450675964355
Mrfap1,0,0,0.6313052177429199,0.32515454292297363,0.04354030638933182
Cald1,0,2,0.07458677887916565,0.15541736781597137,0.7699958086013794
Rpl18a,0,0,0.5936008095741272,0.30165573954582214,0.10474345833063126
Mcts1,0,0,0.44330671429634094,0.4202026426792145,0.1364905834197998
Lhfpl2,0,2,0.15580697357654572,0.14817748963832855,0.6960155963897705
A330102I10Rik,0,1,0.3546103239059448,0.4604789614677429,0.18491065502166748
Eri1,0,1,0.46414726972579956,0.495990514755249,0.03986218571662903
Diras2,0,0,0.5804721713066101,0.30742013454437256,0.11210768669843674
Sugp2,0,1,0.43052801489830017,0.4392164349555969,0.13025552034378052
Cep19,0,1,0.37019607424736023,0.4100862443447113,0.21971765160560608
Gm13269,0,0,0.4516739547252655,0.38301366567611694,0.16531231999397278
Fam32a,0,0,0.5190616846084595,0.3940962553024292,0.08684206008911133
Snn,0,0,0.552010178565979,0.3887079656124115,0.059281859546899796
Gm16552,0,1,0.44356006383895874,0.5171379446983337,0.039302024990320206
Tenm3,2,2,0.0885624960064888,0.14824365079402924,0.7631938457489014
Matn4,0,0,0.5434839725494385,0.3774406611919403,0.07907536625862122
Elovl4,0,0,0.5947827696800232,0.3446806073188782,0.060536596924066544
Agbl4,2,2,0.06799592077732086,0.09325218945741653,0.8387518525123596
Mrps16,0,0,0.6378558278083801,0.30887579917907715,0.053268350660800934
Chst12,0,1,0.4072754681110382,0.47933855652809143,0.11338595300912857
Alg2,0,0,0.5318758487701416,0.40839385986328125,0.05973028764128685
Prkrip1,0,0,0.5591943860054016,0.3610230088233948,0.07978258281946182
Bmp6,0,0,0.3833450675010681,0.3026569187641144,0.3139980733394623
Hdac7,2,0,0.534431517124176,0.37564578652381897,0.08992268145084381
Ulk2,2,0,0.42665112018585205,0.3065941035747528,0.26675471663475037
Ift57,0,1,0.38621747493743896,0.537345826625824,0.07643672078847885
Gm16183,0,1,0.21635930240154266,0.3949803411960602,0.3886603116989136
Als2,0,0,0.4401415288448334,0.4396761357784271,0.12018229067325592
Prdm8,0,0,0.5831351280212402,0.3697315752506256,0.04713330417871475
Ttc9c,0,0,0.5552045106887817,0.37064799666404724,0.07414749264717102
Ndufa4,0,0,0.4793775677680969,0.43381327390670776,0.0868092030286789
Gm5087,0,1,0.33713245391845703,0.4173569679260254,0.24551060795783997
Timm13,0,0,0.5808007717132568,0.31399640440940857,0.1052028238773346
Olfml2b,0,0,0.5654023885726929,0.3376224637031555,0.09697514772415161
Emc10,0,1,0.4441145956516266,0.45221927762031555,0.10366608947515488
Psmb1,0,0,0.4896918833255768,0.4160841703414917,0.09422394633293152
Acsl3,0,1,0.39240238070487976,0.48016223311424255,0.12743540108203888
Ctxn1,0,0,0.6278315186500549,0.31278008222579956,0.059388402849435806
Tceal5,0,0,0.4979625940322876,0.4060605764389038,0.09597688168287277
Shc2,0,1,0.43682175874710083,0.4813045561313629,0.08187363296747208
Mettl7a1,0,1,0.28412842750549316,0.511451005935669,0.2044205516576767
Tuba1b,0,0,0.6121837496757507,0.3444766402244568,0.043339621275663376
BC031181,0,0,0.5461124777793884,0.37220263481140137,0.0816848874092102
Ephx4,0,0,0.5550617575645447,0.32513323426246643,0.11980501562356949
Meg3,2,1,0.3253733813762665,0.39212995767593384,0.28249669075012207
Zfp277,0,2,0.1858045756816864,0.22626087069511414,0.5879345536231995
2010300C02Rik,0,0,0.618046760559082,0.3119312822818756,0.07002200931310654
Cnp,0,1,0.265499472618103,0.557151198387146,0.17734934389591217
Fam126a,0,1,0.3874380886554718,0.4389944076538086,0.173567533493042
Gm10135,0,0,0.44792085886001587,0.43503785133361816,0.11704131960868835
Zfp26,0,1,0.46381473541259766,0.4975355267524719,0.03864971175789833
Npm1,0,0,0.5988191962242126,0.3495023250579834,0.051678456366062164
Nkain1,0,1,0.3646720349788666,0.37786608934402466,0.25746187567710876
Tmem30a,0,0,0.46358102560043335,0.43063658475875854,0.10578235238790512
Cetn3,0,0,0.4911825358867645,0.4488336741924286,0.059983834624290466
Rala,0,0,0.544171154499054,0.3587251305580139,0.09710372239351273
Elk1,0,0,0.4800994098186493,0.3765068054199219,0.14339378476142883
Ctsd,0,1,0.2793066203594208,0.5333664417266846,0.18732696771621704
