gene_name,gene_length.meta,18mo.9mo.activity.log_ratio.mean.5kb-20kb.enhancer_DMR,18mo.2mo.activity.log_ratio.min.5kb-20kb.enhancer_DMR,9mo.2mo.activity.log_ratio.mean.5kb-20kb.enhancer_DMR,18mo.2mo.activity.log_ratio.max.5kb-20kb.enhancer_DMR,18mo.2mo.activity.log_ratio.median.5kb-20kb.enhancer_DMR,18mo.2mo.contact.log_ratio.count.20kb-5Mb.enhancer_peak,9mo.2mo.contact.log_ratio.min.20kb-5Mb.enhancer_peak,9mo.2mo.activity.log_ratio.mean.20kb-5Mb.enhancer_peak,9mo.2mo.log_ratio.DAR,18mo.9mo.log_ratio.DAR,rel_pos.DMR,count.DMR,size.log2.DMR,18mo.2mo.log_ratio.DMR,18mo.9mo.log_ratio.DMR,9mo.2mo.log_ratio.DMR,distance.log2.DMR,min_distance.log.mean.loops,Tanova.median.loops,loop_size.log.mean.loops,min_distance.log.max.loops,18mo.2mo.T.std.loops,loop_size.log.median.loops,Tanova.mean.loops,loop_size.log.max.loops,9mo.2mo.Q.median.loops,18mo.2mo.T.max.loops,18mo.2mo.Q.max.loops,18mo.2mo.log_ratio.mcg_genebody,9mo.2mo.log_ratio.mcg_genebody,18mo.9mo.log_ratio.mcg_genebody,9mo.2mo.log_ratio.mch_genebody,18mo.9mo.log_ratio.mch_genebody,18mo.2mo.log_ratio.mch_genebody,18mo.9mo.log_ratio.mean.atac,log2_distance.min.atac,9mo.2mo.log_ratio.max.atac,18mo.2mo.log_ratio.max.atac,18mo.9mo.log_ratio.max.atac,count.atac,log2_distance.max.atac,log2_distance.std.atac,18mo.2mo.log_ratio.mean.atac,18mo.2mo.log_ratio.std.atac,DEG,pred
Adat1,-0.26449005693197253,0.0779689073562622,0.0,-0.051571126580238345,-0.021379537135362624,0.0,-0.0006521455943584442,0.04540052933618426,0.35563533565029504,0.0,0.0,-0.0028101566433906557,0.0,0.0,0.0,0.0,0.0,0.02140099748969078,0.0,-0.0014004132151603699,-0.03467274338006973,0.0,0.0,-0.008953123837709426,0.0,-0.0009451828896999359,-0.00976758373901248,-0.004570963382720947,0.035993707329034806,0.0,0.004695209041237831,0.34831334967166183,-0.0056675409711897376,-0.007466544061899185,-0.060755194388329985,0.0,0.0,0.0,0.0,0.0,0.0,-0.018007159903645514,-0.08619512744247913,0.0519645494222641,0.0,1.0,0.0
Acaa2,-0.2625813800096512,-0.006091320887207985,0.0,0.07280629634857178,-0.013420139998197555,0.0,0.0,-0.018027728237211705,0.04822727461345494,0.0,0.0,-0.0028101566433906557,0.0,0.0,0.0,0.0,0.0,0.0020381902903318407,0.0,-0.0028008264303207397,-0.01260843187570572,0.0,0.0,-0.00975256621837616,0.0,-0.0009451828896999359,0.007897195294499398,-0.004570963382720947,0.035993707329034806,0.0,-0.017221079866867512,-0.267162248659879,-0.0008742868900299072,-0.04385406136512757,0.1593287680670619,0.0,0.0,0.0,0.0,0.0,0.0,-0.018007159903645514,-0.046392888091504575,-0.01618679888546467,0.0,1.0,1.0
Mrps18c,-0.2503406366705894,-0.015837434306740762,0.0,-0.051571126580238345,-0.06847090929746628,0.0,-0.0006521455943584442,0.01381360923871398,-0.16236183708533644,0.0,0.0,-0.0014050783216953279,0.0,0.0,0.0,0.0,0.0,0.0020381902903318407,0.0,-0.0014004132151603699,-0.03452467888593674,0.0,0.0,-0.00975256621837616,0.0,-0.0009451828896999359,0.004572060480713844,-0.001904568076133728,0.035993707329034806,0.0,0.00959065705537796,-0.04613917909562588,-0.005910719484090805,-0.0434743869304657,-0.10338229954242706,0.0,0.0,0.0,0.0,0.0,0.0,0.08464172534644604,0.17732289105653762,0.0519645494222641,0.0,1.0,1.0
Chchd1,-0.2845850918442011,-0.015837434306740762,0.0,0.018201574087142944,0.02920008473098278,0.0,0.0,-0.005039777960628271,0.1890402974560857,0.0,0.0,-0.0014050783216953279,0.0,0.0,0.0,0.0,0.0,0.0067939675226807595,0.0,-0.0028008264303207397,-0.009832888394594192,0.0,0.0,0.008615828007459641,0.0,-0.0001890365779399872,-0.011014509294182063,-0.001904568076133728,0.02793307840824127,0.0,0.00959065705537796,-0.49209996468387546,-0.01666361402720213,-0.004403991550207138,-0.16466253984719514,0.0,0.0,0.0,0.0,0.0,0.0,0.15440672382712364,0.17732289105653762,-0.02473836787045002,0.0,1.0,0.0
Oxsr1,-0.008461818620562554,-0.015837434306740762,0.0,-0.051571126580238345,-0.021379537135362624,0.0,-0.0006521455943584442,-0.0319693816639483,-0.1606118625588715,0.0,0.0,-0.0028101566433906557,0.0,0.0,0.0,0.0,0.0,0.003057285323739052,0.0,-0.0014004132151603699,-0.0358467848598957,0.0,0.0,0.07192539244890213,0.0,-0.0009451828896999359,-0.00976758373901248,-0.004570963382720947,-0.023139250203967093,0.0,-0.010349780768156052,0.2551056034117937,0.13330222249031068,-0.04653693944215775,-0.09455014184117318,0.0,0.0,0.0,0.0,0.0,0.0,-0.018007159903645514,-0.063576839864254,0.0519645494222641,0.0,1.0,1.0
Nle1,-0.2718070575594902,-0.015837434306740762,0.0,0.018201574087142944,-0.007426538020372391,0.0,0.0,-0.01645577361807227,-0.057237224206328395,0.0,0.0,-0.0028101566433906557,0.0,0.0,0.0,0.0,0.0,0.0020381902903318407,0.0,-0.0014004132151603699,0.02730379320681095,0.0,0.0,0.014542377404868603,0.0,-0.0001890365779399872,-0.00498770222067833,-0.004570963382720947,-0.01078363597393036,0.0,0.0018380359560251237,-0.24112009447067975,-0.010955616608262062,-0.010149422138929366,-0.1650022381916642,0.0,0.0,0.0,0.0,0.0,0.0,-0.03196015954017639,-0.05157823652029037,0.022443146705627443,0.0,1.0,1.0
Tbc1d2,-0.27221387937664987,-0.006091320887207985,0.0,0.07280629634857178,0.0005328591167926788,0.0,0.0,0.016355935595929624,0.22220991555601358,0.0,0.0,-0.0028101566433906557,0.0,0.0,0.0,0.0,0.0,0.0067939675226807595,0.0,-0.0014004132151603699,-0.01260843187570572,0.0,0.0,0.014542377404868603,0.0,-0.0001890365779399872,0.007897195294499398,-0.004570963382720947,-0.01078363597393036,0.0,0.0018380359560251237,-0.5640037542581559,0.016385384183377028,-0.007466544061899185,0.15966846641153098,0.0,0.0,0.0,0.0,0.0,0.0,-0.03196015954017639,-0.05157823652029037,0.047118224166333676,0.0,1.0,1.0
Ube2i,-0.22728279381990432,0.0779689073562622,0.0,0.018201574087142944,-0.007426538020372391,0.0,0.0,-0.005039777960628271,0.15928764961659908,0.0,0.0,-0.0028101566433906557,0.0,0.0,0.0,0.0,0.0,0.0038046218920499086,0.0,-0.0028008264303207397,0.012941013351082801,0.0,0.0,0.014542377404868603,0.0,-0.0001890365779399872,-0.011014509294182063,-0.004570963382720947,-0.01078363597393036,0.0,0.0018380359560251237,-0.3695901704952121,-0.01666361402720213,-0.04385406136512757,-0.15627703117206693,0.0,0.0,0.0,0.0,0.0,0.0,-0.03196015954017639,-0.05157823652029037,-0.02473836787045002,0.0,1.0,1.0
Prmt2,-0.23897977247834207,-0.015837434306740762,0.0,0.018201574087142944,-0.007426538020372391,0.0,-0.00021738186478614807,0.0033448980562388896,-0.10467366992495954,0.0,0.0,-0.0014050783216953279,0.0,0.0,0.0,0.0,0.0,0.003057285323739052,0.0,-0.0028008264303207397,0.10087725974619388,0.0,0.0,0.020545709431171417,0.0,-0.0009451828896999359,0.004572060480713844,-0.004570963382720947,-0.00818169116973877,0.0,0.06414890334010125,0.3942812633141875,0.08789814710617065,-0.0434743869304657,-0.16432284146547319,0.0,0.0,0.0,0.0,0.0,0.0,-0.03196015954017639,0.3760403708741069,-0.028315249569714068,0.0,1.0,0.0
Gm13830,-0.2663016167283058,-0.015837434306740762,0.0,0.018201574087142944,-0.021379537135362624,0.0,0.0,-0.005039777960628271,-0.06072275649756193,0.0,0.0,-0.0028101566433906557,0.0,0.0,0.0,0.0,0.0,0.0020381902903318407,0.0,-0.0028008264303207397,-0.01723510041832924,0.0,0.0,-0.00975256621837616,0.0,-0.0001890365779399872,-0.00498770222067833,-0.004570963382720947,0.035993707329034806,0.0,0.0018380359560251237,-0.16732136834412814,-0.01666361402720213,-0.04653693944215775,-0.1650022381916642,0.0,0.0,0.0,0.0,0.0,0.0,-0.018007159903645514,-0.05157823652029037,-0.016726978719234467,0.0,1.0,0.0
Rnf149,-0.30195059031248095,-0.015837434306740762,0.0,0.018201574087142944,-0.007426538020372391,0.0,-0.0021738186478614807,0.04540052933618426,0.0023069627583026885,0.0,0.0,-0.0028101566433906557,0.0,0.0,0.0,0.0,0.0,0.003057285323739052,0.0,-0.0014004132151603699,0.0326534914970398,0.0,0.0,0.011662404835224151,0.0,-0.004914951026439667,-0.038239051327109336,-0.004570963382720947,0.021901297271251677,0.0,0.002456695712171495,0.272061474211514,-0.0056675409711897376,-0.007466544061899185,-0.16432284146547319,0.0,0.0,0.0,0.0,0.0,0.0,-0.03196015954017639,-0.06540893144905567,0.04502994939684868,0.0,1.0,1.0
Myo9b,0.040017296224832535,-0.015837434306740762,0.0,-0.051571126580238345,-0.021379537135362624,0.0,-0.00021738186478614807,-0.03718310944736004,0.3799145542178303,0.0,0.0,-0.0028101566433906557,0.0,0.0,0.0,0.0,0.0,0.02140099748969078,0.0,-0.0028008264303207397,0.10205130122601985,0.0,0.0,0.022418029978871344,0.0,-0.0009451828896999359,0.004572060480713844,-0.004570963382720947,0.04472176648676395,0.0,0.004695209041237831,0.3539509497582912,-0.05712317250669002,-0.04385406136512757,-0.08877526942640543,0.0,0.0,0.0,0.0,0.0,0.0,-0.018007159903645514,-0.08619512744247913,-0.028315249569714068,0.0,1.0,1.0
Nsf,-0.07152567889541388,-0.006091320887207985,0.0,0.07280629634857178,0.04351360365748405,0.0,-0.00021738186478614807,-0.03718310944736004,0.4711235245503485,0.0,0.0,-0.0028101566433906557,0.0,0.0,0.0,0.0,0.0,-0.07065726161003112,0.0,-0.0028008264303207397,-0.016028555408120156,0.0,0.0,-0.03748404279351234,0.0,-0.0009451828896999359,0.029094930291175842,-0.004570963382720947,-0.058667256087064745,0.0,-0.018628145698457957,0.29937354222871365,-0.05712317250669002,-0.007466544061899185,0.11804651103913784,0.0,0.0,0.0,0.0,0.0,0.0,-0.03196015954017639,-0.04779995381832123,-0.0799085944890976,0.0,1.0,0.0
Ggt7,-0.28757631063461303,-0.006091320887207985,0.0,0.07280629634857178,0.0005328591167926788,0.0,0.0,-0.005039777960628271,-0.06149024691432715,0.0,0.0,-0.0028101566433906557,0.0,0.0,0.0,0.0,0.0,0.0020381902903318407,0.0,-0.0028008264303207397,-0.01723510041832924,0.0,0.0,0.014542377404868603,0.0,-0.0001890365779399872,-0.00498770222067833,-0.004570963382720947,-0.01078363597393036,0.0,-0.004793237093836069,-0.17016621869057416,-0.01666361402720213,-0.010149422138929366,0.1593287680670619,0.0,0.0,0.0,0.0,0.0,0.0,-0.03196015954017639,-0.04779995381832123,-0.016726978719234467,0.0,1.0,0.0
Zfp407,1.190519851986319,-0.006091320887207985,0.0,0.07280629634857178,-0.0015019530802965165,0.0,-0.0006521455943584442,-0.023162114564329386,0.10758080267347396,0.0,0.0,-0.0014050783216953279,0.0,0.0,0.0,0.0,0.0,-0.00431416945066303,0.0,-0.0009336088597774506,-0.011253324002027512,0.0,0.0,0.04342226941138506,0.0,-0.0007561463117599488,0.029094930291175842,-0.0011427408456802367,-0.040998053178191184,0.0,0.028236845480278133,0.16346721472218634,-0.05189911153167486,-0.28777948021888733,0.22889653529040516,0.0,0.0,0.0,0.0,0.0,0.0,-0.014962673410773277,0.1417296852171421,0.021760574728250503,0.0,1.0,2.0
9330159M07Rik,-0.2860191857814789,-0.006091320887207985,0.0,0.07280629634857178,0.03715948186814785,0.0,0.0,0.01381360923871398,0.22668694231659173,0.0,0.0,-0.0014050783216953279,0.0,0.0,0.0,0.0,0.0,0.0067939675226807595,0.0,-0.0014004132151603699,-0.009832888394594192,0.0,0.0,-0.00975256621837616,0.0,-0.0001890365779399872,0.007897195294499398,-0.001904568076133728,0.035993707329034806,0.0,0.00959065705537796,-0.6361267364770175,-0.005910719484090805,-0.004403991550207138,0.15966846641153098,0.0,0.0,0.0,0.0,0.0,0.0,0.15440672382712364,0.17732289105653762,0.047118224166333676,0.0,1.0,1.0
Tmem259,-0.31074976198375226,-0.015837434306740762,0.0,-0.051571126580238345,-0.021379537135362624,0.0,0.0,0.01381360923871398,-0.05824880374595523,0.0,0.0,-0.0028101566433906557,0.0,0.0,0.0,0.0,0.0,0.0020381902903318407,0.0,-0.0028008264303207397,0.02730379320681095,0.0,0.0,0.008615828007459641,0.0,-0.0001890365779399872,0.002493851110339165,-0.004570963382720947,0.02793307840824127,0.0,0.0018380359560251237,-0.253669184660539,-0.005910719484090805,-0.010149422138929366,-0.09522953856736421,0.0,0.0,0.0,0.0,0.0,0.0,-0.018007159903645514,-0.05157823652029037,-0.016726978719234467,0.0,1.0,0.0
Far2,-0.018774982392787933,-0.006091320887207985,0.0,0.07280629634857178,0.0005328591167926788,0.0,-0.00021738186478614807,-0.023162114564329386,0.5411013842374086,0.0,0.0,-0.0028101566433906557,0.0,0.0,0.0,0.0,0.0,0.02140099748969078,0.0,-0.0028008264303207397,-0.016028555408120156,0.0,0.0,-0.01523709187284112,0.0,-0.0009451828896999359,0.029094930291175842,-0.004570963382720947,0.1079136835038662,0.0,-0.004793237093836069,0.34291882240213456,-0.05189911153167486,-0.007466544061899185,0.16578303720802068,0.0,0.0,0.0,0.0,0.0,0.0,-0.03196015954017639,-0.04779995381832123,-0.0799085944890976,0.0,1.0,1.0
Lrrc8b,-0.06244462199509144,-0.006091320887207985,0.0,0.07280629634857178,0.04351360365748405,0.0,-0.00021738186478614807,-0.03718310944736004,-0.16277641299180687,0.0,0.0,-0.0028101566433906557,0.0,0.0,0.0,0.0,0.0,0.003057285323739052,0.0,-0.0028008264303207397,-0.0358467848598957,0.0,0.0,0.07192539244890213,0.0,-0.0009451828896999359,0.004572060480713844,-0.004570963382720947,-0.023139250203967093,0.0,0.004695209041237831,0.1927459876984358,-0.05712317250669002,-0.010149422138929366,0.11702741589397192,0.0,0.0,0.0,0.0,0.0,0.0,-0.03196015954017639,-0.08619512744247913,-0.028315249569714068,0.0,1.0,0.0
Plekhg5,-0.302305299192667,-0.006091320887207985,0.0,-0.14864618837833404,-0.013420139998197555,0.0,-0.00021738186478614807,0.04540052933618426,-0.1653347139339894,0.0,0.0,-0.0028101566433906557,0.0,0.0,0.0,0.0,0.0,0.003057285323739052,0.0,-0.0028008264303207397,-0.0358467848598957,0.0,0.0,-0.010845447629690171,0.0,-0.0009451828896999359,0.004572060480713844,-0.004570963382720947,0.034101383835077284,0.0,-0.02418468937277794,0.18521593917161228,-0.0056675409711897376,-0.010149422138929366,0.07810108337551355,0.0,0.0,0.0,0.0,0.0,0.0,-0.018007159903645514,-0.063576839864254,-0.028315249569714068,0.0,0.0,0.0
Gm15810,-0.23110890984535218,-0.015837434306740762,0.0,0.018201574087142944,-0.06847090929746628,0.0,0.02039041891694069,0.01381360923871398,0.0343188055511564,0.0,0.0,-0.0014050783216953279,0.0,0.0,0.0,0.0,0.0,0.0020381902903318407,0.0,-0.0014004132151603699,-0.01128632590174675,0.0,0.0,-0.015039935018867254,0.0,-0.0009451828896999359,0.007897195294499398,-0.001904568076133728,-0.013936925530433655,0.0,0.005049672736786306,-0.4094903191644698,-0.005910719484090805,-0.004403991550207138,-0.1650022381916642,0.0,0.0,0.0,0.0,0.0,0.0,0.08464172534644604,0.15871125295758248,0.030083335787057876,0.0,2.0,1.0
Sdk2,1.5478460251167416,-0.006091320887207985,0.0,0.07280629634857178,-0.0015019530802965165,0.0,-0.0003043346107006073,0.018883797843009233,-0.10590444995556027,0.0,0.0,-0.0014050783216953279,0.0,0.0,0.0,0.0,0.0,0.0020381902903318407,0.0,-0.0009336088597774506,-0.030288859158754348,0.0,0.0,-0.03748404279351234,0.0,-0.0001890365779399872,0.004572060480713844,-0.0011427408456802367,-0.058667256087064745,0.0,0.024897898882627487,0.20115221158601343,0.1345650515705347,0.11158891744911671,0.22913432417437435,0.0,0.0,0.0,0.0,0.0,0.0,-0.014962673410773277,0.1351388121396303,0.023726307898759843,0.0,0.0,2.0
Ttbk1,-0.27374140202999114,0.026801811903715132,0.0,-0.14864618837833404,0.04351360365748405,0.0,0.0,0.01381360923871398,-0.06149024691432715,0.0,0.0,-0.0028101566433906557,0.0,0.0,0.0,0.0,0.0,0.0020381902903318407,0.0,-0.0028008264303207397,-0.01723510041832924,0.0,0.0,0.014542377404868603,0.0,-0.0001890365779399872,-0.00498770222067833,-0.004570963382720947,-0.01078363597393036,0.0,-0.018628145698457957,-0.19977249953895806,-0.005910719484090805,-0.010149422138929366,0.0015478094667196274,0.0,0.0,0.0,0.0,0.0,0.0,-0.03196015954017639,-0.04779995381832123,-0.016726978719234467,0.0,0.0,0.0
Dlg1,-0.03335553340613842,-0.006091320887207985,0.0,0.07280629634857178,-0.013420139998197555,0.0,-0.0006521455943584442,0.04540052933618426,0.2856574759632349,0.0,0.0,-0.0028101566433906557,0.0,0.0,0.0,0.0,0.0,-0.07065726161003112,0.0,-0.0014004132151603699,-0.03467274338006973,0.0,0.0,0.07192539244890213,0.0,-0.0009451828896999359,-0.00976758373901248,-0.004570963382720947,-0.023139250203967093,0.0,0.004695209041237831,0.3604360467940569,-0.0056675409711897376,-0.007466544061899185,0.16102725993841888,0.0,0.0,0.0,0.0,0.0,0.0,-0.018007159903645514,-0.08619512744247913,0.0519645494222641,0.0,2.0,0.0
Nav2,1.5439911153167487,-0.006091320887207985,0.0,0.07280629634857178,-0.0015019530802965165,0.0,-0.00013042911887168885,0.08242800606414676,-0.08072346951812506,0.0,0.0,-0.0014050783216953279,0.0,0.0,0.0,0.0,0.0,-0.00431416945066303,0.0,-0.0014004132151603699,-0.029907945543527603,0.0,0.0,0.07192539244890213,0.0,-0.0001890365779399872,-0.00976758373901248,0.08875287234783173,-0.023139250203967093,0.0,0.024897898882627487,0.2241572842746973,0.08481901243329049,0.11158891744911671,0.22889653529040516,0.0,0.0,0.0,0.0,0.0,0.0,-0.008868055567145348,-0.048699198812246325,-0.012904713116586208,0.0,0.0,2.0
Speg,-0.10764382153749466,-0.006091320887207985,0.0,-0.14864618837833404,-0.013420139998197555,0.0,-0.00021738186478614807,-0.03718310944736004,-0.16277641299180687,0.0,0.0,-0.0028101566433906557,0.0,0.0,0.0,0.0,0.0,0.003057285323739052,0.0,-0.0028008264303207397,-0.0358467848598957,0.0,0.0,-0.061729437708854674,0.0,-0.0009451828896999359,0.004572060480713844,-0.004570963382720947,-0.05594704106450081,0.0,0.004695209041237831,0.1628236221894622,-0.05712317250669002,-0.010149422138929366,0.07810108337551355,0.0,0.0,0.0,0.0,0.0,0.0,-0.018007159903645514,-0.08619512744247913,-0.028315249569714068,0.0,0.0,0.0
Eno2,-0.26951368898153305,-0.015837434306740762,0.0,-0.051571126580238345,-0.021379537135362624,0.0,0.0,0.01381360923871398,0.04533471469767392,0.0,0.0,-0.0028101566433906557,0.0,0.0,0.0,0.0,0.0,0.0020381902903318407,0.0,-0.0028008264303207397,-0.01260843187570572,0.0,0.0,0.014542377404868603,0.0,-0.0009451828896999359,-0.011014509294182063,-0.004570963382720947,-0.01078363597393036,0.0,0.0018380359560251237,-0.279174556042999,-0.005910719484090805,-0.007466544061899185,-0.09522953856736421,0.0,0.0,0.0,0.0,0.0,0.0,-0.018007159903645514,-0.05157823652029037,-0.01618679888546467,0.0,0.0,1.0
Pou2f2,-0.07806876730173826,0.026801811903715132,0.0,0.07280629634857178,0.0005328591167926788,0.0,0.0,-0.001211405359208584,0.12684418803080916,0.0,0.0,-0.0028101566433906557,0.0,0.0,0.0,0.0,0.0,0.0067939675226807595,0.0,-0.0014004132151603699,-0.016061058938503264,0.0,0.0,-0.03828348517417908,0.0,-0.0001890365779399872,-0.00498770222067833,-0.004570963382720947,-0.058667256087064745,0.0,-0.018628145698457957,-0.2972474598418921,-0.009282447919249535,-0.007466544061899185,0.12677533488720655,0.0,0.0,0.0,0.0,0.0,0.0,-0.03196015954017639,-0.04779995381832123,0.23320161908864975,0.0,0.0,1.0
Zmym3,-0.2694663301110268,0.0779689073562622,0.0,0.018201574087142944,0.02920008473098278,0.0,-0.0021738186478614807,0.04540052933618426,-0.008453773204237222,0.0,0.0,-0.0014050783216953279,0.0,0.0,0.0,0.0,0.0,0.003057285323739052,0.0,-0.0014004132151603699,-0.013253011927008628,0.0,0.0,-0.010845447629690171,0.0,-0.004914951026439667,0.029094930291175842,-0.001904568076133728,0.034101383835077284,0.0,0.020210085408762096,0.34921557884663346,-0.0056675409711897376,-0.004403991550207138,-0.13630276653915643,0.0,0.0,0.0,0.0,0.0,0.0,0.15440672382712364,0.26238784797489645,0.04502994939684868,0.0,0.0,0.0
Cdk9,-0.23274225011467933,-0.015837434306740762,0.0,0.018201574087142944,-0.021379537135362624,0.0,0.0,-0.01645577361807227,-0.05894250903278589,0.0,0.0,-0.0028101566433906557,0.0,0.0,0.0,0.0,0.0,0.001528642661869526,0.0,-0.0028008264303207397,-0.01723510041832924,0.0,0.0,0.014542377404868603,0.0,-0.0001890365779399872,-0.00498770222067833,-0.004570963382720947,-0.01078363597393036,0.0,-0.014016509745270014,-0.16191048327833413,-0.010955616608262062,-0.04653693944215775,-0.16497653039172291,0.0,0.0,0.0,0.0,0.0,0.0,-0.018007159903645514,-0.04779995381832123,-0.016726978719234467,0.0,0.0,1.0
Snrnp70,-0.2441262799501419,-0.015837434306740762,0.0,-0.051571126580238345,-0.021379537135362624,0.0,-0.00021738186478614807,0.01381360923871398,-0.14819754428230225,0.0,0.0,-0.0028101566433906557,0.0,0.0,0.0,0.0,0.0,0.003057285323739052,0.0,-0.0028008264303207397,-0.0358467848598957,0.0,0.0,-0.015039935018867254,0.0,-0.0009451828896999359,-0.00976758373901248,-0.004570963382720947,-0.013936925530433655,0.0,0.0018380359560251237,0.03574586697854101,-0.005910719484090805,-0.010149422138929366,-0.09455014184117318,0.0,0.0,0.0,0.0,0.0,0.0,-0.018007159903645514,-0.05157823652029037,-0.028315249569714068,0.0,0.0,0.0
Dach1,1.4937379863858222,-0.006091320887207985,0.0,0.07280629634857178,-0.0015019530802965165,0.0,0.02708578035235405,0.018883797843009233,0.024628550065681338,0.0,0.0,-0.0014050783216953279,0.0,0.0,0.0,0.0,0.0,-0.00431416945066303,0.0,-0.0009336088597774506,0.03742872290313244,0.0,0.0,0.022418029978871344,0.0,-0.0007561463117599488,-0.038239051327109336,-0.0011427408456802367,0.04472176648676395,0.0,0.03256983021972701,0.2745954767987132,0.1345650515705347,0.11248321011662483,0.22889653529040516,0.0,0.0,0.0,0.0,0.0,0.0,-0.014962673410773277,0.13454106759279966,0.033412245362997056,0.0,2.0,2.0
Ccser1,1.336800224930048,-0.006091320887207985,0.0,0.07280629634857178,-0.010803952887654305,0.0,0.02708578035235405,-0.023162114564329386,0.04523353493772447,0.0,0.0,-0.0014050783216953279,0.0,0.0,0.0,0.0,0.0,-0.00431416945066303,0.0,-0.0009336088597774506,0.03780963651835918,0.0,0.0,0.022418029978871344,0.0,0.03383754745125771,-0.038239051327109336,0.08875287234783173,0.04472176648676395,0.0,0.03256983021972701,0.22602863367646933,-0.05189911153167486,0.11248321011662483,0.22889653529040516,0.0,0.0,0.0,0.0,0.0,0.0,-0.004217055663466454,0.13454106759279966,0.033412245362997056,0.0,2.0,2.0
Abr,-0.08501232013106347,-0.006091320887207985,0.0,0.07280629634857178,0.0005328591167926788,0.0,-0.00043476372957229614,-0.03718310944736004,0.10049350729212164,0.0,0.0,-0.0028101566433906557,0.0,0.0,0.0,0.0,0.0,-0.00696381663903594,0.0,-0.0028008264303207397,-0.016028555408120156,0.0,0.0,-0.061729437708854674,0.0,-0.004914951026439667,-0.038239051327109336,-0.004570963382720947,-0.05594704106450081,0.0,-0.01970766287762672,0.2136093538440764,-0.05712317250669002,-0.007466544061899185,0.1594986172579229,0.0,0.0,0.0,0.0,0.0,0.0,-0.03196015954017639,-0.05909981332719326,-0.02505387220531702,0.0,0.0,0.0
Akap8l,-0.3026891328394413,-0.015837434306740762,0.0,-0.051571126580238345,-0.021379537135362624,0.0,0.0,-0.005039777960628271,-0.06446353301405906,0.0,0.0,-0.0028101566433906557,0.0,0.0,0.0,0.0,0.0,0.0020381902903318407,0.0,-0.0028008264303207397,-0.01723510041832924,0.0,0.0,-0.00975256621837616,0.0,-0.0001890365779399872,0.002493851110339165,-0.004570963382720947,0.035993707329034806,0.0,0.0018380359560251237,-0.17106214467436076,-0.01666361402720213,-0.010149422138929366,-0.09522953856736421,0.0,0.0,0.0,0.0,0.0,0.0,-0.018007159903645514,-0.05157823652029037,-0.016726978719234467,0.0,0.0,0.0
Ptprn,-0.32796073362231254,-0.006091320887207985,0.0,-0.14864618837833404,-0.013420139998197555,0.0,-0.00021738186478614807,-0.03718310944736004,-0.14531945570372046,0.0,0.0,-0.0028101566433906557,0.0,0.0,0.0,0.0,0.0,0.003057285323739052,0.0,-0.0028008264303207397,-0.0358467848598957,0.0,0.0,0.011662404835224151,0.0,-0.0009451828896999359,-0.00976758373901248,-0.004570963382720947,0.021901297271251677,0.0,0.004695209041237831,0.15450241900980471,-0.05712317250669002,-0.010149422138929366,0.07810108337551355,0.0,0.0,0.0,0.0,0.0,0.0,-0.018007159903645514,-0.08619512744247913,-0.028315249569714068,0.0,0.0,0.0
Atp2b2,1.595163060426712,-0.006091320887207985,0.0,0.07280629634857178,-0.0015019530802965165,0.0,-0.00013042911887168885,-0.03718310944736004,-0.09818042680621147,0.0,0.0,-0.0014050783216953279,0.0,0.0,0.0,0.0,0.0,-0.00431416945066303,0.0,-0.0014004132151603699,-0.030288859158754348,0.0,0.0,-0.061729437708854674,0.0,-0.0001890365779399872,0.004572060480713844,-0.0011427408456802367,-0.05594704106450081,0.0,0.024897898882627487,0.14290375918149947,-0.05712317250669002,0.11158891744911671,0.22889653529040516,0.0,0.0,0.0,0.0,0.0,0.0,-0.014962673410773277,-0.048699198812246325,-0.012904713116586208,0.0,0.0,0.0
Atp6v0b,-0.24692004278302193,-0.015837434306740762,0.0,0.018201574087142944,0.02920008473098278,0.0,0.0,-0.005039777960628271,0.1797517452761531,0.0,0.0,-0.0028101566433906557,0.0,0.0,0.0,0.0,0.0,0.0038046218920499086,0.0,-0.0028008264303207397,-0.009832888394594192,0.0,0.0,-0.00975256621837616,0.0,-0.0001890365779399872,0.007897195294499398,-0.001904568076133728,0.035993707329034806,0.0,0.0018380359560251237,-0.3767933961376548,-0.01666361402720213,-0.04385406136512757,-0.18429710609838368,0.0,0.0,0.0,0.0,0.0,0.0,0.15440672382712364,-0.05157823652029037,-0.02473836787045002,0.0,0.0,1.0
Elavl3,-0.2625635415315628,-0.015837434306740762,0.0,0.018201574087142944,-0.021379537135362624,0.0,0.0,0.01381360923871398,-0.060892474707216024,0.0,0.0,-0.0014050783216953279,0.0,0.0,0.0,0.0,0.0,0.001528642661869526,0.0,-0.0028008264303207397,-0.01723510041832924,0.0,0.0,-0.00975256621837616,0.0,-0.0001890365779399872,0.002493851110339165,-0.004570963382720947,0.035993707329034806,0.0,-0.0229338925331831,-0.24151812124997377,-0.005910719484090805,-0.0434743869304657,-0.16958816634491086,0.0,0.0,0.0,0.0,0.0,0.0,-0.018007159903645514,0.15520789712667465,-0.016726978719234467,0.0,0.0,1.0
Miat,-0.2691297662258148,0.0779689073562622,0.0,-0.051571126580238345,-0.021379537135362624,0.0,0.0,0.01381360923871398,-0.0552755175344646,0.0,0.0,-0.0028101566433906557,0.0,0.0,0.0,0.0,0.0,0.0020381902903318407,0.0,-0.0028008264303207397,0.02730379320681095,0.0,0.0,0.014542377404868603,0.0,-0.0001890365779399872,-0.00498770222067833,-0.004570963382720947,-0.01078363597393036,0.0,-0.014016509745270014,-0.2505261215940118,-0.005910719484090805,-0.010149422138929366,-0.06259782757610083,0.0,0.0,0.0,0.0,0.0,0.0,-0.018007159903645514,-0.04779995381832123,-0.016726978719234467,0.0,0.0,0.0
Sfpq,-0.27358359962701795,-0.015837434306740762,0.0,0.018201574087142944,-0.007426538020372391,0.0,0.0,0.01381360923871398,-0.051960289236158134,0.0,0.0,-0.0028101566433906557,0.0,0.0,0.0,0.0,0.0,0.001528642661869526,0.0,-0.0028008264303207397,0.02730379320681095,0.0,0.0,0.014542377404868603,0.0,-0.0001890365779399872,-0.00498770222067833,-0.004570963382720947,-0.01078363597393036,0.0,0.0018380359560251237,-0.251756665892899,-0.005910719484090805,-0.010149422138929366,-0.16958816634491086,0.0,0.0,0.0,0.0,0.0,0.0,-0.03196015954017639,-0.05157823652029037,-0.016726978719234467,0.0,0.0,1.0
Traf7,-0.30192573741078377,0.0779689073562622,0.0,-0.051571126580238345,-0.021379537135362624,0.0,-0.00021738186478614807,-0.059421222973614934,-0.14531945570372046,0.0,0.0,-0.0028101566433906557,0.0,0.0,0.0,0.0,0.0,0.003057285323739052,0.0,-0.0028008264303207397,-0.0358467848598957,0.0,0.0,-0.010845447629690171,0.0,-0.0009451828896999359,-0.00976758373901248,-0.004570963382720947,0.034101383835077284,0.0,0.004695209041237831,0.14749597430229186,-0.029770937748253345,-0.010149422138929366,-0.06653006680309773,0.0,0.0,0.0,0.0,0.0,0.0,-0.018007159903645514,-0.08619512744247913,-0.028315249569714068,0.0,0.0,0.0
Sdk1,1.3069044372439385,-0.006091320887207985,0.0,0.07280629634857178,-0.0015019530802965165,0.0,-0.00013042911887168885,-0.023162114564329386,-0.09715710626915097,0.0,0.0,-0.0014050783216953279,0.0,0.0,0.0,0.0,0.0,-0.00431416945066303,0.0,-0.0014004132151603699,-0.030288859158754348,0.0,0.0,0.07192539244890213,0.0,-0.0001890365779399872,0.004572060480713844,-0.0011427408456802367,-0.023139250203967093,0.0,0.03359315076842904,0.18470876812934875,-0.05189911153167486,-0.28867377288639545,0.22889653529040516,0.0,0.0,0.0,0.0,0.0,0.0,-0.014962673410773277,0.12916863564401865,-0.012904713116586208,0.0,0.0,2.0
Sptbn4,-0.1080233833193779,-0.006091320887207985,0.0,0.07280629634857178,0.0005328591167926788,0.0,-0.00021738186478614807,0.04540052933618426,-0.1532754227798432,0.0,0.0,-0.0028101566433906557,0.0,0.0,0.0,0.0,0.0,-0.00696381663903594,0.0,-0.0028008264303207397,-0.0358467848598957,0.0,0.0,-0.061729437708854674,0.0,-0.0009451828896999359,0.004572060480713844,-0.004570963382720947,-0.05594704106450081,0.0,-0.010349780768156052,0.19078350998461246,-0.0056675409711897376,-0.010149422138929366,0.1594986172579229,0.0,0.0,0.0,0.0,0.0,0.0,-0.03196015954017639,-0.063576839864254,-0.028315249569714068,0.0,0.0,0.0
Slc8a2,-0.23993978142738343,-0.015837434306740762,0.0,-0.051571126580238345,-0.021379537135362624,0.0,0.0,0.01381360923871398,-0.06421944400295615,0.0,0.0,-0.0028101566433906557,0.0,0.0,0.0,0.0,0.0,0.0020381902903318407,0.0,-0.0014004132151603699,-0.01723510041832924,0.0,0.0,-0.015039935018867254,0.0,-0.0001890365779399872,-0.00498770222067833,-0.004570963382720947,-0.013936925530433655,0.0,-0.014016509745270014,-0.2165803088154644,-0.005910719484090805,-0.010149422138929366,-0.09061790261417628,0.0,0.0,0.0,0.0,0.0,0.0,-0.018007159903645514,-0.04779995381832123,0.022443146705627443,0.0,0.0,0.0
Crocc,-0.31576064601540565,-0.006091320887207985,0.0,0.07280629634857178,0.0005328591167926788,0.0,-0.00021738186478614807,0.04540052933618426,-0.14531945570372046,0.0,0.0,-0.0028101566433906557,0.0,0.0,0.0,0.0,0.0,0.003057285323739052,0.0,-0.0028008264303207397,-0.0358467848598957,0.0,0.0,-0.010845447629690171,0.0,-0.0009451828896999359,-0.00976758373901248,-0.004570963382720947,0.034101383835077284,0.0,0.004695209041237831,0.18673405971378088,-0.0056675409711897376,-0.010149422138929366,0.16000816479325294,0.0,0.0,0.0,0.0,0.0,0.0,-0.03196015954017639,-0.08619512744247913,-0.028315249569714068,0.0,0.0,0.0
Prkcb,1.366265586130321,-0.006091320887207985,0.0,-0.14864618837833404,0.04147879146039486,0.0,-0.00013042911887168885,0.018883797843009233,0.23567860932089388,0.0,0.0,-0.0014050783216953279,0.0,0.0,0.0,0.0,0.0,-0.022691851723939182,0.0,-0.0014004132151603699,-0.011253324002027512,0.0,0.0,-0.061729437708854674,0.0,-0.0001890365779399872,-0.038239051327109336,-0.0011427408456802367,-0.05594704106450081,0.0,0.024897898882627487,0.28394379127770664,0.1345650515705347,0.11248321011662483,0.10465413532219828,0.0,0.0,0.0,0.0,0.0,0.0,-0.014962673410773277,-0.048699198812246325,-0.026363847330212593,0.0,0.0,2.0
Klhdc3,-0.24617015659809113,-0.015837434306740762,0.0,0.018201574087142944,-0.007426538020372391,0.0,0.0,0.01381360923871398,-0.06072275649756193,0.0,0.0,-0.0028101566433906557,0.0,0.0,0.0,0.0,0.0,0.0020381902903318407,0.0,-0.0028008264303207397,-0.01723510041832924,0.0,0.0,-0.015039935018867254,0.0,-0.0001890365779399872,-0.00498770222067833,-0.004570963382720947,-0.013936925530433655,0.0,0.0018380359560251237,-0.19822862192057072,-0.005910719484090805,-0.010149422138929366,-0.1650022381916642,0.0,0.0,0.0,0.0,0.0,0.0,-0.03196015954017639,-0.05157823652029037,-0.016726978719234467,0.0,0.0,0.0
Csnk1g2,-0.2401810586452484,-0.015837434306740762,0.0,0.018201574087142944,-0.06847090929746628,0.0,-0.00021738186478614807,-0.005039777960628271,-0.16565450157038866,0.0,0.0,-0.0028101566433906557,0.0,0.0,0.0,0.0,0.0,0.003057285323739052,0.0,-0.0028008264303207397,-0.03452467888593674,0.0,0.0,-0.015039935018867254,0.0,-0.0009451828896999359,0.004572060480713844,-0.001904568076133728,-0.013936925530433655,0.0,0.0018380359560251237,0.0684694614354521,-0.01666361402720213,-0.010149422138929366,-0.16432284146547319,0.0,0.0,0.0,0.0,0.0,0.0,0.08464172534644604,-0.05157823652029037,-0.028315249569714068,0.0,0.0,1.0
Eif4g1,-0.26367031171917915,-0.015837434306740762,0.0,-0.051571126580238345,-0.021379537135362624,0.0,0.0,0.01381360923871398,0.1797517452761531,0.0,0.0,-0.0028101566433906557,0.0,0.0,0.0,0.0,0.0,0.0038046218920499086,0.0,-0.0028008264303207397,-0.01260843187570572,0.0,0.0,0.014542377404868603,0.0,-0.0001890365779399872,0.007897195294499398,-0.004570963382720947,-0.01078363597393036,0.0,0.0018380359560251237,-0.4130228095129132,-0.005910719484090805,-0.007466544061899185,-0.11452440647408366,0.0,0.0,0.0,0.0,0.0,0.0,-0.018007159903645514,-0.05157823652029037,-0.02473836787045002,0.0,0.0,0.0
Mbd5,1.068722921460867,-0.015837434306740762,0.0,0.018201574087142944,-0.009461350217461586,0.0,-0.0003043346107006073,-0.03718310944736004,0.10900703262072056,0.0,0.0,-0.0014050783216953279,0.0,0.0,0.0,0.0,0.0,0.006284419950097799,0.0,-0.0009336088597774506,-0.029516598358750343,0.0,0.0,-0.061729437708854674,0.0,-0.0001890365779399872,0.004572060480713844,0.08875287234783173,-0.05594704106450081,0.0,0.00961264243349433,0.1999617178365588,-0.05712317250669002,0.11248321011662483,-0.22002687197178603,0.0,0.0,0.0,0.0,0.0,0.0,-0.008868055567145348,-0.05466937530785799,0.023726307898759843,0.0,2.0,2.0
Arhgef25,-0.29896889701485635,-0.006091320887207985,0.0,-0.14864618837833404,-0.013420139998197555,0.0,0.0,0.016355935595929624,0.04822727461345494,0.0,0.0,-0.0028101566433906557,0.0,0.0,0.0,0.0,0.0,0.0020381902903318407,0.0,-0.0028008264303207397,-0.01260843187570572,0.0,0.0,-0.00975256621837616,0.0,-0.0009451828896999359,0.007897195294499398,-0.004570963382720947,0.035993707329034806,0.0,-0.017221079866867512,-0.31880558559671046,0.016385384183377028,-0.007466544061899185,0.07742168664932252,0.0,0.0,0.0,0.0,0.0,0.0,-0.018007159903645514,-0.046392888091504575,-0.01618679888546467,0.0,0.0,1.0
Pcm1,-0.042861079424619676,-0.006091320887207985,0.0,0.07280629634857178,0.03715948186814785,0.0,-0.0006521455943584442,-0.023162114564329386,0.35563533565029504,0.0,0.0,-0.0028101566433906557,0.0,0.0,0.0,0.0,0.0,0.02140099748969078,0.0,-0.0014004132151603699,-0.03189719989895821,0.0,0.0,0.04342226941138506,0.0,-0.0009451828896999359,-0.00976758373901248,-0.001904568076133728,-0.040998053178191184,0.0,0.004695209041237831,0.2964115560054779,-0.05189911153167486,-0.007466544061899185,0.16578303720802068,0.0,0.0,0.0,0.0,0.0,0.0,0.15440672382712364,-0.08619512744247913,0.0519645494222641,0.0,2.0,1.0
Rpl41,-0.2663016167283058,-0.015837434306740762,0.0,0.018201574087142944,-0.021379537135362624,0.0,0.0,-0.005039777960628271,-0.06446353301405906,0.0,0.0,-0.0028101566433906557,0.0,0.0,0.0,0.0,0.0,0.0020381902903318407,0.0,-0.0028008264303207397,-0.01723510041832924,0.0,0.0,-0.00975256621837616,0.0,-0.0001890365779399872,0.002493851110339165,-0.004570963382720947,0.035993707329034806,0.0,0.0018380359560251237,-0.17106214467436076,-0.01666361402720213,-0.04653693944215775,-0.1650022381916642,0.0,0.0,0.0,0.0,0.0,0.0,-0.018007159903645514,-0.05157823652029037,-0.016726978719234467,0.0,0.0,0.0
Prkar1b,-0.1080233833193779,-0.006091320887207985,0.0,0.07280629634857178,0.0005328591167926788,0.0,-0.00021738186478614807,-0.059421222973614934,-0.1358184654917568,0.0,0.0,-0.0028101566433906557,0.0,0.0,0.0,0.0,0.0,-0.00696381663903594,0.0,-0.0028008264303207397,-0.0358467848598957,0.0,0.0,-0.061729437708854674,0.0,-0.0009451828896999359,-0.00976758373901248,-0.004570963382720947,-0.05594704106450081,0.0,-0.010349780768156052,0.14842811096459627,-0.029770937748253345,-0.010149422138929366,0.1594986172579229,0.0,0.0,0.0,0.0,0.0,0.0,-0.03196015954017639,-0.063576839864254,-0.028315249569714068,0.0,0.0,0.0
Sema6d,1.221600397080183,-0.006091320887207985,0.0,0.07280629634857178,-0.0015019530802965165,0.0,0.0,0.004373313095420599,0.12490850921720266,0.0,0.0,-0.0014050783216953279,0.0,0.0,0.0,0.0,0.0,-0.008662308733910322,0.0,-0.0009336088597774506,0.017716244757175446,0.0,0.0,0.042622827030718326,0.0,0.0,0.007897195294499398,-0.0011427408456802367,-0.040998053178191184,0.0,0.03222852151840925,-0.3855284359678626,0.04035062976181507,-0.28777948021888733,0.22879462577402593,0.0,0.0,0.0,0.0,0.0,0.0,-0.014962673410773277,-0.04459011994302273,0.02534607481211424,0.0,0.0,2.0
Celf5,-0.23993978142738343,-0.015837434306740762,0.0,0.018201574087142944,-0.021379537135362624,0.0,0.0,-0.005039777960628271,-0.06421944400295615,0.0,0.0,-0.0028101566433906557,0.0,0.0,0.0,0.0,0.0,0.0020381902903318407,0.0,-0.0014004132151603699,-0.01723510041832924,0.0,0.0,-0.015039935018867254,0.0,-0.0001890365779399872,-0.00498770222067833,-0.004570963382720947,-0.013936925530433655,0.0,-0.014016509745270014,-0.18697402796708049,-0.01666361402720213,-0.010149422138929366,-0.1603906022384763,0.0,0.0,0.0,0.0,0.0,0.0,-0.018007159903645514,-0.04779995381832123,0.022443146705627443,0.0,0.0,0.0
Dna2,-0.22735637668520212,-0.0022700674831867217,0.0,0.027091356180608272,-0.1712152400612831,0.0,-0.010702676381915808,0.020425192005932333,0.16964074302464724,0.0,0.0,0.0,0.0,0.0,0.0,0.0,-0.0011582794785499574,-0.002864033281803131,0.0,0.0,-0.030752691514790056,0.0,0.0,-0.0023209574818611146,0.0,-0.006829189471900463,0.0,0.0,0.0,0.0,0.007286911811679602,0.39785880694165826,0.0,0.006389946341514587,-0.07465076621621847,0.0,-0.008138318359851838,0.36852522190660236,0.0,0.0,0.004605482444167137,0.1629020188190043,0.05432475708425045,0.24191571481525898,0.0,1.0,1.0
Cald1,0.1453789822384715,-0.0022700674831867217,0.0,0.027091356180608272,0.020359047055244446,0.0,-0.0034044135548174383,-0.020425192080438137,0.28305053476244213,0.0,0.0,0.0,0.0,0.0,0.0,0.0,-0.00405397817492485,-0.002864033281803131,0.0,0.0,-0.08371644459664822,0.0,0.0,-0.0023209574818611146,0.0,-0.015291976034641266,0.0,0.0,0.0,0.0,0.0024603348597884178,0.36440192867070437,0.0,-0.13474681813269854,-0.07910283204168081,0.0,-0.003390965983271599,-0.1727964813262224,0.0,0.0,0.0026317045092582704,-0.0983898839354515,0.05432475708425045,0.35201953202486036,0.0,1.0,1.0
5430405H02Rik,-0.17760412640869616,-0.0011350337415933609,0.0,0.010578465797007084,0.023512249886989592,0.0,0.005054884366691112,-0.005043257288634777,-0.20602684665471316,0.0,0.0,0.0,0.0,0.0,0.0,0.0,-0.00405397817492485,-0.010789633691310883,0.0,-0.0014777341485023498,-0.11655312739312648,0.0,0.0,-0.017407179921865464,0.0,-0.024873945862054825,0.0,0.0,0.0,0.0,0.008432204090058803,0.16119617626070976,0.0,0.006389946341514587,0.038922956474125386,0.0,-0.008138318359851838,-0.06539613354951143,0.0,0.0,0.004605482444167137,-0.1385298641771078,-0.05374683413654566,-0.12601622752845287,0.0,1.0,1.0
Adam4,-0.17001978117972613,-0.006810202449560166,0.0,-0.044549105931073425,-0.1712152400612831,0.0,0.10096336046233773,-0.0030259544402360915,0.21809271384030582,0.0,0.0,0.0,0.0,0.0,0.0,0.0,-0.0005791397392749787,-0.002864033281803131,0.0,0.0,0.13033809535205365,0.0,0.0,-0.0023209574818611146,0.0,-0.005225780177861452,0.0,0.0,0.0,0.0,-0.0012046005949378014,0.4260827778838575,0.0,0.009375881291925908,-0.03604034638032317,0.0,0.10105078630149364,0.2772744647786021,0.0,0.0,0.004605482444167137,0.2497843629308045,0.05432475708425045,0.3124158065021038,0.0,1.0,2.0
Foxk2,-0.07167762838304043,-0.0005675168707966804,0.0,0.004362980220466852,-0.024228392466902733,0.0,0.011706865169107914,-0.020425192080438137,-0.11706125958822668,0.0,0.0,0.0,0.0,0.0,0.0,0.0,-0.00405397817492485,-0.0069872474670410155,0.0,-0.0014777341485023498,-0.08371644459664822,0.0,0.0,-0.017407179921865464,0.0,-0.024873945862054825,0.0,0.0,0.0,0.0,0.012164622880518436,0.1296547906845808,0.0,-0.017028037384152414,-0.01615316968411207,0.0,-0.003390965983271599,-0.15236838471144437,0.0,0.0,0.004605482444167137,-0.08198367565870285,-0.05374683413654566,-0.11441927589476109,0.0,1.0,0.0
3110040N11Rik,-0.15454647764563562,-0.0005675168707966804,0.0,0.004362980220466852,-0.06681318573653698,0.0,0.005054884366691112,-0.005043257288634777,-0.05184205597266555,0.0,0.0,0.0,0.0,0.0,0.0,0.0,-0.0011582794785499574,-0.004246719181537628,0.0,0.0,-0.02706990484148264,0.0,0.0,-0.0023209574818611146,0.0,-0.005225780177861452,0.0,0.0,0.0,0.0,-0.0041905352845788,-0.3486861667968333,0.0,-0.000605396144092083,-0.02755888268351555,0.0,0.10105078630149364,0.2824368850514293,0.0,0.0,0.004605482444167137,0.21359696062281727,0.05432475708425045,0.20582289658486844,0.0,1.0,1.0
Ube2n,-0.13035299304872752,-0.0007566891610622406,0.0,0.008069863095879554,0.01582609236240387,0.0,-0.001382716577500105,-0.0030259544402360915,0.06430208571255207,0.0,0.0,0.0,0.0,0.0,0.0,0.0,-0.0011582794785499574,-0.0020233739912509916,0.0,-0.0014777341485023498,0.16669029515236616,0.0,0.0,0.038295798450708386,0.0,0.5131996512413025,0.0,0.0,0.0,0.0,-0.07817641973495483,-0.36635588202625513,0.0,-0.056908307708799837,-0.049107472086325286,0.0,-0.008138318359851838,-0.1244141011685133,0.0,0.0,0.0026317045092582704,-0.02174799632281065,-0.05374683413654566,0.04487341814674437,0.0,1.0,1.0
Strip1,-0.21303434770554305,-0.0022700674831867217,0.0,0.05477565050125122,0.023512249886989592,0.0,0.0029829559661448003,0.012608143500983715,0.35196119498461487,0.0,0.0,0.0,0.0,0.0,0.0,0.0,-0.0011582794785499574,-0.005604561567306519,0.0,-0.0014777341485023498,0.2250576214119792,0.0,0.0,-0.0023209574818611146,0.0,-0.024873945862054825,0.0,0.0,0.0,0.0,0.020375943072140218,0.31914995549246666,0.0,0.06998709976673126,0.1553223304450512,0.0,-0.008138318359851838,-0.1328263495489955,0.0,0.0,0.004605482444167137,-0.1385298641771078,0.05432475708425045,-0.09235858738422394,0.0,1.0,1.0
Coq9,-0.19630412627011537,-0.001324206031858921,0.0,-0.014080549096688629,-0.06681318573653698,0.0,0.0052729821391403675,0.012608143500983715,0.08764326386153698,0.0,0.0,0.0,0.0,0.0,0.0,0.0,-0.0005791397392749787,-0.0025183618068695067,0.0,-0.0014777341485023498,0.1044707614928484,0.0,0.0,0.0,0.0,-0.006829189471900463,0.0,0.0,0.0,0.0,0.011019330602139235,-0.3942518881522119,0.0,-0.07333094894886016,-0.03887894096784294,0.0,-0.008138318359851838,0.1447571351379156,0.0,0.0,0.0026317045092582704,0.12671461628749967,0.05432475708425045,0.09560966927558184,0.0,1.0,1.0
Rps2,-0.1148603392764926,-0.0005675168707966804,0.0,0.004362980220466852,0.01582609236240387,0.0,0.0056546531803905965,-0.005043257288634777,-0.05283197117969394,0.0,0.0,0.0,0.0,0.0,0.0,0.0,-0.00405397817492485,-0.0069872474670410155,0.0,-0.0014777341485023498,-0.04303670354187489,0.0,0.0,-0.0023209574818611146,0.0,-0.024873945862054825,0.0,0.0,0.0,0.0,0.012164622880518436,-0.1660591185837984,0.0,-0.07333094894886016,-0.020052112583070995,0.0,-0.008138318359851838,-0.09411860778927802,0.0,0.0,0.0026317045092582704,-0.09529522478580475,0.05432475708425045,-0.0626122060790658,0.0,1.0,0.0
Pard6b,-0.21348297879099845,-0.0007566891610622406,0.0,0.01200034935027361,0.01582609236240387,0.0,0.005436555426567793,-0.0030259544402360915,0.11297274514101446,0.0,0.0,0.0,0.0,0.0,0.0,0.0,-0.0011582794785499574,-0.0052588900923728945,0.0,-0.0014777341485023498,0.16669029515236616,0.0,0.0,0.0,0.0,-0.024873945862054825,0.0,0.0,0.0,0.0,0.012164622880518436,-0.4339990743994713,0.0,-0.017028037384152414,0.04350285172462463,0.0,-0.008138318359851838,-0.1198353897035122,0.0,0.0,0.004605482444167137,-0.09529522478580475,-0.05374683413654566,-0.08254702933132649,0.0,1.0,1.0
Rpa1,-0.006872999332845211,-0.0005675168707966804,0.0,0.0057301057502627374,0.06211262747645378,0.0,-0.0019322538748383522,0.07438804492354394,-0.0632413958851248,0.0,0.0,0.0,0.0,0.0,0.0,0.0,-0.00405397817492485,-0.0069872474670410155,0.0,-0.0014777341485023498,-0.04819066971540451,0.0,0.0,-0.0023209574818611146,0.0,-0.011730115674436093,0.0,0.0,0.0,0.0,-0.001670892108231783,-0.3104137839004397,0.0,-0.000605396144092083,0.023400023058056833,0.0,-0.003390965983271599,-0.12195890408009291,0.0,0.0,0.004605482444167137,0.22383511688560248,0.05432475708425045,-0.08254702933132649,0.0,1.0,1.0
Chordc1,-0.1483371446467936,-0.0005675168707966804,0.0,0.004362980220466852,0.06211262747645378,0.0,-0.0017141561210155488,-0.005043257288634777,-0.05864341197535396,0.0,0.0,0.0,0.0,0.0,0.0,0.0,-0.0011582794785499574,-0.0069872474670410155,0.0,-0.0014777341485023498,-0.02706990484148264,0.0,0.0,-0.0023209574818611146,0.0,-0.011730115674436093,0.0,0.0,0.0,0.0,0.011019330602139235,-0.3489576726406813,0.0,-0.07333094894886016,-0.01846717430278659,0.0,-0.008138318359851838,0.22974862445145847,0.0,0.0,0.0026317045092582704,0.2167738040164113,0.05432475708425045,-0.0626122060790658,0.0,1.0,1.0
Rsad1,-0.21348297879099845,-0.0005675168707966804,0.0,0.0057301057502627374,0.01582609236240387,0.0,0.005436555426567793,-0.0030259544402360915,-0.05585712148807943,0.0,0.0,0.0,0.0,0.0,0.0,0.0,-0.0011582794785499574,-0.0069872474670410155,0.0,-0.0014777341485023498,0.16669029515236616,0.0,0.0,-0.0023209574818611146,0.0,-0.024873945862054825,0.0,0.0,0.0,0.0,0.012164622880518436,-0.22175238113850354,0.0,-0.017028037384152414,0.010568621344864368,0.0,-0.008138318359851838,-0.12018759824335574,0.0,0.0,0.004605482444167137,-0.09529522478580475,-0.05374683413654566,-0.08254702933132649,0.0,1.0,1.0
Abcb6,-0.17874393157660962,-0.0007566891610622406,0.0,-0.0071884656697511675,-0.024228392466902733,0.0,0.005054884366691112,-0.005043257288634777,-0.10815056687220931,0.0,0.0,0.0,0.0,0.0,0.0,0.0,-0.00405397817492485,-0.004246719181537628,0.0,-0.0014777341485023498,-0.06393703274428844,0.0,0.0,-0.017407179921865464,0.0,-0.021161537244915964,0.0,0.0,0.0,0.0,0.012164622880518436,0.13420352950692177,0.0,-0.017028037384152414,-0.03286555521190167,0.0,-0.008138318359851838,-0.12259094167500734,0.0,0.0,0.004605482444167137,-0.08388479828834533,-0.05374683413654566,0.045229624062776565,0.0,1.0,1.0
Zfp148,-0.07132752638310194,-0.0022700674831867217,0.0,0.05477565050125122,0.023512249886989592,0.0,-0.004385853335261345,-0.020425192080438137,0.35196119498461487,0.0,0.0,0.0,0.0,0.0,0.0,0.0,-0.00405397817492485,-0.005604561567306519,0.0,-0.0014777341485023498,-0.08371644459664822,0.0,0.0,-0.0023209574818611146,0.0,-0.020565060526132585,0.0,0.0,0.0,0.0,-0.011367005109786988,0.3248979709483683,0.0,0.05132500562816858,0.1553223304450512,0.0,-0.003390965983271599,-0.15236838471144437,0.0,0.0,0.004605482444167137,-0.1240304546058178,0.05432475708425045,-0.09235858738422394,0.0,1.0,0.0
Zeb1,0.18298320680856706,-0.0007566891610622406,0.0,0.008069863095879554,0.013960286974906921,0.0,0.012088536191731692,0.028242240976542234,0.06390655316412448,0.0,0.0,0.0,0.0,0.0,0.0,0.0,-0.0011582794785499574,-0.0052588900923728945,0.0,-0.0014777341485023498,0.3520479434728622,0.0,0.0,0.038295798450708386,0.0,-0.01231846421957016,0.0,0.0,0.0,0.0,-0.004648652225732804,-0.36901418432593347,0.0,-0.14472809556871652,-0.02664773168042302,0.0,-0.003390965983271599,0.11765828799456358,0.0,0.0,0.0026317045092582704,-0.0780527140200138,-0.05374683413654566,-0.06561389595270156,0.0,1.0,1.0
Stac2,-0.12450820155441761,-0.0007566891610622406,0.0,0.01200034935027361,-0.024228392466902733,0.0,-0.0023139249347150326,-0.005043257288634777,0.2872052476927638,0.0,0.0,0.0,0.0,0.0,0.0,0.0,-0.00405397817492485,-0.0052588900923728945,0.0,-0.0014777341485023498,-0.11655312739312648,0.0,0.0,-0.0023209574818611146,0.0,-0.02606246344745159,0.0,0.0,0.0,0.0,-0.000525599829852581,0.18740597676485776,0.0,-0.056908307708799837,0.11216034356504678,0.0,-0.008138318359851838,-0.06997484501451254,0.0,0.0,0.0026317045092582704,-0.0712865113466978,-0.05374683413654566,-0.12601622752845287,0.0,1.0,1.0
Slc25a35,-0.18107123244553805,-0.0005675168707966804,0.0,0.004362980220466852,-0.1712152400612831,0.0,0.011706865169107914,0.020425192005932333,-0.11706125958822668,0.0,0.0,0.0,0.0,0.0,0.0,0.0,-0.00405397817492485,-0.0069872474670410155,0.0,-0.0014777341485023498,-0.061919729635119436,0.0,0.0,-0.017407179921865464,0.0,-0.010541598089039326,0.0,0.0,0.0,0.0,0.011019330602139235,0.1493505704216659,0.0,-0.017028037384152414,-0.01615316968411207,0.0,-0.008138318359851838,-0.12259094167500734,0.0,0.0,0.004605482444167137,0.16806220905855299,0.05432475708425045,-0.11441927589476109,0.0,1.0,0.0
Grina,-0.10768188361078501,-0.0007566891610622406,0.0,-0.0071884656697511675,-0.015101080108433963,0.0,0.005054884366691112,-0.005043257288634777,-0.04110020561143756,0.0,0.0,0.0,0.0,0.0,0.0,0.0,-0.00405397817492485,-0.004246719181537628,0.0,0.0,-0.04303670354187489,0.0,0.0,-0.0023209574818611146,0.0,-0.021161537244915964,0.0,0.0,0.0,0.0,0.012164622880518436,-0.2556012929789722,0.0,-0.07333094894886016,-0.027264023050665855,0.0,-0.008138318359851838,-0.09411860778927802,0.0,0.0,0.0026317045092582704,-0.07475748524069786,0.05432475708425045,0.20582289658486844,0.0,0.0,0.0
Necab3,-0.22624772679060698,-0.0005675168707966804,0.0,0.0057301057502627374,-0.015101080108433963,0.0,0.005436555426567793,-0.005043257288634777,-0.06535464708693325,0.0,0.0,0.0,0.0,0.0,0.0,0.0,-0.0011582794785499574,-0.0069872474670410155,0.0,-0.0014777341485023498,-0.02706990484148264,0.0,0.0,-0.0023209574818611146,0.0,-0.019376543015241623,0.0,0.0,0.0,0.0,-0.004648652225732804,-0.23037441125139593,0.0,-0.000605396144092083,0.021286772042512895,0.0,-0.008138318359851838,0.22798758197575808,0.0,0.0,0.004605482444167137,-0.07991767548024654,0.05432475708425045,-0.08254702933132649,0.0,0.0,1.0
Gria1,0.9568026827648282,-0.0007566891610622406,0.0,0.01200034935027361,0.015354577004909515,0.0,-0.02140433741733432,-0.0063040716387331485,0.27875369165092706,0.0,0.0,0.0,0.0,0.0,0.0,0.0,-0.0011582794785499574,0.059533952064812184,0.0,0.0,0.29725616429001095,0.0,0.0,-0.0023209574818611146,0.0,0.029748037979006766,0.0,0.0,0.0,0.0,-0.04852144002914429,0.265213115811348,0.0,0.3002165576815605,0.1478068993613124,0.0,-0.003390965983271599,-0.16260379362851382,0.0,0.0,0.009868890792131425,0.08014877800829709,-0.02600653264671564,0.16574670745059847,0.0,0.0,2.0
Pabpn1,-0.21080440867692232,-0.0007566891610622406,0.0,0.008069863095879554,0.01582609236240387,0.0,-0.0025865470990538595,-0.0030259544402360915,0.08201848395168782,0.0,0.0,0.0,0.0,0.0,0.0,0.0,-0.0011582794785499574,-0.0025183618068695067,0.0,-0.0014777341485023498,0.16669029515236616,0.0,0.0,0.0,0.0,-0.02235005483031273,0.0,0.0,0.0,0.0,0.012164622880518436,-0.3443414086475968,0.0,-0.017028037384152414,-0.045458012986928226,0.0,-0.008138318359851838,-0.1244141011685133,0.0,0.0,0.004605482444167137,-0.08269693784415721,0.05432475708425045,0.09474382236599922,0.0,0.0,1.0
Srcin1,-0.07959320910274982,-0.0005675168707966804,0.0,0.0057301057502627374,0.01582609236240387,0.0,-0.0019322538748383522,-0.020425192080438137,-0.0632413958851248,0.0,0.0,0.0,0.0,0.0,0.0,0.0,-0.00405397817492485,-0.0069872474670410155,0.0,-0.0014777341485023498,-0.1154322100430727,0.0,0.0,-0.0023209574818611146,0.0,-0.020565060526132585,0.0,0.0,0.0,0.0,-0.04943767391145229,-0.16215779714286327,0.0,0.097749108299613,0.023400023058056833,0.0,-0.003390965983271599,-0.06934280712157488,0.0,0.0,0.004605482444167137,-0.08079581521451473,-0.05374683413654566,-0.08254702933132649,0.0,0.0,0.0
Snx32,-0.2706120113655925,0.007188547030091285,0.0,-0.005296742394566536,0.01582609236240387,0.0,-0.0019322538748383522,0.012608143500983715,-0.05687169294804335,0.0,0.0,0.0,0.0,0.0,0.0,0.0,-0.0005791397392749787,-0.004246719181537628,0.0,-0.0014777341485023498,0.1044707614928484,0.0,0.0,-0.0023209574818611146,0.0,-0.01685265190899372,0.0,0.0,0.0,0.0,-0.004648652225732804,-0.2452905064076185,0.0,-0.000605396144092083,-0.02833881463855505,0.0,-0.008138318359851838,0.1333103571459651,0.0,0.0,0.004605482444167137,-0.0878571280837059,0.05432475708425045,0.08869882225990296,0.0,0.0,1.0
Cox8a,-0.17684524711221455,-0.0007566891610622406,0.0,0.008069863095879554,0.01582609236240387,0.0,-0.0019322538748383522,-0.005043257288634777,0.09202269590459763,0.0,0.0,0.0,0.0,0.0,0.0,0.0,-0.00405397817492485,-0.0052588900923728945,0.0,-0.0014777341485023498,-0.04303670354187489,0.0,0.0,0.0,0.0,-0.02606246344745159,0.0,0.0,0.0,0.0,0.06367199759930373,-0.2483228170312941,0.0,0.1776228665560484,-0.026227801460772752,0.0,-0.008138318359851838,-0.09834511071443558,0.0,0.0,0.004605482444167137,-0.08269693784415721,0.05432475708425045,-0.06696979470551014,0.0,0.0,1.0
Stk25,-0.1735977552458644,-0.0007566891610622406,0.0,0.008069863095879554,0.01582609236240387,0.0,0.004782262202352286,-0.005043257288634777,0.08201848395168782,0.0,0.0,0.0,0.0,0.0,0.0,0.0,-0.00405397817492485,-0.0052588900923728945,0.0,-0.0014777341485023498,-0.04303670354187489,0.0,0.0,0.0,0.0,-0.024873945862054825,0.0,0.0,0.0,0.0,0.012164622880518436,-0.29779067542403936,0.0,-0.017028037384152414,-0.026865829546004534,0.0,-0.008138318359851838,-0.09834511071443558,0.0,0.0,0.004605482444167137,-0.09529522478580475,0.05432475708425045,-0.06092479459941387,0.0,0.0,1.0
Cdh13,0.6376572455838323,-0.0005675168707966804,0.0,0.004362980220466852,0.015354577004909515,0.0,-0.02102266637608409,-0.0063040716387331485,-0.11205589788034559,0.0,0.0,0.0,0.0,0.0,0.0,0.0,0.05385999575257301,0.17627883337438108,0.0,-0.000492578074336052,0.40335370160639283,0.0,0.0,-0.017407179921865464,0.0,-0.0046536152064800265,0.0,0.0,0.0,0.0,-0.003732418343424797,0.12254425413906574,0.0,-0.2754080616310239,-0.018014980591833592,0.0,-0.003390965983271599,0.11474786646664142,0.0,0.0,-0.04737067960202694,0.08014877800829709,-0.02600653264671564,-0.04125950059853494,0.0,0.0,0.0
Baiap2,-0.07801985509693622,-0.0011350337415933609,0.0,0.0069897609762847425,-0.024228392466902733,0.0,-0.0023139249347150326,-0.020425192080438137,-0.1421533577516675,0.0,0.0,0.0,0.0,0.0,0.0,0.0,-0.00405397817492485,-0.010789633691310883,0.0,-0.0014777341485023498,-0.13633253924548627,0.0,0.0,-0.017407179921865464,0.0,-0.020565060526132585,0.0,0.0,0.0,0.0,-0.011367005109786988,0.11492130234837532,0.0,0.05132500562816858,-0.005531765166670084,0.0,-0.003390965983271599,-0.09975228775292636,0.0,0.0,0.004605482444167137,-0.06938538871705532,-0.05374683413654566,-0.12601622752845287,0.0,0.0,0.0
Srsf5,-0.197851099409163,-0.0022700674831867217,0.0,0.027091356180608272,-0.024228392466902733,0.0,-0.004385853335261345,0.020425192005932333,0.2892905823886395,0.0,0.0,0.0,0.0,0.0,0.0,0.0,-0.0011582794785499574,-0.005604561567306519,0.0,-0.0014777341485023498,-0.030752691514790056,0.0,0.0,-0.0023209574818611146,0.0,-0.02606246344745159,0.0,0.0,0.0,0.0,0.008432204090058803,0.34154073720797895,0.0,-0.04991296522319317,-0.05943041142076254,0.0,-0.008138318359851838,0.36852522190660236,0.0,0.0,0.0026317045092582704,-0.07644670158624649,0.05432475708425045,-0.0767813527584076,0.0,0.0,1.0
Nrn1,-0.18111075393855572,-0.0007566891610622406,0.0,0.01200034935027361,0.01582609236240387,0.0,0.004782262202352286,-0.005043257288634777,0.08902500241994858,0.0,0.0,0.0,0.0,0.0,0.0,0.0,0.13059601120650768,-0.0025183618068695067,0.0,-0.0014777341485023498,-0.02392509236931801,0.0,0.0,0.0,0.0,-0.021161537244915964,0.0,0.0,0.0,0.0,0.06367199759930373,-0.27320903338491914,0.0,0.1776228665560484,0.040362578630447385,0.0,-0.008138318359851838,-0.07836479011923075,0.0,0.0,0.004605482444167137,-0.09529522478580475,-0.05374683413654566,0.12941573195159436,0.0,0.0,1.0
Fbxl17,0.9622793294861913,0.015322955511510371,0.0,-0.012775585912168026,-0.014751878529787064,0.0,0.01154271699488163,-0.0063040716387331485,-0.16616234904155136,0.0,0.0,0.0,0.0,0.0,0.0,0.0,-0.0011582794785499574,0.11355801984667778,0.0,-0.000492578074336052,0.4638737965375185,0.0,0.0,-0.017407179921865464,0.0,0.27962592294439675,0.0,0.0,0.0,0.0,-0.021590804476290942,0.24118415221571923,0.0,0.21184333067387343,0.03261798728257417,0.0,-0.003390965983271599,0.11382475107908249,0.0,0.0,0.009868890792131425,0.09440908148884773,-0.02600653264671564,-0.06164360672235489,0.0,2.0,0.0
Tmem63b,-0.1977897698059678,-0.0007566891610622406,0.0,-0.008897372558712958,-0.024228392466902733,0.0,0.011706865169107914,0.020425192005932333,-0.15054162566550075,0.0,0.0,0.0,0.0,0.0,0.0,0.0,-0.00405397817492485,-0.0069872474670410155,0.0,-0.0014777341485023498,-0.11453582428395748,0.0,0.0,-0.017407179921865464,0.0,-0.024873945862054825,0.0,0.0,0.0,0.0,0.012164622880518436,0.13883003529161214,0.0,-0.017028037384152414,0.03260000035166741,0.0,-0.008138318359851838,-0.06539613354951143,0.0,0.0,0.004605482444167137,-0.08388479828834533,0.05432475708425045,-0.12999651052057742,0.0,0.0,0.0
Col4a2,-0.01836881406605244,-0.0011350337415933609,0.0,0.0069897609762847425,-0.024228392466902733,0.0,-0.0023139249347150326,-0.020425192080438137,-0.1421533577516675,0.0,0.0,0.0,0.0,0.0,0.0,0.0,-0.00405397817492485,-0.010789633691310883,0.0,-0.0014777341485023498,-0.13633253924548627,0.0,0.0,-0.017407179921865464,0.0,-0.02606246344745159,0.0,0.0,0.0,0.0,0.0024603348597884178,0.14716613955795765,0.0,-0.04692703027278185,-0.021108999941498043,0.0,-0.003390965983271599,-0.09975228775292636,0.0,0.0,0.0026317045092582704,-0.06938538871705532,-0.05374683413654566,-0.11043899290263653,0.0,0.0,0.0
Lztr1,-0.20522466596215963,-0.0018917229026556015,0.0,-0.013378878533840179,-0.024228392466902733,0.0,-0.0034044135548174383,-0.005043257288634777,-0.1263434597849846,0.0,0.0,0.0,0.0,0.0,0.0,0.0,-0.0011582794785499574,-0.008049105405807494,0.0,0.0,-0.03276999462395906,0.0,0.0,-0.017407179921865464,0.0,-0.02235005483031273,0.0,0.0,0.0,0.0,0.0024603348597884178,0.2799994982779026,0.0,0.009375881291925908,-0.009943848494440317,0.0,-0.008138318359851838,0.30829755872488024,0.0,0.0,0.004605482444167137,-0.07644670158624649,0.05432475708425045,0.35201953202486036,0.0,0.0,0.0
Gpr158,1.092229445800185,-0.0005675168707966804,0.0,0.0057301057502627374,0.011511497348546982,0.0,-0.020859093051403762,-0.020425192080438137,-0.05924427505582571,0.0,0.0,0.0,0.0,0.0,0.0,0.0,-0.00405397817492485,0.17627883337438108,0.0,-0.000492578074336052,-0.1154322100430727,0.0,0.0,-0.0023209574818611146,0.0,-0.0046536152064800265,0.0,0.0,0.0,0.0,-0.003732418343424797,-0.20845001021400095,0.0,0.20186205323785544,0.022868077084422112,0.0,-0.003390965983271599,-0.06934280712157488,0.0,0.0,0.009868890792131425,0.09263878460973501,-0.02600653264671564,-0.04487653363496065,0.0,2.0,0.0
Matk,-0.1620776591822505,-0.0007566891610622406,0.0,-0.0071884656697511675,-0.06681318573653698,0.0,0.005436555426567793,-0.005043257288634777,-0.046141772335395216,0.0,0.0,0.0,0.0,0.0,0.0,0.0,-0.00405397817492485,-0.0069872474670410155,0.0,-0.0014777341485023498,-0.04303670354187489,0.0,0.0,-0.0023209574818611146,0.0,-0.008938188795000315,0.0,0.0,0.0,0.0,-0.0041905352845788,-0.18378879906609655,0.0,-0.000605396144092083,-0.011331569477915764,0.0,-0.008138318359851838,-0.09411860778927802,0.0,0.0,0.004605482444167137,0.13347821624949574,0.05432475708425045,-0.06696979470551014,0.0,0.0,0.0
Susd4,-0.07801985509693622,-0.006810202449560166,0.0,-0.08453753031790257,-0.024228392466902733,0.0,-0.0023139249347150326,-0.020425192080438137,0.30577935691922903,0.0,0.0,0.0,0.0,0.0,0.0,0.0,-0.00405397817492485,-0.005604561567306519,0.0,-0.0014777341485023498,-0.08371644459664822,0.0,0.0,-0.0023209574818611146,0.0,-0.020565060526132585,0.0,0.0,0.0,0.0,-0.0016627175360918046,0.2978919857367873,0.0,0.009375881291925908,0.11540726700797677,0.0,-0.003390965983271599,-0.15236838471144437,0.0,0.0,0.004605482444167137,-0.06938538871705532,-0.05374683413654566,-0.12601622752845287,0.0,0.0,0.0
Vps13b,1.0792132129892706,-0.0022700674831867217,0.0,0.05477565050125122,0.015354577004909515,0.0,-0.024675803277641534,-0.020425192080438137,0.3074963514879346,0.0,0.0,0.0,0.0,0.0,0.0,0.0,-0.0011582794785499574,-0.002864033281803131,0.0,0.0,-0.05254940647631884,0.0,0.0,-0.0023209574818611146,0.0,-0.004827367402613163,0.0,0.0,0.0,0.0,0.0070578533411026,0.3946640097349882,0.0,0.2088573957234621,0.080478345612064,0.0,-0.003390965983271599,0.4635609182342887,0.0,0.0,0.009868890792131425,0.0787908333260566,-0.02600653264671564,0.21546799138188363,0.0,2.0,2.0
Tiam2,0.12701322413980962,-0.0022700674831867217,0.0,0.027091356180608272,0.020359047055244446,0.0,0.0017834184877574444,-0.020425192080438137,0.21267042946070433,0.0,0.0,0.0,0.0,0.0,0.0,0.0,0.13059601120650768,-0.002864033281803131,0.0,0.0,-0.11722092989832163,0.0,0.0,-0.0023209574818611146,0.0,-0.014103458449244499,0.0,0.0,0.0,0.0,0.008432204090058803,0.29655055698007343,0.0,-0.13773275308310987,-0.1214547778479755,0.0,-0.003390965983271599,-0.10020006574690342,0.0,0.0,0.0026317045092582704,-0.11098817087709904,-0.05374683413654566,0.22752413891255854,0.0,0.0,0.0
Immp2l,0.6626941439695656,-0.0022700674831867217,0.0,0.027091356180608272,0.015354577004909515,0.0,0.03591513803228736,-0.0063040716387331485,0.08127610477618873,0.0,0.0,0.0,0.0,0.0,0.0,0.0,-0.0011582794785499574,0.08131125498563051,0.0,0.0,0.29725616429001095,0.0,0.0,0.07311015576124191,0.0,0.19325054911896586,0.0,0.0,0.0,0.0,-0.021590804476290942,0.35961119174957273,0.0,0.1578933971375227,-0.09804572429507971,0.0,-0.003390965983271599,-0.18303189024329186,0.0,0.0,-0.18027174413204194,0.07791469972580671,-0.02600653264671564,0.11639841994270682,0.0,2.0,2.0
Gabbr2,0.8560609164834022,-0.0022700674831867217,0.0,0.05477565050125122,0.015354577004909515,0.0,-0.024675803277641534,-0.020425192080438137,0.2553694873675704,0.0,0.0,0.0,0.0,0.0,0.0,0.0,-0.00405397817492485,-0.002864033281803131,0.0,0.0,-0.13633253924548627,0.0,0.0,-0.0023209574818611146,0.0,-0.003911133483052253,0.0,0.0,0.0,0.0,-0.010450771227478981,0.2868970199674368,0.0,0.19984252147376538,0.05652816613204777,0.0,-0.003390965983271599,-0.1201803843677044,0.0,0.0,-0.18027174413204194,0.08014877800829709,-0.02600653264671564,0.21546799138188363,0.0,0.0,0.0
Kcnq2,0.038617000579833985,-0.0018917229026556015,0.0,-0.013378878533840179,-0.024228392466902733,0.0,-0.0023139249347150326,0.07438804492354394,-0.15045507702976466,0.0,0.0,0.0,0.0,0.0,0.0,0.0,-0.0011582794785499574,-0.010789633691310883,0.0,-0.0014777341485023498,-0.03792396079748869,0.0,0.0,-0.017407179921865464,0.0,-0.02606246344745159,0.0,0.0,0.0,0.0,0.020375943072140218,0.11297068476676941,0.0,0.06998709976673126,-0.0120975580252707,0.0,-0.003390965983271599,0.4033332550525665,0.0,0.0,0.004605482444167137,-0.07074333339929581,-0.05374683413654566,-0.11043899290263653,0.0,0.0,0.0
Mapt,-0.0768800499290228,-0.0005675168707966804,0.0,0.004362980220466852,0.023512249886989592,0.0,-0.0023139249347150326,-0.020425192080438137,-0.11308097643777729,0.0,0.0,0.0,0.0,0.0,0.0,0.0,-0.00405397817492485,-0.0069872474670410155,0.0,-0.0014777341485023498,-0.13633253924548627,0.0,0.0,-0.017407179921865464,0.0,-0.020565060526132585,0.0,0.0,0.0,0.0,-0.004648652225732804,0.13130531914532184,0.0,-0.000605396144092083,-0.01615316968411207,0.0,-0.003390965983271599,-0.09975228775292636,0.0,0.0,0.004605482444167137,-0.1240304546058178,-0.05374683413654566,-0.11043899290263653,0.0,0.0,0.0
Syt7,-0.07664550431072711,-0.006810202449560166,0.0,-0.044549105931073425,-0.024228392466902733,0.0,-0.0023139249347150326,-0.020425192080438137,0.22789426922798156,0.0,0.0,0.0,0.0,0.0,0.0,0.0,-0.00405397817492485,-0.005604561567306519,0.0,-0.0014777341485023498,-0.13633253924548627,0.0,0.0,-0.0023209574818611146,0.0,-0.02606246344745159,0.0,0.0,0.0,0.0,0.008432204090058803,0.24235745787620544,0.0,0.006389946341514587,-0.055622936356812716,0.0,-0.003390965983271599,-0.1201803843677044,0.0,0.0,0.004605482444167137,-0.06938538871705532,-0.05374683413654566,-0.11043899290263653,0.0,0.0,1.0
R3hdm4,-0.185732596591115,-0.0007566891610622406,0.0,-0.0071884656697511675,0.01582609236240387,0.0,-0.0019322538748383522,-0.005043257288634777,-0.046141772335395216,0.0,0.0,0.0,0.0,0.0,0.0,0.0,-0.00405397817492485,-0.0069872474670410155,0.0,-0.0014777341485023498,-0.04303670354187489,0.0,0.0,-0.0023209574818611146,0.0,-0.020565060526132585,0.0,0.0,0.0,0.0,-0.004648652225732804,-0.16921871718019246,0.0,-0.000605396144092083,-0.011331569477915764,0.0,-0.008138318359851838,-0.09411860778927802,0.0,0.0,0.004605482444167137,-0.08269693784415721,-0.05374683413654566,-0.06696979470551014,0.0,0.0,0.0
Rrp1,-0.21752393901348113,-0.0005675168707966804,0.0,0.004362980220466852,0.01582609236240387,0.0,-0.0019322538748383522,-0.0030259544402360915,-0.05107218190096319,0.0,0.0,0.0,0.0,0.0,0.0,0.0,-0.0011582794785499574,-0.0069872474670410155,0.0,-0.0014777341485023498,0.16669029515236616,0.0,0.0,-0.0023209574818611146,0.0,-0.02606246344745159,0.0,0.0,0.0,0.0,0.06367199759930373,-0.16145458169281482,0.0,0.1776228665560484,-0.013211367391049863,0.0,-0.008138318359851838,-0.12018759824335574,0.0,0.0,0.004605482444167137,-0.08269693784415721,-0.05374683413654566,-0.06696979470551014,0.0,0.0,0.0
Tmem132b,0.9669405576772988,-0.0022700674831867217,0.0,0.027091356180608272,0.015354577004909515,0.0,-0.010563711132854224,-0.0063040716387331485,0.16032337877899408,0.0,0.0,0.0,0.0,0.0,0.0,0.0,-0.0011582794785499574,-0.0036246101558208466,0.0,-0.000492578074336052,0.4638737965375185,0.0,0.0,0.07311015576124191,0.0,0.300781538086012,0.0,0.0,0.0,0.0,-0.03129509204998612,0.29182322658598425,0.0,0.2537924550101161,-0.06754111770540476,0.0,-0.003390965983271599,0.08881794299930335,0.0,0.0,0.009868890792131425,0.057709895931184294,-0.02600653264671564,-0.06164360672235489,0.0,0.0,2.0
Col6a1,-0.18388976071029903,-0.0018917229026556015,0.0,-0.013378878533840179,-0.024228392466902733,0.0,0.0039643957465887066,0.012608143500983715,-0.1263434597849846,0.0,0.0,0.0,0.0,0.0,0.0,0.0,-0.0005791397392749787,-0.008049105405807494,0.0,0.0,0.12252104580402375,0.0,0.0,-0.017407179921865464,0.0,-0.021161537244915964,0.0,0.0,0.0,0.0,0.0024603348597884178,0.2913996805250645,0.0,-0.04692703027278185,-0.009943848494440317,0.0,-0.008138318359851838,0.16435854382812976,0.0,0.0,0.0026317045092582704,-0.08904498852789403,0.05432475708425045,0.35201953202486036,0.0,0.0,1.0
Odf2,-0.17684524711221455,-0.0005675168707966804,0.0,0.004362980220466852,0.01582609236240387,0.0,-0.0019322538748383522,-0.005043257288634777,-0.05107218190096319,0.0,0.0,0.0,0.0,0.0,0.0,0.0,-0.00405397817492485,-0.0069872474670410155,0.0,-0.0014777341485023498,-0.04303670354187489,0.0,0.0,-0.0023209574818611146,0.0,-0.02606246344745159,0.0,0.0,0.0,0.0,0.012164622880518436,-0.17041670832782985,0.0,-0.017028037384152414,-0.013211367391049863,0.0,-0.008138318359851838,-0.09411860778927802,0.0,0.0,0.004605482444167137,-0.08269693784415721,0.05432475708425045,-0.06696979470551014,0.0,0.0,0.0
Tbc1d24,-0.17874393157660962,-0.0007566891610622406,0.0,-0.0071884656697511675,-0.024228392466902733,0.0,0.005054884366691112,-0.005043257288634777,-0.10815056687220931,0.0,0.0,0.0,0.0,0.0,0.0,0.0,-0.00405397817492485,-0.0069872474670410155,0.0,-0.0014777341485023498,-0.06393703274428844,0.0,0.0,-0.017407179921865464,0.0,-0.024873945862054825,0.0,0.0,0.0,0.0,0.012164622880518436,0.13420352950692177,0.0,-0.017028037384152414,-0.014273371770977974,0.0,-0.008138318359851838,-0.12259094167500734,0.0,0.0,0.004605482444167137,-0.08388479828834533,-0.05374683413654566,-0.11043899290263653,0.0,0.0,0.0
Cck,-0.21736824195832014,-0.0007566891610622406,0.0,-0.0071884656697511675,-0.015101080108433963,0.0,0.005054884366691112,-0.005043257288634777,-0.04691164640709758,0.0,0.0,0.0,0.0,0.0,0.0,0.0,0.05357042588293552,-0.004246719181537628,0.0,0.0,-0.02185764741152525,0.0,0.0,-0.0023209574818611146,0.0,-0.021161537244915964,0.0,0.0,0.0,0.0,0.012164622880518436,-0.3144044046662748,0.0,-0.017028037384152414,-0.02567908477038145,0.0,-0.008138318359851838,0.16980766281485557,0.0,0.0,0.004605482444167137,-0.07991767548024654,0.05432475708425045,0.20582289658486844,0.0,0.0,1.0
Fgfr2,0.9671931486949324,-0.0011350337415933609,0.0,0.010578465797007084,0.015354577004909515,0.0,-0.02102266637608409,-0.0063040716387331485,-0.14341155584901571,0.0,0.0,0.0,0.0,0.0,0.0,0.0,-0.0011582794785499574,0.263733716532588,0.0,-0.000492578074336052,0.4638737965375185,0.0,0.0,-0.017407179921865464,0.0,-0.0055698491260409355,0.0,0.0,0.0,0.0,0.0070578533411026,0.23773863850161434,0.0,0.15490746218711138,0.010891729258000851,0.0,-0.003390965983271599,0.10924603961408139,0.0,0.0,-0.18027174413204194,0.08014877800829709,-0.02600653264671564,-0.056836736164987085,0.0,2.0,2.0
Meg3,-0.20662940058857202,-0.0007566891610622406,0.0,-0.008897372558712958,-0.015101080108433963,0.0,0.005436555426567793,-0.0030259544402360915,-0.05523495386354625,0.0,0.0,0.0,0.0,0.0,0.0,0.0,-0.0011582794785499574,-0.004246719181537628,0.0,-0.0014777341485023498,0.16669029515236616,0.0,0.0,-0.0023209574818611146,0.0,-0.021161537244915964,0.0,0.0,0.0,0.0,0.012164622880518436,-0.21008136184886098,0.0,-0.017028037384152414,0.05386074904352427,0.0,-0.008138318359851838,-0.1182504514977336,0.0,0.0,0.004605482444167137,-0.07475748524069786,0.05432475708425045,0.12337073184549809,0.0,0.0,1.0
Sorbs2os,-0.06509154539555312,-0.0022700674831867217,0.0,0.027091356180608272,-0.024228392466902733,0.0,0.005054884366691112,-0.020425192080438137,0.25893891751766207,0.0,0.0,0.0,0.0,0.0,0.0,0.0,-0.00405397817492485,-0.002864033281803131,0.0,-0.0014777341485023498,-0.08371644459664822,0.0,0.0,-0.0023209574818611146,0.0,-0.021161537244915964,0.0,0.0,0.0,0.0,0.020375943072140218,0.19321774542331696,0.0,0.06998709976673126,-0.09984872501343489,0.0,-0.003390965983271599,-0.1727964813262224,0.0,0.0,0.004605482444167137,-0.08198367565870285,0.05432475708425045,0.045229624062776565,0.0,2.0,1.0
4930402H24Rik,0.21242223165929316,-0.0007566891610622406,0.0,0.008069863095879554,0.013960286974906921,0.0,-0.0023139249347150326,-0.020425192080438137,0.0970642626285553,0.0,0.0,0.0,0.0,0.0,0.0,0.0,-0.00405397817492485,-0.0025183618068695067,0.0,0.0,-0.06281611539423465,0.0,0.0,0.0,0.0,-0.009794573113322259,0.0,0.0,0.0,0.0,-0.04943767391145229,-0.38167475134134293,0.0,0.15629563353955744,0.023666124176234007,0.0,-0.003390965983271599,-0.12812255375087261,0.0,0.0,0.004605482444167137,-0.06545442707836628,-0.05374683413654566,0.24049480617046357,0.0,0.0,1.0
Cacna1a,0.5339644540101289,-0.0011350337415933609,0.0,0.0069897609762847425,0.015354577004909515,0.0,0.022952486276626587,-0.020425192080438137,-0.1473503651842475,0.0,0.0,0.0,0.0,0.0,0.0,0.0,0.13059601120650768,-0.010789633691310883,0.0,-0.000492578074336052,-0.06460483342409135,0.0,0.0,-0.017407179921865464,0.0,-0.007826665490865707,0.0,0.0,0.0,0.0,0.0070578533411026,0.1379823053255677,0.0,-0.35328517623245714,-0.02297081084921956,0.0,-0.003390965983271599,-0.13238806564360858,0.0,0.0,0.00394755631685257,0.12079607911407947,-0.02600653264671564,-0.06883581191301345,0.0,0.0,0.0
Bmp1,-0.32343760173767805,0.0,0.0,0.0,-0.059095553606748584,0.0,0.0,0.0,-0.04569887101650238,0.0,0.0,0.009714636728167534,0.0,0.0,0.0,0.0,0.0,0.0,-0.06583762079477311,0.0,-0.011911053583025933,0.0,-0.004507732018828392,-0.014235771074891091,0.0,-0.018799131512641908,0.0,0.0,0.0,0.0,0.06175353445112705,0.09985542301088572,0.0,-0.020715106278657913,0.06088021352887154,0.0,0.0,-0.05124267570674419,0.0,0.0,0.0,-0.10614161409437656,0.0,-0.05017449777573347,-0.03979961175471544,1.0,0.0
Fam49a,0.0820428223349154,0.0,0.0,0.0,-0.0552142970263958,0.0,0.0,0.0,0.047456519901752474,0.0,0.0,0.009714636728167534,0.0,0.0,0.0,0.0,0.0,0.0,0.2978353568166494,0.0,0.0526192519813776,0.0,0.11892957679927349,0.0777883206680417,0.0,0.03150840375572443,0.0,0.0,0.0,0.0,0.08945523373782635,0.14277813106775283,0.0,0.8024265985190868,0.08858191300183535,0.0,0.0,0.252346372269094,0.0,0.0,0.0,-0.002471250966191292,0.0,0.1665356246009469,-0.06313581392168999,1.0,2.0
Pold4,-0.32299275651574133,0.0,0.0,0.0,-0.10882072992622853,0.0,0.0,0.0,-0.017576488852500915,0.0,0.0,-0.002989118993282318,0.0,0.0,0.0,0.0,0.0,0.0,-0.08281733140349389,0.0,0.013264275342226028,0.0,-0.007035733759403228,0.008643146716058253,0.0,-0.004236424267292023,0.0,0.0,0.0,0.0,-0.0183219675719738,-0.20334635749459268,0.0,-0.03604477129876613,-0.028245136216282843,0.0,0.0,-0.07007206656038761,0.0,0.0,0.0,-0.013443239852786065,0.0,0.047932673320174216,-0.009035012498497964,1.0,0.0
Eaf1,-0.15835605058819055,0.0,0.0,0.0,0.22502222262322902,0.0,0.0,0.0,-0.017576488852500915,0.0,0.0,-0.034125775173306463,0.0,0.0,0.0,0.0,0.0,0.0,-0.030345107167959212,0.0,0.013264275342226028,0.0,-0.007035733759403228,0.005084204114973545,0.0,-0.004236424267292023,0.0,0.0,0.0,0.0,0.03393229812383652,-0.3940628252178431,0.0,-0.1321071582660079,-0.061187746934592724,0.0,0.0,-0.04499058922752738,0.0,0.0,0.0,0.6997692485898733,0.0,0.04291989486664534,0.13659773075953127,1.0,1.0
Htr2c,1.0447023818269372,0.0,0.0,0.0,0.12825951857492326,0.0,0.0,0.0,0.016990605890750885,0.0,0.0,0.019429273456335067,0.0,0.0,0.0,0.0,0.0,0.0,-0.03018925689160824,0.0,-0.04829911962151527,0.0,-0.007035733759403228,-0.014235771074891091,0.0,-0.004236424267292023,0.0,0.0,0.0,0.0,-0.08418052696622907,-0.28591256324201825,0.0,0.25823138780891897,0.03479061661288142,0.0,0.0,0.1902558070421219,0.0,0.0,0.0,0.3622542734071612,0.0,0.04013501763343811,0.06843728959560394,1.0,2.0
Mtx1,-0.1691861683689058,0.0,0.0,0.0,-0.0580714987963438,0.0,0.0,0.0,0.016990605890750885,0.0,0.0,-0.002989118993282318,0.0,0.0,0.0,0.0,0.0,0.0,-0.03056802872568369,0.0,-0.012696192413568497,0.0,-0.007035733759403228,-0.008134726583957672,0.0,-0.004236424267292023,0.0,0.0,0.0,0.0,0.02521835945546627,-0.23791345223784446,0.0,-0.17701720152050257,-0.07275754828006029,0.0,0.0,0.31045591160655023,0.0,0.0,0.0,-0.09111237313598394,0.0,0.047932673320174216,-0.05043205842375755,1.0,1.0
Pdcd5,-0.22688979551196098,0.0,0.0,0.0,-0.06030502267181873,0.0,0.0,0.0,-0.017576488852500915,0.0,0.0,0.009714636728167534,0.0,0.0,0.0,0.0,0.0,0.0,-0.05158548176288605,0.0,0.013264275342226028,0.0,-0.007035733759403228,0.005084204114973545,0.0,0.028860638588666915,0.0,0.0,0.0,0.0,-0.0183219675719738,-0.1910788044333458,0.0,-0.15227267816662787,-0.028245136216282843,0.0,0.0,-0.05124267570674419,0.0,0.0,0.0,-0.09670469786971808,0.0,-0.01414120402187109,-0.03979961175471544,1.0,0.0
Myh10,-0.13143570777028799,0.0,0.0,0.0,0.04891590766608715,0.0,0.0,0.0,0.047456519901752474,0.0,0.0,0.009714636728167534,0.0,0.0,0.0,0.0,0.0,0.0,-0.0917670600116253,0.0,-0.04751398079097271,0.0,-0.004507732018828392,0.008643146716058253,0.0,-0.006619412470608949,0.0,0.0,0.0,0.0,0.032380488961935044,0.16985304087400435,0.0,-0.05325892843306065,-0.09767847754061222,0.0,0.0,-0.042413061782717705,0.0,0.0,0.0,-0.2317892700433731,0.0,0.10932893164455891,-0.03979961175471544,1.0,0.0
Atg7,0.9720509191229939,0.0,0.0,0.0,0.03816356156021357,0.0,0.0,0.0,0.047456519901752474,0.0,0.0,0.0064764244854450224,0.0,0.0,0.0,0.0,0.0,0.0,0.1867472479864955,0.0,0.0526192519813776,0.0,-0.004507732018828392,0.022370497826486826,0.0,-0.018799131512641908,0.0,0.0,0.0,0.0,0.08945523373782635,0.12579658888280393,0.0,-0.7736371093988419,0.08873826581984759,0.0,0.0,-0.029017915930598975,0.0,0.0,0.0,-0.10386161558330059,0.0,-0.04933903468772769,-0.006268593594431877,1.0,0.0
Glo1,-0.33210709895938634,0.0,0.0,0.0,0.06036518782377243,0.0,0.0,0.0,-0.04569887101650238,0.0,0.0,-0.002989118993282318,0.0,0.0,0.0,0.0,0.0,0.0,-0.0917670600116253,0.0,0.014049414172768592,0.0,-0.004507732018828392,0.008643146716058253,0.0,0.0879057977348566,0.0,0.0,0.0,0.0,0.06228977680206299,0.13639591909945012,0.0,0.4857258678972721,0.061505624800920485,0.0,0.0,0.03682191260159016,0.0,0.0,0.0,-0.17697106037288904,0.0,-0.07477405056357384,-0.02709585566073656,1.0,1.0
Smc1a,-0.10065308718010783,0.0,0.0,0.0,0.34849815621972086,0.0,0.0,0.0,0.016990605890750885,0.0,0.0,-0.034125775173306463,0.0,0.0,0.0,0.0,0.0,0.0,-0.009327653534710408,0.0,-0.012696192413568497,0.0,-0.007035733759403228,-0.008134726583957672,0.0,-0.004236424267292023,0.0,0.0,0.0,0.0,-0.016042937459424138,-0.42862991996109484,0.0,-0.12942914824932814,-0.04884343389421701,0.0,0.0,0.28152080887928604,0.0,0.0,0.0,0.6321394285559654,0.0,0.04291989486664534,0.0823989325016737,1.0,1.0
Adcy8,0.7814876623637974,0.0,0.0,0.0,0.020954387299716472,0.0,0.0,0.0,0.016990605890750885,0.0,0.0,0.0064764244854450224,0.0,0.0,0.0,0.0,0.0,0.0,0.09685217760503292,0.0,0.05183411315083504,0.0,0.17960161477327347,-0.025929440539330245,0.0,-0.004236424267292023,0.0,0.0,0.0,0.0,-0.023998545333743095,-0.20509735696017742,0.0,-0.7058917796239257,-0.033765360936522486,0.0,0.0,0.164298437833786,0.0,0.0,0.0,-0.08818974468857049,0.0,0.04236291944980621,0.021690086647868156,1.0,0.0
Fbxl19,-0.2309109390154481,0.0,0.0,0.0,-0.07054483376443386,0.0,0.0,0.0,0.047456519901752474,0.0,0.0,-0.002989118993282318,0.0,0.0,0.0,0.0,0.0,0.0,-0.05158548176288605,0.0,0.014049414172768592,0.0,0.11892957679927349,0.005084204114973545,0.0,-0.006619412470608949,0.0,0.0,0.0,0.0,0.02548648066818714,0.13562916561961175,0.0,-0.1706528653204441,-0.06855862163007259,0.0,0.0,-0.07007206656038761,0.0,0.0,0.0,-0.10397885203361511,0.0,0.10932893164455891,-0.009035012498497964,1.0,1.0
2900005J15Rik,-0.3032636035978794,0.0,0.0,0.0,-0.3895181316509843,0.0,0.0,0.0,-0.04569887101650238,0.0,0.0,-0.002989118993282318,0.0,0.0,0.0,0.0,0.0,0.0,-0.08281733140349389,0.0,0.014049414172768592,0.0,-0.004507732018828392,0.008643146716058253,0.0,-0.018799131512641908,0.0,0.0,0.0,0.0,0.04620250528678298,0.12801490146666766,0.0,0.19488440800458193,0.06110344307497144,0.0,0.0,-0.05694328537210822,0.0,0.0,0.0,0.23892489403486253,0.0,-0.061314006112515924,-0.02709585566073656,1.0,1.0
9330179D12Rik,-0.15790157547220587,0.0,0.0,0.0,0.04884540028870106,0.0,0.0,0.0,0.016990605890750885,0.0,0.0,-0.034125775173306463,0.0,0.0,0.0,0.0,0.0,0.0,-0.03717749305069447,0.0,-0.012696192413568497,0.0,-0.007035733759403228,0.005084204114973545,0.0,-0.007413742020726204,0.0,0.0,0.0,0.0,-0.05625848278403282,-0.19815572820603847,0.0,-0.16524647906422615,0.02707929790019989,0.0,0.0,0.2848625452816486,0.0,0.0,0.0,-0.18805301755666734,0.0,-0.0194367341324687,0.0823989325016737,1.0,1.0
Bhlhe41,-0.2953566420823336,0.0,0.0,0.0,-0.04885574251413345,0.0,0.0,0.0,-0.017576488852500915,0.0,0.0,0.009714636728167534,0.0,0.0,0.0,0.0,0.0,0.0,-0.06583762079477311,0.0,-0.012696192413568497,0.0,-0.007035733759403228,-0.014235771074891091,0.0,-0.007413742020726204,0.0,0.0,0.0,0.0,-0.056794725134968756,-0.14950889423489572,0.0,0.3894998670369387,0.02645388662815094,0.0,0.0,-0.08112173259258271,0.0,0.0,0.0,-0.05995039541274309,0.0,-0.06733661919832229,-0.03979961175471544,1.0,0.0
Cuedc2,-0.20683296751230956,0.0,0.0,0.0,-0.0580714987963438,0.0,0.0,0.0,-0.017576488852500915,0.0,0.0,-0.002989118993282318,0.0,0.0,0.0,0.0,0.0,0.0,-0.044976016879081725,0.0,-0.012696192413568497,0.0,0.17960161477327347,-0.008134726583957672,0.0,-0.007413742020726204,0.0,0.0,0.0,0.0,0.02521835945546627,-0.11285287007689476,0.0,-0.1456632134690881,-0.07275754828006029,0.0,0.0,-0.05124267570674419,0.0,0.0,0.0,-0.0920624940097332,0.0,-0.0194367341324687,-0.02709585566073656,1.0,0.0
Ythdf2,-0.20657757129520177,0.0,0.0,0.0,0.19040013678371906,0.0,0.0,0.0,-0.017576488852500915,0.0,0.0,-0.002989118993282318,0.0,0.0,0.0,0.0,0.0,0.0,-0.03717749305069447,0.0,0.013264275342226028,0.0,-0.007035733759403228,0.005084204114973545,0.0,0.01641614403575659,0.0,0.0,0.0,0.0,-0.017785725221037864,-0.22775238014757634,0.0,-0.18362666621804238,0.02754498891532421,0.0,0.0,0.2694687433168292,0.0,0.0,0.0,-0.1805376325920224,0.0,0.037606389597058296,0.0779152155853808,1.0,1.0
A230077H06Rik,-0.25184127397835254,0.0,0.0,0.0,-0.04885574251413345,0.0,0.0,0.0,0.016990605890750885,0.0,0.0,-0.002989118993282318,0.0,0.0,0.0,0.0,0.0,0.0,-0.0917670600116253,0.0,0.013264275342226028,0.0,-0.007035733759403228,0.008643146716058253,0.0,0.028860638588666915,0.0,0.0,0.0,0.0,0.08945523373782635,-0.2256458991765976,0.0,-0.034878741279244424,0.08858191300183535,0.0,0.0,-0.05124267570674419,0.0,0.0,0.0,-0.09540997132658958,0.0,-0.01414120402187109,-0.02709585566073656,1.0,1.0
Dync1li1,-0.1595404682122171,0.0,0.0,0.0,0.2442903086543083,0.0,0.0,0.0,0.047456519901752474,0.0,0.0,-0.002989118993282318,0.0,0.0,0.0,0.0,0.0,0.0,-0.009327653534710408,0.0,-0.011911053583025933,0.0,-0.004507732018828392,-0.008134726583957672,0.0,-0.018799131512641908,0.0,0.0,0.0,0.0,0.026022723019123076,0.13155648220330476,0.0,-0.15863701436668634,-0.01276849739253521,0.0,0.0,0.40191295217722656,0.0,0.0,0.0,-0.05885435864329338,0.0,-0.05017449777573347,0.0779152155853808,0.0,1.0
Kpnb1,-0.3040321345254779,0.0,0.0,0.0,0.03739612013101578,0.0,0.0,0.0,-0.017576488852500915,0.0,0.0,-0.002989118993282318,0.0,0.0,0.0,0.0,0.0,0.0,-0.0917670600116253,0.0,-0.012696192413568497,0.0,-0.007035733759403228,0.008643146716058253,0.0,-0.007413742020726204,0.0,0.0,0.0,0.0,0.026022723019123076,-0.16358863346278668,0.0,-0.03063838504254818,-0.06793321035802365,0.0,0.0,-0.03944831121712923,0.0,0.0,0.0,-0.1786859278380871,0.0,-0.0194367341324687,-0.02709585566073656,0.0,0.0
Stx1a,-0.30481842558830974,0.0,0.0,0.0,0.046636877357959745,0.0,0.0,0.0,-0.04569887101650238,0.0,0.0,-0.002989118993282318,0.0,0.0,0.0,0.0,0.0,0.0,-0.06583762079477311,0.0,-0.011911053583025933,0.0,-0.004507732018828392,-0.014235771074891091,0.0,-0.018799131512641908,0.0,0.0,0.0,0.0,0.017845026729628444,0.10753528077155351,0.0,-0.020715106278657913,-0.0683353920839727,0.0,0.0,-0.05124267570674419,0.0,0.0,0.0,-0.22197917029261588,0.0,-0.05017449777573347,-0.02709585566073656,0.0,0.0
Ptprs,-0.2953566420823336,0.0,0.0,0.0,-0.059095553606748584,0.0,0.0,0.0,-0.04569887101650238,0.0,0.0,0.009714636728167534,0.0,0.0,0.0,0.0,0.0,0.0,-0.06583762079477311,0.0,-0.011911053583025933,0.0,-0.004507732018828392,-0.014235771074891091,0.0,-0.018799131512641908,0.0,0.0,0.0,0.0,-0.056794725134968756,0.09985542301088572,0.0,0.3894998670369387,0.02645388662815094,0.0,0.0,-0.08112173259258271,0.0,0.0,0.0,-0.07019020523875952,0.0,-0.09807438284158707,-0.03979961175471544,0.0,0.0
Grid1,1.5868595806509256,0.0,0.0,0.0,0.03816356156021357,0.0,0.0,0.0,-0.04569887101650238,0.0,0.0,0.0064764244854450224,0.0,0.0,0.0,0.0,0.0,0.0,0.3508495003730059,0.0,0.0526192519813776,0.0,-0.004507732018828392,0.0777883206680417,0.0,0.03150840375572443,0.0,0.0,0.0,0.0,-0.051480315700173376,0.14722091156989336,0.0,0.31369784198701384,0.06321032486855983,0.0,0.0,-0.029017915930598975,0.0,0.0,0.0,-0.016067744940519334,0.0,0.05848239596933127,-0.006268593594431877,2.0,2.0
Lmo4,-0.29313209572806953,0.0,0.0,0.0,0.03511708982288837,0.0,0.0,0.0,0.016990605890750885,0.0,0.0,-0.002989118993282318,0.0,0.0,0.0,0.0,0.0,0.0,-0.07735907092690468,0.0,0.013264275342226028,0.0,-0.007035733759403228,0.008643146716058253,0.0,0.01641614403575659,0.0,0.0,0.0,0.0,0.017845026729628444,-0.26231947489082813,0.0,-0.0490185721963644,-0.0683353920839727,0.0,0.0,0.31045591160655023,0.0,0.0,0.0,-0.16727004431188106,0.0,0.037606389597058296,-0.05043205842375755,0.0,0.0
Dmd,0.8678752366825938,0.0,0.0,0.0,0.16130512896925212,0.0,0.0,0.03478619620203972,0.047456519901752474,0.0,0.0,0.019429273456335067,0.0,0.0,0.0,0.0,0.0,0.0,-0.03018925689160824,0.0,-0.04751398079097271,0.0,-0.004507732018828392,-0.014235771074891091,0.0,-0.006619412470608949,0.0,0.0,0.0,0.0,0.09181470020674169,0.2050523889437318,0.0,0.25823138780891897,0.054728478267788885,0.0,0.0,0.1902558070421219,0.0,0.0,0.0,0.43913429777137936,0.0,0.1015312759578228,0.06843728959560394,2.0,2.0
Ptpru,-0.31010914005339146,0.0,0.0,0.0,0.06036518782377243,0.0,0.0,0.0,-0.04569887101650238,0.0,0.0,0.009714636728167534,0.0,0.0,0.0,0.0,0.0,0.0,-0.0917670600116253,0.0,0.014049414172768592,0.0,-0.004507732018828392,0.008643146716058253,0.0,0.0879057977348566,0.0,0.0,0.0,0.0,-0.05625848278403282,0.13639591909945012,0.0,-0.034878741279244424,0.02707929790019989,0.0,0.0,-0.07007206656038761,0.0,0.0,0.0,-0.24171333506703377,0.0,-0.026874165497720242,-0.02173876892775297,0.0,1.0
Camk2a,-0.21142606664448976,0.0,0.0,0.0,-0.41954770356416704,0.0,0.0,0.0,0.047456519901752474,0.0,0.0,0.009714636728167534,0.0,0.0,0.0,0.0,0.0,0.0,-0.06840934231877327,0.0,-0.011911053583025933,0.0,-0.004507732018828392,0.008643146716058253,0.0,-0.006619412470608949,0.0,0.0,0.0,0.0,-0.05518599800765514,0.1903326615691185,0.0,0.2580674435198307,0.02707929790019989,0.0,0.0,0.3305063318088651,0.0,0.0,0.0,0.0813791923597455,0.0,0.134671313110739,-0.06313581392168999,0.0,0.0
Supt6,-0.301639541760087,0.0,0.0,0.0,0.06036518782377243,0.0,0.0,0.0,-0.04569887101650238,0.0,0.0,-0.002989118993282318,0.0,0.0,0.0,0.0,0.0,0.0,-0.06583762079477311,0.0,-0.011911053583025933,0.0,-0.004507732018828392,-0.014235771074891091,0.0,-0.018799131512641908,0.0,0.0,0.0,0.0,-0.05625848278403282,0.10753528077155351,0.0,-0.020715106278657913,0.02707929790019989,0.0,0.0,-0.05124267570674419,0.0,0.0,0.0,-0.24220516815781593,0.0,-0.05017449777573347,-0.02709585566073656,0.0,1.0
Fbn2,-0.03238004021346569,0.0,0.0,0.0,0.06036518782377243,0.0,0.0,0.0,0.047456519901752474,0.0,0.0,-0.034125775173306463,0.0,0.0,0.0,0.0,0.0,0.0,-0.0917670600116253,0.0,0.0526192519813776,0.0,-0.004507732018828392,0.008643146716058253,0.0,0.03150840375572443,0.0,0.0,0.0,0.0,0.08999147608876229,0.17700200632214547,0.0,-0.05325892843306065,0.0892073242738843,0.0,0.0,-0.037143839001655576,0.0,0.0,0.0,-0.23339505672454833,0.0,0.06405214983969927,0.13659773075953127,0.0,0.0
Atxn2l,-0.3307788948342204,0.0,0.0,0.0,0.046636877357959745,0.0,0.0,0.0,-0.04569887101650238,0.0,0.0,-0.002989118993282318,0.0,0.0,0.0,0.0,0.0,0.0,-0.0917670600116253,0.0,0.014049414172768592,0.0,-0.004507732018828392,0.008643146716058253,0.0,-0.018799131512641908,0.0,0.0,0.0,0.0,0.017845026729628444,0.10753528077155351,0.0,-0.017664584144949914,-0.0683353920839727,0.0,0.0,-0.05124267570674419,0.0,0.0,0.0,-0.22197917029261588,0.0,-0.05017449777573347,-0.02709585566073656,0.0,1.0
Unc5a,-0.32760001100599767,0.0,0.0,0.0,-0.059095553606748584,0.0,0.0,0.0,-0.04569887101650238,0.0,0.0,0.009714636728167534,0.0,0.0,0.0,0.0,0.0,0.0,-0.0917670600116253,0.0,0.014049414172768592,0.0,0.11892957679927349,0.008643146716058253,0.0,-0.018799131512641908,0.0,0.0,0.0,0.0,-0.056794725134968756,0.0733114055171609,0.0,-0.017664584144949914,0.02645388662815094,0.0,0.0,-0.05124267570674419,0.0,0.0,0.0,-0.11390291713178158,0.0,-0.05017449777573347,-0.03979961175471544,0.0,0.0
Jph4,-0.22498955331742765,0.0,0.0,0.0,0.19040013678371906,0.0,0.0,0.0,0.016990605890750885,0.0,0.0,-0.002989118993282318,0.0,0.0,0.0,0.0,0.0,0.0,-0.05158548176288605,0.0,0.013264275342226028,0.0,-0.007035733759403228,0.005084204114973545,0.0,-0.004236424267292023,0.0,0.0,0.0,0.0,-0.017785725221037864,-0.25199319146573546,0.0,-0.18362666621804238,0.02754498891532421,0.0,0.0,-0.03944831121712923,0.0,0.0,0.0,-0.1805376325920224,0.0,0.047932673320174216,-0.02709585566073656,0.0,1.0
Snta1,-0.29891478434205054,0.0,0.0,0.0,0.03739612013101578,0.0,0.0,0.0,-0.017576488852500915,0.0,0.0,-0.002989118993282318,0.0,0.0,0.0,0.0,0.0,0.0,-0.06583762079477311,0.0,-0.012696192413568497,0.0,-0.007035733759403228,-0.014235771074891091,0.0,-0.007413742020726204,0.0,0.0,0.0,0.0,-0.017785725221037864,-0.16358863346278668,0.0,-0.020715106278657913,-0.027619724944233894,0.0,0.0,-0.05124267570674419,0.0,0.0,0.0,-0.18148775350302457,0.0,-0.0194367341324687,-0.02709585566073656,0.0,0.0
Camkv,-0.20683296751230956,0.0,0.0,0.0,-0.05713307447731495,0.0,0.0,0.0,-0.017576488852500915,0.0,0.0,-0.002989118993282318,0.0,0.0,0.0,0.0,0.0,0.0,-0.044976016879081725,0.0,-0.012696192413568497,0.0,-0.007035733759403228,-0.008134726583957672,0.0,-0.007413742020726204,0.0,0.0,0.0,0.0,0.022403086982667447,-0.14950889423489572,0.0,-0.1456632134690881,-0.0718191242404282,0.0,0.0,-0.05124267570674419,0.0,0.0,0.0,-0.09112406991422177,0.0,-0.0194367341324687,-0.02709585566073656,0.0,1.0
Olfm1,-0.2865676476061344,0.0,0.0,0.0,0.19040013678371906,0.0,0.0,0.0,0.016990605890750885,0.0,0.0,0.009714636728167534,0.0,0.0,0.0,0.0,0.0,0.0,-0.06583762079477311,0.0,-0.012696192413568497,0.0,-0.007035733759403228,-0.014235771074891091,0.0,-0.007413742020726204,0.0,0.0,0.0,0.0,-0.017785725221037864,-0.19815572820603847,0.0,-0.03306224204599857,0.02754498891532421,0.0,0.0,-0.05124267570674419,0.0,0.0,0.0,-0.18148775350302457,0.0,-0.0194367341324687,-0.03979961175471544,0.0,0.0
Il1rapl1,1.398984412960708,0.0,0.0,0.0,0.04269169423729181,0.0,0.0,0.0,0.047456519901752474,0.0,0.0,0.019429273456335067,0.0,0.0,0.0,0.0,0.0,0.0,-0.05142963156104088,0.0,-0.04751398079097271,0.0,-0.004507732018828392,-0.014235771074891091,0.0,-0.018799131512641908,0.0,0.0,0.0,0.0,0.05680423684418202,0.12579658888280393,0.0,0.24948073595762252,0.09382325697690248,0.0,0.0,0.19182838916778563,0.0,0.0,0.0,-0.10240707594901323,0.0,-0.04933903468772769,0.06843728959560394,2.0,2.0
Slc6a7,-0.27860256031155584,0.0,0.0,0.0,0.03739612013101578,0.0,0.0,0.0,0.016990605890750885,0.0,0.0,0.009714636728167534,0.0,0.0,0.0,0.0,0.0,0.0,-0.05142963156104088,0.0,-0.012696192413568497,0.0,-0.007035733759403228,-0.014235771074891091,0.0,-0.004236424267292023,0.0,0.0,0.0,0.0,-0.017785725221037864,-0.25199319146573546,0.0,-0.0520690943300724,-0.027619724944233894,0.0,0.0,0.2694687433168292,0.0,0.0,0.0,-0.1805376325920224,0.0,0.047932673320174216,0.0652114599198103,0.0,0.0
C1ql3,-0.19514663761481643,0.0,0.0,0.0,0.03511708982288837,0.0,0.0,0.0,0.016990605890750885,0.0,0.0,-0.002989118993282318,0.0,0.0,0.0,0.0,0.0,0.0,-0.03717749305069447,0.0,0.013264275342226028,0.0,-0.007035733759403228,0.005084204114973545,0.0,-0.004236424267292023,0.0,0.0,0.0,0.0,0.017845026729628444,-0.25199319146573546,0.0,-0.18362666621804238,-0.0683353920839727,0.0,0.0,0.31045591160655023,0.0,0.0,0.0,-0.16727004431188106,0.0,0.047932673320174216,-0.05043205842375755,0.0,1.0
Dgkz,-0.32760001100599767,0.0,0.0,0.0,-0.059095553606748584,0.0,0.0,0.0,-0.04569887101650238,0.0,0.0,-0.002989118993282318,0.0,0.0,0.0,0.0,0.0,0.0,-0.0917670600116253,0.0,0.014049414172768592,0.0,0.11892957679927349,0.008643146716058253,0.0,-0.018799131512641908,0.0,0.0,0.0,0.0,-0.056794725134968756,0.0733114055171609,0.0,-0.017664584144949914,0.02645388662815094,0.0,0.0,-0.05124267570674419,0.0,0.0,0.0,-0.11390291713178158,0.0,-0.05017449777573347,-0.02709585566073656,0.0,0.0
Chd3,-0.33001034837216137,0.0,0.0,0.0,0.20191992431879044,0.0,0.0,0.0,-0.04569887101650238,0.0,0.0,0.009714636728167534,0.0,0.0,0.0,0.0,0.0,0.0,-0.0917670600116253,0.0,0.014049414172768592,0.0,-0.004507732018828392,0.008643146716058253,0.0,-0.018799131512641908,0.0,0.0,0.0,0.0,0.026022723019123076,0.10753528077155351,0.0,-0.017664584144949914,-0.01276849739253521,0.0,0.0,-0.07007206656038761,0.0,0.0,0.0,-0.23283807843923568,0.0,-0.05017449777573347,-0.02173876892775297,0.0,0.0
Rapgef6,-0.07927597783505917,0.0,0.0,0.0,0.06036518782377243,0.0,0.0,0.0,0.047456519901752474,0.0,0.0,0.009714636728167534,0.0,0.0,0.0,0.0,0.0,0.0,-0.0917670600116253,0.0,0.0526192519813776,0.0,-0.004507732018828392,0.008643146716058253,0.0,-0.006619412470608949,0.0,0.0,0.0,0.0,-0.08600375108420849,0.16985304087400435,0.0,-0.05325892843306065,0.03343706548213959,0.0,0.0,-0.06124245263636112,0.0,0.0,0.0,-0.24115635976195335,0.0,0.10932893164455891,-0.02173876892775297,2.0,1.0
Slc17a7,-0.18534547135233878,0.0,0.0,0.0,-0.25569009765982625,0.0,0.0,0.0,-0.017576488852500915,0.0,0.0,0.05006774313747883,0.0,0.0,0.0,0.0,0.0,0.0,-0.04263575345277786,0.0,0.013264275342226028,0.0,-0.007035733759403228,0.005084204114973545,0.0,-0.007413742020726204,0.0,0.0,0.0,0.0,0.00993545150384307,-0.18598821859806777,0.0,-0.13046885922551155,-0.0683353920839727,0.0,0.0,-0.03752082483842969,0.0,0.0,0.0,0.3618887737393379,0.0,-0.01832278333604336,0.195383742749691,0.0,0.0
Pde2a,-0.12937077455222606,0.0,0.0,0.0,-0.059095553606748584,0.0,0.0,0.0,-0.04569887101650238,0.0,0.0,0.009714636728167534,0.0,0.0,0.0,0.0,0.0,0.0,-0.06583762079477311,0.0,-0.04751398079097271,0.0,-0.004507732018828392,-0.014235771074891091,0.0,-0.018799131512641908,0.0,0.0,0.0,0.0,-0.08653999343514443,0.09985542301088572,0.0,-0.03792926341295242,0.032811654210090635,0.0,0.0,-0.042413061782717705,0.0,0.0,0.0,-0.11341108411550521,0.0,-0.05017449777573347,-0.03979961175471544,0.0,0.0
Tsix,-0.06185593722388148,0.0,0.0,0.0,0.5021839438378811,0.0,0.0,0.0,0.047456519901752474,0.0,0.0,0.05006774313747883,0.0,0.0,0.0,0.0,0.0,0.0,-0.009327653534710408,0.0,-0.011911053583025933,0.0,-0.004507732018828392,-0.008134726583957672,0.0,-0.006619412470608949,0.0,0.0,0.0,0.0,0.03393229812383652,0.3055305279791355,0.0,-0.12942914824932814,-0.00602303396910429,0.0,0.0,0.28152080887928604,0.0,0.0,0.0,0.9543930068612099,0.0,0.10431615319103002,0.1411849395185709,2.0,2.0
Rundc3a,-0.32966494422405956,0.0,0.0,0.0,0.07976650446653366,0.0,0.0,0.0,-0.017576488852500915,0.0,0.0,0.009714636728167534,0.0,0.0,0.0,0.0,0.0,0.0,-0.07052668660879136,0.0,0.013264275342226028,0.0,-0.007035733759403228,0.008643146716058253,0.0,-0.004236424267292023,0.0,0.0,0.0,0.0,0.026022723019123076,-0.21742609672248364,0.0,-0.03604477129876613,-0.06793321035802365,0.0,0.0,-0.05124267570674419,0.0,0.0,0.0,-0.0049315237253904345,0.0,0.047932673320174216,-0.03979961175471544,0.0,1.0
Camk2b,0.01292200420051813,0.0,0.0,0.0,-0.07054483376443386,0.0,0.0,0.0,0.047456519901752474,0.0,0.0,0.009714636728167534,0.0,0.0,0.0,0.0,0.0,0.0,-0.0917670600116253,0.0,-0.04751398079097271,0.0,-0.004507732018828392,0.008643146716058253,0.0,-0.018799131512641908,0.0,0.0,0.0,0.0,0.031844246610999105,0.12387662444263697,0.0,0.5145249874144793,-0.09830388881266117,0.0,0.0,-0.07229211866855621,0.0,0.0,0.0,-0.0436089575663209,0.0,-0.09807438284158707,-0.03979961175471544,0.0,0.0
Cntnap4,1.6123851338773967,0.0,0.0,0.0,0.08132331904023886,0.0,0.0,0.0,0.047456519901752474,0.0,0.0,-0.0019927459955215456,0.0,0.0,0.0,0.0,0.0,0.0,0.3508495003730059,0.0,0.0526192519813776,0.0,-0.007035733759403228,0.0777883206680417,0.0,-0.018799131512641908,0.0,0.0,0.0,0.0,-0.08653999343514443,-0.024315006770193576,0.0,0.31898910805583003,-0.015951644256711008,0.0,0.0,-0.029017915930598975,0.0,0.0,0.0,-0.09562321472913027,0.0,-0.04933903468772769,-0.002034008279442787,0.0,2.0
Celf4,1.2577082573808729,0.0,0.0,0.0,0.033449868746101855,0.0,0.0,0.03478619620203972,0.016990605890750885,0.0,0.0,0.0064764244854450224,0.0,0.0,0.0,0.0,0.0,0.0,0.3508495003730059,0.0,0.05183411315083504,0.0,-0.007035733759403228,0.0777883206680417,0.0,0.01641614403575659,0.0,0.0,0.0,0.0,0.05680423684418202,-0.2520796645432711,0.0,0.4669678634032607,0.05799086032435298,0.0,0.0,-0.03190301762893796,0.0,0.0,0.0,-0.038106802850961685,0.0,0.0621133079379797,-0.01779679164290428,0.0,2.0
Brinp2,0.07990850038826465,0.0,0.0,0.0,0.09776505187153817,0.0,0.0,0.0,0.016990605890750885,0.0,0.0,0.009714636728167534,0.0,0.0,0.0,0.0,0.0,0.0,-0.0917670600116253,0.0,0.05183411315083504,0.0,-0.007035733759403228,0.008643146716058253,0.0,-0.004236424267292023,0.0,0.0,0.0,0.0,-0.08600375108420849,-0.25199319146573546,0.0,0.6465281517803669,-0.015482585802674293,0.0,0.0,-0.07229211866855621,0.0,0.0,0.0,-0.10802515488117934,0.0,0.15041614808142184,-0.03979961175471544,0.0,0.0
Ephb6,-0.2079328599013388,0.0,0.0,0.0,0.4773827353492379,0.0,0.0,0.0,0.047456519901752474,0.0,0.0,-0.002989118993282318,0.0,0.0,0.0,0.0,0.0,0.0,-0.05611869752407074,0.0,0.014049414172768592,0.0,-0.004507732018828392,0.008643146716058253,0.0,0.03150840375572443,0.0,0.0,0.0,0.0,-0.03805824127048254,0.31267949342727663,0.0,-0.001430518925189972,-0.010715154530480504,0.0,0.0,0.30711417520418766,0.0,0.0,0.0,0.9014390740543604,0.0,0.05903937138617039,-0.05043205842375755,0.0,2.0
Dlg4,-0.23202489022165537,0.0,0.0,0.0,-0.06030502267181873,0.0,0.0,0.0,-0.017576488852500915,0.0,0.0,-0.002989118993282318,0.0,0.0,0.0,0.0,0.0,0.0,-0.05158548176288605,0.0,0.013264275342226028,0.0,-0.007035733759403228,0.005084204114973545,0.0,-0.007413742020726204,0.0,0.0,0.0,0.0,0.02548648066818714,-0.14950889423489572,0.0,-0.15227267816662787,-0.06855862163007259,0.0,0.0,-0.07007206656038761,0.0,0.0,0.0,-0.09429601773619652,0.0,-0.0194367341324687,-0.009035012498497964,0.0,1.0
Nrg3os,-0.23110038869082927,0.0,0.0,0.0,-0.059095553606748584,0.0,0.0,0.0,0.047456519901752474,0.0,0.0,-0.002989118993282318,0.0,0.0,0.0,0.0,0.0,0.0,-0.03717749305069447,0.0,0.014049414172768592,0.0,-0.004507732018828392,0.005084204114973545,0.0,0.03150840375572443,0.0,0.0,0.0,0.0,0.06175353445112705,0.16932214856147765,0.0,-0.18362666621804238,0.06088021352887154,0.0,0.0,0.2694687433168292,0.0,0.0,0.0,-0.1051914932206273,0.0,0.06405214983969927,0.0779152155853808,2.0,1.0
Trim46,-0.24342965638265013,0.0,0.0,0.0,-0.4309969837218523,0.0,0.0,0.0,0.047456519901752474,0.0,0.0,-0.034125775173306463,0.0,0.0,0.0,0.0,0.0,0.0,-0.06840934231877327,0.0,0.014049414172768592,0.0,-0.004507732018828392,0.008643146716058253,0.0,-0.006619412470608949,0.0,0.0,0.0,0.0,-0.016713240444660188,0.1903326615691185,0.0,-0.001430518925189972,-0.027619724944233894,0.0,0.0,0.28152080887928604,0.0,0.0,0.0,0.4195704187080264,0.0,0.10431615319103002,0.0823989325016737,0.0,1.0
Sv2a,-0.1913767534121871,0.0,0.0,0.0,-0.06030502267181873,0.0,0.0,0.0,0.016990605890750885,0.0,0.0,-0.002989118993282318,0.0,0.0,0.0,0.0,0.0,0.0,-0.03056802872568369,0.0,-0.012696192413568497,0.0,-0.007035733759403228,-0.008134726583957672,0.0,-0.004236424267292023,0.0,0.0,0.0,0.0,-0.0183219675719738,-0.23791345223784446,0.0,-0.17701720152050257,-0.028245136216282843,0.0,0.0,0.17801170274615288,0.0,0.0,0.0,-0.09575457699596882,0.0,0.047932673320174216,-0.05043205842375755,0.0,1.0
Rimbp2,-0.12937077455222606,0.0,0.0,0.0,0.06036518782377243,0.0,0.0,0.0,-0.04569887101650238,0.0,0.0,0.009714636728167534,0.0,0.0,0.0,0.0,0.0,0.0,-0.06583762079477311,0.0,-0.04751398079097271,0.0,-0.004507732018828392,-0.014235771074891091,0.0,0.0879057977348566,0.0,0.0,0.0,0.0,-0.08600375108420849,0.13639591909945012,0.0,-0.03792926341295242,0.03343706548213959,0.0,0.0,-0.042413061782717705,0.0,0.0,0.0,-0.24171333506703377,0.0,-0.026874165497720242,-0.03979961175471544,0.0,0.0
Eif4enif1,-0.2952658527716994,0.0,0.0,0.0,0.19910557359457015,0.0,0.0,0.0,-0.04569887101650238,0.0,0.0,-0.002989118993282318,0.0,0.0,0.0,0.0,0.0,0.0,-0.05142963156104088,0.0,-0.011911053583025933,0.0,-0.004507732018828392,-0.014235771074891091,0.0,-0.006619412470608949,0.0,0.0,0.0,0.0,0.02548648066818714,0.14583183944225311,0.0,-0.0520690943300724,-0.022015298679471017,0.0,0.0,0.17801170274615288,0.0,0.0,0.0,-0.21929056391119958,0.0,0.10932893164455891,-0.05043205842375755,0.0,1.0
Slc4a2,-0.593881487865001,0.0008781095594167709,0.0,-0.006645481623709201,-0.015834209434688093,0.0,-0.011282032839953899,-0.009133601859211922,0.07299358483403921,0.0,0.0,-0.008229631874710321,0.0,0.0,0.0450564705953002,0.0,0.015625881478190422,-0.007557163834571838,0.0,0.0,-0.011520149782299996,0.013584030792117119,0.0,-0.02698042819276452,0.0,0.0,0.0,-0.013827187120914458,-0.021811108142137527,0.0,0.14045687161386014,-0.009506761189550161,0.0,0.04048708874732256,0.22364236909896135,0.0,-0.035137281343340876,-0.07805538825690746,0.0,0.0,0.0,0.0,-0.004181749001145363,0.13506084710359573,0.0,1.0,1.0
A730090N16Rik,-0.5194148629205302,0.009965271726250648,0.0,0.0016488384082913399,-0.03278534308075905,0.0,0.02127207487821579,0.0015820076316595078,0.049625972397625444,0.0,0.0,-0.007231283360160887,0.0,0.0,0.005483741313219071,0.0,0.009186195731163025,-0.007557163834571838,0.0,0.0,0.008919799476861954,0.018583831302821638,0.0,0.018695945953950285,0.0,0.0,0.0,-0.013827187120914458,-0.021811108142137527,0.0,-0.05742004657164216,-0.2939353259652853,0.0,-0.1266893990524113,-0.1254164756089449,0.0,-0.025369538217782973,0.028252728190273045,0.0,0.0,0.0,0.0,-0.005296882092952728,0.13541875138878823,0.0,1.0,1.0
Gm11084,-0.650381491407752,0.009965271726250648,0.0,0.0007923287525773049,0.10643971756100655,0.0,-0.009230440557003021,0.0015820076316595078,0.049625972397625444,0.0,0.0,-0.007231283360160887,0.0,0.0,0.01269919030368328,0.0,0.006987987160682678,-0.007557163834571838,0.0,0.0,0.021945170499384402,0.018583831302821638,0.0,0.01715538613498211,0.0,0.0,0.0,-0.013827187120914458,-0.021811108142137527,0.0,0.13378536311909556,-0.2939353259652853,0.0,0.029796488247811795,0.12589220311958343,0.0,-0.025369538217782973,0.0694919271580875,0.0,0.0,0.0,0.0,-0.004181749001145363,0.13541875138878823,0.0,1.0,1.0
Arrb1,0.28483940003439784,0.0025780009664595127,0.0,-0.003995561115443707,-0.012255166992545127,0.0,-0.031163608580827715,0.012241047918796539,0.13821319691836834,0.0,0.0,0.005207603201270104,0.0,0.0,-0.015296751968562602,0.0,0.0381316614151001,-0.017003618627786637,0.0,0.0,-0.03138877026736736,-0.08992376632988452,0.0,-0.06478678583167494,0.0,0.0,0.0,0.1289026712626219,-0.010905554071068763,0.0,-0.2644753101095557,0.16458727231249212,0.0,0.01508908361196518,0.09683010194450617,0.0,-0.014875391200184822,-0.06684610499069095,0.0,0.0,0.0,0.0,-0.012824030295014381,-0.1689932531118393,0.0,1.0,0.0
Tceal1,0.1946107593830675,-0.025417660139501096,0.0,-0.0030472896620631217,-0.08718678764998913,0.0,-0.0076838405430316925,-0.04618136703968048,0.049625972397625444,0.0,0.0,-0.0025903105735778807,0.0,0.0,0.015328820608556271,0.0,0.015625881478190422,-0.007557163834571838,0.0,0.0,-0.011520149782299996,0.013584030792117119,0.0,-0.011226411554962396,0.0,0.0,0.0,-0.00915337823331356,0.07737750269472599,0.0,0.07262479403987526,-0.2363438466191292,0.0,0.013804331254214049,-0.25067999985069034,0.0,0.3512279663980007,0.03048765305429697,0.0,0.0,0.0,0.0,-0.0027878327295184136,0.20024464547634124,0.0,1.0,1.0
Zfp85os,-0.4535508956760168,0.008132114745676518,0.0,0.0016488384082913399,-0.03278534308075905,0.0,0.02127207487821579,0.041561504751443865,-0.04093351863324642,0.0,0.0,-0.0033997823297977447,0.0,0.0,0.009107500109821557,0.0,0.017180048674345017,-0.007557163834571838,0.0,0.0,-0.00500746414065361,0.027743409387767315,0.0,-0.011660108547657729,0.0,0.0,0.0,-0.013827187120914458,-0.021811108142137527,0.0,-0.05094015702605247,-0.19120860837399958,0.0,-0.10153477475978434,-0.12272673025727272,0.0,0.2983788397908211,0.03679791662842035,0.0,0.0,0.0,0.0,-0.005296882092952728,0.13541875138878823,0.0,1.0,1.0
Gm14295,-0.3940280321985483,0.032534940913319585,0.0,0.0007923287525773049,-0.03278534308075905,0.0,-0.009230440557003021,0.041561504751443865,0.13821319691836834,0.0,0.0,-0.005045708906836807,0.0,0.0,0.009107500109821557,0.0,0.015303860828280448,-0.007557163834571838,0.0,0.0,-0.0039955474436283115,0.018583831302821638,0.0,-0.015882850289344788,0.0,0.0,0.0,-0.00915337823331356,0.07737750269472599,0.0,-0.05382899330928922,0.19866900462657214,0.0,-0.10078536548651755,-0.12272673025727272,0.0,0.2983788397908211,0.10711242336779833,0.0,0.0,0.0,0.0,-0.005296882092952728,0.13541875138878823,0.0,1.0,1.0
Nrbp1,-0.6290760702081024,0.001394972838461399,0.0,0.003500637747347355,-0.012255166992545127,0.0,0.034320155009627346,-0.009133601859211922,-0.04093351863324642,0.0,0.0,-0.004721920099109411,0.0,0.0,0.0450564705953002,0.0,0.017180048674345017,-0.017003618627786637,0.0,0.0,-0.011520149782299996,0.013584030792117119,0.0,-0.013416849691420794,0.0,0.0,0.0,-0.013827187120914458,-0.021811108142137527,0.0,0.14045687161386014,-0.12777213530614973,0.0,0.0569852114841342,0.22364236909896135,0.0,-0.035137281343340876,-0.04620968073606491,0.0,0.0,0.0,0.0,-0.004181749001145363,-0.08969970300793648,0.0,1.0,1.0
Scmh1,0.18233675725758075,0.001394972838461399,0.0,0.001453069094568491,-0.0338590557128191,0.0,-0.03182293027639389,0.012241047918796539,-0.009946032576262951,0.0,0.0,-0.004721920099109411,0.0,0.0,0.015328820608556271,0.0,0.03780964069068432,-0.017003618627786637,0.0,0.0,-0.03240068696439266,-0.04306900151073933,0.0,-0.021802859595045448,0.0,0.0,0.0,-0.013827187120914458,-0.021811108142137527,0.0,-0.04020132038742304,-0.1566269793920219,0.0,0.011616762839257716,-0.23029182806611062,0.0,-0.014875391200184822,-0.025032538063824175,0.0,0.0,0.0,0.0,-0.0027878327295184136,-0.12552027702331542,0.0,1.0,1.0
Glce,0.3540787609107792,0.008132114745676518,0.0,-0.003995561115443707,-0.01511840097606182,0.0,-0.031163608580827715,-0.015206234902143479,0.049625972397625444,0.0,0.0,-0.0033997823297977447,0.0,0.0,0.006702350433915854,0.0,0.03845368206501007,-0.017003618627786637,0.0,0.0,-0.03240068696439266,0.0767258869856596,0.0,0.005728543307632208,0.0,0.0,0.0,0.1289026712626219,-0.010905554071068763,0.0,-0.2545168935135007,-0.28485697800293563,0.0,0.019393931161612272,0.11450125388801098,0.0,-0.014875391200184822,0.0367936647683382,0.0,0.0,0.0,0.0,-0.012824030295014381,-0.16756163656711578,0.0,1.0,1.0
Lamp5,-0.6474457480199635,-0.009794343635439873,0.0,0.003500637747347355,-0.012255166992545127,0.0,0.034320155009627346,0.0015820076316595078,0.049625972397625444,0.0,0.0,-0.003318835124373436,0.0,0.0,0.0450564705953002,0.0,0.01782409004867077,-0.017003618627786637,0.0,0.0,-0.011520149782299996,0.027743409387767315,0.0,-0.009876893721520901,0.0,0.0,0.0,-0.00915337823331356,0.07737750269472599,0.0,-0.1140168397128582,-0.22249773524701597,0.0,0.0569852114841342,0.14056714292615652,0.0,-0.025369538217782973,-0.0303510027192533,0.0,0.0,0.0,0.0,-0.012824030295014381,-0.08969970300793648,0.0,1.0,1.0
Derl2,-0.44450216107536106,-0.02924586836248636,0.0,0.0007923287525773049,-0.03672228969633579,0.0,-0.009230440557003021,-0.009133601859211922,-0.04093351863324642,0.0,0.0,-0.004533043205738068,0.0,0.0,0.005483741313219071,0.0,0.006343945786356926,-0.017003618627786637,0.0,0.0,0.1485643034428358,0.013584030792117119,0.0,0.014786790432408452,0.0,0.0,0.0,-0.00915337823331356,0.07737750269472599,0.0,0.060439826156944036,-0.09140142941847444,0.0,-0.119105558488518,-0.22661425482481717,0.0,-0.035137281343340876,0.02665944553911686,0.0,0.0,0.0,0.0,-0.0027878327295184136,-0.08826808586716652,0.0,1.0,0.0
Ncbp1,-0.4864331775950268,0.014082691371440888,0.0,0.0007923287525773049,-0.0338590557128191,0.0,-0.009230440557003021,0.014957473650574683,-0.03353008806705475,0.0,0.0,-0.04268615618348122,0.0,0.0,0.005483741313219071,0.0,0.004089800864458084,-0.017003618627786637,0.0,0.0,0.009931716173887252,0.013584030792117119,0.0,0.05447621994651854,0.0,0.0,0.0,-0.013827187120914458,-0.021811108142137527,0.0,0.0662329226359725,0.12751616917550565,0.0,-0.119105558488518,-0.20079800549894572,0.0,-0.035137281343340876,-0.04645153470337391,0.0,0.0,0.0,0.0,-0.0027878327295184136,-0.08969970300793648,0.0,1.0,1.0
Masp2,-0.585125596690923,-0.011754726208746433,0.0,-0.0030472896620631217,-0.03672228969633579,0.0,-0.0076838405430316925,0.014957473650574683,-0.11531673159450292,0.0,0.0,-0.0048568321019411085,0.0,0.0,0.0075361356511712075,0.0,0.012727695181965828,-0.017003618627786637,0.0,0.0,-0.010508233085274696,0.013584030792117119,0.0,-0.002805966064333916,0.0,0.0,0.0,-0.013827187120914458,-0.021811108142137527,0.0,0.06870165806263685,0.09201229363679886,0.0,0.013928075581789016,-0.22562863886356355,0.0,-0.035137281343340876,-0.027311267144978047,0.0,0.0,0.0,0.0,-0.0027878327295184136,-0.08826808586716652,0.0,1.0,0.0
Slc22a14,0.21132493744138628,0.0025780009664595127,0.0,0.001453069094568491,-0.012255166992545127,0.0,-0.03182293027639389,0.007176291644573212,-0.11531673159450292,0.0,0.0,0.005207603201270104,0.0,0.0,-0.013981936797499657,0.0,-0.08570726133883,-0.017003618627786637,0.0,0.0,-0.02170329574495554,-0.04306900151073933,0.0,-0.06451653186231851,0.0,0.0,0.0,-0.013827187120914458,-0.021811108142137527,0.0,-0.21240880861878395,0.0963315255753696,0.0,-0.11890878451988102,0.10796710532158613,0.0,-0.012343013063073158,-0.06684610499069095,0.0,0.0,0.0,0.0,-0.012824030295014381,-0.12552027702331542,0.0,1.0,0.0
P4ha3,-0.43088938497006896,-0.011440269947052002,0.0,0.0007923287525773049,-0.0338590557128191,0.0,-0.009230440557003021,0.0015820076316595078,0.049625972397625444,0.0,0.0,0.0013761023804545402,0.0,0.0,-0.0041368575021624564,0.0,-0.019257925376296045,-0.017003618627786637,0.0,0.0,-0.009990864694118499,0.027743409387767315,0.0,-0.013834511199966072,0.0,0.0,0.0,-0.013827187120914458,-0.021811108142137527,0.0,-0.07720597740262747,-0.22414366193115712,0.0,-0.08283066967502237,-0.0991284466162324,0.0,-0.025369538217782973,-0.00814993303269148,0.0,0.0,0.0,0.0,-0.005296882092952728,-0.08969970300793648,0.0,1.0,0.0
Mast3,-0.533743248526007,-0.016179840471595527,0.0,0.0016488384082913399,-0.01511840097606182,0.0,0.02127207487821579,-0.009133601859211922,0.07299358483403921,0.0,0.0,0.0024553984543308617,0.0,0.0,-0.04903298478573561,0.0,-0.017059716805815698,-0.017003618627786637,0.0,0.0,-0.01650355104357004,0.013584030792117119,0.0,-0.05375777367502451,0.0,0.0,0.0,-0.013827187120914458,-0.021811108142137527,0.0,0.12477529548108578,-0.009812102448195218,0.0,0.0060013639368116855,0.19176611673086882,0.0,-0.035137281343340876,-0.04792177939787507,0.0,0.0,0.0,0.0,-0.004181749001145363,-0.08826808586716652,0.0,1.0,0.0
Mrps26,0.1144485500594601,0.008132114745676518,0.0,0.0007923287525773049,-0.08718678764998913,0.0,-0.009230440557003021,-0.009133601859211922,-0.04093351863324642,0.0,0.0,-0.0033997823297977447,0.0,0.0,0.005483741313219071,0.0,0.006343945786356926,-0.007557163834571838,0.0,0.0,0.008919799476861954,0.013584030792117119,0.0,-0.00039277560077607634,0.0,0.0,0.0,-0.013827187120914458,-0.021811108142137527,0.0,0.060439826156944036,-0.19049772718921304,0.0,-0.119105558488518,-0.22661425482481717,0.0,-0.05017420306801796,0.046768648885190486,0.0,0.0,0.0,0.0,-0.0027878327295184136,0.20024464547634124,0.0,1.0,0.0
Ski,0.3095050628297031,0.001988585628569126,0.0,-0.003995561115443707,-0.03672228969633579,0.0,-0.031163608580827715,0.012241047918796539,-0.04093351863324642,0.0,0.0,0.002212556847371161,0.0,0.0,0.007920959601178765,0.0,-0.08345311641693115,-0.017003618627786637,0.0,0.0,-0.06396222613751888,0.0767258869856596,0.0,-0.021430347855202855,0.0,0.0,0.0,-0.013827187120914458,-0.021811108142137527,0.0,-0.07721253834664822,-0.12963288730010392,0.0,0.013369384482502937,-0.10690478343516588,0.0,-0.014875391200184822,-0.02417741430923343,0.0,0.0,0.0,0.0,-0.005296882092952728,-0.16756163656711578,0.0,1.0,0.0
Cwh43,-0.5627533023804426,0.03668594926595688,0.0,0.0016488384082913399,-0.011181454360485076,0.0,0.02127207487821579,0.0017669931054115295,0.13821319691836834,0.0,0.0,-0.014273689612746238,0.0,0.0,0.01269919030368328,0.0,0.008864175081253051,-0.007557163834571838,0.0,0.0,0.022957087196409702,-0.007528906725347042,0.0,0.053646430000662805,0.0,0.0,0.0,-0.013827187120914458,-0.021811108142137527,0.0,-0.13554384998977184,0.20240606237202882,0.0,0.03483424812555313,0.1677627417817712,0.0,-0.035137281343340876,0.07707711689174175,0.0,0.0,0.0,0.0,-0.012824030295014381,0.13541875138878823,0.0,0.0,1.0
Bmpr1b,0.7042000885820017,0.030353078618645668,0.0,0.0007923287525773049,-0.03278534308075905,0.0,0.0002951293438673019,0.0023055441677570345,0.09168120536953211,0.0,0.0,0.02889815028756857,0.0,0.0,0.005483741313219071,0.0,0.10695305656641722,-0.007557163834571838,0.0,0.0,-0.008472406342625617,-0.005062866471707821,0.0,0.09620807319879532,0.0,0.0,0.0,0.1289026712626219,-0.010905554071068763,0.0,-0.03994146417826414,0.20179845325648785,0.0,-0.5484629017487168,-0.12808140605688095,0.0,-0.012343013063073158,-0.03113384410738945,0.0,0.0,0.0,0.0,-0.005296882092952728,0.1308640743792057,0.0,0.0,2.0
Bin1,0.4140439503453672,0.033236483484506606,0.0,-0.024621805250644682,-0.03278534308075905,0.0,-0.051789853163063525,0.007176291644573212,0.13821319691836834,0.0,0.0,0.00240143365226686,0.0,0.0,-0.0059006338752806186,0.0,-0.08313109569251537,-0.007557163834571838,0.0,0.0,-0.06295030944049358,-0.08992376632988452,0.0,-0.02574180859606713,0.0,0.0,0.0,-0.013827187120914458,-0.021811108142137527,0.0,-0.14714969534426928,0.20248389525339008,0.0,0.029336056672036648,-0.10352059755474328,0.0,-0.012343013063073158,0.10255239743739367,0.0,0.0,0.0,0.0,-0.005296882092952728,0.25435907632112503,0.0,0.0,0.0
Srrm3,0.5223496456816793,0.0025780009664595127,0.0,0.03721581727266312,-0.012255166992545127,0.0,0.05058721154928207,0.04061727121472359,-3.99349257349968e-05,0.0,0.0,0.005207603201270104,0.0,0.0,0.0450564705953002,0.0,0.23580354809761048,-0.017003618627786637,0.0,0.0,-0.03138877026736736,-0.017493096999824046,0.0,-0.07514727152884007,0.0,0.0,0.0,0.1289026712626219,-0.010905554071068763,0.0,0.251093074940145,0.15966314762830736,0.0,0.1867911022901535,0.22880694791674613,0.0,-0.012343013063073158,-0.07662532061338424,0.0,0.0,0.0,0.0,-0.004181749001145363,-0.1689932531118393,0.0,0.0,2.0
Gm15738,0.3950783164612949,0.030353078618645668,0.0,0.001453069094568491,-0.012255166992545127,0.0,0.043648894876241684,-0.015206234902143479,-0.03353008806705475,0.0,0.0,0.02889815028756857,0.0,0.0,-0.011384375132620335,0.0,0.241341388002038,-0.017003618627786637,0.0,0.0,0.056654455922544006,0.0414967405050993,0.0,0.1550398002192378,0.0,0.0,0.0,-0.013827187120914458,-0.021811108142137527,0.0,0.08709208263084292,0.14632005071267484,0.0,0.06164508778601885,0.23912709560245277,0.0,-0.014875391200184822,-0.052707409709692,0.0,0.0,0.0,0.0,-0.004181749001145363,-0.12552027702331542,0.0,2.0,2.0
Syt11,-0.5370154910255224,0.001394972838461399,0.0,0.0007923287525773049,-0.0338590557128191,0.0,-0.009230440557003021,0.0017669931054115295,0.049625972397625444,0.0,0.0,-0.004721920099109411,0.0,0.0,0.015328820608556271,0.0,0.015625881478190422,-0.017003618627786637,0.0,0.0,-0.011520149782299996,0.027743409387767315,0.0,-0.01637478092685342,0.0,0.0,0.0,-0.00915337823331356,0.07737750269472599,0.0,-0.0521262626349926,-0.2231977078691125,0.0,0.011593391429632902,-0.1444002805650234,0.0,-0.035137281343340876,-0.02463611513376236,0.0,0.0,0.0,0.0,-0.005296882092952728,-0.08969970300793648,0.0,0.0,0.0
Cntn1,0.4496985817886889,0.033236483484506606,0.0,0.007544072382152081,-0.011181454360485076,0.0,-0.10109171763062477,-0.015206234902143479,0.13821319691836834,0.0,0.0,0.00240143365226686,0.0,0.0,-0.011384375132620335,0.0,-0.03628712646663189,-0.007557163834571838,0.0,0.0,0.10648846589028835,-0.08992376632988452,0.0,0.05231752397492528,0.0,0.0,0.0,-0.013827187120914458,-0.021811108142137527,0.0,-0.22737651787698268,0.20070669254288076,0.0,0.12336685281246901,0.19454132307320834,0.0,-0.014875391200184822,0.10254814557731151,0.0,0.0,0.0,0.0,0.0833561971411109,0.1308640743792057,0.0,2.0,2.0
Lzts3,-0.5085537882102653,-0.016179840471595527,0.0,0.001285192035138607,-0.01511840097606182,0.0,-0.016919688023626804,0.010264446437358856,-0.11531673159450292,0.0,0.0,0.0024553984543308617,0.0,0.0,-0.015296751968562602,0.0,-0.02215611167252064,-0.017003618627786637,0.0,0.0,-0.015491634346544743,0.027743409387767315,0.0,-0.0298375500459224,0.0,0.0,0.0,-0.00915337823331356,0.07737750269472599,0.0,-0.19997647348791361,0.09120645716786385,0.0,0.0264060443546623,0.09459036070853472,0.0,-0.035137281343340876,-0.03814256377518177,0.0,0.0,0.0,0.0,-0.012824030295014381,-0.08826808586716652,0.0,0.0,0.0
Gnb2,0.034445985010825096,0.004953027032315731,0.0,-0.006747467294335365,-0.04566989585757256,0.0,0.01826198697090149,0.010264446437358856,-0.04093351863324642,0.0,0.0,-0.013221375979483127,0.0,0.0,0.005483741313219071,0.0,0.008542154356837273,-0.017003618627786637,0.0,0.0,0.008919799476861954,0.018583831302821638,0.0,0.026207247087731957,0.0,0.0,0.0,-0.013827187120914458,-0.021811108142137527,0.0,-0.05233810747042298,-0.15536690946668386,0.0,-0.12209123322740197,-0.12033453553915024,0.0,-0.05017420306801796,-0.022273841556161644,0.0,0.0,0.0,0.0,-0.005296882092952728,-0.1330362667143345,0.0,0.0,0.0
A930015D03Rik,-0.4953564900159836,0.001988585628569126,0.0,0.0007923287525773049,-0.0338590557128191,0.0,-0.009230440557003021,0.0017669931054115295,0.049625972397625444,0.0,0.0,0.002212556847371161,0.0,0.0,-0.0059006338752806186,0.0,-0.019257925376296045,-0.017003618627786637,0.0,0.0,-0.01650355104357004,0.027743409387767315,0.0,-0.02195075500756502,0.0,0.0,0.0,-0.00915337823331356,0.07737750269472599,0.0,-0.07790199413895607,-0.22719110313802957,0.0,0.010029900036752224,-0.09604081619530916,0.0,-0.035137281343340876,-0.02417741430923343,0.0,0.0,0.0,0.0,-0.005296882092952728,-0.08969970300793648,0.0,0.0,0.0
Camkk2,-0.545897762812674,0.030353078618645668,0.0,0.001285192035138607,-0.012255166992545127,0.0,-0.016919688023626804,0.0017669931054115295,-0.11531673159450292,0.0,0.0,0.02889815028756857,0.0,0.0,-0.006253389175981283,0.0,-0.015843804329633712,-0.017003618627786637,0.0,0.0,0.032923889700323346,0.027743409387767315,0.0,0.10755694332532585,0.0,0.0,0.0,-0.013827187120914458,-0.021811108142137527,0.0,-0.2731782976537943,0.1254420568421483,0.0,0.034507603542879225,0.10574069820344448,0.0,-0.035137281343340876,-0.0429281940869987,0.0,0.0,0.0,0.0,-0.012824030295014381,-0.08969970300793648,0.0,0.0,0.0
Kifc2,-0.5703133900649846,0.001394972838461399,0.0,-0.006747467294335365,-0.01511840097606182,0.0,0.01826198697090149,-0.009133601859211922,-0.04093351863324642,0.0,0.0,-0.004721920099109411,0.0,0.0,0.0450564705953002,0.0,0.017180048674345017,-0.017003618627786637,0.0,0.0,-0.011520149782299996,0.013584030792117119,0.0,-0.013416849691420794,0.0,0.0,0.0,-0.00915337823331356,0.07737750269472599,0.0,0.14045687161386014,-0.12777213530614973,0.0,0.025960419438779355,0.22364236909896135,0.0,-0.035137281343340876,-0.04620968073606491,0.0,0.0,0.0,0.0,-0.004181749001145363,-0.08826808586716652,0.0,0.0,1.0
Ralyl,1.2496583965048194,0.032534940913319585,0.0,0.0016488384082913399,-0.011181454360485076,0.0,0.02127207487821579,-0.008909273222088813,0.08118628945201635,0.0,0.0,-0.005045708906836807,0.0,0.0,0.0450564705953002,0.0,0.052375669777393344,-0.007557163834571838,0.0,0.0,-0.03138877026736736,0.018583831302821638,0.0,-0.04333371905609965,0.0,0.0,0.0,-0.00915337823331356,0.07737750269472599,0.0,0.170919549446553,0.15679668683558703,0.0,0.19227427147328854,0.2554363062977791,0.0,0.08527151875197887,0.14835162233561278,0.0,0.0,0.0,0.0,-0.004181749001145363,0.1308640743792057,0.0,2.0,2.0
Rnf112,-0.4886484121531248,-0.011754726208746433,0.0,-0.006747467294335365,-0.03672228969633579,0.0,0.01826198697090149,0.0015820076316595078,-0.11531673159450292,0.0,0.0,-0.0048568321019411085,0.0,0.0,0.005676153302192688,0.0,0.014925903752446174,-0.017003618627786637,0.0,0.0,-0.0039955474436283115,0.027743409387767315,0.0,-0.014605046138167382,0.0,0.0,0.0,-0.00915337823331356,0.07737750269472599,0.0,-0.07594020951539278,0.09023509092628956,0.0,-0.08963251501321792,-0.09786267679184675,0.0,-0.025369538217782973,-0.02691484421491623,0.0,0.0,0.0,0.0,-0.005296882092952728,-0.08826808586716652,0.0,0.0,1.0
Igsf21,0.5170871861465275,0.0025780009664595127,0.0,0.001453069094568491,-0.0338590557128191,0.0,0.043648894876241684,0.012241047918796539,-0.11531673159450292,0.0,0.0,0.005207603201270104,0.0,0.0,-0.002693767845630646,0.0,0.241341388002038,-0.017003618627786637,0.0,0.0,-0.008472406342625617,-0.08992376632988452,0.0,-0.0351245282869786,0.0,0.0,0.0,-0.013827187120914458,-0.021811108142137527,0.0,-0.16227994538843632,0.0963315255753696,0.0,-0.24118304505944252,-0.10107659440487624,0.0,-0.014875391200184822,-0.0550517550110817,0.0,0.0,0.0,0.0,-0.005296882092952728,-0.0866632516682148,0.0,0.0,0.0
Sgsm1,0.22647028831765056,-0.016179840471595527,0.0,0.001453069094568491,-0.0338590557128191,0.0,-0.03182293027639389,0.012241047918796539,-0.11531673159450292,0.0,0.0,0.0024553984543308617,0.0,0.0,-0.0033672095462679865,0.0,-0.08570726133883,-0.017003618627786637,0.0,0.0,-0.06295030944049358,-0.08992376632988452,0.0,-0.0045698144100606445,0.0,0.0,0.0,-0.013827187120914458,-0.021811108142137527,0.0,-0.154802579395473,0.09351682072505355,0.0,0.008773523233830929,-0.11117348041385412,0.0,-0.014875391200184822,-0.02634821379557252,0.0,0.0,0.0,0.0,-0.005296882092952728,-0.1689932531118393,0.0,0.0,0.0
Nisch,-0.5583873980678618,-0.011754726208746433,0.0,-0.006747467294335365,-0.03672228969633579,0.0,0.01826198697090149,0.003011035304516554,-0.11531673159450292,0.0,0.0,-0.0048568321019411085,0.0,0.0,0.0075361356511712075,0.0,0.014925903752446174,-0.017003618627786637,0.0,0.0,-0.010508233085274696,0.018583831302821638,0.0,-0.002805966064333916,0.0,0.0,0.0,-0.013827187120914458,-0.021811108142137527,0.0,0.03424081983044744,0.08596980422735215,0.0,0.01019598200917244,-0.22562863886356355,0.0,-0.035137281343340876,-0.027311267144978047,0.0,0.0,0.0,0.0,-0.0027878327295184136,-0.08826808586716652,0.0,0.0,0.0
Lmtk3,-0.4522870966792107,0.0025780009664595127,0.0,0.0007923287525773049,-0.03672228969633579,0.0,-0.009230440557003021,0.014957473650574683,-0.11531673159450292,0.0,0.0,0.005207603201270104,0.0,0.0,0.009107500109821557,0.0,-0.02215611167252064,-0.017003618627786637,0.0,0.0,-0.0089789479970932,0.013584030792117119,0.0,-0.0476964027620852,0.0,0.0,0.0,-0.013827187120914458,-0.021811108142137527,0.0,0.0653086695447564,0.09579836472868919,0.0,-0.10078536548651755,-0.19810826014727353,0.0,-0.035137281343340876,-0.05544817794114351,0.0,0.0,0.0,0.0,-0.0027878327295184136,-0.08826808586716652,0.0,0.0,0.0
Stxbp1,0.2597988125309348,0.0025780009664595127,0.0,0.010333180949091912,-0.012255166992545127,0.0,-0.1155443723499775,-0.047855674531310795,-0.11531673159450292,0.0,0.0,0.005207603201270104,0.0,0.0,-0.04903298478573561,0.0,-0.08570726133883,-0.017003618627786637,0.0,0.0,-0.06295030944049358,0.02226673737168312,0.0,-0.11055107492953539,0.0,0.0,0.0,-0.013827187120914458,-0.021811108142137527,0.0,0.06866109078750014,0.07091752547770738,0.0,0.04193792823702097,0.20160020008683205,0.0,-0.014875391200184822,-0.0491919881105423,0.0,0.0,0.0,0.0,-0.004181749001145363,-0.1689932531118393,0.0,0.0,0.0
Dnmt3a,0.2568017704598606,0.0025780009664595127,0.0,-0.11566793218255043,0.10536600492894649,0.0,0.07442690692842006,0.012241047918796539,0.13821319691836834,0.0,0.0,0.005207603201270104,0.0,0.0,-0.015296751968562602,0.0,-0.07067458033561706,-0.017003618627786637,0.0,0.0,-0.06295030944049358,-0.08992376632988452,0.0,-0.06478678583167494,0.0,0.0,0.0,-0.013827187120914458,-0.021811108142137527,0.0,-0.2644753101095557,0.16458727231249212,0.0,0.06319034583866596,-0.020791067052632572,0.0,-0.014875391200184822,-0.06684610499069095,0.0,0.0,0.0,0.0,-0.012824030295014381,-0.12552027702331542,0.0,0.0,0.0
Nr3c2,1.1583568604104222,-0.07552365384995938,0.0,0.0007923287525773049,-0.01511840097606182,0.0,-0.009230440557003021,-0.0011271528899669647,-0.03353008806705475,0.0,0.0,0.006988441646099091,0.0,0.0,-0.006253389175981283,0.0,-0.027139512971043587,-0.017003618627786637,0.0,0.0,0.10648846589028835,-0.007528906725347042,0.0,0.04814106865786016,0.0,0.0,0.0,-0.013827187120914458,-0.021811108142137527,0.0,-0.37964597761631014,0.11705517876893282,0.0,0.15461888787336647,0.10574069820344448,0.0,-0.014875391200184822,-0.032758919596672056,0.0,0.0,0.0,0.0,-0.012824030295014381,-0.08523163452744484,0.0,2.0,2.0
Actn1,0.3163589966110885,0.030353078618645668,0.0,-0.018790032975375653,-0.01511840097606182,0.0,-0.04595808077603578,0.012241047918796539,0.13821319691836834,0.0,0.0,0.02889815028756857,0.0,0.0,-0.006253389175981283,0.0,-0.03628712646663189,-0.017003618627786637,0.0,0.0,0.10648846589028835,-0.08992376632988452,0.0,0.10755694332532585,0.0,0.0,0.0,-0.013827187120914458,-0.021811108142137527,0.0,-0.334946218803525,0.1965413280390203,0.0,0.06796842318959534,0.10574069820344448,0.0,-0.014875391200184822,-0.0429281940869987,0.0,0.0,0.0,0.0,-0.012824030295014381,-0.16756163656711578,0.0,0.0,0.0
Rbfox3,1.5215023866295814,-0.011754726208746433,0.0,0.001285192035138607,-0.01511840097606182,0.0,-0.016919688023626804,0.006837139427661895,-0.07249546999111772,0.0,0.0,-0.0048568321019411085,0.0,0.0,0.0450564705953002,0.0,0.04937240947037935,-0.017003618627786637,0.0,0.0,-0.03138877026736736,-0.005062866471707821,0.0,-0.0430191439203918,0.0,0.0,0.0,-0.013827187120914458,-0.021811108142137527,0.0,-0.08800477594137192,0.07493008891120553,0.0,0.21474374383687972,0.1457317217439413,0.0,-0.014875391200184822,-0.03870919419452548,0.0,0.0,0.0,0.0,-0.012824030295014381,-0.08523163452744484,0.0,0.0,2.0
Gm28379,-0.45816118136048317,0.032534940913319585,0.0,0.0016488384082913399,-0.03278534308075905,0.0,0.02127207487821579,-0.05087439425289631,0.13821319691836834,0.0,0.0,-0.005045708906836807,0.0,0.0,0.009107500109821557,0.0,0.017502069398760797,-0.007557163834571838,0.0,0.0,-0.0039955474436283115,0.018583831302821638,0.0,-0.015882850289344788,0.0,0.0,0.0,-0.013827187120914458,-0.021811108142137527,0.0,0.030373699739575388,0.1992021655291319,0.0,-0.10836920605041087,-0.22392450947314502,0.0,0.21589567199349402,0.11708315562456846,0.0,0.0,0.0,0.0,-0.0027878327295184136,0.13541875138878823,0.0,2.0,0.0
Kif5a,-0.525328416544944,-0.016179840471595527,0.0,0.0016488384082913399,-0.03672228969633579,0.0,0.02127207487821579,0.003011035304516554,-0.11531673159450292,0.0,0.0,0.0024553984543308617,0.0,0.0,-0.004714093366637826,0.0,-0.019957903102040292,-0.017003618627786637,0.0,0.0,-0.015491634346544743,0.018583831302821638,0.0,-0.0004004543926566839,0.0,0.0,0.0,-0.013827187120914458,-0.021811108142137527,0.0,0.032893936168402436,0.08694117046892642,0.0,0.005533678848296404,-0.21879801478236913,0.0,-0.035137281343340876,-0.026744636725634336,0.0,0.0,0.0,0.0,-0.0027878327295184136,-0.08826808586716652,0.0,0.0,0.0
Pde4a,-0.5117268229275942,-0.009794343635439873,0.0,0.0016488384082913399,-0.03672228969633579,0.0,0.02127207487821579,0.0017669931054115295,-0.04093351863324642,0.0,0.0,-0.003318835124373436,0.0,0.0,0.007920959601178765,0.0,0.017180048674345017,-0.017003618627786637,0.0,0.0,-0.011520149782299996,-0.007528906725347042,0.0,-0.013896996784023941,0.0,0.0,0.0,-0.013827187120914458,-0.021811108142137527,0.0,-0.09808708284050226,-0.1283162047713995,0.0,0.002875620424747467,-0.10690478343516588,0.0,-0.035137281343340876,-0.01855665273964405,0.0,0.0,0.0,0.0,-0.005296882092952728,-0.08826808586716652,0.0,0.0,0.0
Acap3,-0.6115063284803182,0.001394972838461399,0.0,0.0016488384082913399,-0.0338590557128191,0.0,0.02127207487821579,0.006275034844875336,-0.04093351863324642,0.0,0.0,-0.004721920099109411,0.0,0.0,0.015328820608556271,0.0,0.017180048674345017,-0.017003618627786637,0.0,0.0,-0.011520149782299996,0.013584030792117119,0.0,-0.01637478092685342,0.0,0.0,0.0,-0.013827187120914458,-0.021811108142137527,0.0,0.06733957711607218,-0.12617265287786722,0.0,0.005474071856588126,-0.22486375052481888,0.0,-0.025369538217782973,-0.025032538063824175,0.0,0.0,0.0,0.0,-0.0027878327295184136,-0.08969970300793648,0.0,0.0,0.0
Akt3,0.7008185778371989,0.032534940913319585,0.0,0.007544072382152081,-0.012255166992545127,0.0,-0.10109171763062477,0.04061727121472359,0.13821319691836834,0.0,0.0,-0.005045708906836807,0.0,0.0,0.01269919030368328,0.0,0.0381316614151001,-0.017003618627786637,0.0,0.0,-0.03138877026736736,-0.017493096999824046,0.0,0.022275462504476307,0.0,0.0,0.0,0.1289026712626219,-0.010905554071068763,0.0,0.3194238782674074,0.21057626321911813,0.0,0.1270926907658577,0.27075916539877654,0.0,-0.012343013063073158,0.14835162233561278,0.0,0.0,0.0,0.0,-0.004181749001145363,-0.0866632516682148,0.0,2.0,2.0
Rasal1,-0.5703133900649846,-0.009794343635439873,0.0,-0.006747467294335365,-0.01511840097606182,0.0,0.01826198697090149,-0.009133601859211922,-0.04093351863324642,0.0,0.0,-0.003318835124373436,0.0,0.0,0.0450564705953002,0.0,0.017180048674345017,-0.017003618627786637,0.0,0.0,-0.011520149782299996,0.013584030792117119,0.0,-0.009876893721520901,0.0,0.0,0.0,-0.013827187120914458,-0.021811108142137527,0.0,0.14045687161386014,-0.12760532358661295,0.0,0.025960419438779355,0.22364236909896135,0.0,-0.035137281343340876,-0.040130218341946605,0.0,0.0,0.0,0.0,-0.004181749001145363,-0.08826808586716652,0.0,0.0,1.0
Cnih3,0.349994246494025,0.001988585628569126,0.0,0.001453069094568491,-0.0338590557128191,0.0,0.043648894876241684,0.012241047918796539,-0.03401007292792201,0.0,0.0,0.002212556847371161,0.0,0.0,0.007920959601178765,0.0,0.3156625247374177,-0.017003618627786637,0.0,0.0,-0.03240068696439266,-0.08992376632988452,0.0,-0.021430347855202855,0.0,0.0,0.0,-0.013827187120914458,-0.021811108142137527,0.0,-0.150533883087337,-0.17584285901859403,0.0,0.008517663329839706,-0.10690478343516588,0.0,-0.014875391200184822,-0.02417741430923343,0.0,0.0,0.0,0.0,-0.005296882092952728,-0.12552027702331542,0.0,0.0,0.0
Svop,0.31621987622231246,0.0025780009664595127,0.0,0.007544072382152081,-0.012255166992545127,0.0,-0.10109171763062477,0.04061727121472359,-0.11531673159450292,0.0,0.0,0.005207603201270104,0.0,0.0,-0.04903298478573561,0.0,-0.08570726133883,-0.017003618627786637,0.0,0.0,-0.06295030944049358,-0.017493096999824046,0.0,-0.11055107492953539,0.0,0.0,0.0,-0.013827187120914458,-0.021811108142137527,0.0,0.23541149895638228,0.10539525970816613,0.0,0.05639058072119951,0.19693069703876973,0.0,-0.012343013063073158,-0.07662532061338424,0.0,0.0,0.0,0.0,-0.004181749001145363,-0.1689932531118393,0.0,0.0,0.0
Dctn1,-0.7181105554103852,0.001988585628569126,0.0,0.003500637747347355,-0.011181454360485076,0.0,0.034320155009627346,0.010264446437358856,0.049625972397625444,0.0,0.0,0.002212556847371161,0.0,0.0,-0.011384375132620335,0.0,-0.010747409462928771,-0.007557163834571838,0.0,0.0,0.031911973003298046,0.027743409387767315,0.0,0.02527919678017497,0.0,0.0,0.0,-0.013827187120914458,-0.021811108142137527,0.0,-0.13911375425755979,-0.2266579422354698,0.0,0.054094209633767605,0.12880607564002275,0.0,-0.035137281343340876,-0.035971764288842675,0.0,0.0,0.0,0.0,-0.012824030295014381,0.13541875138878823,0.0,0.0,0.0
Ptms,-0.515757664218545,0.001394972838461399,0.0,-0.006747467294335365,-0.03672228969633579,0.0,0.01826198697090149,0.006275034844875336,-0.04093351863324642,0.0,0.0,-0.004721920099109411,0.0,0.0,0.009107500109821557,0.0,0.017180048674345017,-0.017003618627786637,0.0,0.0,-0.00500746414065361,0.013584030792117119,0.0,-0.015056268144398928,0.0,0.0,0.0,-0.013827187120914458,-0.021811108142137527,0.0,0.0653086695447564,-0.12617265287786722,0.0,-0.10377104022540153,-0.19810826014727353,0.0,-0.025369538217782973,-0.025032538063824175,0.0,0.0,0.0,0.0,-0.0027878327295184136,-0.08826808586716652,0.0,0.0,1.0
Xist,-0.4732487922348082,0.033236483484506606,0.0,-0.006747467294335365,0.3248790368437767,0.0,0.003607264682650566,0.05475198529660702,0.09168120536953211,0.0,0.0,0.00240143365226686,0.0,0.0,0.009107500109821557,0.0,0.084970971532166,-0.007557163834571838,0.0,0.0,-0.0039955474436283115,0.013584030792117119,0.0,-0.02044287580996752,0.0,0.0,0.0,-0.00915337823331356,0.07737750269472599,0.0,0.0705938864685595,0.20951822318136692,0.0,-0.10377104022540153,-0.10150247670710087,0.0,0.2983788397908211,0.1125231296941638,0.0,0.0,0.0,0.0,-0.0027878327295184136,0.13541875138878823,0.0,2.0,1.0
Rasgef1a,0.3264992658235133,0.001988585628569126,0.0,0.007544072382152081,-0.012255166992545127,0.0,-0.10109171763062477,-0.015206234902143479,0.049625972397625444,0.0,0.0,0.002212556847371161,0.0,0.0,-0.006253389175981283,0.0,-0.0828090750426054,-0.017003618627786637,0.0,0.0,-0.06396222613751888,0.0767258869856596,0.0,0.006227879645302891,0.0,0.0,0.0,-0.013827187120914458,-0.021811108142137527,0.0,-0.21796586755663155,-0.22612478138878941,0.0,0.056648893179371954,0.10574069820344448,0.0,-0.014875391200184822,-0.035971764288842675,0.0,0.0,0.0,0.0,-0.012824030295014381,-0.1689932531118393,0.0,0.0,0.0
Gnao1,0.22516159165650607,0.0025780009664595127,0.0,0.001453069094568491,-0.03743809815496206,0.0,-0.03182293027639389,-0.09637330919504165,0.13821319691836834,0.0,0.0,0.005207603201270104,0.0,0.0,-0.004714093366637826,0.0,-0.08313109569251537,-0.007557163834571838,0.0,0.0,-0.06295030944049358,-0.017493096999824046,0.0,-0.022490940438583493,0.0,0.0,0.0,0.1289026712626219,-0.010905554071068763,0.0,0.08929495561867952,0.16494271287694573,0.0,0.012308767195791007,-0.25587446354329585,0.0,-0.014875391200184822,-0.05544817794114351,0.0,0.0,0.0,0.0,0.011708897463977337,0.18879170924425126,0.0,0.0,0.0
Lrp1,0.25937661143019797,0.0025780009664595127,0.0,0.001775178425014019,-0.012255166992545127,0.0,0.05442087657749653,0.007176291644573212,-0.11531673159450292,0.0,0.0,0.005207603201270104,0.0,0.0,-0.015296751968562602,0.0,-0.07325074598193168,-0.017003618627786637,0.0,0.0,-0.06295030944049358,-0.08992376632988452,0.0,-0.06478678583167494,0.0,0.0,0.0,-0.013827187120914458,-0.021811108142137527,0.0,-0.2644753101095557,0.0963315255753696,0.0,-0.03541382901370525,0.09683010194450617,0.0,-0.012343013063073158,-0.06684610499069095,0.0,0.0,0.0,0.0,-0.012824030295014381,-0.1689932531118393,0.0,0.0,0.0
Adra1a,0.3491677269199863,0.033236483484506606,0.0,0.001453069094568491,-0.011181454360485076,0.0,0.043648894876241684,-0.004038525745272636,0.09168120536953211,0.0,0.0,0.00240143365226686,0.0,0.0,-0.013981936797499657,0.0,0.31662858691066503,-0.007557163834571838,0.0,0.0,0.009858243074268103,-0.04306900151073933,0.0,-0.037263004910200834,0.0,0.0,0.0,-0.013827187120914458,-0.021811108142137527,0.0,0.0518412584066391,0.21005138402804732,0.0,-0.11890878451988102,0.2176716898754239,0.0,0.08527151875197887,0.1437915964052081,0.0,0.0,0.0,0.0,-0.004181749001145363,0.18914961338043212,0.0,0.0,2.0
Kcnk3,-0.3686403264477849,0.005507990196347237,0.0,0.0,0.0,0.0,-0.04793706811964512,0.0,-0.1872291065007448,0.0,0.0,0.0,0.0,0.0,0.09034779254347086,0.0,-0.012599756475538015,-0.004337600246071815,0.0,0.0,0.014460718706250191,0.0,0.0,0.05213449589908123,-0.03859227530658245,0.0,0.0,-0.020741651244461538,0.0,0.0,-0.004472742266952992,0.026246387138962747,0.0,0.04143929123878479,0.0,0.0,0.0,-0.09895592376589775,-0.010088706463575363,-0.027005554586648942,0.0,-0.0071736275404691695,-0.0053419932723045346,-0.020156436562538148,0.0,1.0,1.0
Spryd3,-0.2778895952925086,-0.023133558873087167,0.0,0.0,0.0,0.0,0.04132091224193573,0.0,-0.3336526990681887,0.0,0.0,0.0,0.0,0.0,0.09034779254347086,0.0,0.003695928566157818,-0.0017350400984287263,0.0,0.0,0.009640478864312171,0.0,0.0,-0.04789779432117939,0.09307182870805264,0.0,0.0,-0.005216639842838049,0.0,0.0,0.005057823732495308,0.37282359033823015,0.0,-0.11654149051755666,0.0,0.0,0.0,-0.057867645723745226,-0.04009939789772034,-0.027005554586648942,0.0,-0.002008615713566542,-0.0008012989908456802,-0.03924628719687462,0.0,1.0,0.0
Polm,-0.3242506866902113,0.04681791678071022,0.0,0.0,0.0,0.0,0.04132091224193573,0.0,-0.3336526990681887,0.0,0.0,0.0,0.0,0.0,-0.007540665492415428,0.0,0.003695928566157818,-0.0017350400984287263,0.0,0.0,-0.016331121549010275,0.0,0.0,-0.0195103420317173,0.0348724564537406,0.0,0.0,-0.003677632324397564,0.0,0.0,0.005057823732495308,0.4591160900890827,0.0,-0.017025358714163302,0.0,0.0,0.0,0.2970859866030514,-0.048726045191287995,-0.027005554586648942,0.0,-0.0011477803438901901,-0.0008012989908456802,-0.03924628719687462,0.0,1.0,1.0
Add1,-0.025145679209381343,0.04681791678071022,0.0,0.0,0.0,0.0,0.07008817866444587,0.0,0.6255958358198405,0.0,0.0,0.0,0.0,0.0,-0.0036686454713344575,0.0,0.013943730033934116,-0.0017350400984287263,0.0,0.0,0.009640478864312171,0.0,0.0,0.020886143893003462,-0.0154020581766963,0.0,0.0,-0.006114394282922149,0.0,0.0,0.05799837850034237,0.9028990907222032,0.0,-0.11654149051755666,0.0,0.0,0.0,0.31355343215167525,0.21013810455799103,-0.027005554586648942,0.0,-0.0022955607995390893,-0.0008012989908456802,0.09252225190401077,0.0,1.0,2.0
Bahcc1,-0.3619228169135749,0.005507990196347237,0.0,0.0,0.0,0.0,-0.030832418501377107,0.0,-0.36909872233867647,0.0,0.0,0.0,0.0,0.0,-0.007540665492415428,0.0,0.005879886168986559,-0.0017350400984287263,0.0,0.0,-0.016331121549010275,0.0,0.0,-0.04789779432117939,-0.03859227530658245,0.0,0.0,-0.005216639842838049,0.0,0.0,0.005057823732495308,0.33592782258987425,0.0,0.041523325629532336,0.0,0.0,0.0,-0.11390167459845543,-0.048726045191287995,-0.027005554586648942,0.0,-0.0071736275404691695,-0.0008012989908456802,-0.0627623376995325,0.0,1.0,1.0
Mpp4,-0.14220662999898195,-0.023133558873087167,0.0,0.0,0.0,0.0,0.03557621866464615,0.0,0.2153124674409628,0.0,0.0,0.0,0.0,0.0,-0.007540665492415428,0.0,0.013943730033934116,-0.0017350400984287263,0.0,0.0,0.009640478864312171,0.0,0.0,0.05213449589908123,0.09307182870805264,0.0,0.0,-0.014065933413803577,0.0,0.0,0.005057823732495308,0.5952159171551465,0.0,-0.11654149051755666,0.0,0.0,0.0,-0.04292189341969788,-0.048726045191287995,-0.027005554586648942,0.0,-0.002008615713566542,-0.0008012989908456802,0.09252225190401077,0.0,1.0,1.0
Agps,-0.008325904812663794,0.04681791678071022,0.0,0.0,0.0,0.0,0.036042806282639506,0.0,0.25435076519846916,0.0,0.0,0.0,0.0,0.0,-0.0036686454713344575,0.0,-0.025031515527516604,-0.004337600246071815,0.0,0.0,0.06205515444278717,0.0,0.0,0.02883768379688263,0.0348724564537406,0.0,0.0,0.014912024503573776,0.0,0.0,0.021138227991759777,-0.04913218922913074,0.0,0.0886195057630539,0.0,0.0,0.0,0.15236616032198072,0.14168354336172342,-0.011002262979745865,0.0,-0.0011477803438901901,-0.0053419932723045346,0.026606508567929267,0.0,1.0,1.0
Fgd4,0.003520974013954401,0.0022031960636377333,0.0,0.0,0.0,0.0,-0.01588920883834362,0.0,0.2602306509017944,0.0,0.0,0.0,0.0,0.0,-0.017057822942733766,0.0,0.005039902403950691,-0.004337600246071815,0.0,0.0,-0.029771337620913982,0.0,0.0,-0.018098108172416687,-0.013168073184788227,0.0,0.0,-0.010481600789353252,0.0,0.0,-0.003107551345601678,-0.5917350634559989,0.0,-0.20028871182352304,0.0,0.0,0.0,-0.03709098424762487,-0.016874305307865142,-0.011002262979745865,0.0,-0.0028694509714841843,-0.0053419932723045346,-0.020156436562538148,0.0,1.0,1.0
Nat8l,-0.3638510038331151,-0.012117578350007534,0.0,0.0,0.0,0.0,-0.01588920883834362,0.0,0.25464495241642,0.0,0.0,0.0,0.0,0.0,-0.007540665492415428,0.0,0.0033599350601434706,-0.004337600246071815,0.0,0.0,0.014460718706250191,0.0,0.0,0.018685451745986938,-0.013168073184788227,0.0,0.0,-0.013046613382175564,0.0,0.0,0.002758813127875328,-0.5951322942972184,0.0,0.04143929123878479,0.0,0.0,0.0,-0.03970582342706621,-0.022658545598387717,-0.027005554586648942,0.0,-0.0028694509714841843,-0.0053419932723045346,-0.015453226268291473,0.0,1.0,0.0
Gnb4,-0.22545562215149403,0.011566779371351003,0.0,0.0,0.0,0.0,0.005106824561953545,0.0,0.15488008357584476,0.0,0.0,0.0,0.0,0.0,-0.007540665492415428,0.0,0.005039902403950691,-0.004337600246071815,0.0,0.0,-0.016331121549010275,0.0,0.0,-0.011166666299104691,-0.008225350826978683,0.0,0.0,-0.009712096937000751,0.0,0.0,0.002758813127875328,-0.64259525148198,0.0,-0.018105079755187034,0.0,0.0,0.0,0.18119723834097384,-0.022658545598387717,-0.027005554586648942,0.0,-0.0014347254298627376,-0.0053419932723045346,-0.020156436562538148,0.0,1.0,0.0
Ssbp3,-0.004194006528705358,-0.023133558873087167,0.0,0.0,0.0,0.0,-0.04026579655706883,0.0,-0.19929658226668834,0.0,0.0,0.0,0.0,0.0,-0.017057822942733766,0.0,0.0033599350601434706,-0.004337600246071815,0.0,0.0,0.023238889165222643,0.0,0.0,-0.04789779432117939,0.09307182870805264,0.0,0.0,-0.011892357673496008,0.0,0.0,-0.005400119978003204,-0.012973511964082718,0.0,-0.27651300985366106,0.0,0.0,0.0,-0.04497501934878528,-0.025852935910224913,-0.011002262979745865,0.0,-0.002008615713566542,-0.0053419932723045346,0.026606508567929267,0.0,1.0,0.0
Elk4,-0.32546812675893305,-0.034149539191275835,0.0,0.0,0.0,0.0,0.010306586399674416,0.0,0.25464495241642,0.0,0.0,0.0,0.0,0.0,-0.0036686454713344575,0.0,0.0033599350601434706,-0.004337600246071815,0.0,0.0,0.014460718706250191,0.0,0.0,-0.011166666299104691,0.018609563559293746,0.0,0.0,-0.009712096937000751,0.0,0.0,-0.01338335258886218,-0.7260399567894638,0.0,0.04143929123878479,0.0,0.0,0.0,0.024359016269445418,0.07627448219805956,0.1390285958349705,0.0,-0.0008608353137969971,-0.0053419932723045346,0.020727495811879635,0.0,1.0,1.0
Ptpn21,-0.2917529004439712,0.011566779371351003,0.0,0.0,0.0,0.0,-0.027715752497315407,0.0,-0.1954609464854002,0.0,0.0,0.0,0.0,0.0,-0.0036686454713344575,0.0,0.0033599350601434706,-0.004337600246071815,0.0,0.0,-0.016331121549010275,0.0,0.0,-0.011166666299104691,-0.008225350826978683,0.0,0.0,-0.009712096937000751,0.0,0.0,-0.01338335258886218,-0.5857479820214212,0.0,0.040443604588508604,0.0,0.0,0.0,0.18119723834097384,0.07627448219805956,-0.027005554586648942,0.0,-0.0014347254298627376,-0.0053419932723045346,0.026606508567929267,0.0,1.0,0.0
Srsf6,-0.23302110698074102,-0.034149539191275835,0.0,0.0,0.0,0.0,-0.027715752497315407,0.0,-0.1886573424190283,0.0,0.0,0.0,0.0,0.0,-0.007540665492415428,0.0,0.0025199512019753456,-0.004337600246071815,0.0,0.0,0.009640478864312171,0.0,0.0,0.011662191301584244,0.018609563559293746,0.0,0.0,-0.010866352692246437,0.0,0.0,0.002758813127875328,-0.44721792414784434,0.0,-0.11078297834843397,0.0,0.0,0.0,0.013521714992821217,-0.022658545598387717,-0.027005554586648942,0.0,-0.0008608353137969971,-0.0053419932723045346,-0.015453226268291473,0.0,1.0,1.0
Rnf138,-0.35791995272040367,0.011566779371351003,0.0,0.0,0.0,0.0,-0.02108897067606449,0.0,0.14929438509047033,0.0,0.0,0.0,0.0,0.0,-0.007540665492415428,0.0,0.0033599350601434706,-0.004337600246071815,0.0,0.0,0.014460718706250191,0.0,0.0,-0.011166666299104691,-0.008225350826978683,0.0,0.0,-0.009712096937000751,0.0,0.0,-0.004472742266952992,-0.6046012344770133,0.0,0.04143929123878479,0.0,0.0,0.0,0.18119723834097384,-0.018715354055166243,-0.027005554586648942,0.0,-0.0014347254298627376,-0.0053419932723045346,0.020727495811879635,0.0,1.0,1.0
Rbm41,-0.08202902367338538,0.04681791678071022,0.0,0.0,0.0,0.0,0.07008817866444587,0.0,0.6255958358198405,0.0,0.0,0.0,0.0,0.0,-0.0036686454713344575,0.0,0.013943730033934116,-0.0017350400984287263,0.0,0.0,-0.029771337620913982,0.0,0.0,-0.0195103420317173,-0.0154020581766963,0.0,0.0,-0.003677632324397564,0.0,0.0,0.021138227991759777,0.863209156692028,0.0,-0.20604722399264574,0.0,0.0,0.0,0.29951040402054785,0.14168354336172342,0.055011314898729326,0.0,-0.0022955607995390893,-0.0008012989908456802,0.09252225190401077,0.0,1.0,1.0
Robo3,-0.18447274070233108,0.011566779371351003,0.0,0.0,0.0,0.0,0.010306586399674416,0.0,0.25464495241642,0.0,0.0,0.0,0.0,0.0,-0.007540665492415428,0.0,0.0033599350601434706,-0.004337600246071815,0.0,0.0,-0.010223622992634773,0.0,0.0,-0.011166666299104691,-0.008225350826978683,0.0,0.0,-0.009712096937000751,0.0,0.0,0.002758813127875328,-0.7511083801090718,0.0,-0.10085092823952437,0.0,0.0,0.0,0.18119723834097384,-0.022658545598387717,-0.027005554586648942,0.0,-0.0014347254298627376,-0.0053419932723045346,0.020727495811879635,0.0,1.0,1.0
Spg11,-0.3635060979425907,0.04681791678071022,0.0,0.0,0.0,0.0,-0.04026579655706883,0.0,-0.19929658226668834,0.0,0.0,0.0,0.0,0.0,-0.007540665492415428,0.0,0.0033599350601434706,-0.004337600246071815,0.0,0.0,0.014460718706250191,0.0,0.0,0.020886143893003462,-0.0154020581766963,0.0,0.0,-0.012790112113580108,0.0,0.0,-0.004472742266952992,0.10023660689592362,0.0,0.04143929123878479,0.0,0.0,0.0,0.1946547666937113,-0.018715354055166243,-0.027005554586648942,0.0,-0.0022955607995390893,-0.0053419932723045346,-0.020156436562538148,0.0,1.0,1.0
Creld2,-0.17803260460495948,-0.034149539191275835,0.0,0.0,0.0,0.0,0.006151314303278923,0.0,-0.19249297820031644,0.0,0.0,0.0,0.0,0.0,-0.0036686454713344575,0.0,0.0025199512019753456,-0.004337600246071815,0.0,0.0,-0.010223622992634773,0.0,0.0,-0.011166666299104691,-0.008225350826978683,0.0,0.0,-0.009712096937000751,0.0,0.0,0.01357837999239564,-0.5575402791798115,0.0,-0.10085092823952437,0.0,0.0,0.0,0.038063418865203855,0.09206146482378244,0.1390285958349705,0.0,-0.0014347254298627376,-0.0053419932723045346,0.020727495811879635,0.0,1.0,1.0
Cdh4,1.0050713256932795,-0.023133558873087167,0.0,0.0,0.0,0.0,-0.03162016585469246,0.0,-0.21933627739548683,0.0,0.0,0.0,0.0,0.0,-0.004144503325223922,0.0,0.005879886168986559,-0.0017350400984287263,0.0,0.0,0.011973054967820645,0.0,0.0,0.05213449589908123,-0.018362646140158177,0.0,0.0,-0.014065933413803577,0.0,0.0,0.0032186153158545493,0.45232266444712876,0.0,-0.6228210133500397,0.0,0.0,0.0,-0.032901185424998404,-0.018271099478006363,-0.011002262979745865,0.0,0.0971309171617031,-0.0008012989908456802,-0.03764096945524216,0.0,0.0,0.0
Zmynd8,-0.03925163643434644,0.005507990196347237,0.0,0.0,0.0,0.0,-0.030832418501377107,0.0,-0.36909872233867647,0.0,0.0,0.0,0.0,0.0,-0.017057822942733766,0.0,0.005879886168986559,-0.0017350400984287263,0.0,0.0,-0.0868728743493557,0.0,0.0,-0.04789779432117939,-0.03859227530658245,0.0,0.0,-0.005216639842838049,0.0,0.0,-0.005400119978003204,0.39005078803747895,0.0,0.0700057265534997,0.0,0.0,0.0,-0.10100904822349549,-0.025852935910224913,-0.011002262979745865,0.0,-0.0071736275404691695,-0.0008012989908456802,0.09252225190401077,0.0,0.0,0.0
Rora,0.7731461010687053,0.005507990196347237,0.0,0.0,0.0,0.0,-0.07323381185531616,0.0,0.229513552878052,0.0,0.0,0.0,0.0,0.0,-0.004144503325223922,0.0,0.013943730033934116,0.04482186920940876,0.0,0.0,0.011973054967820645,0.0,0.0,0.05213449589908123,0.09307182870805264,0.0,0.0,-0.014065933413803577,0.0,0.0,-0.0047375172190368174,0.5567944747395813,0.0,-0.6228210133500397,0.0,0.0,0.0,-0.06583120187744498,-0.013603330627083778,-0.011002262979745865,0.0,-0.002008615713566542,-0.0008012989908456802,-0.03764096945524216,0.0,2.0,2.0
Il1rapl2,1.3125953588820993,0.005507990196347237,0.0,0.0,0.0,0.0,0.04006702184677124,0.0,0.10730810850858688,0.0,0.0,0.0,0.0,0.0,-0.002649796903133392,0.0,0.013943730033934116,0.04482186920940876,0.0,0.0,-0.028431361801922322,0.0,0.0,-0.04789779432117939,-0.018362646140158177,0.0,0.0,-0.005216639842838049,0.0,0.0,0.01454707392025739,0.6019816594943405,0.0,0.2714083667099476,0.0,0.0,0.0,-0.08364887021481991,0.07113076820969581,-0.011002262979745865,0.0,0.0971309171617031,-0.0008012989908456802,0.056096267439424995,0.0,0.0,2.0
Ube3a,-0.3006306979060173,0.011566779371351003,0.0,0.0,0.0,0.0,0.006151314303278923,0.0,-0.19929658226668834,0.0,0.0,0.0,0.0,0.0,-0.007540665492415428,0.0,0.0033599350601434706,-0.004337600246071815,0.0,0.0,0.014460718706250191,0.0,0.0,0.011662191301584244,-0.008225350826978683,0.0,0.0,-0.010866352692246437,0.0,0.0,0.002758813127875328,-0.6004767721891403,0.0,-0.01710939310491085,0.0,0.0,0.0,0.05146127250045538,-0.022658545598387717,-0.027005554586648942,0.0,-0.0014347254298627376,-0.0053419932723045346,0.026606508567929267,0.0,2.0,1.0
Celf3,-0.32509032767266033,0.011566779371351003,0.0,0.0,0.0,0.0,0.006151314303278923,0.0,-0.14284007340669633,0.0,0.0,0.0,0.0,0.0,-0.0036686454713344575,0.0,0.0033599350601434706,-0.004337600246071815,0.0,0.0,0.014460718706250191,0.0,0.0,0.011662191301584244,-0.008225350826978683,0.0,0.0,-0.010866352692246437,0.0,0.0,0.01357837999239564,-0.6843860365077853,0.0,0.04143929123878479,0.0,0.0,0.0,0.17035993795841933,0.09206146482378244,0.1390285958349705,0.0,-0.0014347254298627376,-0.0053419932723045346,0.020727495811879635,0.0,0.0,1.0
Gba2,-0.2732593547552824,-0.023133558873087167,0.0,0.0,0.0,0.0,0.04132091224193573,0.0,-0.3336526990681887,0.0,0.0,0.0,0.0,0.0,-0.007540665492415428,0.0,0.003695928566157818,-0.0017350400984287263,0.0,0.0,0.009640478864312171,0.0,0.0,0.05213449589908123,-0.03859227530658245,0.0,0.0,-0.014065933413803577,0.0,0.0,0.005057823732495308,0.36109360083937647,0.0,-0.11654149051755666,0.0,0.0,0.0,-0.06315399019047618,-0.048726045191287995,-0.027005554586648942,0.0,-0.0071736275404691695,-0.0008012989908456802,-0.03924628719687462,0.0,0.0,0.0
Pitpnm2,-0.007805845085531473,0.005507990196347237,0.0,0.0,0.0,0.0,-0.030832418501377107,0.0,-0.36909872233867647,0.0,0.0,0.0,0.0,0.0,-0.017057822942733766,0.0,0.005879886168986559,-0.0017350400984287263,0.0,0.0,-0.0868728743493557,0.0,0.0,-0.04789779432117939,-0.03859227530658245,0.0,0.0,-0.005216639842838049,0.0,0.0,-0.005400119978003204,0.33196397215127943,0.0,0.011457042209804058,0.0,0.0,0.0,-0.10100904822349549,-0.025852935910224913,-0.011002262979745865,0.0,-0.0071736275404691695,-0.0008012989908456802,-0.0627623376995325,0.0,0.0,0.0
Stx1b,-0.22090171705931425,0.005507990196347237,0.0,0.0,0.0,0.0,-0.04026579655706883,0.0,-0.19249297820031644,0.0,0.0,0.0,0.0,0.0,-0.007540665492415428,0.0,0.0025199512019753456,-0.004337600246071815,0.0,0.0,-0.010223622992634773,0.0,0.0,-0.04789779432117939,-0.03859227530658245,0.0,0.0,-0.011892357673496008,0.0,0.0,0.005057823732495308,0.02244960069656372,0.0,-0.10085092823952437,0.0,0.0,0.0,-0.11390167459845543,-0.048726045191287995,-0.027005554586648942,0.0,-0.0071736275404691695,-0.0053419932723045346,-0.015453226268291473,0.0,0.0,0.0
Tmem132a,-0.2747989144176245,-0.023133558873087167,0.0,0.0,0.0,0.0,0.04132091224193573,0.0,-0.3336526990681887,0.0,0.0,0.0,0.0,0.0,-0.007540665492415428,0.0,0.003695928566157818,-0.0017350400984287263,0.0,0.0,0.009640478864312171,0.0,0.0,0.05213449589908123,0.09307182870805264,0.0,0.0,-0.014065933413803577,0.0,0.0,-0.009105637539178132,0.3957476566359401,0.0,-0.11654149051755666,0.0,0.0,0.0,-0.04292189341969788,-0.03003431051969528,-0.027005554586648942,0.0,-0.002008615713566542,-0.0008012989908456802,-0.03924628719687462,0.0,0.0,0.0
Atp1a3,-0.36410164905712006,0.005507990196347237,0.0,0.0,0.0,0.0,-0.05128914177417755,0.0,-0.33905290871858595,0.0,0.0,0.0,0.0,0.0,-0.007540665492415428,0.0,0.005879886168986559,-0.0017350400984287263,0.0,0.0,-0.016331121549010275,0.0,0.0,-0.04789779432117939,-0.03859227530658245,0.0,0.0,-0.005216639842838049,0.0,0.0,-0.009105637539178132,0.3239892917871475,0.0,0.041523325629532336,0.0,0.0,0.0,-0.11390167459845543,-0.03003431051969528,-0.027005554586648942,0.0,-0.0071736275404691695,-0.0008012989908456802,-0.0627623376995325,0.0,0.0,1.0
Med24,-0.3620642096921802,-0.023133558873087167,0.0,0.0,0.0,0.0,-0.04026579655706883,0.0,-0.14284007340669633,0.0,0.0,0.0,0.0,0.0,-0.007540665492415428,0.0,0.0033599350601434706,-0.004337600246071815,0.0,0.0,-0.016331121549010275,0.0,0.0,-0.04789779432117939,-0.03859227530658245,0.0,0.0,-0.011892357673496008,0.0,0.0,-0.009105637539178132,-0.03375648334622383,0.0,0.040443604588508604,0.0,0.0,0.0,-0.07809974249452352,-0.03003431051969528,-0.027005554586648942,0.0,-0.0071736275404691695,-0.0053419932723045346,-0.015453226268291473,0.0,0.0,0.0
Nptxr,-0.22374388616532087,-0.012117578350007534,0.0,0.0,0.0,0.0,-0.020044480934739112,0.0,-0.19249297820031644,0.0,0.0,0.0,0.0,0.0,-0.007540665492415428,0.0,0.0025199512019753456,-0.004337600246071815,0.0,0.0,-0.010223622992634773,0.0,0.0,-0.018098108172416687,-0.013168073184788227,0.0,0.0,-0.010481600789353252,0.0,0.0,-0.004472742266952992,-0.34963558733463285,0.0,-0.10085092823952437,0.0,0.0,0.0,-0.04282322451472283,-0.018715354055166243,-0.027005554586648942,0.0,-0.0028694509714841843,-0.0053419932723045346,-0.015453226268291473,0.0,0.0,1.0
Chst1,-0.244275313410908,0.0022031960636377333,0.0,0.0,0.0,0.0,0.006151314303278923,0.0,-0.14552802346646787,0.0,0.0,0.0,0.0,0.0,0.09034779254347086,0.0,-0.014783714264631272,-0.004337600246071815,0.0,0.0,0.009640478864312171,0.0,0.0,0.02535448521375656,0.031159410774707793,0.0,0.0,0.011577508011832834,0.0,0.0,-0.004472742266952992,-0.5637526141479612,0.0,-0.11078297834843397,0.0,0.0,0.0,-0.04051302846521139,-0.010088706463575363,-0.027005554586648942,0.0,-0.0012912528868764639,-0.0053419932723045346,0.020727495811879635,0.0,0.0,0.0
Thra,-0.3326769246533513,0.0022031960636377333,0.0,0.0,0.0,0.0,-0.027715752497315407,0.0,-0.1954609464854002,0.0,0.0,0.0,0.0,0.0,0.09034779254347086,0.0,0.0033599350601434706,-0.004337600246071815,0.0,0.0,-0.016331121549010275,0.0,0.0,-0.018098108172416687,0.031159410774707793,0.0,0.0,-0.010481600789353252,0.0,0.0,-0.004472742266952992,-0.46963453277945516,0.0,0.040443604588508604,0.0,0.0,0.0,-0.04619544200599193,-0.010088706463575363,-0.027005554586648942,0.0,-0.0012912528868764639,-0.0053419932723045346,0.026606508567929267,0.0,0.0,0.0
Sulf1,0.07656130503863096,0.005507990196347237,0.0,0.0,0.0,0.0,0.03725122094154358,0.0,0.5332649320363998,0.0,0.0,0.0,0.0,0.0,-0.006523792743682861,0.0,0.013943730033934116,-0.0017350400984287263,0.0,0.0,0.023238889165222643,0.0,0.0,0.05213449589908123,-0.03859227530658245,0.0,0.0,-0.013758866228163242,0.0,0.0,-0.0231169318780303,0.5156096827983856,0.0,-0.28227152202278377,0.0,0.0,0.0,-0.0860632973909378,0.1102660346776247,-0.011002262979745865,0.0,-0.0071736275404691695,-0.0008012989908456802,0.09252225190401077,0.0,0.0,1.0
Nbas,1.112262448836118,0.005507990196347237,0.0,0.0,0.0,0.0,-0.03266465559601784,0.0,0.18931066770106553,0.0,0.0,0.0,0.0,0.0,-0.004144503325223922,0.0,-0.09172622434794903,-0.0017350400984287263,0.0,0.0,0.06205515444278717,0.0,0.0,0.08419715404510499,0.09307182870805264,0.0,0.0,0.06904047593474388,0.0,0.0,0.0032186153158545493,0.6173891931772232,0.0,0.2727948884665966,0.0,0.0,0.0,-0.051723632719367744,-0.018271099478006363,-0.011002262979745865,0.0,-0.002008615713566542,-0.0008012989908456802,0.056096267439424995,0.0,2.0,2.0
Klc1,-0.31166758557781576,0.005507990196347237,0.0,0.0,0.0,0.0,-0.05128914177417755,0.0,-0.29906968258321287,0.0,0.0,0.0,0.0,0.0,0.09034779254347086,0.0,-0.024695522021502256,-0.0017350400984287263,0.0,0.0,-0.016331121549010275,0.0,0.0,-0.04789779432117939,-0.03859227530658245,0.0,0.0,-0.005216639842838049,0.0,0.0,0.005057823732495308,0.32059412989765407,0.0,-0.017025358714163302,0.0,0.0,0.0,-0.11390167459845543,-0.04009939789772034,-0.027005554586648942,0.0,-0.0071736275404691695,-0.0008012989908456802,-0.0627623376995325,0.0,0.0,0.0
Mapk11,-0.3919352546148002,-0.012117578350007534,0.0,0.0,0.0,0.0,0.006151314303278923,0.0,-0.19249297820031644,0.0,0.0,0.0,0.0,0.0,-0.007540665492415428,0.0,0.0025199512019753456,-0.004337600246071815,0.0,0.0,0.014460718706250191,0.0,0.0,0.018685451745986938,0.031159410774707793,0.0,0.0,-0.013046613382175564,0.0,0.0,0.002758813127875328,-0.5011134610325098,0.0,0.04143929123878479,0.0,0.0,0.0,-0.03591765445657075,-0.022658545598387717,-0.027005554586648942,0.0,-0.0012912528868764639,-0.0053419932723045346,0.020727495811879635,0.0,0.0,1.0
Csmd2,1.3087966184690594,0.005507990196347237,0.0,0.0,0.0,0.0,-0.07381215855479241,0.0,0.27500900289043784,0.0,0.0,0.0,0.0,0.0,-0.004144503325223922,0.0,0.013943730033934116,-0.0017350400984287263,0.0,0.0,0.022624736092984675,0.0,0.0,0.08419715404510499,0.04515199763700366,0.0,0.0,0.12900628738105296,0.0,0.0,0.0032186153158545493,0.6066951629333198,0.0,0.2756113462150097,0.0,0.0,0.0,-0.04741945620626211,-0.018271099478006363,-0.011002262979745865,0.0,0.03414646679535508,-0.0008012989908456802,-0.03764096945524216,0.0,0.0,2.0
Shank1,-0.2731698881462216,0.0022031960636377333,0.0,0.0,0.0,0.0,0.006151314303278923,0.0,-0.19929658226668834,0.0,0.0,0.0,0.0,0.0,-0.007540665492415428,0.0,0.0033599350601434706,-0.004337600246071815,0.0,0.0,-0.016331121549010275,0.0,0.0,-0.018098108172416687,-0.013168073184788227,0.0,0.0,-0.010481600789353252,0.0,0.0,-0.004472742266952992,-0.39953728407621386,0.0,-0.018105079755187034,0.0,0.0,0.0,-0.04998361062258482,-0.018715354055166243,-0.027005554586648942,0.0,-0.0028694509714841843,-0.0053419932723045346,-0.020156436562538148,0.0,0.0,0.0
Cpt1c,-0.20866836855188012,-0.034149539191275835,0.0,0.0,0.0,0.0,-0.020044480934739112,0.0,-0.19249297820031644,0.0,0.0,0.0,0.0,0.0,-0.007540665492415428,0.0,0.0025199512019753456,-0.004337600246071815,0.0,0.0,0.009640478864312171,0.0,0.0,-0.011166666299104691,-0.008225350826978683,0.0,0.0,-0.009712096937000751,0.0,0.0,0.002758813127875328,-0.42651185661554336,0.0,-0.11078297834843397,0.0,0.0,0.0,0.1569620843231678,-0.022658545598387717,-0.027005554586648942,0.0,-0.0014347254298627376,-0.0053419932723045346,-0.015453226268291473,0.0,0.0,0.0
Exoc4,1.4030846112780273,0.005507990196347237,0.0,0.0,0.0,0.0,-0.04449119925498962,0.0,0.22221710914745926,0.0,0.0,0.0,0.0,0.0,-0.004144503325223922,0.0,0.013943730033934116,-0.0017350400984287263,0.0,0.0,0.022624736092984675,0.0,0.0,0.05213449589908123,-0.018362646140158177,0.0,0.0,-0.013758866228163242,0.0,0.0,0.0032186153158545493,0.5520909332856536,0.0,0.2756113462150097,0.0,0.0,0.0,-0.06870311938226223,-0.018271099478006363,-0.011002262979745865,0.0,0.0971309171617031,-0.0008012989908456802,0.056096267439424995,0.0,2.0,2.0
Grin1,-0.20157023707404734,0.0022031960636377333,0.0,0.0,0.0,0.0,-0.020044480934739112,0.0,-0.19929658226668834,0.0,0.0,0.0,0.0,0.0,-0.007540665492415428,0.0,0.0033599350601434706,-0.004337600246071815,0.0,0.0,-0.010223622992634773,0.0,0.0,-0.018098108172416687,0.031159410774707793,0.0,0.0,-0.010481600789353252,0.0,0.0,-0.004472742266952992,-0.417996639162302,0.0,-0.10085092823952437,0.0,0.0,0.0,-0.04619544200599193,-0.018715354055166243,-0.027005554586648942,0.0,-0.0012912528868764639,-0.0053419932723045346,-0.020156436562538148,0.0,0.0,0.0
Adamts18,-0.022720344848930835,0.011566779371351003,0.0,0.0,0.0,0.0,-0.02108897067606449,0.0,0.5332051184773445,0.0,0.0,0.0,0.0,0.0,-0.006523792743682861,0.0,0.005039902403950691,-0.004337600246071815,0.0,0.0,0.023238889165222643,0.0,0.0,-0.011166666299104691,0.018609563559293746,0.0,0.0,-0.005720223858952522,0.0,0.0,-0.007142480663023889,-0.5975611095875502,0.0,-0.27651300985366106,0.0,0.0,0.0,0.06148679729551077,0.0699088442325592,0.055011314898729326,0.0,-0.0008608353137969971,-0.0053419932723045346,0.026606508567929267,0.0,0.0,1.0
Pcsk2os2,-0.13867978278547524,0.04681791678071022,0.0,0.0,0.0,0.0,0.036042806282639506,0.0,0.2602306509017944,0.0,0.0,0.0,0.0,0.0,-0.007540665492415428,0.0,0.005039902403950691,-0.004337600246071815,0.0,0.0,-0.010223622992634773,0.0,0.0,-0.0195103420317173,-0.0154020581766963,0.0,0.0,-0.010353350155055523,0.0,0.0,-0.009105637539178132,-0.14227633226662875,0.0,-0.10085092823952437,0.0,0.0,0.0,0.35824347972869874,-0.03003431051969528,-0.027005554586648942,0.0,-0.0022955607995390893,-0.0053419932723045346,0.026606508567929267,0.0,2.0,1.0
Usp7,-0.04131169654428959,0.0022031960636377333,0.0,0.0,0.0,0.0,0.006151314303278923,0.0,-0.19929658226668834,0.0,0.0,0.0,0.0,0.0,-0.007540665492415428,0.0,0.0033599350601434706,-0.004337600246071815,0.0,0.0,-0.0868728743493557,0.0,0.0,-0.018098108172416687,0.031159410774707793,0.0,0.0,-0.010481600789353252,0.0,0.0,-0.003107551345601678,-0.44786594446748496,0.0,0.06892600551247596,0.0,0.0,0.0,-0.03330281563103199,-0.017350163161754608,-0.011002262979745865,0.0,-0.0012912528868764639,-0.0053419932723045346,-0.020156436562538148,0.0,0.0,0.0
Pacsin1,-0.21809801405295728,-0.023133558873087167,0.0,0.0,0.0,0.0,0.04132091224193573,0.0,-0.36909872233867647,0.0,0.0,0.0,0.0,0.0,-0.007540665492415428,0.0,0.005879886168986559,-0.0017350400984287263,0.0,0.0,-0.010223622992634773,0.0,0.0,-0.04789779432117939,-0.03859227530658245,0.0,0.0,-0.005216639842838049,0.0,0.0,0.005057823732495308,0.34672964572906495,0.0,-0.10660944040864706,0.0,0.0,0.0,-0.07809974249452352,-0.048726045191287995,-0.027005554586648942,0.0,-0.0071736275404691695,-0.0008012989908456802,-0.0627623376995325,0.0,0.0,0.0
Nf1,0.787922922912985,0.005507990196347237,0.0,0.0,0.0,0.0,-0.03882770597934723,0.0,-0.2593381915986538,0.0,0.0,0.0,0.0,0.0,0.04568826012313366,0.0,0.005879886168986559,-0.0017350400984287263,0.0,0.0,0.06205515444278717,0.0,0.0,0.05213449589908123,-0.03859227530658245,0.0,0.0,-0.014065933413803577,0.0,0.0,0.0032186153158545493,0.4031862911581993,0.0,-0.12582970801740884,0.0,0.0,0.0,-0.0860632973909378,-0.015417927950620651,-0.011002262979745865,0.0,-0.0071736275404691695,-0.0008012989908456802,-0.0627623376995325,0.0,2.0,0.0
Tom1l2,-0.031583954337984325,0.005507990196347237,0.0,0.0,0.0,0.0,-0.04026579655706883,0.0,-0.19106474228203296,0.0,0.0,0.0,0.0,0.0,-0.017057822942733766,0.0,-0.012599756475538015,-0.004337600246071815,0.0,0.0,-0.029771337620913982,0.0,0.0,-0.04789779432117939,-0.03859227530658245,0.0,0.0,-0.011892357673496008,0.0,0.0,-0.005400119978003204,0.015210775062441825,0.0,-0.20028871182352304,0.0,0.0,0.0,-0.10100904822349549,-0.025852935910224913,-0.011002262979745865,0.0,-0.0071736275404691695,-0.0053419932723045346,-0.020156436562538148,0.0,0.0,0.0
Gpi1,-0.09962090261280537,-0.12337898068130017,0.0,0.0,0.0,0.0,0.03188753418624401,0.0,-0.19929658226668834,0.0,0.0,0.0,0.0,0.0,-0.0036686454713344575,0.0,0.0033599350601434706,-0.004337600246071815,0.0,0.0,0.009640478864312171,0.0,0.0,-0.0195103420317173,-0.0154020581766963,0.0,0.0,-0.010353350155055523,0.0,0.0,0.05799837850034237,0.09956265360116959,0.0,-0.11078297834843397,0.0,0.0,0.0,0.25249007884413005,0.21013810455799103,0.1390285958349705,0.0,-0.0022955607995390893,-0.0053419932723045346,0.026606508567929267,0.0,0.0,0.0
Nrxn2,-0.003913466688245535,0.0022031960636377333,0.0,0.0,0.0,0.0,-0.027715752497315407,0.0,-0.13341873914003372,0.0,0.0,0.0,0.0,0.0,-0.017057822942733766,0.0,0.005039902403950691,-0.004337600246071815,0.0,0.0,0.023238889165222643,0.0,0.0,-0.018098108172416687,0.031159410774707793,0.0,0.0,-0.010481600789353252,0.0,0.0,-0.003107551345601678,-0.47943269677460193,0.0,-0.27651300985366106,0.0,0.0,0.0,-0.03330281563103199,-0.016874305307865142,-0.011002262979745865,0.0,-0.0012912528868764639,-0.0053419932723045346,-0.020156436562538148,0.0,0.0,0.0
Ndrg4,-0.33920509461313486,0.005507990196347237,0.0,0.0,0.0,0.0,0.04132091224193573,0.0,-0.16419991977512838,0.0,0.0,0.0,0.0,0.0,-0.007540665492415428,0.0,0.013943730033934116,-0.0017350400984287263,0.0,0.0,0.014460718706250191,0.0,0.0,0.05213449589908123,-0.03859227530658245,0.0,0.0,-0.014065933413803577,0.0,0.0,0.005057823732495308,0.515908875092864,0.0,0.04251901227980852,0.0,0.0,0.0,-0.09895592376589775,-0.048726045191287995,-0.027005554586648942,0.0,-0.0071736275404691695,-0.0008012989908456802,0.09252225190401077,0.0,0.0,1.0
Camta2,-0.37223713111132384,0.005507990196347237,0.0,0.0,0.0,0.0,-0.0020651520788669588,0.0,0.5915356741845608,0.0,0.0,0.0,0.0,0.0,-0.007540665492415428,0.0,0.005879886168986559,-0.0017350400984287263,0.0,0.0,-0.016331121549010275,0.0,0.0,-0.04789779432117939,-0.03859227530658245,0.0,0.0,-0.005216639842838049,0.0,0.0,0.005057823732495308,0.6032505762949586,0.0,0.041523325629532336,0.0,0.0,0.0,-0.11390167459845543,-0.048726045191287995,-0.027005554586648942,0.0,-0.0071736275404691695,-0.0008012989908456802,-0.03924628719687462,0.0,0.0,1.0
AY036118,-0.3292890677973628,0.04681791678071022,0.0,0.0,0.0,0.0,-0.0597481606900692,0.0,0.3755233510956168,0.0,0.0,0.0,0.0,0.0,-0.0036686454713344575,0.0,0.005879886168986559,-0.0017350400984287263,0.0,0.0,-0.016331121549010275,0.0,0.0,-0.0195103420317173,-0.0154020581766963,0.0,0.0,-0.003677632324397564,0.0,0.0,0.05799837850034237,0.5568457012251019,0.0,0.041523325629532336,0.0,0.0,0.0,0.35824347972869874,0.21013810455799103,0.1390285958349705,0.0,-0.0022955607995390893,-0.0008012989908456802,0.058423978574573994,0.0,2.0,1.0
Plec,-0.39371034225448964,-0.023133558873087167,0.0,0.0,0.0,0.0,-0.030832418501377107,0.0,-0.36909872233867647,0.0,0.0,0.0,0.0,0.0,-0.007540665492415428,0.0,0.005879886168986559,-0.0017350400984287263,0.0,0.0,0.014460718706250191,0.0,0.0,-0.04789779432117939,-0.03859227530658245,0.0,0.0,-0.005216639842838049,0.0,0.0,0.005057823732495308,0.3287674369663,0.0,0.04251901227980852,0.0,0.0,0.0,-0.07809974249452352,-0.048726045191287995,-0.027005554586648942,0.0,-0.0071736275404691695,-0.0008012989908456802,-0.0627623376995325,0.0,0.0,0.0
Grik5,-0.3033741330914199,0.005507990196347237,0.0,0.0,0.0,0.0,0.04185511156916619,0.0,-0.36909872233867647,0.0,0.0,0.0,0.0,0.0,-0.007540665492415428,0.0,0.005879886168986559,-0.0017350400984287263,0.0,0.0,-0.016331121549010275,0.0,0.0,-0.04789779432117939,0.09307182870805264,0.0,0.0,-0.005216639842838049,0.0,0.0,0.005057823732495308,0.3497950912080705,0.0,-0.017025358714163302,0.0,0.0,0.0,-0.09366957908496261,-0.048726045191287995,-0.027005554586648942,0.0,-0.002008615713566542,0.042201746851205826,-0.0627623376995325,0.0,0.0,0.0
Zswim8,-0.23237332697957755,-0.023133558873087167,0.0,0.0,0.0,0.0,-0.04793706811964512,0.0,-0.1886573424190283,0.0,0.0,0.0,0.0,0.0,-0.007540665492415428,0.0,0.0025199512019753456,-0.004337600246071815,0.0,0.0,0.009640478864312171,0.0,0.0,0.05213449589908123,-0.03859227530658245,0.0,0.0,-0.020741651244461538,0.0,0.0,-0.009105637539178132,0.04204891715198755,0.0,-0.11078297834843397,0.0,0.0,0.0,-0.06315399019047618,-0.03003431051969528,-0.027005554586648942,0.0,-0.0071736275404691695,-0.0053419932723045346,-0.015453226268291473,0.0,0.0,1.0
