gene_name,gene_length.meta,18mo.9mo.activity.log_ratio.mean.5kb-20kb.enhancer_DMR,18mo.2mo.activity.log_ratio.min.5kb-20kb.enhancer_DMR,9mo.2mo.activity.log_ratio.mean.5kb-20kb.enhancer_DMR,18mo.2mo.activity.log_ratio.max.5kb-20kb.enhancer_DMR,18mo.2mo.activity.log_ratio.median.5kb-20kb.enhancer_DMR,18mo.2mo.contact.log_ratio.count.20kb-5Mb.enhancer_peak,9mo.2mo.contact.log_ratio.min.20kb-5Mb.enhancer_peak,9mo.2mo.activity.log_ratio.mean.20kb-5Mb.enhancer_peak,9mo.2mo.log_ratio.DAR,18mo.9mo.log_ratio.DAR,rel_pos.DMR,count.DMR,size.log2.DMR,18mo.2mo.log_ratio.DMR,18mo.9mo.log_ratio.DMR,9mo.2mo.log_ratio.DMR,distance.log2.DMR,min_distance.log.mean.loops,Tanova.median.loops,loop_size.log.mean.loops,min_distance.log.max.loops,18mo.2mo.T.std.loops,loop_size.log.median.loops,Tanova.mean.loops,loop_size.log.max.loops,9mo.2mo.Q.median.loops,18mo.2mo.T.max.loops,18mo.2mo.Q.max.loops,18mo.2mo.log_ratio.mcg_genebody,9mo.2mo.log_ratio.mcg_genebody,18mo.9mo.log_ratio.mcg_genebody,9mo.2mo.log_ratio.mch_genebody,18mo.9mo.log_ratio.mch_genebody,18mo.2mo.log_ratio.mch_genebody,18mo.9mo.log_ratio.mean.atac,log2_distance.min.atac,9mo.2mo.log_ratio.max.atac,18mo.2mo.log_ratio.max.atac,18mo.9mo.log_ratio.max.atac,count.atac,log2_distance.max.atac,log2_distance.std.atac,18mo.2mo.log_ratio.mean.atac,18mo.2mo.log_ratio.std.atac
Slc4a2,17113.0,-0.0342546153739943,-0.2739006132857247,0.0724875892921382,0.2013681713039572,0.1127321688271715,2,-0.1255308820827658,-0.0580515812742969,0.0,0.0,0.0,0,0.0,0.0,0.0,0.0,0.0,13.680485394007428,1.4682086,15.982036295820762,14.148714893173102,0.0555176579534297,15.75272037168704,1.50585596,17.147811088899928,-0.0001922185,-0.0232213,0.001990658,0.0282198173083119,0.0139521351572398,0.014267682151072,-0.021684042930701,-0.0605760828539484,-0.0822601257846494,-0.3512136818503858,10.591522346570828,0.3564621930585452,0.0398677562577871,0.1719116907195452,2,11.14593214582058,0.3920269286057711,-0.2390045525519922,0.394385001289088
Adat1,25394.0,-0.136523698845278,0.07593178756478,0.212455486410058,0.07593178756478,0.07593178756478,5,-1.8073549220060792,0.0174573588006407,0.0,0.0,0.0,0,0.0,0.0,0.0,0.0,0.0,14.090751090794123,0.874804645,16.290271571300444,14.568787428826925,0.0740966201070433,16.38295929016702,1.28497696375,16.75507012344033,-0.0013289650499999,0.0960302399999999,0.002376405,0.0104139952316861,0.010443363966422,-2.9368734735885083e-05,0.0538318501297701,0.0057502584994984,0.0595821086292685,-0.0621492955347302,10.737247343027825,0.4374885256639128,0.2682094439090675,0.3290346770590515,4,12.681018739902123,0.8397393768222098,0.0829299946968165,0.2062074037396049
Kcnk3,37101.0,-0.1407097043085644,-0.1007957148741354,0.1174408123081598,0.0119030997450931,-0.0444463075645211,1,-0.999999999981966,0.1458444987860772,0.0,0.0,0.3860827250608272,1,7.417852514886741,-1.6938968716879843,-0.8194277539904331,-0.8744691176975512,13.95383268214529,14.215062567401592,0.6231815,17.443134738424998,14.735027079802624,0.0753386261208211,18.492870263469545,0.7889770916521739,18.64138853730109,0.0005551669999999,0.17067937,0.004081866,-0.0060284718340375,-0.019599226428223,0.0135707545941854,-0.0805957534488638,-0.0239560288889037,-0.1045517823377676,-0.0384975299179204,10.552669097514368,0.3752324694358218,0.4104495684265732,0.3298640504931471,4,14.296199268514949,1.7003524103198902,0.232925377137257,0.1236042352399959
Spryd3,19706.0,0.0523727161665642,0.0489656738451768,0.1600619183745842,0.419384675859277,0.0615684971537053,5,-0.9999999999879776,0.2804174394657085,0.0,0.0,0.0530667341601282,1,3.5849625007331785,-1.473931187819454,-0.8744691175518242,-0.59946207026763,10.296916206879404,13.92889795372575,1.9152259,16.645110574642807,14.154343460243451,0.1235953480058153,16.40482085360211,2.413039765429166,19.79400964502097,-8.360715000000013e-05,0.17358348,0.002988648,-0.006834843890932,0.0406323168308523,-0.0474671607217843,0.0781549308740551,0.0304623776804202,0.1086173085544753,0.0908845408305785,11.11048330981629,0.2386363387825056,0.2271144228272295,0.1932909976164332,2,11.421012855779278,0.2195775477092075,0.199231163748119,0.0394328831528407
A730090N16Rik,24653.0,0.0,0.0,0.0,0.0,0.0,7,-2.3219280947719465,-0.1735912305242775,0.0,0.0,0.0,0,0.0,0.0,0.0,0.0,0.0,13.9272831070102,0.7807715550000001,17.75336333411952,14.387276906712646,0.0579281728743664,17.81548660043567,0.9574761107037036,19.163349935047844,-0.0003657098999999,0.11817826,0.002454304,0.0109164615039047,-0.0071883521950999,0.0181048136990046,-0.0507850656266,0.1080304503409408,0.0572453847143407,-0.2038845647689675,8.543031820255624,-0.220774898340256,-0.4246594631092235,-0.2038845647689675,1,8.543031820255624,0.0,-0.4246594631092235,0.0
Bmp1,45676.0,-0.0519472987399019,0.1940573056584604,0.0410896773975824,0.1940573056584604,0.1940573056584604,7,-0.7776075786549645,0.1831787815908389,0.0,0.0,0.8229080739593183,1,6.507794640200282,-0.673771767550841,-0.607682577103162,-0.066089190447679,13.103615656394563,13.924118526980552,1.2054356,16.420411325578776,14.977458818043004,0.0842383289555885,16.420334177991585,1.396534156875,19.288381724919827,-0.00098203,0.09799472,0.0024468339999999,-0.0108420706433385,0.0082222188562957,-0.0190642894996342,-0.0217726257695825,-0.016016868626188,-0.0377894943957706,0.0235221017054439,10.80896417491934,0.4152737918652729,0.2775473084894283,0.353071441644643,4,14.49247913020407,1.680062734932681,0.1506319758306495,0.0968144879996351
Gm11084,15168.0,-0.1215301962032204,-0.1822747733293619,-0.0607445771261414,-0.1822747733293619,-0.1822747733293619,4,-0.9999999999639329,-0.1252978227467628,0.0,0.0,0.0,0,0.0,0.0,0.0,0.0,0.0,13.929868210815291,1.0794345,17.37739851976319,14.254733389246674,0.0832022005944938,17.946312337767413,1.9800107921052632,18.782230395898218,0.000462234,0.214776644,0.0035489056,0.1246179423543047,0.0007474002184992,0.1238705421358054,0.011848013615887,0.0114292764904233,0.0232772901063103,0.0442747435856517,13.044906349096104,0.141911757747887,0.1235263336862253,0.210992999353305,3,13.17990909001495,0.0726143467882231,0.0700529115507917,0.0516908398174824
Acaa2,27011.0,0.0,-0.2222776595580022,0.0,0.282765384350538,0.2238385846676118,7,-0.7369655941469699,-0.0749014184419068,-0.0179019277259651,0.4682640757732477,0.1065140277329893,1,6.629356620081067,0.1634987322210497,2.807354918966115,-2.643856186745065,11.689561254285568,0.0,0.0,0.0,0.0,0.0,0.0,0.0,0.0,0.0,0.0,0.0,0.0291532277149089,-0.0156841110135549,0.0448373387284639,-0.093655113360823,0.071239052354815,-0.0224160610060079,0.2621619909201658,9.789533644970524,0.2982603214609676,0.551457070633609,0.4682640757732477,3,11.111787735801077,0.6611302717792031,0.4055709493565733,0.1726946035802659
Dna2,27159.0,0.0582619475006802,-0.0212942145285915,-0.0436597188591492,0.0504986718116536,0.0168953623115006,6,-2.169925001386208,-0.0710937466848989,0.0,0.0,0.0,0,0.0,0.0,0.0,0.0,0.0,14.073528317506048,1.2343423,17.162265037644094,14.60813929084344,0.087630079717287,17.095067301607052,1.5595227633333333,18.535837300913133,0.0001326184999999,0.1313173999999999,0.0056478885,0.0043053244655059,0.0141488745614522,-0.0098435500959463,0.0027596636312451,0.0259379632184068,0.0286976268496519,-0.3263443806806747,10.761551232444562,0.1805116306742458,-0.1458327500064289,-0.3263443806806747,1,10.761551232444562,0.0,-0.1458327500064289,0.0
Arrb1,71305.0,0.0,0.0,0.0292329558097623,0.0,0.0,4,-0.9068905956001028,0.0050062900906254,0.4196137211686959,0.5399344066968732,0.630329991368435,3,5.63723598804584,-0.8791433066614843,-0.8249933463817621,-0.0541499602797222,14.67655004748164,14.659675976391249,1.3715997,16.108361241411345,15.505997584098557,0.1015339527970323,15.73912133313569,1.7942499900000002,18.54494179997113,0.0005654431999999,0.30631956,0.006937122,-0.0324375761034056,-0.016652316423662,-0.0157852596797435,-0.0573208329516424,0.0010819955755848,-0.0562388373760576,-0.0103766887465365,10.018200178813364,0.8693506475935378,0.9595481278655692,0.5399344066968732,6,15.13000740287712,2.2932970450829644,0.3409740234652608,0.3768059412463339
Tceal1,3496.0,0.1221772250644029,-0.2138157457002627,0.0875657077308864,0.4249240198087507,-0.1284861979402698,4,-1.5849625006890964,-0.0662107384315797,0.0,0.0,0.0,0,0.0,0.0,0.0,0.0,0.0,0.0,0.0,0.0,0.0,0.0,0.0,0.0,0.0,0.0,0.0,0.0,0.0648566249677642,0.0247222522044605,0.0401343727633037,0.0862103340376674,-0.012679569974232,0.0735307640634354,0.0,0.0,0.0,0.0,0.0,0,0.0,0.0,0.0,0.0
Fam49a,118826.0,0.2002010928392786,0.2248518190901985,0.0246507262509199,0.2248518190901985,0.2248518190901985,5,-1.3219280948440812,-0.127655633348723,0.0,0.0,0.6955443241414312,4,5.3864724291798165,-1.254080965967968,-1.1531663567178676,-0.1009146092501003,14.986431047723183,15.382340569308216,1.1072011,18.34164354880565,16.060843672034636,0.1147451192188939,19.597474288260344,1.5431402914983472,19.872674880270605,-0.0002100920999999,0.2242385737,0.004596797,-0.0201602435923139,0.0112358995661839,-0.0313961431584979,0.0932702872513238,-0.1016195783645059,-0.0083492911131821,0.0724262030322257,11.639340708652275,-0.0248546883664599,-0.0472923817996746,0.2670689237569981,6,14.768132621763291,1.227515574830614,-0.2536995917249187,0.2083381973352573
Pold4,1735.0,-0.0231401806701529,-0.1464850878806196,-0.041457633334556,0.0749913581097622,-0.1222997122432694,11,-0.6520766965721987,0.2236130720256426,0.0,0.0,0.0,0,0.0,0.0,0.0,0.0,0.0,13.693489628432696,1.0935016,17.11241983003713,14.280408311258538,0.094093381900186,16.66993693502865,1.5214058941600002,18.3321064989079,-0.0003369159999999,0.20754891,0.002741225,0.0932734812434183,-0.0328757710822666,0.126149252325685,0.0660551527073686,-0.0246914403982266,0.0413637123091419,-0.4377221872299927,10.733015321686048,0.6492467541251266,0.4129114335211845,-0.236335320603942,2,11.186733289128927,0.3208270515250381,0.0290952632714897,0.5427980334252193
Zfp85os,27576.0,0.0,0.0,0.0,0.0,0.0,9,-0.4150374992668215,0.0987143035312919,0.0,0.0,0.0,0,0.0,0.0,0.0,0.0,0.0,14.075312006460443,3.8779244,16.356383190214547,14.075312006460443,0.0,16.356383190214547,3.8779244,16.356383190214547,-0.0008705166,0.156527,0.0029617314,0.0142662298255781,-0.0118702007079052,0.0261364305334834,0.1279619160174614,0.0757510586345333,0.2037129746519947,0.0,0.0,0.0,0.0,0.0,0,0.0,0.0,0.0,0.0
Mrps18c,5844.0,0.1611190680420602,0.0761899647580793,0.053477302547039,0.2891555422382851,0.2784436047709335,3,-1.999999999891798,0.401864446401553,0.0,0.0,0.0,0,0.0,0.0,0.0,0.0,0.0,0.0,0.0,0.0,0.0,0.0,0.0,0.0,0.0,0.0,0.0,0.0,0.0862945030368435,0.0807111971014131,0.0055833059354303,0.1035468770047263,0.1183367502545134,0.2218836272592397,0.2415620486941367,10.789533644970442,-0.2571455707690928,-0.015583522074956,0.2415620486941367,1,10.789533644970442,0.0,-0.015583522074956,0.0
Eaf1,15459.0,0.0,0.0,0.0,0.0,0.0,7,-1.584962500673066,0.1271430064309645,0.0,0.0,0.0,0,0.0,0.0,0.0,0.0,0.0,13.752677478877864,1.3942871,16.915976284492693,14.046527211152096,0.0819236262290708,16.8272930784824,1.9775061114634147,19.005482009355784,0.000746052,0.2317347399999999,0.007930456,0.0684246229499718,0.0023020244796693,0.0661225984703025,0.0340161809254524,0.0447055613205377,0.0787217422459901,-0.1348339501577471,10.290018846932734,0.2937199713989986,0.0020956451597087,0.0219564259237956,2,10.778898476008456,0.3456901009034077,-0.0072121939238688,0.0131632722683817
Cald1,176973.0,0.0,0.0,0.0,0.0,0.0,3,-0.5849625007091332,0.0216804473068201,-0.6674681425743008,-0.2787284526543638,0.7390605228404237,1,7.044394119359546,-1.2854022183304858,-0.2479275133012142,-1.0374747050292716,15.527202076085125,15.145157227679222,1.1641644,16.5000541145926,16.34948857713614,0.0891429164319203,16.376091465461208,1.4990457473907284,18.237373367791005,-1.2733000000000017e-05,0.207661712,0.004408543,-0.0043966185592163,6.112368111602096e-05,-0.0044577422403323,-0.0264569639603278,0.0797480426765251,0.0532910787161973,-0.4833735534943764,15.478548446573456,0.1994992492946927,-0.4885194050396962,-0.2787284526543638,2,16.05945009008776,0.410759491331376,-0.7173580001341804,0.3236266447770248
Chchd1,1419.0,0.0,0.0,0.0,0.0,0.0,0,0.0,0.0,0.0,0.0,0.0,0,0.0,0.0,0.0,0.0,0.0,13.428752724983042,0.70727797,17.252027358480973,13.428752724983042,0.0472700078909544,17.353641197665567,0.74798415,18.343237774808856,-0.0012779503,0.02163851,0.000638974,0.131206376535611,0.1135194230743608,0.0176869534612502,0.1558709030920732,-0.0162770630647809,0.1395938400272922,0.0252590485966255,10.760719947465706,0.1962123355006468,0.2214713840972724,0.0252590485966255,1,10.760719947465706,0.0,0.2214713840972724,0.0
Oxsr1,83995.0,0.0323058013495075,-0.1001475549747429,0.0597316682577658,0.1814789043345845,-0.0063575824710451,3,-0.5849625006971113,0.1413527100604497,0.0,0.0,0.0,0,0.0,0.0,0.0,0.0,0.0,14.406965931976991,2.3541591,16.43849073253045,15.709083812550343,0.0923668400004458,16.78422586042625,2.7594511204545458,19.33648258791638,-0.0006225849,0.207459257,0.0037423465,-0.0189867898635787,-0.0069123266226662,-0.0120744632409125,-0.0187364730325021,0.0641786422599635,0.0454421692274613,-0.0522025305535035,10.349834091457357,0.2538103691759992,0.2922549178880125,0.1434130465000125,3,11.304921669581727,0.480089026630595,0.0668744610543492,0.2011314668572588
5430405H02Rik,18612.0,0.0301963246710585,0.0,0.0,0.0,0.0,6,-1.2630344058169625,0.286654083434044,0.0,0.0,0.5050857951530161,1,3.807354922067909,-0.7369655940288066,-0.8744691177600052,0.1375035237311986,13.45005133727406,13.878529769715774,0.85704373,17.315669078457088,14.107298821634462,0.0740199854492641,17.762641313358195,1.242845588551923,18.645524749532893,0.0002074834999999,0.1769048299999999,0.004719789,-0.0110707650893404,0.0089757760931803,-0.0200465411825208,-0.0651065631990178,-0.026374667058073,-0.0914812302570908,-0.1162631605437076,8.8856963733397,0.9896448812833828,1.0237907162142024,0.1007470700493726,5,13.376668061857682,1.6080846460135725,0.4275255641410342,0.3751764378518264
Adam4,2503.0,0.0830979699764929,0.1320516668590217,0.1153315622697965,0.2664749886458253,0.1967619412340211,9,-0.9999999999278651,-0.0574185436190284,0.0,0.0,0.0,0,0.0,0.0,0.0,0.0,0.0,13.932308448844992,0.6437594,18.0244548214798,14.09036056834034,0.0731216357454107,17.901750772602043,0.959697166,19.342747474699564,-0.0001721812,0.2210498,0.00388406,-0.0337893193860889,-0.0179212795170667,-0.0158680398690222,0.011522840147618,0.0230377117866283,0.0345605519342463,0.0,0.0,0.0,0.0,0.0,0,0.0,0.0,0.0,0.0
Htr2c,234764.0,0.0,0.0,0.0,0.0,0.0,11,-0.9999999999278651,-0.1147336517528699,0.0,0.0,0.2265123720493876,1,6.375039431348663,-0.4533656178780907,-0.4854268271068266,0.0320612092287359,15.722887560109644,0.0,0.0,0.0,0.0,0.0,0.0,0.0,0.0,0.0,0.0,0.0,0.0230963113296502,-0.0016862958470619,0.0247826071767122,-0.031236755032859,-0.010241830345778,-0.041478585378637,0.0,0.0,0.0,0.0,0.0,0,0.0,0.0,0.0,0.0
Polm,10156.0,-0.004201369319897,-0.1399981164635822,-0.0932212552091064,-0.0548471325944247,-0.0974226245290034,9,-1.2630344058169625,0.2734549099793277,0.0,0.0,0.0,0,0.0,0.0,0.0,0.0,0.0,13.814988991499122,1.741172,16.09143394589994,13.95310515059134,0.0883957195076898,15.941013621691766,1.6844566116666666,16.800242693232406,0.0015409704,0.09934399,0.004503284,0.0005059655393475,0.0084446517715872,-0.0079386862322397,0.0565046556087243,-0.0993482424474031,-0.0428435868386787,0.2151784471605252,11.10983065427886,0.1016133129684964,0.3872979148925157,0.2856846019240193,2,11.419960177847942,0.2192946891618525,0.2631121709347681,0.1756251633584393
Add1,58644.0,-0.0541227479378102,-0.2526438297824802,0.2425281730794893,0.6294546800658385,0.1884054251416791,6,-0.4150374992668215,0.0190129217800151,0.0,0.0,0.0,0,0.0,0.0,0.0,0.0,0.0,14.193752626601498,0.894008025,16.894632142810792,15.226412192788786,0.0761312717263714,17.436288612287154,1.2265142942125,19.13910163916247,-0.0001051479,0.13096828,0.005122895,0.0116543574131627,0.0129419355879848,-0.0012875781748221,0.0996752351121582,0.0673930769469273,0.1670683120590855,0.0573014135693145,10.225207436943622,-0.0119156326600817,0.0843516240077395,0.1601241336850423,2,10.79197682089877,0.4007664747636069,0.0134573424006222,0.1002596545434827
Foxk2,49906.0,0.0,-0.0454440197776289,0.0,0.2924940810527889,0.0741227135408396,8,0.0,0.1497998156908396,0.0,0.0,0.3169777019255742,1,5.087462841254583,-0.1950159823811415,-0.3667823306290081,0.1717663482478666,14.060611501838766,0.0,0.0,0.0,0.0,0.0,0.0,0.0,0.0,0.0,0.0,0.0,0.0401625681488327,0.0307370093932901,0.0094255587555426,0.1573959458953217,-0.0426036073599817,0.1147923385353399,-0.0106246227789644,10.184875342908407,0.4450447459394926,0.4014992442497158,0.2205390600570993,4,12.682994583681705,1.0733611802272989,0.1456773962495883,0.2866563013285754
Gm14295,12611.0,0.0,0.0,0.0,0.0,0.0,0,0.0,0.0,0.0,0.0,0.0,0,0.0,0.0,0.0,0.0,0.0,0.0,0.0,0.0,0.0,0.0,0.0,0.0,0.0,0.0,0.0,0.0,-0.0258132460745641,-0.0056023970368924,-0.0202108490376717,0.0324469311171792,0.1298691541222708,0.16231608523945,0.0,0.0,0.0,0.0,0.0,0,0.0,0.0,0.0,0.0
3110040N11Rik,7296.0,0.2028278393511543,0.6061103472147218,0.0,0.6061103472147218,0.6061103472147218,6,-0.9999999999639329,0.1420502613369713,0.0,0.0,0.0,0,0.0,0.0,0.0,0.0,0.0,0.0,0.0,0.0,0.0,0.0,0.0,0.0,0.0,0.0,0.0,0.0,-0.0119416022928159,-0.052225072604458,0.040283470311642,0.1120792394161432,-0.0656236727215678,0.0464555666945754,0.0,0.0,0.0,0.0,0.0,0,0.0,0.0,0.0,0.0
Bahcc1,59349.0,-0.0266598752734941,-0.1291512903890277,0.0,-0.1291512903890277,-0.1291512903890277,3,-0.9999999999639329,0.22333354669778,0.5478324674891386,0.3612665990357011,0.0,0,0.0,0.0,0.0,0.0,0.0,0.0,0.0,0.0,0.0,0.0,0.0,0.0,0.0,0.0,0.0,0.0,-0.0013839233919389,0.0434130715716977,-0.0447969949636367,-0.0269201532726817,-0.0090531429979755,-0.0359732962706572,0.2018366372527595,8.826548487291232,0.5478324674891386,0.9090990665248396,0.3612665990357011,4,14.893301530860567,2.680370472267323,0.4463796314375404,0.3250284941269858
Nle1,7643.0,0.0,0.0,0.0,0.0,0.0,4,-0.5849625007091332,0.0817691879142848,0.0,0.0,0.0,0,0.0,0.0,0.0,0.0,0.0,13.81883089942221,1.2771903,18.841275884324848,14.19598729802851,0.1110115396977447,18.568547288439365,1.6817485751309522,20.284932515116967,-0.0001810575,0.2515304,0.0032549195999999,0.0640092700062369,0.0085187638382814,0.0554905061679554,0.1146358339286115,-0.0449823134410837,0.0696535204875278,-0.166770513801235,11.151650829973484,0.3799144754379996,0.1859946806354488,0.1177399646125696,2,11.48934624071915,0.2387867149138375,0.0573140819292044,0.1819818479046607
Mpp4,42454.0,0.3314590158057097,0.3059621159561486,-0.025496899849561,0.3059621159561486,0.3059621159561486,6,-0.9999999999278651,-0.0773684369458997,0.0,0.0,0.0,0,0.0,0.0,0.0,0.0,0.0,14.346123670460036,1.1878127,17.533986077478428,14.92300243382903,0.0863434532502319,18.347526214543752,1.645111148596491,18.83991113176492,0.0004231594999999,0.10456226,0.0037800383,0.0028814526301187,0.0157587911782813,-0.0128773385481625,-0.0990658016069513,0.0700394004778376,-0.0290264011291136,0.0349296607531723,9.34207466799936,0.2026734970958852,0.1850528199592451,0.0874799986429848,2,10.214319120800887,0.6167699674283081,0.0664473414926827,0.1677334762191626
Tbc1d2,45819.0,0.0,0.0,0.0,0.0,0.0,1,-0.4150374992668215,-0.0056726899688339,0.0,0.0,0.7238704108874124,2,6.219006043828296,-0.9848131752109328,-0.4010966083434704,-0.5837165668674624,13.653531023948396,14.01028383190898,0.5832369,17.35844759435308,14.975176249291088,0.0587007967871211,17.79727180895647,0.7775284541499999,18.82811478508014,0.00022161015,0.13900297,0.0047643364999999,0.0364080817987438,0.0071444108130069,0.0292636709857368,-0.0472738603972348,0.0019730363415391,-0.0453008240556957,-0.0348071320126551,8.682994583682033,0.7695964004198984,0.5951556135474932,0.4339406012117961,7,14.0902778568574,2.034022210254167,0.0732261900072139,0.3763595590768152
Ube2n,30512.0,0.0,0.0,0.0,0.0,0.0,4,-0.9999999999759548,-0.144533778298478,0.0,0.0,0.0,0,0.0,0.0,0.0,0.0,0.0,14.221391348596311,1.56222115,18.294190244862143,14.711989543725757,0.0875637660440547,18.33237790195198,1.7221632551785715,21.012010664965636,-0.0006502678499999,0.183463,0.0024365595,0.0368322392296846,-0.0123494299753019,0.0491816692049866,0.0121516182346809,0.3645635570940866,0.3767151753287675,0.0311096516337457,10.023754353299555,0.3949363408723898,0.4821231386106666,0.0871867977382767,3,11.23421867823853,0.6055629225756712,0.0415573344533706,0.3914239113541403
Nrbp1,10702.0,0.0,0.0,0.0,0.0,0.0,6,0.0,0.0933906467610464,0.0,0.0,0.0,0,0.0,0.0,0.0,0.0,0.0,13.965527890226223,0.40265466,15.747769899048684,14.203348002979762,0.1030080189244993,15.874845432998193,0.80253296675,16.044095234669214,0.002772021,0.1741177599999999,0.006630368,0.0787625207205103,0.0445603861742823,0.034202134546228,0.0486225529793753,-0.0629422092817743,-0.0143196563023989,-0.1262520694010696,10.761551232444562,0.5146026455434018,0.2094347449356579,0.0526637618056047,2,11.1401907031919,0.2677385373903279,0.1932481504004402,0.0228913015203391
Ube2i,12706.0,-0.0800057552634184,0.0,0.0,0.0,0.0,2,0.0,-0.0005604763696736,0.2710264202082175,0.3173384027839585,0.0,0,0.0,0.0,0.0,0.0,0.0,13.812556318352083,1.5819993,17.75582409867359,14.28164030006605,0.0992299928698374,18.423406229587,1.8811669265,19.103528579040464,-0.0003753797999999,0.162524114,0.0032220404999999,0.0779053779503516,0.0168570654954906,0.0610483124548609,0.0985250509074856,0.0671033433007345,0.1656283942082201,0.0727615426563801,11.506307581100357,0.4444032019044766,0.5883648229921761,0.3173384027839585,2,11.760304125286424,0.1796026787919163,0.4304763537127272,0.2232880145973244
Agps,99173.0,0.0,0.0,0.0,0.0,0.0,5,-1.5849625006249766,-0.0458321388383865,0.0,0.0,0.840946759326568,1,2.584962500745201,0.8524428114073466,1.498805856566136,-0.6463630451587894,14.002287618401084,14.871933172516473,2.075372,16.68264612842198,15.868412640000004,0.0891842633181441,16.952502385683164,2.425866133882927,20.145693374677023,9.12707500000001e-05,0.263978382,0.0069331144999999,0.0207262789245832,0.0167786501310298,0.0039476287935534,0.1003212267431249,-0.0394647254095037,0.0608565013336211,-0.081653196418761,10.784634845557605,-0.1793496492350375,-0.1029876324310219,0.0917920573781048,2,11.239001757765642,0.3212859247690965,-0.2687178659408431,0.2343779439248491
Fgd4,183632.0,0.0,0.0,0.0,0.0,0.0,3,-0.5849625006971113,-0.0425355142661125,0.0,0.0,0.0,0,0.0,0.0,0.0,0.0,0.0,14.128938023875364,0.9424592,16.28732462191036,14.990325599831218,0.0554349312787636,15.676397887044764,0.95622256,17.901845030201912,0.0010870912999999,0.11993437,0.0022112189,0.0302426767579105,-0.0114972896902756,0.0417399664481861,-0.0179388863798053,0.098097578063686,0.0801586916838806,-0.0543401722766068,11.419960177847942,0.901435625417974,0.6252413397452592,0.076717773224602,3,15.39927792450897,2.290922337471881,0.3385225906368097,0.2558206516759204
Scmh1,124905.0,0.0,0.0,0.0,0.0,0.0,3,-0.8930847960739761,0.0571315779985803,0.0,0.0,0.0,0,0.0,0.0,0.0,0.0,0.0,14.266615722462078,0.89246565,16.259559765267653,15.364476679864657,0.0732028205456091,15.974145672775784,1.335521865138182,18.04259988171292,-0.0001014190999999,0.11029971,0.0039862586,0.0318626235861723,0.0014314669259502,0.030431156660222,0.0674884288563931,0.0272115952506231,0.0947000241070162,-0.2933104655913189,10.195987298028632,0.783081332912305,0.2567138050701228,0.1803791895602513,3,11.213711798105733,0.5091882171429735,0.1225236124137386,0.1162121777807947
Prmt2,30643.0,0.0,0.0,0.0,0.0,0.0,3,-1.3219280948440812,0.1211890130766569,0.0,0.0,0.4068643015905089,1,2.321928094916216,-0.2515387669593245,-0.5462820324849119,0.2947432655255874,13.782895857457794,13.973162478026335,0.744331275,18.04760345584723,14.596772122051034,0.0745058477545022,17.990613675702992,1.1781904704074075,19.779565475879124,0.00013766285,0.09630388,0.0036137473999999,-0.0178217118745174,0.0238742028513127,-0.0416959147258302,-0.0076433175211296,0.0492310112383166,0.0415876937171869,0.5004638391509628,11.12476753582254,-0.0761351933109537,0.424328645840009,0.5004638391509628,1,11.12476753582254,0.0,0.424328645840009,0.0
Glce,65407.0,-0.0084910051049476,0.0294349424302055,0.0379259475351532,0.0294349424302055,0.0294349424302055,0,0.0,0.0,0.0,0.0,0.0,0,0.0,0.0,0.0,0.0,0.0,13.931217304578942,0.94851605,16.84485056914381,14.58959263238848,0.0677159454696141,16.75553295661065,1.69577292359375,18.747462011813727,0.0005966527999999,0.27840161,0.0051592215,-0.0098559140897576,-0.0470553857312423,0.0371994716414847,-0.0701210515700231,0.0193028707852018,-0.0508181807848213,0.1474873080073058,11.08414401061521,0.0209490012451833,0.1684363092524892,0.1474873080073058,1,11.08414401061521,0.0,0.1684363092524892,0.0
Lamp5,17678.0,0.2158443890572874,-0.0040822878457945,0.0,-0.0040822878457945,-0.0040822878457945,5,-1.5849625006249766,-0.1748418463897903,0.0,0.0,0.0,0,0.0,0.0,0.0,0.0,0.0,0.0,0.0,0.0,0.0,0.0,0.0,0.0,0.0,0.0,0.0,0.0,0.0662895292049835,-0.0073050234990806,0.0735945527040642,-0.0509638676738796,-0.0745614534078335,-0.1255253210817132,0.185786376734471,12.837825009196711,0.3735040697490568,0.2263892682234005,0.8300051181245964,3,13.123474798244157,0.1428430687569769,0.1560182794391473,0.0662992363473744
Strip1,19162.0,0.0,0.0,0.0,0.0,0.0,5,-1.4150374992487875,-0.117647227802472,0.0,0.0,0.0,0,0.0,0.0,0.0,0.0,0.0,13.71393321331212,0.78482354,17.52904498878006,14.248817059278505,0.0605967956228943,17.85344358334546,1.0651165934489797,18.976334768582145,-0.0003037424999999,0.130564813,0.0025120653999999,-0.0011158286778248,0.0118075235966728,-0.0129233522744977,0.031654015229819,-0.0827737502595359,-0.0511197350297168,0.1422065644913516,10.68299458368177,0.3278985326454948,0.4155736425561529,0.385647045192538,4,11.642503028780563,0.3931358585428688,0.2287064521392428,0.1517647271011458
Coq9,16574.0,0.0183255332313853,-0.2674676006567862,0.1176696734691762,0.3232728405696665,0.0423563897660091,7,-1.4150374992487875,-0.0515840109940756,0.0,0.0,0.0,0,0.0,0.0,0.0,0.0,0.0,13.979676796687851,2.2350914,17.730651803095114,14.044308730051164,0.084520766320801,17.72207372561655,2.4112899457142856,18.98815209769054,-0.0001750451,0.20288636,0.0027974029,0.0625784521252657,0.0414085140430104,0.0211699380822553,0.0644926383684469,0.1955701523150368,0.2600627906834838,0.0134746950553642,10.319672120947107,0.0922501970920848,0.1356636399673836,0.1205202604038191,2,10.812979471251564,0.348820972609448,0.0671714833831889,0.0968625367575498
Mtx1,18007.0,0.1056781357123741,0.000140762446479,0.0705686440719354,0.2394811005387163,0.1849436802066393,7,-0.2895066171935276,-0.036410501044946,0.0,0.0,0.0,0,0.0,0.0,0.0,0.0,0.0,13.93903858413251,1.104163135,16.345694313753327,14.220378327695228,0.1019003871875344,16.3543472030371,1.6777325531666667,17.03361657537311,0.000114142,0.2326571522,0.0037003627,0.0659780748426778,0.0151720693194318,0.0508060055232459,0.0201089303738648,0.1328663818209733,0.1529753121948381,-0.0907854522070945,12.689779629377297,-0.0538370820931177,-0.0224012062602985,0.1380269787563519,2,12.83170309921432,0.1003550479312839,-0.1979180857619786,0.2482183514166803
Nat8l,9932.0,0.1600672588910155,0.0729323549630296,0.1272524137621036,0.5017069903432088,0.2873196726531192,3,-0.3625700793801285,-0.0258502624692467,0.6125752322427536,-0.022437693434365,0.0,0,0.0,0.0,0.0,0.0,0.0,13.880232130242485,1.2336457,17.794334468522422,13.967226258835993,0.0705812834159954,18.074664144264823,1.496606362777778,19.301326493999685,-0.0007811528,0.08106477,0.0030693409999999,0.2198360008658104,0.0887093856665532,0.1311266151992571,0.1119712372828511,-0.0058370555750747,0.1061341817077764,0.0318453385098378,10.262094845370298,0.6125752322427536,0.6407636118610975,0.4779912970596749,4,11.65015421367514,0.5961705206868574,0.3002326206854719,0.369002385180997
Gm13830,18088.0,0.0903302280383471,0.0226002406111951,-0.0498888289967759,0.0582825574719473,0.0404413990415712,3,0.0,0.3175944633186658,0.4181971870790928,0.0470028050632063,0.0,0,0.0,0.0,0.0,0.0,0.0,13.85512041105656,0.6314873,16.223488370536025,14.349834091457248,0.0644779559280839,16.054854462946587,0.7322751908333333,17.4408042967711,-0.00047735985,0.1215695999999999,0.001888344,0.068495669265665,0.0022823665788925,0.0662133026867724,0.0042271790986566,0.0496652768953745,0.0538924559940311,0.1140408145954773,9.751544059089266,0.4181971870790928,0.4651999921422991,0.2867895227437236,6,11.295768934420565,0.5590055605412334,0.2161690503488306,0.2907850577241758
Gnb4,36253.0,0.0,-0.071154125004758,0.0,-0.071154125004758,-0.071154125004758,5,-0.7369655941469699,-0.1656829105731684,0.0,0.0,0.931185253273048,1,1.584962500769246,-1.1375035229630104,-1.7224660234655764,0.584962500502566,11.435670260936602,14.304039581114807,1.49195655,16.104746008374526,14.802970669821116,0.0955543219031827,16.154746730465604,1.4975814855,16.783791186648823,-0.00021999035,0.1813823499999999,0.005065707,0.0394559280439847,0.0015891322820801,0.0378667957619045,0.0603880047407312,-0.07399004429399,-0.0136020395532587,0.7348488929297382,12.712741927075756,-0.0692488077228472,0.8823182902426965,1.0770979800328102,2,12.835853036444515,0.0870527002740495,0.6028346441732577,0.3952495627328822
Pdcd5,5539.0,-0.0598778447316478,0.3915615419267285,0.4142386119286388,0.4634585746000257,0.4275100582633771,9,-1.5849625006249766,0.3277896441293624,0.4412132834308706,0.0775292146254149,0.2652269629940245,1,5.882643049364287,-0.9358696622809108,0.1312445332185134,-1.0671141954994243,11.304921669581727,13.469606061418142,1.8459042,19.329500298907384,14.286413369370344,0.0971210365315325,20.055960568483624,1.93150569264,21.26525620050466,-0.000466573075,0.1892543999999999,0.0062023053,0.0260203565224151,-0.0074350056948118,0.033455362217227,0.0951339590400115,0.0538028229300658,0.1489367819700774,0.1885098080351263,11.13635034145422,0.4412132834308706,0.5187424980562856,0.2994904014448376,2,11.4670960339058,0.2338725219807518,0.4920214624710971,0.0377892509252276
Ssbp3,138993.0,0.4047099795500336,0.2152058545056702,-0.1895041250443634,0.2152058545056702,0.2152058545056702,4,-0.8073549220498757,0.1541471186327864,0.0,0.0,0.3937815137803948,8,4.739881593721393,-0.5589122003354987,-0.3831014586800312,-0.1758107416554674,15.095736977407022,14.412077597027627,1.5548544,16.582076412997534,16.310949986414162,0.0833019154381289,16.565801235106036,1.9112680730071945,18.32070360926436,-0.000221765,0.194402569,0.0049493977,-0.0201576285560117,-0.0314104751422845,0.0112528465862727,-0.0453831111604078,0.0323610551243181,-0.0130220560360896,-0.2283388986240422,10.89330153086064,0.5863857082569397,0.464421136877549,0.1345316529031297,6,15.815058012275216,2.238613381759876,0.0440824149395572,0.4526533307650215
Rnf149,26109.0,0.0,0.0,0.0,0.0,0.0,4,-1.1699250014222748,-0.1449619668747402,0.0,0.0,0.0,0,0.0,0.0,0.0,0.0,0.0,14.083974124217566,1.2407638,17.711865572200693,14.337621901992508,0.082246779237086,18.38021583750032,1.430777577481356,19.145693374677023,-0.0005785551,0.14937522,0.002279174,0.0083668978463262,0.0811992827148345,-0.0728323848685082,0.0753650281323675,-0.0423325935197427,0.0330324346126248,-0.0902267420187408,11.117643101389158,0.7424845548085809,0.2344172696954225,0.1930220137381879,6,12.851553858429796,0.7238573948121046,-0.0685901990768062,0.3384201743769259
Myo9b,87999.0,0.0120684959800885,0.0645598093703664,0.0911042028333649,0.1417855882565405,0.1031726988134535,2,-0.3219280948837557,0.0139826314588986,0.0,0.0,0.0,0,0.0,0.0,0.0,0.0,0.0,14.629926843639588,0.59927773,17.649338537317412,15.685843811426082,0.0546013089495163,18.449608121652663,0.6926938820256411,18.60964047443681,0.0002334989999999,0.16662131,0.0025900066,-0.0004589314297701,0.0089026400028563,-0.0093615714326264,0.0054147949425936,0.0484009580626181,0.0538157530052118,0.0149654744274413,10.111135670234836,0.2404356914020899,0.2682094439161322,0.0910513623777413,3,11.178664851006534,0.5356152639509112,0.2064068039370318,0.0567643228980425
Derl2,12677.0,0.08912749922787,-0.0054460134881273,-0.0664757511812899,0.0507495095812876,0.0226517480465801,1,0.0,0.2295356230548324,0.0,0.0,0.0,0,0.0,0.0,0.0,0.0,0.0,13.716378034605937,0.8395158,19.89599234625927,13.888362741170644,0.0557454496561753,19.950662680504017,1.155985539569231,20.103182778849156,-0.0004116579999999,0.09970443,0.0007068656999999,0.0790152509028984,0.0257941461318265,0.0532211047710718,0.1404870602303983,0.0552915258817796,0.195778586112178,0.006465344181433,11.39392667564047,0.1529224600811209,0.159387804262554,0.006465344181433,1,11.39392667564047,0.0,0.159387804262554,0.0
Nsf,132274.0,0.0,-0.0161442268453552,0.0,-0.0161442268453552,-0.0161442268453552,1,0.0,0.0,-0.9788239791495774,2.1511400273761128,0.5645629393721473,12,3.4359603993263206,-0.9920392665263283,-0.6017697624169994,-0.3902695041093289,14.728396176972666,14.99541822371564,0.6218318,15.948566295569558,16.21477444510339,0.0689148378519979,16.09056028630136,0.8367308423571428,18.871363836752685,0.0004167014999999,0.1997990559999999,0.00706781,-0.0222739866585967,-0.0255329893038743,0.0032590026452776,0.0224714827089986,-0.0332657778444169,-0.0107942951354182,0.669434546906924,11.13442632022099,0.2181408684549675,1.1723160482265356,2.1511400273761128,5,16.050932715198226,2.115186940011539,0.4065006715408993,0.5750389412765715
Myh10,125073.0,0.0531960833209625,0.0,0.0,0.0,0.0,3,-1.1375035237341966,0.0321067859184349,0.0,0.0,0.5648625196594176,2,3.2695794055803877,-0.7703915259139145,-0.5178119547472304,-0.2525795711666839,13.5437128867273,14.546932746585062,0.9671012,16.317716077684583,16.104127769763437,0.0829021811720564,16.73552958131142,1.497426790323741,19.418904672992188,-4.118799999999409e-06,0.208158756,0.0057893305,-0.0150615764009409,0.0177132777273251,-0.032774854128266,0.1267009082284116,-0.0231385092042353,0.1035623990241763,0.1083331694010536,10.48683502156315,0.3999638316843491,0.4959014689486081,0.3734909828832762,6,15.781077909628682,2.2947103207081225,0.1077560540536388,0.301301359345077
Atg7,217517.0,0.0094178170611603,0.0116296580234134,0.002211840962253,0.0116296580234134,0.0116296580234134,4,-0.5849625007091332,-0.0507704737860287,-0.5297546825106905,0.6896756339632764,0.5878600739446634,1,4.000000000009017,-0.9569312779023822,-0.2700891632952988,-0.6868421146070833,16.47826403158172,15.871216332202996,0.938246085,17.163404428171113,16.732684171609247,0.0717471794539995,17.040161270236254,1.23047018115625,19.385264186270778,-0.00036403795,0.1730697299999999,0.006653516,-0.011304400152131,0.0033831146937195,-0.0146875148458505,-0.04063483009498,0.0406090104974042,-2.5819597575804654e-05,0.3779339170953992,14.851992983020756,0.8052203101205301,1.023790716169296,1.1895561187721126,9,16.57388383065647,0.5718529898294439,0.3619531045109753,0.4055943231177664
Ncbp1,33790.0,0.0,0.0,0.0,0.0,0.0,4,-0.7369655941469699,0.0606882798183974,0.0,0.0,0.0,0,0.0,0.0,0.0,0.0,0.0,13.984085008560204,0.91827295,18.005115198712293,14.020025000370095,0.0777720490586756,17.572640183714924,1.1879568926923076,19.730655875398178,-0.0002783467499999,0.1474109899999999,0.002617663,0.0271105426335696,0.034800066892245,-0.0076895242586754,0.0602195039824668,0.0692400616368019,0.1294595656192688,0.0794124397892919,10.361943773735351,0.2759256316515768,0.1941537988351425,0.2405967123950181,2,10.857203471508244,0.3502014907436131,0.1762227753399665,0.0253582966141084
Glo1,41935.0,0.0,0.0,0.0,0.0,0.0,1,1.5849625006249766,0.0883776810374179,0.2248892581985049,0.2658072751947662,0.0,0,0.0,0.0,0.0,0.0,0.0,13.766032329643425,0.8562694,18.90527789645911,14.223850882973418,0.0493109754509337,18.72597085283195,1.7499134295333334,19.902422223664654,0.0004668901,0.08712811,0.000853256,-0.0045723773528951,0.0047202897421067,-0.0092926670950019,0.1090650169110609,-0.1297033125637577,-0.0206382956526967,0.1957341103721895,11.12541347048338,0.2248892581985049,0.4906965333932711,0.2658072751947662,2,11.445014845868474,0.2259922998113474,0.3620702795742346,0.1819049926281254
Elk4,25005.0,0.0039246128360663,-0.0510193644024602,0.0757279653863527,0.0064613648665601,-0.02227899976795,5,-0.9999999999855732,0.0142393337659682,0.0,0.0,0.0,0,0.0,0.0,0.0,0.0,0.0,13.929905626598048,1.7364897,16.58640561795671,13.929905626598046,0.0181731693701865,16.283757586278604,1.6476029666666667,17.60805985782142,0.0016419379999999,0.1493689529999999,0.003573726,0.0729242675686102,-0.0040962726547461,0.0770205402233563,0.0417478260681084,0.0160122319010903,0.0577600579691988,-0.245795065572471,10.743151394112584,0.1547687278796248,-0.0893171541983495,-0.2440858820779743,2,11.239001757765642,0.3506191545928934,-0.1366838367530392,0.0669866048734632
Masp2,12945.0,0.0566285344585698,0.1864545904686391,0.117808949896475,0.2649164798299592,0.2256855351492992,1,-0.5849625006971113,0.2605754867812758,0.0,0.0,0.0,0,0.0,0.0,0.0,0.0,0.0,13.678137664482463,0.74602413,16.86125827364029,14.094984859534922,0.0622728232716624,16.872674880270605,1.4939358695238094,18.779565475879124,-0.0018460685,0.135740454,0.003039838,-0.00467222917276,0.0079219021987014,-0.0125941313714614,0.1213230622593481,-0.0310649985613273,0.0902580636980208,0.3092101597584653,11.459943848374982,0.2577325148789522,0.531243849735393,0.5118987341937639,3,12.036517070486552,0.2885668099137806,0.3623978487378578,0.1466976794287952
Smc1a,46266.0,0.5236387980632589,-0.284253359590661,-0.8078921576539199,-0.284253359590661,-0.284253359590661,9,-2.3219280947719465,-0.0693094622475473,0.0,0.0,0.0491584769028767,1,2.584962500745201,-1.1375035221760856,-2.8875252682461148,1.7500217460700291,11.270879295328845,0.0,0.0,0.0,0.0,0.0,0.0,0.0,0.0,0.0,0.0,0.0,0.0116277066763105,-0.0259938691829717,0.0376215758592823,-0.0008169959931181,0.2221941916580518,0.2213771956649337,0.0,0.0,0.0,0.0,0.0,0,0.0,0.0,0.0,0.0
Adcy8,225212.0,0.0,0.0,0.0,0.0,0.0,4,-0.5849625007091332,-0.0972271615032286,-0.7797421905230375,-0.1293528973491535,0.8843804729509711,1,3.1699250014583424,-0.4506614089450543,-0.5688428352795306,0.1181814263344762,14.681403143736908,15.15428086386336,1.5312783,17.133216627573102,16.802415389090324,0.1144819661467823,16.457637380991763,1.7645113066419753,19.17379423342137,-0.0001202150999999,0.23621112,0.0051010427999999,0.0269756422204655,-0.0034904645501721,0.0304661067706377,-0.0085185039872069,0.0518363863062141,0.0433178823190071,-0.2910661981735963,12.62319563545296,0.0314961660119125,0.2615457136403858,0.256716377758492,7,16.50694286678993,1.42486085024289,-0.5310249625710279,0.5408742246433118
Ggt7,27858.0,0.0,0.0,0.0,0.0,0.0,4,0.0,0.1386288015042075,0.0,0.0,0.0,0,0.0,0.0,0.0,0.0,0.0,13.999971538367408,0.957945,17.375958589978158,14.400145630729186,0.070355492910817,17.74403229278371,1.4280722656629214,18.871249515027756,-0.0002423643999999,0.17338635,0.005430913,0.0265945125532295,-0.0047134472104823,0.0313079597637118,0.1404639147700696,-0.1726225561883981,-0.0321586414183284,0.0360101351935655,11.320236445241706,0.6563569242697649,0.516349634455068,0.212027560201828,2,12.461479447286182,0.8069806657273418,0.3739264383723792,0.201416815496661
Rps2,3813.0,0.0500712049355743,-0.0305664552134219,-0.0688707187225055,-0.0070325723604404,-0.0187995137869311,6,-0.415037499274836,0.2457039166855932,0.3492748673289751,0.2162770332029584,0.0,0,0.0,0.0,0.0,0.0,0.0,13.828345162428633,1.597794,17.248189768324227,13.9762060901486,0.0901184867601292,17.25139608313114,2.5880517871875,18.78655999084044,0.0003605129,0.2297184059999999,0.0043716785,0.1962672370179558,0.0811729300200116,0.1150943069979441,0.1711938591974636,0.0346089796040843,0.205802838801548,-0.1240826035494622,11.81618368143238,0.4359865005131971,0.5655519005319336,0.2162770332029584,2,11.834866038362058,0.0132104212735221,0.2685480803716239,0.4200268305473296
Fbxl19,24940.0,-0.1191474949439456,0.130948743521031,0.2500962384649766,0.130948743521031,0.130948743521031,2,-1.7004397181161224,0.0263905408191322,0.0,0.0,0.0,0,0.0,0.0,0.0,0.0,0.0,13.95426164165936,1.47042905,17.4592907346057,14.390437689560535,0.1202388842669605,17.232999365401987,1.883874241707317,18.949923577039527,-0.000306174,0.220614345,0.0056269686999999,0.003860787283638,0.0061424122240072,-0.0022816249403691,0.0459921787779682,0.1044098818231207,0.1504020606010889,-0.1231147331572984,10.945443836377985,0.9148448013402912,0.8016416439848191,0.0579357230292867,7,13.355901638328431,0.8824894215876935,0.0582769332919579,0.4249440567977023
2900005J15Rik,9126.0,0.0728755176597901,0.0386582939667141,0.0867613421911037,0.3418788967250303,0.1290051243559154,4,-1.5849625006249766,0.1304803501326604,0.0,0.0,0.0,0,0.0,0.0,0.0,0.0,0.0,13.83129445361334,0.521873,16.999266375622764,14.21242038787832,0.0590611078516752,16.71288446450903,1.0557758475625,18.77302971231608,-0.0002920962499999,0.1036502279999999,0.002974059,0.0231525025033599,0.0742207621915118,-0.0510682596881519,0.0364661419805492,-0.1208249153659758,-0.0843587733854265,-0.0418242753521362,7.022367813029564,0.4737061664660507,0.3968914631264417,0.1120476387515525,3,10.037546953962316,1.510799254849693,0.2465339659115608,0.1567522490460079
Ptpn21,60664.0,0.0,0.0,0.0,0.0,0.0,2,-0.5849625006971113,0.2688584485933587,0.0,0.0,0.0447080291970802,2,5.669368191289939,-1.0046558298481143,-0.6418674705070447,-0.3627883593410698,11.497193293319944,14.332352660088093,0.66266827,16.284874055719463,15.26609108074215,0.0785386296067421,16.52787054795913,0.8197935597285715,18.663919399824703,-0.0002118545,0.11992388,0.007273084,0.0101710981795955,-0.0096272163849568,0.0197983145645524,-0.0502079087586975,-0.0360439715519492,-0.0862518803106467,-0.1262909607409511,7.930737337563477,0.0947269273779445,0.0177686049370406,0.1076228471268505,3,12.27699673929715,2.456964231067549,-0.3126878444833646,0.3002348422944743
Pard6b,20199.0,0.0,0.0,-0.0959941866961009,0.0,0.0,7,-0.4854268271619979,-0.0218980348485138,0.0,0.0,0.0,0,0.0,0.0,0.0,0.0,0.0,13.904963711443685,0.875980975,17.472403205775105,14.357826882210777,0.0771422095447908,17.26963807884011,1.160086084581081,19.08992628014288,0.0004667341499999,0.192868216,0.0049652339999999,0.0726293109364722,0.0319590053252393,0.0406703056112328,-0.0218861489727512,-0.0357955339160787,-0.05768168288883,0.1033436473467401,10.59339112279183,0.38141260126682,0.4932759995398541,0.2994904014424271,3,12.349834091457277,0.8959674878694041,0.1517862147878557,0.3406764522525312
Rpa1,50158.0,0.0,0.0,0.0,0.0,0.0,3,-1.4150374992487875,0.1045204943875429,0.371385215454707,0.1469616402873503,0.1635215480630747,1,2.584962500745201,0.3738148365059491,0.3337373971361809,0.0400774393697681,13.112439506781568,14.314863752720166,0.5755062,16.466486386126856,15.046186128334528,0.0698548621191383,16.548370393685914,0.7927394017627118,18.29818789569068,5.640530000000036e-05,0.15290438,0.0046979184,0.0104616473139737,-0.002869630115063,0.0133312774290367,-0.0915218102833902,-0.0263163850582129,-0.1178381953416031,0.1469616402873503,11.074141462752571,0.371385215454707,0.5183468557420574,0.1469616402873503,1,11.074141462752571,0.0,0.5183468557420574,0.0
Srsf6,5593.0,0.0770602111638832,-0.0663518496571767,-0.0902148492808667,0.2370354296044905,0.0265608740445396,2,-1.5849625006890964,0.109971388224422,0.0,0.0,0.0,0,0.0,0.0,0.0,0.0,0.0,13.35424938194524,1.3947085,17.6906296923157,13.35424938194524,0.0855369048351072,17.76317088874145,1.6075039565,18.90362004643698,-0.0003797450499999,0.16889876,0.0027847424,0.1112319844542562,0.0018520190637409,0.1093799653905152,0.0677400432159751,0.0903012812057536,0.1580413244217288,0.0718902655393147,10.232420927176197,0.1738649039823485,0.2460292090738174,0.2084461887931077,3,11.178042328864883,0.4731530634324153,0.1962257189143777,0.0438883397152348
9330179D12Rik,63022.0,0.026454453867952,0.0,0.0,0.0,0.0,6,-0.9999999999278651,0.0146388082647259,0.0,0.0,0.0,0,0.0,0.0,0.0,0.0,0.0,14.054841358439084,0.83337927,16.174620728557667,14.993071060835794,0.0721175761048337,16.85087050995226,1.177441402254902,19.493652212020333,-0.0004889255999999,0.07084492,0.003225273,0.0110461510651293,-0.0239805899397471,0.0350267410048765,-0.1345014435927046,0.0612354084490818,-0.0732660351436228,0.3594329419017068,11.494855584491248,-0.1503855704483925,0.2090473714533143,0.3594329419017068,1,11.494855584491248,0.0,0.2090473714533143,0.0
Rnf138,26883.0,0.0,0.0,0.0,0.0,0.0,4,-1.999999999891798,-0.1162365336798,0.0,0.0,0.0,0,0.0,0.0,0.0,0.0,0.0,13.753955731557324,1.068891615,16.888843956196013,14.3344828017119,0.0803552909729915,16.52366485448794,1.35840972625,18.4954256638152,-0.0011225272,0.13903382,0.003596755,0.0174642105533764,-0.0222852466573502,0.0397494572107267,0.0786200693195097,0.0056156352446153,0.0842357045641251,0.0925363532586818,11.090774054640816,-0.0944747840134434,0.1298812873762465,0.2243560713896899,2,11.41626974452326,0.2301602095628694,-0.0916585688309199,0.31330466925436
Chordc1,25317.0,0.0,0.0,0.0,0.0,0.0,4,-0.9999999999278651,0.1210739807997567,0.0,0.0,0.0,0,0.0,0.0,0.0,0.0,0.0,0.0,0.0,0.0,0.0,0.0,0.0,0.0,0.0,0.0,0.0,0.0,0.054997793021086,0.0209801558588003,0.0340176371622857,0.0900963817586516,0.1859035741243591,0.2759999558830107,0.0198540282818608,10.674192268145772,0.1070679624505102,0.1269219907323711,0.0198540282818608,1,10.674192268145772,0.0,0.1269219907323711,0.0
Rsad1,9457.0,0.0,-0.006216355516575,0.0,-0.006216355516575,-0.006216355516575,7,-0.5849625007091332,0.2089229707522566,0.0,0.0,0.0,0,0.0,0.0,0.0,0.0,0.0,14.119427511067276,1.7584747,17.73049281319291,14.119427511067276,0.0655924401960062,17.747143998186747,1.9388226714411765,18.68002980232821,-0.000435744,0.0938661399999999,0.0025473454,0.064789826583317,0.0467283364539832,0.0180614901293337,0.0374626997263881,-0.0394355932635476,-0.0019728935371594,0.0648488978356304,11.189206834597083,0.3698341655167101,0.5691871436443976,0.2842236447943125,3,12.572937025017334,0.7229784084385443,0.3989046950794628,0.1601252050365914
Zfp407,461698.0,0.0,0.0,0.0,0.0,0.0,1,-0.8073549220421463,-0.2541007807444897,-0.0803418060224951,-1.6125061737239157,0.2063526147846887,1,6.741466986402496,-0.5188733101983367,-0.0631938264779655,-0.4556794837203711,16.55221878536526,15.775593058437432,1.16995265,17.364998622329953,17.70706923730804,0.0964682780960794,16.98815209769054,1.5171262593720096,20.25845331893688,0.00016756665,0.23013632,0.0056793799999999,0.0005156006078554,-0.0026317076660148,0.0031473082738702,-0.0402502254364782,0.0314724926434084,-0.0087777327930698,-0.6048415889041903,11.088788238716973,1.1826860077874803,0.1256703302704094,0.2185704060550654,6,16.814770200304146,2.623307786264524,-0.6318726263882167,0.9196974952707776
9330159M07Rik,18634.0,0.0,0.0,0.0,0.0,0.0,8,-0.9999999999278651,-0.0210104459596036,0.0,0.0,0.0,0,0.0,0.0,0.0,0.0,0.0,0.0,0.0,0.0,0.0,0.0,0.0,0.0,0.0,0.0,0.0,0.0,0.0406761435452178,0.0329429645446083,0.0077331790006094,0.0089599505511917,0.0073756937628124,0.0163356443140042,0.0,0.0,0.0,0.0,0.0,0,0.0,0.0,0.0,0.0
Tmem259,9382.0,0.1048194652930359,0.0238822965215602,0.050036725893141,0.0238822965215602,0.0238822965215602,8,-0.8930847960739761,0.1685551298066747,0.0,0.0,0.2934538932894933,1,2.321928094916216,0.194816176962067,0.3604022426589018,-0.1655860656968348,11.939211882666434,13.748545734482828,0.6902547,17.60926471777705,13.995237170449055,0.048996310021096,17.916136046696447,1.3358104420526316,18.149280724066983,0.0004558452999999,0.0684864299999999,0.0025460255,0.0486544166493665,0.0260914279746539,0.0225629886747125,0.1227227601075374,-0.0444652902580244,0.0782574698495129,0.0707275920465651,10.027905996570023,0.3256108096109238,0.6252413397452592,0.3925998058307447,4,11.454813348512577,0.6254204743148937,0.2715997370556494,0.2473454266661854
Rbm41,109084.0,0.0,0.0,0.0,0.0,0.0,6,0.0,-0.0461021742391802,0.0,0.0,0.0,0,0.0,0.0,0.0,0.0,0.0,0.0,0.0,0.0,0.0,0.0,0.0,0.0,0.0,0.0,0.0,0.0,-0.002980251334044,0.0061278558453693,-0.0091081071794133,0.0114779623258771,0.0785467002026556,0.0900246625285328,0.0,0.0,0.0,0.0,0.0,0,0.0,0.0,0.0,0.0
Abcb6,8675.0,0.1446327005004996,0.0589727440674839,0.0182801585251806,0.4757163473292647,0.2673445456983743,7,-1.0443941193538082,0.0839528980811723,0.0,0.0,0.0089151873767258,1,3.3219280949017893,-2.5849624977155417,-1.8073549194813632,-0.7776075782341785,6.820178962416464,0.0,0.0,0.0,0.0,0.0,0.0,0.0,0.0,0.0,0.0,0.0,0.0109583373726326,0.0065900604796986,0.0043682768929339,0.0603922317102632,-0.0388617100000006,0.0215305217102625,-0.2050741668316412,7.3128829552852626,0.4308247953939785,0.3259249417706118,-0.0473123620732227,3,11.494855584491248,2.320942766612098,0.0879514459892804,0.2073356526149178
Zfp148,123527.0,0.0,0.0,0.0,0.0,0.0,0,-0.5849625006971113,-0.0564656390413964,0.0,0.0,0.6714649801774589,2,4.69615871139507,-0.6325528777796858,0.1245858760860056,-0.7571387538656915,14.491558693006857,14.528261675007514,2.05960875,16.707143552515365,16.120096096098575,0.1077851894742834,16.313154749561996,2.7904613426071427,19.158870979475,-0.0007617483,0.290581938,0.003252118,-0.0064030638606776,-0.0066405386944828,0.0002374748338052,0.1117816456249034,-0.1583203018194987,-0.0465386561945952,0.0148628369919034,10.759888183221918,0.2995374464692237,0.3014427471031169,0.1279791491165185,2,11.28077077013066,0.3683196094051635,0.2513633592198145,0.070822949539909
Zeb1,183607.0,0.0,0.0,0.0,0.0,0.0,10,-1.5849625006249766,-0.1543126666556692,0.0,0.0,0.9744039401514868,1,3.70043971815219,-0.9205655322625532,0.1634987322210497,-1.0840642644836032,12.229419688230449,15.148320501043834,1.14174045,17.962993625267412,16.611658834971117,0.1027968090332771,18.49607356264787,1.5984610934615384,18.778667519571627,-0.0001248564499999,0.274047523,0.0023392274,0.0329036100338132,-0.0150593745996694,0.0479629846334827,-0.0579951811470934,0.0935248188345055,0.0355296376874121,0.0794607442375984,10.697836357962464,0.8224983016013003,0.7213820720593003,0.4136614213558554,6,13.797661525853773,1.3268020913244196,0.4100018867849729,0.2341391037593402
Far2,135499.0,0.0,0.0,0.0,0.0,0.0,3,-1.999999999891798,-0.011022977154694,0.0,0.0,0.0,0,0.0,0.0,0.0,0.0,0.0,0.0,0.0,0.0,0.0,0.0,0.0,0.0,0.0,0.0,0.0,0.0,-0.0032631382683999,-0.0048910080218606,0.0016278697534606,-0.0608651686224773,0.0152889116147347,-0.0455762570077425,-0.2137020866447413,10.62388149001355,0.6125752322306073,0.4150508322426753,-0.1975243999879319,2,11.101319154423342,0.3375994100980306,0.1610064301100858,0.3592730389408725
Bhlhe41,7315.0,0.325785727501887,0.8675954851076783,0.5418097576057912,0.8675954851076783,0.8675954851076783,7,-0.9999999999278651,0.0953305020349795,0.0,0.0,0.3398144056562086,1,8.219168520462645,-0.7447429446007006,-0.4052564783907684,-0.3394864662099321,11.908767882849226,0.0,0.0,0.0,0.0,0.0,0.0,0.0,0.0,0.0,0.0,0.0,0.2455792913204308,-0.0078897861624557,0.2534690774828866,-0.0822720929124735,-0.1640734205332448,-0.2463455134457183,0.0705013374555248,11.1478408936724,0.437244847777698,0.3951783475947046,0.2115194795327326,3,12.140510272368251,0.528913519954803,0.1428180814975147,0.2190685286968118
Slc22a14,196098.0,0.0,0.0,0.0,0.0,0.0,4,-2.115477217382944,0.3297675663772663,0.0,0.0,0.9433627522513968,1,3.70043971815219,-0.7574296965856193,-0.4405725912955868,-0.3168571052900326,13.468242192360185,15.10714956128357,1.7729338,15.4792993919549,16.41625324819032,0.1107773942631695,15.456064990369736,2.3679273816742423,19.068815008144032,-0.00026753005,0.207459257,0.0046082436,-0.0173323392944363,-0.0039287884579591,-0.0134035508364772,-0.0047806397244316,0.0436529665582643,0.0388723268338326,0.0603955471419441,13.23750874817267,0.3040261671532276,0.5630014088617479,0.3275047776135953,10,15.478516847676454,0.8129252210087053,0.1387933481480043,0.2646971093396726
P4ha3,34179.0,0.1505052766172044,0.0,0.0,0.0,0.0,2,-1.5849625006249766,-0.0385765043203997,0.0,0.0,0.3402001100081196,2,6.617483540261298,-0.396010798445971,0.2441749260468334,-0.6401857244928044,13.659965711359607,13.771668201702004,0.65914434,15.08131748765146,14.40534093704484,0.067054646313437,14.95769155375932,0.8173676178571428,15.66124923530522,0.0005508449999999,0.0954161299999999,0.006351582,0.0111119374579567,-0.0256572470098492,0.0367691844678059,-0.0009008696147261,0.1000520660534853,0.0991511964387591,0.0867668836582729,13.569499636365288,0.1930363407290858,0.4675803850462057,0.2745440443171199,3,14.197523878257796,0.321705478676737,0.2131230022611866,0.3543645837513353
Robo3,17577.0,0.0,0.0,0.0,0.0,0.0,7,-0.9999999999855732,-0.0085256520157306,0.0,0.0,0.0,0,0.0,0.0,0.0,0.0,0.0,0.0,0.0,0.0,0.0,0.0,0.0,0.0,0.0,0.0,0.0,0.0,0.0564170569134317,0.0091081960354486,0.047308860877983,-0.0182996770064755,0.0566203575449472,0.0383206805384716,0.0711420759961539,12.178664851006502,0.0045291184131097,0.1412365876670112,0.3115632337516136,2,12.76880461645582,0.4172918299970519,-0.0117566878395923,0.2163651651733222
Spg11,64866.0,0.0,0.0,0.0,0.0,0.0,4,-0.8624964762441629,0.116329284919442,0.0,0.0,0.0,0,0.0,0.0,0.0,0.0,0.0,14.315291107023732,1.1854532,17.742072546829057,14.315291107023732,0.0,17.742072546829057,1.1854532,17.742072546829057,-0.000137856,-0.10756033,-0.0001338166999999,0.0097639609527808,-0.0022818290295109,0.0120457899822918,-0.0379429305758657,-0.0071933237908714,-0.0451362543667371,0.2866664235828953,11.122827994807732,0.1507168762110458,0.3733916806071817,0.3506580427696546,2,11.453270634010677,0.2336582309735804,0.1284822194179938,0.3463542815672366
Cuedc2,8890.0,0.0598442964295679,0.0301572015849931,-0.0250020454541889,0.0441839087268207,0.0301856426143233,5,-1.0506260730646373,0.0864268101980276,0.5117131597562066,0.1047069955706869,0.0,0,0.0,0.0,0.0,0.0,0.0,13.476546801166512,3.0382539,16.429326609745637,13.573173784686484,0.2121998826658326,16.429326609745637,3.0382539,16.856717306367628,-0.0004497189999999,0.149145434,0.0028217744999999,0.2181465471104577,0.0159273388306326,0.2022192082798251,0.0222065305650291,0.1649915557878107,0.1871980863528399,0.095827951462188,8.651051691179287,0.6766361041171218,0.7373396459820847,0.4494848693833964,6,11.415741768290143,1.005532873302489,0.4171425886334357,0.2074839391720934
Ythdf2,27391.0,0.4334494981460736,-0.1240596489743392,-0.5575091471204128,-0.1240596489743392,-0.1240596489743392,3,-0.9999999999639329,0.2654081286195187,0.0,0.0,0.0,0,0.0,0.0,0.0,0.0,0.0,13.958407782608854,1.6266028,17.728486808367546,14.568846792885813,0.0963727868748432,17.811274335606463,1.966830748148148,20.43745949905413,-0.0004258147,0.24804557,0.0056281675,0.0377216757924118,-0.030515609266471,0.0682372850588829,0.0622337261805401,0.0794866989294974,0.1417204251100375,-0.3383121279204171,11.197830998012256,0.1162457785416917,0.1643786674795508,0.0481328889378591,2,11.493855449240872,0.2093208968607797,-0.2369882072833504,0.5676184777769986
Mast3,26937.0,0.2909274109405826,0.1120100879659192,-0.0365640976090591,0.3998176165616807,0.2512622354669706,7,0.2016338611687098,0.0075684765690917,0.1639686786214129,0.2646316442402163,0.5420397466695785,5,3.9471839121180814,-0.7864635602855021,-0.5415749886584986,-0.2448885716270033,12.033986542853595,13.895795243197762,0.5525040999999999,16.013243530788397,13.976295606795595,0.061946690806673,15.906148023545835,0.909488899,17.47543262707427,-3.2066999999997604e-06,0.08389313,0.003263568,0.0593458638255597,0.0465947785152924,0.0127510853102672,0.0190872945592671,0.0118214014456664,0.0309086960049336,0.1290311132583029,6.965784284663242,0.2542051413870152,0.6128576153023215,0.3586524739153063,4,11.08281433767234,1.9089433668830644,0.2945514078046189,0.278534488535166
Stac2,16839.0,0.1297620759802965,-0.0935374187718115,-0.0528303006717349,0.2508124659033909,0.1639879067964578,3,0.0,0.0,0.7825955014584874,-0.0658032264360078,0.4741590287441816,1,2.321928094916216,-1.0840642644836032,-0.9411063106699148,-0.1429579538136883,13.27044134084806,13.857179880327562,0.52116895,16.485785040441996,13.916439322580777,0.0719774016816445,16.746028757438438,0.9637811563636364,17.186510848759454,-0.0005180104999999,0.10449908,0.002740226,0.012673646792445,0.0006615781338971,0.0120120686585479,-0.0510672786879788,0.0288870957869618,-0.0221801829010169,-0.0140871601153271,9.485829308702106,1.1022020478876162,1.3814200543051038,0.2792180064174876,4,11.597587039586262,0.9318168126840842,0.6212534076819388,0.5666082810208577
Mrps26,4953.0,-0.0198484000976279,-0.1205123513685,-0.0356862050431552,0.0402110251608212,-0.0401506631038394,4,-0.5145731728235754,0.173316758723056,0.0,0.0,0.0,0,0.0,0.0,0.0,0.0,0.0,13.446405465062869,0.7249223499999999,16.965613286285237,13.51939054134796,0.0846082288071589,16.98039769755802,1.0557436728333334,18.145693374677023,-0.0002887086499999,0.191781602,0.002799013,0.159515673637958,0.048258230928428,0.11125744270953,0.06703681069236,0.1920700802981375,0.2591068909904975,-0.1679274467292,10.763212366814484,0.1161494061272945,-0.0452647004551254,-0.1614141065824199,2,11.133142212400664,0.2615799023772813,-0.0739197588782678,0.0405243722526014
Slc25a35,6234.0,0.0451577832545972,-0.0472016470711386,-0.009413164937267,0.0536197286174895,0.0222733394009208,8,-2.3219280948296546,0.0827920064211562,0.0,0.0,0.0,0,0.0,0.0,0.0,0.0,0.0,13.86856220247686,0.6478467,16.158072472247234,13.977548256996624,0.0333320415405488,16.214330971992418,1.07027050125,16.49344894616511,0.0005189254999999,-0.0233606299999999,0.0031524469999999,0.0734878875981721,0.0667228102941173,0.0067650773040547,0.1194727602805433,0.0064496214211581,0.1259223817017014,-0.11086717599157,9.990103963857642,0.3111112399172686,0.3088514284204087,-0.0022598114968599,2,10.718532876069306,0.5150770234372071,0.1808616042707062,0.1810049451582567
Lrrc8b,74299.0,-0.0057956243003309,-0.080084993839435,-0.074289369539104,-0.080084993839435,-0.080084993839435,3,0.5849625006971113,0.3953557607474873,0.2381797174609947,0.5919086140585015,0.0,0,0.0,0.0,0.0,0.0,0.0,13.903056974953724,0.99569682,16.734740573639286,14.678655152351991,0.069516333893128,17.390114558369902,1.3394999384242423,18.60253939433313,0.00013817715,0.1775339,0.005403099,0.0079449369825077,0.0220765934013577,-0.01413165641885,0.0489389126806041,-0.0444626153053059,0.0044762973752981,0.1614427002179505,9.73809225962066,0.5514637179241144,0.8300883315194962,0.6727077250173281,6,14.408661448179451,2.0809470722255323,0.396807563248092,0.3408452181440964
Ski,68517.0,-0.0701818903997613,-0.1341504422346219,0.0362412911370249,0.066269243709149,-0.0339405992627364,4,-0.9219974879951414,0.1202330449753283,0.0,0.0,0.3427196381538122,3,4.178749071910154,0.2216719172920814,1.420512091090166,-1.1988401737980845,13.914484640434942,14.045689579943469,0.941306615,16.306217628784076,14.632995197142955,0.0943872741021161,16.264652286316974,1.3589009985294118,18.18244770078526,0.00033650875,0.18629746,0.0061237939999999,0.0385665904259442,-0.0189829675163796,0.0575495579423238,0.1230163950640246,-0.036299034000006,0.0867173610640186,0.0123238644144584,10.577428828035844,0.4426502307888074,0.6128576152916443,0.2868903646644991,5,14.278231643614369,1.5736091437631512,0.1404741849333344,0.3151082370983177
A230077H06Rik,82461.0,0.0867316827152047,0.1627714825105767,0.076039799795372,0.1627714825105767,0.1627714825105767,5,0.0,0.041311509897951,0.256599656529151,0.6119128342430749,0.0,0,0.0,0.0,0.0,0.0,0.0,14.080240669602968,1.3664387,17.66690005059809,15.007421535639091,0.0800820106155716,18.09506730160705,1.736246511596648,20.09506730160705,-2.5044699999999916e-05,0.153958297,0.0032806765,0.0326818141895924,0.015163186055118,0.0175186281344744,-0.0276669688897932,-0.0217435643520349,-0.0494105332418282,0.1818391381419876,11.64520808277473,0.3577613332134222,0.8685124907722259,0.6119128342430749,4,13.879487526224848,1.012764949927775,0.4411029710378049,0.2969195594527511
Creld2,7037.0,0.0755675133697655,-0.0508363558723272,0.0408113133281871,0.0887417962353458,0.0202132885813368,8,-1.222392421308968,0.2673127228534513,0.0,0.0,0.0,0,0.0,0.0,0.0,0.0,0.0,0.0,0.0,0.0,0.0,0.0,0.0,0.0,0.0,0.0,0.0,0.0,0.1198092793515674,0.0918791936577667,0.0279300856938007,0.0447219388582567,0.0805320963103153,0.125254035168572,-0.1112365470189754,10.610102062999756,0.1911114638027156,0.0074281933847739,-0.0115903111974784,2,11.08414401061521,0.3351982757257658,-0.0061715628264914,0.0192329596789392
Grina,3140.0,-0.0520024734813686,-0.1881752506765169,0.1617743269219063,0.6411766916578516,0.0375370265980511,5,-0.7004397181341564,0.2581793693693793,0.0,0.0,0.0,0,0.0,0.0,0.0,0.0,0.0,13.696575280478616,1.465864,16.745005770857283,13.853991749849204,0.0721526326383374,16.531524325926124,1.6255468208125,17.768552655125454,-0.000991772,0.1188906599999999,0.0057434209999999,0.0955463436391926,0.0064325433193728,0.0891138003198197,0.0772635207771125,0.0529800443396011,0.1302435651167137,-0.2882778807409737,10.203348002979885,0.4501253513483099,0.2510621373064672,0.2157220437562981,3,11.10983065427886,0.4555285709273394,-0.0063933755713175,0.2762006562076185
Cdh4,456942.0,0.0053693430505242,0.090180279114042,0.0848109360635178,0.090180279114042,0.090180279114042,4,-1.584962500673066,0.1379764533305362,0.0,0.0,0.6603856884380248,4,4.6773517401888105,-0.3745944387273847,-0.0019864839132421,-0.3726079548141426,15.937317073255883,15.346178918497206,1.0176257,17.581656001889232,17.87008171127914,0.0855248705442535,17.54927328196694,1.344729367688488,19.98815209769054,9.229630000000028e-05,0.2251764299999999,0.0051697845,-0.0080298525626615,0.0075466981006047,-0.0155765506632663,-0.0757270694376305,0.0540411418972768,-0.0216859275403537,-0.0161582306052106,10.74483383749963,1.542185904234459,1.1661112562131055,1.425021283409774,19,17.668725740671366,2.0880138814657863,0.1829994583553668,0.3616612024147845
Cwh43,47360.0,0.0,0.0,0.0,0.0,0.0,7,0.0,-0.1269612902097964,0.0,0.0,0.0,0,0.0,0.0,0.0,0.0,0.0,14.473634131512064,0.87386626,17.23133557172221,15.112887428586186,0.0886111729213614,17.27762623560657,1.3816656945441177,20.704830704911892,-8.322099999999878e-06,0.24676823,0.0065067689999999,0.0005129715137192,-0.0077262897412627,0.008239261254982,0.0576787144244477,-0.026951050902175,0.0307276635222727,0.0150370119839546,12.81498293642681,-0.3102569072263401,-0.2952198952423854,0.0150370119839546,1,12.81498293642681,0.0,-0.2952198952423854,0.0
Bmpr1b,332289.0,0.0,0.0,0.0,0.0,0.0,4,-0.9999999999278651,-0.0546060078432063,-1.7464258579813237,1.1974117930863444,0.74641255983197,3,4.36425238031411,1.05094591445312,0.5076871319718755,0.5432587824812444,15.202825265465066,14.618315664507348,0.973506415,18.94104635260168,16.929998062609027,0.0929885688789905,19.71443335635409,1.364020175979327,21.3321064989079,-0.0002270691,0.272954982,0.004337477,-0.0015104225501419,-0.0065704954717657,0.0050600729216238,-0.0016662242403913,0.0558163125579487,0.0541500883175573,0.0402604057687819,11.228818690495942,0.3324673130429225,0.3609559518017056,1.1974117930863444,15,17.16422932611445,2.266752143293397,-0.4376762654866518,0.3100199139775088
Necab3,14491.0,0.0212967296122832,-0.0412428847202896,-0.0625396143325729,0.0687472177701107,0.0137521665249105,7,-0.7884958948007657,0.1724601087363039,0.0,0.0,0.0,0,0.0,0.0,0.0,0.0,0.0,13.712122274486456,0.30108633,15.995956705331755,14.10336977739252,0.0473325338070049,16.04177209078103,0.3863529962399999,16.40392740227926,-0.0007322818999999,0.0687905,0.00331404,0.1212616370432016,-0.0386974359456276,0.1599590729888293,-0.0259508715677684,0.0032291188215785,-0.0227217527461899,0.0852108283996467,11.14656867574085,0.1821532044409757,0.2613557728814393,0.0912190883588299,2,11.483311954999404,0.2381134562827177,0.1535863977347218,0.1524089119409618
Plekhg5,42902.0,-0.002455847568325,-0.0196769972323255,0.0096358563497195,0.1139690444302118,0.0547988545764726,3,-0.8073549220421463,0.2583979118751929,0.0,0.0,0.3578880786888974,3,4.487884028327177,-0.7355782439985844,-0.9728589927954152,0.2372807487968307,13.896262417815077,14.178024806497726,0.63130856,15.729555378566651,14.84852514054177,0.0609256042133403,15.696369900759256,0.81920851504,16.872674880270605,1.2810000000005456e-06,0.0611377999999999,0.002083566,-0.0339626537221271,-0.0226600236720909,-0.0113026300500361,0.106711547392698,-0.1274053123490575,-0.0206937649563594,0.1177936071678858,13.981032058361032,0.823598839482993,0.6059048546541423,0.392599805842011,3,14.132580055623968,0.0759553517528184,0.3717505534675074,0.2027938382060412
Bin1,58507.0,-0.19867016404975,0.0015900845180653,0.2002602485678153,0.0015900845180653,0.0015900845180653,3,-1.999999999891798,-0.1377597644850542,0.0,0.0,0.5175802556022969,5,4.386834057321371,-1.1937023514282474,-0.2593972675505328,-0.9343050838777144,14.49744262610218,14.504203962291786,0.6495125749999999,16.136000786735604,15.203653885529596,0.0864324190581357,16.464577656718575,0.9287969737173912,16.992960457792105,-0.00063886625,0.18332848,0.005241723,-0.0066750121107305,-0.0143671401414983,0.0076921280307678,0.1259171235120287,-0.0599658036668676,0.0659513198451611,-0.0262379666249491,10.096715154488669,0.1691836248734635,0.0562336385341266,0.5942336669639102,5,14.128880423098106,1.5419200898869034,-0.151510987845697,0.1384013293318653
Zmynd8,114864.0,0.0,0.0,0.0,0.0,0.0,4,0.0,0.1122199344930641,0.0,0.0,0.3818830163644405,7,4.754612557923034,-0.7769994941563086,-0.598752361664871,-0.1782471324914377,14.07361108711679,0.0,0.0,0.0,0.0,0.0,0.0,0.0,0.0,0.0,0.0,0.0,-0.0453999269539018,-0.0043203377999083,-0.0410795891539934,0.0200849459767826,-0.0035608568690473,0.0165240891077352,-0.0953927691255707,7.055282435502274,0.7507725261382279,0.3574767820044876,0.3645854296556321,9,15.471643464591963,2.748726828624073,-9.211800834843212e-05,0.3370684490683082
Dync1li1,35512.0,0.0367694314651115,-0.0106924854692189,-0.0474619169343305,-0.0106924854692189,-0.0106924854692189,4,-1.3219280948657215,0.0692393042235177,0.0,0.0,0.0,0,0.0,0.0,0.0,0.0,0.0,14.262753439584976,0.19247031,15.331673446694811,14.682884885545228,0.0545134610757599,15.305206759008724,0.4909624207142857,15.884361339165704,0.001680696,0.10302198,0.005969847,0.0290942688588751,0.0220278789344221,0.0070663899244529,0.041788045279361,0.0699280955274302,0.1117161408067913,0.2533802146992472,10.702172685365634,0.06391578029897,0.4758939213255502,0.6281131489050971,2,11.115043650161777,0.291943858962384,0.2092284910589588,0.3771218680990704
Gria1,318857.0,0.0,0.0,0.0,0.0,0.0,2,0.0,0.0,0.0,0.0,0.4057740733513599,1,2.807354922078214,-0.8210298587459891,0.7369655938456072,-1.5579954525915962,16.999284374714644,14.74475761517289,1.132137,17.48090632889204,17.29322914360895,0.0828555198447218,17.111777549542722,1.407602237103136,20.53447577600632,-7.11596000000001e-05,0.17404624,0.0038510669999999,-0.0200282317755035,-0.0253823879322437,0.0053541561567402,0.043530920166507,-0.0703012149637394,-0.0267702947972323,-0.029242612439363,10.278449458220598,0.2309842160531399,0.1090108490720804,0.3215167077657561,11,16.996870651857797,2.346738246048064,-0.1363452431440643,0.2064917394582213
Srrm3,67882.0,-0.0577318372344323,-0.084549951880037,0.0190589255356619,0.0072041284824962,-0.0386729116987703,5,-0.9999999999927862,0.0479518621185757,0.5281670042191413,0.2738224136680793,0.4262495014978251,3,2.4972843654728805,-0.2232034419656798,-0.5890932903756324,0.3658898484099526,13.211764447855352,14.419676614825116,1.2026319,15.08606922797973,15.454106475802908,0.0992716567758268,14.41745698505727,1.6655089936666667,17.52127837363446,-9.473475e-05,0.2815793999999999,0.0090484129999999,0.039125272246637,0.043694218481927,-0.0045689462352899,0.1213290590006659,-0.1471149977886428,-0.0257859387879768,0.1694108068949638,10.73131903102515,0.6915635283830355,0.8019894178872207,0.646356398069518,8,14.930460153846733,1.4806441795842638,0.3613011725176249,0.38101402696526
Gm15738,114381.0,0.0,0.0,0.0,0.0,0.0,3,-0.4854268271619979,0.0283163485141438,0.6449688081799336,0.1050256470533566,0.6040034812880766,3,4.876452206698668,-1.292009876720171,-1.5050701949011598,0.2130603181809887,11.2913531796198,14.058132150230753,3.4840466,17.79464168176668,14.121695390556573,0.0366861743326705,17.281110818914783,3.587867183333333,20.88426593229196,0.0013717237999999,0.0933424039999999,0.0031235235999999,-0.0234326906784655,0.0057042768825327,-0.0291369675609983,-0.0242821026387408,-0.017565424109103,-0.0418475267478438,0.1050256470533566,10.256208688527504,0.6449688081799336,0.7499944552332902,0.1050256470533566,2,10.256208688527504,0.0,0.7499944552332902,0.0
Kpnb1,28167.0,0.0,0.0,0.0,0.0,0.0,2,0.5849625007091332,0.2375319227597225,0.0,0.0,0.0,0,0.0,0.0,0.0,0.0,0.0,14.104905605961664,1.3669744,16.683843304432262,14.443850077438436,0.0739665938701296,16.718439226281905,1.5860240481428571,17.50049958469526,6.479300000000049e-05,0.20688989,0.0053223045,0.0407014889399924,0.0237097971043245,0.0169916918356679,0.0929364668376047,-0.014843341109306,0.0780931257282986,0.2498184582255148,10.321928094887475,0.2112126698590342,0.6106016413558635,0.3993889714968293,3,11.512246642829227,0.597016591928727,0.3193258873906668,0.2688940961403167
Gm15810,5566.0,0.0,0.0110841593700768,0.0,0.0110841593700768,0.0110841593700768,11,-0.8930847960739761,-0.1961695014339392,0.0,0.0,0.0,0,0.0,0.0,0.0,0.0,0.0,13.333659127710511,1.1198322,16.701606321305157,13.38424412224308,0.0752603605013058,16.615888223085154,1.0301415076923075,17.61276773082819,0.000101247,0.15056291,0.003307205,0.04591815808772,0.0339687154308122,0.0119494426569078,0.1075046567498826,-0.0680625116125722,0.0394421451373104,0.0,0.0,0.0,0.0,0.0,0,0.0,0.0,0.0,0.0
Sdk2,290672.0,0.0,0.0,0.0,0.0,0.0,4,-0.222392421333013,0.0522212664747738,0.4013704915414298,0.0602495888675029,0.0,0,0.0,0.0,0.0,0.0,0.0,15.673096740164976,0.59889513,16.569633262866365,17.185398132170462,0.075918989647038,16.401746180099718,0.8923338700959494,19.576639343156263,-2.8899700000000004e-05,0.2645376,0.005698284,-0.0021119865587,-0.0022271463049818,0.0001151597462818,-0.0090397843766827,0.0279604038178771,0.0189206194411943,-0.1231466958969969,9.463524373271383,0.5421859043458763,0.4616200804089327,0.2728370493981948,11,17.114271035580146,2.56896203378332,-0.0713503025495733,0.2507761579265974
Syt11,30464.0,0.0,0.0,0.0,0.0,0.0,0,0.0,0.0,0.0,0.0,0.0,0,0.0,0.0,0.0,0.0,0.0,0.0,0.0,0.0,0.0,0.0,0.0,0.0,0.0,0.0,0.0,0.0,0.0171964718146446,-0.0097011793406048,0.0268976511552495,0.1332606433389329,-0.0104450219538652,0.1228156213850677,0.1917223188078871,12.233320082730852,0.328782266222073,0.8271767360607465,0.4983944698386734,2,13.494355603532858,0.8916867680762072,0.4983075253616077,0.465091298017657
Ttbk1,45227.0,-0.1244170571740161,-0.16930347802647,0.0289084307729071,-0.0217137747757479,-0.095508626401109,7,-0.9068905956001028,0.1719506189857156,0.0,0.0,0.5881934710626282,2,4.167695177355002,-0.3994656736802632,-0.6325215155897328,0.2330558419094695,14.281245929698509,14.466349347547771,1.45843965,17.046953301928642,14.856960409416631,0.0999865159893227,17.337673252958528,1.6175500868666668,19.479063805876635,-0.0007024219,0.1896481,0.00517838,-0.0009417840387622,-0.0262849845189598,0.0253432004801975,0.035986171517978,-0.0609989614803234,-0.0250127899623454,0.0030703378221648,11.156715144224766,0.5527358236912603,0.548317363097802,0.126425692475919,2,11.513234113806105,0.2520969810126041,0.4903840849787364,0.081930027628715
Stx1a,27618.0,0.0,0.0,-0.1552359618739908,0.0,0.0,1,-1.3219280948657215,0.2486842042006712,0.0,0.0,0.0,0,0.0,0.0,0.0,0.0,0.0,13.48708634027127,2.3769808,16.283359050627322,13.48708634027127,0.1043580114824637,15.47097655733334,1.76747575,18.266905467379907,0.0001815814,0.17726939,0.0073968035,0.0687636600592892,0.0639154946765499,0.0048481653827393,0.1355880743747735,0.0049593361828814,0.1405474105576549,0.1992033714095175,10.77561028075962,0.4803206487666367,0.5924514046364515,0.4789600906393576,6,13.835853036444506,1.3895085604058972,0.3000901392047903,0.2564738209278346
Dlg1,211686.0,0.0,0.0721635458382367,0.0,0.0721635458382367,0.0721635458382367,5,-1.8073549220318417,0.0146581309806476,0.0,0.0,0.6935748022171007,3,6.612214049678188,-0.0047113576663096,-0.2430195765408583,0.2383082188745487,15.446999859780652,15.514100221597689,1.2863133,16.504629032494982,16.261452215416874,0.0949915143186319,17.22209677743826,1.6499536674000002,17.765946474772058,-0.00098971815,0.2225014599999999,0.0052534836,0.0224620438224714,0.0273104551559538,-0.0048484113334824,0.0307305742119374,-0.0547940669378542,-0.0240634927259167,-0.0346973351224767,11.072802534544277,0.5528331485402516,0.2592206606890317,0.7145279006903142,9,16.68340587742136,2.2573189874846133,-0.0910840297593157,0.4280435681723978
Pabpn1,5669.0,0.0,-0.1368703942362756,0.0,-0.1368703942362756,-0.1368703942362756,4,-0.9068905956001028,-0.0688057493962154,0.0,0.0,0.0,0,0.0,0.0,0.0,0.0,0.0,13.330594854113327,0.6221817000000001,18.108570291913203,13.358101707440849,0.0747634196500171,17.74383799966916,1.2229625166190476,19.41629861265189,0.0002018794999999,0.1349336699999999,0.0060373215,0.1793108109727383,0.0949182144096744,0.0843925965630639,0.1843698116641039,-0.0573158909386752,0.1270539207254286,0.0376039140181072,11.692179576312585,0.2369365506125538,0.163872784108876,0.1482715945398922,2,11.89633240390998,0.1443578487925278,0.0499102761997543,0.1611673242871311
Cntn1,290802.0,0.0,0.0,0.0,0.0,0.0,1,0.0,-0.068055196005897,0.0,0.0,0.9264387622879084,1,3.4594316186504126,-2.362570077724464,-2.050626071506456,-0.3119440062180079,14.40447635084718,15.244888005371903,1.08384305,17.61263196391318,17.135378630601807,0.1091956101351064,16.933851990276604,1.4456298023589744,19.766790927127506,2.444595e-05,0.2304469559999999,0.0029465939999999,-0.0074472436708459,-0.0097187086511059,0.0022714649802599,-0.0206502680494373,-0.05663335155881,-0.0772836196082473,-0.0026327764838625,10.754887502163552,0.0198143609656096,0.0970299745604919,0.2790986126199599,6,17.03985080027097,2.477320285469495,-0.22574622225896,0.3204642059127701
Lzts3,9964.0,0.1302566069827275,-0.0235563034412087,-0.133679371415848,0.0167107745749678,-0.0034227644331204,4,-0.7004397181376243,0.182373605248143,0.0,0.0,0.5027570896591235,4,6.070506889051271,-0.722465947000513,-0.0361764040446539,-0.686289542955859,12.004764682559268,13.4039440401536,1.379899435,15.9126360284988,13.4039440401536,0.0539648480473743,15.9126360284988,1.379899435,16.095067301607052,-0.00153160475,-0.085305074,2.669299999999951e-05,-0.0300954338925444,-0.0167598032960417,-0.0133356305965026,0.0638417379254461,-0.0699323345295586,-0.0060905966041124,-0.0169540456407236,10.552669097514368,0.4755148646989993,0.3233509981140727,0.3401323859460303,3,11.443461612227448,0.4488797102496883,0.2510575173909222,0.0898145518810981
Rora,734460.0,0.0,0.0,0.0,0.0,0.0,0,0.0,0.0,1.0757541773607455,0.4814092842785114,0.4775194323321507,11,5.287795587763194,-0.4603217540305578,-0.3475969185637772,-0.1127248354667806,17.460394798905337,16.88312015982977,1.4248512,17.496429064424685,18.52884324162916,0.0997639499648735,17.73375682214549,1.7547908593786408,19.82925819375149,-2.4348800000000047e-05,0.23636624,0.0046072374,-0.0061995851444239,-0.0024814682945412,-0.0037181168498827,-0.0468324878743025,0.0274348406623607,-0.0193976472119417,0.0035824729094789,10.73555602391162,1.321197063583767,2.1420665076762107,0.8208694440924438,9,17.16802567477508,2.542002085782131,0.543138365727406,0.6822356722080732
Nav2,701374.0,0.0,0.0,0.0,0.0,0.0,3,-0.5145731728235754,0.1564616424742841,-0.0495406948353417,1.0190077490250122,0.5615165597515387,22,4.798431885110476,-0.8687825010304028,-0.4945169305399294,-0.3742655704904734,16.58277700807041,16.427573030764094,1.4218285,16.664869473924643,18.20461890216638,0.0969627617363372,16.747143998186747,1.8020437573067876,20.8158304409596,-0.000204227,0.3576423000000001,0.0052580069999999,-0.0241493559593669,-0.008956595362897,-0.0151927605964699,-0.050360268280834,0.0186360176710342,-0.0317242506097997,0.0631552062967059,13.420091804602327,0.9751453115724396,1.4081648662535042,1.4994928199135331,41,18.427427432735996,1.1266825892268575,0.2858617293519989,0.4129109411794645
Gnb2,5383.0,-0.0074709158956458,0.0676787804757921,0.0899303369163762,0.0972400615656687,0.0824594210207304,8,-0.8073549220421463,0.1733695277808532,0.0,0.0,0.0,0,0.0,0.0,0.0,0.0,0.0,13.88216621694054,1.6370635,16.98754888385987,13.977190467909072,0.0519362257258459,17.633261506359176,1.5936834925,17.87637904940832,-0.0011775975,0.052970856,0.000900715,0.1874315546919122,-0.0025693207253412,0.1900008754172534,0.0462252696888692,0.0631296539469659,0.1093549236358351,0.0559760475600685,11.06608919045784,0.4467663392738976,0.4787764298615586,0.1058864035392037,4,12.11861668935154,0.5264920555095701,0.3342112344251776,0.1065981164354595
Srcin1,66846.0,0.0,0.0,0.0,0.0,0.0,1,-0.459431618632379,0.432007348478419,0.4244668923841161,0.3597928390027856,0.4305481171377058,7,4.116589107989223,-1.3038848955556523,-1.203256996427935,-0.1006278991277171,14.124206744771476,14.334148718562574,1.7322963,15.586599162483092,15.184022983915272,0.0901192712182942,15.475100086629922,1.9343804522857144,16.936568930892946,-0.0005885878999999,0.2203897999999999,0.002423702,-0.0144573734387216,-0.0364763438590381,0.0220189704203165,0.0259168451901234,-0.0743613937860306,-0.0484445485959071,-0.1074664640721118,11.120885842787857,0.9222597313541708,0.7842597313869017,0.3597928390027856,9,14.891214105905831,1.527471260181352,0.2059012070120798,0.3484906795986029
Speg,57023.0,0.0107280937056587,-0.1051972402996248,0.0273586580279562,0.1463809577718315,0.0429708137429201,7,-0.2756344426121071,0.0883025719417765,0.1108947352354761,0.2186696703100752,0.4392790423283024,8,4.164283850926054,-0.8738216749208119,-0.7409459085804044,-0.1328757663404075,13.870823765318228,14.729997307433134,0.72745156,15.398541980511856,15.163610369272844,0.0729481355787561,15.335948565202298,0.7514017421481481,17.25666941033475,0.000100386,0.094195165,0.0032676949999999,-0.0063241555364082,0.0244000655080095,-0.0307242210444178,0.0691464679135757,-0.1108454508437628,-0.041698982930187,-0.0414015450676669,12.932399322433811,0.5222863469021428,0.3835124333297992,0.2916708969898893,6,14.629868849817248,0.7501808776751364,0.2162473962033736,0.1761298177682415
Il1rapl2,1276338.0,0.0,0.0,0.0,0.0,0.0,8,-0.5849625006971113,-0.1612878420498454,-0.6283073405422974,0.0379022473743817,0.5195805716927874,4,4.66481781054828,-0.3935566259662855,-0.468145347681615,0.0745887217153295,18.50670874254822,0.0,0.0,0.0,0.0,0.0,0.0,0.0,0.0,0.0,0.0,0.0,-0.0034669249796212,0.0016035597547603,-0.0050704847343816,0.0033409364081707,-0.0028345451565115,0.0005063912516592,0.0379022473743817,18.45040983937941,0.4584568765417196,-0.0575355064845912,0.5917968777750744,2,18.649129846338663,0.1405162644783241,-0.5904050931679157,0.753591396463703
Ube3a,82786.0,0.0,0.0,0.0,0.0,0.0,8,-0.9999999999278651,0.1177253254437357,0.0,0.0,0.0,0,0.0,0.0,0.0,0.0,0.0,13.947406034572936,0.6377087,20.68983237203782,14.032045726930807,0.1066724708030668,20.69858861002185,1.2095121933333333,20.72234060718617,0.0008306745,0.1075574699999999,0.0004636204999999,0.0538312259389334,0.0167129863445323,0.037118239594401,0.1933051354476995,-0.1857817203312468,0.0075234151164527,0.1267027956821643,10.16239132875703,0.1777744781451371,0.4183711905420701,0.2721322858313382,3,11.230620933129927,0.5343595226204689,0.1070882040800132,0.3802682455929912
Celf3,13903.0,-0.0008853023799965,-0.0335934339380444,0.0166649742701598,0.1048573067786461,-0.0005517176016024,5,-1.4150374992688248,0.0507447464424648,0.0,0.0,0.0,0,0.0,0.0,0.0,0.0,0.0,13.82047345818838,1.05854025,18.209073076701134,14.038833275301196,0.0667213492543084,18.90224256221817,1.295650085,18.995452498479533,-0.00068471615,0.0618703,0.001941467,0.0986284130740673,-0.0006165764501901,0.0992449895242575,0.1230932224860763,-0.0504484172243382,0.0726448052617381,0.0,0.0,0.0,0.0,0.0,0,0.0,0.0,0.0,0.0
A930015D03Rik,43982.0,0.0,0.0,0.0,0.0,0.0,1,0.5849625006971113,-0.1091592642562933,0.0,0.0,0.5894814722187487,2,4.745926548179765,-1.8314825054289467,-1.4157885110444497,-0.4156939943844971,12.317337071444951,0.0,0.0,0.0,0.0,0.0,0.0,0.0,0.0,0.0,0.0,0.0,0.0116198252252778,-0.0174843279879217,0.0291041532131995,0.0929335108667145,-0.028257840107797,0.0646756707589174,-0.0524384876784962,10.177419537989362,0.7381061142958945,0.8469129541357936,0.1088068398398991,4,14.036946277951357,1.6743870631849038,0.4642522630947088,0.2667425351504345
Ptprs,64057.0,0.0015731208495061,-0.0751901821597509,0.0004372163465605,0.0526433132722578,0.0086393219179624,6,-1.2630344058169625,0.1097221539098702,0.3176937040179419,0.0200707065469885,0.3482379021084716,7,4.2654376394779545,-1.1828816841453682,-0.7135094999136528,-0.4693721842317155,14.463507547787136,14.12364892903742,1.7660683,16.04475518515653,14.797813487131316,0.0812519180437166,16.134666963246293,2.2361817564545454,17.11500299655013,0.0015434814999999,0.22768176,0.0058062604999999,-0.0226429011144341,-0.0048990745631882,-0.0177438265512458,0.103538116802524,-0.157467041324105,-0.053928924521581,0.1704805021307009,11.122827994807732,0.4008300550895227,0.6832469431718022,0.5828447916583808,6,13.875845323150743,1.261930869946589,0.2757048256339792,0.3442450989268392
Grid1,763271.0,0.0,0.0,0.0,0.0,0.0,3,-0.5849625007091332,0.1160074939105528,0.421615318743294,0.1345316529027576,0.1926433406205513,12,5.148166965360544,-0.8420814066695294,-0.6154163383498529,-0.2266650683196764,16.14504312429789,15.16145492396866,1.3630686,17.990311211107656,18.505621623365936,0.0958640620176479,18.02537751118636,1.7993323344423122,20.52845220300202,2.9357299999999923e-05,0.34553226,0.0035941618,-0.0098458782046485,-0.0016919482183401,-0.0081539299863083,-0.0234824147441611,-0.0348118777417379,-0.0582942924858991,-0.1252932681855147,10.16364967601595,0.8944876482677959,1.023790716199236,0.3741429011339088,16,18.280014033843827,2.6048681503978104,0.0361867529542082,0.4862651179581129
Camkk2,48239.0,0.0,0.0,0.0,0.0,0.0,2,-0.2630344058313891,0.0896736996580163,0.5440583186848262,0.0272201928726429,0.298600608763903,2,2.696158711411708,-1.2027065396477543,-0.6578879336514368,-0.5448186059963177,13.899772844292327,14.148326358120324,0.93982985,17.399357576020908,14.938936322539329,0.076480021630837,17.897333432407002,1.286840227939394,18.4101614715932,-0.00010723545,0.21954847,0.005231521,-0.0226214875972813,-0.0337364055337376,0.0111149179364562,0.0905324011008374,-0.0708395404469683,0.0196928606538691,0.159979139876039,11.151650829973484,0.5440583186848262,0.5712785115574692,0.4220435837310026,3,12.029632328044173,0.4423714244027406,0.3404352510529147,0.2001516078907138
Lmo4,16690.0,0.0,0.0,0.0,0.0,0.0,11,-0.9999999999759548,-0.1753489993739967,-0.045298363786363,-0.7319162368592362,0.0,0,0.0,0.0,0.0,0.0,0.0,13.941339924929942,0.59062165,19.19370396319105,14.071797522284209,0.0630690028187093,19.367043080314826,0.8178492886046511,20.436758300806805,-2.003949999999661e-06,0.20196238,0.002520859,0.8071063050197089,0.2903259164432228,0.5167803885764861,0.1393236807739968,-0.0209950937301954,0.1183285870438013,0.0636894698721586,10.903881845736256,-0.045298363786363,0.1632628939953266,0.675906606688693,6,13.21583630996247,0.9889104204901,-0.2239347915838502,0.3195882011180036
Gba2,11945.0,0.0518633963886315,-0.0080777642873129,0.1044834907395849,0.209623255668929,0.1161962268195406,5,-0.1699250014413102,0.1639994851561474,0.0,0.0,0.6174349325807463,2,6.13660640492928,-0.7985399748449062,-0.3842261147653969,-0.4143138600795093,12.573136644959124,13.786832496892412,1.3655797,17.2810225225578,13.879583249612784,0.087252012571004,17.09358262302791,1.5705209461224487,19.06907209307411,-0.0004556879999999,0.15972814,0.0034467839999999,-0.0150773802881457,0.0174663232842769,-0.0325437035724227,0.0226930594365009,0.0610290619380509,0.0837221213745518,0.0760996443131385,10.772314573921737,0.3708174860405209,0.2439165306157527,0.1908063456853179,3,11.84901407369486,0.5387704095011028,0.1470071220643861,0.1529242800530466
Dmd,2257271.0,0.0,0.0,0.0,0.0,0.0,8,-3.700439718007921,-0.3511522377409955,0.0,0.0,0.4929369367935112,9,6.6487800099556775,-0.2381301198643696,-0.255785216496282,0.0176550966319125,18.513495789219053,0.0,0.0,0.0,0.0,0.0,0.0,0.0,0.0,0.0,0.0,0.0,-0.0033263766173275,0.0011417971519982,-0.0044681737693258,0.0294300223916292,-0.0506712851759093,-0.02124126278428,0.0,0.0,0.0,0.0,0.0,0,0.0,0.0,0.0,0.0
Kifc2,8338.0,-0.1074711556505335,0.1258233098780294,0.2722097979903503,0.2036539748016039,0.1647386423398167,8,-0.4854268271619979,0.2333373965182342,0.0,0.0,0.0,0,0.0,0.0,0.0,0.0,0.0,13.47154821099913,0.46397755,15.834791986278084,13.47154821099913,0.0,15.834791986278084,0.46397755,15.834791986278084,-0.0005641109999999,-0.0446573799999999,-0.0004329299999999,0.033715566103294,0.0069986211736342,0.0267169449296598,0.0280860343445459,0.0098063436897042,0.0378923780342501,0.0173764971283085,9.847057346091493,0.3651314388515279,0.3700010914127016,0.0298833416954433,2,10.73131903102515,0.6252674337600318,0.2548591264413304,0.1628353284608009
Ptpru,69831.0,0.0,0.0,0.0,0.0,0.0,4,-1.1926450779308029,0.357074499097548,0.0,0.0,0.6333382996302366,2,3.390679856780036,-0.6871977572266328,-0.2469073063197854,-0.4402904509068472,14.657275355784616,14.122755194703869,0.77844054,17.454668852598626,15.410153188454125,0.0801877766308856,18.02198302859201,1.3394882287338843,19.95470892732618,0.0001967342999999,0.27609745,0.0053337856999999,-0.0422451696875462,-0.0295339901489331,-0.012711179538613,-0.1470998710263188,0.0089104853035815,-0.1381893857227373,-0.121702171052604,11.106562940444949,0.4585697858809445,0.6219864048469423,0.1874094745814627,5,14.767925791177529,1.459465260508892,0.1246285806747099,0.4012206308790984
Camk2a,62534.0,-0.0038625210748521,0.1655133397674288,0.169375860842281,0.1655133397674288,0.1655133397674288,5,0.0,-0.1137341945995347,0.0,0.0,0.3594488746892029,7,4.236069815604626,-5.743375348962239,-0.273983054591172,-5.469392294371067,13.517722258333311,14.4793077015056,0.90705293,16.58125601331388,15.29318423075951,0.0891459198359237,16.710429786040848,1.101040876031081,17.372593033140745,0.0003471212499999,0.17977574,0.0042433049999999,-0.0478112346703989,-0.0422772246302068,-0.005534010040192,0.1053762633102458,-0.1458051269401271,-0.0404288636298812,0.1080922713980536,10.408329740767496,0.0314961660129662,0.1841451791341497,0.1526490131211835,2,11.023061249735404,0.4346808186002459,0.0312118965592878,0.2162803223556066
Supt6,39241.0,0.0674481565709302,0.0,0.0,0.0,0.0,4,-0.9259994185493888,0.2792556569936238,0.0,0.0,0.0,0,0.0,0.0,0.0,0.0,0.0,14.255412665553717,1.10835965,16.05507705951302,14.772469228479435,0.0733406536505297,15.966370260504164,1.2504904077428571,18.53563989299304,0.0002824495,0.14079691,0.003327867,-0.0165921647509442,-0.0066988475463235,-0.0098933172046207,0.0393235100957205,-0.0017165285328999,0.0376069815628206,-0.0363756437388858,10.957827560833817,0.5026575401649733,0.4708386104330548,0.0940763152906076,2,11.30263892378761,0.2438184529748024,0.4033342739148244,0.0954655482230788
Eno2,9620.0,0.0012504310702523,0.0992353793406926,0.1725532543846117,0.2336287978777802,0.1885468791461192,4,-0.9999999999855732,-0.0451222953938579,0.0,0.0,0.0,0,0.0,0.0,0.0,0.0,0.0,13.82478725022511,0.9776623,16.75422143263026,14.139950979846818,0.06456347066857,17.19723589409813,1.254667123,17.850748449370865,-0.000248141,0.1958203099999999,0.005769133,0.0949672234651032,0.0430550216022652,0.0519122018628379,0.1034738753253676,-0.04066631737586,0.0628075579495076,0.2712082513934787,10.671541066711972,0.3994266551520016,0.423615121588718,0.6055935291611991,4,11.777255315191963,0.4785552058136452,0.2361459853356041,0.1572553721940472
Fbn2,201864.0,0.0,0.0,0.0,0.0,0.0,4,0.0,-0.1546248265394201,0.0,0.0,0.1017203840177688,2,2.9886399617682784,0.1211004511900814,0.0573917236139116,0.0637087275761698,14.274690477266187,14.686346824930792,1.2820619,17.083839918872904,16.63716258567057,0.101473107145836,17.78690771160516,1.842586573389796,19.738423820179555,-0.0001348000999999,0.24952988,0.004288897,0.0014579378806389,0.0065279826480235,-0.0050700447673846,0.0096121759508661,-0.0034708078075872,0.0061413681432789,-0.5030635343254544,15.463747861300094,0.6035864490009024,0.100522914675448,-0.5030635343254544,1,15.463747861300094,0.0,0.100522914675448,0.0
Snx32,18303.0,-0.2295533677653859,-0.1079170647653869,0.121636302999999,-0.1079170647653869,-0.1079170647653869,2,-1.4150374992487875,0.1746504528286274,0.0,0.0,0.0209255114257456,1,5.727920454565921,-1.2344652531490523,-1.1219905239198835,-0.1124747292291687,8.651051691179287,13.771855000225152,2.0572758,17.694824679816843,14.029459787824964,0.0803631116961558,17.665429629084635,2.3047241063157897,19.636479477170127,-0.0005060417499999,0.15883997,0.007193923,0.0338048045555124,-0.0657183445588924,0.0995231491144049,0.0485962136647756,0.0041062248353306,0.0527024385001062,0.2062379606582832,11.040974598817376,-0.0801683838503146,0.1601496980638881,0.3698797293337683,2,11.37666806185772,0.2373711241158247,0.0612887530981858,0.1398104891595163
Pitpnm2,131070.0,0.0,0.0,0.0,0.0,0.0,4,-0.8930847960739761,0.1970309680026779,0.0,0.0,0.5220295358833545,17,4.535455206571376,-1.0750838220004857,-0.4728039809440769,-0.6022798410564089,14.798679879911164,14.43786912159088,0.64135647,15.053278311216484,16.16172238508992,0.0887828361502847,15.092179022282227,1.048068674521978,17.496619757266807,0.0004058169999999,0.220632593,0.006040097,-0.1194111081616076,-0.0745538034178875,-0.04485730474372,-0.0545840150683724,-0.1241075534982401,-0.1786915685666125,0.2366239141049264,11.090774054640816,0.6532172166975836,0.4150508322467283,1.4369939251150916,9,15.807078150856782,1.7346640188595346,0.2434298629971121,0.177848017693668
Pou2f2,92382.0,-0.1887524188367191,0.0,0.0,0.0,0.0,4,-1.584962500673066,0.0133375508753973,0.0,0.0,0.1018177544464467,1,4.643856189780496,-0.8210298587459891,-0.8479969063412176,0.0269670475952285,12.928703419193376,14.580905959616686,1.3288752,15.80443616902878,15.446566409066069,0.0737374251571982,15.705146367803824,1.942026587742857,17.634116188905296,-0.0004754927,0.1703449399999999,0.0068888159999999,0.0018511354579969,-0.0224840233839537,0.0243351588419507,-0.0568356365438794,0.0156942365350043,-0.0411414000088751,0.0360409025533413,13.208081909981138,0.6125752321633534,0.1198176040247314,0.5770243769706536,3,14.817783121774536,0.9221453301390384,0.1008129893160336,0.0212236266967978
Atxn2l,11729.0,0.0,0.0,0.0,0.0,0.0,3,-0.7369655941469699,0.2409190026721601,0.1065675276543363,0.3290346770658274,0.0,0,0.0,0.0,0.0,0.0,0.0,14.055060375639965,1.3880018,17.534120279544375,14.266493756312183,0.0799061152298466,17.898123070585523,1.4783839694,18.06831119870822,-0.0008466089999999,0.057950114,-8.944370000000049e-05,0.0096429590262727,0.040940170443895,-0.0312972114176223,0.0849113226871143,-0.0399992934491094,0.0449120292380048,0.2726919216076704,11.009128789539329,0.3937940644563706,0.610143230605884,0.3290346770658274,2,11.338179249900168,0.232673811873705,0.5228727176630239,0.1234191429990495
Unc5a,56607.0,-0.0228152955538228,0.1322911299483036,0.1551064255021265,0.1322911299483036,0.1322911299483036,7,-1.3219280948440812,0.1023462141883075,0.0,0.0,0.3703532595244774,1,3.70043971815219,-1.4854268265519437,-1.4150374986777208,-0.0703893278742229,14.454170751271988,14.27644025578107,1.5452238,16.838189269618958,15.21439501816464,0.1180021830405481,17.188753024827147,2.062707886252525,18.28497316860126,4.8981000000000025e-05,0.23623844,0.008556239,-0.0508582109231339,-0.0258596563061516,-0.0249985546169823,0.0137407341699686,-0.0022314972257738,0.0115092369441948,0.33819426361205,10.04575966138282,0.2413194249876884,0.3677451174636075,1.1474873079060923,5,14.328815151368584,2.0634222974093914,0.1769271088291081,0.2250866750675187
Cox8a,2463.0,0.0,0.0,0.0,0.0,0.0,0,0.0,0.0,0.0,0.0,0.0,0,0.0,0.0,0.0,0.0,0.0,13.68365259739475,0.951343225,17.1417690658973,13.68365259739475,0.0774466299168293,17.24115767735371,1.019080506625,17.72883726554485,-0.00066688625,0.17709492,0.0032400199999999,0.0842663991022376,0.0145253125264486,0.0697410865757889,0.1286476477390099,-0.066134409830816,0.0625132379081938,-0.1824569519028722,11.132499729628574,0.4275827827141532,0.2451258308112809,-0.1824569519028722,1,11.132499729628574,0.0,0.2451258308112809,0.0
Jph4,10109.0,0.0230923678586603,-0.04247347045615,-0.0655658383148104,-0.04247347045615,-0.04247347045615,6,-1.3219280948440812,-0.039051259584612,0.0,0.0,0.0,0,0.0,0.0,0.0,0.0,0.0,13.880609195514513,0.69274664,17.621688386138246,13.888933465134397,0.0763202914180574,17.744912653913065,0.8157331844363636,18.97671793854678,0.0002232053999999,0.164356924,0.0067756615,0.2494932866110344,-0.0335244981428086,0.2830177847538431,-0.0183825542045853,0.0919319244795144,0.0735493702749291,-0.1147921512090047,10.28077077013072,0.1914029467940863,-0.0385399077931927,0.0302212558378887,5,11.857980995127612,0.6100560543657155,-0.1515792837748672,0.0698943892552556
Ralyl,710632.0,0.0,0.0,0.0,0.0,0.0,8,-1.999999999891798,-0.1320711688383991,0.0,0.0,0.0,0,0.0,0.0,0.0,0.0,0.0,0.0,0.0,0.0,0.0,0.0,0.0,0.0,0.0,0.0,0.0,0.0,-0.0168229487850638,0.0047706361110761,-0.0215935848961399,-0.0111789788637099,-0.0129343289312788,-0.0241133077949888,0.0,0.0,0.0,0.0,0.0,0,0.0,0.0,0.0,0.0
Snta1,31786.0,0.0,0.0,0.0,0.0,0.0,8,-0.9999999999879776,0.1781293376240666,0.0,0.0,0.0,0,0.0,0.0,0.0,0.0,0.0,0.0,0.0,0.0,0.0,0.0,0.0,0.0,0.0,0.0,0.0,0.0,0.045216863855882,-0.0457722832523668,0.0909891471082488,0.085830687558274,0.0152738964562115,0.1011045840144856,0.1001327086048629,7.8201789624158256,0.4152737918652729,0.502674697540153,0.7260235395343357,5,12.228518097716224,1.794461367915836,0.1735598014488505,0.2072003448933996
Stk25,38908.0,0.0,0.0,0.0,0.0,0.0,6,-0.7369655941565885,-0.0479874143149085,0.0,0.0,0.0,0,0.0,0.0,0.0,0.0,0.0,14.043193365247504,1.06025185,16.53518904977497,14.904023021145989,0.0682076312713928,16.263746009171612,1.2912736686134614,18.960137721520944,-0.0002205406499999,0.157030454,0.0043984739999999,0.0589313472485391,0.0318283732901507,0.0271029739583883,0.0672346220897585,-0.0259542526149214,0.041280369474837,-0.0437793307441798,14.075646273153534,0.4975529084201144,0.5996603129226665,0.1061824725723399,3,14.16498546847504,0.0446861700016779,0.2259168695686274,0.3305315011693261
Zmym3,16465.0,-0.0460259545860283,0.0,0.0,0.0,0.0,5,-2.584962500600932,-0.127224101435479,0.0,0.0,0.0,0,0.0,0.0,0.0,0.0,0.0,0.0,0.0,0.0,0.0,0.0,0.0,0.0,0.0,0.0,0.0,0.0,0.028662302581659,0.0354589273614359,-0.0067966247797769,0.1411717563658822,-0.0012779070406098,0.1398938493252723,0.0,0.0,0.0,0.0,0.0,0,0.0,0.0,0.0,0.0
Cdh13,1041188.0,0.0,0.0,0.0,0.0,0.0,0,-0.5849625007131416,0.3513410847061489,0.7605349180521449,0.9394584768200532,0.4768249826825413,4,4.74944923521573,0.7641104335143486,0.2231779290617476,0.540932504452601,18.1015893899954,16.411471951302307,1.1629583,17.52067881170444,18.951401405514147,0.0798686312650239,17.70364677595679,1.523143569852469,19.671091813094677,-0.0001520898,0.25459558,0.004849081,0.0042647106077117,-0.00654444706063,0.0108091576683418,-0.0479225849273031,0.0774727793580551,0.029550194430752,-0.0054596439614801,10.797661525853842,1.7999036423575752,2.675506771034174,0.9818067676709656,26,18.93712952626275,2.414911815284392,0.184879507235229,0.7110531023411591
Rnf112,5689.0,0.1757229630272028,0.1247069320128768,0.0554657430463425,0.292718050925241,0.2761411352825182,7,-1.4854268271516933,0.1844678940033072,0.0,0.0,0.0,0,0.0,0.0,0.0,0.0,0.0,0.0,0.0,0.0,0.0,0.0,0.0,0.0,0.0,0.0,0.0,0.0,-0.0048026777721123,-0.0159502443231836,0.0111475665510712,-9.15167229038616e-05,0.0853136758221313,0.0852221590992274,0.0116480578852651,11.191059214531718,0.334900375407765,0.4608545218600755,0.1932909976179333,2,11.793196859060986,0.4257756116543403,0.3128800077102187,0.2092675647962968
Baiap2,64019.0,0.0,0.8457554694066353,0.0,0.8457554694066353,0.8457554694066353,3,-0.3479233034174966,0.2749770712153466,0.0,0.0,0.8781516929093341,1,7.90689059560912,-0.7004397180023714,-0.3504972470063408,-0.3499424709960306,13.01680828768657,14.479923187200631,1.1843903999999998,16.59807409592404,15.259927119104107,0.0644457221150436,16.556178529509502,1.3731433954423078,18.78590260154207,-0.00026034175,0.10164753,0.007103739,-0.041041261303962,-0.0237512971227737,-0.0172899641811882,0.1863412573510532,-0.1805836660432904,0.0057575913077627,0.1552794059464801,10.375039431347034,0.8496144294941992,0.9922359823238424,0.334632207569955,7,14.803777969553805,1.8520259728897197,0.4777132580122754,0.2560714852756831
Igsf21,219938.0,0.0,0.0,0.0,0.0,0.0,3,-0.7104933827999145,0.1109376662300838,0.0,0.0,0.4354709785744268,6,5.625163762159542,-0.7833847373266644,-0.9751824343743184,0.1917976970476539,14.938030557548572,14.98722531747782,1.2002385,17.09802454284602,16.857980995127573,0.0714072480371025,17.053904675251058,1.54833378317,19.40131287328136,-0.00015236,0.2024781699999999,0.0039816969999999,-0.0146480359001919,-0.0161145079104565,0.0014664720102645,0.0563154355254253,0.0428931750332528,0.0992086105586782,0.1918635250852362,11.222794902868172,0.7463266211048437,1.2737689692058356,1.1544400685962932,9,16.757311871687367,1.768754405371592,0.3799854161428093,0.3802887265375218
Camkv,14017.0,0.0019219329367459,0.0047489688588758,0.0268048824395255,0.0501568665655262,0.027452917712201,4,-0.7004397181341564,0.2488879036125882,0.0,0.0,0.0,0,0.0,0.0,0.0,0.0,0.0,13.6518772970692,1.79168665,16.536094905869742,13.97960382407446,0.0736076208883357,16.270595495169683,1.8635622483333332,17.957096372006372,0.0006437853999999,0.04624328,0.002491709,0.1015479772471599,0.036983753718256,0.0645642235289039,0.1672617604534941,0.1079863466000966,0.2752481070535908,-0.0662706095071829,10.009828617368248,0.5440954943565655,0.544377877422141,0.0473837560624712,3,11.349834091457302,0.6735907220070242,0.1776565661718094,0.3472992734456732
Sgsm1,67566.0,0.0492587433343607,-0.0013328994765591,-0.0505916428109198,-0.0013328994765591,-0.0013328994765591,2,-0.7369655941469699,0.2705188016381379,0.7548217342636138,0.6471944408783827,0.8002263644747506,1,2.321928094916216,-1.4780472961440696,-0.1926450778135837,-1.2854022183304858,13.803424831505492,14.63549971299506,0.85293275,16.461615421330848,15.384851189384747,0.0736467442265125,17.02572676650028,0.9704482645,19.22888443681864,-0.00045686545,0.13842613,0.003880523,-0.0406772944770859,-0.0193148599809341,-0.0213624344961517,0.0712567089310606,-0.0189910631540626,0.0522656457769979,0.1337555222149992,11.129283016945031,0.8667321922116586,1.7855635029530383,0.9188313107413796,10,14.88436133916571,1.3695951173241552,0.4101456515709374,0.6277402545656006
Stx1b,20649.0,-0.3451137461738682,-0.2637505819383898,0.2321645087643162,0.0378521071192858,-0.1129492374095519,4,-0.9175378398004832,0.2040107992229267,0.0,0.0,0.0,0,0.0,0.0,0.0,0.0,0.0,13.859295611581034,0.64939133,15.838760978356186,14.143702076857933,0.0487736728248536,15.852843208250842,0.6533048004166667,16.315414947304458,-0.0001564839999999,0.0238975,0.0024086279999999,0.0171169437957431,0.0102797045929268,0.0068372392028163,0.0938390266857399,0.0669157117606354,0.1607547384463754,0.004751148926352,10.62388149001355,0.6499420846831298,0.4964784315873523,0.1610084476600981,3,11.577900836887018,0.4770144763285885,0.3988553020260919,0.1072286011334114
Nisch,46016.0,0.096750353253237,-0.0802662628785142,0.0672254986842357,0.4082179667534598,0.1639758519374727,5,-0.4150374992668215,0.1634040757353917,0.0,0.0,0.0,0,0.0,0.0,0.0,0.0,0.0,14.173424971971617,1.6261718,16.368726962423366,14.923234621009204,0.1226314473587313,17.072844394865438,2.1891009629787237,18.65266294448158,-0.000304373,0.2202296,0.005731978,-0.0308041429549731,0.0008829195770352,-0.0316870625320084,0.1012885437210762,-0.0290045219480865,0.0722840217729896,0.0154785186426806,11.501837184902346,0.503329968530994,0.4808922750967896,0.3385040618010615,6,13.750288267591664,1.0373966126852814,0.2665301863796482,0.1569972579974728
Tmem132a,12118.0,0.106504227754184,0.0597925122897795,-0.0467117154644045,0.0597925122897795,0.0597925122897795,9,-1.807354922040429,0.1643318048656556,0.0,0.0,0.0,0,0.0,0.0,0.0,0.0,0.0,13.840067319892146,1.0381919,17.155730665424674,13.949644356585717,0.0914946148608023,17.28771237954945,1.7269976492307693,17.691280064000573,-0.0002140235,0.0515954499999999,0.002454428,-0.0306020201165369,-0.0252579048708684,-0.0053441152456684,0.0641840681852861,0.0975136831483775,0.1616977513336636,0.037530669560081,10.871905237659265,0.3473697273683545,0.5279687177151424,0.3284694684180596,4,11.868822554775038,0.438194579142911,0.2469569071381226,0.2774295023453235
Atp1a3,27791.0,0.0,0.0019129681205402,0.0,0.0176179480292611,0.0097654580749006,2,-0.5849625007131416,0.0726740588666089,0.0,0.0,0.0,0,0.0,0.0,0.0,0.0,0.0,14.034076367105811,1.1202366,15.893658605541308,14.540672943025198,0.0569015874927188,16.007465336627057,1.1819552523809524,16.609640474436812,-0.0020394871999999,0.0181141999999999,0.002209051,-0.0507652341026419,-0.0022097026994856,-0.0485555314031563,0.1425077677523392,-0.045899607053828,0.0966081606985111,0.2226748043990807,8.581200581925334,0.1937855981045091,0.4164604025035898,0.2226748043990807,1,8.581200581925334,0.0,0.4164604025035898,0.0
Cdk9,7292.0,0.1991265657269682,0.0957797241084512,-0.0963821010191167,0.0997668403943594,0.0977732822514053,9,-0.6780719051099329,0.23731140722595,0.0,0.0,0.0,0,0.0,0.0,0.0,0.0,0.0,13.800974411451383,1.1712831,16.904968973838194,13.879966079664356,0.0881185669429794,17.100133742804495,1.5788968653333333,17.75460047915767,-0.00063548485,0.09022147,0.003500807,0.0919871513444575,-0.0261995584587463,0.1181867098032039,0.0839431275471991,0.1344579093586992,0.2184010369058984,-0.053016300423833,10.937373820192224,0.5192490930751559,0.3386297312676207,0.0745867609598689,2,11.295194955880714,0.2530177514972044,0.3272679586111089,0.0160679729834388
Med24,24844.0,0.0073065763811829,-0.0403506533487108,0.0006000096389003,0.0685769983931314,0.0005797449555931,3,-0.4474589769677237,0.0606444550631365,0.0,0.0,0.1672098183331022,3,5.748647530409976,-1.2737380508852831,-0.7964202878473947,-0.4773177630378883,12.025830709342584,0.0,0.0,0.0,0.0,0.0,0.0,0.0,0.0,0.0,0.0,0.0,-0.0080210898972733,-0.0148144665689555,0.0067933766716822,0.0260704799806018,-0.0314282831042417,-0.0053578031236398,0.0259765162693427,8.451211111832741,0.6739757768484779,0.4291456620971153,0.2613552725628794,4,13.196141029718252,1.9585015328392863,0.1489838706434713,0.1931172453058905
Nptxr,18415.0,0.5560725064102048,0.0,0.0,0.0,0.0,3,-0.5849625006971113,0.0960145007244124,0.0,0.0,0.4329139525891556,3,4.199660990358262,-0.966192199558192,-0.5739552171260695,-0.3922369824321228,13.236770305984848,0.0,0.0,0.0,0.0,0.0,0.0,0.0,0.0,0.0,0.0,0.0,0.0829197106912036,-0.0620000856615812,0.1449197963527848,-0.0053608282057352,0.0571180069651018,0.0517571787593665,0.0037726873418897,11.158609688214542,0.29448239448593,0.219397194571111,0.1777366885595119,2,11.471167133724444,0.2210114892303964,0.1718441375906543,0.0672501781140625
Chst1,15543.0,-0.0673212071050012,-0.104266230594432,0.064719078686971,0.0990619737583716,-0.0026021284180302,8,-0.8300749985506743,0.0365773216656409,-1.1796349278212408,-0.6501261569382522,0.4756860939125689,3,6.463475031269358,-1.7580872193578678,-0.2317151391894595,-1.5263720801684084,12.714467409632,13.893579824502083,1.8016427,17.100139689128994,14.112032184426186,0.0901086743403291,17.095067301607052,2.396066958068493,19.14682967127012,2.016600000000028e-05,0.2836061699999999,0.007108246,0.0165096690597044,-0.0296597012426328,0.0461693703023372,0.0568337803766985,0.1323765970550858,0.1892103774317843,-0.4053545593503075,8.870364719583712,0.5926756747917752,0.1389264269785486,0.1503989034257076,4,13.24866883972315,1.7975202830960535,-0.5229598698226052,0.8862771873917198
Olfm1,37744.0,-0.0278226498805694,-0.0281879199235014,-0.000365270042932,-0.0281879199235014,-0.0281879199235014,8,-1.1375035237420654,-0.0792027662032343,0.0,0.0,0.9306008049060944,1,3.906890595618136,-0.8667334689449064,0.0430687218790277,-0.9098021908239342,11.500343969270451,0.0,0.0,0.0,0.0,0.0,0.0,0.0,0.0,0.0,0.0,0.0,-0.0601332351891756,-0.1363621117203686,0.0762288765311929,0.1335810832552086,-0.0716396432534636,0.061941440001745,-0.0133515502133218,13.680908891419866,0.4253163480367741,0.398118766510015,0.2405967123935939,3,13.860699032611995,0.0923255059278146,0.1905930123630316,0.2567553449772443
Srsf5,5003.0,0.1914773025041474,0.1155328340907038,-0.3055419751778634,0.1155328340907038,0.1155328340907038,1,-1.9999999999458988,-0.0494553217658633,0.0,0.0,0.0,0,0.0,0.0,0.0,0.0,0.0,0.0,0.0,0.0,0.0,0.0,0.0,0.0,0.0,0.0,0.0,0.0,-0.0464322086608949,0.0486611449025404,-0.0950933535634354,0.1081839854709763,0.0286084354400114,0.1367924209109877,0.2573459159883395,10.740624044489495,-0.0835229387081097,0.1978201160330464,0.3019130637179477,2,11.233020426474557,0.3481768207333574,0.163537972791834,0.0484822719189396
Snrnp70,19289.0,-0.0071097548027542,-0.1124832718781056,0.0132058730317455,0.0945768727693177,0.0526808377542241,2,-0.8930847960739761,0.2066930818861649,0.0,0.0,0.0,0,0.0,0.0,0.0,0.0,0.0,13.919215122355965,1.3150371,16.914992717835514,14.110809526898654,0.0786651370321825,16.457637380991763,1.6739915108695655,18.241908689936324,-0.0005782489999999,0.12434543,0.005327582,0.0743839861402289,0.0673671477350545,0.0070168384051743,0.1326020553121816,-0.0276693564713759,0.1049326988408057,0.0836883012769962,10.62388149001355,0.4761560340136386,0.5282097896521876,0.1665961309506567,3,11.37177664433798,0.3745118153720565,0.4425693613936281,0.0799758788253933
Il1rapl1,1374775.0,0.0,0.0,0.0,0.0,0.0,6,0.0,-0.2107481564973487,-0.1708675339711884,0.4509934845433703,0.6257409657123171,6,7.3729843641954576,-0.1482886609961141,-0.0912264095378067,-0.0570622514583074,17.13634817787818,0.0,0.0,0.0,0.0,0.0,0.0,0.0,0.0,0.0,0.0,0.0,-0.0010335784032207,0.0011429164026122,-0.002176494805833,-0.034354475666522,-0.023630104203825,-0.057984579870347,0.4509934845433703,18.92947514341405,-0.1708675339711884,0.2801259505721818,0.4509934845433703,1,18.92947514341405,0.0,0.2801259505721818,0.0
Dach1,382912.0,0.0,0.0,0.0,0.0,0.0,15,0.0,-0.2818381937226111,0.0,0.0,0.0743735009511206,1,5.523561956060149,2.169924998637072,-0.4739311881079933,2.643856186745065,14.812578444135385,16.353256570667238,3.397195,18.73255954596032,17.574201758795073,0.0605430934590924,19.430268772759412,3.1426934513725486,19.685826705458823,-0.0007002512999999,0.0305996699999999,0.0006004758,0.0008603662596209,0.0041036438850578,-0.0032432776254369,-0.0260076507751463,0.0029649083627371,-0.0230427424124092,0.603740022541288,11.59851781061267,0.0847428388106505,0.6087532169701251,1.1030931885412474,6,17.545311424879383,2.870738276869542,0.0440320786644685,0.7051583822193105
Thra,28368.0,-0.023789285327857,-0.1604377978420417,0.0143257529285925,0.0799742195424186,0.0213047243512824,2,0.6520766965759455,0.1956239657183414,0.0,0.0,0.7215923133959465,2,2.7459265481872794,-1.5695320179874384,-1.1945211446354682,-0.3750108733519702,10.300320350945196,13.892258230239513,1.7128478500000002,15.93822963524064,14.35851384714966,0.0074752641901273,15.93822963524064,1.7128478500000002,16.052992510203165,-0.0023703597499999,-0.1138993759999999,-0.001436067,0.027121885914308,-0.0876203585744472,0.1147422444887553,0.0575409525468177,-0.0253586704080883,0.0321822821387294,-0.0863841471911854,7.813781191217678,0.3516151546484667,0.3080030337806265,0.1371386197147552,8,13.95864333413278,2.1712391842626992,0.0259956727317056,0.2976813926453702
Nrn1,9770.0,0.0,0.0,0.0,0.0,0.0,7,-1.1375035237341966,-0.2418651427089231,0.0,0.0,0.1547619047619047,1,7.636624620544373,0.3370349871984754,-0.3923174227071981,0.7293524099056736,10.957827560833817,0.0,0.0,0.0,0.0,0.0,0.0,0.0,0.0,0.0,0.0,0.0,0.3070414424551377,0.0212345538716494,0.2858068885834883,0.0737662049241622,-0.077020895141775,-0.0032546902176128,0.1499851482231375,8.70390357344501,0.2123956916945397,0.29570132261167,0.3376513964440497,4,11.74693413637234,1.4202399842429494,0.0579221517279093,0.2422897963681497
Fbxl17,442565.0,-0.2489205368956175,0.0521226022918577,0.3010431391874753,0.0521226022918577,0.0521226022918577,7,-0.9999999999278651,0.0691116903263506,0.0,0.0,0.5360630591291301,8,4.938780521120555,-0.3766406711138895,-0.068919608008419,-0.3077210631054704,16.210803299238975,15.50509824810634,1.0801902,17.486163319761673,17.237695458890137,0.0885199486823053,17.37517522079979,1.2688733846969698,20.985351384873017,-0.0008319393,0.170424892,0.0027026564999999,-0.0216829934048102,-0.0087522594626824,-0.0129307339421278,-0.0028345098050888,-0.0233102745620237,-0.0261447843671125,0.016542269328542,10.864959915142675,1.2597861735714375,0.8352500365861565,0.508077023227576,13,17.72924233696077,2.62562602356184,0.1735671886153362,0.3631265141565608
Lmtk3,20406.0,0.0,0.0778989249704347,0.0,0.0778989249704347,0.0778989249704347,4,-0.9004643264446206,0.2384312729661619,0.0,0.0,0.4887322789477997,1,4.807354922062757,0.2691866327839062,0.4671260103686149,-0.1979393775847087,13.542064542283455,13.923039823888637,0.51975308,16.070557019912126,14.156557153199971,0.076794798783567,16.13002638504104,0.8080587340833333,16.457637380991763,0.0003763289999999,0.15893224,0.007587823,-0.0034163492815879,0.0188637205040549,-0.0222800697856428,0.0411886351657662,0.033931215858962,0.0751198510247282,0.1199269487925447,10.924812503605857,0.5552420571779444,0.6299737734690156,0.4336270740969885,5,12.24287636716643,0.4969207504973241,0.3961288579282093,0.2441864577200926
Slc6a7,18842.0,0.0,0.0,0.0,0.0,0.0,7,-0.7369655941469699,-0.1446911308452685,-0.2353760453239224,-1.5438902956631897,0.6685073187834166,1,7.011227255424372,-0.3768543053414551,-0.425763905816874,0.0489096004754188,12.88493364794978,13.912375584107274,0.7415584,16.62780959285029,14.02054595429038,0.0567152750993187,16.615687104555228,1.1147460605909092,18.834921574930657,0.001848184,0.0943679499999999,0.004805392,0.0278123841554502,-0.0132839611322978,0.041096345287748,0.0851260755341206,-0.0303198547109028,0.0548062208232177,-0.7995589621074382,11.765286098723724,0.1465274209339493,0.0912997923822627,-0.0552276285516866,2,12.999647736528388,0.872825484528211,-0.8439832743024247,1.3226899975633848
Stxbp1,59643.0,-0.2590736832844698,0.0,0.0,0.0,0.0,3,-0.4854268271619979,0.0833143000301255,2.3867486176393555,-0.3186581697342143,0.1920266511620597,3,3.5357767712627868,-1.147719612787251,-0.6080559687955265,-0.5396636439917247,12.790314128091795,14.074270482342133,0.74497205,15.407361973831014,14.835606350220395,0.0500403701864063,16.107874868429477,1.1726839075,16.81326764065204,0.0002902537,0.12003589,0.003891047,-0.0456103721268302,0.0225410777260785,-0.0681514498529087,0.0918222143540716,-0.089178367432299,0.0026438469217726,0.0368772098701355,11.080151309614154,2.3867486176393555,2.068090447905141,0.3072677520416955,5,14.952195219914136,1.9841576722831724,0.5993984463335659,0.8530374164080561
C1ql3,8349.0,0.0,0.0,0.0,0.0,0.0,8,-2.3219280948296546,-0.1831578306674015,-0.2833809463732923,0.1178482893387982,0.0,0,0.0,0.0,0.0,0.0,0.0,13.602647321638484,0.851065535,17.66247833076922,13.753007768945244,0.0891702298556906,17.618202350545506,1.2070335219058823,19.194602975157967,0.0003517408,0.2225517,0.004122544,0.3841421734453811,0.0530556531940635,0.3310865202513176,0.0175219540046814,0.11056086401027,0.1280828180149515,0.0587229648307642,11.206403913973908,-0.123226428784692,-0.1655326570344941,0.1178482893387982,4,12.18239435340456,0.4879952197153251,-0.184619352145378,0.0381733902217678
Sulf1,168915.0,0.0,0.0,0.0,0.0,0.0,5,0.0,-0.32853673850576,0.0,0.0,0.0,0,0.0,0.0,0.0,0.0,0.0,15.013746182466404,0.90394398,18.66101045400599,16.344157180569116,0.0935567204226344,19.125164067084533,1.2554249272072266,20.83235617781333,6.463214999999974e-05,0.22115916,0.00313806,-0.004525718379571,-0.0057087740651321,0.001183055685561,-0.0634074849501889,0.0825243875455966,0.0191169025954077,-0.1473743853466145,14.764042217306592,0.5957669445253219,-0.0343533260923489,0.3723187747931034,4,16.300388312637025,0.8755966096861321,-0.2494192496141113,0.1617316623462684
Nbas,314678.0,0.0,0.0,-0.0622115860443225,0.0,0.0,4,-0.4150374992668215,-0.0898400310892992,-0.0940798344028721,0.2812907742985249,0.3712811791027448,3,5.281061664968681,-0.8976855577549555,-0.0581236352716127,-0.8395619224833428,15.335611092152094,15.536800409260067,1.9989599,19.45891800580441,17.31338793775641,0.1227590695492021,19.665039188641707,2.329026168261084,21.49780750423308,-5.593459999999988e-05,0.26719047,0.0038791524,-0.0169485623897647,-0.0012903957127718,-0.0156581666769929,-0.0487285575767578,0.0011143712591231,-0.0476141863176347,0.1417360294396288,16.913801021438168,0.6139478103336047,0.2813554859502503,0.8951738729804042,3,17.21207835040802,0.1712628222093788,0.031739203217621,0.2852675555840094
Klc1,48995.0,-0.0033301027726691,-0.0284402642020913,0.0788930516641438,0.2346996178686792,0.0479962209496555,2,-0.961525852181671,0.1019678699200595,0.0,0.0,0.5549454351039407,3,3.4789038473934704,-10.766825677346056,-9.702952320554616,-1.063873356791442,13.150202440037598,14.428428239906696,0.69285208,15.209912959547797,15.016764769443308,0.0922387015100967,14.720938927839352,0.9327960050181818,18.11200672296017,-0.0001419045,0.10171756,0.0051067499999999,-0.0375325420173967,0.033950314850435,-0.0714828568678317,0.1966067316157309,-0.0980480977937752,0.0985586338219557,-0.1860279666052159,10.011227255423394,0.6283425480529434,0.8702454579836387,0.4096733191945501,5,14.174145467760516,1.9561365464130456,0.2531388420181805,0.4574001263548969
Dgkz,43040.0,0.0126325453839098,0.0730759557198836,0.0498687923658995,0.0730759557198836,0.0730759557198836,4,-2.3219280948296546,0.1635986053997856,0.0,0.0,0.1731322886297376,7,5.128446582914081,-5.095749371480957,-4.888948996219091,-0.2068003752618664,12.653067525183998,14.005233852756325,0.8760547,17.910750572217818,14.832494484336111,0.1093080079255544,17.992709901683483,1.534107276016129,18.84632288848708,-0.0003634641,0.282096228,0.0055009764,-0.0170394297754821,-0.0236498388211681,0.0066104090456859,0.0169505226663955,-0.0606507926089565,-0.043700269942561,0.0591564819145542,12.636851156626555,0.4590446690416487,0.3868539404119806,0.2219810342295001,6,14.38093449008848,0.6780416150794008,0.1377562734286823,0.1956826786618651
Chd3,26133.0,-0.0255847174714189,-0.0859902382932165,-0.0604055208217975,-0.0859902382932165,-0.0859902382932165,2,-0.2630344058289848,0.2012094991300556,0.0,0.0,0.6305047622208211,1,3.70043971815219,-1.7884958938744038,-0.93288580351692,-0.8556100903574839,13.442684367865846,13.47629664326485,2.9311961,17.298216767725084,13.477505317369708,0.0861470230773735,17.415308538989315,2.961563692857143,18.193963238537744,-0.0008828754999999,0.191143644,0.0043607879999999,-0.0027012124781637,0.0010526912747573,-0.003753903752921,0.126750924804208,-0.0045778502230962,0.1221730745811118,-0.190064323875694,7.857980995128194,0.9904351826302742,0.9328080607345628,-0.0576271218957114,3,12.288000889707602,2.511262163281794,0.4498984919635532,0.4235776619171606
Tmem63b,26734.0,0.1687394212735263,0.0858536777290477,0.0019202095732155,0.2554655839644361,0.1706596308467419,8,-1.3219280948440812,0.2547395333880775,0.0,0.0,0.5263226394221383,2,5.2695794055593,-0.133242963464929,-0.106496861620488,-0.0267461018444409,13.162924459883833,13.900861626410752,0.97687227,17.311782323744353,14.413958420639227,0.0520242243467313,17.254345873069052,1.1093264470731707,19.41548183401646,-0.000241916,0.036378,0.003109103,0.0284612023106015,0.0170971492063017,0.0113640531042998,0.0051941333872498,-0.017537496461506,-0.0123433630742562,-0.3261545185096362,11.484822894262196,0.8052203101066732,0.7827826166696288,0.3467961162213071,6,13.039604517953777,0.531255949545956,0.183626193970478,0.8718880529903456
Ccser1,1202541.0,0.0,0.0480672181287109,0.0,0.2089334810063813,0.1285003495675462,10,-1.999999999891798,-0.1618426313146704,-0.5244021764839153,-0.0457701972647504,0.5678758533692597,2,4.365659515519661,0.098634552223534,0.4273243071636,-0.3286897549400659,16.65556366511624,17.494225464492867,1.5809218,18.97745612832939,19.1328636710196,0.1202508038190223,18.74802901681343,1.9466561426024096,21.04944310666202,-6.751014999999995e-05,0.30546739,0.0029860119999999,-0.0044776415461957,0.0042367129662509,-0.0087143545124467,-0.0275494853721005,-0.0156509015954867,-0.0432003869675872,0.1145029379266465,10.25856603389005,0.1502103119385847,0.0503681148196619,0.4671467592031759,6,17.525245506044886,3.514287819599336,-0.1468488811663338,0.2299536406935078
Dnmt3a,108436.0,-0.1607713252042286,-0.0679812400310013,0.0927900851732272,-0.0679812400310013,-0.0679812400310013,5,-0.8930847960739761,-0.0122288463678065,-0.0810774283330109,0.7054092436149717,0.3879220178590487,5,3.6021558803653564,-1.686544387448668,-1.5441694648408384,-0.1423749226078297,14.64804760451118,14.24135712391722,1.1736513,15.386873123327147,15.503173546096871,0.1185100360065915,15.373001054366435,1.335937707755102,17.194602975157967,-0.0011219732999999,0.23221387,0.0052853707,-0.0241430601477042,-0.0297449748897432,0.005601914742039,0.0699017614190218,-0.0659694979026213,0.0039322635164005,0.0348519815301931,11.08148343809374,0.5738947640597338,0.6243318152819608,0.7054092436149717,12,15.166986841001728,1.6017613606969463,0.1175235094695293,0.3294711205144155
Rapgef6,176438.0,0.0,0.0,0.0,0.0,0.0,5,-0.2479275134421614,-0.0098033174766515,0.0,0.0,0.9590496458617364,1,3.807354922067909,-1.302562769448552,-0.7369655937814874,-0.5655971756670646,12.851163413220135,14.028469449791134,1.5651454500000002,17.472174071274605,14.9331834835867,0.0997662885607723,17.395044481669583,2.610648713823529,18.22989842911877,0.0002233057499999,0.29108974,0.00868243,-0.0256282328775561,-0.0124579386356596,-0.0131702942418965,-0.0216121841506799,-0.043046042022851,-0.0646582261735309,-0.4115868832256532,10.176173149107616,1.1796158249311008,1.00517503805563,0.4415094063151725,8,16.205010457465505,2.614875490752472,-0.4496761442523257,1.4564991548405208
Abr,206824.0,0.0,0.0,0.0,0.0,0.0,1,0.9259994185493888,-0.1521353523995254,0.0,0.0,0.2575579730890351,9,4.667789011516327,-0.5727324778475782,-0.2828610034118172,-0.289871474435761,15.308526316572722,14.779714063144027,0.8480104,15.651828774115955,16.18134640495571,0.1002045639656652,15.895385939898508,1.1413887307921986,19.28771237954945,-0.0001772026,0.15436388,0.004432826,-0.0280437857459753,-0.0180232872338197,-0.0100204985121556,0.005845382102434,-0.0236930066137736,-0.0178476245113395,-0.0211479178909998,9.942514505339387,1.1837319332259082,0.8469129540965554,0.6149922271378815,20,16.623824347918557,1.9683484175327244,0.156961776144301,0.3957266540563085
Slc17a7,12193.0,0.1320973882461915,0.0228870537933227,0.1645620710379687,1.0638408375819517,0.1940456052401481,5,-1.1926450779308029,0.1544904710313336,0.2093075099071324,0.2267909128733318,0.4494049454276376,1,3.906890595618136,-0.7548875017961159,1.6780719031289315,-2.432959404925048,12.83130724380207,13.811581969962102,1.09696695,17.063642037102447,14.142027260016052,0.0682615218952657,17.061997228629057,1.1491346995,17.953235905959705,-0.000341255,0.14022048,0.003452872,0.1074825125724829,0.0389579619023887,0.0685245506700942,0.0946173615251064,0.0536681797281817,0.1482855412532882,0.2267909128733318,7.357552004618963,0.2093075099071324,0.4360984227804643,0.2267909128733318,1,7.357552004618963,0.0,0.4360984227804643,0.0
Nr3c2,345570.0,0.1978593164039642,0.0666562165449449,-0.1312030998590193,0.0666562165449449,0.0666562165449449,2,-0.1926450779398196,0.0581216099870065,0.0,0.0,0.5358589123780645,5,4.9721469285114495,-1.164828971671456,-0.8632156734712304,-0.3016132982002256,15.83353183381694,14.916195201115013,1.405064,17.995239570053975,17.43348764126293,0.1168449024875647,18.811274335606463,1.8528427342056737,20.775459177699812,-7.740290000000016e-05,0.263932614,0.0022705365,-0.0243712818586491,-0.0248813549783801,0.000510073119731,-0.0679958774162017,0.021819812515016,-0.0461760649011856,0.0251771940084312,11.929998062609064,0.8052203100618973,0.7827826166300735,0.4723269982868375,10,17.019340962745467,1.9314707193615428,0.214154538110816,0.2994129923851457
Akap8l,29183.0,0.0362317201551545,7.52665657867968e-05,0.0177095028680824,0.1789590818761973,0.089517174220992,2,-0.4854268271661199,0.5769513225127989,0.225224062361045,0.1491389338784028,0.6635701934290426,3,4.548852903397941,-0.8965939156744199,-0.4052294893366956,-0.4913644263377242,13.274567467354492,0.0,0.0,0.0,0.0,0.0,0.0,0.0,0.0,0.0,0.0,0.0,0.0549895528608124,0.0030807524860428,0.0519088003747695,0.0890211754247967,-0.0401406690665435,0.0488805063582531,0.1216065265066655,9.09803208296079,0.4426502307969575,0.8622170842167171,0.4273652239911014,6,11.386401423640832,0.8605989493644807,0.3229270899477208,0.3960932266167205
Mapk11,7142.0,0.0878188419423954,-0.0303658798804877,0.0506213050546925,0.3030902125561103,0.1405181276563648,6,-1.7004397181286075,0.2083918018176491,0.0,0.0,0.0,0,0.0,0.0,0.0,0.0,0.0,13.429380022034856,1.45994045,16.859876095540095,13.502583213553354,0.0722806344293873,17.112478326618024,1.6090072754166669,18.27824979608762,-0.00025975385,0.1236146004999999,0.002731264,0.1163919326351959,0.0323689559913593,0.0840229766438366,0.0460246967785378,0.006974709005645,0.0529994057841828,-0.0105264387146402,6.129283016947028,0.2281630075477565,0.2278148563272215,0.3174123094432559,2,9.33762190199273,2.268638181960303,0.0587563385012208,0.2390848487442238
Ptprn,17475.0,-0.0085578623933544,-0.019453874972775,0.0359275402367439,0.0556483659042192,0.0366421102210568,8,-0.3219280948837557,0.1654681731920577,0.0,0.0,0.6168102444703143,1,3.70043971815219,-0.426264754644432,-0.3750394312953222,-0.0512253233491098,13.00650140756945,13.91563511628764,1.0786228,17.073670013036008,14.010353265549254,0.082394424493015,17.669487181530908,1.3199964861538462,18.187492229597737,-0.000398135,0.05454242,0.0029158639999999,0.0205675437685387,0.0323625552416826,-0.0117950114731438,0.1486838017432292,-0.16631223749061,-0.0176284357473808,0.1143545257092781,10.78871833269054,0.3616136587057512,0.5686578113587862,0.2527971660025394,5,13.162233958149631,0.8911501625062573,0.2614937894158292,0.2266590879262852
Col4a2,136482.0,0.1480808572172407,0.0354063286822378,-0.1126745285350029,0.0354063286822378,0.0354063286822378,2,0.0,0.1710973949964759,0.3913422970997655,0.6258937117585273,0.5416551586680144,5,3.9643298869244914,-1.1126324545651396,-0.4754720968805614,-0.6371603576845783,14.734156568001197,15.196003114513776,1.0456248,17.143885672172104,16.273121727746858,0.0852568068584774,17.06829545182807,1.4819354536790124,20.252940253720933,8.285699999999998e-05,0.24035888,0.008426703,-0.0002932575590517,0.0005398401589076,-0.0008330977179593,-0.0072159015938941,0.0649851044718611,0.0577692028779669,0.0440247035911097,9.44501484586863,1.415273791745903,1.4890514135668775,0.8255592130881271,12,16.08362475296988,2.6212619262437897,0.355677917058534,0.5898968142660894
Atp2b2,298782.0,0.0,0.0,0.0,0.0,0.0,1,0.0,0.1147771702711666,0.0,0.0,0.4955645629026723,11,5.375731116324586,-0.6906834763469749,-0.4382422920026659,-0.2524411843443089,15.970707701111342,14.909197787839394,0.93777055,16.215145807788744,17.15887590904394,0.0762753933741946,16.28771237954945,1.2806876254452055,19.514714054138487,0.0001061265,0.19029717,0.003640731,-0.0458186062832671,-0.0023699910955843,-0.0434486151876827,0.0056677652721176,-0.0943571196414649,-0.0886893543693473,0.0319955492383996,11.73470962022588,0.5469083145783127,0.7283348327043957,0.4921354793646275,17,17.17505242755164,1.7762407450263442,0.1948762364852536,0.294310737490541
Pde2a,91136.0,0.0175359271465727,0.016606550378635,0.0366741552579695,0.0918136144304495,0.0542100824045422,3,0.0,0.3047524059533855,-0.2254921676825458,0.5173904325814556,0.5362079295339401,4,4.999415473521729,-0.6041549459505229,-0.4912601464966547,-0.1128947994538681,14.81621887081632,14.143753143201591,1.3690175,16.052474838494454,15.298814372291003,0.0885024956430785,16.372831059546005,1.750517582361702,19.04259988171292,0.0001633679,0.246744512,0.0053463,-0.0170043711065296,-0.0205369946334499,0.0035326235269202,-0.0137555941566059,-0.0009533359821537,-0.0147089301387597,0.0530356572265723,8.927777962082638,0.6712029622064657,0.4742963946970562,0.6416303230898168,7,15.388252780706026,2.7186993044189443,0.1805617306872158,0.258616298181482
Csmd2,579799.0,0.0,0.0,0.0,0.0,0.0,0,0.0,0.0,0.4723017240572288,0.0894016194599992,0.5485199529290047,10,4.606775034544247,-0.605292894303403,-0.3077879232247706,-0.2975049710786324,16.38129619412869,15.983823697475673,1.4343956,17.026592293043745,18.11625764877492,0.0913956818159252,17.0070491735401,1.8461780598268864,19.84492945207676,-1.2756700000000074e-05,0.319415241,0.0054882318,-0.0059605740996823,0.0012790898754352,-0.0072396639751176,0.0278689994431509,0.0215502247714788,0.0494192242146298,0.0243383103047219,9.357552004618304,1.0670465310321704,2.0884120133666166,1.0213654823344465,15,18.119189379454284,2.6399344080696587,0.2923120295297013,0.7128628152899937
Lztr1,17645.0,-0.1097180286158822,-0.0376004510289197,0.0567537611337731,0.0706588124609387,0.0165291807160095,4,-0.8479969065421264,0.1645968920353465,0.0,0.0,0.0,0,0.0,0.0,0.0,0.0,0.0,13.977374564973898,1.4762208,16.586669164800252,14.1621552664082,0.0779541997015217,16.656955496895083,1.6035768156774195,17.535639892993036,-0.0004056489999999,0.0949817,0.004305286,-0.0032199324911562,-0.0021318161404922,-0.001088116350664,0.1289084912362597,-0.0176374452626477,0.1112710459736119,-0.0644653299914659,10.51766938813391,0.1047805920457307,-0.0390376672403189,0.1722097374162579,3,11.37177664433798,0.427162804867839,-0.1367479213858348,0.0961019980608952
Atp6v0b,3007.0,0.0,0.0,0.0,0.0,0.0,0,0.0,0.0,0.0,0.0,0.0,0,0.0,0.0,0.0,0.0,0.0,13.58941707576861,1.2115865,16.805495885789625,13.58941707576861,0.035136676101309,16.28771237954945,1.23782164,18.033707976212376,2.6510999999999896e-05,0.11625228,0.0025052599999999,0.135167968208428,0.0285261922618653,0.1066417759465626,0.0925122815936987,0.1244423977204942,0.216954679314193,-0.020788144303955,8.317412613765322,0.6230169789632933,0.5367641879319982,0.044676502423385,2,9.862637357558947,1.0926388947937196,0.4457265762886473,0.1287466250720816
Shank1,50319.0,-0.0309187294994159,0.0584164431113814,0.1346035855361522,0.1489532689620911,0.1036848560367363,5,-1.152003093436233,0.2955596296519067,0.478945428242392,0.2696321799356138,0.2351465827223054,6,5.7368197639413125,-1.1119413535748637,-1.0458753812884674,-0.0660659722863959,12.345631497983565,13.901308438529544,0.62662905,15.963537937497556,14.954332647351984,0.0694812938833637,15.821325560928882,1.025416405025,18.191223112779262,-0.0006358681,0.095642324,0.003270943,-0.0020483551185311,-0.0297651073872513,0.0277167522687201,0.1364615349563128,-0.1664364356290196,-0.0299749006727068,0.1914111678281247,8.748192849589795,0.9510711766133384,1.135084360641137,0.5700193438279024,11,14.607734858999777,2.068278212121314,0.521132873166883,0.4574328209381033
Cpt1c,15479.0,0.1002163994145435,-0.0192355786647502,0.1437439563479644,0.6210747761004527,0.1870011128071648,4,-0.9328858041352172,0.2083546202783398,-0.2736300271873464,0.7150147250622254,0.5086251155149399,1,5.357552004621603,-0.6129768767928323,-0.0824621601762574,-0.5305147166165749,13.224453953330585,13.88911943718363,0.30740133,16.45559726471229,14.08455928221091,0.0489397805269341,16.465980839521098,0.509212869521739,17.292411510823765,-0.0010439535,0.08772466,0.0026559349999999,0.0562034458240087,0.0317426333481003,0.0244608124759084,0.0582040924372347,0.1844302853283391,0.2426343777655739,0.7150147250622254,12.731106854388054,-0.2736300271873464,0.441384697874879,0.7150147250622254,1,12.731106854388054,0.0,0.441384697874879,0.0
Actn1,92824.0,-0.1084990297969639,0.1441638880076938,0.2526629178046577,0.1441638880076938,0.1441638880076938,1,-0.6918777046334399,-0.1449037831685466,0.0,0.0,0.4355843807123898,5,4.606986652705702,-0.3778541439546578,0.0112620945330748,-0.3891162384877327,13.448017349242798,14.12866086161149,0.7667182,17.10559579585073,15.44015542789226,0.0740943171425377,18.34590330498127,1.0559317593638096,19.713977134251547,-0.0001142503999999,0.18779248,0.0050160039999999,-0.0349921759167251,-0.0337878382257866,-0.0012043376909385,0.0200646683160682,-0.0506267037807901,-0.0305620354647219,-0.0519849240891298,10.554588851677734,0.2488269616629717,0.3773695363612743,0.1398337354631444,5,14.496229639355,1.9037891652515904,0.1182183071704504,0.2029375107024867
Rbfox3,421835.0,0.0161453580892735,0.0330295655343921,0.0168842074451185,0.0330295655343921,0.0330295655343921,2,-0.658963082162149,0.1047805920463971,0.1461122300301878,0.4950727678814881,0.0,0,0.0,0.0,0.0,0.0,0.0,15.724590905121088,0.988013125,16.17364060984721,17.73239269665234,0.0914080676882798,16.312014326395957,1.3134317394588384,18.15958559117884,-4.7144999999999306e-05,0.2162921499999999,0.0038868719999999,-0.0551242160781605,-0.0050410562299887,-0.0500831598481717,-0.0267775266309057,-0.110799575095491,-0.1375771017263968,0.2062977380260718,11.850186837645811,0.9222597313541708,0.7265666071789685,0.9861592523830978,17,17.275378868713094,1.6806909305561677,0.4134328754448808,0.236047639673069
Gpr158,463005.0,0.0,0.0,0.0,0.0,0.0,3,0.0,0.0824093538580389,0.0,0.0,0.7016884187535465,1,3.3219280949017893,-0.8744691176975512,-0.9004643262258116,0.0259952085282604,17.087970363822073,15.128868699243244,1.0770634,16.59724297700606,16.68745770212485,0.121907941842779,16.83621065656237,1.694133345330579,20.00458121569364,7.178200000000027e-05,0.301654215,0.0019026717,0.0070821955467815,-0.0066860719330207,0.0137682674798022,-0.0230215455306644,0.0043722303914069,-0.0186493151392574,0.0417847364288906,10.02097993890435,1.0682547156168498,1.045817022188158,0.7722433985691644,7,17.035443492844077,2.871510660390483,0.1655135161412168,0.760389778895922
Matk,10430.0,-0.057673051116448,-0.1577019218798203,0.0796756029502099,0.233121969553255,0.0220025518337618,7,-1.1575412769803566,0.0862781448881387,0.332987409326603,0.1506270155372884,0.0,0,0.0,0.0,0.0,0.0,0.0,0.0,0.0,0.0,0.0,0.0,0.0,0.0,0.0,0.0,0.0,0.0,0.0903858395646273,-0.0116478372922632,0.1020336768568905,0.105171079860604,0.0164120759726922,0.1215831558332962,-0.0366225213560015,9.970105890612324,0.3769833131512294,0.4836144248638914,0.1506270155372884,3,11.03411114609666,0.5340055377435114,0.1700069490896791,0.3283985965175451
Exoc4,724894.0,0.0,0.0661268537423622,0.0,0.0661268537423622,0.0661268537423622,2,0.0,-0.2507084423400862,-0.5313051609066255,-0.4025804022631192,0.8212860854939127,2,6.599836172420222,0.2313331810243852,0.484813175271836,-0.2534799942474508,16.761956572906282,15.839265462291,1.1365538,17.78804174879975,17.3137599170316,0.081199875871043,17.490678550110857,1.4566976316921223,20.53563989299304,-0.0002609763,0.235051318,0.0034120654,-0.0016989921874889,0.001994454918366,-0.0036934471058549,-0.0317518112444873,0.0193535698108373,-0.0123982414336499,0.0573194127802611,10.723660944410067,1.085328229235726,1.2233552079825274,1.7849172283598804,16,18.44712359475305,2.43073085914061,0.0057132902006632,0.7034104713580982
Susd4,132731.0,-0.0245526983826381,-0.1040672220017313,0.0264666615492622,0.064665859192884,0.0235286077376717,2,0.9999999999909832,0.0452713980222565,0.4756675548521771,0.900155965589486,0.5622889712891248,3,5.208417407253359,-0.3503486335991959,0.32887840535992,-0.679227038959116,14.46166636274596,14.54753819203313,0.69977295,15.076282058594147,15.56840150289157,0.0700105967768166,14.894201986050575,0.9072200621276596,19.75249335270044,0.0009672985999999,0.169177464,0.0035920082999999,-0.0450984544366739,-0.0127623975913113,-0.0323360568453625,0.0048983715672932,-0.0384476464601228,-0.0335492748928296,0.1372169419865805,10.462502272597366,0.4756675548521771,1.3758235204416631,0.900155965589486,11,15.90284613706388,2.186700065607344,0.1918702022014284,0.4659355178665128
Vps13b,560069.0,0.0,0.0,0.0,0.0,0.0,4,-0.999999999981966,-0.1012663898956687,0.0,0.0,0.0,0,0.0,0.0,0.0,0.0,0.0,15.844716995016515,0.8501273149999999,17.02498636894155,17.85313895637674,0.0833859672565766,17.319319306134915,1.19243429305,19.2956792653252,-0.0002342507,0.1459605799999999,0.0033995915999999,0.0065624324641658,0.0104115719668998,-0.0038491395027339,0.0474947867304257,-0.0506549168847823,-0.0031601301543565,0.0204083772639688,10.167418145831864,0.1805741079950031,0.3446615043535928,0.3519578213291505,6,17.54943122933739,3.293141725130784,-0.15893698253781,0.4100897493523887
Elavl3,37018.0,-0.0305401014555694,-0.2358949807355448,-0.0085463120511487,0.1591154496699881,-0.0404797094545978,4,-1.3219280948440812,0.1511207002748166,0.0,0.0,0.0,0,0.0,0.0,0.0,0.0,0.0,0.0,0.0,0.0,0.0,0.0,0.0,0.0,0.0,0.0,0.0,0.0,0.0512452325440361,-0.0030392041587639,0.0542844367028,0.119572553670014,0.0559203544320872,0.1754929081021012,0.0230052773263795,11.809366207816115,0.1785475575814801,0.2015528349078597,0.0230052773263795,1,11.809366207816115,0.0,0.2015528349078597,0.0
Grin1,28006.0,-0.1821123607130499,-0.1462297177499552,0.0358826429630947,-0.1462297177499552,-0.1462297177499552,3,-1.6780719050928008,0.2353378047921165,0.0,0.0,0.0,0,0.0,0.0,0.0,0.0,0.0,13.877867093416915,1.6847566,16.27943302337379,14.370891701496031,0.0814639905975316,16.25786659891682,1.8766347959310343,17.976977988647743,-0.0005754139999999,0.07859476,0.0043780179999999,0.0186385760614138,-0.0483684007539447,0.0670069768153586,-0.0163600361858133,0.0452833630121927,0.0289233268263793,0.1984010671930807,9.649256177517492,0.4426502307670645,1.0722892338747776,0.6556342116375031,7,13.346375218928022,1.3336490634796068,0.3368978100752521,0.3939138146136497
Tsix,53440.0,-0.1605944049278211,-0.0686920612382042,0.0919023436896169,-0.0686920612382042,-0.0686920612382042,4,-0.5305147166938475,-0.0025044631251679,0.0,0.0,0.5409818941504179,2,5.969605941337019,-0.6698587039979627,-0.9115611187589264,0.2417024147609636,12.464098985429258,0.0,0.0,0.0,0.0,0.0,0.0,0.0,0.0,0.0,0.0,0.0,0.0217996685806809,0.0294989657337777,-0.0076992971530968,-0.021673083551003,0.1314866278091093,0.1098135442581063,0.0,0.0,0.0,0.0,0.0,0,0.0,0.0,0.0,0.0
Rundc3a,9152.0,0.0,0.0,0.0,0.0,0.0,8,-0.628031222608413,0.2836757044170603,0.0,0.0,0.5328467153284672,2,4.601061911921354,-1.1064968611527697,0.2903689569261044,-1.3968658180788738,12.495821815165687,13.745393550337033,1.8894404,17.368240793861315,13.829227219010129,0.1025270405225256,17.726324611650334,2.133783928571429,18.634130373093328,-0.0005267099999999,0.158115084,0.005949674,0.142428190492418,0.0119318504747713,0.1304963400176467,0.0832252818414187,0.0045762243052118,0.0878015061466306,-0.5404764866140275,9.930737337563034,0.748636781762916,0.1026233782069407,-0.0824450027982974,3,11.228217442293497,0.65798380652867,-0.1272455378614785,0.2006313060377903
Miat,16167.0,-0.0599121830126369,0.039338524726508,0.0992507077391449,0.039338524726508,0.039338524726508,4,-1.5849625007051262,0.2633306332430098,0.2946160694277335,1.4577584099459189,0.5581891208409778,1,5.209453365632849,-0.15200309342215,-0.4821516950723242,0.3301486016501742,13.1212097164093,13.66943514362806,1.3107129,18.225847225548645,14.196294745028265,0.093928501477958,17.608435320856,1.4895315890823528,20.457637380991763,-0.000122024,0.12763569,0.0056220979999999,0.106659163240782,-0.0301189818260594,0.1367781450668415,0.0856839218625076,-0.0211043941182261,0.0645795277442814,0.5449708560211518,11.05460431796074,0.4790758604971135,1.7523744793736522,1.4577584099459189,5,11.970105890612215,0.4116112443319609,0.8750562373936465,0.8163668373330222
Sfpq,15689.0,0.0,0.0,0.0,0.0,0.0,5,-1.9999999999639324,0.3702782680759994,0.0,0.0,0.0,0,0.0,0.0,0.0,0.0,0.0,14.219380081645074,2.5374514,17.770013778359534,14.238106137432077,0.0732219687848196,17.87954764385909,3.129595393,18.842301231227086,-0.0010810321999999,0.1410592839999999,0.0033891939999999,0.2012590524870272,0.0329407676005228,0.1683182848865043,0.2153457997836833,0.0130919452971349,0.2284377450808182,0.0825893577666018,10.706496018061276,0.3068801642127257,0.1689652533612644,0.3077109082564657,3,11.436711542137266,0.3655469770239934,0.1412052522352792,0.0278551993832603
Traf7,19376.0,-0.067440492396425,-0.1458975204290096,0.0803278349346087,0.157767062287328,0.0164133307518916,6,-0.7369655941565885,0.3723435217131343,0.3801670471794942,0.6206094156854418,0.1984727926078028,2,5.538407798530458,-0.9487151329167952,-0.7315137208920318,-0.2172014120247634,11.725463899062246,14.06809657033609,1.75922545,16.47387137994345,14.283233078413188,0.1030466282054819,16.22658450452395,2.502879952142857,17.53658113422703,-0.0014692469999999,0.1111728742999999,0.0023176069999999,-0.0169381595646173,0.0785740003799381,-0.0955121599445554,0.0184478460909143,0.0167517442458061,0.0351995903367204,0.3149583859582224,9.69174351917145,0.5849447387052655,1.1580717604108202,0.9826824047570972,8,12.772933092705376,1.1316894168817635,0.7096714478209915,0.3184261265832051
Gm28379,30750.0,0.0,0.0,0.0,0.0,0.0,6,-3.169925001314073,-0.0047774429692,0.0,0.0,0.0,0,0.0,0.0,0.0,0.0,0.0,14.01781906613983,1.60472445,16.54980530209787,14.565935077540978,0.0882712683738639,15.914081422394007,1.5662137876923077,18.201760195588864,-1.4629500000000116e-05,0.213936824,0.0085012405,-0.029731618027956,-0.0011951072592847,-0.0285365107686712,0.0812352570034515,0.061199644814274,0.1424349018177256,0.0,0.0,0.0,0.0,0.0,0,0.0,0.0,0.0,0.0
Camk2b,96718.0,0.0466694821928387,-0.0167595092489492,-0.0176993320932551,0.0746998094481163,0.0289701500995835,3,-0.9385994553301068,0.077514246431987,0.0,0.0,0.3715274330308385,8,4.72052878712096,-1.052741283800929,-0.8618295625547144,-0.1909117212462145,14.705204343173778,14.406064284349087,0.66457813,16.321710230788625,15.676067259097657,0.0784155448554646,17.281223715700573,1.0137690477272727,17.675088707542816,-0.0003101135,0.141416764,0.0014401353999999,0.0074288402445047,0.0098816476082057,-0.0024528073637009,0.1750350280234291,-0.1156781625242462,0.0593568654991829,0.1601945896018896,11.119589620741188,0.3271730133649453,0.4097392061350131,0.4136614213558554,6,15.203577420971964,1.9816512238672208,0.203944882862427,0.2063158756746722
Kif5a,37652.0,0.373694435036065,0.2387567408585377,-0.1349376941775273,0.2387567408585377,0.2387567408585377,8,-0.0931094043908804,0.1027494825616141,0.0,0.0,0.6130190958472332,3,5.138228411941886,-1.1054618524061397,-0.7773274708390217,-0.328134381567118,11.8733502206374,14.19386823421408,0.92425483,16.437612252554658,14.682994583681683,0.0652888206604335,16.84097456982188,1.0693777765267445,17.28771237954945,4.4462999999999794e-05,0.06020031,0.003574436,-0.0369901587188876,0.0054630640238328,-0.0424532227427204,0.1421592340110185,-0.0248573500384823,0.1173018839725361,-0.046368837743918,10.949826710759185,0.5757384640482366,0.4766794890135462,0.0063212995468542,2,14.304850388421514,2.372359993516464,0.2179636283281175,0.3658794789823614
Tiam2,204771.0,0.0,0.0,0.0,0.0,0.0,7,-0.9999999999278651,-0.1484244963974961,0.0,0.0,0.4844107764635749,3,5.055518469072254,-0.1633399791895584,-1.3297508543007115,1.166410875111153,15.232685849982436,14.360132879387532,0.37268023,15.8634520329979,15.337238600367169,0.0575329556371199,15.94708897502536,0.5967668038464286,16.654747895704457,0.0005975959999999,0.14265313,0.003433539,0.0308249956710988,0.0495565434407328,-0.0187315477696339,0.1426933556721117,0.0377088568611428,0.1804022125332546,-0.3969868458399496,13.496229639355006,1.3121802987874824,0.494213118807786,0.8973919578675864,8,16.149608208970452,0.8774245681579452,-0.4676366599463084,0.5884566611442881
Adamts18,151612.0,0.0,0.0,0.0,0.0,0.0,4,-1.5849625006249766,-0.2352488398396356,0.0,0.0,0.7403803484490864,1,5.85798099513006,-0.5370280235695315,-0.3719687773226667,-0.1650592462468648,15.300924490976303,14.30485015254802,1.5063307,16.45595155956359,16.373035050926966,0.0916869599867663,16.18272203588328,1.7588717509347829,21.30689108876064,-0.00083916,0.146498953,0.0034615125999999,0.0159154176905877,-0.0278116281705877,0.0437270458611754,-0.0727384218170599,0.1374104374540293,0.0646720156369694,-0.1755451685362503,11.029287226968314,0.1911114638027156,-0.0876577494749515,-0.0574138316769365,6,15.864839040856504,2.181045174918344,-0.2140075051001405,0.0950594340839237
Cntnap4,312674.0,-0.076129445368528,-0.0227569964709487,0.0533724488975793,-0.0227569964709487,-0.0227569964709487,2,-0.4150374992668215,-0.0974617767043988,0.0,0.0,0.0720551734591409,1,2.807354922078214,0.8322725541076863,0.4893848406591131,0.3428877134485731,14.477884724351751,15.364454204552496,1.3086146,17.72336818521563,17.329629933872845,0.0959582188126354,17.950635629442544,1.5954684864479811,19.541939806906303,-0.0001460793,0.24953194,0.0031714283,-0.0052145304768251,-0.0178779114304191,0.0126633809535939,-0.056160979887566,-0.0102679392249838,-0.0664289191125498,0.3816267695906688,11.717248005827688,0.7227581499127321,1.072289233837024,1.4723269981857052,5,16.954400811003325,2.114344270003689,0.4240929263335204,0.6989522545809329
Immp2l,931498.0,-0.1385294703279276,0.0,0.0,0.0,0.0,13,0.0,-0.2362307495597303,-0.3060741356920164,-0.3615362975252543,0.2228369274974398,2,7.247427792246805,0.4230766032283526,0.3890673915178564,0.0340092117104962,17.607863630045664,17.02585882224842,1.2862221,19.00011925214553,18.487730144700677,0.1050358810531603,19.802626799563267,1.6877051072051577,21.09527467411464,5.244709999999999e-05,0.32401209,0.00253657573,-0.0029851485326621,-0.0043716871561322,0.0013865386234701,-0.0100007636574986,0.0216546521272536,0.0116538884697549,-0.3648997039605332,10.733015321686048,0.4213053283975518,0.1336897786094562,0.8035329067472552,20,18.822723302654147,2.3961007907002108,-0.5879156251747892,0.7998631528967767
Gabbr2,329568.0,0.0,0.0,0.0,0.0,0.0,3,0.0,-0.2296417926983661,-0.2337544135560865,-0.0528736856978242,0.6283264962133515,9,5.152934137025787,-0.4321047501672371,-0.2577792453319368,-0.1743255048353003,15.880575828485364,15.166031851058143,0.95039165,16.248941253150463,17.134436347815086,0.0661034695788987,16.457637380991763,1.189690459778199,17.78880115886859,-0.0003553074999999,0.13900297,0.004898081,-0.0196670246248782,-0.0124272327787398,-0.0072397918461384,0.0737637317010373,-0.0797986063391914,-0.0060348746381541,0.0201135509718875,11.786678033890691,0.6352953087167297,0.7047801047145008,0.5758216298967156,25,17.345006676270643,1.7696890162256034,0.0308430383885229,0.3406588211535394
Kcnq2,59721.0,-0.0349068762749683,-0.2945986479964548,0.0303506620698939,0.1703144998419003,0.0096251778382997,4,-2.222392421298663,0.1967610170492291,0.0,0.0,0.6279036916122551,1,6.629356620081067,-0.9772799232780732,-0.8826430491555235,-0.0946368741225498,14.533025488216712,13.851991057041884,1.5143601,17.174312510212662,14.003254366050772,0.0815128752794727,17.261856187658843,2.042030659413793,18.145693374677023,-0.0005397143999999,0.19480498,0.0056809899999999,-0.0364129733690433,0.0153159079914492,-0.0517288813604925,0.1613387275660799,-0.1151788614120138,0.046159866154066,0.3669203277679623,12.814382188951592,0.0827542857154428,0.4009119814007007,0.8188645605330533,4,14.081566655296768,0.5869699124989812,0.1308044501099033,0.1906908144240104
Mapt,100700.0,0.0,0.0,0.0,0.0,0.0,4,-0.9999999999855732,0.2939033777963946,0.0,0.0,0.8727316141356256,1,4.906890595613327,-1.3048545810232757,-0.999999999575678,-0.3048545814475976,13.70184791253391,0.0,0.0,0.0,0.0,0.0,0.0,0.0,0.0,0.0,0.0,0.0,-0.0096190538103099,-0.0146366679923225,0.0050176141820126,0.0829085434772096,-0.0383580976222472,0.0445504458549623,-0.1099137487723014,10.726218159332284,0.9206975275588114,0.3677451174521725,0.1009447220704382,4,15.500157208601191,2.208556695317891,0.2474728855441805,0.1164896946836213
Celf4,276525.0,0.0,0.0,0.0,0.0,0.0,3,-2.8073549220266893,-0.228181426467029,0.2541751940806678,-0.3605417067269147,0.2008410884926396,2,4.583709072921891,-1.6609640452963366,-1.5882943637780458,-0.0726696815182907,15.780237004444032,15.267124213364667,1.0281801499999998,19.45351434996393,17.155440848722385,0.0792660858266992,20.65231457587771,1.2956578720714584,22.094434051388102,-0.0001066073,0.178243128,0.0025156884,0.0405777824061083,0.0042822586836185,0.0362955237224897,0.0976485827968289,-0.1224239435835246,-0.0247753607866956,-0.0682061566400292,9.481799431665952,0.3895534277098496,0.2108762688547982,0.6634537161195997,19,17.094943636732122,2.3150750777939613,-0.1582200491432016,0.2198848642196195
Syt7,64090.0,-0.0106521071974435,0.138656442681924,0.1493085498793676,0.295101487508793,0.2168789650953585,2,0.0,0.0,0.0,0.0,0.0095313624414386,1,6.61470984411668,-1.857980993821684,-0.8073549212847317,-1.0506260725369525,9.34207466799936,14.623779679507388,0.2025853,16.4469818059762,15.389026280635749,0.0380627149172069,16.448008871744797,0.24130233175,16.92207331124603,0.00087052685,0.01930164,0.004414787,0.0024580352730735,0.009738043839557,-0.0072800085664834,0.0721418022284992,0.0204996889517525,0.0926414911802517,-0.0374126858058376,10.722807531169632,0.685921381805799,0.5999185595950061,0.1639754307922576,5,13.44992241586377,1.302379444863525,0.2496051590294462,0.229705799721248
Pcsk2os2,48382.0,-0.0316759155824611,-0.0117941120577155,0.0198818035247456,-0.0117941120577155,-0.0117941120577155,6,-1.5849625006249766,-0.0420471673417697,0.0,0.0,0.0,0,0.0,0.0,0.0,0.0,0.0,0.0,0.0,0.0,0.0,0.0,0.0,0.0,0.0,0.0,0.0,0.0,-0.0001156017558,-0.0074291347414525,0.0073135329856524,0.0556458101795676,0.0762325769566947,0.1318783871362623,0.1480807654761253,10.450180247164855,0.0682547160213682,0.2937445360237394,0.2254898200023711,2,11.06002035450792,0.431222075341811,0.0382635763993939,0.3613046380288424
Usp7,102713.0,0.0,0.0,0.0,0.0,0.0,5,-0.9999999999639329,0.1930905111795513,0.0,0.0,0.429966358363086,3,4.095134072970306,-0.6275141392748204,-0.2583111481699418,-0.3692029911048785,14.420897200161503,14.440076709749952,1.21163825,16.213908754872428,15.92937400456996,0.1103801145401531,15.72182375350594,1.638633305576923,20.210489426049055,-0.00012949695,0.2636866399999999,0.007136223,-0.0063082619916134,-0.0359182093110495,0.0296099473194361,-0.0391556306636229,0.0127888364332766,-0.0263667942303462,0.0651995578749094,13.509403893060366,0.442650230748041,0.4202125373160255,0.5625248072627014,7,15.641769536301767,0.9338969935644998,0.2620541520761663,0.1639665126984745
Pacsin1,55973.0,0.2106551078737697,0.0420205268538265,-0.1686345810199432,0.0420205268538265,0.0420205268538265,5,-0.3625700793801285,0.2278302709469011,0.5820474961542583,0.2862197545037266,0.4719029481349732,1,2.321928094916216,-0.8531586114629677,-0.6605135335573751,-0.1926450779055926,14.779514179143506,14.086652419102403,1.1458787,15.157653000233298,15.014805088599855,0.0718321428091754,15.40490870871275,1.432391630952381,17.025236909757133,-0.0004977089999999,0.17874453,0.0066660805,0.0148262684745904,0.0249929840118685,-0.0101667155372781,0.1514432668843026,0.0503441198961442,0.2017873867804469,0.0125595966081542,10.790348496751996,0.5820474961542583,0.8682672506579849,0.3043726228290171,5,14.787137352760697,2.013023974947429,0.3984614842375063,0.3254165165894822
Nf1,241919.0,0.0,0.0969677748324072,0.0,0.0969677748324072,0.0969677748324072,1,-0.8073549220421463,0.3229677308130023,0.0,0.0,0.6255677682488949,1,3.0000000000180336,-2.5849624967136697,-4.247927508887706,1.6629650121740365,16.490600213019594,15.413838685739565,1.0103375,17.631582347285505,16.77708832693537,0.0776564284804596,18.122555037610763,1.308220600251282,19.627562382434075,-0.0002613763999999,0.222862084,0.0065592554,0.0089519576019222,0.0063349630540082,0.0026169945479139,0.1100355863126383,-0.0820129278008336,0.0280226585118046,-0.0202768163599922,10.693486957499411,1.3708174859486628,1.5312438496576375,0.2176963102867564,8,16.284444583930103,2.461221875196389,0.4042953686076971,0.5274691128015335
Pde4a,47534.0,0.0161951294267428,-0.1476921715284184,-0.0684727994678796,0.0193405319270371,-0.0403203651674959,8,-0.4854268271619979,0.2069128238712106,0.0,0.0,0.0,0,0.0,0.0,0.0,0.0,0.0,14.040127533150182,1.19337923,15.360654536426845,15.105253779700885,0.0692765567458283,14.578831050429358,1.5504410208333337,18.087141663309808,-0.000956936,0.0394046299999999,0.003038077,0.0279175591733955,-0.0209984523788452,0.0489160115522408,0.1487021681997598,-0.0382407725641671,0.1104613956355926,0.0382339339104605,10.230020435705754,0.4479591421834801,0.3770229310587107,0.4839149725830793,4,14.253108815655372,2.1704559865312945,0.2209770486952039,0.1121574577699652
Tom1l2,126191.0,0.0,0.0,0.0,0.0,0.0,3,-1.3219280948657215,0.1298515236961589,0.0,0.0,0.0693135470193792,2,4.459431618645494,-0.9862516954935804,-0.0971474075131491,-0.8891042879804312,13.134334923833634,14.979178283329055,0.94852895,15.855456308241951,16.19277440309923,0.0784991512897265,15.868074975651592,1.1828055475172414,18.45687174799946,9.84549999999999e-05,0.18813018,0.004254311,-0.0008509641904043,-0.0117693025805491,0.0109183383901447,0.0238190847337713,0.0894253103867372,0.1132443951205086,0.1460099202550749,11.06877827798548,0.5377399993155252,0.6552325670238837,0.7033873431099928,9,15.90874443182893,1.6211901925900736,0.1458620145715549,0.2411975206813283
Sdk1,974096.0,0.0,0.0,0.0,0.0,0.0,0,-1.3219280948440812,0.198398375504297,0.0,0.0,0.5853150747302241,9,4.740574004685033,-0.3493960593989299,-0.4676655131432399,0.11826945374431,17.12337378376992,16.756933542481626,1.6989231,17.025593130948227,18.803683387480675,0.0885022089492247,17.147403695287522,1.9483090420699265,18.872674880270605,2.5899900000000108e-05,0.234116126,0.0059778423,0.0039725859716982,0.0063026038338951,-0.0023300178621968,-0.0454305184953964,0.0376351850826949,-0.0077953334127015,0.1695114126262771,10.139551352398922,0.3777990864321733,0.8549324024665752,0.9161617618141892,12,18.52222519625456,3.0746694070308487,0.2466545195929013,0.4122590618915294
R3hdm4,11156.0,-0.0186694428664014,-0.1228463482078829,0.0576372764874804,-0.0744965709212501,-0.0937979159224817,4,-0.9999999999879776,0.1590612995592345,0.4605721387997228,-0.0642578691288093,0.0,0,0.0,0.0,0.0,0.0,0.0,13.742890839569023,0.5499084599999999,16.259526815089,14.139950979846818,0.0487654487198064,16.251717477826617,0.6229535886666666,16.552338882349023,0.0004549425,0.12294106,0.0014995439999999,0.1669158084654296,-0.0072897088722876,0.1742055173377172,0.0605167628314018,0.0088520632737618,0.0693688261051637,-0.0532012319118528,8.503825737996149,0.4869492389048937,0.3963142696709134,0.0312002701672065,3,11.1774195379893,1.3373197422154497,0.2640140201909687,0.1988630778214614
Rrp1,12659.0,0.0544046558355858,-0.0916112582800682,-0.1460159141156541,-0.0916112582800682,-0.0916112582800682,3,-0.4150374992668215,0.1692116704063389,0.0,0.0,0.0,0,0.0,0.0,0.0,0.0,0.0,13.838732146220185,2.15236355,17.47339432516478,14.164435586064617,0.0667653909753136,17.361138745577534,2.8356963382692304,20.26878754859868,-6.185749999999997e-05,0.10466817,0.0070696009999999,0.0434523649913545,0.0169567400192865,0.0264956249720679,0.2754742742920841,-0.1485720874107247,0.1269021868813594,0.0332515341791997,9.62388149001364,0.4267086869233263,0.7303151968473891,0.5229964430908729,3,11.447083226209704,0.9730202890692088,0.3603520875522821,0.3878432051210619
Acap3,15429.0,0.0,0.0,0.0,0.0,0.0,8,-2.754887502132744,0.2498667401742199,0.425135409742694,0.0668296446622225,0.0,0,0.0,0.0,0.0,0.0,0.0,13.762025871173636,0.430956,16.23547546330356,14.274814914450836,0.0398304482261199,16.095067301607052,0.8756797862105262,18.04564769291524,0.0010284556,0.0130932299999999,0.0044530859999999,0.1323575130272,0.1004438458268518,0.0319136672003482,0.1247144139490026,0.0261033837975082,0.1508177977465108,-0.105555859113556,10.25384748498752,0.5384337694791856,0.5959044820195081,0.342846770639265,5,12.385862400641487,0.912826871937535,0.2275944513928012,0.4044025842460119
Akt3,238130.0,0.0,0.0,0.0,0.0,0.0,4,-1.4150374992487875,-0.151012150629619,0.0,0.0,0.0,0,0.0,0.0,0.0,0.0,0.0,15.152044214335206,1.1124295000000002,16.889700615641075,16.875113377400325,0.0925304998136005,16.730371727188775,1.3842124714727444,18.804578516039022,-4.607000000000005e-05,0.28124018,0.004786571,0.0117001708660974,0.0135057334888231,-0.0018055626227256,0.1082524360365878,-0.134618127501797,-0.0263656914652091,0.2544829370152257,10.969386521342354,0.091129182274567,0.5686578113806291,0.8140635742483464,7,16.746461835643565,2.348804804679033,0.1143633906750582,0.2753808641063446
Gpi1,29006.0,0.0334335195624687,0.240027082812065,0.2065935632495962,0.240027082812065,0.240027082812065,6,0.0,0.226178142048632,0.0,0.0,0.0,0,0.0,0.0,0.0,0.0,0.0,13.585079902767108,0.482042,16.658994401298482,13.585079902767108,0.0389893152470958,16.68581644178111,0.9192816121428572,17.047102605614526,0.0010281813,0.07960495,0.0023675465999999,0.018647992494736,0.0132558511446913,0.0053921413500447,0.1443680279669124,0.0395997336876992,0.1839677616546116,0.0,0.0,0.0,0.0,0.0,0,0.0,0.0,0.0,0.0
Sptbn4,91303.0,0.0,0.0,0.0,0.0,0.0,4,-1.1926450779308029,0.2386250816788158,0.4306056460621808,0.549106418472833,0.3226530119723408,5,5.380585415721514,-0.9652657500810624,-0.8183516643718669,-0.1469140857091956,14.523857702728876,14.932486174670473,1.0757329,14.73760216676825,15.763238306868898,0.1010937834492869,14.812077003429318,1.1907281753181818,15.887696611065063,5.0705499999999584e-05,0.1822080559999999,0.0062490959999999,-0.0273889319280841,-0.0069164061734459,-0.0204725257546382,0.1039899049265315,-0.1299401034719753,-0.0259501985454437,0.3641592272064983,9.72792045456337,0.9876983619535612,1.925085076044064,1.1475316635458164,9,15.521907102503263,2.218759152558503,0.6642926444233029,0.5007467871637823
Slc8a2,31237.0,0.0272757691486503,0.0317662020356077,0.0150876466771175,0.1287463264386718,0.0802562642371397,4,-1.7004397181161224,0.2616829881562424,0.0,0.0,0.4193048612938115,1,3.70043971815219,0.0356239097263227,0.4749089551876562,-0.4392850454613334,13.808159772868384,13.988721307509534,1.56164425,16.230248486188728,14.458214343623284,0.1005632248419905,16.116486739188367,2.361564449772727,17.339006166386348,-0.0004424464999999,0.2866835199999999,0.0049583632999999,-0.0224043387045687,-0.0970198519086462,0.0746155132040775,0.0728873151384172,0.0073151736744836,0.0802024888129009,0.0423220255118479,9.19967234483661,0.2326415339195033,0.3102948452857905,0.2589752417085202,5,13.533329732305846,1.8742168174372709,0.0660220855636949,0.1455861936174521
Rasal1,30785.0,0.0340345919032422,-0.1746260312822222,0.2288495521917912,0.7003943194722893,0.2628841440950335,5,-0.4150374992668215,0.1254103144712074,0.0,0.0,0.0,0,0.0,0.0,0.0,0.0,0.0,14.024881207159677,0.992813,16.12880601176326,14.501090770274512,0.0655994976298667,15.654831790394732,1.417331506086957,18.93615193666796,-2.1428999999999893e-05,0.130642506,0.003611148,0.0810171354077828,0.0173630980144872,0.0636540373932956,-0.0091509094717108,0.0122010362501481,0.0030501267784373,0.0971755002662193,10.812979471251564,0.3655207566693299,0.522018384537053,0.3479307565047969,5,13.227315099905509,1.147810471482941,0.3543714683331227,0.1206863546858053
Cnih3,108013.0,0.0,0.0,0.0,0.0,0.0,4,-0.628031222608413,0.0935517463992525,0.0,0.0,0.8804870863203378,1,5.209453365632849,0.4671260103686149,0.0788554207026171,0.3882705896659977,13.708545071351036,14.188140964617958,0.9492568,15.88665222657736,15.264882379239577,0.0859471137891025,16.052971290198887,1.188717862362903,17.414668721346384,0.0001807818499999,0.23843129,0.0043368183999999,0.0020792449204085,-0.0499495954526191,0.0520288403730276,0.0783670623425599,0.0016384691287488,0.0800055314713088,0.0803352614198083,11.055282435501258,0.7712729782290406,0.9403238936701857,0.7599708714564202,15,15.748952790323704,1.4615360364832617,0.1366113315189286,0.5228223849892545
Crocc,43913.0,0.1011928160842282,0.0,0.0,0.0,0.0,3,-1.1375035237341966,0.1380137737762766,0.4169017440258427,0.2652756520850522,0.3172416671884457,3,6.524179134985062,-1.204681780140178,-0.9840793250075772,-0.2206024551326008,13.753299442327616,14.229682211829047,1.9144969,15.2647023879331,14.99036992294036,0.0674298804218721,15.36108705626634,1.78424160875,15.985930857773862,-0.0011889965,0.08360055,0.002661039,-0.0221448197776317,0.0140250986192088,-0.0361699183968406,0.127777029880937,-0.1633197078392342,-0.0355426779582972,0.1338412925506728,10.702172685365634,0.6447556379719894,1.0584170593332851,0.6266551446974593,7,14.12258536873862,1.2987207479917453,0.4458963630905873,0.3296019676965734
Tmem132b,260809.0,0.0,0.0,0.0,0.0,0.0,0,0.0,0.0,0.6659804613803397,0.2168836805686922,0.6160798915444716,2,5.141544176517964,-0.6076416729419515,-0.6128563897164769,0.0052147167745254,15.620221106165374,14.372827321274617,1.081193,18.36312494841524,16.99065798996276,0.0919251195409611,18.84485897888344,1.6954686776891703,21.49969360693789,-6.81783e-05,0.2593619,0.005545402,-0.0130383947197336,-0.0135489258431939,0.0005105311234603,0.0912329800573745,-0.0859345332476353,0.0052984468097392,0.1335247631003443,12.184565452446186,0.7954437684952902,1.1370457014278648,0.3416019329325745,5,16.32834184059799,1.646101588131237,0.2042804783937694,0.6641651140220205
Brinp2,111057.0,0.0,-0.0116571278844967,0.0,-0.0116571278844967,-0.0116571278844967,2,0.0,-0.0633817507710361,0.0,0.0,0.7226505123547459,1,6.942514505340413,-0.2558389043945991,0.1591985948241324,-0.4150374992187316,14.9617661988353,14.326401436428815,0.916252185,17.601796545094977,16.026069503125107,0.0876798546032697,18.060379294274156,1.195745501353125,19.57016145158055,0.0002804158999999,0.203041824,0.0036006486,0.01364261358486,-0.0007750624835019,0.014417676068362,0.1050695582198155,-0.1316700102285692,-0.0266004520087537,0.0036068219392321,11.103287808412087,0.5124385609382515,0.6599258689406505,0.1736274454707969,6,15.549453791835914,1.971901826959888,0.0447939841995598,0.3436407421846905
Nrxn2,125438.0,0.0,0.0,0.0,0.0,0.0,0,-0.8073549220421463,0.055055218268591,0.5507703556771175,0.3709911492268802,0.4068681530926003,10,4.704836478472503,-0.5699008214870263,-0.4337356575374839,-0.1361651639495425,13.735257551427974,15.35122806527313,1.16929795,16.60804557986466,16.160915304973134,0.0695786256408868,15.987748124910368,1.8415550218529413,18.78136611751897,-0.0007047834999999,0.0542654499999999,0.0036917469999999,0.0257776921100147,-0.0221626702779509,0.0479403623879657,-0.0344060215210676,0.0436383395456436,0.009232318024576,0.1242974628140918,10.733015321686048,1.0223904760553388,1.33743545756818,0.5880598993871433,10,15.804811662580269,1.7447146994783904,0.4331955281528783,0.3329926169826441
Col6a1,17376.0,0.4446959232610951,0.0544873546176485,0.1280158807343643,0.5727118039954594,0.3135995793065539,5,-1.3219280948440812,0.1700114358352046,0.0,0.0,0.0,0,0.0,0.0,0.0,0.0,0.0,13.97984909751989,0.927231065,17.693432845946276,14.149111990706889,0.1001224752950381,17.86852725322842,1.2482785802777778,18.7751472766595,-0.0005021899,0.1663015,0.0063180919999999,-0.029421314472443,-0.0029294959271192,-0.0264918185453238,-0.053673856071692,0.1679920279633222,0.1143181718916301,-0.1847091223301489,11.201511344500206,0.1601368170283135,-0.0245723053018354,-0.1847091223301489,1,11.201511344500206,0.0,-0.0245723053018354,0.0
Odf2,42525.0,-0.0634511879874253,0.0,0.0,0.0,0.0,3,0.4150374992768402,0.2348687809035807,0.0,0.0,0.0,0,0.0,0.0,0.0,0.0,0.0,14.258966142837338,1.288542,16.286943687348458,15.000484221874345,0.074503332736289,16.3406514788321,1.6837768585612902,18.622119758860816,-0.0001543317,0.198526428,0.0069501044999999,0.0457428527794132,0.0150064889849913,0.0307363637944218,0.030303698624414,-0.0151013080342445,0.0152023905901694,0.0296609109373542,10.652844973002068,0.2870548667606991,0.4248890245725656,0.4742382748601592,3,11.524051918717872,0.4356436036138499,0.1503620477815953,0.2530216842254144
Ephb6,15027.0,-0.0608390770963352,-0.0154105488974602,0.045428528198875,-0.0154105488974602,-0.0154105488974602,4,-2.3219280947719465,-0.2787325215035701,0.0,0.0,0.0,0,0.0,0.0,0.0,0.0,0.0,13.796804112367935,1.471542,18.956553293567527,14.011751395316717,0.099824582827362,19.320023348792947,1.6964544751612902,20.675714161222785,-0.0003603821499999,0.24212477,0.0029535174,0.0336549068158665,0.0626360339419647,-0.0289811271260982,0.1269556731844464,-4.184515089289409e-05,0.1269138280335535,0.1750323796209314,9.601770788407896,0.0361425308696805,0.0275548161962371,0.3586524739153063,2,10.721953612801473,0.7920888712973974,-0.01667966808447,0.0625570075943556
Ndrg4,38139.0,0.0,0.0,0.0,0.0,0.0,6,-1.222392421308968,0.0594410890814326,0.0,0.0,0.0,0,0.0,0.0,0.0,0.0,0.0,14.280841760544751,0.75064796,17.27362332786875,14.72701636032312,0.0852182464842422,17.66525957181229,1.1561362428607596,18.41699539649441,7.862159999999984e-05,0.15639417,0.0064422094999999,-0.021428131217801,0.0063586619694691,-0.0277867931872701,0.0309580279380301,0.0054998779468802,0.0364579058849103,0.0393782884471547,9.753216749179122,0.2519666691913835,0.2315407338742634,0.4069550988141186,4,13.86544331103954,2.1598624889345146,0.0384883649018434,0.1480842000871588
Camta2,18642.0,-0.0013528612187619,0.0068828026174543,0.0466832647870247,0.0068828026174543,0.0068828026174543,3,0.0,-0.0131728833201751,0.0,0.0,0.0,0,0.0,0.0,0.0,0.0,0.0,13.922534832324954,0.9746449,16.203371265760786,14.295266715687722,0.0661867939616305,16.039561681954382,1.4082731311764705,17.98815209769054,0.0001493739999999,0.07267778,0.000955385,0.0187281354526415,0.0527374756484919,-0.0340093401958504,0.0894769622512032,-0.0377048246728425,0.0517721375783607,-0.0242357163661171,10.221587121264928,0.8298823643947646,0.6796891237660267,0.1551004921167802,3,13.013671614058657,1.4694278011682729,0.3177356082569103,0.3429234532127568
AY036118,0.0,0.0,0.0,0.0,0.0,0.0,1,0.0,0.0,0.0,0.0,0.0,0,0.0,0.0,0.0,0.0,0.0,0.0,0.0,0.0,0.0,0.0,0.0,0.0,0.0,0.0,0.0,0.0,0.0,0.0,0.0,0.0,0.0,0.0,0.0,0.0,0.0,0.0,0.0,0,0.0,0.0,0.0,0.0
Dlg4,30580.0,-0.2618377521369571,-0.1871041635322713,0.1920890933968425,0.047606846052042,-0.0697486587401146,4,-1.222392421308968,0.2495616665898283,0.0,0.0,0.0,0,0.0,0.0,0.0,0.0,0.0,14.076499559101055,0.7711388,18.403360747641965,14.604726953570896,0.0997734388568433,18.69688604642737,1.3413019053846154,19.44745457420864,-0.0003301714999999,0.258546845,0.0012400938,0.0674045229326626,0.01337729381073,0.0540272291219325,0.0591256101524477,0.0669917828133963,0.1261173929658441,0.1034637291051541,12.446307931050372,0.3101433129822757,0.5471543682453619,0.5054938622349756,5,13.812077003429328,0.6349072446169832,0.2324156304860411,0.3556314455932305
Prkcb,345651.0,0.0154449413865202,-0.0204524513357035,0.0232377686991208,-0.0204524513357035,-0.0204524513357035,1,0.0,0.0,0.1022954240689077,0.4380751984420423,0.4217728535024925,10,4.530283366172885,-0.8588505001121884,-0.7775849288119208,-0.0812655713002677,16.06610568405349,15.883950964629893,1.00772305,16.38823372534622,17.483445799950182,0.0955273527765203,16.56860932199257,1.5576982846308902,18.2271599529545,-6.464589999999998e-05,0.27506724,0.0065850909999999,-0.013877581788811,-0.0056278276832019,-0.008249754105609,-0.0029530115495395,-0.0734524085622239,-0.0764054201117634,0.1336451812948282,11.048486873992404,0.9520616984855508,0.995327252104657,0.949547930354633,17,17.37143634594246,2.064039061390968,0.2619338919581037,0.3884021009296625
Svop,64660.0,0.0,0.0,0.0,0.0,0.0,4,-1.415037499263816,0.4982756206571427,-1.9901132688360927,3.487696900311756,0.2893096417127876,1,4.700439718146641,-0.4854268270328423,0.7369655938456072,-1.2223924208784496,14.277868546176848,14.214477365485171,0.95729566,16.631838653672627,15.152839374630144,0.0693456409883426,16.457637380991763,1.1058158128088889,19.37517522079979,9.442710000000026e-05,0.1597157,0.006145629,0.0006661085942538,0.0287259095099114,-0.0280598009156575,0.1657184990993321,-0.1853268784665058,-0.0196083793671737,0.5694718757590113,7.303780748178016,0.6110477624908839,1.4975836314756623,3.487696900311756,6,13.39057203747152,2.091875989593086,0.5315724625962733,0.4850557424479694
Nrg3os,60492.0,0.0,0.1165697728777842,0.0,0.1165697728777842,0.1165697728777842,11,-1.5849625006249766,-0.1230555623703237,0.0,0.0,0.0,0,0.0,0.0,0.0,0.0,0.0,14.461405092190642,0.8462679,19.489979900007523,15.0403753485321,0.0403537801068562,18.95563855697516,0.7800113328571429,20.871481157525032,0.0003032184999999,0.01221235,0.0007626146999999,-0.0130570706786221,0.0094467685009172,-0.0225038391795394,-0.0048111389078159,0.0298815398835453,0.0250704009757293,-0.4379992373887235,13.569618303446653,0.1026062208127807,-0.1659920598866575,-0.2685982806994382,2,13.633449374713503,0.0451353833431918,-0.5952821825370225,0.6071079136449554
Klhdc3,6364.0,0.0,0.0,0.0,0.0,0.0,9,-1.2223924213227084,0.2600934902476052,0.0,0.0,0.0,0,0.0,0.0,0.0,0.0,0.0,13.631048802260812,2.1020567,16.66205396758667,13.658434654697617,0.1304780191663351,16.522520232576618,2.00309305,17.609640474436812,-0.001077805,0.1405478949999999,0.003572,0.1079261831342505,0.0080174535290739,0.0999087296051766,0.1458624775527524,-0.0594608988518094,0.0864015787009429,-0.0255291709341666,10.59432460392494,0.4476683055633015,0.5267686385896231,0.0791003330263215,4,11.42364119507591,0.3889615039753359,0.2127326321465366,0.2152708718708201
Csnk1g2,17911.0,0.1249677527697351,-0.152881801211558,-0.0119249561708751,0.2408608441639813,0.1852087922239059,2,-0.5305147166938475,0.0706506238941508,0.0,0.0,0.5821472420535674,1,5.930737337565251,-2.155278224460797,-1.5849624998467955,-0.570315724614002,13.16569215232013,13.755658049601282,0.88864744,16.258852164752938,14.230320715661112,0.1013153350377781,16.095067301607052,1.2651104722666668,17.609640474436812,0.0001947319999999,0.184628188,0.004816631,0.0059196164055904,-0.000331668005134,0.0062512844107245,0.0482159620986344,-0.0092362788684354,0.0389796832301989,-0.0539591055064254,10.447083226209756,0.2896792104228201,0.1820709186805746,0.0892938835231742,2,10.921097088106867,0.3351784161238704,0.1372690172836848,0.0633594565755837
Dctn1,34197.0,0.0,0.0,0.0,0.0,0.0,5,-0.5305147166938475,-0.0959292086037692,0.0,0.0,0.6234521035683431,2,5.060118938681738,-1.1315172025685991,-0.8720805475003709,-0.2594366550682282,13.514086217845222,14.170206941852534,1.1205994,17.27150941760562,14.67065624911844,0.0852851752934733,17.11352852915345,1.3318654569588888,19.08411805217109,0.00029966925,0.2203524975,0.0066469165,0.0087280897868827,-0.0114469276002444,0.0201750173871271,0.0958734205144766,-0.1918782323183738,-0.0960048118038972,-0.0117205849375323,10.002815015607196,0.4146358546292874,0.5951556135474932,0.5625248072567183,8,13.992495832392487,1.6316745714121466,0.0825288130374541,0.2642015387251955
Eif4g1,24571.0,0.0055674891382658,-0.0236723863994591,0.1196665440572426,0.2300208159528136,0.1173258767057475,5,-1.8744691178811663,-0.0235582412384661,0.0,0.0,0.6510972664589969,2,5.953445297806663,-1.6824321038472738,-1.4584373409747615,-0.223994762872512,12.410139351408514,14.028893013316448,1.2339877,16.996377773999868,14.531807869846004,0.0979048845685349,17.12187747621796,1.5520896650000002,18.96079385709649,0.0004492869999999,0.20070778,0.0061356169999999,0.0624867915508862,0.0280306835480629,0.0344561080028232,0.2802343146862477,-0.0639254125323486,0.216308902153899,-0.0960001889754055,10.246740598493265,0.6727700141534569,0.224051657602208,0.2552434883622161,4,12.722380635163823,1.2375238984512862,0.1695911984924997,0.1037097472435274
Ptms,6422.0,-0.1610714596892026,-0.0158439019017844,0.196991269260145,0.1402740284918329,0.1168808688101617,6,-1.4150374992487875,0.1502196381138993,0.0,0.0,0.0,0,0.0,0.0,0.0,0.0,0.0,13.511876166891112,2.8771803,16.356574113017388,13.511876166891112,0.0671000579829208,16.359515209629386,3.1012604716666665,16.609640474436812,0.002044759,0.16287922,0.004450668,0.1455962837408242,0.0091694215020703,0.1364268622387539,0.0415822682165035,0.0939973311624234,0.135579599378927,-0.0362434929592678,11.463524373271232,0.290647137357702,0.2544036443984341,-0.0362434929592678,1,11.463524373271232,0.0,0.2544036443984341,0.0
Tbc1d24,30131.0,-0.0052143503307059,-0.0653711863417944,0.0087223729475832,0.0172255841218804,0.0017590787817997,5,-0.4854268271619979,0.0895643382806043,0.0,0.0,0.6023556297793794,1,5.087462841254583,-0.4493074012893449,-0.509013647405375,0.05970624611603,13.728345714710986,14.169244515593745,0.7840378,17.21609612232399,14.697456308462154,0.0673768549293701,17.381913216753247,0.973521411,17.84762629367073,0.000301774,0.1241291,0.003450883,0.0339566082852644,0.0220764490013937,0.0118801592838707,0.1296576405341544,-0.0350181142734621,0.0946395262606922,0.0536480964489444,10.236014191900203,0.4148448651410588,0.6042817211274558,0.2267909128724068,4,13.043198208900243,1.2245631331225584,0.3955349763323762,0.1718728150286738
Xist,22888.0,-0.2869005904051858,-0.0686920612382042,0.2296079709278696,-0.0458931777164279,-0.0572926194773161,6,-0.5305147166938475,8.534895594544678e-05,0.0,0.0,0.9244840175843828,1,7.546894459888408,-0.1332665308429326,-0.5693656455942596,0.436099114751327,10.985130373466973,0.0,0.0,0.0,0.0,0.0,0.0,0.0,0.0,0.0,0.0,0.0,-0.0123656671001271,0.0080261988854332,-0.0203918659855604,-0.0249757828471286,0.1229082077664182,0.0979324249192895,0.0,0.0,0.0,0.0,0.0,0,0.0,0.0,0.0,0.0
Trim46,12132.0,-0.0505738961048765,-0.036481116052183,0.2210842639205333,0.4539838085113309,0.1462735915199307,9,-0.9999999999909832,0.0598729756463093,0.0,0.0,0.0,0,0.0,0.0,0.0,0.0,0.0,13.812313009138244,0.972668625,17.59976051371913,14.12145257392032,0.0865722080029832,17.637425036272276,1.12053244375,19.456663233027225,0.0004257842999999,0.122716884,0.004247476,-0.0283306202331411,-0.0095898508400145,-0.0187407693931266,0.0351645572444689,0.0062494801986801,0.041414037443149,0.0,0.0,0.0,0.0,0.0,0,0.0,0.0,0.0,0.0
Plec,61600.0,0.1476689854211412,0.0,0.0,0.0,0.0,4,-0.8845227825749773,0.104688776261258,-0.7172185855367905,1.3721942960879194,0.5229161585365854,10,5.662429792663949,-1.0557551487684165,-0.7503581845668229,-0.3053969642015931,14.25194984081338,14.6916496937372,1.1165112,16.703289217047505,15.324250879100944,0.0798396778564159,16.621880168813778,1.3987760550833332,17.877787378341363,-0.0007199287499999,0.17083078,0.004695141,-0.0224925824484551,0.0242940071280584,-0.0467865895765136,0.083836466921197,-0.0168267499180519,0.067009717003145,0.3894564330504015,10.742309436084083,0.3101834888426351,0.6549757105511289,1.3721942960879194,5,14.90416418274238,2.043500686977826,0.37300946845485,0.1628620554193344
Sv2a,14370.0,-0.1571346361827723,-0.1677983859025151,0.1311793435693745,0.4118190966859067,0.0449662540311608,3,-0.5849625006971113,0.0009720244476834,0.0,0.0,0.0,0,0.0,0.0,0.0,0.0,0.0,0.0,0.0,0.0,0.0,0.0,0.0,0.0,0.0,0.0,0.0,0.0,0.0547446230706901,-0.0079128686381906,0.0626574917088808,0.0769450847315018,0.0400477979853194,0.1169928827168212,0.0111834346534266,7.238404739326034,0.1196015960224876,0.277142568692609,0.1575409726701213,4,11.414685235807267,1.85008598783967,-0.0626792419036234,0.2654450970165748
Rimbp2,195695.0,0.0,0.0,0.0,0.0,0.0,1,0.1699250014403088,0.1180077512196375,0.0,0.0,0.3283661909379691,6,4.984731126095848,-1.2770388285256888,-1.0755233459714135,-0.2015154825542752,15.411462721932454,14.57027173384872,0.561584,15.527519730316063,15.910619309905483,0.0736789346671488,15.313591652572708,0.9987630496634484,21.627562382434075,-0.0002749846499999,0.173175462,0.004399676,-0.0231964428459143,-0.003431245290883,-0.0197651975550313,0.0220959193460015,-0.0554736477135506,-0.0333777283675491,0.0633441274724293,10.769011321097098,1.0234004801990375,0.9646209397128356,0.533955655076386,20,16.487871429177844,1.8654296685769556,0.2419645367061682,0.3258873369473544
Grik5,62497.0,0.0,-0.0064442680022416,0.0,-0.0064442680022416,-0.0064442680022416,5,-0.2630344058289848,0.4167926316753054,0.0,0.0,0.2912532323050093,3,6.248960555384869,-1.0688169585649538,-1.157686321439105,0.0888693628741516,13.621117150791626,14.16152972881258,1.5438521500000002,15.363259026866354,15.208120023581042,0.0757633720877571,14.840500888880689,2.048962761470588,17.227728743558213,-0.001020581,0.01215271,0.002209051,-0.0172899245983644,0.0172995429244345,-0.034589467522799,0.2098832597859816,-0.1853661519975553,0.0245171077884263,0.3046246780752685,8.124121311829704,0.7517810511996443,0.941480362731032,1.0389628511799764,4,14.98761931192433,3.263226088343351,0.5742772545176428,0.2484459778636616
Cck,5870.0,0.0,-0.2713411267445546,0.0412028813060768,0.2871198608525196,0.0078893670539825,5,-0.2630344058289848,0.1346066673286334,0.0,0.0,0.0389294403892944,1,6.022367813030674,-1.280107918586561,-1.747233928896493,0.4671260103099321,8.584962500721533,0.0,0.0,0.0,0.0,0.0,0.0,0.0,0.0,0.0,0.0,0.0,0.1825662907882218,0.1387243840329628,0.043841906755259,0.1341195061496223,-0.0433856611915489,0.0907338449580733,0.0121195286017465,11.106562940444949,-0.3637328521821641,-0.3516133235804175,0.0121195286017465,1,11.106562940444949,0.0,-0.3516133235804175,0.0
Fgfr2,2960899.0,0.0,0.0,0.0,0.0,0.0,1,-0.4150374992668215,0.3137212202363322,0.558596465787662,0.282385922620056,0.6122035522963851,40,4.647320237215604,-0.6833580688271113,-0.4463170232008299,-0.2370410456262813,19.00292165024977,18.978684729442683,1.0065068,17.71973532626249,20.467172671859164,0.0862218657390618,17.811274335606463,1.3702805191351353,20.29994805061953,-1.5104099999999976e-05,0.2695116939999999,0.0059758862999999,-0.0015934207637215,0.0058431299871259,-0.0074365507508475,-0.0264489492387469,0.0213374077453876,-0.0051115414933592,0.0433115222612004,11.016808287686624,1.85549418375644,1.9712986384453004,1.2771225883238722,73,20.47365224678396,1.608922626801904,0.3496755895947829,0.4506504824526763
Rasgef1a,80108.0,0.0,0.0,0.0,0.0,0.0,2,0.0,-0.074049104082194,-0.2427762680457457,0.6014852832222783,0.4757724357875244,1,2.807354922078214,-0.7104933826775042,-0.5405683812602387,-0.1699250014172655,13.760096169244102,14.024304919769744,0.535789,16.78384837183863,14.523194374830966,0.0652410767053102,17.082336186955104,0.8401368268108108,18.160088071555464,-0.0017960589999999,0.0850851099999999,0.0041251479999999,0.0055761676884049,-0.0303758860637144,0.0359520537521194,0.0482652390739286,-0.0771341755486707,-0.028868936474742,0.0390809338254752,10.204571144249329,0.4788599689804593,0.3587090151765326,0.6014852832222783,4,13.588363287192124,1.498072330615051,0.1166260652783363,0.2197131147580111
Mbd5,375897.0,-0.0260247775795648,0.0,0.0,0.0,0.0,4,0.3219280948837557,0.0056179452043349,0.0,0.0,0.0,0,0.0,0.0,0.0,0.0,0.0,14.806889593902348,1.3868358,16.165913117182015,17.034927891668424,0.1167262264799195,16.228330195419613,1.7931090581679388,18.684940338873297,0.000431346,0.29372495,0.0049474279999999,-0.0020029870245106,0.0006036184518615,-0.0026066054763722,0.087463232930691,-0.047412432907665,0.0400508000230259,-0.0553254258573379,10.022367813028591,0.1863104775398449,0.189407876212394,0.1254077745355553,5,13.537703747907656,1.6302588060303866,-0.1335299536213411,0.2775315570718183
Meg3,30725.0,0.021065973359276,0.1790747443913465,0.3665396003647773,0.7732483858065298,0.2990495823491686,6,-0.9999999999278651,0.0844593958898866,0.0,0.0,0.7101511879049676,1,6.10852445678026,-0.8898170820542541,-0.934904971575746,0.0450878895214919,13.297059551808715,13.959543876067077,0.724548575,17.886950011215543,14.534181274578224,0.087410003899964,17.206753357499046,1.14539421915625,19.667173926639524,-9.347060000000022e-05,0.19705856,0.0030306746,0.1034766368507495,0.0449275295079819,0.0585491073427676,-0.0374807236305711,-0.0054942910507471,-0.0429750146813183,-0.091978626687009,11.903505310423917,0.2033839909029504,0.1114053642159413,-0.091978626687009,1,11.903505310423917,0.0,0.1114053642159413,0.0
Gnao1,159422.0,0.0,0.1068672418758089,0.0,0.1068672418758089,0.1068672418758089,4,-0.415037499274836,-0.1422738999376824,0.0,0.0,0.3151258704458396,2,3.614409345262848,-0.4197676638054852,0.2962878421301707,-0.7160555059356559,15.63922336155608,14.53543642914052,0.6494414500000001,16.244246584274414,15.90566904764538,0.090913069602308,16.62609295343131,1.0417990546633664,18.02069786375564,0.0002223552,0.26723008,0.0052046654,-0.0057055009913545,0.0077591179543101,-0.0134646189456647,0.2062349879374905,0.0085512118341237,0.2147861997716142,-0.167206896535793,10.707359132080969,0.2832676069903379,0.1086733844442102,0.0782290621348611,3,15.831505185085328,2.851346009938475,0.0175089770300648,0.1204475736372771
Sorbs2os,95972.0,0.3905698575734536,0.3759730175377805,-0.014596840035673,0.3759730175377805,0.3759730175377805,6,-0.9999999999759548,-0.0227150138835877,0.0,0.0,0.2485095826831512,2,4.865659515527383,0.1882146554884663,0.2493425304924967,-0.0611278750040304,14.413473406909365,15.04274190154815,1.3001019,17.11881338083242,15.840458316297894,0.0757106692251164,17.068085477000768,1.770723570235294,18.535746192921888,-2.0238099999999717e-05,0.30640004,0.0056790242999999,-0.0129035810691157,0.0090743821589339,-0.0219779632280496,0.1226123049714279,-0.0944962597909609,0.0281160451804669,-0.144693443484039,15.436971745049076,0.2384051561764257,0.0937117126923867,-0.144693443484039,1,15.436971745049076,0.0,0.0937117126923867,0.0
Lrp1,82987.0,0.0,0.0,0.0,0.0,0.0,7,-1.3219280948657215,0.2572456413907029,0.0,0.0,0.4724614022785013,11,4.026912540972374,-0.7777338954169628,-0.4773080734765038,-0.300425821940459,14.274695750303891,14.649144428640646,1.0169839,16.100019088408388,15.697727782606473,0.0892064347310913,15.415477707697994,1.6931246989619049,19.46504022001752,-0.000178891,0.12083761,0.0034949779999999,-0.0348440679686998,-0.0138434649472101,-0.0210006030214897,-0.0180231641512621,-0.0002116009409651,-0.0182347650922273,-0.0190955311337133,11.044394119358522,0.4702360624672668,0.2666589923572227,0.3467961162246129,3,14.767149912284856,2.065015843073899,0.1489569169448414,0.1482993281331983
4930402H24Rik,200206.0,0.0,0.0,0.0,0.0,0.0,1,0.0,0.0,0.0,0.0,0.0617170896055943,1,3.0000000000180336,-0.7224660243290075,-0.6322682153715318,-0.0901978089574757,13.621479571207685,14.978755371769664,1.00297512,15.766470378950055,16.3161754473283,0.1057181882238236,15.970420501909125,1.629804956228261,17.095067301607052,-0.000610108,0.225736697,0.0041977449999999,0.0293737873589628,-0.0121866260762847,0.0415604134352476,0.0762180805426757,-0.068857464959272,0.0073606155834037,-0.1678064427014267,9.972979786066434,0.5828278888164591,0.1294036528613835,0.2651388966565871,6,16.07430874144026,2.761690998832075,-0.0113213717769671,0.1031031674429463
Cacna1a,301607.0,0.057951856299083,0.0,0.0,0.0,0.0,6,-0.8073549220498757,0.0966397470273854,0.0,0.0,0.5855140223450583,3,5.842140941063587,-0.2824493147405546,-0.5218266927942627,0.2393773780537081,15.840991204158142,15.738953127192309,0.95316255,16.50200022851425,17.027128472950476,0.0837091681455371,16.388790911511986,1.346279919768041,18.42881813997958,-0.00011866335,0.183445815,0.00481932,-0.0023688714596447,0.0138827861267555,-0.0162516575864002,0.0006684215267421,0.047018917569824,0.0476873390965661,0.2746868166953234,11.5152070304088,0.5707550565485677,0.7480171985759112,0.890099465254894,12,16.905187191457866,1.8964200830942644,0.2552169831100104,0.3066805153992465
Adra1a,135917.0,0.0,0.0,0.0,0.0,0.0,2,-0.9999999999639329,-0.2444342379353843,0.0,0.0,0.1874553619473442,1,7.3128829552852626,-0.9328858038291914,-1.373458395124778,0.4405725912955868,14.22580994062355,14.46119439598063,0.77320323,15.174378638075115,15.79230734978997,0.0721913006649654,15.229836947243658,0.9555064771052632,16.609640474436812,-0.00042830465,0.14591725,0.004709449,-0.00763137321644,-0.0007092667587159,-0.0069221064577241,-0.0298049845120288,0.0447636528771364,0.0149586683651076,0.0,0.0,0.0,0.0,0.0,0,0.0,0.0,0.0,0.0
Arhgef25,7558.0,0.1230352016025622,-0.0651675011198325,0.0049767443093279,0.2758022861283982,0.1507064993194975,6,-0.2895066171920701,-0.1113872645249625,0.0,0.0,0.5461285008237232,4,4.277069853268262,-0.9631095838719208,-0.9236152161140124,-0.0394943677579084,10.092682392929952,13.432344264512324,0.5791940950000001,16.600099654782262,13.557224349454447,0.0698241848158344,16.436697825732104,1.1167519193636364,18.56355752649958,0.000108126,0.1218973819999999,0.002579347,0.0041601662538927,-0.0343370155076134,0.0384971817615061,-0.062579422080741,-0.0777763239344682,-0.1403557460152093,0.1737374075290479,11.4878400338231,0.2691674099419994,0.6784459569236156,0.7449015497561253,4,12.189515729800224,0.3006102532298411,0.3250400174818199,0.2369235676625075
Pcm1,92592.0,0.0,0.0,0.0,0.0,0.0,5,-1.3219280948440812,0.02062420289848,0.0,0.0,0.9092619524647352,1,6.9886846867733015,-1.3356030313696476,-1.0671141954994243,-0.2684888358702234,13.123151432773591,13.99010418858796,0.9141728,17.059149202694915,14.670988119312954,0.0839556978810753,17.535639892993036,1.4270154170526317,18.145693374677023,-0.0007668865999999,0.1518476099999999,0.0064802189999999,0.0297351969914136,0.0307324996937848,-0.0009973027023712,-0.0654860323528309,-0.1026070932562517,-0.1680931256090826,0.2972359510064337,10.577428828035844,-0.2501928101266579,0.0033817562686802,0.3408973356175293,2,11.007027266894038,0.3037719693037832,0.0003855246969262,0.0042373113247849
Zswim8,16067.0,0.1568445069404527,0.0944749262539168,-0.0003476113323295,0.2843103554329532,0.1604784702905187,1,-0.8744691179052118,0.3509908288402772,0.0,0.0,0.0,0,0.0,0.0,0.0,0.0,0.0,13.895590896293417,0.635646575,17.165749878037726,13.930922097125269,0.0694495045554998,17.235246170078405,0.9506597731,18.24160150280654,-0.00075979385,0.176001127,0.0031697829,-0.0082472194261299,-0.0193359119112415,0.0110886924851115,0.1146574965523077,0.1224625374390917,0.2371200339913994,0.1704726697067381,10.643856189774814,0.5139890125128439,0.6186632369796288,0.262964525423881,3,11.131856960608856,0.2546642258985162,0.4585090409048687,0.2505232872809008
Rpl41,1191.0,0.0410923022839445,0.0994936587265675,-0.1291237615104804,0.1477339630905005,0.123613810908534,2,0.999999999981966,0.1977152408162927,0.0,0.0,0.0,0,0.0,0.0,0.0,0.0,0.0,13.592511788776626,0.9675163,16.089770074799908,13.976027040189834,0.0578939611550861,16.067657103486837,0.94833449625,16.23985953916897,0.000522639,-0.00027046,0.002158988,0.225046877299082,0.0968068109955677,0.1282400663035142,0.0589808951415109,0.0409847327570159,0.0999656278985268,0.0109536322588446,10.512740462803595,0.1752939214040836,0.2763707644545121,0.1010768430504285,2,11.18982455888008,0.4787707557692453,0.144317613666272,0.1867513567988285
Prkar1b,132695.0,0.0,0.0,0.0,0.0,0.0,1,-0.7369655941469699,0.1089430676290472,0.4442930169296988,0.3508764369224969,0.6824682687735469,1,5.044394119362825,-1.0780025117200456,-0.4930400111254418,-0.5849625005946039,15.40557362175178,14.331633164618744,0.8933324,15.766411528949282,16.188704738790182,0.0843360210024191,15.790933887322288,1.217675388362319,17.95051602919749,-0.0004780337,0.221862344,0.003858895,-0.0154065953345017,-0.0089391776057499,-0.0064674177287518,0.076485082818612,-0.0813853509349638,-0.0049002681163518,0.2790508901376597,10.609178738142072,1.0604773653666144,1.5010116482588312,0.977562306481256,18,16.05942896485379,1.828887688572492,0.5099186179929539,0.4256558516332202
Sema6d,577801.0,0.0,0.0,0.0,0.0,0.0,0,0.0,0.0,-1.168775061371974,0.564150527812427,0.9015350609572688,1,3.70043971815219,0.369949609700102,-0.0995356735394645,0.4694852832395666,15.805920168385246,15.67508603958462,1.3786284,17.91871591436083,18.155761998242145,0.0818600610929296,17.960054492784558,1.6763954793795988,20.294389655809013,2.96777e-05,0.226283504,0.00574533,0.0155184865217284,0.0040839665738359,0.0114345199478925,-0.0222531232335749,0.0439043813392179,0.0216512581056429,-0.0387875432590296,13.598634114779804,0.525112390927308,0.2973557895333443,1.2994904011225985,5,18.01782515283392,2.316719331949408,-0.4276121234169195,0.5342059690115205
Celf5,23482.0,0.1298293889373416,-0.0141735083039481,-0.1440028972412897,0.0081594251641231,-0.0030070415699125,3,-0.2630344058313891,0.0520139099565136,0.3187634970849189,-1.2320086003674025,0.0845280547267302,1,3.4594316186504126,0.2451124978087015,0.3755091350475283,-0.1303966372388267,11.18177343880887,13.999677078295404,0.63364789,16.497718919997784,14.47503673690146,0.095972407482204,16.365878134648348,1.0627374766666666,17.49290154955028,-0.0004025281499999,0.12219656,0.0059245339999999,0.0905439760666285,-0.0150904830834632,0.1056344591500918,0.0527959674485867,0.0065678754505427,0.0593638428991294,-0.5598554779106226,9.87036471958356,0.5079542695287671,0.987437495512562,0.8322754173108322,4,13.688687423222548,1.589091270263874,-0.2162011717827794,1.7583117921197062
Eif4enif1,42196.0,0.0015989487105345,-0.0497350833959221,-0.0513340321064566,-0.0497350833959221,-0.0497350833959221,7,-0.2630344058289848,0.1704127764155549,0.0,0.0,0.0,0,0.0,0.0,0.0,0.0,0.0,0.0,0.0,0.0,0.0,0.0,0.0,0.0,0.0,0.0,0.0,0.0,-0.013391383959502,0.0004966667288375,-0.0138880506883396,0.1741234581252264,0.0256699523196023,0.1997934104448288,-0.0573117349860531,10.488844346457435,0.1060867895486912,0.1329689716804252,0.1631179597169081,3,11.35369820904809,0.432826309895823,-0.0049053357091826,0.121255975988638
