gene_name,gene_length.meta,18mo.9mo.activity.log_ratio.mean.5kb-20kb.enhancer_DMR,18mo.2mo.activity.log_ratio.min.5kb-20kb.enhancer_DMR,9mo.2mo.activity.log_ratio.mean.5kb-20kb.enhancer_DMR,18mo.2mo.activity.log_ratio.max.5kb-20kb.enhancer_DMR,18mo.2mo.activity.log_ratio.median.5kb-20kb.enhancer_DMR,18mo.2mo.contact.log_ratio.count.20kb-5Mb.enhancer_peak,9mo.2mo.contact.log_ratio.min.20kb-5Mb.enhancer_peak,9mo.2mo.activity.log_ratio.mean.20kb-5Mb.enhancer_peak,9mo.2mo.log_ratio.DAR,18mo.9mo.log_ratio.DAR,rel_pos.DMR,count.DMR,size.log2.DMR,18mo.2mo.log_ratio.DMR,18mo.9mo.log_ratio.DMR,9mo.2mo.log_ratio.DMR,distance.log2.DMR,min_distance.log.mean.loops,Tanova.median.loops,loop_size.log.mean.loops,min_distance.log.max.loops,18mo.2mo.T.std.loops,loop_size.log.median.loops,Tanova.mean.loops,loop_size.log.max.loops,9mo.2mo.Q.median.loops,18mo.2mo.T.max.loops,18mo.2mo.Q.max.loops,18mo.2mo.log_ratio.mcg_genebody,9mo.2mo.log_ratio.mcg_genebody,18mo.9mo.log_ratio.mcg_genebody,9mo.2mo.log_ratio.mch_genebody,18mo.9mo.log_ratio.mch_genebody,18mo.2mo.log_ratio.mch_genebody,18mo.9mo.log_ratio.mean.atac,log2_distance.min.atac,9mo.2mo.log_ratio.max.atac,18mo.2mo.log_ratio.max.atac,18mo.9mo.log_ratio.max.atac,count.atac,log2_distance.max.atac,log2_distance.std.atac,18mo.2mo.log_ratio.mean.atac,18mo.2mo.log_ratio.std.atac,DEG,pred
Adat1,0.23965105272829532,-0.04698379583656788,0.0,-0.018228679522871973,-0.005333727579563856,0.0,-0.01187232879921794,0.0,0.0075904992967844006,0.0,0.0,0.0,0.0,0.10987920612096787,0.0,-0.004491560067981482,0.0,0.04382031034678221,0.0,0.025825377777218817,0.0,0.0,0.0,0.0,0.02288810908794403,-0.10496593348681926,0.0,0.04485705964267254,0.007126958817243576,0.1801019986718893,0.019746406003832817,-0.08761319696903229,0.011523533537983894,-0.0015252668410539628,-0.02775892408564687,0.0,0.0,0.0,0.0,-0.0065460498631000515,0.0,0.0179329514503479,-0.05035282488912344,0.0,0.0,1.0,0.0
Acaa2,0.1496096883714199,-0.042179970853030685,0.0,0.006433651484549045,0.016590700345113875,0.0,0.031506389416754245,0.0,0.0075904992967844006,0.0,0.0,0.0,0.0,-0.03735231388360262,0.0,0.016590700345113875,0.0,0.016324115609750153,0.0,-0.04963838845491409,0.0,0.0,0.0,0.0,-0.07586110383272171,0.010245327055454254,0.0,-0.12766508668661117,-0.12235751815140247,0.12032025001943111,0.002937786281108856,0.0367514194175601,0.2584186620824039,0.010937577039003372,-0.0444176784902811,0.0,0.0,0.0,0.0,-0.015198140144348145,0.0,0.007196776568889618,-0.11818698339164257,0.0,0.0,1.0,1.0
Mrps18c,0.206393386349082,0.16305786494165658,0.0,0.006969789117574692,0.021475271647796036,0.0,-0.014355797246098518,0.0,-0.0565070504322648,0.0,0.0,0.0,0.0,0.08105968061834573,0.0,-0.0029475863557308912,0.0,0.016324115609750153,0.0,-0.02087830865755677,0.0,0.0,0.0,0.0,-0.07586110383272171,-0.10496593348681926,0.0,-0.12577618032693863,-0.012397726085036993,0.1105636321566999,0.005668778903782368,-0.11828221462666988,0.013547823335975408,0.016844710279256107,-0.050264884526841344,0.0,0.0,0.0,0.0,-0.024327854216098784,0.0,0.007196776568889618,0.019899256192147732,0.0,0.0,1.0,1.0
Chchd1,0.12245927471667528,-0.053885893076658246,0.0,0.023858124166727068,-0.005333727579563856,0.0,-0.000708253625780344,0.0,0.0075904992967844006,0.0,0.0,0.0,0.0,0.06222396597266197,0.0,-0.004491560067981482,0.0,0.008904063072986902,0.0,-0.04963838845491409,0.0,0.0,0.0,0.0,-0.02899947017431259,-0.03257315259426832,0.0,-0.04441595921292901,-0.03357743611559272,0.10754757875576615,-0.02772489661350846,0.15416078090667726,-0.17454280119389295,-0.001722367350012064,-0.02362913839519024,0.0,0.0,0.0,0.0,-0.008811812344938517,0.0,0.004388853921554982,0.09632762931287289,0.0,0.0,1.0,0.0
Oxsr1,0.20694574348628522,-0.04619738813489675,0.0,0.003216825798153877,-0.005333727579563856,0.0,0.00031465249136090277,0.0,0.0075904992967844006,0.0,0.0,0.0,0.0,0.10085838213562966,0.0,-0.004491560067981482,0.0,0.013104092804715037,0.0,0.011068019047379495,0.0,0.0,0.0,0.0,0.010382235050201416,0.19253360610455275,0.0,0.016994599271565675,0.007126958817243576,-0.39137116868048905,0.06698631938546896,-0.01759138822555542,0.05793264355510473,-0.0015252668410539628,-0.015905002001672983,0.0,0.0,0.0,0.0,-0.0032885346468538045,0.0,0.006370916962623596,-0.04985998760908842,0.0,0.0,1.0,1.0
Nle1,0.2683317518979311,-0.023392120711505413,0.0,0.023858124166727068,-0.005333727579563856,0.0,0.002589024994522333,0.0,0.0075904992967844006,0.0,0.0,0.0,0.0,0.10987920612096787,0.0,-0.004491560067981482,0.0,0.04382031034678221,0.0,0.025825377777218817,0.0,0.0,0.0,0.0,0.02288810908794403,-0.05279662739485502,0.0,0.04485705964267254,0.006898606605827809,0.1801019986718893,0.01213571134954691,0.17196036465466022,0.05925997532904148,0.0016283439844846726,-0.02775892408564687,0.0,0.0,0.0,0.0,-0.0065460498631000515,0.0,0.0179329514503479,0.2080588560178876,0.0,0.0,1.0,1.0
Tbc1d2,0.13708207924850285,-0.04342703055590391,0.0,0.006433651484549045,-0.0075795076601207255,0.0,0.010946093406528235,0.0,0.0075904992967844006,0.0,0.0,0.0,0.0,-0.03444293037056923,0.0,-0.004491560067981482,0.0,-0.022484159236773847,0.0,-0.04963838845491409,0.0,0.0,0.0,0.0,-0.07586110383272171,0.09029690537601709,0.0,0.01229624149389565,0.03186722844839096,0.16003525465726853,0.037928380742669104,0.02450237564742565,0.3716767773404717,0.01777885714545846,0.12806565000209957,0.0,0.0,0.0,0.0,-0.0032885346468538045,0.0,0.007196776568889618,-0.05947774510830641,0.0,0.0,1.0,1.0
Ube2i,0.2754007076472044,-0.023392120711505413,0.0,0.023858124166727068,-0.005333727579563856,0.0,0.002589024994522333,0.0,0.0075904992967844006,0.0,0.0,0.0,0.0,0.10987920612096787,0.0,-0.004491560067981482,0.0,0.04382031034678221,0.0,0.025825377777218817,0.0,0.0,0.0,0.0,0.02288810908794403,0.06695723973214626,0.0,0.04485705964267254,0.006898606605827809,0.1801019986718893,0.01919951621443033,0.06141340404748916,0.03592030961066484,0.0016283439844846726,-0.02775892408564687,0.0,0.0,0.0,0.0,-0.0065460498631000515,0.0,0.0179329514503479,0.2080588560178876,0.0,0.0,1.0,1.0
Prmt2,-0.02640237905085087,-0.05778392128646374,0.0,0.006969789117574692,-0.005333727579563856,0.0,-0.0014198333024978637,0.0,0.0075904992967844006,0.0,0.0,0.0,0.0,0.034608366712927816,0.0,-0.004491560067981482,0.0,-0.02226015765219927,0.0,-0.018782092928886412,0.0,0.0,0.0,0.0,0.010382235050201416,0.17049058862030506,0.0,0.012710569351911545,0.00257891483604908,-0.31123847637325525,0.01509072182700038,-0.04650238141417504,0.015395243261009455,-0.01855953587219119,-0.037774046771228316,0.0,0.0,0.0,0.0,-0.0032885346468538045,0.0,0.006370916962623596,-0.050076703131198885,0.0,0.0,1.0,0.0
Gm13830,0.2489302944391966,0.11935054112225771,0.0,0.006433651484549045,-0.005333727579563856,0.0,0.00027724960818886757,0.0,-0.0565070504322648,0.0,0.0,0.0,0.0,0.10987920612096787,0.0,-0.004491560067981482,0.0,0.04382031034678221,0.0,-0.02087830865755677,0.0,0.0,0.0,0.0,-0.07586110383272171,-0.03257315259426832,0.0,0.04485705964267254,-0.12235751815140247,0.14026731854304672,0.015592574216425419,0.07147314570844174,0.06343778301030398,0.0012341426312923432,-0.02775892408564687,0.0,0.0,0.0,0.0,-0.0065460498631000515,0.0,0.007196776568889618,-0.09673958234488964,0.0,0.0,1.0,0.0
Rnf149,0.2600688128173351,-0.04698379583656788,0.0,0.003216825798153877,-0.005333727579563856,0.0,0.00031465249136090277,0.0,0.0075904992967844006,0.0,0.0,0.0,0.0,0.10987920612096787,0.0,-0.004491560067981482,0.0,0.04382031034678221,0.0,0.025825377777218817,0.0,0.0,0.0,0.0,0.02288810908794403,0.19253360610455275,0.0,0.04485705964267254,0.007126958817243576,0.09865606628358364,0.056074545308947565,-0.01418744258582592,0.011523533537983894,-0.0015252668410539628,-0.02775892408564687,0.0,0.0,0.0,0.0,-0.0065460498631000515,0.0,0.0179329514503479,-0.06107557684183121,0.0,0.0,1.0,1.0
Myo9b,0.23296512112021447,-0.04342703055590391,0.0,0.003216825798153877,-0.005333727579563856,0.0,0.00031465249136090277,0.0,0.0075904992967844006,0.0,0.0,0.0,0.0,0.10085838213562966,0.0,-0.004491560067981482,0.0,0.04382031034678221,0.0,-0.04963838845491409,0.0,0.0,0.0,0.0,-0.07586110383272171,0.19253360610455275,0.0,0.04485705964267254,0.007126958817243576,0.06920763947069646,0.056074545308947565,-0.01759138822555542,0.08030602604150772,-0.0015252668410539628,-0.02775892408564687,0.0,0.0,0.0,0.0,-0.0065460498631000515,0.0,0.007196776568889618,-0.03738938920199871,0.0,0.0,1.0,1.0
Nsf,0.2646932851523161,-0.05981598868966102,0.0,0.003216825798153877,-0.005333727579563856,0.0,-0.0013409930281341076,0.0,0.0075904992967844006,0.0,0.0,0.0,0.0,0.10085838213562966,0.0,-0.004491560067981482,0.0,-0.02226015765219927,0.0,-0.018782092928886412,0.0,0.0,0.0,0.0,0.006724856793880463,0.11508403081446886,0.0,0.012017970252782107,0.00417647423222661,-0.22422053134068848,-0.12573568880558014,-0.025029858686029912,-0.04616701126098633,-0.003141492232680321,-0.018834578264504673,0.0,0.0,0.0,0.0,-0.003981133699417114,0.0,-0.028669126331806183,-0.0808712613210082,0.0,0.0,1.0,0.0
Ggt7,0.06717387247830629,-0.04573673628270626,0.0,0.006433651484549045,-0.005333727579563856,0.0,0.0031803270243108274,0.0,0.0075904992967844006,0.0,0.0,0.0,0.0,0.059741171300411226,0.0,-0.004491560067981482,0.0,0.00795205632224679,0.0,0.025825377777218817,0.0,0.0,0.0,0.0,0.010618194937705994,0.06695723973214626,0.0,0.00911722967401147,0.016335695199668408,0.13659714637324213,0.03437296533957124,-0.02724081598222256,-0.37293628722429273,-0.09570573968812823,0.09468952666036784,0.0,0.0,0.0,0.0,-0.0028040544409304855,0.0,0.0074327364563941956,-0.12653991516679525,0.0,0.0,1.0,0.0
Zfp407,-1.2139453838765621,-0.017359625659883023,0.0,0.0024126192927360537,-0.004631921416148543,0.0,0.00045297733508050444,0.0,0.005060332976281643,0.0,0.0,0.0,0.0,-0.025936592193320392,0.0,-0.0029475863557308912,0.0,-0.02346416617743671,0.0,0.011403413563966751,0.0,0.0,0.0,0.0,0.00696081668138504,-0.08656554939225317,0.0,0.013627009112387895,0.003931320458650589,0.009650977123528718,0.01906516233459115,-0.04310696646571159,0.12227669404819608,-0.00044641908258199694,-0.016085050739347934,0.0,0.0,0.0,0.0,-0.0033986437506973743,0.0,-0.03303438425064087,-0.02807311974465847,0.0,0.0,1.0,2.0
9330159M07Rik,0.23760009482502936,-0.051754136607050895,0.0,0.006969789117574692,-0.005333727579563856,0.0,0.08466484295204282,0.0,0.0075904992967844006,0.0,0.0,0.0,0.0,0.10987920612096787,0.0,-0.004491560067981482,0.0,0.016324115609750153,0.0,-0.04963838845491409,0.0,0.0,0.0,0.0,-0.07586110383272171,-0.06779564261436462,0.0,-0.037959251068532464,-0.009874837016686797,0.14780512630939482,-0.0227842702716589,-0.08254980292171239,0.07840550743043423,-0.003969315104186535,-0.03168355939909816,0.0,0.0,0.0,0.0,0.115732626542449,0.0,0.007196776568889618,-0.03858908556401729,0.0,0.0,1.0,1.0
Tmem259,0.1857901731133461,0.16778879944235087,0.0,0.006433651484549045,-0.0035090313758701086,0.0,-0.064166274741292,0.0,-0.0565070504322648,0.0,0.0,0.0,0.0,0.04057379888370633,0.0,0.021755994157865645,0.0,0.016324115609750153,0.0,-0.02087830865755677,0.0,0.0,0.0,0.0,0.02288810908794403,-0.02419460341334343,0.0,-0.12577618032693863,0.015547292549163103,0.1274347641132772,0.01874101795256138,0.04950584525242448,-0.10826365888118744,0.0018254446610808373,-0.052149386908859015,0.0,0.0,0.0,0.0,-0.024327854216098784,0.0,0.0179329514503479,-0.08784050537273287,0.0,0.0,1.0,0.0
Far2,0.19610010258853436,-0.028062771484255792,0.0,0.006969789117574692,-0.0033686701208353043,0.0,-0.014355797246098518,0.0,0.0075904992967844006,0.0,0.0,0.0,0.0,0.03985207999125123,0.0,-0.002807225100696087,0.0,0.00848406009376049,0.0,-0.04963838845491409,0.0,0.0,0.0,0.0,-0.07586110383272171,-0.08162626784294844,0.0,-0.03176237415522337,-0.012397726085036993,0.061982772275805474,0.024998206980526447,-0.12282080866396428,0.18824908643960953,-0.001102439444512129,0.1223958952119574,0.0,0.0,0.0,0.0,0.021898189205676318,0.0,0.007196776568889618,0.12565871823579072,0.0,0.0,1.0,1.0
Lrrc8b,0.010892710760235786,-0.03180279698222876,0.0,0.003216825798153877,-0.005333727579563856,0.0,0.00031465249136090277,0.0,-0.0075904992967844006,0.0,0.0,0.0,0.0,0.034608366712927816,0.0,-0.004491560067981482,0.0,0.04382031034678221,0.0,0.025825377777218817,0.0,0.0,0.0,0.0,0.02288810908794403,0.19253360610455275,0.0,0.04485705964267254,0.007126958817243576,0.09865606628358364,0.056074545308947565,-0.01759138822555542,-0.03265037313103676,-0.01706157088279724,-0.04660394724458456,0.0,0.0,0.0,0.0,-0.0065460498631000515,0.0,0.0179329514503479,-0.06107557684183121,0.0,0.0,1.0,0.0
Plekhg5,0.05533547099679709,-0.021043314971029757,0.0,0.006969789117574692,-0.01852768525481224,0.0,-0.014513477738946677,0.0,-0.0075904992967844006,0.0,0.0,0.0,0.0,-0.07869897827506066,0.0,-0.010667455159127712,0.0,-0.011900084279477596,0.0,-0.018782092928886412,0.0,0.0,0.0,0.0,0.010382235050201416,-0.05728525049984455,0.0,-0.031466171704232694,0.0016183719597756862,-0.26586602080613375,-0.023982422342523933,-0.1284636791795492,-0.052481882013380526,-0.009744574381038547,4.9833031371235845e-05,0.0,0.0,0.0,0.0,-0.00868619367480278,0.0,0.006370916962623596,0.16709389172494413,0.0,0.0,0.0,0.0
Gm15810,0.2587620969116688,-0.045836425349116326,0.0,0.023858124166727068,-0.005333727579563856,0.0,0.017393981087952853,0.0,0.0075904992967844006,0.0,0.0,0.0,0.0,0.10987920612096787,0.0,-0.004491560067981482,0.0,0.04382031034678221,0.0,0.025825377777218817,0.0,0.0,0.0,0.0,0.02288810908794403,-0.02419460341334343,0.0,0.014690955616533757,0.0038238360174000265,0.182084733620286,-0.028203963935375213,0.11755187377333641,0.03919395161792636,-0.01662317855283618,-0.025666233990341424,0.0,0.0,0.0,0.0,0.01553139753639698,0.0,0.0179329514503479,0.08743530608713627,0.0,0.0,2.0,1.0
Sdk2,-1.3883723831921815,-0.019875084441155197,0.0,0.0024126192927360537,-0.0035090313758701086,0.0,0.00045297733508050444,0.0,0.005060332976281643,0.0,0.0,0.0,0.0,0.033906268198043106,0.0,-0.0029475863557308912,0.0,0.015484109660610557,0.0,-0.020962157286703587,0.0,0.0,0.0,0.0,0.00696081668138504,0.06402030650526286,0.0,0.018275041710585357,0.003931320458650589,0.011029673796147109,0.029913148377090693,-0.015606100112199784,0.039643401326611635,-0.003141492232680321,-0.0163241177983582,0.0,0.0,0.0,0.0,-0.0033986437506973743,0.0,-0.03303438425064087,-0.02807311974465847,0.0,0.0,0.0,2.0
Ttbk1,0.11080751348286867,-0.00696406215429306,0.0,0.023858124166727068,-0.01852768525481224,0.0,0.016251290179789067,0.0,-0.0075904992967844006,0.0,0.0,0.0,0.0,-0.07869897827506066,0.0,-0.010667455159127712,0.0,-0.05712040454149246,0.0,0.025825377777218817,0.0,0.0,0.0,0.0,0.02288810908794403,0.04354675747454166,0.0,0.028196942824870348,0.004100810457020998,0.08017593584954738,-0.05264480724930763,0.10204752683639526,-0.026923023778945208,-0.0012692455761134625,-0.019094731425866485,0.0,0.0,0.0,0.0,-0.0065460498631000515,0.0,0.0179329514503479,0.25290254097431897,0.0,0.0,0.0,0.0
Dlg1,0.15081156134605408,-0.04698379583656788,0.0,0.003216825798153877,-0.01852768525481224,0.0,-0.01187232879921794,0.0,0.0075904992967844006,0.0,0.0,0.0,0.0,-0.1333006801456213,0.0,-0.010667455159127712,0.0,-0.05712040454149246,0.0,0.025825377777218817,0.0,0.0,0.0,0.0,0.010618194937705994,-0.10496593348681926,0.0,0.028196942824870348,0.007126958817243576,0.12670601598918438,0.019746406003832817,-0.10287454292178154,-0.0593505453877151,0.0011249560490250588,-0.029953054245561363,0.0,0.0,0.0,0.0,-0.0065460498631000515,0.0,-0.07739484310150146,-0.06107557684183121,0.0,0.0,2.0,0.0
Nav2,-1.053419903740287,-0.016070041824132204,0.0,0.0024126192927360537,-0.004631921416148543,0.0,0.00045297733508050444,0.0,-0.005060332976281643,0.0,0.0,0.0,0.0,-0.02803048398345709,0.0,-0.0029475863557308912,0.0,-0.009436066797934472,0.0,0.006959436219185591,0.0,0.0,0.0,0.0,0.005025945603847504,-0.07269021840766073,0.0,0.005516257314011455,0.003931320458650589,-0.18474596662446857,-0.005405875947326421,-0.0463865902274847,0.11697914743795991,2.271831035614014e-06,0.031563667273148896,0.0,0.0,0.0,0.0,-0.002001500688493252,0.0,-0.018098123376257717,-0.02807311974465847,0.0,0.0,0.0,2.0
Speg,0.08581085462123156,-0.0550332635641098,0.0,0.003216825798153877,-0.01852768525481224,0.0,0.09223350862972439,0.0,0.0075904992967844006,0.0,0.0,0.0,0.0,-0.07869897827506066,0.0,-0.010667455159127712,0.0,-0.022484159236773847,0.0,-0.04963838845491409,0.0,0.0,0.0,0.0,-0.07586110383272171,-0.06779564261436462,0.0,0.011603642394766212,0.0049194313492625956,0.07868376776576042,0.01678989608772099,-0.03552718363702297,-0.04623491434380412,-0.022280177120119333,0.1351204496342689,0.0,0.0,0.0,0.0,-0.003981133699417114,0.0,0.007196776568889618,-0.06631845381110907,0.0,0.0,0.0,0.0
Eno2,0.25483320698142053,-0.04698379583656788,0.0,-0.03458087669685483,0.021475271647796036,0.0,0.009422720726579428,0.0,0.0075904992967844006,0.0,0.0,0.0,0.0,0.07773647770285606,0.0,-0.0029475863557308912,0.0,0.04382031034678221,0.0,0.025825377777218817,0.0,0.0,0.0,0.0,0.02288810908794403,-0.03257315259426832,0.0,0.04485705964267254,0.03186722844839096,0.1801019986718893,0.030864575877785683,0.13458266392350196,0.013909675404429436,0.01581959202885628,-0.02775892408564687,0.0,0.0,0.0,0.0,-0.0065460498631000515,0.0,0.0179329514503479,-0.032498927973210814,0.0,0.0,0.0,1.0
Pou2f2,0.17207309551537037,-0.03413050312548876,0.0,0.006433651484549045,-0.0075795076601207255,0.0,0.001538693942129612,0.0,0.0075904992967844006,0.0,0.0,0.0,0.0,-0.05250491878017783,0.0,-0.004491560067981482,0.0,-0.022484159236773847,0.0,0.025825377777218817,0.0,0.0,0.0,0.0,0.02288810908794403,0.0018667779117822647,0.0,0.01229624149389565,0.013219614401459695,0.10803774908185006,-0.11006767209619284,0.08951966375112534,0.3644689429178834,0.0043779066950082775,0.12286083365790545,0.0,0.0,0.0,0.0,-0.0032885346468538045,0.0,0.0179329514503479,-0.11046352989971638,0.0,0.0,0.0,1.0
Zmym3,0.15713321313261985,-0.053885893076658246,0.0,0.006969789117574692,-0.005333727579563856,0.0,-0.014355797246098518,0.0,0.0075904992967844006,0.0,0.0,0.0,0.0,0.07243580300360918,0.0,-0.004491560067981482,0.0,0.008904063072986902,0.0,-0.04963838845491409,0.0,0.0,0.0,0.0,-0.02899947017431259,-0.10496593348681926,0.0,-0.02556516299955547,-0.012397726085036993,0.11209181966260076,-0.022390068992972374,-0.12168616026639939,-0.30161164455115796,-0.003653954081237316,-0.02065898643806577,0.0,0.0,0.0,0.0,0.02884279068559408,0.0,0.004388853921554982,-0.0008454527705907822,0.0,0.0,0.0,0.0
Cdk9,0.24283887177705765,0.03833652481436729,0.0,0.023858124166727068,-0.005333727579563856,0.0,0.017236300529912114,0.0,-0.0565070504322648,0.0,0.0,0.0,0.0,0.11320240944623947,0.0,-0.004491560067981482,0.0,0.04382031034678221,0.0,0.01039723001420498,0.0,0.0,0.0,0.0,0.02288810908794403,-0.013094338588416576,0.0,0.04485705964267254,0.003233567364513874,0.1605762442946434,-0.02521015248261392,0.12677907973527908,0.04176127836108208,0.01751485257409513,-0.025874421703629195,0.0,0.0,0.0,0.0,-0.0065460498631000515,0.0,0.0179329514503479,0.18549787439405918,0.0,0.0,0.0,1.0
Snrnp70,0.1753594071418047,-0.008211121857166291,0.0,0.006969789117574692,-0.005333727579563856,0.0,-0.013606814593076706,0.0,-0.0075904992967844006,0.0,0.0,0.0,0.0,0.07243580300360918,0.0,-0.004491560067981482,0.0,0.015288108270615339,0.0,0.025825377777218817,0.0,0.0,0.0,0.0,0.010618194937705994,-0.10496593348681926,0.0,0.017052484806627036,0.00257891483604908,0.13179343504831195,0.015239084418863059,-0.13065088644623757,-0.37351057391613723,-0.003023231830447912,-0.016889710901305078,0.0,0.0,0.0,0.0,-0.003870870340615511,0.0,0.0074327364563941956,0.16943110711872578,0.0,0.0,0.0,0.0
Dach1,-1.2248741709440947,-0.01798315554857254,0.0,0.0024126192927360537,-0.007860230170190335,0.0,0.010100440625101327,0.0,0.005060332976281643,0.0,0.0,0.0,0.0,-0.04848792628385126,0.0,-0.004912643833085895,0.0,-0.01223608666099608,0.0,0.011403413563966751,0.0,0.0,0.0,0.0,0.00696081668138504,0.0530520236492157,0.0,-0.03471261901780963,-0.011551915425807238,0.004813824519515037,0.020794116957113147,0.0032082474045455455,0.02402195695787668,-0.0013979324884712697,-0.012247345540672541,0.0,0.0,0.0,0.0,-0.007048833090811968,0.0,-0.03303438425064087,-0.029634631602093578,0.0,0.0,2.0,2.0
Ccser1,-1.3155004094541072,-0.01798315554857254,0.0,0.0024126192927360537,0.011200827965512871,0.0,0.00671030861325562,0.0,0.005060332976281643,0.0,0.0,0.0,0.0,-0.019215796226635575,0.0,0.011200827965512871,0.0,-0.013692096979357303,0.0,0.011403413563966751,0.0,0.0,0.0,0.0,0.00696081668138504,-0.09753383196890354,0.0,0.007946750042028725,0.002827556598931551,0.01783653961494565,0.010944888674421236,-0.030739023480564356,0.10598778657615185,-0.0005890302825719118,0.05293767602182925,0.0,0.0,0.0,0.0,-0.0025207186210900543,0.0,-0.03303438425064087,-0.0267759892065078,0.0,0.0,2.0,2.0
Abr,0.2035020610690117,-0.04619738813489675,0.0,0.003216825798153877,-0.01852768525481224,0.0,0.00031465249136090277,0.0,0.0075904992967844006,0.0,0.0,0.0,0.0,-0.1333006801456213,0.0,-0.010667455159127712,0.0,-0.02226015765219927,0.0,0.011068019047379495,0.0,0.0,0.0,0.0,0.006724856793880463,0.11508403081446886,0.0,0.012017970252782107,0.007126958817243576,-0.2572568917833269,-0.09775170121341943,-0.06842494919896126,0.02655943460762501,0.0011249560490250588,-0.007168611120432615,0.0,0.0,0.0,0.0,-0.003981133699417114,0.0,-0.028669126331806183,-0.04985998760908842,0.0,0.0,0.0,0.0
Akap8l,0.0605457978695631,-0.039852265529334546,0.0,0.006433651484549045,-0.01852768525481224,0.0,0.00027724960818886757,0.0,-0.0075904992967844006,0.0,0.0,0.0,0.0,-0.04379081726074219,0.0,-0.010667455159127712,0.0,-0.019544138414785264,0.0,-0.04963838845491409,0.0,0.0,0.0,0.0,-0.07586110383272171,-0.03257315259426832,0.0,-0.07736384022980929,-0.12235751815140247,0.11616185124963523,0.013721984289586544,0.06693455167114734,-0.07542296594008803,-0.0008267956599593162,-0.05480871845036745,0.0,0.0,0.0,0.0,-0.024327854216098784,0.0,0.007196776568889618,-0.12940257262438537,0.0,0.0,0.0,0.0
Ptprn,0.12702420867979528,-0.03180279698222876,0.0,0.003216825798153877,-0.01852768525481224,0.0,0.08060456866398454,0.0,-0.0075904992967844006,0.0,0.0,0.0,0.0,-0.09387164525687694,0.0,-0.010667455159127712,0.0,-0.011564081902615726,0.0,0.025825377777218817,0.0,0.0,0.0,0.0,0.010618194937705994,-0.06779564261436462,0.0,-0.032095873402431606,0.003933927826583385,0.12263048065826297,0.015607291664928198,-0.027327796369791033,-0.25302446946501733,-0.012001948896795511,-0.013335180655121803,0.0,0.0,0.0,0.0,-0.008811812344938517,0.0,0.0074327364563941956,-0.06872308220714331,0.0,0.0,0.0,0.0
Atp2b2,-1.1438479992002248,-0.02113037494942546,0.0,0.0024126192927360537,-0.007860230170190335,0.0,-0.00023969084722921252,0.0,0.005060332976281643,0.0,0.0,0.0,0.0,-0.04848792628385126,0.0,-0.004912643833085895,0.0,-0.009436066797934472,0.0,0.006959436219185591,0.0,0.0,0.0,0.0,0.005025945603847504,0.07785121981054545,0.0,0.005264403102919459,0.0030415516067296266,-0.18499782076105475,0.028589757978916167,-0.008130265567451715,0.0205089689604938,-0.012418676051311195,0.03340570477768779,0.0,0.0,0.0,0.0,-0.002253355011343956,0.0,-0.018098123376257717,-0.030460854191333056,0.0,0.0,0.0,0.0
Atp6v0b,0.22742370061576367,-0.04698379583656788,0.0,0.006433651484549045,-0.005333727579563856,0.0,0.009422720726579428,0.0,0.0075904992967844006,0.0,0.0,0.0,0.0,0.11320240944623947,0.0,-0.004491560067981482,0.0,0.04382031034678221,0.0,0.025825377777218817,0.0,0.0,0.0,0.0,0.02288810908794403,-0.03257315259426832,0.0,0.04485705964267254,0.03186722844839096,0.1801019986718893,0.030864575877785683,0.14342893406748772,0.012627263888716697,0.0363182563893497,-0.025874421703629195,0.0,0.0,0.0,0.0,-0.0065460498631000515,0.0,0.0179329514503479,-0.08316393274813891,0.0,0.0,0.0,1.0
Elavl3,-0.005418534800410271,-0.040168234817683696,0.0,0.023858124166727068,-0.005333727579563856,0.0,-0.000708253625780344,0.0,0.0075904992967844006,0.0,0.0,0.0,0.0,0.034608366712927816,0.0,-0.004491560067981482,0.0,0.016324115609750153,0.0,-0.04963838845491409,0.0,0.0,0.0,0.0,-0.07586110383272171,-0.03257315259426832,0.0,-0.12577618032693863,-0.03357743611559272,0.1209498854726553,0.06736342025920748,0.15529542930424214,-0.038853193800896406,-0.017258671391755343,-0.0709944100677967,0.0,0.0,0.0,0.0,-0.024327854216098784,0.0,0.007196776568889618,0.16803357139229774,0.0,0.0,0.0,1.0
Miat,0.16734060719609262,-0.00696406215429306,0.0,0.023858124166727068,-0.01852768525481224,0.0,0.00116990027949214,0.0,-0.0075904992967844006,0.0,0.0,0.0,0.0,-0.0920408620685339,0.0,-0.010667455159127712,0.0,-0.05712040454149246,0.0,0.025825377777218817,0.0,0.0,0.0,0.0,0.02288810908794403,-0.04169636260718107,0.0,0.028196942824870348,0.004100810457020998,0.16162186823785304,-0.03296706512570381,0.13309220269322394,-0.0021605893410742284,6.177682429552078e-05,-0.03877731144428253,0.0,0.0,0.0,0.0,-0.0065460498631000515,0.0,0.0179329514503479,0.25290254097431897,0.0,0.0,0.0,0.0
Sfpq,0.1892603224515915,-0.008211121857166291,0.0,0.023858124166727068,-0.005333727579563856,0.0,0.002589024994522333,0.0,-0.0075904992967844006,0.0,0.0,0.0,0.0,0.06581701878458261,0.0,-0.004491560067981482,0.0,0.015288108270615339,0.0,0.025825377777218817,0.0,0.0,0.0,0.0,0.010618194937705994,0.06695723973214626,0.0,0.017052484806627036,0.006898606605827809,0.13179343504831195,0.01919951621443033,0.023024460673332213,-0.3215058488026261,0.0016283439844846726,-0.016889710901305078,0.0,0.0,0.0,0.0,-0.003870870340615511,0.0,0.0074327364563941956,0.2080588560178876,0.0,0.0,0.0,1.0
Traf7,0.12065584279596805,-0.04386968232691288,0.0,0.003216825798153877,-0.01852768525481224,0.0,-0.01187232879921794,0.0,-0.0075904992967844006,0.0,0.0,0.0,0.0,-0.13856145359575747,0.0,-0.010667455159127712,0.0,0.013104092804715037,0.0,0.011068019047379495,0.0,0.0,0.0,0.0,0.010382235050201416,-0.10496593348681926,0.0,0.016302000265568495,0.007126958817243576,-0.3920637670531869,0.019746406003832817,-0.10173989452421665,-0.0648425386659801,0.0003771377354860306,-0.012968846708536147,0.0,0.0,0.0,0.0,-0.003981133699417114,0.0,0.006370916962623596,-0.06107557684183121,0.0,0.0,0.0,0.0
Sdk1,-1.4442425311356784,-0.012922822795808316,0.0,0.0024126192927360537,-0.004631921416148543,0.0,0.00045297733508050444,0.0,-0.005060332976281643,0.0,0.0,0.0,0.0,-0.025936592193320392,0.0,-0.0029475863557308912,0.0,-0.02346416617743671,0.0,0.011403413563966751,0.0,0.0,0.0,0.0,0.00696081668138504,0.08390224423259497,0.0,0.013627009112387895,0.003931320458650589,0.009650977123528718,0.02305431919172406,-0.017308072932064534,0.1542606765590608,-0.00044641908258199694,-0.016085050739347934,0.0,0.0,0.0,0.0,-0.0033986437506973743,0.0,-0.03303438425064087,-0.024331940291449427,0.0,0.0,0.0,2.0
Sptbn4,0.10695514999330044,-0.04262262277305126,0.0,0.003216825798153877,-0.01852768525481224,0.0,-0.013488554181531071,0.0,-0.0075904992967844006,0.0,0.0,0.0,0.0,-0.1333006801456213,0.0,-0.010667455159127712,0.0,-0.02226015765219927,0.0,0.011068019047379495,0.0,0.0,0.0,0.0,0.006724856793880463,-0.10496593348681926,0.0,0.012017970252782107,0.0049194313492625956,-0.3021407166495919,0.027701670164242388,-0.06873670749366284,-0.07387001253664494,-0.020201336406171323,-0.007168611120432615,0.0,0.0,0.0,0.0,-0.003981133699417114,0.0,-0.028669126331806183,-0.0787890525534749,0.0,0.0,0.0,0.0
Slc8a2,0.05287363834679127,-0.04262262277305126,0.0,0.006433651484549045,-0.007860230170190335,0.0,0.001538693942129612,0.0,-0.0075904992967844006,0.0,0.0,0.0,0.0,-0.0035071379318833353,0.0,0.0877257827296853,0.0,-0.02226015765219927,0.0,0.011068019047379495,0.0,0.0,0.0,0.0,0.010382235050201416,-0.021472887732088566,0.0,0.012017970252782107,0.013219614401459695,-0.34496743623167275,-0.11006767209619284,0.0900869881734252,-0.0634354019165039,-0.0008267956599593162,-0.018385887220501898,0.0,0.0,0.0,0.0,-0.003981133699417114,0.0,0.006370916962623596,-0.134149717874825,0.0,0.0,0.0,0.0
Crocc,0.07412950624711812,0.25347243912518025,0.0,0.003216825798153877,-0.01852768525481224,0.0,-0.013488554181531071,0.0,0.0402015333250165,0.0,0.0,0.0,0.0,-0.06981089934706688,0.0,-0.010667455159127712,0.0,-0.008988063633441925,0.0,0.006540193073451519,0.0,0.0,0.0,0.0,0.00670126081444323,-0.10496593348681926,0.0,0.005205300794914365,0.0049194313492625956,-0.22438269345089792,0.018660486014559864,-0.0693040319159627,-0.18227613672614099,-0.022280177120119333,0.04356369962915778,0.0,0.0,0.0,0.0,-0.002190391458570957,0.0,0.003987722108140588,-0.039695441480726006,0.0,0.0,0.0,0.0
Prkcb,-0.9855191578716039,-0.02113037494942546,0.0,0.0024126192927360537,-0.007860230170190335,0.0,-0.003286436244379729,0.0,0.005060332976281643,0.0,0.0,0.0,0.0,-0.04848792628385126,0.0,-0.004912643833085895,0.0,-0.009436066797934472,0.0,0.006959436219185591,0.0,0.0,0.0,0.0,0.005025945603847504,-0.041153570096939804,0.0,0.005516257314011455,0.0030415516067296266,-0.18474596662446857,0.017741771936416625,-0.033307733032852414,0.019249697905033825,-0.012418676051311195,0.033657559026032687,0.0,0.0,0.0,0.0,-0.002001500688493252,0.0,-0.018098123376257717,-0.030460854191333056,0.0,0.0,0.0,2.0
Klhdc3,0.19429362162947655,-0.008211121857166291,0.0,0.023858124166727068,-0.005333727579563856,0.0,0.005646781418472528,0.0,-0.0075904992967844006,0.0,0.0,0.0,0.0,0.07243580300360918,0.0,-0.004491560067981482,0.0,0.015288108270615339,0.0,0.025825377777218817,0.0,0.0,0.0,0.0,0.010618194937705994,-0.02419460341334343,0.0,0.017052484806627036,0.004493978433310985,0.13179343504831195,0.009533982649445534,0.11986384935677051,-0.37351057391613723,-0.0015646868012845515,-0.016889710901305078,0.0,0.0,0.0,0.0,-0.003870870340615511,0.0,0.0074327364563941956,0.25492939453572033,0.0,0.0,0.0,0.0
Csnk1g2,0.17407370880246162,0.10795664325356484,0.0,0.006969789117574692,0.08281313881278038,0.0,-0.013606814593076706,0.0,0.0402015333250165,0.0,0.0,0.0,0.0,-0.09617235526442527,0.0,-0.004912643833085895,0.0,-0.05712040454149246,0.0,0.01039723001420498,0.0,0.0,0.0,0.0,0.02288810908794403,-0.10496593348681926,0.0,0.028196942824870348,0.00257891483604908,0.06065018147230148,0.017109674345701934,-0.13065088644623757,-0.003872631769627333,-0.001120827253907919,-0.03877731144428253,0.0,0.0,0.0,0.0,-0.0065460498631000515,0.0,0.0179329514503479,0.08242246076464653,0.0,0.0,0.0,1.0
Eif4g1,0.15435174237936736,-0.04698379583656788,0.0,-0.03458087669685483,0.08281313881278038,0.0,0.010946093406528235,0.0,0.0075904992967844006,0.0,0.0,0.0,0.0,-0.0462478188239038,0.0,-0.004912643833085895,0.0,-0.021924155270680784,0.0,0.025825377777218817,0.0,0.0,0.0,0.0,0.010618194937705994,0.06695723973214626,0.0,0.01262845378369093,0.03186722844839096,0.12700540041550995,0.037928380742669104,0.01622343000024557,-0.29134114081040025,0.01772199660539627,-0.017800027718767524,0.0,0.0,0.0,0.0,-0.003870870340615511,0.0,0.0074327364563941956,-0.032498927973210814,0.0,0.0,0.0,0.0
Mbd5,-1.4293759208917618,-0.021417652759701013,0.0,0.0024126192927360537,-0.0035090313758701086,0.0,0.00045297733508050444,0.0,0.005060332976281643,0.0,0.0,0.0,0.0,0.033906268198043106,0.0,-0.0029475863557308912,0.0,0.015484109660610557,0.0,0.011403413563966751,0.0,0.0,0.0,0.0,0.010618194937705994,0.07785121981054545,0.0,0.017519479151815176,0.003931320458650589,0.01988659631460905,0.02305431919172406,-0.015606100112199784,-0.003696945020928979,-0.003141492232680321,-0.016229672450572254,0.0,0.0,0.0,0.0,-0.004154206365346909,0.0,0.005663037300109863,-0.03131936572492123,0.0,0.0,2.0,2.0
Arhgef25,0.19953546293079852,0.12909720476716757,0.0,0.023858124166727068,0.029195140674710275,0.0,0.000578598165884614,0.0,0.0402015333250165,0.0,0.0,0.0,0.0,-0.04061498988419771,0.0,-0.0029475863557308912,0.0,0.014364101728424429,0.0,-0.02087830865755677,0.0,0.0,0.0,0.0,0.02288810908794403,0.0746556231752038,0.0,0.016384269949048756,0.003312407610937953,0.0895822356455028,-0.04433601268567145,0.1044555862247944,0.2665056014992297,-0.01308521312661469,0.07262847888283432,0.0,0.0,0.0,0.0,-0.0032885346468538045,0.0,0.0179329514503479,0.17432509310543537,0.0,0.0,0.0,1.0
Pcm1,0.17214999347925186,-0.0212603634595871,0.0,0.006969789117574692,-0.0075795076601207255,0.0,-0.014198116706684232,0.0,0.0075904992967844006,0.0,0.0,0.0,0.0,-0.05250491878017783,0.0,-0.004491560067981482,0.0,-0.022484159236773847,0.0,0.025825377777218817,0.0,0.0,0.0,0.0,0.02288810908794403,-0.08162626784294844,0.0,0.01229624149389565,0.00210587315261364,0.1894836814701557,0.014332421189174056,-0.12620332088321448,0.32491300493478775,-0.009813341880217194,0.12286083365790545,0.0,0.0,0.0,0.0,-0.0032885346468538045,0.0,0.0179329514503479,0.13531412936747075,0.0,0.0,2.0,1.0
Rpl41,0.09861751433461904,-0.03180279698222876,0.0,0.006433651484549045,-0.005333727579563856,0.0,0.009422720726579428,0.0,-0.0075904992967844006,0.0,0.0,0.0,0.0,0.06562791123986245,0.0,-0.004491560067981482,0.0,0.016324115609750153,0.0,0.025825377777218817,0.0,0.0,0.0,0.0,0.02288810908794403,-0.03257315259426832,0.0,-0.12577618032693863,0.03186722844839096,0.15039831228554248,0.030864575877785683,0.1400249884277582,-0.04226136544719338,0.01581959202885628,-0.052149386908859015,0.0,0.0,0.0,0.0,-0.024327854216098784,0.0,0.0179329514503479,-0.08316393274813891,0.0,0.0,0.0,0.0
Prkar1b,0.1907219486683607,-0.057803621292114256,0.0,0.003216825798153877,-0.01852768525481224,0.0,-0.013488554181531071,0.0,0.0075904992967844006,0.0,0.0,0.0,0.0,-0.1280659505724907,0.0,-0.010667455159127712,0.0,-0.02226015765219927,0.0,0.011068019047379495,0.0,0.0,0.0,0.0,0.006724856793880463,-0.05728525049984455,0.0,0.012017970252782107,0.0049194313492625956,-0.2572568917833269,-0.011906092828139663,-0.07554823357611895,-0.07476739503443242,-0.02094915471971035,-0.015992868319153787,0.0,0.0,0.0,0.0,-0.003981133699417114,0.0,-0.028669126331806183,-0.0787890525534749,0.0,0.0,0.0,0.0
Sema6d,-1.2527204821258784,-0.01798315554857254,0.0,0.004021032247692347,-0.007860230170190335,0.0,0.0036032619886100293,0.0,0.005060332976281643,0.0,0.0,0.0,0.0,-0.043253197809681294,0.0,-0.004912643833085895,0.0,-0.02346416617743671,0.0,0.011403413563966751,0.0,0.0,0.0,0.0,0.00696081668138504,-0.03291065592318773,0.0,0.013627009112387895,0.010306705161929131,0.09109690951183438,0.013892003148794175,0.05446542344987392,0.02847142646089196,0.002939446531236172,-0.016982432827353476,0.0,0.0,0.0,0.0,-0.0033986437506973743,0.0,-0.03303438425064087,-0.032035939870402215,0.0,0.0,0.0,2.0
Celf5,0.26789977595210074,0.2308618538454175,0.0,0.006433651484549045,-0.0035090313758701086,0.0,0.009422720726579428,0.0,0.0402015333250165,0.0,0.0,0.0,0.0,0.07801720023155212,0.0,0.021755994157865645,0.0,0.04382031034678221,0.0,-0.02087830865755677,0.0,0.0,0.0,0.0,0.02288810908794403,-0.021472887732088566,0.0,0.04485705964267254,0.03186722844839096,0.15713845049962402,0.01743037546053529,0.1545291991531849,0.03629312539473176,0.01581959202885628,-0.02775892408564687,0.0,0.0,0.0,0.0,-0.0065460498631000515,0.0,0.0179329514503479,-0.05981445249170065,0.0,0.0,0.0,0.0
Dna2,0.13403856677934528,0.10865776229649782,-0.005414283014833927,0.0,0.0,0.0011211242713034153,0.0033686865866184236,-0.003747387528419495,0.0,0.0,0.0,0.10446067919954657,0.0,0.16183085832744837,0.0,0.0,0.0,0.0,0.019156256094574928,0.0,0.0,-0.0030272567458450796,0.0,0.0,0.007665922865271568,-0.2354293108358979,0.0,0.0288578325137496,0.0,0.10472855150699616,0.030602562641724944,-0.18808069124817847,0.08624671893194318,-0.006222935020923614,-0.002680034760851413,0.0009473048150539399,0.0,-0.013354832860641182,0.0,0.022368837296962738,0.0,0.0,0.10483937699347734,0.0,-0.0015786011423915625,1.0,1.0
Cald1,0.07549972371198237,-0.044388583190739156,-0.008018483445048331,0.0,0.0,-0.008559423573315144,0.001299350531771779,-0.002306084632873535,0.0,0.0,0.0,-0.14495974593795835,0.0,-0.31197340341284874,0.0,0.0,0.0,0.0,-0.05014304533600807,0.0,0.0,0.012930660247802735,0.0,0.0,0.004906190633773804,-0.08120719321072102,0.0,0.010793594252318144,0.0,-0.048481976892799136,0.01737388956360519,-0.12209526506252587,0.042390246111899614,0.06188363283872604,-0.0015186863020062447,-0.03866400495171547,0.0,-0.00366303987801075,0.0,0.014134850353002548,0.0,0.0,0.021870055198669434,0.0,0.0011143066734075546,1.0,1.0
5430405H02Rik,0.13079202863387762,-0.03350139286369085,-0.008618519343435764,0.0,0.0,-0.004398269169032573,0.027671354115009306,-0.002306084632873535,0.0,0.0,0.0,-0.2096571981906891,0.0,0.022167702168226243,0.0,0.0,0.0,0.0,0.004921897351741791,0.0,0.0,-0.003907203879207372,0.0,0.0,0.003679642975330353,0.27593447858467696,0.0,0.053609251976013184,0.0,-0.046429483126848935,0.06843484967015684,0.09028798093087971,0.2208507727086544,-0.006222935020923614,0.013132170010358095,0.0,0.0,0.0073769550397992135,0.0,0.014134850353002548,0.0,0.0,-0.04216274173930287,0.0,0.0021821840479969976,1.0,1.0
Adam4,0.05782095456495881,0.19052089251577853,0.007768135571386665,0.0,0.0,0.029752873906400055,-0.02873008420690894,-0.0024502149224281313,0.0,0.0,0.0,0.06526547659654171,0.0,0.036973079517483715,0.0,0.0,0.0,0.0,0.019156256094574928,0.0,0.0,-0.0021662526857107877,0.0,0.0,0.007665922865271568,0.11234150883043185,0.0,-0.08850827146321535,0.0,-0.21749532502144575,-0.12598208213225007,-0.183560786601156,0.01681398432236165,-0.006222935020923614,-0.0017271334514953197,0.0001764780655503273,0.0,-0.013354832860641182,0.0,0.014134850353002548,0.0,0.0,0.09832729198038578,0.0,-0.004271509200334549,1.0,2.0
Foxk2,0.0833010256383568,-0.04880906101316214,-0.013378576114773751,0.0,0.0,-0.011407206985168158,-0.011261037904769183,0.05938167929649353,0.0,0.0,0.0,0.007388744633644819,0.0,-0.19418103044852614,0.0,0.0,0.0,0.0,0.015503285080194473,0.0,0.0,-0.005515224561095238,0.0,0.0,0.004906190633773804,-0.13679384126444347,0.0,0.009301747772842645,0.0,0.055586732886731625,0.02730758293531835,-0.08673324871808291,-0.22542504547163844,-0.006222935020923614,-0.004734727945178747,0.0003157682716846466,0.0,0.04222671002149582,0.0,0.022368837296962738,0.0,0.0,-0.08531265165656805,0.0,0.0021821840479969976,1.0,0.0
3110040N11Rik,-0.007438912279903889,0.22227829076349737,0.02901084570446983,0.0,0.0,0.03669262595707551,0.0012031023390591145,-0.003747387528419495,0.0,0.0,0.0,0.17746032330207526,0.0,0.00988057634793222,0.0,0.0,0.0,0.0,0.019156256094574928,0.0,0.0,-0.005329416841268539,0.0,0.0,0.019318125620484353,-0.036703743715770544,0.0,0.012937462404370308,0.0,-0.040482322219759226,-0.04972618704661727,0.20625544029287993,-0.013706065420992673,-0.004148623645305633,-0.0019058024557307362,0.0003901439905166626,0.0,-0.013354832860641182,0.0,0.014134850353002548,0.0,0.0,0.20802648920565844,0.0,-0.005617963187396526,1.0,1.0
Ube2n,0.1072153804358095,-0.035924177281558514,-0.010920214764773846,0.0,0.0,0.005784414336085319,0.0038499275222420694,-0.003747387528419495,0.0,0.0,0.0,0.11384405602817424,0.0,0.14871251890435816,0.0,0.0,0.0,0.0,0.003165963552892208,0.0,0.0,0.10291775323450565,0.0,0.0,0.007665922865271568,0.018105463832616808,0.0,0.01905447095632553,0.0,0.10472855150699616,-0.04739079142920673,0.1605202504992485,0.07728921611327678,0.005531498193740845,-0.0038711611926555635,0.0009473048150539399,0.0,-0.0400644988566637,0.0,0.022368837296962738,0.0,0.0,-0.15090791761875152,0.0,0.0023679018393158915,1.0,1.0
Strip1,0.16754738964140414,-0.026550673991441728,-0.004729385322425514,0.0,0.0,0.018250535428524017,0.027671354115009306,-0.003747387528419495,0.0,0.0,0.0,0.10446067919954657,0.0,0.209850075468421,0.0,0.0,0.0,0.0,0.019156256094574928,0.0,0.0,-0.0023721370846033095,0.0,0.0,0.007665922865271568,0.25003849985077975,0.0,0.053609251976013184,0.0,-0.07522872872650624,0.09002692997455597,-0.03876877473667264,0.08510525451041757,-0.006222935020923614,0.004972953372634948,0.0009473048150539399,0.0,-0.013354832860641182,0.0,0.014134850353002548,0.0,0.0,0.10004509340971708,0.0,-0.0015786011423915625,1.0,1.0
Coq9,0.13657583255320788,-0.026550673991441728,-0.007820647545158863,0.0,0.0,0.018250535428524017,-0.025987010821700095,-0.003747387528419495,0.0,0.0,0.0,0.15159450078383088,0.0,0.16912473503965886,0.0,0.0,0.0,0.0,0.019156256094574928,0.0,0.0,-0.01756172802299261,0.0,0.0,-0.1622109278291464,0.0784032750269398,0.0,0.014001441299915313,0.0,0.10472855150699616,0.05156271303072572,0.0540905723720789,0.12365004234015942,0.005531498193740845,-0.0066107522789388895,0.0009473048150539399,0.0,-0.013354832860641182,0.0,0.022368837296962738,0.0,0.0,0.13253558494150638,0.0,-0.003110773004591465,1.0,1.0
Rps2,0.0245310087967664,-0.039144852831959724,-0.011535003334283828,0.0,0.0,-0.0006715236371383071,0.0021174601279199123,0.05938167929649353,0.0,0.0,0.0,0.09463803635095246,0.0,0.08426032612565905,0.0,0.0,0.0,0.0,0.022234226763248443,0.0,0.0,-0.016586709581315518,0.0,0.0,-0.1622109278291464,0.10545207934454083,0.0,-0.03972476132214069,0.0,0.06240476965904236,0.02633794814348221,0.03982200255617499,-0.25270420311251657,0.005531498193740845,-0.0066107522789388895,0.0001764780655503273,0.0,0.009183037439361214,0.0,0.022368837296962738,0.0,0.0,0.09628631420433521,0.0,0.002042895704507828,1.0,0.0
Pard6b,0.14141589298844337,-0.026550673991441728,-0.029404008649289607,0.0,0.0,0.018250535428524017,-0.025987010821700095,-0.003747387528419495,0.0,0.0,0.0,0.1561266931705177,0.0,0.16912473503965886,0.0,0.0,0.0,0.0,0.028931319564580917,0.0,0.0,-0.03714677471667528,0.0,0.0,0.007665922865271568,0.0784032750269398,0.0,0.014001441299915313,0.0,0.10472855150699616,0.06662304738536477,0.06412772353738547,0.2889838959276676,-0.004148623645305633,0.05142688743770123,0.0009473048150539399,0.0,-0.014448657217435538,0.0,0.022368837296962738,0.0,0.0,-0.1430124364607036,0.0,0.004410797394812107,1.0,1.0
Rpa1,0.13454559825360776,-0.025663054585456847,-0.003702322170138359,0.0,0.0,0.019175236374139787,0.0012031023390591145,-0.003747387528419495,0.0,0.0,0.0,0.21089092935435474,0.0,0.11338737333193422,0.0,0.0,0.0,0.0,0.03201290875673294,0.0,0.0,0.018775059208273888,0.0,0.0,0.019318125620484353,-0.048609441854059694,0.0,0.012937462404370308,0.0,0.10472855150699616,0.04498653389513493,0.27436011776328084,0.2702885887958109,-0.004148623645305633,0.005330291343852878,0.0009473048150539399,0.0,-0.0076058950368314985,0.0,0.022368837296962738,0.0,0.0,0.0878900313936174,0.0,-0.0016714600287377835,1.0,1.0
Chordc1,0.10187959571368993,-0.04628307215869427,-0.007820647545158863,0.0,0.0,0.0020066201873123646,0.0012031023390591145,-0.003747387528419495,0.0,0.0,0.0,0.21031178383156657,0.0,0.0936705198418349,0.0,0.0,0.0,0.0,0.019156256094574928,0.0,0.0,-0.01756172802299261,0.0,0.0,0.019318125620484353,-0.06442918416112661,0.0,0.012937462404370308,0.0,0.07380245048552751,0.02706012312322855,0.17733467949554324,-0.12456483898684383,0.005531498193740845,-0.0066107522789388895,0.0009473048150539399,0.0,-0.013354832860641182,0.0,0.022368837296962738,0.0,0.0,0.20428862180560828,0.0,-0.003110773004591465,1.0,1.0
Rsad1,0.14141589298844337,-0.026550673991441728,-0.009485776564106345,0.0,0.0,0.018250535428524017,-0.025987010821700095,-0.003747387528419495,0.0,0.0,0.0,0.11445113496039994,0.0,0.16912473503965886,0.0,0.0,0.0,0.0,0.003165963552892208,0.0,0.0,-0.03960753552615642,0.0,0.0,0.007665922865271568,0.0784032750269398,0.0,0.014001441299915313,0.0,0.10472855150699616,0.06555516989901662,0.060506226383149626,0.10834293089807033,-0.004148623645305633,0.05142688743770123,0.0009473048150539399,0.0,-0.0400644988566637,0.0,0.022368837296962738,0.0,0.0,-0.18267834991216658,0.0,-0.00640726363286376,1.0,1.0
Abcb6,0.13538590869866313,0.1932892969250679,0.028420552797615527,0.0,0.0,0.02500235603423789,-0.0239657989051193,-0.003747387528419495,0.0,0.0,0.0,0.15207330559380353,0.0,0.08790297920815647,0.0,0.0,0.0,0.0,0.015503285080194473,0.0,0.0,-0.002153789512813091,0.0,0.0,0.004906190633773804,-0.026988312788307666,0.0,0.023660430051386357,0.0,0.10472855150699616,0.05799144863151014,-0.09657674968242645,0.07847930002491921,-0.006222935020923614,-0.0025013657752424477,0.0009473048150539399,0.0,0.04222671002149582,0.0,0.022368837296962738,0.0,0.0,-0.07475419074296952,0.0,0.00835730044171214,1.0,1.0
Zfp148,0.11731701959855854,-0.04010859154164791,-0.007103992067277432,0.0,0.0,-0.011407206985168158,0.0028874456696212293,-0.002306084632873535,0.0,0.0,0.0,-0.1681547903828323,0.0,-0.20460941053926945,0.0,0.0,0.0,0.0,-0.03779850617051125,0.0,0.0,0.011582010984420776,0.0,0.0,-0.022077857851982116,0.23562976805493235,0.0,-0.045899169072508815,0.0,-0.034640820967033505,0.05784948675893247,-0.021577810253947973,-0.013191704316996037,-0.006222935020923614,0.003573379535228014,0.0,0.0,-0.004655113234184683,0.0,0.014134850353002548,0.0,0.0,0.01914287166669965,0.0,-0.0011143066734075546,1.0,0.0
Zeb1,0.053587547587230805,-0.03503655791282654,-0.010920214764773846,0.0,0.0,0.00025559648871421815,-0.01222351980395615,-0.002306084632873535,0.0,0.0,0.0,-0.21958034547977148,0.0,-0.03862204129807651,0.0,0.0,0.0,0.0,-0.046753500699996946,0.0,0.0,0.10291775323450565,0.0,0.0,0.004906190633773804,0.05108370841713622,0.0,-0.029281832743436098,0.0,0.05835593776777387,-0.04944770393893123,0.15579708850011229,0.17805868666619062,0.01728593125939369,-0.0038711611926555635,0.0,0.0,0.004731426546350122,0.0,0.022368837296962738,0.0,0.0,-0.030290997046977283,0.0,0.0023679018393158915,1.0,1.0
Stac2,0.11109057005494832,0.17334399748593568,-0.008618519343435764,0.0,0.0,-0.03648780232295394,0.0033686865866184236,0.004756299555301666,0.0,0.0,0.0,-0.2132604546658695,0.0,0.13804545243037863,0.0,0.0,0.0,0.0,0.004921897351741791,0.0,0.0,-0.003907203879207372,0.0,0.0,0.003679642975330353,-0.2243563557974994,0.0,0.0288578325137496,0.0,0.09401915445923806,0.027460337225347756,-0.06213412471115589,0.15423285221681,-0.006222935020923614,0.013132170010358095,0.0,0.0,0.0073769550397992135,0.0,0.022368837296962738,0.0,0.0,-0.04216274173930287,0.0,0.0021821840479969976,1.0,1.0
Slc25a35,-0.012397775864228607,-0.04784532245248556,-0.007636093720793724,0.0,0.0,-0.0006715236371383071,-0.0239657989051193,-0.003747387528419495,0.0,0.0,0.0,0.10439800405991263,0.0,0.11491171878296882,0.0,0.0,0.0,0.0,0.003165963552892208,0.0,0.0,-0.005840230733156204,0.0,0.0,0.004906190633773804,-0.061467948239296674,0.0,0.023660430051386357,0.0,0.0646092977002263,0.05469689665362239,-0.03437971131876111,-0.1238872835971415,-0.006222935020923614,-0.004734727945178747,0.0003901439905166626,0.0,-0.0400644988566637,0.0,0.022368837296962738,0.0,0.0,-0.11294893763959407,0.0,-0.0022750429436564443,1.0,0.0
Grina,-0.03774468214251101,-0.04784532245248556,-0.011535003334283828,0.0,0.0,-0.0006715236371383071,0.0012031023390591145,-0.003747387528419495,0.0,0.0,0.0,0.16338871164247393,0.0,0.11675885905046016,0.0,0.0,0.0,0.0,0.015503285080194473,0.0,0.0,-0.016586709581315518,0.0,0.0,0.019318125620484353,-0.10912513511255384,0.0,0.012937462404370308,0.0,0.09553539872169495,0.01897803908213973,0.2505293769389391,0.00816820388659835,0.005531498193740845,-0.0066107522789388895,0.0003901439905166626,0.0,0.04222671002149582,0.0,0.022368837296962738,0.0,0.0,0.09557049315422773,0.0,0.002042895704507828,0.0,0.0
Necab3,0.10778433763422073,-0.037427962087094785,-0.004021554432692937,0.0,0.0,0.005784414336085319,-0.010635424721986055,-0.003747387528419495,0.0,0.0,0.0,0.22555030244402588,0.0,0.11210576315876096,0.0,0.0,0.0,0.0,0.03201290875673294,0.0,0.0,-0.006001180075109005,0.0,0.0,0.019318125620484353,-0.023011079852003603,0.0,0.010964374914765358,0.0,0.07594584366306663,-0.10667265126481652,0.13442178264260293,0.1888836916256696,-0.004148623645305633,0.005568516696803272,0.0009473048150539399,0.0,-0.0076058950368314985,0.0,0.022368837296962738,0.0,0.0,0.16659449292346834,0.0,-0.001996466154232621,0.0,1.0
Gria1,-0.6331787851080298,-0.018468868397176267,-0.004752457235008478,0.0,0.0,0.001320226457901299,0.027671354115009306,0.005159864369779825,0.0,0.0,0.0,-0.045341772297397255,0.0,0.13714163029566406,0.0,0.0,0.0,0.0,-0.027546364422887562,0.0,0.0,0.01438046980649233,0.0,0.0,0.003679642975330353,0.07472927044145763,0.0,0.053609251976013184,0.0,-0.05387412907555699,-0.05942737837322056,-0.014363521430641412,0.023482824839884415,-0.040794797241687775,0.004853840584401041,0.0003157682716846466,0.0,-0.013736399486660958,0.0,0.014134850353002548,0.0,0.0,-0.05751990556716919,0.0,0.0012071655690670013,0.0,2.0
Pabpn1,0.02435533524490893,-0.039144852831959724,-0.007820647545158863,0.0,0.0,-0.0006715236371383071,0.0038499275222420694,-0.023320280835032462,0.0,0.0,0.0,0.11559166222810745,0.0,0.09673600031528622,0.0,0.0,0.0,0.0,0.019156256094574928,0.0,0.0,-0.01756172802299261,0.0,0.0,0.019318125620484353,0.11600711215287447,0.0,0.01905447095632553,0.0,0.054938821271061894,0.026152230203151702,0.02869201473891735,-0.3123540684976615,-0.004148623645305633,-0.0066107522789388895,0.0001764780655503273,0.0,-0.013354832860641182,0.0,0.022368837296962738,0.0,0.0,0.20428862180560828,0.0,-0.003110773004591465,0.0,1.0
Srcin1,0.06691546301357448,-0.046205894537270066,-0.005775573998689652,0.0,0.0,-0.010663679372519254,0.0005774891749024391,-0.002306084632873535,0.0,0.0,0.0,-0.26852735886350276,0.0,-0.20562700783833862,0.0,0.0,0.0,0.0,0.002614227682352066,0.0,0.0,0.026920732110738754,0.0,0.0,0.004906190633773804,-0.04843166062608361,0.0,-0.015005574040114879,0.0,-0.046429483126848935,-0.16128815969452262,0.1557212723698467,0.010838101170957088,-0.004148623645305633,0.008129438804462551,0.0,0.0,0.013990777097642421,0.0,0.014134850353002548,0.0,0.0,-0.08157782786060125,0.0,0.0016250305902212859,0.0,0.0
Snx32,0.09562581994570792,-0.044702110178768635,-0.005403476271312684,0.0,0.0,-0.010663679372519254,0.0016843432746827603,-0.003747387528419495,0.0,0.0,0.0,0.1703439375385642,0.0,-0.2380718518421054,0.0,0.0,0.0,0.0,0.019156256094574928,0.0,0.0,-0.007758091799914837,0.0,0.0,-0.1622109278291464,0.06430946005042643,0.0,0.00876260932534933,0.0,0.06920946510508656,-0.06761478562839329,0.1581078865379095,0.012824268108233809,-0.004148623645305633,-0.0031564854318276046,0.0009473048150539399,0.0,-0.013354832860641182,0.0,0.022368837296962738,0.0,0.0,0.1451799388974905,0.0,-0.001996466154232621,0.0,1.0
Cox8a,0.013515756735578179,-0.04784532245248556,-0.007820647545158863,0.0,0.0,-0.0006715236371383071,0.0012031023390591145,0.05938167929649353,0.0,0.0,0.0,0.1685808540985454,0.0,0.08828234978485852,0.0,0.0,0.0,0.0,0.022234226763248443,0.0,0.0,-0.01756172802299261,0.0,0.0,0.019318125620484353,-0.10912513511255384,0.0,0.012937462404370308,0.0,0.06240476965904236,0.018792321141809225,0.2487435488961637,-0.16901822455227375,-0.004148623645305633,-0.0066107522789388895,0.0001764780655503273,0.0,0.009183037439361214,0.0,0.022368837296962738,0.0,0.0,0.1717537066154182,0.0,-0.003110773004591465,0.0,1.0
Stk25,0.14141589298844337,-0.026550673991441728,-0.005531304925680161,0.0,0.0,0.018250535428524017,0.0038499275222420694,-0.003747387528419495,0.0,0.0,0.0,0.202194274981739,0.0,0.17562148720026016,0.0,0.0,0.0,0.0,0.022234226763248443,0.0,0.0,0.02215725526213646,0.0,0.0,0.019318125620484353,0.08850933400914072,0.0,0.01905447095632553,0.0,0.10472855150699616,0.05541443897411227,0.09046363726258277,0.1259648799151182,-0.004148623645305633,-0.0020844714716076853,0.0009473048150539399,0.0,0.009183037439361214,0.0,0.022368837296962738,0.0,0.0,0.10252459986135364,0.0,0.0013928833603858949,0.0,1.0
Cdh13,-0.6661984599381685,-0.018023143485188485,-0.009563429653644562,0.0,0.0,-0.0020449286117218434,0.0028874456696212293,-0.0017295634746551513,0.0,0.0,0.0,-0.12035594369284809,0.0,-0.17099735642783342,0.0,0.0,0.0,0.0,-0.046753500699996946,0.0,0.0,0.031103992927819492,0.0,0.0,0.003679642975330353,0.09431280980817974,0.0,-0.045899169072508815,0.0,0.029033484244719146,0.029563965322449804,-0.09522265150211752,0.11420830653514713,0.06188363283872604,-0.0020844714716076853,0.0,0.0,0.004731426546350122,0.0,-0.08969477489590645,0.0,0.0,-0.033248999882489444,0.0,0.0015786011423915625,0.0,0.0
Baiap2,0.09712317021563649,-0.04112161807715893,0.14904411651194097,0.0,0.0,0.16277732007205487,0.006159884026274085,0.009339642766863108,0.0,0.0,0.0,-0.08492707841098308,0.0,-0.136699491487816,0.0,0.0,0.0,0.0,-0.030847712606191634,0.0,0.0,0.011221720855683088,0.0,0.0,0.003679642975330353,0.16992451462894678,0.0,0.015698605068027973,0.0,-0.14532585796900094,-0.15348231769166887,0.01730230450630188,-0.055905573004856705,-0.006222935020923614,-0.0010720138996839523,0.0,0.0,0.007478706147521734,0.0,0.014134850353002548,0.0,0.0,-0.04083325630053878,0.0,0.0025071900710463522,0.0,0.0
Srsf5,0.054076026314869526,0.21419108301401138,0.007768135571386665,0.0,0.0,-0.0026512565230950714,0.0033686865866184236,-0.0024502149224281313,0.0,0.0,0.0,0.12878922660369427,0.0,0.11135723281651735,0.0,0.0,0.0,0.0,0.019156256094574928,0.0,0.0,-0.0021662526857107877,0.0,0.0,0.007665922865271568,-0.08276184534654021,0.0,0.0288578325137496,0.0,-0.17355576572939754,0.0522670644428581,-0.1357127941865474,-0.046040184246376153,-0.006222935020923614,-0.0017271334514953197,0.0001764780655503273,0.0,-0.013354832860641182,0.0,0.014134850353002548,0.0,0.0,0.09832729198038578,0.0,-0.004271509200334549,0.0,1.0
Nrn1,0.09131878164596856,-0.04880906101316214,-0.029833029322326184,0.0,0.0,-0.011407206985168158,-0.00649675284512341,-0.003747387528419495,0.0,0.0,0.0,0.11673641594126821,0.0,-0.14878880362957717,0.0,0.0,0.0,0.0,0.003165963552892208,0.0,0.0,-0.03714677471667528,0.0,0.0,0.007665922865271568,-0.06876951270271092,0.0,0.006001745499670506,0.0,0.06507577848620713,0.033407468884252015,0.19477267922833563,-0.01852840669453144,-0.004148623645305633,0.05142688743770123,0.0009473048150539399,0.0,-0.0400644988566637,0.0,0.022368837296962738,0.0,0.0,-0.1807283129543066,0.0,0.004410797394812107,0.0,1.0
Fbxl17,-0.4764692186191678,-0.02094251899048686,0.008364373110234738,0.0,0.0,-0.004017811217345298,-0.02694949269294739,-0.0017295634746551513,0.0,0.0,0.0,-0.1044501571636647,0.0,-0.20773327391594648,0.0,0.0,0.0,0.0,-0.030847712606191634,0.0,0.0,0.013597245812416076,0.0,0.0,0.003679642975330353,-0.00879350823466666,0.0,0.011704305317252875,0.0,-0.04593965105712414,0.006032524965703488,-0.1685388268623501,0.008160084831761196,-0.040794797241687775,0.004764506092760712,0.0,0.0,0.007478706147521734,0.0,0.014134850353002548,0.0,0.0,-0.030554992146790028,0.0,0.004085791409015656,2.0,0.0
Tmem63b,0.12736947365105153,0.20856695830821992,0.018776877261698247,0.0,0.0,-0.03013724982738495,-0.02694949269294739,-0.002306084632873535,0.0,0.0,0.0,-0.19121321303769945,0.0,-0.288499108357355,0.0,0.0,0.0,0.0,0.002614227682352066,0.0,0.0,-0.0015284480154514313,0.0,0.0,0.003679642975330353,0.19963790763053113,0.0,0.011704305317252875,0.0,0.05835593776777387,0.06684194011613727,-0.04523579277098179,0.010400220472365617,-0.006222935020923614,0.006968090357258916,0.0,0.0,0.013990777097642421,0.0,0.022368837296962738,0.0,0.0,-0.04095188947860152,0.0,0.00835730044171214,0.0,0.0
Col4a2,0.08285465195775032,0.19638585582375526,0.014017774425446987,0.0,0.0,-0.01178618960082531,0.007747979126870632,0.004756299555301666,0.0,0.0,0.0,-0.1281692189350724,0.0,-0.050904241297394036,0.0,0.0,0.0,0.0,-0.030847712606191634,0.0,0.0,0.016247502388432623,0.0,0.0,0.003679642975330353,-0.05722328078001738,0.0,-0.1583844581991434,0.0,-0.023935961220413447,0.02502202071249485,-0.11537934404797852,0.006020481521263718,0.008642965331673622,-0.0014293518103659154,0.0,0.0,0.007478706147521734,0.0,-0.058719298094511034,0.0,0.0,-0.03201412197202444,0.0,0.004085791409015656,0.0,0.0
Lztr1,0.0862426847126335,-0.04628307215869427,-0.005414283014833927,0.0,0.0,0.0020066201873123646,0.0033686865866184236,-0.023320280835032462,0.0,0.0,0.0,0.0295340973616112,0.0,0.11935161736793816,0.0,0.0,0.0,0.0,0.003165963552892208,0.0,0.0,-0.0030272567458450796,0.0,0.0,0.007665922865271568,-0.27003426633775235,0.0,0.0288578325137496,0.0,-0.04778486544266343,0.01872155159711838,-0.19722009253688155,-0.30222544349730013,-0.006222935020923614,-0.002680034760851413,0.0003157682716846466,0.0,-0.0400644988566637,0.0,0.014134850353002548,0.0,0.0,-0.02738281637430191,0.0,-0.0015786011423915625,0.0,0.0
Gpr158,-0.6691669610328972,-0.017066031396389007,-0.008746408689767123,0.0,0.0,0.003711426262743771,0.0021174601279199123,0.003545605121180415,0.0,0.0,0.0,-0.1708241984155029,0.0,0.09144373929128051,0.0,0.0,0.0,0.0,-0.046753500699996946,0.0,0.0,0.06935776129364968,0.0,0.0,0.004906190633773804,0.05732555865310132,0.0,-0.03972476132214069,0.0,0.038765231464058164,0.04916612794622779,0.17633808478713037,0.07444403806352057,-0.011062995940446853,0.015573979448527097,0.0,0.0,0.004731426546350122,0.0,-0.08969477489590645,0.0,0.0,-0.02275712287053466,0.0,0.0023679018393158915,2.0,0.0
Matk,0.0994486272893846,-0.047622143886983395,-0.042178841084241865,0.0,0.0,-0.0005121103068813682,-0.010635424721986055,-0.003747387528419495,0.0,0.0,0.0,0.12190087885712274,0.0,0.08624549604952335,0.0,0.0,0.0,0.0,0.003165963552892208,0.0,0.0,-0.05995684906840324,0.0,0.0,0.007665922865271568,-0.05405349348904565,0.0,0.010964374914765358,0.0,0.07380245048552751,-0.02607947404496372,0.13789253164082765,-0.10209099328145385,-0.004148623645305633,-0.02438831564038992,0.0009473048150539399,0.0,-0.0400644988566637,0.0,0.022368837296962738,0.0,0.0,-0.20952379658818246,0.0,0.004410797394812107,0.0,0.0
Susd4,0.0822085748333484,-0.044702110178768635,-0.008848753720521928,0.0,0.0,-0.010663679372519254,0.006159884026274085,0.0034591269493103025,0.0,0.0,0.0,-0.11134819023311138,0.0,-0.34206499258056283,0.0,0.0,0.0,0.0,-0.030847712606191634,0.0,0.0,0.024403906241059304,0.0,0.0,0.003679642975330353,0.14242673648521303,0.0,0.015698605068027973,0.0,-0.15062838116660715,-0.1293706813827157,-0.08917237156070769,-0.02175143842585385,-0.006222935020923614,0.007474319147877395,0.0,0.0,0.007478706147521734,0.0,-0.058719298094511034,0.0,0.0,-0.03418120620772243,0.0,0.0015786011423915625,0.0,0.0
Vps13b,-0.8997176174074412,-0.017066031396389007,-0.005845608711242675,0.0,0.0,0.003711426262743771,0.027671354115009306,-0.0024502149224281313,0.0,0.0,0.0,0.03264134551398456,0.0,0.15109548350796104,0.0,0.0,0.0,0.0,-0.027546364422887562,0.0,0.0,0.024403906241059304,0.0,0.0,0.004906190633773804,0.15687891429290177,0.0,0.053609251976013184,0.0,0.05849055236205459,0.04040540289599449,-0.09126951670274139,0.0460849286953453,-0.040794797241687775,0.007474319147877395,0.0003157682716846466,0.0,-0.013736399486660958,0.0,0.022368837296962738,0.0,0.0,-0.062109030410647394,0.0,0.0015786011423915625,2.0,2.0
Tiam2,0.04454859190620482,-0.04880906101316214,-0.009563429653644562,0.0,0.0,-0.011407206985168158,-0.011261037904769183,-0.006485863029956818,0.0,0.0,0.0,-0.1090666192304343,0.0,-0.22713942205533386,0.0,0.0,0.0,0.0,0.002614227682352066,0.0,0.0,0.031103992927819492,0.0,0.0,0.003679642975330353,-0.07452672283281572,0.0,0.009301747772842645,0.0,0.033640668354928495,0.02327977091539651,-0.10824874756857752,-0.14968178795650602,0.06188363283872604,-0.0020844714716076853,0.0,0.0,0.013990777097642421,0.0,-0.08969477489590645,0.0,0.0,-0.04291164957452565,0.0,0.0015786011423915625,0.0,0.0
Immp2l,-0.5497081248089671,-0.020432396233081816,-0.009563429653644562,0.0,0.0,-0.0033163924678228794,-0.013426622143015265,0.005159864369779825,0.0,0.0,0.0,0.04755586951971054,0.0,-0.13812100352719425,0.0,0.0,0.0,0.0,-0.06962044671177864,0.0,0.0,0.031103992927819492,0.0,0.0,0.004906190633773804,-0.013846315450500697,0.0,-0.033098159972578284,0.0,-0.020379093252122404,0.018932985467836262,-0.22125096551142634,0.01194257433526218,-0.040794797241687775,-0.0020844714716076853,0.0003157682716846466,0.0,0.014143403759226203,0.0,-0.058719298094511034,0.0,0.0,-0.05625004669651389,0.0,0.0015786011423915625,2.0,2.0
Gabbr2,-0.4257846663147211,-0.02300569225102663,-0.008848753720521928,0.0,0.0,-0.004715500115416944,0.001299350531771779,0.003545605121180415,0.0,0.0,0.0,-0.10623737275600434,0.0,-0.1826384303998202,0.0,0.0,0.0,0.0,-0.030847712606191634,0.0,0.0,0.024403906241059304,0.0,0.0,0.003679642975330353,-0.07387357323430478,0.0,0.010793594252318144,0.0,-0.02350378129631281,-0.01175681839697063,-0.16915449460037052,-0.0024558786116540433,-0.040794797241687775,0.007474319147877395,0.0,0.0,0.007478706147521734,0.0,-0.058719298094511034,0.0,0.0,-0.03418120620772243,0.0,0.0015786011423915625,0.0,0.0
Kcnq2,0.06515375063754618,-0.04880906101316214,-0.010639238730072975,0.0,0.0,-0.011407206985168158,0.001299350531771779,-0.0036609093565493824,0.0,0.0,0.0,-0.06691448560915887,0.0,-0.22617394458502532,0.0,0.0,0.0,0.0,0.0011388367041945458,0.0,0.0,-0.005840230733156204,0.0,0.0,-0.012878750413656236,-0.20483275040984153,0.0,0.010793594252318144,0.0,-0.11334856328554452,0.023354580206796528,-0.06424558723345399,-0.12078732141293586,-0.006222935020923614,-0.004734727945178747,0.0,0.0,-0.0116505018575117,0.0,-0.058719298094511034,0.0,0.0,-0.056617763955146075,0.0,-0.0022750429436564443,0.0,0.0
Mapt,0.07441232288256287,-0.04922353576868772,-0.010639238730072975,0.0,0.0,-0.01220427367836237,0.001299350531771779,-0.002306084632873535,0.0,0.0,0.0,-0.21887143479660154,0.0,-0.21887281505391,0.0,0.0,0.0,0.0,0.002614227682352066,0.0,0.0,-0.005840230733156204,0.0,0.0,0.003679642975330353,-0.09995349060744046,0.0,0.010793594252318144,0.0,-0.034640820967033505,-0.03919388891197741,-0.07461329760029912,-0.041934626335278155,-0.006222935020923614,-0.004734727945178747,0.0,0.0,0.013990777097642421,0.0,0.014134850353002548,0.0,0.0,-0.05442958225030452,0.0,-0.0022750429436564443,0.0,0.0
Syt7,0.11272403751499951,-0.04969455700367689,0.011014629416167735,0.0,0.0,0.15971658382564782,0.001299350531771779,0.008071296215057373,0.0,0.0,0.0,0.09060690823942423,0.0,-0.15866106547415257,0.0,0.0,0.0,0.0,-0.06962044671177864,0.0,0.0,0.016247502388432623,0.0,0.0,0.004906190633773804,-0.23072872765362262,0.0,0.010793594252318144,0.0,0.06978598626330496,0.030074287662282585,-0.2095989394746721,0.010249982960522175,-0.006222935020923614,-0.0014293518103659154,0.0009473048150539399,0.0,0.014143403759226203,0.0,0.022368837296962738,0.0,0.0,-0.051522040609270334,0.0,0.004085791409015656,0.0,1.0
R3hdm4,0.1276455757021904,-0.02805445872247219,-0.042178841084241865,0.0,0.0,0.018250535428524017,0.0012031023390591145,-0.003747387528419495,0.0,0.0,0.0,0.1419967218209058,0.0,0.14098781963810325,0.0,0.0,0.0,0.0,0.015503285080194473,0.0,0.0,-0.05995684906840324,0.0,0.0,0.007665922865271568,-0.041534410156309605,0.0,0.012937462404370308,0.0,0.07594584366306663,0.03985176051035524,0.030112184397876263,0.116176354335621,-0.004148623645305633,-0.02438831564038992,0.0009473048150539399,0.0,0.04222671002149582,0.0,0.022368837296962738,0.0,0.0,-0.18230537567287683,0.0,0.004410797394812107,0.0,0.0
Rrp1,0.09930682696402073,0.16293478164821862,-0.042178841084241865,0.0,0.0,-0.0017904244922101497,0.0038499275222420694,0.05938167929649353,0.0,0.0,0.0,0.07646555406041443,0.0,0.09648910336196423,0.0,0.0,0.0,0.0,0.015503285080194473,0.0,0.0,-0.05995684906840324,0.0,0.0,-0.03924952507019043,0.0068198487162590025,0.0,0.01905447095632553,0.0,0.0647727034240961,0.025048841647803785,0.024700953774154186,-0.3179235900612548,-0.004148623645305633,-0.02438831564038992,0.0003157682716846466,0.0,0.04222671002149582,0.0,0.022368837296962738,0.0,0.0,-0.11944480959326029,0.0,0.004410797394812107,0.0,0.0
Tmem132b,-0.4861368476226926,-0.020535188317298888,-0.009563429653644562,0.0,0.0,-0.004715500115416944,0.0028874456696212293,0.003545605121180415,0.0,0.0,0.0,-0.137210351228714,0.0,-0.15531735538505018,0.0,0.0,0.0,0.0,0.002614227682352066,0.0,0.0,0.031103992927819492,0.0,0.0,0.003679642975330353,0.012696544658392667,0.0,-0.045899169072508815,0.0,-0.04009663107804954,-0.012322603454813362,-0.16155856324359774,-0.012844626206206158,-0.040794797241687775,-0.0020844714716076853,0.0,0.0,0.013990777097642421,0.0,0.014134850353002548,0.0,0.0,-0.04291164957452565,0.0,0.0015786011423915625,0.0,2.0
Col6a1,0.12506694342941047,0.1658250731229782,0.007768135571386665,0.0,0.0,0.004827693570405245,0.027671354115009306,-0.0024502149224281313,0.0,0.0,0.0,0.09357624855823815,0.0,0.09074485216988251,0.0,0.0,0.0,0.0,0.03201290875673294,0.0,0.0,-0.0021662526857107877,0.0,0.0,0.007665922865271568,0.2591507171466947,0.0,0.053609251976013184,0.0,-0.27711152978241443,0.05620830757543445,-0.04269698055461049,0.15470878061838447,0.008642965331673622,-0.0017271334514953197,0.0003157682716846466,0.0,-0.0076058950368314985,0.0,0.014134850353002548,0.0,0.0,0.054540004450827836,0.0,-0.004271509200334549,0.0,1.0
Odf2,0.14141589298844337,-0.026550673991441728,-0.005531304925680161,0.0,0.0,0.018250535428524017,0.0038499275222420694,0.008071296215057373,0.0,0.0,0.0,0.17202536934171803,0.0,0.17562148720026016,0.0,0.0,0.0,0.0,0.003165963552892208,0.0,0.0,0.02215725526213646,0.0,0.0,0.019318125620484353,0.08850933400914072,0.0,0.01905447095632553,0.0,0.10530507266521454,0.05541443897411227,0.09046363726258277,0.09479468293488026,-0.004148623645305633,-0.0020844714716076853,0.0009473048150539399,0.0,-0.0400644988566637,0.0,0.022368837296962738,0.0,0.0,0.0028373216837644577,0.0,0.0013928833603858949,0.0,0.0
Tbc1d24,0.07209186078049243,-0.04880906101316214,-0.008449122761376202,0.0,0.0,-0.011407206985168158,0.001299350531771779,-0.006485863029956818,0.0,0.0,0.0,-0.07194826914928854,0.0,-0.2355130152963102,0.0,0.0,0.0,0.0,0.0011388367041945458,0.0,0.0,0.03221829952672124,0.0,0.0,0.003679642975330353,-0.20483275040984153,0.0,0.010793594252318144,0.0,0.05050073571503162,0.027552344417199493,-0.13908179434016346,-0.13029583366587758,-0.006222935020923614,-0.0020844714716076853,0.0,0.0,-0.0116505018575117,0.0,0.022368837296962738,0.0,0.0,-0.05085144385695457,0.0,-0.0014393128082156182,0.0,0.0
Cck,0.018713061716407537,-0.04935106631368399,-0.008249668218195439,0.0,0.0,-0.012331804344430566,0.0007218614220619202,0.05938167929649353,0.0,0.0,0.0,0.196054878635332,0.0,-0.138782330583781,0.0,0.0,0.0,0.0,0.019156256094574928,0.0,0.0,-0.01756172802299261,0.0,0.0,0.019318125620484353,-0.05446053586900234,0.0,0.0067236065492033955,0.0,0.05321879912167787,0.021480656759813428,0.22843980427831412,-0.11276702862232924,-0.004148623645305633,-0.0066107522789388895,0.0001764780655503273,0.0,-0.013354832860641182,0.0,0.022368837296962738,0.0,0.0,0.20428862180560828,0.0,-0.003110773004591465,0.0,1.0
Fgfr2,-0.48878046710044143,-0.020432396233081816,-0.008848753720521928,0.0,0.0,-0.0033163924678228794,0.0028874456696212293,0.003545605121180415,0.0,0.0,0.0,-0.12342122027650476,0.0,-0.18388040540739894,0.0,0.0,0.0,0.0,-0.046753500699996946,0.0,0.0,0.024403906241059304,0.0,0.0,0.003679642975330353,-0.00987885143607855,0.0,-0.045899169072508815,0.0,-0.02350378129631281,0.022853681100532413,-0.16277792011387646,0.04027615074068308,-0.040794797241687775,0.007474319147877395,0.0,0.0,0.004731426546350122,0.0,-0.058719298094511034,0.0,0.0,-0.030688078533858063,0.0,0.0015786011423915625,2.0,2.0
Meg3,0.10476114672608673,-0.03648613143712282,0.01155430267797783,0.0,0.0,0.09503117421641946,0.0016843432746827603,-0.002306084632873535,0.0,0.0,0.0,-0.41808801317587496,0.0,-0.12568378284573556,0.0,0.0,0.0,0.0,0.005113585442304611,0.0,0.0,-0.009680802635848522,0.0,0.0,0.007665922865271568,0.08138279831036925,0.0,0.00876260932534933,0.0,0.05835593776777387,0.027651671627536414,0.0434310582280159,0.1700472397170961,-0.004148623645305633,0.005330291378777474,0.0,0.0,-0.004655113234184683,0.0,0.022368837296962738,0.0,0.0,0.027591521143913268,0.0,-0.012535950606688858,0.0,1.0
Sorbs2os,0.12798032816499472,0.1812696185335517,0.14565161434933543,0.0,0.0,0.16332000751048326,0.0008662337157875299,-0.003747387528419495,0.0,0.0,0.0,0.08002910792827606,0.0,0.008264898778870702,0.0,0.0,0.0,0.0,-0.09293477565050125,0.0,0.0,0.010557399783283471,0.0,0.0,0.007665922865271568,-0.13799439721740783,0.0,-0.028804728891700507,0.0,-0.023787293629720808,0.021758934073150157,-0.2182544320449233,0.017577747488394378,-0.006222935020923614,-0.0011315702321007847,0.0009473048150539399,0.0,-0.007351517267525196,0.0,0.014134850353002548,0.0,0.0,0.04703364338725805,0.0,-0.0024607605952769516,2.0,1.0
4930402H24Rik,0.0743595721013844,-0.047622143886983395,-0.00753086507320404,0.0,0.0,-0.0005121103068813682,0.0008662337157875299,0.008071296215057373,0.0,0.0,0.0,0.10872300733812153,0.0,0.1095379312010482,0.0,0.0,0.0,0.0,-0.06962044671177864,0.0,0.0,0.10630710273981095,0.0,0.0,0.007665922865271568,-0.0697544647846371,0.0,-0.02517371518537402,0.0,0.10530507266521454,0.004962241360917687,0.296728772521019,0.022906232383102177,-0.011062995940446853,-0.0038711611926555635,0.0009473048150539399,0.0,0.014143403759226203,0.0,0.022368837296962738,0.0,0.0,-0.10651625802740455,0.0,-0.002600049078464508,0.0,1.0
Cacna1a,-0.5126508417353034,0.08637990020215511,-0.009563429653644562,0.0,0.0,-0.004534791652113199,0.001299350531771779,-0.0017295634746551513,0.0,0.0,0.0,-0.10572821815498173,0.0,-0.18948816945776342,0.0,0.0,0.0,0.0,-0.030847712606191634,0.0,0.0,0.031103992927819492,0.0,0.0,0.003679642975330353,-0.06648068837821483,0.0,0.010793594252318144,0.0,-0.023590259440243243,0.021076354514807463,-0.12518928750418126,0.01324200257193297,0.06188363283872604,-0.0020844714716076853,0.0,0.0,0.007478706147521734,0.0,-0.058719298094511034,0.0,0.0,-0.03674212755635381,0.0,0.0015786011423915625,0.0,0.0
Bmp1,0.0815791009971872,-0.10547305829823017,0.0,0.014425210282206535,0.0,-0.01999601423740387,-0.004858965333551168,0.0,0.0,0.0,0.0,0.0,0.0,-0.5867615921609104,0.0,0.0,-0.056834752671420574,-0.016748369559645652,0.0,0.0,0.0,0.0,-0.001427443027496338,0.0,0.0,0.037468930035829545,0.0,0.0,0.004462392255663872,0.00706062279175967,0.014476582370698453,0.08306777086108923,0.03369242276996374,0.04058384645730257,0.002404992487281561,0.0,0.003239310309290886,0.0,0.0,0.0,0.023880910873413087,-0.12708082389086484,-0.020973880589008332,0.0,-0.053381474241614345,1.0,0.0
Fam49a,0.0443816494429484,0.008045045863837004,0.0,0.002828472666442394,0.0,-0.01999601423740387,0.0044347700662910935,0.0,0.0,0.0,0.0,0.0,0.0,-0.3463359065540135,0.0,0.0,-0.04924564739689231,0.07876967553049326,0.0,0.0,0.0,0.0,-0.001427443027496338,0.0,0.0,0.01991685349494219,0.0,0.0,0.0017849569022655486,0.00706062279175967,-0.00768255490809679,-0.2407632850110531,-0.06769859421998263,-0.12719600709155202,0.002404992487281561,0.0,0.006362930964678526,0.0,0.0,0.0,0.023880910873413087,-0.13369641292840242,-0.020973880589008332,0.0,-0.053381474241614345,1.0,2.0
Pold4,0.030052119581960142,-0.05098922793753445,0.0,0.004808403439819813,0.0,0.032724745869636536,-0.0725374112278223,0.0,0.0,0.0,0.0,0.0,0.0,0.21607303369790315,0.0,0.0,-0.02407829225063324,-0.005495558828115464,0.0,0.0,0.0,0.0,-0.0021411643922328947,0.0,0.0,0.12926579274237157,0.0,0.0,0.027190843522548677,-0.031056190519593657,-0.03992003518156707,-0.09020250082015992,-0.016025629471987487,0.04763904318446294,0.002404992487281561,0.0,0.014037011079490186,0.0,0.0,0.0,0.023880910873413087,0.08067641973495483,-0.006367070861160755,0.0,0.017368360199034216,1.0,0.0
Eaf1,0.17006322529166937,0.014941985607147218,0.0,0.014425210282206535,0.0,-0.005998804271221161,-0.007828333247452975,0.0,0.0,0.0,0.0,0.0,0.0,0.332801722176373,0.0,0.0,-0.02512093126773834,-0.005495558828115464,0.0,0.0,0.0,0.0,-0.0021411643922328947,0.0,0.0,0.01864024929702282,0.0,0.0,-0.16344255372881888,0.031095916256308555,0.045976720862090585,0.002139594331383705,0.13635548911988735,0.03981843119487166,0.004275542125105858,0.0,-0.007828333247452975,0.0,0.0,0.0,0.023880910873413087,0.1678414986282587,-0.006367070861160755,0.0,-0.014669269435107707,1.0,1.0
Htr2c,-0.5876339187845587,0.033976843282580375,0.0,0.00622263977304101,0.0,-0.005998804271221161,-0.003239310309290886,0.0,0.0,0.0,0.0,0.0,0.0,-0.2909421144519001,0.0,0.0,-0.026351491548120977,0.03127234659157693,0.0,0.0,0.0,0.0,0.006423493176698685,0.0,0.0,-0.010319649688899517,0.0,0.0,0.001249469853937626,0.011921053547412156,-0.008000590708106756,0.08901201218366622,0.034823800846934316,0.026470662094652653,0.0028859908878803254,0.0,-0.003239310309290886,0.0,0.0,0.0,0.023880910873413087,0.13179436586797239,-0.005992537289857864,0.0,-0.017520552854984998,1.0,2.0
Mtx1,0.1763643265515566,0.014941985607147218,0.0,0.014425210282206535,0.0,-0.005998804271221161,-0.017353447824716567,0.0,0.0,0.0,0.0,0.0,0.0,0.337728806566447,0.0,0.0,-0.02512093126773834,-0.005495558828115464,0.0,0.0,0.0,0.0,-0.0021411643922328947,0.0,0.0,-0.04998401433229446,0.0,0.0,0.005354870706796646,0.031095916256308555,0.056825909148901704,0.002139594331383705,0.12683037396520377,0.03785497859120369,-0.11153820507228375,0.0,0.006748563144356012,0.0,0.0,0.0,0.023880910873413087,0.1678414986282587,-0.006367070861160755,0.0,-0.014669269435107707,1.0,1.0
Pdcd5,0.05972208334133029,-0.10547305829823017,0.0,-0.10705768823623657,0.0,-0.005998804271221161,-0.017970459312200548,0.0,0.0,0.0,0.0,0.0,0.0,-0.18843819732777775,0.0,0.0,0.3834727766737342,-0.005626405468210578,0.0,0.0,0.0,0.0,-0.001427443027496338,0.0,0.0,0.030815520584583284,0.0,0.0,-0.0543221884034574,0.0067738053109496835,-0.022196098919957875,0.09410551726818085,-0.02854446742683649,0.02052778225392103,-0.004809984862804413,0.0,0.006709999926388263,0.0,0.0,0.0,0.023880910873413087,0.09165661031380296,-0.007865205146372319,0.0,-0.02731550071388483,1.0,0.0
Myh10,0.07497747676447034,0.010665787160396576,0.0,0.004808403439819813,0.0,-0.01999601423740387,0.0037406321428716184,0.0,0.0,0.0,0.0,0.0,0.0,0.13159267000854016,0.0,0.0,-0.028440197966992854,-0.005495558828115464,0.0,0.0,0.0,0.0,-0.0021411643922328947,0.0,0.0,0.01864024929702282,0.0,0.0,-0.16344255372881888,0.011415831316262483,0.005719404015690088,-0.33808095842599867,-0.1839345917850733,0.021231303447857498,0.004275542125105858,0.0,-0.012841551322489977,0.0,0.0,0.0,0.023880910873413087,-0.18463768556714058,0.026966417878866195,0.0,0.017368360199034216,1.0,0.0
Atg7,-0.7520372984884307,0.014294815249741077,0.0,0.00622263977304101,0.0,-0.011855052411556244,0.0025451723113656044,0.0,0.0,0.0,0.0,0.0,0.0,-0.18971327558159828,0.0,0.0,0.13154020079411566,0.01753344977274537,0.0,0.0,0.0,0.0,-0.0010705821961164473,0.0,0.0,0.016683244332671165,0.0,0.0,-0.033021702729165554,0.00706062279175967,0.009849797897040845,0.03630115978419781,0.1062736164405942,0.016385250184684994,0.0017636611126363277,0.0,0.004280517064034939,0.0,0.0,0.0,-0.09552364349365235,-0.26683631299063565,-0.0035580689273774623,0.0,0.02936544395983219,1.0,0.0
Glo1,0.046148670613765715,0.01825239596888423,0.0,0.005656945239752531,0.0,-0.005998804271221161,0.007712643444538116,0.0,0.0,0.0,0.0,0.0,0.0,0.2569636583328247,0.0,0.0,-0.022678205743432045,-0.005495558828115464,0.0,0.0,0.0,0.0,0.01605873316526413,0.0,0.0,-0.0047942143678665165,0.0,0.0,0.005652363523840904,0.031095916256308555,0.0234759140945971,0.06451713353395462,-0.1550870968401432,-0.35616254739463327,0.004275542125105858,0.0,0.011376149039715528,0.0,0.0,0.0,0.023880910873413087,0.16673802860081197,-0.006367070861160755,0.0,-0.014669269435107707,1.0,1.0
Smc1a,0.1433090657182038,0.033976843282580375,0.0,0.014425210282206535,0.0,0.032724745869636536,-0.004396206717938184,0.0,0.0,0.0,0.0,0.0,0.0,0.29533948929980397,0.0,0.0,-0.02512093126773834,-0.005495558828115464,0.0,0.0,0.0,0.0,0.01605873316526413,0.0,0.0,-0.09446633538231254,0.0,0.0,0.005354870706796646,0.031095916256308555,-0.10014420311897992,0.12296956203877926,0.1329972529783845,0.04888967886567116,-0.024691255949437618,0.0,-0.004396206717938184,0.0,0.0,0.0,0.023880910873413087,0.1364153365790844,-0.006367070861160755,0.0,-0.014669269435107707,1.0,1.0
Adcy8,-1.0165313766524195,0.014294815249741077,0.0,0.00622263977304101,0.0,-0.01999601423740387,0.003470689617097378,0.0,0.0,0.0,0.0,0.0,0.0,0.11384575314819813,0.0,0.0,-0.02661367703229189,0.01164535096846521,0.0,0.0,0.0,0.0,-0.001427443027496338,0.0,0.0,0.052340763323009014,0.0,0.0,0.007675314713269472,0.011415831316262483,0.0023885940667241813,0.05497056607156992,0.027935829106718303,0.02435805765911937,0.0017636611126363277,0.0,0.006170114874839783,0.0,0.0,0.0,-0.09552364349365235,-0.38886281110346316,-0.002996268570423126,0.0,0.011535463519394398,1.0,0.0
Fbxl19,0.18203256636857987,-0.10547305829823017,0.0,-0.10705768823623657,0.0,-0.01999601423740387,0.005707356110215187,0.0,0.0,0.0,0.0,0.0,0.0,0.3037534503638744,0.0,0.0,-0.03350465834140778,-0.005495558828115464,0.0,0.0,0.0,0.0,-0.0021411643922328947,0.0,0.0,0.12579191513359547,0.0,0.0,0.027190843522548677,0.011415831316262483,0.040632293373346326,0.06671208970248699,0.0656220855563879,0.052657006531953814,-0.018171054124832154,0.0,0.012070286963135004,0.0,0.0,0.0,-0.09552364349365235,-0.18147043973207475,-0.006367070861160755,0.0,0.017368360199034216,1.0,1.0
2900005J15Rik,0.1547864392027259,0.008045045863837004,0.0,0.002828472666442394,0.0,-0.005998804271221161,0.0030850574374198915,0.0,0.0,0.0,0.0,0.0,0.0,0.3368453846499324,0.0,0.0,-0.022678205743432045,-0.005495558828115464,0.0,0.0,0.0,0.0,-0.0021411643922328947,0.0,0.0,0.016974289752542972,0.0,0.0,0.005652363523840904,0.031095916256308555,0.11861698966473341,-0.17490750703494995,0.12531492065638303,-0.23280595714226365,0.004275542125105858,0.0,-0.014654022566974163,0.0,0.0,0.0,0.023880910873413087,0.15861862264573573,-0.006367070861160755,0.0,-0.014669269435107707,1.0,1.0
9330179D12Rik,0.14586232256144285,0.033976843282580375,0.0,0.014425210282206535,0.0,-0.0045621639490127566,0.003470689617097378,0.0,0.0,0.0,0.0,0.0,0.0,0.3477822459489107,0.0,0.0,-0.02512093126773834,-0.005495558828115464,0.0,0.0,0.0,0.0,-0.0021411643922328947,0.0,0.0,0.12926579274237157,0.0,0.0,0.027190843522548677,0.031095916256308555,-0.09015012325718999,0.12296956203877926,0.1492240334302187,0.07786547929048539,0.002404992487281561,0.0,0.006170114874839783,0.0,0.0,0.0,0.023880910873413087,0.1476032802462578,-0.006367070861160755,0.0,-0.014669269435107707,1.0,1.0
Bhlhe41,0.030143544403836132,0.012321243695914745,0.0,-0.02545625399798155,0.0,-0.0045621639490127566,-0.00852247117087245,0.0,0.0,0.0,0.0,0.0,0.0,-0.4013883312046528,0.0,0.0,-0.05752825066447258,-0.016748369559645652,0.0,0.0,0.0,0.0,0.00874308854341507,0.0,0.0,-0.0040372828114777805,0.0,0.0,0.0008924784511327743,-0.024724004494491966,-0.05065154315903783,-0.019645587950944902,0.05055958367884159,-0.08907677807379515,0.004275542199611664,0.0,0.004396206717938184,0.0,0.0,0.0,0.023880910873413087,0.08372126433998346,-0.020973880589008332,0.0,-0.053381474241614345,1.0,0.0
Cuedc2,0.16065614700317382,0.014941985607147218,0.0,0.004808403439819813,0.0,-0.005998804271221161,0.0030850574374198915,0.0,0.0,0.0,0.0,0.0,0.0,0.3092098429426551,0.0,0.0,-0.02512093126773834,-0.005495558828115464,0.0,0.0,0.0,0.0,-0.0021411643922328947,0.0,0.0,-0.04998401433229446,0.0,0.0,0.005354870706796646,-0.07808524423278868,0.056825909148901704,-0.1307986171543598,0.12108484799042345,0.02031844780081883,-0.11153820507228375,0.0,-0.014654022566974163,0.0,0.0,0.0,0.023880910873413087,0.13737935088574887,-0.006367070861160755,0.0,-0.014669269435107707,1.0,0.0
Ythdf2,0.20120921723544596,0.014941985607147218,0.0,0.004808403439819813,0.0,0.032724745869636536,0.023523562401533128,0.0,0.0,0.0,0.0,0.0,0.0,0.29447157457470896,0.0,0.0,-0.02407829225063324,-0.005495558828115464,0.0,0.0,0.0,0.0,-0.0021411643922328947,0.0,0.0,0.1356791055947542,0.0,0.0,0.027190843522548677,0.031095916256308555,-0.08373681018128991,-0.1307986171543598,-0.015258390419185162,0.04929424822563305,-0.008283863011747598,0.0,0.0460830444842577,0.0,0.0,0.0,0.023880910873413087,0.1264841067045927,-0.006367070861160755,0.0,0.017368360199034216,1.0,1.0
A230077H06Rik,0.1559049379080534,0.033976843282580375,0.0,0.014425210282206535,0.0,-0.01999601423740387,0.003470689617097378,0.0,0.0,0.0,0.0,0.0,0.0,0.30383744969964027,0.0,0.0,-0.03350465834140778,-0.005495558828115464,0.0,0.0,0.0,0.0,-0.0021411643922328947,0.0,0.0,0.0926564633846283,0.0,0.0,0.027190843522548677,0.011415831316262483,0.045976720862090585,0.12296956203877926,0.12157545883208513,0.07786547929048539,0.004275542125105858,0.0,0.006170114874839783,0.0,0.0,0.0,0.023880910873413087,-0.16893192291259765,-0.006367070861160755,0.0,0.017368360199034216,1.0,1.0
Dync1li1,0.1571288150176406,0.033976843282580375,0.0,0.014425210282206535,0.0,-0.005998804271221161,0.003470689617097378,0.0,0.0,0.0,0.0,0.0,0.0,0.3348672055453062,0.0,0.0,-0.02407829225063324,-0.005495558828115464,0.0,0.0,0.0,0.0,0.01605873316526413,0.0,0.0,0.0769691824913025,0.0,0.0,-0.045218908190727235,0.031095916256308555,0.10529986783862114,0.12296956203877926,0.14380821596831084,0.044724779427051546,0.02672213822603226,0.0,0.006170114874839783,0.0,0.0,0.0,0.023880910873413087,0.1777727285027504,-0.006367070861160755,0.0,0.017368360199034216,0.0,1.0
Kpnb1,0.08684324262663722,0.033976843282580375,0.0,0.014425210282206535,0.0,-0.005998804271221161,0.0037406321428716184,0.0,0.0,0.0,0.0,0.0,0.0,0.22567463032901286,0.0,0.0,-0.02512093126773834,-0.005495558828115464,0.0,0.0,0.0,0.0,-0.025693973153829576,0.0,0.0,-0.2093617870658636,0.0,0.0,0.005354870706796646,0.031095916256308555,0.0234759140945971,0.12296956203877926,-0.1539006781578064,0.04888967886567116,0.004275542125105858,0.0,-0.012841551322489977,0.0,0.0,0.0,0.023880910873413087,0.1777727285027504,-0.006367070861160755,0.0,-0.014669269435107707,0.0,0.0
Stx1a,0.1807084036245942,0.033976843282580375,0.0,0.014425210282206535,0.0,-0.01999601423740387,0.023523562401533128,0.0,0.0,0.0,0.0,0.0,0.0,0.2100505164824426,0.0,0.0,-0.03454729735851288,-0.005495558828115464,0.0,0.0,0.0,0.0,-0.025693973153829576,0.0,0.0,-0.11018292738124728,0.0,0.0,-0.045218908190727235,0.011415831316262483,0.03131435016170144,0.10951766103506089,-0.12157009646296502,0.044724779427051546,-0.018171054124832154,0.0,0.0460830444842577,0.0,0.0,0.0,0.023880910873413087,-0.16893192291259765,-0.006367070861160755,0.0,-0.014669269435107707,0.0,0.0
Ptprs,0.05966796616557986,0.01825239596888423,0.0,0.005656945239752531,0.0,-0.01999601423740387,0.0044347700662910935,0.0,0.0,0.0,0.0,0.0,0.0,-0.3075595028884709,0.0,0.0,0.023268051631748676,-0.016748369559645652,0.0,0.0,0.0,0.0,-0.001427443027496338,0.0,0.0,0.0076820398867130275,0.0,0.0,-0.01874204747378826,0.00706062279175967,-0.019587618615478277,0.062423368468880656,-0.06375958260148763,-0.21693590901792048,0.004275542199611664,0.0,0.006362930964678526,0.0,0.0,0.0,0.023880910873413087,-0.09625053441151976,-0.020973880589008332,0.0,0.07191187180578709,0.0,0.0
Grid1,-0.7468596540717408,0.014294815249741077,0.0,0.00622263977304101,0.0,-0.01999601423740387,0.001851034462451935,0.0,0.0,0.0,0.0,0.0,0.0,-0.21731015313416718,0.0,0.0,-0.027832779693417253,0.03127234659157693,0.0,0.0,0.0,0.0,-0.0010705821961164473,0.0,0.0,0.028510093837976456,0.0,0.0,0.002379942536354065,0.00706062279175967,-0.0010528344474732875,0.050259594395756724,0.012223138883709907,0.018170207031071185,0.0012826626002788544,0.0,-0.0045118963718414305,0.0,0.0,0.0,-0.09552364349365235,-0.3344731952622533,0.04382042858749628,0.0,0.02936544395983219,2.0,2.0
Lmo4,0.15435356468893588,0.014941985607147218,0.0,0.004808403439819813,0.0,-0.01999601423740387,-0.0725374112278223,0.0,0.0,0.0,0.0,0.0,0.0,0.23140797013416886,0.0,0.0,-0.03350465834140778,-0.005495558828115464,0.0,0.0,0.0,0.0,-0.0021411643922328947,0.0,0.0,0.0926564633846283,0.0,0.0,0.027190843522548677,-0.024324410459958017,0.0366587776504457,-0.14425051906146108,-0.1645082653220743,0.04929424822563305,0.004275542125105858,0.0,0.014037011079490186,0.0,0.0,0.0,0.023880910873413087,-0.1358843799866736,-0.006367070861160755,0.0,0.017368360199034216,0.0,0.0
Dmd,-0.5310246063396334,0.033976843282580375,0.0,0.003535590833052993,0.0,-0.005998804271221161,-0.003239310309290886,0.0,0.0,0.0,0.0,0.0,0.0,-0.3010052903648466,0.0,0.0,-0.026351491548120977,0.03127234659157693,0.0,0.0,0.0,0.0,0.006423493176698685,0.0,0.0,0.0058048713766038415,0.0,0.0,0.000713982805609703,0.011921053547412156,0.015621780026704073,0.08097106408327819,0.034823800846934316,-0.05053631896153092,0.004863429274410009,0.0,-0.003239310309290886,0.0,0.0,0.0,0.023880910873413087,0.13179436586797239,-0.005992537289857864,0.0,-0.017520552854984998,2.0,2.0
Ptpru,0.14579196096165106,0.033976843282580375,0.0,0.014425210282206535,0.0,-0.011855052411556244,0.003470689617097378,0.0,0.0,0.0,0.0,0.0,0.0,0.23913345316424967,0.0,0.0,0.046180848963558674,0.01779514266178012,0.0,0.0,0.0,0.0,-0.0021411643922328947,0.0,0.0,0.12926579274237157,0.0,0.0,0.027190843522548677,-0.02682779943803325,-0.09015012325718999,0.11808410987257957,0.19337337976321578,0.07786547929048539,0.002404992487281561,0.0,0.006170114874839783,0.0,0.0,0.0,0.023880910873413087,-0.05530586367473006,-0.006367070861160755,0.0,0.017368360199034216,0.0,1.0
Camk2a,0.07812534793047235,0.01825239596888423,0.0,-0.04327563099563122,0.0,-0.005998804271221161,0.00266086196526885,0.0,0.0,0.0,0.0,0.0,0.0,-0.20591749933548273,0.0,0.0,0.3135061300173402,-0.005626405468210578,0.0,0.0,0.0,0.0,-0.001427443027496338,0.0,0.0,0.0011371979117393493,0.0,0.0,0.0008924784511327743,-0.027290770390536637,-0.03929826760664582,0.0020456817001104355,-0.042781418981030585,-0.16634560123551637,0.004275542199611664,0.0,-0.006979942452162504,0.0,0.0,0.0,0.023880910873413087,0.0928764713741839,-0.007865205146372319,0.0,-0.02731550071388483,0.0,0.0
Supt6,0.15681720923632383,0.033976843282580375,0.0,0.014425210282206535,0.0,-0.005998804271221161,0.003470689617097378,0.0,0.0,0.0,0.0,0.0,0.0,0.37961334474384784,0.0,0.0,-0.022678205743432045,-0.005495558828115464,0.0,0.0,0.0,0.0,-0.0021411643922328947,0.0,0.0,0.12926579274237157,0.0,0.0,0.027190843522548677,0.031095916256308555,0.017384032886475324,0.11808410987257957,0.14380821596831084,0.07786547929048539,0.002404992487281561,0.0,0.006170114874839783,0.0,0.0,0.0,0.023880910873413087,0.1777727285027504,-0.006367070861160755,0.0,-0.014669269435107707,0.0,1.0
Fbn2,-1.0104353214427828,0.033976843282580375,0.0,0.00622263977304101,0.0,-0.01999601423740387,0.003470689617097378,0.0,0.0,0.0,0.0,0.0,0.0,0.13383732312358915,0.0,0.0,-0.028050923272967338,-0.0018318529613316058,0.0,0.0,0.0,0.0,-0.001427443027496338,0.0,0.0,0.041491574887186286,0.0,0.0,0.007675314713269472,0.011415831316262483,0.020132094202563167,0.08813960995525122,0.03488892586901784,0.03497895667329431,0.0026722138747572897,0.0,0.006170114874839783,0.0,0.0,0.0,0.023880910873413087,-0.16893192291259765,-0.002996268570423126,0.0,-0.007440580688416958,0.0,0.0
Atxn2l,0.17487628400325775,0.010665787160396576,0.0,0.004808403439819813,0.0,-0.005998804271221161,0.023523562401533128,0.0,0.0,0.0,0.0,0.0,0.0,0.26925355594605205,0.0,0.0,-0.022678205743432045,-0.005495558828115464,0.0,0.0,0.0,0.0,-0.025693973153829576,0.0,0.0,-0.2093617870658636,0.0,0.0,0.005354870706796646,0.031095916256308555,0.09611618289723993,-0.27431895019952207,-0.1071384958177805,0.019267850844189523,0.004275542125105858,0.0,0.0460830444842577,0.0,0.0,0.0,0.023880910873413087,0.16206696584820748,-0.006367070861160755,0.0,-0.014669269435107707,0.0,1.0
Unc5a,0.10435515946475789,-0.039077312387526035,0.0,-0.041295700129121544,0.0,-0.01999601423740387,-0.004396206717938184,0.0,0.0,0.0,0.0,0.0,0.0,0.2198607619293034,0.0,0.0,-0.032104571834206584,-0.005495558828115464,0.0,0.0,0.0,0.0,-0.025693973153829576,0.0,0.0,-0.10670904941856861,0.0,0.0,-0.045218908190727235,-0.02682779943803325,-0.107906633336097,-0.22925284253433348,0.0966633328050375,0.010336426254361868,0.002404992487281561,0.0,-0.004396206717938184,0.0,0.0,0.0,0.023880910873413087,-0.1424660187959671,-0.006367070861160755,0.0,-0.014669269435107707,0.0,0.0
Jph4,0.14621527396142484,0.014941985607147218,0.0,0.004808403439819813,0.0,0.032724745869636536,0.0030850574374198915,0.0,0.0,0.0,0.0,0.0,0.0,0.2704065121524036,0.0,0.0,-0.02512093126773834,-0.005495558828115464,0.0,0.0,0.0,0.0,-0.0021411643922328947,0.0,0.0,0.05524957876652479,0.0,0.0,-0.16344255372881888,-0.07808524423278868,-0.09015012325718999,-0.1307986171543598,0.10040169959887862,0.022281900404486805,0.002404992487281561,0.0,-0.014654022566974163,0.0,0.0,0.0,0.023880910873413087,0.09602196089923382,-0.006367070861160755,0.0,-0.014669269435107707,0.0,1.0
Snta1,0.08937181275337934,0.014941985607147218,0.0,0.004808403439819813,0.0,-0.005998804271221161,-0.006632873490452766,0.0,0.0,0.0,0.0,0.0,0.0,0.24079762952402234,0.0,0.0,-0.02512093126773834,-0.005495558828115464,0.0,0.0,0.0,0.0,0.01605873316526413,0.0,0.0,-0.07859338626265526,0.0,0.0,0.005354870706796646,0.031095916256308555,-0.10914040511474013,-0.1307986171543598,-0.11290269343182445,0.02031844780081883,0.008283862937241792,0.0,-0.006632873490452766,0.0,0.0,0.0,0.023880910873413087,0.1678414986282587,-0.006367070861160755,0.0,-0.014669269435107707,0.0,0.0
Camkv,0.14053749778307975,0.014941985607147218,0.0,0.014425210282206535,0.0,-0.005998804271221161,0.006517183687537909,0.0,0.0,0.0,0.0,0.0,0.0,0.15637915273196995,0.0,0.0,-0.02407829225063324,-0.005495558828115464,0.0,0.0,0.0,0.0,-0.025693973153829576,0.0,0.0,-0.1762263354845345,0.0,0.0,0.005354870706796646,-0.02983017109101638,0.03131435016170144,-0.011312306672334672,-0.20560326331295073,0.03785497859120369,-0.018171054124832154,0.0,-0.05749775655567646,0.0,0.0,0.0,0.023880910873413087,0.12426456071436405,-0.006367070861160755,0.0,0.017368360199034216,0.0,1.0
Olfm1,0.07655077607138082,-0.03940279041416943,0.0,0.002828472666442394,0.0,0.11463712617754936,-0.014114137515425682,0.0,0.0,0.0,0.0,0.0,0.0,0.06497272055596114,0.0,0.0,0.14025380410254001,-0.0028786260820925238,0.0,0.0,0.0,0.0,0.01605873316526413,0.0,0.0,-0.011835997961461543,0.0,0.0,0.0019039540365338326,-0.02682779943803325,-0.10914040511474013,-0.02137610787525773,-0.1296501783467829,-0.11045089799445122,0.008283862937241792,0.0,0.006131551656872034,0.0,0.0,0.0,0.023880910873413087,-0.056154404394328596,-0.003932602498680353,0.0,-0.00997739404439926,0.0,0.0
Il1rapl1,-0.6104700013576075,0.014294815249741077,0.0,0.00622263977304101,0.0,-0.01999601423740387,0.0025451723113656044,0.0,0.0,0.0,0.0,0.0,0.0,-0.25535749525763096,0.0,0.0,-0.03577785763889551,0.03127234659157693,0.0,0.0,0.0,0.0,0.006423493176698685,0.0,0.0,-0.001394454799592495,0.0,0.0,0.001249469853937626,0.00706062279175967,0.015621780026704073,0.05584296829998493,0.00906095463782549,0.015849763080477714,0.004863429274410009,0.0,0.004280517064034939,0.0,0.0,0.0,0.023880910873413087,-0.3344731952622533,-0.005992537289857864,0.0,-0.017520552854984998,2.0,2.0
Slc6a7,0.1052210671827197,0.033976843282580375,0.0,0.014425210282206535,0.0,-0.005998804271221161,-0.017970459312200548,0.0,0.0,0.0,0.0,0.0,0.0,-0.4684056173637509,0.0,0.0,-0.05283637508749962,-0.016748369559645652,0.0,0.0,0.0,0.0,-0.001427443027496338,0.0,0.0,0.045218350403010844,0.0,0.0,0.004462392255663872,0.011921053547412156,-0.02433387013152242,0.12471436627209187,-0.0314321793243289,0.05037714295089245,0.0016033282876014709,0.0,0.006709999926388263,0.0,0.0,0.0,0.023880910873413087,0.13179436586797239,-0.020973880589008332,0.0,0.07191187180578709,0.0,0.0
C1ql3,0.015099388845264912,0.014941985607147218,0.0,0.004808403439819813,0.0,-0.005998804271221161,-0.017353447824716567,0.0,0.0,0.0,0.0,0.0,0.0,0.30599457522854207,0.0,0.0,-0.02512093126773834,-0.005495558828115464,0.0,0.0,0.0,0.0,-0.0021411643922328947,0.0,0.0,0.12579191513359547,0.0,0.0,0.027190843522548677,-0.07808524423278868,0.053815156929194925,-0.14425051906146108,0.064155833106488,0.04929424822563305,-0.018171054124832154,0.0,0.006748563144356012,0.0,0.0,0.0,0.023880910873413087,0.13737935088574887,-0.006367070861160755,0.0,-0.014669269435107707,0.0,1.0
Dgkz,0.06465603661257774,0.033976843282580375,0.0,0.005656945239752531,0.0,-0.01999601423740387,0.0025451723113656044,0.0,0.0,0.0,0.0,0.0,0.0,-0.45504921013489363,0.0,0.0,-0.06695461675524711,-0.016748369559645652,0.0,0.0,0.0,0.0,-0.001427443027496338,0.0,0.0,0.027666273787617685,0.0,0.0,0.0017849569022655486,0.00706062279175967,-0.03568714568391442,0.09928587578237057,0.032163713835179804,-0.14489534221589564,0.0016033282876014709,0.0,0.004280517064034939,0.0,0.0,0.0,0.023880910873413087,-0.11454230707138777,-0.020973880589008332,0.0,-0.053381474241614345,0.0,0.0
Chd3,0.15458165312185884,-0.10547305829823017,0.0,0.014425210282206535,0.0,0.032724745869636536,0.006517183687537909,0.0,0.0,0.0,0.0,0.0,0.0,0.08920093093067408,0.0,0.0,0.07810888458508998,-0.0028786260820925238,0.0,0.0,0.0,0.0,-0.025693973153829576,0.0,0.0,-0.2093617870658636,0.0,0.0,0.005354870706796646,0.031095916256308555,0.0234759140945971,0.09493244014680385,-0.14110147938132286,0.03909638237208128,0.004275542125105858,0.0,-0.05749775655567646,0.0,0.0,0.0,0.023880910873413087,0.10083459081128239,0.01591767678037286,0.0,0.012676484622061253,0.0,0.0
Rapgef6,0.13369174810126425,0.014294815249741077,0.0,0.014425210282206535,0.0,-0.01999601423740387,0.0023137930035591124,0.0,0.0,0.0,0.0,0.0,0.0,0.14798687080852688,0.0,0.0,0.04697073075920343,-0.005495558828115464,0.0,0.0,0.0,0.0,-0.025693973153829576,0.0,0.0,-0.10670904941856861,0.0,0.0,-0.045218908190727235,0.011415831316262483,-0.09015012325718999,0.08491506598889828,0.09882520202547312,0.034103880412876604,0.002404992487281561,0.0,-0.006748563144356012,0.0,0.0,0.0,-0.09552364349365235,-0.35953633854165673,0.026966417878866195,0.0,0.017368360199034216,2.0,1.0
Slc17a7,0.13339584728702902,0.014941985607147218,0.0,-0.041295700129121544,0.0,-0.005998804271221161,0.006517183687537909,0.0,0.0,0.0,0.0,0.0,0.0,0.0832926513440907,0.0,0.0,0.09731146968901157,-0.0028786260820925238,0.0,0.0,0.0,0.0,-0.025693973153829576,0.0,0.0,-0.1762263354845345,0.0,0.0,0.005354870706796646,-0.07808524423278868,0.03131435016170144,-0.0873211711179465,-0.14991692224517464,0.017207128240261226,-0.018171054124832154,0.0,-0.05749775655567646,0.0,0.0,0.0,0.023880910873413087,0.11433712193742394,-0.003932602498680353,0.0,-0.00997739404439926,0.0,0.0
Pde2a,0.10328434724826366,0.033976843282580375,0.0,0.014425210282206535,0.0,-0.01999601423740387,0.001851034462451935,0.0,0.0,0.0,0.0,0.0,0.0,-0.4264314688183367,0.0,0.0,-0.04850403780117631,0.07876967553049326,0.0,0.0,0.0,0.0,-0.001427443027496338,0.0,0.0,0.045218350403010844,0.0,0.0,0.004462392255663872,0.00706062279175967,-0.03568714568391442,0.12471436627209187,0.03532589811831713,0.05037714295089245,0.0016033282876014709,0.0,-0.0045118963718414305,0.0,0.0,0.0,-0.09552364349365235,-0.11454230707138777,0.11573087729513645,0.0,-0.053381474241614345,0.0,0.0
Tsix,0.08407507453113794,-0.10547305829823017,0.0,0.014425210282206535,0.0,0.032724745869636536,0.001851034462451935,0.0,0.0,0.0,0.0,0.0,0.0,-0.6276350612938404,0.0,0.0,-0.047408386580646035,-0.016748369559645652,0.0,0.0,0.0,0.0,0.00874308854341507,0.0,0.0,0.0001495206356048584,0.0,0.0,0.0019039540365338326,0.011921053547412156,0.039684408102184536,0.06961586985737085,0.051048311442136764,0.03505048006772995,0.00881830571219325,0.0,-0.0045118963718414305,0.0,0.0,0.0,0.023880910873413087,0.07789845880120992,-0.020973880589008332,0.0,-0.053381474241614345,2.0,2.0
Rundc3a,0.11256013506092132,0.014941985607147218,0.0,0.004808403439819813,0.0,-0.005998804271221161,-0.008059712555259467,0.0,0.0,0.0,0.0,0.0,0.0,-0.21095017574727534,0.0,0.0,0.3834727766737342,-0.005626405468210578,0.0,0.0,0.0,0.0,-0.001427443027496338,0.0,0.0,0.02092832896858454,0.0,0.0,-0.0543221884034574,-0.024724004494491966,0.010073955170810223,-0.10340518958866596,-0.050022609177976844,0.017165023947600274,0.002404992487281561,0.0,-0.008059712555259467,0.0,0.0,0.0,0.023880910873413087,0.09429682591930032,-0.007865205146372319,0.0,-0.02731550071388483,0.0,1.0
Camk2b,0.055534393414855006,0.01825239596888423,0.0,0.005656945239752531,0.0,-0.01999601423740387,0.0044347700662910935,0.0,0.0,0.0,0.0,0.0,0.0,-0.2786348325200379,0.0,0.0,-0.05936551148071885,0.07876967553049326,0.0,0.0,0.0,0.0,-0.007137214988470078,0.0,0.0,-0.05403556851670146,0.0,0.0,0.0008924784511327743,0.00492403388954699,0.010073955170810223,0.0711473899334669,-0.08561065078713,-0.22348075099289416,0.002404992487281561,0.0,0.006362930964678526,0.0,0.0,0.0,0.023880910873413087,-0.11331812407821416,-0.020973880589008332,0.0,-0.053381474241614345,0.0,0.0
Cntnap4,-0.9540945296362042,-0.04199127914384007,0.0,0.00622263977304101,0.0,0.0643547149002552,0.003470689617097378,0.0,0.0,0.0,0.0,0.0,0.0,0.11362389306072146,0.0,0.0,-0.027529603764414788,-0.0018318529613316058,0.0,0.0,0.0,0.0,-0.001427443027496338,0.0,0.0,0.052340763323009014,0.0,0.0,0.007675314713269472,0.011415831316262483,-0.03895039231516421,0.04461006265133619,0.06899701703339815,0.022399398367851972,0.0017636611126363277,0.0,0.006170114874839783,0.0,0.0,0.0,0.023880910873413087,-0.25219220131635667,-0.002996268570423126,0.0,0.011535463519394398,0.0,2.0
Celf4,-0.5670280257938429,0.009880935526452958,0.0,0.003535590833052993,0.0,-0.01999601423740387,0.00266086196526885,0.0,0.0,0.0,0.0,0.0,0.0,-0.18495461798273027,0.0,0.0,-0.03240705570671707,0.03127234659157693,0.0,0.0,0.0,0.0,-0.0010705821961164473,0.0,0.0,0.016147757191210987,0.0,0.0,0.001249469853937626,0.00706062279175967,0.0077297627599909905,0.039388061240315436,-0.04621486277785152,-0.11474261555820703,0.0017636611126363277,0.0,-0.006979942452162504,0.0,0.0,0.0,-0.09552364349365235,-0.2799893635138869,0.04382042858749628,0.0,-0.017520552854984998,0.0,2.0
Brinp2,0.06855448144022375,0.01825239596888423,0.0,0.005656945239752531,0.0,-0.01999601423740387,0.0044347700662910935,0.0,0.0,0.0,0.0,0.0,0.0,-0.2803280976042151,0.0,0.0,0.0207372928224504,0.07876967553049326,0.0,0.0,0.0,0.0,-0.001427443027496338,0.0,0.0,0.027666273787617685,0.0,0.0,0.0017849569022655486,0.00706062279175967,-0.004623221140354872,0.0711473899334669,-0.06375958260148763,-0.25055259734392166,0.0016033282876014709,0.0,0.006362930964678526,0.0,0.0,0.0,0.023880910873413087,-0.09625053441151976,-0.020973880589008332,0.0,0.07191187180578709,0.0,0.0
Ephb6,0.1496529278345406,-0.039077312387526035,0.0,0.004808403439819813,0.0,0.032724745869636536,0.006517183687537909,0.0,0.0,0.0,0.0,0.0,0.0,0.3090981850028038,0.0,0.0,-0.022678205743432045,-0.005495558828115464,0.0,0.0,0.0,0.0,-0.0021411643922328947,0.0,0.0,0.12579191513359547,0.0,0.0,0.027190843522548677,0.031095916256308555,0.09077175540849566,-0.2175347226532176,-0.14351795317605137,0.046588446227833626,-0.018171054124832154,0.0,-0.05749775655567646,0.0,0.0,0.0,0.023880910873413087,0.11689206518232823,-0.006367070861160755,0.0,-0.014669269435107707,0.0,2.0
Dlg4,0.0726929209008813,-0.05098922793753445,0.0,-0.10705768823623657,0.0,0.11463712617754936,0.007712643444538116,0.0,0.0,0.0,0.0,0.0,0.0,0.25054382242262363,0.0,0.0,-0.03350465834140778,-0.005495558828115464,0.0,0.0,0.0,0.0,-0.0021411643922328947,0.0,0.0,0.0926564633846283,0.0,0.0,0.027190843522548677,0.011415831316262483,0.045976720862090585,0.01940081227570772,-0.06046002643182874,0.049760397709906104,0.004275542125105858,0.0,0.011376149039715528,0.0,0.0,0.0,0.023880910873413087,-0.12981484815478325,-0.006367070861160755,0.0,0.017368360199034216,0.0,1.0
Nrg3os,0.1433785736747086,0.010665787160396576,0.0,0.004808403439819813,0.0,-0.01999601423740387,-0.007481264285743237,0.0,0.0,0.0,0.0,0.0,0.0,0.30840235978364944,0.0,0.0,-0.031061932817101477,-0.005495558828115464,0.0,0.0,0.0,0.0,0.01605873316526413,0.0,0.0,0.07088795814663172,0.0,0.0,0.027190843522548677,0.011415831316262483,0.028220210783183576,-0.33808095842599867,0.12056142956018448,0.04824365126900375,0.004275542125105858,0.0,0.004280517064034939,0.0,0.0,0.0,0.023880910873413087,-0.18463768556714058,-0.006367070861160755,0.0,0.017368360199034216,2.0,1.0
Trim46,0.1583666840940714,-0.10547305829823017,0.0,-0.10705768823623657,0.0,-0.005998804271221161,-0.007828333247452975,0.0,0.0,0.0,0.0,0.0,0.0,0.3211279916390777,0.0,0.0,-0.022678205743432045,-0.005495558828115464,0.0,0.0,0.0,0.0,-0.0021411643922328947,0.0,0.0,0.12926579274237157,0.0,0.0,0.027190843522548677,-0.0857327279401943,-0.09015012325718999,0.06182663753628731,0.10173868058249354,0.052657006531953814,0.002404992487281561,0.0,-0.007828333247452975,0.0,0.0,0.0,0.023880910873413087,0.13263837434351444,-0.006367070861160755,0.0,-0.014669269435107707,0.0,1.0
Sv2a,0.14201617570593952,-0.05098922793753445,0.0,-0.10705768823623657,0.0,-0.005998804271221161,0.006517183687537909,0.0,0.0,0.0,0.0,0.0,0.0,0.2600829912163317,0.0,0.0,-0.02512093126773834,-0.005495558828115464,0.0,0.0,0.0,0.0,0.01605873316526413,0.0,0.0,-0.07859338626265526,0.0,0.0,0.005354870706796646,0.031095916256308555,-0.15695546887814998,0.01940081227570772,-0.058979801815003154,0.020784597285091876,0.008283862937241792,0.0,-0.05749775655567646,0.0,0.0,0.0,0.023880910873413087,0.16233760237693787,-0.006367070861160755,0.0,-0.014669269435107707,0.0,1.0
Rimbp2,0.08754943859297783,0.014294815249741077,0.0,0.005656945239752531,0.0,-0.01999601423740387,0.0025451723113656044,0.0,0.0,0.0,0.0,0.0,0.0,-0.3977738886512816,0.0,0.0,-0.04455377181991935,0.07876967553049326,0.0,0.0,0.0,0.0,-0.001427443027496338,0.0,0.0,0.027666273787617685,0.0,0.0,0.0017849569022655486,0.00706062279175967,-0.00022059394046664238,0.05739281043410301,0.030877307392656803,-0.1555162412300706,0.0016033282876014709,0.0,0.004280517064034939,0.0,0.0,0.0,-0.09552364349365235,-0.3344731952622533,-0.020973880589008332,0.0,0.07191187180578709,0.0,0.0
Eif4enif1,0.09817601826041937,0.033976843282580375,0.0,0.014425210282206535,0.0,0.032724745869636536,-0.006632873490452766,0.0,0.0,0.0,0.0,0.0,0.0,0.22328333646059037,0.0,0.0,-0.022678205743432045,-0.005495558828115464,0.0,0.0,0.0,0.0,0.01605873316526413,0.0,0.0,-0.07175251943990588,0.0,0.0,0.005354870706796646,0.01209298189729452,0.034325102381408214,0.11808410987257957,-0.2755223374813795,0.04888967886567116,-0.11153820507228375,0.0,-0.006632873490452766,0.0,0.0,0.0,0.023880910873413087,0.10098174639046192,-0.006367070861160755,0.0,-0.014669269435107707,0.0,1.0
Slc4a2,0.16096313700079917,-0.084662556797266,-0.0020095899794250727,0.0,0.0,0.011993666887283325,-0.11015513680875301,0.006545255333185196,0.0,0.0,0.0,0.042152049392461775,0.10288656741380692,0.170011784741655,0.0,-0.0008092657476663589,-0.01045742504298687,0.03564268541522324,0.0,0.0,0.0,0.0,-0.008438334539532662,0.0,-0.007042215396650136,-0.149584292024374,0.0,0.006669574296101928,0.0,0.03362149760127067,0.06914915130008012,0.0,0.08498210333287716,-0.04115896119736135,0.28165327360853554,0.014099021553993224,0.004657136090099811,0.0,0.0,0.0,0.019246908351778984,0.11112315338104964,0.0,0.0,0.0,1.0,1.0
A730090N16Rik,0.15620725792832674,-0.0674706557393074,-0.0020129209756851196,0.0,0.0,0.014602197408676148,0.0005931045301258564,-0.02087853598408401,0.0,0.0,0.0,0.042152049392461775,0.08260883070528507,0.16986451212316753,0.0,-0.0008092657476663589,-0.007854464650154113,0.015861057061702013,0.0,0.0,0.0,0.0,-0.017320726662874222,0.0,-0.012221756726503372,0.20252694964408874,0.0,-0.02438338584266603,0.0,0.018520231461152434,-0.14243362709879875,0.0,0.10914199279621244,0.07029354214668274,-0.10802497368305922,0.004818652905523777,0.01363507255911827,0.0,0.0,0.0,0.019246908351778984,0.06492368180304765,0.0,0.0,0.0,1.0,1.0
Gm11084,0.16170904852449894,-0.09875107236206532,-0.0019279029802419245,0.0,0.0,-0.025215823650360108,0.0026814623922109602,0.004349694959819317,0.0,0.0,0.0,0.006235146131366491,0.08271753244102001,0.1625184908695519,0.0,-0.0008092657476663589,-0.01045742504298687,0.023483380004763604,0.0,0.0,0.0,0.0,-0.009341280050575733,0.0,0.04328910532873124,0.09589366275817156,0.0,0.0484282248839736,0.0,-0.07268119137734175,0.06501761300489306,0.0,0.05485994040267542,0.03821232318878174,-0.06808726526796818,0.014099021553993224,-0.15571045748889445,0.0,0.0,0.0,0.019246908351778984,-0.05494964150711894,0.0,0.0,0.0,1.0,1.0
Arrb1,0.11926229777280241,-0.0640383767336607,-0.01143613174557686,0.0,0.0,0.006451528668403626,-0.012223955653607845,0.0020712833851575852,0.0,0.0,0.0,-0.03779286704957485,-0.1903433333709836,-0.2669350651651621,0.0,0.0020231643319129945,-0.02422612503170967,-0.02105929095298052,0.0,0.0,0.0,0.0,-0.017320726662874222,0.0,0.0030058667249977587,0.1955320080369711,0.0,0.0075258675636723634,0.0,-0.02460963801946491,-0.013389199003577233,0.0,0.16395006567239762,0.0029093671031296254,0.24041733879595995,0.0021416234970092775,0.010887286588549615,0.0,0.0,0.0,0.019246908351778984,0.04632329622283578,0.0,0.0,0.0,1.0,0.0
Tceal1,-0.010285680871456862,0.2042658904567361,0.007619056254625321,0.0,0.0,-0.03378369556739926,0.013297426992794499,-0.019138657916337252,0.0,0.0,0.0,0.016150080095976592,0.07910941729322075,0.142350120767951,0.0,-0.0008092657476663589,-0.007854464650154113,0.015186152262613177,0.0,0.0,0.0,0.0,0.10953149471431971,0.0,0.023188827689737082,-0.1130283908545971,0.0,0.09006512012332678,0.0,0.012618094747886062,0.10693872417323291,0.0,-0.005235622769687325,0.031085207611322403,-0.08250594768673182,0.005639608632773161,0.004040259197354317,0.0,0.0,0.0,0.019246908351778984,0.06764047143980861,0.0,0.0,0.0,1.0,1.0
Zfp85os,0.13657880533719435,-0.05243261769413948,-0.0017202624399214983,0.0,0.0,0.0051791733503341675,0.04152711763046682,0.005178208304569125,0.0,0.0,0.0,0.020197025090456008,0.07065646475180984,0.1208209154754877,0.0,-0.0008092657476663589,-0.006152767352759838,0.022932752193883063,0.0,0.0,0.0,0.0,0.10953149471431971,0.0,0.053206718957517295,-0.13180075466632843,0.0,0.06624272182583808,0.0,0.013239442107733338,-0.04312213700264692,0.0,-0.2692676960118115,0.03386385833844543,-0.07445048570632934,0.00306966055650264,0.004040259197354317,0.0,0.0,0.0,0.019246908351778984,0.07260053910315037,0.0,0.0,0.0,1.0,1.0
Gm14295,0.13052264925092458,-0.06007210420444608,-0.001587170660495758,0.0,0.0,0.011993666887283325,-0.17234114661812783,0.006545255333185196,0.0,0.0,0.0,0.042152049392461775,0.07710097961127758,0.11069081041961909,0.0,-0.0008092657476663589,-0.007854464650154113,0.03564268541522324,0.0,0.0,0.0,0.0,0.055222776159644126,0.0,-0.012221756726503372,-0.1245853182207793,0.0,0.00160730155184865,0.0,-0.10836549796164036,-0.04655417528003454,0.0,0.06535406312905252,0.07029354214668274,-0.10407393004745245,0.005175590179860592,0.004040259197354317,0.0,0.0,0.0,0.019246908351778984,0.10005608152598143,0.0,0.0,0.0,1.0,1.0
Nrbp1,0.17000224031507968,-0.0657594820857048,-0.0022200355213135483,0.0,0.0,0.011993666887283325,0.0192814302444458,0.02046427898108959,0.0,0.0,0.0,0.042152049392461775,0.10288656741380692,0.17528569065034388,0.0,-0.0008092657476663589,-0.01045742504298687,0.08442281328141689,0.0,0.0,0.0,0.0,-0.03741193979978561,0.0,-0.011606890722177923,-0.10658185616135597,0.0,-0.0088343976251781,0.0,0.03362149760127067,0.06728733737953008,0.0,0.1629920181259513,-0.043972676284611226,0.2703824123926461,0.014099021553993224,0.004040259197354317,0.0,0.0,0.0,0.019246908351778984,0.11112315338104964,0.0,0.0,0.0,1.0,1.0
Scmh1,0.14717486478388309,-0.0657594820857048,0.007619056254625321,0.0,0.0,0.011993666887283325,0.0014292937237769365,0.005178208304569125,0.0,0.0,0.0,0.042152049392461775,0.10288656741380692,0.15043314643204211,0.0,-0.0008092657476663589,-0.007854464650154113,0.022932752193883063,0.0,0.0,0.0,0.0,-0.03741193979978561,0.0,0.0577957970649004,-0.17591608099639416,0.0,-0.056910697817802426,0.0,0.03362149760127067,0.13476111471652985,0.0,-0.0522858664020896,0.03398928895592689,-0.07742380533367395,0.014099021553993224,0.004040259197354317,0.0,0.0,0.0,0.019246908351778984,0.10005608152598143,0.0,0.0,0.0,1.0,1.0
Glce,0.1779526957590133,-0.06806516826152802,-0.002300233542919159,0.0,0.0,0.014602197408676148,-0.03514434391632676,0.002568391393870115,0.0,0.0,0.0,0.042152049392461775,0.08260883070528507,0.20198419224470854,0.0,-0.0008092657476663589,-0.01045742504298687,0.014628881281241774,0.0,0.0,0.0,0.0,-0.012267370205372573,0.0,0.010818981528282166,0.2242308610677719,0.0,0.020754374861717224,0.0,0.018520231461152434,-0.15567825367674232,0.0,0.1076600200496614,0.0061083849985152485,0.15648567320778967,0.004818652905523777,0.015845547690987588,0.0,0.0,0.0,0.019246908351778984,0.06644269187003374,0.0,0.0,0.0,1.0,1.0
Lamp5,0.1511870172340423,0.2042658904567361,-0.0021725084446370603,0.0,0.0,0.005713643431663513,0.01942610044963658,-0.08641393918544055,0.0,0.0,0.0,0.008773879036307336,0.0814032006263733,0.16347133413888515,0.0,-0.0008092657476663589,-0.01045742504298687,0.04196150379255414,0.0,0.0,0.0,0.0,0.10953149471431971,0.0,-0.005478545315563679,-0.04325730013661087,0.0,0.010334259388037026,0.0,0.012113596191629767,-0.0816823571966961,0.0,0.1893792278878391,-0.029535665549337863,0.2909030427597463,0.004818652905523777,-0.041788848340511324,0.0,0.0,0.0,0.019246908351778984,-0.005674716737121344,0.0,0.0,0.0,1.0,1.0
Derl2,0.15525064906105399,0.18863333988934755,0.007193305939435959,0.0,0.0,0.00778770387172699,-0.02117065749131143,0.001532749617472291,0.0,0.0,0.0,0.020197025090456008,0.074129967559129,0.20152382247149944,0.0,-0.0008092657476663589,-0.007854464650154113,0.007985046296380461,0.0,0.0,0.0,0.0,-0.012267370205372573,0.0,0.023188827689737082,0.25602099653333427,0.0,0.008187721632421017,0.0,0.01007205804809928,0.10770508464425803,0.0,-0.2352132853679359,0.031085207611322403,-0.08645699132233858,0.005818077269941569,0.01363507255911827,0.0,0.0,0.0,0.019246908351778984,0.07260053910315037,0.0,0.0,0.0,1.0,0.0
Ncbp1,0.17229472614824773,-0.0674706557393074,-0.00150662905536592,0.0,0.0,0.014602197408676148,0.0028300905227661133,0.004349694959819317,0.0,0.0,0.0,0.042152049392461775,0.10288656741380692,0.17685249794274568,0.0,-0.0008092657476663589,-0.007854464650154113,0.023483380004763604,0.0,0.0,0.0,0.0,-0.017320726662874222,0.0,-0.06752557127736508,0.15836718861013652,0.0,-0.04273145288228988,0.0,0.03362149760127067,0.07060248153284192,0.0,0.09770388711243867,0.01993399403989315,-0.10335507426410913,0.014099021553993224,0.01363507255911827,0.0,0.0,0.0,0.019246908351778984,0.10005608152598143,0.0,0.0,0.0,1.0,1.0
Masp2,0.16906302995979786,0.18863333988934755,-0.0018446528888307512,0.0,0.0,0.014602197408676148,-0.02117065749131143,0.001532749617472291,0.0,0.0,0.0,0.042152049392461775,0.08197800107300282,0.18089019358158112,0.0,-0.0008092657476663589,-0.007854464650154113,0.007985046296380461,0.0,0.0,0.0,0.0,-0.012267370205372573,0.0,0.05111984628019854,0.26338647738099097,0.0,0.06133364930748939,0.0,0.013222921397536993,0.031481450600549576,0.0,0.028937130328267814,0.03700528234243393,-0.0749110059812665,-0.1055463457852602,0.015252923741936684,0.0,0.0,0.0,0.019246908351778984,0.10005608152598143,0.0,0.0,0.0,1.0,0.0
Slc22a14,0.11638076264411211,-0.0674706557393074,-0.009358707156497986,0.0,0.0,0.006451528668403626,-0.012845340687781572,-0.008492261860519648,0.0,0.0,0.0,-0.03779286704957485,0.07710097961127758,-0.13167104935273527,0.0,0.0020231643319129945,-0.02422612503170967,-0.014016927387565374,0.0,0.0,0.0,0.0,-0.017320726662874222,0.0,0.009064374268054962,0.16027698846533894,0.0,0.01931174233555794,0.0,-0.10836549796164036,0.009423448764719069,0.0,0.018585621835663913,0.006068033967167139,-0.04208329398185015,0.005175590179860592,-0.15571045748889445,0.0,0.0,0.0,-0.0939701995998621,-0.04290326811373234,0.0,0.0,0.0,1.0,0.0
P4ha3,0.08585867781424895,0.19506550408899784,-0.005581407267600298,0.0,0.0,0.005713643431663513,-0.041385300289839506,-0.010190714234486222,0.0,0.0,0.0,0.008773879036307336,-0.21459673289209605,-0.12759182002395392,0.0,-0.0012138985842466354,-0.015416106283664703,-0.02449062334373593,0.0,0.0,0.0,0.0,-0.021360101886093618,0.0,-0.0064547538664191965,-0.09611950675025582,0.0,-0.018276328034698964,0.0,0.004382160189561546,-0.06540169046260416,0.0,0.030233619222417473,0.019310587933287025,-0.03332977732643485,0.002855498194694519,-0.020953857591375708,0.0,0.0,0.0,0.019246908351778984,-0.09707129430025815,0.0,0.0,0.0,1.0,0.0
Mast3,0.09395984610542656,0.19625452913343908,-0.019594847476109862,0.0,0.0,0.005312790870666504,-0.010029716305434705,0.004971079975366593,0.0,0.0,0.0,-0.09591209009289742,-0.27275247052311896,-0.12079751966521143,0.0,0.0020231643319129945,-0.02422612503170967,-0.07914209693670272,0.0,0.0,0.0,0.0,-0.03741193979978561,0.0,-0.005871754500549287,-0.12956710217520595,0.0,-0.019459895431064068,0.0,0.006369492895901203,0.0344636492151767,0.0,0.06981375552713871,0.003412703350186348,-0.04521691465750337,0.005175590179860592,0.0027349583059549333,0.0,0.0,0.0,0.019246908351778984,0.06055670015513897,0.0,0.0,0.0,1.0,0.0
Mrps26,-0.031884154211729764,-0.08165742680430413,-0.0010808787401765585,0.0,0.0,-0.03378369556739926,0.0014292937237769365,0.005178208304569125,0.0,0.0,0.0,0.016150080095976592,0.06014601239934564,0.11852932222187519,0.0,-0.0008092657476663589,-0.007854464650154113,0.022932752193883063,0.0,0.0,0.0,0.0,-0.03741193979978561,0.0,-0.06752557127736508,-0.17591608099639416,0.0,-0.06470339193940162,0.0,-0.08727795896120369,0.038314832863397895,0.0,-0.08254445407306775,0.027619099048897623,-0.09900914330035449,0.005639608632773161,0.004040259197354317,0.0,0.0,0.0,0.019246908351778984,0.06764047143980861,0.0,0.0,0.0,1.0,0.0
Ski,0.09613008354092017,-0.08568912170827389,-0.004182567440439016,0.0,0.0,-0.02782435417175293,-0.0038586063124239445,0.0021541347168385983,0.0,0.0,0.0,0.006235146131366491,-0.21527432441711425,-0.14708739560097456,0.0,-0.0008092657476663589,0.12680583015084268,-0.019495513327419757,0.0,0.0,0.0,0.0,-0.012897178418934346,0.0,0.009064374268054962,-0.12001612585037946,0.0,0.0018050618842244148,0.0,0.006517705223523081,-0.037439531642012296,0.0,-0.05365109312115237,0.006068033967167139,-0.11108467105776071,0.002855498194694519,0.001329982355237007,0.0,0.0,0.0,0.019246908351778984,-0.05494964150711894,0.0,0.0,0.0,1.0,0.0
Cwh43,0.14248362046666443,-0.0674706557393074,-0.0023290118109434844,0.0,0.0,0.011993666887283325,0.0028300905227661133,0.004349694959819317,0.0,0.0,0.0,0.042152049392461775,0.08260883070528507,0.1581347987242043,0.0,-0.0008092657476663589,-0.01045742504298687,0.023483380004763604,0.0,0.0,0.0,0.0,-0.017320726662874222,0.0,0.053206718957517295,-0.04069308187812567,0.0,0.0837494022771716,0.0,0.018520231461152434,-0.09381885175593198,0.0,0.07606234278529883,0.03386385833844543,-0.07060222815722227,0.004818652905523777,-0.15571045748889445,0.0,0.0,0.0,0.019246908351778984,0.10005608152598143,0.0,0.0,0.0,0.0,1.0
Bmpr1b,-0.5827450484782457,-0.064893963560462,-0.005045342426747083,0.0,0.0,0.0034082430601119996,-0.0033873676881194113,0.0014913239516317844,0.0,0.0,0.0,-0.03779286704957485,-0.1776015580072999,-0.11918736154213548,0.0,-0.0008092657476663589,-0.0076542369648814204,-0.012407818865031004,0.0,0.0,0.0,0.0,-0.01070437576621771,0.0,0.0035907358210533857,0.012065236885100604,0.0,0.0091955706756562,0.0,0.00595033303136006,-0.023778886932414024,0.0,0.023460888853296637,0.00241192739456892,-0.02913725212216377,0.0021416234970092775,0.0011103555746376514,0.0,0.0,0.0,-0.0939701995998621,-0.18168432146310806,0.0,0.0,0.0,0.0,2.0
Bin1,0.09201817769673654,-0.08568912170827389,-0.004167341822758317,0.0,0.0,0.002987846015021205,-0.004148586015217007,-0.007953728195279836,0.0,0.0,0.0,-0.026073308568447827,-0.17815249409526587,-0.06133640320971608,0.0,-0.0008092657476663589,0.12680583015084268,-0.013033109139651061,0.0,0.0,0.0,0.0,-0.012897178418934346,0.0,-0.011493487630505115,-0.12246024083346128,0.0,-0.017914201798848808,0.0,0.0057944640144705776,-0.022761477469466627,0.0,-0.11618248062673957,-0.03478817338123918,-0.11532715611159801,0.0021416234970092775,0.001329982355237007,0.0,0.0,0.0,0.019246908351778984,-0.031183711737394332,0.0,0.0,0.0,0.0,0.0
Srrm3,0.12339670678600669,-0.08568912170827389,-0.0030756759946234525,0.0,0.0,-0.01619962990283966,-0.0015024094097316266,0.0021541347168385983,0.0,0.0,0.0,-0.026836230289191007,-0.2734300620481372,0.1767332837730646,0.0,0.0008092657476663589,-0.01045742504298687,-0.019495513327419757,0.0,0.0,0.0,0.0,-0.012897178418934346,0.0,0.0016107979835942388,-0.1878581328690052,0.0,-0.01494974329136312,0.0,0.008505037929862737,0.03671095963567495,0.0,-0.04901206222362817,-0.055908476989716294,0.25844661371782424,0.005175590179860592,0.004040259197354317,0.0,0.0,0.0,-0.0939701995998621,-0.020879559591412543,0.0,0.0,0.0,0.0,2.0
Gm15738,0.11290599659085274,-0.0640383767336607,-0.011141839614138007,0.0,0.0,0.005312790870666504,-0.008950893394649028,0.004349694959819317,0.0,0.0,0.0,-0.09591209009289742,-0.20676552969962358,-0.25770346872508526,0.0,0.0020231643319129945,-0.02422612503170967,0.023483380004763604,0.0,0.0,0.0,0.0,-0.017320726662874222,0.0,-0.006762328392360359,0.0016043023578822613,0.0,-0.01832869939506054,0.0,-0.041031834613531826,0.03265568159054965,0.0,0.055707867238670584,0.002522953152656555,0.24964893471449615,0.0032124354690313338,0.010887286588549615,0.0,0.0,0.0,0.019246908351778984,0.07162377201020717,0.0,0.0,0.0,2.0,2.0
Syt11,0.11050739709520713,-0.06007210420444608,-0.0015020205825567246,0.0,0.0,0.003709380626678467,-0.09615464857779443,0.002775519723072648,0.0,0.0,0.0,0.006282197702676058,0.07065646475180984,0.0803172193467617,0.0,-0.0008092657476663589,-0.007854464650154113,0.014046259257011116,0.0,0.0,0.0,0.0,0.055222776159644126,0.0,-0.012221756726503372,-0.0830010372493416,0.0,0.02248678084462881,0.0,0.013239442107733338,-0.12302409864030778,0.0,-0.1529185433126986,-0.00528172230347991,-0.12050027847290039,0.00306966055650264,-0.03956954155117273,0.0,0.0,0.0,0.019246908351778984,-0.05299549423158169,0.0,0.0,0.0,0.0,0.0
Cntn1,-0.9872362751513719,-0.06868295013904571,-0.001991369053721428,0.0,0.0,0.0042777532339096066,-0.014690607031807303,0.0011599186435341834,0.0,0.0,0.0,-0.03779286704957485,0.06840354161337019,0.07564558030106128,0.0,0.0006069492921233177,-0.006352995112538337,-0.00881154905539006,0.0,0.0,0.0,0.0,-0.008385776430368424,0.0,0.0017542131291702389,0.1096691408008337,0.0,0.003929113107733429,0.0,0.013584500132128596,-0.03037613977212459,0.0,0.028175298338755966,-0.03156905274372548,0.12298351222649216,0.0029982731025666,0.005268266014754772,0.0,0.0,0.0,0.019246908351778984,-0.23246265545487405,0.0,0.0,0.0,2.0,2.0
Lzts3,0.11493923264089972,0.19625452913343908,-0.004216390512883663,0.0,0.0,0.005312790870666504,-0.0035613500513136387,0.0021541347168385983,0.0,0.0,0.0,-0.09591209009289742,-0.18966574184596538,-0.12156178545206785,0.0,-0.0008092657476663589,0.2117023730278015,-0.019495513327419757,0.0,0.0,0.0,0.0,-0.03741193979978561,0.0,-0.0022214797232300043,-0.09362143999896944,0.0,0.06144017837010324,0.0,-0.026745183053426446,-0.023175303257303312,0.0,0.002368169231340289,-0.020684181712567806,0.07689167913049459,0.0021416234970092775,0.001329982355237007,0.0,0.0,0.0,0.019246908351778984,0.06055670015513897,0.0,0.0,0.0,0.0,0.0
Gnb2,-0.07461817022413016,-0.08165742680430413,-0.0015273208357393742,0.0,0.0,0.005580025911331177,0.04585409427061677,0.02046427898108959,0.0,0.0,0.0,0.02184218656271696,0.06014601239934564,0.059875333085656166,0.0,-0.0008092657476663589,-0.006152767352759838,0.08442281328141689,0.0,0.0,0.0,0.0,-0.03741193979978561,0.0,-0.005227755741216243,-0.10658185616135597,0.0,-0.11556555770337582,0.0,-0.08727795896120369,-0.031360069485381246,0.0,0.13602042146027088,-0.004901763182133436,-0.11817304078489542,0.005639608632773161,0.004040259197354317,0.0,0.0,0.0,0.019246908351778984,0.0748023702763021,0.0,0.0,0.0,0.0,0.0
A930015D03Rik,0.09139408547664062,-0.05663982519879937,-0.010521811600774526,0.0,0.0,0.003842998147010803,-0.09472483846358955,0.0014913239516317844,0.0,0.0,0.0,-0.03779286704957485,-0.21527432441711425,-0.10865252654999495,0.0,0.0020231643319129945,-0.015416106283664703,-0.012536764545366168,0.0,0.0,0.0,0.0,0.055222776159644126,0.0,-0.0064547538664191965,-0.07661537544801832,0.0,0.055751929953694344,0.0,0.006517705223523081,-0.054910902064293624,0.0,-0.012036981415003539,-0.0003426255565136671,-0.05611645355820656,0.002855498194694519,0.001329982355237007,0.0,0.0,0.0,0.019246908351778984,-0.04290326811373234,0.0,0.0,0.0,0.0,0.0
Camkk2,0.13760774659458547,-0.06463288925588132,-0.0034550513606518506,0.0,0.0,0.014602197408676148,-0.017080145552754403,0.0009942159801721573,0.0,0.0,0.0,0.042152049392461775,-0.1903433333709836,0.14420341048389673,0.0,0.0008092657476663589,-0.01045742504298687,-0.006704675685614348,0.0,0.0,0.0,0.0,-0.012267370205372573,0.0,-0.023023531432263555,0.26174071326851844,0.0,-0.0021026437543332577,0.0,-0.02460963801946491,-0.04654938030987978,0.0,0.020870116222649813,-0.07889179145917297,-0.09877784254029393,0.0021416234970092775,0.01363507255911827,0.0,0.0,0.0,0.019246908351778984,0.09788606714457274,0.0,0.0,0.0,0.0,0.0
Kifc2,0.15646910317242146,-0.17717320173978807,-0.11053894537501037,0.0,0.0,0.011993666887283325,0.04948062064126134,0.02046427898108959,0.0,0.0,0.0,0.042152049392461775,0.10288656741380692,0.06614443199709058,0.0,-0.0008092657476663589,-0.008755727484822274,0.08442281328141689,0.0,0.0,0.0,0.0,0.032667591497302056,0.0,-0.009873196873813867,-0.0982853551208973,0.0,-0.008241008808836341,0.0,0.03362149760127067,0.08878427967429162,0.0,0.13128886863589287,0.010574492607265711,-0.10394693876150995,0.014099021553993224,0.004508584514260292,0.0,0.0,0.0,0.019246908351778984,0.10005608152598143,0.0,0.0,0.0,0.0,1.0
Ralyl,-0.9220118829607964,-0.06346606955863536,-0.0007543702004477381,0.0,0.0,0.01155891180038452,0.02146886534523219,-0.02705096044577658,0.0,0.0,0.0,0.042152049392461775,0.06733255345374346,0.06458140455186367,0.0,-0.0006069492921233177,-0.0055675960332155225,0.018397392742335796,0.0,0.0,0.0,0.0,0.041899867756292224,0.0,-0.0025742263766005634,-0.046170520642772314,0.0,0.006518573430366814,0.0,-0.03459365293383598,0.03732610886916518,0.0,0.048021824695169926,0.0028431892022490503,0.1349956000596285,0.0032124354690313338,0.0022471483424305917,0.0,0.0,0.0,0.019246908351778984,0.11112315338104964,0.0,0.0,0.0,2.0,2.0
Rnf112,0.13636779454536735,0.2042658904567361,-0.02338868665508926,0.0,0.0,0.011993666887283325,0.01942610044963658,-0.08641393918544055,0.0,0.0,0.0,0.042152049392461775,0.0814032006263733,0.07836346097290516,0.0,-0.0008092657476663589,-0.007854464650154113,0.04196150379255414,0.0,0.0,0.0,0.0,0.10953149471431971,0.0,-0.017501875637099148,-0.10057825803756713,0.0,-0.03464187541045249,0.0,0.012113596191629767,-0.12281756954267621,0.0,0.07640104814432562,-0.007967016492038966,-0.12335865371394902,0.004818652905523777,0.004508584514260292,0.0,0.0,0.0,0.019246908351778984,0.10005608152598143,0.0,0.0,0.0,0.0,1.0
Igsf21,0.10041900413576514,-0.0640383767336607,-0.018852938741911202,0.0,0.0,0.006451528668403626,-0.012223955653607845,0.0020712833851575852,0.0,0.0,0.0,-0.03779286704957485,-0.1903433333709836,-0.29372717872262,0.0,0.0020231643319129945,-0.015416106283664703,-0.02105929095298052,0.0,0.0,0.0,0.0,-0.017320726662874222,0.0,0.009064374268054962,0.13203719103708864,0.0,0.01931174233555794,0.0,-0.02460963801946491,-0.027460209685377778,0.0,0.010553854405879975,0.006068033967167139,-0.05247459582984448,0.0021416234970092775,0.0008630378358066082,0.0,0.0,0.0,-0.0939701995998621,-0.1601794395595789,0.0,0.0,0.0,0.0,0.0
Sgsm1,0.15107585228048265,0.18863333988934755,-0.0019485148042440415,0.0,0.0,0.006451528668403626,-0.0157711473852396,0.0009942159801721573,0.0,0.0,0.0,-0.03779286704957485,0.0724681349657476,0.08809464670717716,0.0,-0.0006069492921233177,0.05666526541113853,-0.006704675685614348,0.0,0.0,0.0,0.0,-0.012267370205372573,0.0,-0.07100369227584452,0.26174071326851844,0.0,0.02082260012626648,0.0,-0.052879805378615856,-0.05420785970054567,0.0,-0.009599076556041837,0.013969031255692243,-0.09883036876097322,0.0029268856486305596,0.01363507255911827,0.0,0.0,0.0,-0.0939701995998621,-0.04290326811373234,0.0,0.0,0.0,0.0,0.0
Nisch,0.16090301770716905,0.18922785241156817,-0.0022685032361187043,0.0,0.0,0.008322173953056336,-0.001050826171413064,0.0021541347168385983,0.0,0.0,0.0,0.008773879036307336,0.0758953495323658,0.21566336520016194,0.0,-0.0008092657476663589,-0.007854464650154113,0.010781097188591958,0.0,0.0,0.0,0.0,-0.017320726662874222,0.0,0.04328910532873124,0.24368691831827163,0.0,0.04331088751554489,0.0,-0.11477213323116303,0.03544587733224034,0.0,-0.016243050564080475,0.03821232318878174,-0.07588656645268202,0.005175590179860592,0.01363507255911827,0.0,0.0,0.0,0.019246908351778984,-0.09490127991884947,0.0,0.0,0.0,0.0,0.0
Lmtk3,0.1126277557015419,-0.0657594820857048,-0.006337635600939393,0.0,0.0,0.005312790870666504,-0.010029716305434705,0.004971079975366593,0.0,0.0,0.0,-0.09591209009289742,0.10288656741380692,-0.15577846001833678,0.0,-0.0012138985842466354,-0.015416106283664703,-0.07914209693670272,0.0,0.0,0.0,0.0,-0.03741193979978561,0.0,-0.018925859900191425,-0.09244167666882276,0.0,-0.012477036798372865,0.0,0.03362149760127067,0.06070659222081304,0.0,0.09124500263482332,0.0058082685619592666,-0.05372345481067896,0.014099021553993224,0.001329982355237007,0.0,0.0,0.0,0.019246908351778984,0.06055670015513897,0.0,0.0,0.0,0.0,0.0
Stxbp1,0.10033151879906654,-0.08568912170827389,-0.001521699707955122,0.0,0.0,0.005713643431663513,-0.0015024094097316266,0.0021541347168385983,0.0,0.0,0.0,0.008773879036307336,-0.20676552969962358,0.09098462775349617,0.0,0.0008092657476663589,-0.01045742504298687,-0.019495513327419757,0.0,0.0,0.0,0.0,-0.012897178418934346,0.0,-0.0005821251217275858,-0.1878581328690052,0.0,-0.027848413502797483,0.0,-0.041031834613531826,0.03765827259980142,0.0,-0.05054637367837131,-0.13713351741433144,-0.11123704103752971,0.0032124354690313338,0.004040259197354317,0.0,0.0,0.0,0.019246908351778984,-0.09490127991884947,0.0,0.0,0.0,0.0,0.0
Dnmt3a,0.09863439428154379,-0.08568912170827389,-0.003029301045462489,0.0,0.0,-0.02782435417175293,-0.0015024094097316266,0.0021541347168385983,0.0,0.0,0.0,0.006235146131366491,-0.1903433333709836,0.09403236128389836,0.0,0.0008092657476663589,-0.01045742504298687,-0.019495513327419757,0.0,0.0,0.0,0.0,-0.012897178418934346,0.0,0.021312110438011587,-0.1878581328690052,0.0,-0.0018592336680740118,0.0,-0.02460963801946491,-0.04654938030987978,0.0,-0.05491770791588351,-0.15130022093653678,-0.0896962553448975,0.0021416234970092775,0.004040259197354317,0.0,0.0,0.0,-0.0939701995998621,-0.05711965588852763,0.0,0.0,0.0,0.0,0.0
Nr3c2,-0.5995627096295357,0.19333106108009815,-0.0042807630077004435,0.0,0.0,0.0034082430601119996,-0.01822490227408707,0.0011599186435341834,0.0,0.0,0.0,-0.03779286704957485,-0.1679544258117676,-0.10563639950938523,0.0,0.0012138986214995384,-0.010257197320461273,-0.00881154905539006,0.0,0.0,0.0,0.0,-0.008385776430368424,0.0,0.001305896695703268,0.01925412144511938,0.0,0.004312407677061856,0.0,-0.01690103957429528,-0.04179934540297836,0.0,0.0546276387758553,0.0014924516435712576,0.07387117919512093,0.0017132988572120666,-0.04427269017323852,0.0,0.0,0.0,-0.0939701995998621,-0.22647348344326018,0.0,0.0,0.0,2.0,2.0
Actn1,0.11427978413645178,-0.0772211523167789,0.08763162054121494,0.0,0.0,0.006451528668403626,-0.03062803454697132,0.0014913239516317844,0.0,0.0,0.0,-0.03779286704957485,-0.1903433333709836,-0.2560575548186898,0.0,-0.0012138985842466354,-0.02422612503170967,-0.012989014061167837,0.0,0.0,0.0,0.0,-0.007141583729535341,0.0,-0.008138674199581147,0.20082316994667054,0.0,-0.00046280576847493646,0.0,-0.02460963801946491,-0.0899911249242723,0.0,0.011298353858292103,-0.022546045258641245,0.10137041890993714,0.0021416234970092775,0.008611693158745765,0.0,0.0,0.0,0.019246908351778984,-0.04138425804674625,0.0,0.0,0.0,0.0,0.0
Rbfox3,-0.8001072388887406,0.021426122337579727,-0.0015441610850393773,0.0,0.0,0.00527888834476471,-0.04136385419405997,0.0033554790634661913,0.0,0.0,0.0,0.008773879036307336,0.08312513466924429,0.06842808978632092,0.0,-0.0006069492921233177,-0.006352995112538337,0.01689859864767641,0.0,0.0,0.0,0.0,-0.011802569795399905,0.0,0.0075842064479365945,-0.06191282406449318,0.0,0.0017674469621852041,0.0,-0.03459365293383598,0.008284881385043264,0.0,0.0786499532032758,-0.03278805151116103,0.11682066710665823,0.0032124354690313338,0.0025555867701768874,0.0,0.0,0.0,-0.0939701995998621,-0.3194847643375397,0.0,0.0,0.0,0.0,2.0
Gm28379,0.13067510817199945,-0.0657594820857048,-0.0022438617516309023,0.0,0.0,0.011993666887283325,-0.00022773288772441448,-0.019138657916337252,0.0,0.0,0.0,0.042152049392461775,0.07710097961127758,0.1521059713512659,0.0,-0.0008092657476663589,-0.007854464650154113,0.015186152262613177,0.0,0.0,0.0,0.0,-0.03741193979978561,0.0,0.053206718957517295,-0.18353840462863447,0.0,0.06624272182583808,0.0,-0.10836549796164036,0.0020606000628322365,0.0,-0.028950461680069567,0.03386385833844543,-0.07445048570632934,0.005175590179860592,0.004040259197354317,0.0,0.0,0.0,0.019246908351778984,0.10005608152598143,0.0,0.0,0.0,2.0,0.0
Kif5a,0.10796778059564531,0.19625452913343908,0.12324830115772784,0.0,0.0,0.002987846015021205,0.03781944484449923,0.005178208304569125,0.0,0.0,0.0,-0.026073308568447827,-0.17620341772213577,-0.032499219235032795,0.0,0.05766018409281969,-0.002482526786625385,0.022932752193883063,0.0,0.0,0.0,0.0,-0.03741193979978561,0.0,-0.005871754500549287,-0.14519949980080127,0.0,-0.03508124114479869,0.0,-0.023267807960510253,0.024750731745734812,0.0,-0.1834633502783254,0.003412703350186348,-0.05322602258995175,0.0023557858541607855,0.0027349583059549333,0.0,0.0,0.0,0.019246908351778984,-0.031183711737394332,0.0,0.0,0.0,0.0,0.0
Pde4a,0.10897562239551917,0.02373180851340294,-0.0015273208357393742,0.0,0.0,-0.016333247423171996,0.028001957749947907,0.005178208304569125,0.0,0.0,0.0,0.00507964001968503,0.08644904596731066,0.059875333085656166,0.0,-0.0008092657476663589,-0.006152767352759838,0.022932752193883063,0.0,0.0,0.0,0.0,-0.03741193979978561,0.0,-0.005227755741216243,-0.17591608099639416,0.0,-0.13118690341711045,0.0,0.013239442107733338,-0.09543526339344681,0.0,-0.22277401017025114,-0.004901763182133436,-0.09885991506278514,0.00306966055650264,0.004040259197354317,0.0,0.0,0.0,0.019246908351778984,-0.04420887276530266,0.0,0.0,0.0,0.0,0.0
Acap3,0.12451021006330848,-0.08165742680430413,0.008142655566334724,0.0,0.0,0.0051791733503341675,0.026344931138446555,-0.019138657916337252,0.0,0.0,0.0,0.020197025090456008,0.055166562665253875,0.11106506261974573,0.0,-0.0008092657476663589,-0.006152767352759838,0.015186152262613177,0.0,0.0,0.0,0.0,-0.03741193979978561,0.0,0.023188827689737082,-0.18353840462863447,0.0,-0.004201621450483799,0.0,-0.08982399566099047,0.10770508464425803,0.0,-0.2890256951004267,0.031085207611322403,-0.08250594768673182,0.005818077269941569,0.004040259197354317,0.0,0.0,0.0,0.019246908351778984,0.07260053910315037,0.0,0.0,0.0,0.0,0.0
Akt3,0.1682465324550867,-0.0674706557393074,-0.002692160785663873,0.0,0.0,0.008322173953056336,-0.0014650828763842583,-0.00795372818596661,0.0,0.0,0.0,0.008773879036307336,0.0831836311519146,0.236716251000762,0.0,-0.0008092657476663589,-0.01045742504298687,0.00833698246628046,0.0,0.0,0.0,0.0,-0.017320726662874222,0.0,0.0016107979835942388,0.2502735998108983,0.0,-0.0025604002084583044,0.0,0.01962955666705966,0.02844026499427855,0.0,-0.0062198133487254385,-0.055908476989716294,0.21283129878342152,-0.1055463457852602,0.01363507255911827,0.0,0.0,0.0,0.019246908351778984,-0.262955785356462,0.0,0.0,0.0,2.0,2.0
Rasal1,0.1789764816313982,0.1039802773296833,-0.0022685032361187043,0.0,0.0,0.008322173953056336,0.0028300905227661133,0.004349694959819317,0.0,0.0,0.0,0.008773879036307336,0.11867914862930774,0.21306040488183497,0.0,-0.0008092657476663589,-0.01045742504298687,0.023483380004763604,0.0,0.0,0.0,0.0,-0.017320726662874222,0.0,0.04328910532873124,0.15836718861013652,0.0,0.0484282248839736,0.0,0.03362149760127067,0.06501761300489306,0.0,0.06387961055152118,0.03821232318878174,-0.07088087385520339,0.014099021553993224,0.01363507255911827,0.0,0.0,0.0,0.019246908351778984,-0.09490127991884947,0.0,0.0,0.0,0.0,1.0
Cnih3,0.09223087516613304,-0.0657594820857048,-0.006670979587361217,0.0,0.0,0.003842998147010803,-0.012986137066036463,0.0021541347168385983,0.0,0.0,0.0,-0.03779286704957485,0.08260883070528507,-0.1407900420948863,0.0,-0.0012138985842466354,-0.015416106283664703,-0.019495513327419757,0.0,0.0,0.0,0.0,-0.03741193979978561,0.0,-0.020363483270630242,-0.12001612585037946,0.0,-0.013109963908791543,0.0,0.018520231461152434,-0.10675261116586626,0.0,-0.042349881790578366,0.003440175894647837,-0.03538320265710354,0.004818652905523777,0.001329982355237007,0.0,0.0,0.0,-0.0939701995998621,-0.04507328249514103,0.0,0.0,0.0,0.0,0.0
Svop,0.13035112999379636,-0.0674706557393074,-0.012256597364321352,0.0,0.0,0.0063179111480712894,-0.0043261866644024845,-0.004473971845582128,0.0,0.0,0.0,0.006282197702676058,0.07130220687016844,-0.22817118898034094,0.0,-0.0008092657476663589,0.2117023730278015,-0.006847016997635364,0.0,0.0,0.0,0.0,-0.017320726662874222,0.0,-0.007383425182197243,0.164894613660872,0.0,-0.010008968226611615,0.0,0.013944438695907592,0.029677332311403005,0.0,-0.14037091231904925,-0.02697487037628889,0.15953170232474803,-0.036336212786845866,0.0008630378358066082,0.0,0.0,0.0,0.019246908351778984,-0.04192842237651348,0.0,0.0,0.0,0.0,0.0
Dctn1,0.1198820546665229,-0.0640383767336607,-0.01143613174557686,0.0,0.0,0.006451528668403626,-0.013626696690917015,0.0012427699565887452,0.0,0.0,0.0,-0.03779286704957485,-0.21527432441711425,-0.24955408073961735,0.0,0.0020231643319129945,-0.02422612503170967,-0.008794023655354977,0.0,0.0,0.0,0.0,-0.017320726662874222,0.0,0.006646732091903687,0.22644242275506257,0.0,-0.00379464547149837,0.0,0.006517705223523081,-0.023836527410894634,0.0,-0.017201470006257297,-0.029472791776061057,0.25779832523316143,0.002855498194694519,0.010887286588549615,0.0,0.0,0.0,-0.0939701995998621,-0.03183619625866413,0.0,0.0,0.0,0.0,0.0
Ptms,0.15526551939547062,-0.10501934543251991,-0.0018427529209293426,0.0,0.0,0.011993666887283325,0.0056036843080073595,-0.08641393918544055,0.0,0.0,0.0,0.042152049392461775,0.08271753244102001,0.1564896634966135,0.0,-0.0008092657476663589,-0.007854464650154113,0.04196150379255414,0.0,0.0,0.0,0.0,-0.012897178418934346,0.0,0.04328910532873124,-0.14407208379358052,0.0,0.0465428901463747,0.0,-0.07268119137734175,0.06501761300489306,0.0,0.12326480410993099,0.03821232318878174,-0.07193552281707526,0.014099021553993224,0.004040259197354317,0.0,0.0,0.0,0.019246908351778984,0.10005608152598143,0.0,0.0,0.0,0.0,1.0
Xist,0.12626039780676365,-0.17717320173978807,-0.008875085450708866,0.0,0.0,-0.02969499945640564,0.011126972697675229,0.02046427898108959,0.0,0.0,0.0,-0.05288724850863218,0.10288656741380692,-0.19170228954404592,0.0,0.0020231643319129945,-0.015416106283664703,0.08442281328141689,0.0,0.0,0.0,0.0,0.032667591497302056,0.0,-0.0001941360719501972,-0.026185843236744402,0.0,0.01619738762266934,0.0,0.03362149760127067,0.06642565833404661,0.0,0.11485181687865406,0.014433357338421047,-0.052548098787665365,0.014099021553993224,0.001329982355237007,0.0,0.0,0.0,0.019246908351778984,0.056548174545168875,0.0,0.0,0.0,2.0,1.0
Rasgef1a,0.13572623875923454,-0.06694850713014602,-0.0031094990670681,0.0,0.0,0.003842998147010803,-0.03917364502325654,0.0027340940572321416,0.0,0.0,0.0,-0.03779286704957485,0.08260883070528507,0.17183514066040517,0.0,0.0008092657476663589,-0.01045742504298687,-0.03405995275825262,0.0,0.0,0.0,0.0,-0.021360101886093618,0.0,-0.005478545315563679,-0.16703530594706537,0.0,-0.01754176274407655,0.0,0.018520231461152434,-0.1602368689002469,0.0,0.044391022510826585,-0.029535665549337863,0.24272115018218757,0.004818652905523777,0.004040259197354317,0.0,0.0,0.0,0.019246908351778984,-0.04138425804674625,0.0,0.0,0.0,0.0,0.0
Gnao1,0.10702760251238942,-0.0623272030800581,-0.024633881537010894,0.0,0.0,0.003709380626678467,0.0001038450188934803,0.0021541347168385983,0.0,0.0,0.0,0.006282197702676058,-0.19360366370528936,0.06075155956670642,0.0,-0.0006069492921233177,0.04284955285489559,-0.019495513327419757,0.0,0.0,0.0,0.0,-0.03741193979978561,0.0,-0.07086456744465977,-0.129872915931046,0.0,-0.011462158150970935,0.0,0.006587023343890905,0.027923203841783106,0.0,-0.1982603659760207,0.01729595523327589,-0.11424556941725314,0.0032838229229673744,0.0025184057280421258,0.0,0.0,0.0,0.019246908351778984,-0.05299549423158169,0.0,0.0,0.0,0.0,0.0
Lrp1,0.10201095404569059,-0.0640383767336607,-0.018871992457425223,0.0,0.0,0.006451528668403626,-0.012845340687781572,-0.008492261860519648,0.0,0.0,0.0,-0.03779286704957485,-0.1903433333709836,-0.31646676182746886,0.0,0.0020231643319129945,-0.02422612503170967,-0.014016927387565374,0.0,0.0,0.0,0.0,-0.017320726662874222,0.0,-0.0028502703295089304,0.139079554323107,0.0,-0.020596490991301834,0.0,-0.02460963801946491,-0.017196580229792743,0.0,0.007654057256877423,0.00021819336339831352,0.1251658522337675,0.0021416234970092775,0.0008630378358066082,0.0,0.0,0.0,0.019246908351778984,-0.03183619625866413,0.0,0.0,0.0,0.0,0.0
Adra1a,0.11580092459917068,-0.06694850713014602,-0.010717308251187205,0.0,0.0,0.011993666887283325,-0.05095462894067168,0.0027340940572321416,0.0,0.0,0.0,0.042152049392461775,0.10288656741380692,-0.13958032082766295,0.0,0.0020231643319129945,-0.02422612503170967,-0.03405995275825262,0.0,0.0,0.0,0.0,-0.021360101886093618,0.0,-0.020363483270630242,-0.09919329615309834,0.0,0.002511381804943085,0.0,0.03362149760127067,0.03584168803878129,0.0,0.1292038509994745,0.003440175894647837,-0.046687220446765425,0.014099021553993224,0.001329982355237007,0.0,0.0,0.0,0.019246908351778984,0.06492368180304765,0.0,0.0,0.0,0.0,2.0
Kcnk3,0.21338273629546164,-0.022304307483136655,0.0,0.002062905877828598,-0.0029607347398996355,0.0,-0.020384152680635453,0.0,0.007143597453832627,0.0,-0.006148204579949379,0.0,0.0,-0.18431648219004274,0.0,-0.10718686569482089,0.20734206944704056,0.0,0.0,0.0,0.0,0.0,-0.005218260772526264,0.0,0.0,0.1458482552319765,-0.012556083397939802,-0.004116529375314712,0.00541512792930007,0.09086913924664258,0.0,0.012426735721528531,0.4145240783691406,-0.03447439581155777,0.0,0.0023614682257175447,0.0034632173180580137,0.0030141345784068106,0.0,0.06724409952759743,0.0,-0.047613019682466985,0.0,0.0,0.0,1.0,1.0
Spryd3,0.1968756438791752,0.23534334026277065,0.0,0.003094358742237091,0.06463966813869775,0.0,-0.008512716423720122,0.0,-0.013893065443262458,0.0,-0.006148204579949379,0.0,0.0,-0.14548067336902024,0.0,-0.12870328418910504,0.11578153803944588,0.0,0.0,0.0,0.0,0.0,0.03992935836315155,0.0,0.0,0.0074071651883423325,-0.012104425709694625,-0.004883798726368695,0.009283076263964176,0.041738703809678555,0.0,0.01409538447856903,-0.14081250274553894,0.057293405160307884,0.0,0.0027550462633371352,0.001520552635192871,0.022026368156075476,0.0,0.06754229310899973,0.0,0.031075432747602463,0.0,0.0,0.0,1.0,0.0
Polm,0.22918702892959117,-0.055233368426561354,0.0,0.009025213047862054,0.0007748763728886843,0.0,0.04157970106229186,0.0,-0.13375770404934884,0.0,-0.006148204579949379,0.0,0.0,0.21029473965987563,0.0,0.029211287507787346,-0.012105429056100547,0.0,0.0,0.0,0.0,0.0,-0.0027057648450136184,0.0,0.0,-0.06744462778791785,-0.029628743417561054,-0.0064294739998877045,0.029654271453619003,0.14169857878237963,0.0,0.037310650497674944,0.11739055790007115,-0.016155399531126022,0.0,0.006690826639533043,0.006462940983474255,0.0030141345784068106,0.0,0.10484570464119315,0.0,0.0817710368335247,0.0,0.0,0.0,1.0,1.0
Add1,0.19936103933490812,-0.052758880443871024,0.0,-0.15528523690998555,-0.01916906881146133,0.0,-0.010873613189905882,0.0,0.0037934965826570987,0.0,-0.006148204579949379,0.0,0.0,0.16896983349695802,0.0,0.024515045462176203,-0.02042468059808016,0.0,0.0,0.0,0.0,0.0,-0.004445185102522373,0.0,0.0,0.20809486377984285,0.04381079435348511,-0.00812192115932703,0.011758563313633204,0.1443792853318155,0.0,0.016161427348852158,-0.1494002628698945,0.06337662443518638,0.0,0.0027550462633371352,0.0032804402988404037,0.0030141345784068106,0.0,0.12589295156300068,0.0,0.035046219807118174,0.0,0.0,0.0,1.0,2.0
Bahcc1,0.22357987083494663,-0.0502847558259964,0.0,0.0033522219769656658,0.010791533440351487,0.0,-0.011698775570839643,0.0,0.0241404327750206,0.0,-0.006148204579949379,0.0,0.0,0.17926671009510756,0.0,0.03527567200362682,-0.01696826595813036,0.0,0.0,0.0,0.0,0.0,-0.004445185102522373,0.0,0.0,-0.048558278866112234,-0.010297794956713915,0.007591946725733578,0.008767349794507027,0.1394934528693557,0.0,0.02776233175769448,0.2195350333675742,-0.016155399531126022,0.0,0.006690826639533043,0.013606538325548171,-0.0097379732131958,0.0,0.034524434339255096,0.0,-0.1169782280921936,0.0,0.0,0.0,1.0,1.0
Mpp4,0.25309199234470725,0.07110309446230531,0.0,0.009025213047862054,0.025932078473269938,0.0,-0.006541511099785566,0.0,0.0241404327750206,0.0,-0.006148204579949379,0.0,0.0,0.2319468144699931,0.0,0.03008968137204647,-0.02042468059808016,0.0,0.0,0.0,0.0,0.0,-0.004445185102522373,0.0,0.0,0.07958692729473114,-0.007497517624869943,-0.004456843724474311,0.029654271453619003,0.10143291395157576,0.0,0.04297626227140427,0.22192400434985757,0.06337662443518638,0.0,0.006690826639533043,0.013606538325548171,0.022026368156075476,0.0,0.08397116146981716,0.0,0.07696760579943657,0.0,0.0,0.0,1.0,1.0
Agps,0.20787909702397883,-0.07707750204950571,0.0,0.003764803148806095,0.0007967951521277428,0.0,-0.006032804138958454,0.0,0.006158273667097092,0.0,-0.006148204579949379,0.0,0.0,0.10368363792076707,0.0,0.04947571970522404,0.04430158971808851,0.0,0.0,0.0,0.0,0.0,-0.00258980349637568,0.0,0.0,0.056594146490097044,-0.029628743417561054,-0.00812192115932703,-0.14208718195557593,0.1429900890402496,0.0,0.017381549794226885,-0.2191235029697418,-0.018056427277624607,0.0,0.0027550462633371352,0.00490622453391552,0.0030141345784068106,0.0,0.10484570464119315,0.0,0.07844328450039029,0.0,0.0,0.0,1.0,1.0
Fgd4,0.16277335092425346,-0.05984192591160536,0.0,0.0033522219769656658,0.00915012856014073,0.0,-0.011698775570839643,0.0,0.0241404327750206,0.0,-0.006148204579949379,0.0,0.0,0.262695144303143,0.0,0.029211287507787346,-0.02042468059808016,0.0,0.0,0.0,0.0,0.0,-0.004445185102522373,0.0,0.0,-0.049466071613132954,-0.029628743417561054,-0.0064294739998877045,0.008767349794507027,0.15555871041491628,0.0,0.02776233175769448,0.16345444668084383,0.10760544046759606,0.0,0.006690826639533043,0.013606538325548171,-0.0097379732131958,0.0,0.10484570464119315,0.0,-0.1169782280921936,0.0,0.0,0.0,1.0,1.0
Nat8l,0.18697506406344475,0.25896169247105716,0.0,0.0035069399140775204,-0.001827370198443532,0.0,-0.011389339696615935,0.0,0.0027096404321491716,0.0,-0.012296409159898759,0.0,0.0,0.1607911468297243,0.0,0.006460571680217981,-0.01696826595813036,0.0,0.0,0.0,0.0,0.0,-0.004445185102522373,0.0,0.0,0.12241841539740562,0.008581496076658368,-0.00812192115932703,0.011242836844176055,0.03613075990229845,0.0,-0.19775571915321052,-0.054259110623970624,-0.016155399531126022,0.0,0.0019430255331099034,0.0025414474867284298,-0.05657298743724823,0.0,-0.17546933532925324,0.0,0.02217967204749584,0.0,0.0,0.0,1.0,0.0
Gnb4,0.20237318001687526,-0.09015487935394048,0.0,0.009025213047862054,0.00915012856014073,0.0,-0.006541511099785566,0.0,0.0241404327750206,0.0,-0.012296409159898759,0.0,0.0,0.33026697777211667,0.0,-0.16830110383220018,-0.01696826595813036,0.0,0.0,0.0,0.0,0.0,-0.004445185102522373,0.0,0.0,-0.049466071613132954,0.014543377133086323,-0.0064294739998877045,0.029654271453619003,0.0817636383883655,0.0,0.04297626227140427,0.13239677384495735,-0.016155399531126022,0.0,0.006690826639533043,0.013606538325548171,0.0030141345784068106,0.0,-0.21993388826027513,0.0,0.06790970727801322,0.0,0.0,0.0,1.0,0.0
Ssbp3,0.11640667274594307,0.01287920117378235,0.0,0.002062905877828598,0.03306527241133153,0.0,-0.05628857776522636,0.0,0.007143597453832627,0.0,-0.006148204579949379,0.0,0.0,-0.2803284892812371,0.0,0.02151398009620607,-0.05153820306062698,0.0,0.0,0.0,0.0,0.0,-0.013915362060070038,0.0,0.0,0.057173406034708024,0.0099364691413939,-0.004116529375314712,0.00541512792930007,-0.21175283517688512,0.0,0.012426735721528531,0.2697867735661566,0.11054339226335287,0.0,0.0023614682257175447,0.0034632173180580137,-0.05657298743724823,0.0,0.04707206893712282,0.0,-0.046515092588961124,0.0,0.0,0.0,1.0,0.0
Elk4,0.22812940679490568,-0.07159072224050761,0.0,0.0035069399140775204,0.00915012856014073,0.0,-0.011389339696615935,0.0,0.0241404327750206,0.0,-0.006148204579949379,0.0,0.0,0.27734282340854405,0.0,0.029211287507787346,-0.01696826595813036,0.0,0.0,0.0,0.0,0.0,-0.004445185102522373,0.0,0.0,-0.06744462778791785,-0.029628743417561054,-0.0064294739998877045,0.011242836844176055,0.15555871041491628,0.0,-0.12917322978377344,0.16345444668084383,-0.016155399531126022,0.0,0.006690826639533043,0.013606538325548171,0.0030141345784068106,0.0,0.10484570464119315,0.0,0.03494307450950146,0.0,0.0,0.0,1.0,1.0
Ptpn21,0.18522301733493804,-0.03613237790763378,0.0,0.002062905877828598,-0.004931382313370705,0.0,-0.056171403676271436,0.0,-0.03719597294926644,0.0,-0.006148204579949379,0.0,0.0,-0.23421648114919663,0.0,-0.10718686569482089,-0.0399592150375247,0.0,0.0,0.0,0.0,0.0,-0.013915362060070038,0.0,0.0,0.1458482552319765,0.017433986337855457,-0.004116529375314712,-0.04587613979354501,0.08613935304805637,0.0,0.010937217753380538,0.36686293106526136,-0.01719232365489006,0.0,0.0023614682257175447,0.002477893531322479,0.0030141345784068106,0.0,0.0730253173224628,0.0,0.0039596263691782955,0.0,0.0,0.0,1.0,0.0
Srsf6,0.1917261523194611,0.1540859539434314,0.0,0.0035069399140775204,0.035073005659505725,0.0,-0.011389339696615935,0.0,0.0241404327750206,0.0,-0.006148204579949379,0.0,0.0,0.24924002828076483,0.0,0.00927392459474504,-0.02042468059808016,0.0,0.0,0.0,0.0,0.0,-0.004445185102522373,0.0,0.0,0.0777282401919365,0.01662100249901414,-0.006315530482679605,0.011242836844176055,0.10465853322297335,0.0,-0.12917322978377344,0.10494212506338954,0.06337662443518638,0.0,0.006690826639533043,0.013606538325548171,0.022026368156075476,0.0,0.06883048688294366,0.0,0.030139643475413324,0.0,0.0,0.0,1.0,1.0
Rnf138,0.21331749260425567,-0.052758880443871024,0.0,0.009025213047862054,-0.0007031093072146177,0.0,-0.006541511099785566,0.0,0.006158273667097092,0.0,-0.006148204579949379,0.0,0.0,0.2160537450760603,0.0,0.02250573948957026,-0.01696826595813036,0.0,0.0,0.0,0.0,0.0,-0.004445185102522373,0.0,0.0,0.07193189170211553,0.04381079435348511,-0.01682942853309214,0.029654271453619003,0.1443792853318155,0.0,0.032595480307936665,-0.2779497698135674,-0.016155399531126022,0.0,0.0027550462633371352,0.00490622453391552,0.0030141345784068106,0.0,0.12589295156300068,0.0,0.0817710368335247,0.0,0.0,0.0,1.0,1.0
Rbm41,0.2252219931036234,-0.055233368426561354,0.0,0.009025213047862054,0.00915012856014073,0.0,-0.006541511099785566,0.0,0.0241404327750206,0.0,-0.006148204579949379,0.0,0.0,0.32357570648193357,0.0,0.029211287507787346,-0.02042468059808016,0.0,0.0,0.0,0.0,0.0,-0.004445185102522373,0.0,0.0,-0.06653683504089714,-0.029628743417561054,0.007591946725733578,0.029654271453619003,0.1394934528693557,0.0,0.04297626227140427,0.14986349437385799,0.06337662443518638,0.0,0.006690826639533043,0.013606538325548171,0.0030141345784068106,0.0,0.10484570464119315,0.0,0.0817710368335247,0.0,0.0,0.0,1.0,1.0
Robo3,0.2276497760415077,-0.0728258902207017,0.0,0.009025213047862054,0.00915012856014073,0.0,0.04157970106229186,0.0,0.0241404327750206,0.0,-0.006148204579949379,0.0,0.0,0.26162936296314,0.0,0.029211287507787346,-0.015561843141913414,0.0,0.0,0.0,0.0,0.0,-0.0027057648450136184,0.0,0.0,-0.048558278866112234,-0.029628743417561054,0.007591946725733578,0.029654271453619003,0.15776383632794022,0.0,0.04297626227140427,0.14986349437385799,0.06337662443518638,0.0,0.006690826639533043,0.013606538325548171,0.0030141345784068106,0.0,0.10484570464119315,0.0,0.06790970727801322,0.0,0.0,0.0,1.0,1.0
Spg11,0.24555203452706337,-0.06053616028279066,0.0,0.009025213047862054,0.010791533440351487,0.0,-0.006541511099785566,0.0,0.0241404327750206,0.0,-0.006148204579949379,0.0,0.0,0.2383173903077841,0.0,0.03527567200362682,-0.01696826595813036,0.0,0.0,0.0,0.0,0.0,-0.004445185102522373,0.0,0.0,-0.06653683504089714,0.009033153764903545,0.007591946725733578,0.029654271453619003,0.15555871041491628,0.0,0.04297626227140427,0.36447995897382496,-0.016155399531126022,0.0,0.006690826639533043,0.013606538325548171,0.0030141345784068106,0.0,0.04585976855829358,0.0,0.0817710368335247,0.0,0.0,0.0,1.0,1.0
Creld2,0.2299821975082159,0.2782376426458359,0.0,0.009025213047862054,0.0007748763728886843,0.0,0.04157970106229186,0.0,-0.13375770404934884,0.0,-0.006148204579949379,0.0,0.0,0.21246302539482712,0.0,0.009050622629001737,-0.015561843141913414,0.0,0.0,0.0,0.0,0.0,-0.0027057648450136184,0.0,0.0,-0.03004639589227736,-0.012104425709694625,0.014097349736839532,0.029654271453619003,0.061847997382283214,0.0,0.037310650497674944,0.0567009487748146,0.06337662443518638,0.0,0.006690826639533043,0.006462940983474255,0.022026368156075476,0.0,0.06692770702531561,0.0,0.07696760579943657,0.0,0.0,0.0,1.0,1.0
Cdh4,-0.8244879389554263,-0.026648796107620002,0.0,0.0015471793711185455,-0.0015783402509987354,0.0,-0.020083526936359702,0.0,0.004286158476024866,0.0,-0.012296409159898759,0.0,0.0,-0.14293672291561962,0.0,0.011003898126073181,-0.02159336967393756,0.0,0.0,0.0,0.0,0.0,-0.004831722937524319,0.0,0.0,-0.021843139193952085,-0.006774865323677659,-0.0029345891997218133,0.0040226663649082185,0.032792811542749406,0.0,0.00862959012389183,0.2599730466119945,0.10777826119214297,0.0,0.001574312150478363,0.0023088115453720093,-0.006491982489824295,0.0,-0.17205106723471544,0.0,-0.03846920879557729,0.0,0.0,0.0,0.0,0.0
Zmynd8,0.1303575539588928,-0.0502847558259964,0.0,0.002062905877828598,-0.016686275564134122,0.0,-0.042013285793364046,0.0,0.007143597453832627,0.0,-0.006148204579949379,0.0,0.0,-0.3253877057135105,0.0,0.005362786278128624,-0.027598247844725848,0.0,0.0,0.0,0.0,0.0,-0.013915362060070038,0.0,0.0,-0.04446654051542282,-0.010297794956713915,0.004419127062428743,0.00541512792930007,-0.22564890585839747,0.0,0.011614714972674847,0.009988058917224407,-0.01719232365489006,0.0,0.001574312150478363,0.0034632173180580137,-0.0097379732131958,0.0,-0.00499427305534482,0.0,-0.047613019682466985,0.0,0.0,0.0,0.0,0.0
Rora,-0.8665053113549948,-0.026648796107620002,0.0,0.0015471793711185455,-0.0015783402509987354,0.0,-0.020083526936359702,0.0,0.004286158476024866,0.0,0.06824507083743811,0.0,0.0,-0.14293672291561962,0.0,0.011003898126073181,-0.02159336967393756,0.0,0.0,0.0,0.0,0.0,-0.004831722937524319,0.0,0.0,-0.021843139193952085,-0.006774865323677659,-0.0029345891997218133,0.0040226663649082185,0.032792811542749406,0.0,0.00862959012389183,0.2599730466119945,-0.020126953832805158,0.0,0.001574312150478363,0.0023088115453720093,-0.006491982489824295,0.0,-0.12962845820351504,0.0,-0.03846920879557729,0.0,0.0,0.0,2.0,2.0
Il1rapl2,-0.8306282487511635,-0.046821039281785486,0.0,0.0015471793711185455,-0.006094876397401095,0.0,0.049374773129820825,0.0,0.003005237579345703,0.0,-0.012296409159898759,0.0,0.0,-0.1293156129354611,0.0,0.005165914301760495,-0.012627979498356581,0.0,0.0,0.0,0.0,0.0,-0.002899033762514591,0.0,0.0,-0.023170189037919044,-0.010297794956713915,0.00383634647121653,0.0040226663649082185,0.03564786961302161,0.0,0.008038395857438445,0.0037536741234362125,-0.027212603539228438,0.0,0.001574312150478363,-0.027066167490556837,0.0018548521399497986,0.0,-0.19178723349585197,0.0,-0.03009751470759511,0.0,0.0,0.0,0.0,2.0
Ube3a,0.22012345970608294,-0.07707750204950571,0.0,0.009025213047862054,-0.0007031093072146177,0.0,0.030949910897761584,0.0,0.006158273667097092,0.0,-0.006148204579949379,0.0,0.0,0.18986111884121784,0.0,0.02250573948957026,-0.010559277646243571,0.0,0.0,0.0,0.0,0.0,0.015654782317578792,0.0,0.0,0.056594146490097044,-0.029628743417561054,-0.00812192115932703,0.029654271453619003,0.1410362064652145,0.0,0.032595480307936665,-0.22147240962833167,-0.016155399531126022,0.0,0.0027550462633371352,0.00490622453391552,0.0030141345784068106,0.0,0.10484570464119315,0.0,0.12774673387408256,0.0,0.0,0.0,2.0,1.0
Celf3,0.19123346865177154,-0.052758880443871024,0.0,0.0035069399140775204,-0.0007031093072146177,0.0,-0.011389339696615935,0.0,0.006158273667097092,0.0,-0.006148204579949379,0.0,0.0,0.21686621446162463,0.0,0.008380067767575383,-0.01696826595813036,0.0,0.0,0.0,0.0,0.0,-0.004445185102522373,0.0,0.0,0.1910854684188962,0.04381079435348511,0.008024002397432924,0.011242836844176055,0.005233298670500517,0.0,-0.13955401174724102,-0.21329121543094515,-0.016155399531126022,0.0,0.0027550462633371352,0.00490622453391552,0.0030141345784068106,0.0,0.10364907661220059,0.0,0.03494307450950146,0.0,0.0,0.0,0.0,1.0
Gba2,0.1503137392550707,0.09215434836223721,0.0,0.003094358742237091,0.083213021568954,0.0,-0.0555149881541729,0.0,0.007143597453832627,0.0,-0.006148204579949379,0.0,0.0,-0.43700121466070413,0.0,0.006261313743889332,-0.05153820306062698,0.0,0.0,0.0,0.0,0.0,-0.013915362060070038,0.0,0.0,0.07298124022781849,0.01662100249901414,-0.00320356510579586,0.009283076263964176,-0.21175283517688512,0.0,0.016036820784211158,0.012437036018818617,0.06631457623094321,0.0,0.0023614682257175447,0.0034632173180580137,0.022026368156075476,0.0,0.05561475545167923,0.0,0.010214817970991134,0.0,0.0,0.0,0.0,0.0
Pitpnm2,0.17383259393274783,-0.03342365726828575,0.0,0.0015471793711185455,-0.0029607347398996355,0.0,-0.016960513782687484,0.0,0.007143597453832627,0.0,-0.012296409159898759,0.0,0.0,-0.1320862706564367,0.0,0.02370986162684858,0.13100469691678882,0.0,0.0,0.0,0.0,0.0,-0.005218260772526264,0.0,0.0,-0.044769138358533384,-0.006774865323677659,-0.004116529375314712,-0.02689740661531687,-0.2117132906243205,0.0,0.009706526920199394,0.43786906223744154,-0.03447439581155777,0.0,0.001574312150478363,0.0034632173180580137,-0.0097379732131958,0.0,-0.1297263167554047,0.0,-0.029923602677881717,0.0,0.0,0.0,0.0,0.0
Stx1b,0.15056588001549243,-0.06280458184890449,0.0,-0.15528523690998555,-0.0007031093072146177,0.0,-0.010873613189905882,0.0,0.006158273667097092,0.0,-0.006148204579949379,0.0,0.0,0.17648371601477264,0.0,0.02250573948957026,-0.02042468059808016,0.0,0.0,0.0,0.0,0.0,-0.004445185102522373,0.0,0.0,-0.09027796227484941,0.04381079435348511,0.02675487889908254,0.011758563313633204,0.1388310803286731,0.0,0.01763941302895546,-0.2619778377003968,0.06337662443518638,0.0,0.0027550462633371352,0.00490622453391552,-0.0097379732131958,0.0,0.12589295156300068,0.0,0.021184890251606702,0.0,0.0,0.0,0.0,0.0
Tmem132a,0.19598611988127232,0.1803540831245482,0.0,0.009025213047862054,0.00915012856014073,0.0,0.0362409739382565,0.0,0.0241404327750206,0.0,-0.006148204579949379,0.0,0.0,0.22748693050816654,0.0,0.005643283175304532,-0.01334918186068535,0.0,0.0,0.0,0.0,0.0,-0.0027057648450136184,0.0,0.0,-0.02723889213055372,0.01662100249901414,0.007591946725733578,0.029654271453619003,-0.3717543013766408,0.0,0.039078562334179875,0.10060246453620493,0.06337662443518638,0.0,0.0029518352821469307,0.013606538325548171,0.022026368156075476,0.0,0.05561475545167923,0.0,0.06900763437151909,0.0,0.0,0.0,0.0,0.0
Atp1a3,0.14811535678803922,-0.05819602467119694,0.0,0.009025213047862054,-0.0007031093072146177,0.0,-0.0044524438865482805,0.0,0.006158273667097092,0.0,-0.006148204579949379,0.0,0.0,0.20038544149138032,0.0,0.004972728313878179,-0.013827130533754825,0.0,0.0,0.0,0.0,0.0,-0.004445185102522373,0.0,0.0,-0.10825651844963431,0.04381079435348511,0.02675487889908254,0.029654271453619003,-0.2654617612063885,0.0,0.031621055379509926,-0.21683899925090372,-0.016155399531126022,0.0,0.0017711011692881583,0.00490622453391552,0.0030141345784068106,0.0,0.08637424416840077,0.0,0.0817710368335247,0.0,0.0,0.0,0.0,1.0
Med24,0.13956779062747957,-0.04348457209765911,0.0,0.003094358742237091,-0.016686275564134122,0.0,-0.0555149881541729,0.0,0.007143597453832627,0.0,-0.006148204579949379,0.0,0.0,-0.4740721181035042,0.0,-0.1275901473686099,-0.0399592150375247,0.0,0.0,0.0,0.0,0.0,-0.013915362060070038,0.0,0.0,-0.04446654051542282,-0.029628743417561054,0.004419127062428743,0.009283076263964176,0.06452589049935341,0.0,0.016036820784211158,0.022351556904613972,-0.01719232365489006,0.0,0.0023614682257175447,0.0034632173180580137,-0.0097379732131958,0.0,0.08321641577407718,0.0,0.009116890877485274,0.0,0.0,0.0,0.0,0.0
Nptxr,0.1420375120639801,0.2782376426458359,0.0,0.002062905877828598,-0.018558390755206346,0.0,-0.05628857776522636,0.0,0.004286158476024866,0.0,-0.006148204579949379,0.0,0.0,-0.3021697979792953,0.0,0.0027351325750350954,-0.05153820306062698,0.0,0.0,0.0,0.0,0.0,-0.013915362060070038,0.0,0.0,-0.027813343927264214,-0.012104425709694625,0.004419127062428743,0.0056729911640286445,0.02753796972334385,0.0,-0.11444137553684414,-0.010987763572484256,0.06631457623094321,0.0,0.0017118516564369201,0.002477893531322479,0.022026368156075476,0.0,0.06692770702531561,0.0,0.013533251360058784,0.0,0.0,0.0,0.0,1.0
Chst1,0.2077918440848589,-0.038047427870333196,0.0,0.002062905877828598,-0.016686275564134122,0.0,0.05018729658331722,0.0,0.007143597453832627,0.0,-0.006148204579949379,0.0,0.0,-0.23906062878668308,0.0,0.022895797453820706,0.16744782630354166,0.0,0.0,0.0,0.0,0.0,-0.0029763413313776254,0.0,0.0,0.16165608942508697,-0.029628743417561054,-0.00320356510579586,-0.04587613979354501,0.1553666409291327,0.0,0.012168872486799955,0.017302872352302073,0.12991260014474393,0.0,0.0023614682257175447,0.0034632173180580137,-0.0097379732131958,0.0,0.10484570464119315,0.0,0.0039596263691782955,0.0,0.0,0.0,0.0,0.0
Thra,0.18497806608676912,-0.07667016133666038,0.0,0.002062905877828598,0.00915012856014073,0.0,-0.012472365256398917,0.0,0.0241404327750206,0.0,-0.006148204579949379,0.0,0.0,0.26763105142861604,0.0,-0.23440963744185864,-0.01696826595813036,0.0,0.0,0.0,0.0,0.0,-0.004445185102522373,0.0,0.0,-0.048558278866112234,0.04381079435348511,0.007591946725733578,0.00541512792930007,0.11009758321568369,0.0,-0.029225441999733447,0.12789049768820404,-0.016155399531126022,0.0,0.006690826639533043,0.013606538325548171,0.0030141345784068106,0.0,0.1042636626958847,0.0,-0.04864447262138128,0.0,0.0,0.0,0.0,0.0
Sulf1,0.1452619699947536,-0.03747868895530701,0.0,0.0033522219769656658,0.0028104107733815907,0.0,-0.011698775570839643,0.0,0.009015712654218078,0.0,-0.006148204579949379,0.0,0.0,0.11903996102511882,0.0,0.03527567200362682,-0.02042468059808016,0.0,0.0,0.0,0.0,0.0,-0.004445185102522373,0.0,0.0,-0.051447661444544796,-0.006774865323677659,-0.004456843724474311,0.008767349794507027,0.1394934528693557,0.0,0.02209671998396516,0.2918047895655036,0.10760544046759606,0.0,0.006690826639533043,-0.1692991904914379,-0.0097379732131958,0.0,0.054260600600391624,0.0,-0.14387744188308715,0.0,0.0,0.0,0.0,1.0
Nbas,-0.9528077142685651,-0.026648796107620002,0.0,0.0015471793711185455,-0.0024158654548227785,0.0,-0.008605474503710867,0.0,0.003005237579345703,0.0,-0.012296409159898759,0.0,0.0,-0.08504114110022783,0.0,0.008668237188830972,0.0529403090942651,0.0,0.0,0.0,0.0,0.0,0.021298234732821584,0.0,0.0,-0.021843139193952085,-0.006774865323677659,-0.0029345891997218133,0.0040226663649082185,-0.055177046675235035,0.0,0.008038395857438445,0.2554396683908999,-0.03136030070483684,0.0,0.001574312150478363,-0.027066167490556837,-0.006491982489824295,0.0,-0.11762907762255054,0.0,-0.03846920879557729,0.0,0.0,0.0,2.0,2.0
Klc1,0.1341341095417738,-0.06248005395755172,0.0,0.002062905877828598,0.08050338115543126,0.0,-0.014441917589865625,0.0,0.002955971360206604,0.0,-0.006148204579949379,0.0,0.0,-0.09275960669852794,0.0,-0.09356478195637465,0.10742547569796443,0.0,0.0,0.0,0.0,0.0,-0.005218260772526264,0.0,0.0,-0.05544895011931658,0.014543377133086323,-0.0072344600036740305,0.00541512792930007,-0.21910409588366747,0.0,0.010299133472144603,-0.1089305127132684,-0.03447439581155777,0.0,0.0017711011692881583,0.0023088115453720093,-0.0097379732131958,0.0,-0.036317669660784306,0.0,-0.047613019682466985,0.0,0.0,0.0,0.0,0.0
Mapk11,0.23670090802013874,0.24228569105267525,0.0,0.0035069399140775204,0.035073005659505725,0.0,-0.011389339696615935,0.0,0.0241404327750206,0.0,-0.006148204579949379,0.0,0.0,0.2457419792562723,0.0,0.01105992860160768,-0.01696826595813036,0.0,0.0,0.0,0.0,0.0,-0.004445185102522373,0.0,0.0,-0.03281287502497435,0.01662100249901414,-0.010301737636327744,0.011242836844176055,0.059642871469259263,0.0,-0.12917322978377344,0.14568862153217196,-0.016155399531126022,0.0,0.006690826639533043,0.013606538325548171,0.022026368156075476,0.0,0.07288958789547906,0.0,0.030139643475413324,0.0,0.0,0.0,0.0,1.0
Csmd2,-0.7249667299538851,-0.043509894665330645,0.0,0.0015471793711185455,-0.0052573511935770515,0.0,-0.020083526936359702,0.0,0.004286158476024866,0.0,-0.012296409159898759,0.0,0.0,-0.17521234786137938,0.0,0.005165914301760495,-0.02159336967393756,0.0,0.0,0.0,0.0,0.0,-0.004831722937524319,0.0,0.0,-0.021843139193952085,-0.010297794956713915,-0.0029345891997218133,0.0040226663649082185,0.032792811542749406,0.0,0.00862959012389183,0.006881330367177725,-0.020126953832805158,0.0,0.001574312150478363,0.0023088115453720093,-0.006491982489824295,0.0,-0.19178723349585197,0.0,-0.03846920879557729,0.0,0.0,0.0,0.0,2.0
Shank1,0.10917505659162999,-0.06248005395755172,0.0,0.002062905877828598,-0.019888577871024608,0.0,-0.05628857776522636,0.0,-0.01946014478802681,0.0,-0.012296409159898759,0.0,0.0,-0.25569516405463216,0.0,-0.11810617806389928,-0.0399592150375247,0.0,0.0,0.0,0.0,0.0,-0.013915362060070038,0.0,0.0,-0.05544895011931658,0.014543377133086323,-0.0072344600036740305,0.00541512792930007,0.03310626655817032,0.0,0.009481663219630718,-0.1051026825606823,-0.01719232365489006,0.0,0.001574312150478363,0.001816149652004242,-0.0097379732131958,0.0,-0.21993388826027513,0.0,-0.047613019682466985,0.0,0.0,0.0,0.0,0.0
Cpt1c,0.1562469156831503,0.3049382019042969,0.0,0.003094358742237091,0.04035143684595823,0.0,-0.0555149881541729,0.0,0.004187626093626023,0.0,0.06824507083743811,0.0,0.0,-0.3686845598742366,0.0,0.010003513088449836,-0.05153820306062698,0.0,0.0,0.0,0.0,0.0,-0.013915362060070038,0.0,0.0,-0.02344975162297487,0.008581496076658368,-0.004116529375314712,0.009283076263964176,0.11041227724403142,0.0,0.01480516605079174,0.009775474928319454,0.06631457623094321,0.0,0.0023614682257175447,0.002477893531322479,0.022026368156075476,0.0,-0.19506979316473008,0.0,0.010214817970991134,0.0,0.0,0.0,0.0,0.0
Exoc4,-0.8758941165357829,-0.04143226994201541,0.0,0.0015471793711185455,-0.0001633360143750906,0.0,-0.020083526936359702,0.0,0.004286158476024866,0.0,-0.012296409159898759,0.0,0.0,-0.13844003019854426,0.0,0.0309554574964568,-0.01796413431875408,0.0,0.0,0.0,0.0,0.0,-0.004831722937524319,0.0,0.0,-0.021843139193952085,0.014543377133086323,-0.0029345891997218133,0.0040226663649082185,0.032792811542749406,0.0,0.00862959012389183,0.09424157368019223,-0.027212603539228438,0.0,0.001574312150478363,0.0023088115453720093,-0.006491982489824295,0.0,-0.21933835094212553,0.0,-0.03846920879557729,0.0,0.0,0.0,2.0,2.0
Grin1,0.189710563570261,-0.07754844922572374,0.0,0.009025213047862054,0.0007748763728886843,0.0,-0.006541511099785566,0.0,-0.13375770404934884,0.0,-0.012296409159898759,0.0,0.0,0.26878466917201876,0.0,0.015420475676655769,-0.02042468059808016,0.0,0.0,0.0,0.0,0.0,-0.004445185102522373,0.0,0.0,-0.049466071613132954,0.014543377133086323,-0.0064294739998877045,0.029654271453619003,0.09668856469914316,0.0,0.037310650497674944,0.1134547796100378,0.06337662443518638,0.0,0.006690826639533043,0.006462940983474255,0.0030141345784068106,0.0,-0.27820394895970824,0.0,0.06790970727801322,0.0,0.0,0.0,0.0,0.0
Adamts18,0.12498637557029724,-0.06198190700262785,0.0,0.002062905877828598,-0.0029607347398996355,0.0,-0.05628857776522636,0.0,0.007143597453832627,0.0,-0.006148204579949379,0.0,0.0,-0.3015699929744005,0.0,0.04329907912760973,-0.05153820306062698,0.0,0.0,0.0,0.0,0.0,-0.013915362060070038,0.0,0.0,-0.06271953865885735,0.017433986337855457,-0.00320356510579586,0.00541512792930007,0.12605227524414658,0.0,0.012426735721528531,0.36751894051209094,0.11054339226335287,0.0,0.0023614682257175447,0.0034632173180580137,0.0030141345784068106,0.0,0.09465460618957877,0.0,-0.07451223347336054,0.0,0.0,0.0,0.0,1.0
Pcsk2os2,0.2252219931036234,-0.055233368426561354,0.0,0.009025213047862054,0.00915012856014073,0.0,-0.006541511099785566,0.0,0.0241404327750206,0.0,-0.006148204579949379,0.0,0.0,0.32357570648193357,0.0,0.029211287507787346,-0.02042468059808016,0.0,0.0,0.0,0.0,0.0,-0.004445185102522373,0.0,0.0,-0.06653683504089714,-0.029628743417561054,0.007591946725733578,0.029654271453619003,0.1394934528693557,0.0,0.04297626227140427,0.14986349437385799,0.06337662443518638,0.0,0.006690826639533043,0.013606538325548171,0.0030141345784068106,0.0,0.10484570464119315,0.0,0.0817710368335247,0.0,0.0,0.0,2.0,1.0
Usp7,0.17467476233839987,-0.049469006136059764,0.0,0.0015471793711185455,-0.0048328499309718605,0.0,-0.03256706658750772,0.0,0.004286158476024866,0.0,-0.012296409159898759,0.0,0.0,-0.16193487093783915,0.0,0.029508267296478152,-0.02797654174733907,0.0,0.0,0.0,0.0,0.0,0.11460846807807684,0.0,0.0,-0.06271953865885735,0.009033153764903545,-0.00320356510579586,-0.02689740661531687,0.05111687198281288,0.0,0.009286892935633659,0.4187110439687967,-0.01719232365489006,0.0,0.0023614682257175447,-0.047395375967025755,0.0030141345784068106,0.0,-0.23931749729439616,0.0,-0.056822816468775274,0.0,0.0,0.0,0.0,0.0
Pacsin1,0.1604153583943844,0.24090572638437152,0.0,0.0021660511754453184,-0.0007031093072146177,0.0,-0.012988292407244443,0.0,0.006158273667097092,0.0,-0.006148204579949379,0.0,0.0,0.14837535709142685,0.0,-0.12932131475768982,-0.02042468059808016,0.0,0.0,0.0,0.0,0.0,-0.004445185102522373,0.0,0.0,-0.0793875590339303,0.01662100249901414,-0.01682942853309214,-0.04626520587131381,0.1366001008450985,0.0,0.013101020324975253,-0.24088409189134835,0.06337662443518638,0.0,0.0027550462633371352,0.00490622453391552,-0.05657298743724823,0.0,0.07350417397916317,0.0,-0.048474853169173,0.0,0.0,0.0,0.0,0.0
Nf1,-0.8405592776089906,-0.03813306421041489,0.0,0.0015987520199269056,-0.0009348554536700249,0.0,-0.00753846850246191,0.0,-0.022021986646577715,0.0,-0.006148204579949379,0.0,0.0,0.07459240712225437,0.0,-0.0748975678998977,-0.011131796287372708,0.0,0.0,0.0,0.0,0.0,-0.0025124959275126457,0.0,0.0,-0.002625353056937456,0.04381079435348511,-0.0065304816025309265,-0.028925140211358665,0.06291609346866607,0.0,0.008301638877019285,-0.06285153660923243,-0.026694141253829004,0.0,0.0017711011692881583,0.00219628781080246,-0.006491982489824295,0.0,0.09897618800401688,0.0,-0.039397516446188094,0.0,0.0,0.0,2.0,0.0
Tom1l2,0.18058985494077207,-0.028490258269011973,0.0,0.002062905877828598,-0.016686275564134122,0.0,-0.020384152680635453,0.0,0.007143597453832627,0.0,-0.012296409159898759,0.0,0.0,-0.2561219556443393,0.0,0.009104985622689127,0.27664317831397056,0.0,0.0,0.0,0.0,0.0,-0.005218260772526264,0.0,0.0,0.1458482552319765,-0.010297794956713915,-0.004116529375314712,0.00541512792930007,0.07746012073010206,0.0,0.012426735721528531,0.021439340002834796,0.12991260014474393,0.0,0.0023614682257175447,0.0034632173180580137,-0.0097379732131958,0.0,-0.25065283151343465,0.0,-0.047613019682466985,0.0,0.0,0.0,0.0,0.0
Gpi1,0.18353351786732675,-0.08331553749740124,0.0,0.009025213047862054,0.025219767792150377,0.0,-0.006541511099785566,0.0,0.006158273667097092,0.0,-0.006148204579949379,0.0,0.0,0.1802220344915986,0.0,0.024515045462176203,-0.02042468059808016,0.0,0.0,0.0,0.0,0.0,-0.004445185102522373,0.0,0.0,-0.11868550194427371,-0.029628743417561054,-0.01682942853309214,0.029654271453619003,0.1388310803286731,0.0,0.032595480307936665,-0.28066486079245806,0.06337662443518638,0.0,0.0027550462633371352,0.00490622453391552,0.0030141345784068106,0.0,0.10484570464119315,0.0,0.0817710368335247,0.0,0.0,0.0,0.0,0.0
Nrxn2,0.17318067848682403,-0.04276998687535524,0.0,0.002062905877828598,-0.0029607347398996355,0.0,-0.05628857776522636,0.0,0.007143597453832627,0.0,-0.012296409159898759,0.0,0.0,-0.3033959211781621,0.0,0.029508267296478152,-0.05153820306062698,0.0,0.0,0.0,0.0,0.0,-0.013915362060070038,0.0,0.0,0.15983016029000283,0.014543377133086323,0.00320356510579586,0.00541512792930007,0.07273033453151584,0.0,0.012426735721528531,0.2824205307289958,0.06631457623094321,0.0,0.0023614682257175447,0.0034632173180580137,-0.0097379732131958,0.0,-0.27820394895970824,0.0,-0.047613019682466985,0.0,0.0,0.0,0.0,0.0
Ndrg4,0.2140855961292982,-0.04147422257810831,0.0,0.0021660511754453184,0.00915012856014073,0.0,-0.012988292407244443,0.0,0.0241404327750206,0.0,-0.006148204579949379,0.0,0.0,0.2609802648052573,0.0,0.011678276332095266,-0.01696826595813036,0.0,0.0,0.0,0.0,0.0,-0.004445185102522373,0.0,0.0,0.14115132197737693,-0.010297794956713915,-0.0064294739998877045,-0.04626520587131381,-0.13863765608519316,0.0,0.02348180228844285,0.15888634782284497,-0.016155399531126022,0.0,0.006690826639533043,0.013606538325548171,0.0030141345784068106,0.0,-0.00499427305534482,0.0,-0.04957278026267886,0.0,0.0,0.0,0.0,1.0
Camta2,0.19167894043028355,-0.07156674086116255,0.0,0.009025213047862054,-0.0007031093072146177,0.0,-0.006541511099785566,0.0,0.006158273667097092,0.0,-0.006148204579949379,0.0,0.0,0.2160537450760603,0.0,0.02250573948957026,-0.01696826595813036,0.0,0.0,0.0,0.0,0.0,-0.004445185102522373,0.0,0.0,-0.10070694576948881,-0.029628743417561054,-0.01682942853309214,0.029654271453619003,0.1388310803286731,0.0,0.032595480307936665,-0.2830986676737666,-0.016155399531126022,0.0,0.0027550462633371352,0.00490622453391552,-0.0097379732131958,0.0,0.10484570464119315,0.0,0.06790970727801322,0.0,0.0,0.0,0.0,1.0
AY036118,0.13471479833126068,-0.055233368426561354,0.0,0.009025213047862054,0.00915012856014073,0.0,-0.006541511099785566,0.0,0.0241404327750206,0.0,-0.006148204579949379,0.0,0.0,0.3308269386738539,0.0,0.01719634854234755,-0.01696826595813036,0.0,0.0,0.0,0.0,0.0,-0.004445185102522373,0.0,0.0,-0.06467814865522087,-0.029628743417561054,0.014097349736839532,0.029654271453619003,0.09922716982662677,0.0,0.04297626227140427,0.12035684578120709,-0.016155399531126022,0.0,0.006690826639533043,0.013606538325548171,0.0030141345784068106,0.0,0.08341364994179458,0.0,0.0817710368335247,0.0,0.0,0.0,2.0,1.0
Plec,0.13030748076736928,0.28515753308311104,0.0,0.002062905877828598,-0.01939591597765684,0.0,-0.042013285793364046,0.0,0.002955971360206604,0.0,0.06824507083743811,0.0,0.0,-0.2222209227271378,0.0,-0.038083975203335285,-0.027598247844725848,0.0,0.0,0.0,0.0,0.0,-0.013915362060070038,0.0,0.0,-0.03412956338375807,0.008581496076658368,-0.0072344600036740305,0.00541512792930007,-0.146994425393641,0.0,0.009649516679346562,-0.12618467953056098,-0.01719232365489006,0.0,0.0011807341128587724,0.0023088115453720093,0.022026368156075476,0.0,-0.0817590966168791,0.0,-0.046515092588961124,0.0,0.0,0.0,0.0,0.0
Grik5,0.10018440824002027,-0.06248005395755172,0.0,0.002062905877828598,-0.019888577871024608,0.0,-0.05628857776522636,0.0,-0.01946014478802681,0.0,-0.012296409159898759,0.0,0.0,-0.27247021462768317,0.0,-0.08666188206523656,-0.0399592150375247,0.0,0.0,0.0,0.0,0.0,-0.013915362060070038,0.0,0.0,-0.05362416859716177,0.014543377133086323,0.00844786865869537,0.00541512792930007,-0.0726212915033102,0.0,0.009481663219630718,-0.10161189198493957,-0.01719232365489006,0.0,0.001574312150478363,0.001816149652004242,-0.0097379732131958,0.0,-0.1648932531941682,0.0,-0.047613019682466985,0.0,0.0,0.0,0.0,0.0
Zswim8,0.18754016555845737,0.16964173816144468,0.0,0.009025213047862054,0.024086645441129803,0.0,-0.006541511099785566,0.0,-0.0399548795633018,0.0,-0.006148204579949379,0.0,0.0,0.16908787567168473,0.0,0.023173936037346722,-0.02042468059808016,0.0,0.0,0.0,0.0,0.0,-0.004445185102522373,0.0,0.0,-0.0840537491813302,0.01662100249901414,-0.01682942853309214,0.029654271453619003,0.08304082229733467,0.0,0.03121602701023221,-0.172729187682271,0.06337662443518638,0.0,0.0027550462633371352,0.0032804402988404037,-0.05657298743724823,0.0,0.09513346284627915,0.0,0.07696760579943657,0.0,0.0,0.0,0.0,1.0
