gene_name,gene_length.meta,18mo.2mo.activity.log_ratio.min.5kb-20kb.enhancer_DMR,18mo.2mo.activity.log_ratio.mean.5kb-20kb.enhancer_DMR,18mo.9mo.activity.log_ratio.mean.5kb-20kb.enhancer_DMR,9mo.2mo.activity.log_ratio.count.5kb-20kb.enhancer_DMR,count.enhancer_DMR,18mo.9mo.contact.log_ratio.max.20kb-5Mb.enhancer_DMR,18mo.2mo.activity.log_ratio.median.5kb-20kb.enhancer_DMR,18mo.2mo.activity.log_ratio.count.5kb-20kb.enhancer_DMR,18mo.2mo.activity.log_ratio.max.5kb-20kb.enhancer_DMR,18mo.9mo.contact.log_ratio.max.20kb-5Mb.enhancer_peak,18mo.9mo.contact.log_ratio.median.20kb-5Mb.enhancer_peak,count.enhancer_peak,18mo.9mo.activity.log_ratio.mean.20kb-5Mb.enhancer_peak,18mo.9mo.contact.log_ratio.count.20kb-5Mb.enhancer_peak,18mo.9mo.contact.log_ratio.std.20kb-5Mb.enhancer_peak,18mo.9mo.contact.log_ratio.min.20kb-5Mb.enhancer_peak,18mo.9mo.activity.log_ratio.median.20kb-5Mb.enhancer_peak,18mo.2mo.log_ratio.DAR,9mo.2mo.log_ratio.DAR,rel_pos.DAR,count.DAR,18mo.9mo.log_ratio.DAR,count.DMR,size.log2.DMR,18mo.2mo.log_ratio.DMR,18mo.9mo.log_ratio.DMR,distance.log2.DMR,9mo.2mo.log_ratio.DMR,rel_pos.DMR,min_distance.log.min.loops,9mo.2mo.T.median.loops,18mo.9mo.Q.mean.loops,18mo.2mo.Q.mean.loops,Qanova.mean.loops,18mo.2mo.Q.min.loops,9mo.2mo.Q.std.loops,18mo.9mo.T.max.loops,Tanova.max.loops,18mo.2mo.T.mean.loops,min_distance.log.median.loops,9mo.2mo.T.mean.loops,18mo.2mo.Q.std.loops,count.loops,9mo.2mo.T.min.loops,18mo.2mo.Q.median.loops,18mo.9mo.Q.min.loops,loop_size.log.min.loops,Qanova.min.loops,Qanova.std.loops,min_distance.log.std.loops,18mo.9mo.T.median.loops,loop_size.log.mean.loops,min_distance.log.max.loops,loop_size.log.median.loops,9mo.2mo.Q.median.loops,9mo.2mo.T.max.loops,18mo.2mo.T.min.loops,18mo.9mo.T.mean.loops,9mo.2mo.Q.min.loops,Tanova.median.loops,18mo.2mo.T.std.loops,Tanova.mean.loops,loop_size.log.max.loops,18mo.2mo.T.max.loops,18mo.2mo.Q.max.loops,18mo.9mo.Q.median.loops,9mo.2mo.T.std.loops,18mo.9mo.Q.max.loops,Tanova.std.loops,Qanova.max.loops,loop_size.log.std.loops,Tanova.min.loops,18mo.9mo.T.std.loops,9mo.2mo.Q.max.loops,18mo.9mo.T.min.loops,min_distance.log.mean.loops,18mo.9mo.Q.std.loops,18mo.2mo.T.median.loops,Qanova.median.loops,9mo.2mo.Q.mean.loops,9mo.2mo.log_ratio.mcg_genebody,18mo.9mo.log_ratio.mcg_genebody,18mo.2mo.log_ratio.mcg_genebody,9mo.2mo.log_ratio.mch_genebody,18mo.9mo.log_ratio.mch_genebody,18mo.2mo.log_ratio.mch_genebody,9mo.2mo.log_ratio.max.atac,18mo.2mo.log_ratio.max.atac,18mo.9mo.log_ratio.max.atac,count.atac,18mo.9mo.log_ratio.std.atac,log2_distance.mean.atac,9mo.2mo.log_ratio.std.atac,9mo.2mo.log_ratio.mean.atac,log2_distance.max.atac,log2_distance.std.atac,18mo.2mo.log_ratio.mean.atac,9mo.2mo.log_ratio.min.atac,18mo.9mo.log_ratio.min.atac,18mo.9mo.log_ratio.mean.atac,log2_distance.min.atac,18mo.2mo.log_ratio.min.atac,18mo.2mo.log_ratio.std.atac,DEG,pred
Polq,-0.18741342961788177,0.0,0.0,0.0,0.0,0.0,0.0,0.0,0.0,0.0,0.0,0.0,0.0,-0.02381397731602192,0.0,0.0,0.0,0.0,-0.023411290347576143,-0.027648543864488603,0.0,0.0,0.0,0.007507556676864624,0.0,0.0,0.0,-0.028563149571418762,-0.0044699513912200926,0.0,0.0,0.0,0.0,0.0,0.0,0.0,0.0,0.0,0.0,0.0,0.0,0.0,0.0,0.0,0.0,0.0,0.0,0.0,0.0,0.0,-0.016819071620702744,0.0,0.0,0.0,0.0,0.0,0.0,0.0,0.0,0.0,0.0,0.0,0.0,0.0,0.0,0.0,0.0,0.0,0.0,0.0,0.0,0.0,0.005500476956367493,0.0,0.0,0.0,0.0,0.0,0.0,0.0,0.0,0.0,0.027800261452794076,0.0,0.0,0.0,0.0,0.0,0.09210746318101883,0.0,0.0,0.0,0.0,0.0,-0.028987797498703,-0.03426823019981384,0.0,0.0,-0.02675622306764126,0.0,0.03363235961645841,0.0,0.007217521145939827,0.11813358705490827,1.0,1.0
Arhgap42,-0.3005575093626976,0.0,0.0,0.0,0.0,0.0,0.0,0.0,0.0,0.0,0.0,0.0,0.0,0.020655268467962742,0.0,0.0,0.0,0.0,-0.037570451498031614,-0.027648543864488603,0.0,0.0,0.0,0.01179758906364441,0.0,0.0,0.0,0.04941878259181976,-0.0044699513912200926,0.0,0.0,0.0,0.0,0.0,0.0,0.0,0.0,0.0,0.0,0.0,0.0,0.0,0.0,0.0,0.0,0.0,0.0,0.0,0.0,0.0,0.01834807813167572,0.0,0.0,0.0,0.0,0.0,0.0,0.0,0.0,0.0,0.0,0.0,0.0,0.0,0.0,0.0,0.0,0.0,0.0,0.0,0.0,0.0,-0.015126311630010604,0.0,0.0,0.0,0.0,0.0,0.0,0.0,0.0,0.0,0.027800261452794076,0.0,0.0,0.0,0.0,0.0,-0.046972769498825076,0.0,0.0,0.0,0.0,0.0,-0.026751118898391723,-0.03426823019981384,0.0,0.0,0.006140919253230095,0.0,-0.0015347904711961746,0.0,0.009817060381174088,-0.20809930428862572,1.0,2.0
Gm26618,-0.2008553143031895,0.0,0.0,0.0,0.0,0.0,0.0,0.0,0.0,0.0,0.0,0.0,0.0,0.016941641196608542,0.0,0.0,0.0,0.0,-0.023411290347576143,-0.03609838619828224,0.0,0.0,0.0,0.007507556676864624,0.0,0.0,0.0,-0.028563149571418762,-0.0044699513912200926,0.0,0.0,0.0,0.0,0.0,0.0,0.0,0.0,0.0,0.0,0.0,0.0,0.0,0.0,0.0,0.0,0.0,0.0,0.0,0.0,0.0,-0.016819071620702744,0.0,0.0,0.0,0.0,0.0,0.0,0.0,0.0,0.0,0.0,0.0,0.0,0.0,0.0,0.0,0.0,0.0,0.0,0.0,0.0,0.0,0.005500476956367493,0.0,0.0,0.0,0.0,0.0,0.0,0.0,0.0,0.0,-0.12128215938806534,0.0,0.0,0.0,0.0,0.0,0.09210746318101883,0.0,0.0,0.0,0.0,0.0,-0.026751118898391723,-0.03426823019981384,0.0,0.0,-0.02675622306764126,0.0,0.06775522992014885,0.0,-0.022332891523838043,0.11813358705490827,1.0,1.0
Tmod2,-0.23671889264136553,0.0,0.0,0.0,0.0,0.0,0.0,0.0,0.0,0.0,0.0,0.0,0.0,0.020655268467962742,0.0,0.0,0.0,0.0,-0.023411290347576143,-0.0401895423233509,0.0,0.0,0.0,0.007507556676864624,0.0,0.0,0.0,-0.028563149571418762,-0.0044699513912200926,0.0,0.0,0.0,0.0,0.0,0.0,0.0,0.0,0.0,0.0,0.0,0.0,0.0,0.0,0.0,0.0,0.0,0.0,0.0,0.0,0.0,-0.016819071620702744,0.0,0.0,0.0,0.0,0.0,0.0,0.0,0.0,0.0,0.0,0.0,0.0,0.0,0.0,0.0,0.0,0.0,0.0,0.0,0.0,0.0,0.005500476956367493,0.0,0.0,0.0,0.0,0.0,0.0,0.0,0.0,0.0,-0.06860852461308241,0.0,0.0,0.0,0.0,0.0,0.09210746318101883,0.0,0.0,0.0,0.0,0.0,-0.026751118898391723,-0.03426823019981384,0.0,0.0,-0.02675622306764126,0.0,0.01917274858802557,0.0,0.009817060381174088,0.11813358705490827,1.0,1.0
Ostm1,-0.21414137637242675,0.0,0.0,0.0,0.0,0.0,0.0,0.0,0.0,0.0,0.0,0.0,0.0,0.016941641196608542,0.0,0.0,0.0,0.0,-0.037570451498031614,-0.027648543864488603,0.0,0.0,0.0,0.007507556676864624,0.0,0.0,0.0,-0.028563149571418762,-0.0044699513912200926,0.0,0.0,0.0,0.0,0.0,0.0,0.0,0.0,0.0,0.0,0.0,0.0,0.0,0.0,0.0,0.0,0.0,0.0,0.0,0.0,0.0,-0.016819071620702744,0.0,0.0,0.0,0.0,0.0,0.0,0.0,0.0,0.0,0.0,0.0,0.0,0.0,0.0,0.0,0.0,0.0,0.0,0.0,0.0,0.0,0.005500476956367493,0.0,0.0,0.0,0.0,0.0,0.0,0.0,0.0,0.0,0.027800261452794076,0.0,0.0,0.0,0.0,0.0,-0.046972769498825076,0.0,0.0,0.0,0.0,0.0,-0.026751118898391723,-0.03426823019981384,0.0,0.0,-0.02675622306764126,0.0,0.03363235961645841,0.0,-0.022332891523838043,0.11813358705490827,1.0,2.0
Hdac6,-0.2008553143031895,0.0,0.0,0.0,0.0,0.0,0.0,0.0,0.0,0.0,0.0,0.0,0.0,0.016941641196608542,0.0,0.0,0.0,0.0,-0.023411290347576143,-0.011795313209295272,0.0,0.0,0.0,0.007507556676864624,0.0,0.0,0.0,-0.028563149571418762,-0.0044699513912200926,0.0,0.0,0.0,0.0,0.0,0.0,0.0,0.0,0.0,0.0,0.0,0.0,0.0,0.0,0.0,0.0,0.0,0.0,0.0,0.0,0.0,-0.016819071620702744,0.0,0.0,0.0,0.0,0.0,0.0,0.0,0.0,0.0,0.0,0.0,0.0,0.0,0.0,0.0,0.0,0.0,0.0,0.0,0.0,0.0,0.005500476956367493,0.0,0.0,0.0,0.0,0.0,0.0,0.0,0.0,0.0,0.04595476657152176,0.0,0.0,0.0,0.0,0.0,0.09210746318101883,0.0,0.0,0.0,0.0,0.0,-0.026751118898391723,-0.03426823019981384,0.0,0.0,-0.02675622306764126,0.0,0.15304298609495162,0.0,-0.022332891523838043,0.11813358705490827,1.0,1.0
Scarb2,-0.25132854929193854,0.0,0.0,0.0,0.0,0.0,0.0,0.0,0.0,0.0,0.0,0.0,0.0,0.016941641196608542,0.0,0.0,0.0,0.0,-0.037570451498031614,-0.011795313209295272,0.0,0.0,0.0,0.01179758906364441,0.0,0.0,0.0,-0.028563149571418762,-0.0044699513912200926,0.0,0.0,0.0,0.0,0.0,0.0,0.0,0.0,0.0,0.0,0.0,0.0,0.0,0.0,0.0,0.0,0.0,0.0,0.0,0.0,0.0,-0.016819071620702744,0.0,0.0,0.0,0.0,0.0,0.0,0.0,0.0,0.0,0.0,0.0,0.0,0.0,0.0,0.0,0.0,0.0,0.0,0.0,0.0,0.0,0.005500476956367493,0.0,0.0,0.0,0.0,0.0,0.0,0.0,0.0,0.0,0.04595476657152176,0.0,0.0,0.0,0.0,0.0,-0.046972769498825076,0.0,0.0,0.0,0.0,0.0,-0.026751118898391723,-0.03426823019981384,0.0,0.0,0.006140919253230095,0.0,0.15304298609495162,0.0,-0.022332891523838043,0.11813358705490827,1.0,1.0
Pphln1,-0.1819185995683074,0.0,0.0,0.0,0.0,0.0,0.0,0.0,0.0,0.0,0.0,0.0,0.0,-0.018986261859536172,0.0,0.0,0.0,0.0,-0.037570451498031614,-0.007020044326782227,0.0,0.0,0.0,0.007507556676864624,0.0,0.0,0.0,-0.028563149571418762,-0.0044699513912200926,0.0,0.0,0.0,0.0,0.0,0.0,0.0,0.0,0.0,0.0,0.0,0.0,0.0,0.0,0.0,0.0,0.0,0.0,0.0,0.0,0.0,-0.0389896660298109,0.0,0.0,0.0,0.0,0.0,0.0,0.0,0.0,0.0,0.0,0.0,0.0,0.0,0.0,0.0,0.0,0.0,0.0,0.0,0.0,0.0,0.005500476956367493,0.0,0.0,0.0,0.0,0.0,0.0,0.0,0.0,0.0,0.013196816183626652,0.0,0.0,0.0,0.0,0.0,-0.046972769498825076,0.0,0.0,0.0,0.0,0.0,-0.028987797498703,-0.03426823019981384,0.0,0.0,-0.02675622306764126,0.0,-0.08294178392738104,0.0,-0.016391087546944617,0.11813358705490827,1.0,2.0
Timm17a,-0.1515463365800679,0.0,0.0,0.0,0.0,0.0,0.0,0.0,0.0,0.0,0.0,0.0,0.0,0.016941641196608542,0.0,0.0,0.0,0.0,-0.023411290347576143,-0.027648543864488603,0.0,0.0,0.0,0.007507556676864624,0.0,0.0,0.0,-0.028563149571418762,0.18289551109075547,0.0,0.0,0.0,0.0,0.0,0.0,0.0,0.0,0.0,0.0,0.0,0.0,0.0,0.0,0.0,0.0,0.0,0.0,0.0,0.0,0.0,-0.016819071620702744,0.0,0.0,0.0,0.0,0.0,0.0,0.0,0.0,0.0,0.0,0.0,0.0,0.0,0.0,0.0,0.0,0.0,0.0,0.0,0.0,0.0,-0.015126311630010604,0.0,0.0,0.0,0.0,0.0,0.0,0.0,0.0,0.0,0.027800261452794076,0.0,0.0,0.0,0.0,0.0,0.09210746318101883,0.0,0.0,0.0,0.0,0.0,-0.019301199913024904,-0.03426823019981384,0.0,0.0,-0.02675622306764126,0.0,0.03363235961645841,0.0,-0.022332891523838043,0.11813358705490827,1.0,1.0
Serpine2,-0.31820481926202776,0.0,0.0,0.0,0.0,0.0,0.0,0.0,0.0,0.0,0.0,0.0,0.0,0.020655268467962742,0.0,0.0,0.0,0.0,0.17435362800955773,0.04783819682896137,0.0,0.0,0.0,0.01179758906364441,0.0,0.0,0.0,-0.004080449938774109,-0.0044699513912200926,0.0,0.0,0.0,0.0,0.0,0.0,0.0,0.0,0.0,0.0,0.0,0.0,0.0,0.0,0.0,0.0,0.0,0.0,0.0,0.0,0.0,-0.0389896660298109,0.0,0.0,0.0,0.0,0.0,0.0,0.0,0.0,0.0,0.0,0.0,0.0,0.0,0.0,0.0,0.0,0.0,0.0,0.0,0.0,0.0,0.005500476956367493,0.0,0.0,0.0,0.0,0.0,0.0,0.0,0.0,0.0,-0.0160207312554121,0.0,0.0,0.0,0.0,0.0,-0.019823724031448366,0.0,0.0,0.0,0.0,0.0,-0.026751118898391723,-0.03426823019981384,0.0,0.0,0.006140919253230095,0.0,-0.10858247920870781,0.0,0.009817060381174088,-0.1446256387978792,1.0,1.0
Syt1,0.27955067399889233,0.0,0.0,0.0,0.0,0.0,0.0,0.0,0.0,0.0,0.0,0.0,0.0,-0.11640658207237721,0.0,0.0,0.0,0.0,0.10260889187455177,0.03571980759501457,0.0,0.0,0.0,-0.13138224184513092,0.0,0.0,0.0,0.028109766244888305,-0.0007449918985366821,0.0,0.0,0.0,0.0,0.0,0.0,0.0,0.0,0.0,0.0,0.0,0.0,0.0,0.0,0.0,0.0,0.0,0.0,0.0,0.0,0.0,-0.0389896660298109,0.0,0.0,0.0,0.0,0.0,0.0,0.0,0.0,0.0,0.0,0.0,0.0,0.0,0.0,0.0,0.0,0.0,0.0,0.0,0.0,0.0,0.005500476956367493,0.0,0.0,0.0,0.0,0.0,0.0,0.0,0.0,0.0,0.008216047957539559,0.0,0.0,0.0,0.0,0.0,-0.010855633318424224,0.0,0.0,0.0,0.0,0.0,0.2889369086921215,0.12540317475795745,0.0,0.0,0.0533519540540874,0.0,-0.1207008670270443,0.0,0.06144252695143223,-0.07975457705557347,1.0,0.0
Socs7,-0.1800727017596364,0.0,0.0,0.0,0.0,0.0,0.0,0.0,0.0,0.0,0.0,0.0,0.0,-0.02381397731602192,0.0,0.0,0.0,0.0,-0.037570451498031614,-0.03609838619828224,0.0,0.0,0.0,0.007507556676864624,0.0,0.0,0.0,-0.028563149571418762,-0.0044699513912200926,0.0,0.0,0.0,0.0,0.0,0.0,0.0,0.0,0.0,0.0,0.0,0.0,0.0,0.0,0.0,0.0,0.0,0.0,0.0,0.0,0.0,-0.016819071620702744,0.0,0.0,0.0,0.0,0.0,0.0,0.0,0.0,0.0,0.0,0.0,0.0,0.0,0.0,0.0,0.0,0.0,0.0,0.0,0.0,0.0,-0.015126311630010604,0.0,0.0,0.0,0.0,0.0,0.0,0.0,0.0,0.0,-0.12128215938806534,0.0,0.0,0.0,0.0,0.0,-0.046972769498825076,0.0,0.0,0.0,0.0,0.0,-0.028987797498703,-0.03426823019981384,0.0,0.0,-0.02675622306764126,0.0,0.06775522992014885,0.0,0.007217521145939827,0.11813358705490827,1.0,1.0
Ing3,-0.2008553143031895,0.0,0.0,0.0,0.0,0.0,0.0,0.0,0.0,0.0,0.0,0.0,0.0,0.016941641196608542,0.0,0.0,0.0,0.0,-0.023411290347576143,-0.03609838619828224,0.0,0.0,0.0,0.007507556676864624,0.0,0.0,0.0,-0.028563149571418762,-0.0044699513912200926,0.0,0.0,0.0,0.0,0.0,0.0,0.0,0.0,0.0,0.0,0.0,0.0,0.0,0.0,0.0,0.0,0.0,0.0,0.0,0.0,0.0,-0.016819071620702744,0.0,0.0,0.0,0.0,0.0,0.0,0.0,0.0,0.0,0.0,0.0,0.0,0.0,0.0,0.0,0.0,0.0,0.0,0.0,0.0,0.0,0.005500476956367493,0.0,0.0,0.0,0.0,0.0,0.0,0.0,0.0,0.0,-0.12128215938806534,0.0,0.0,0.0,0.0,0.0,0.09210746318101883,0.0,0.0,0.0,0.0,0.0,-0.026751118898391723,-0.03426823019981384,0.0,0.0,-0.02675622306764126,0.0,0.06775522992014885,0.0,-0.022332891523838043,0.11813358705490827,1.0,1.0
Pex5,-0.2008553143031895,0.0,0.0,0.0,0.0,0.0,0.0,0.0,0.0,0.0,0.0,0.0,0.0,0.016941641196608542,0.0,0.0,0.0,0.0,-0.023411290347576143,-0.011795313209295272,0.0,0.0,0.0,0.007507556676864624,0.0,0.0,0.0,-0.028563149571418762,-0.0044699513912200926,0.0,0.0,0.0,0.0,0.0,0.0,0.0,0.0,0.0,0.0,0.0,0.0,0.0,0.0,0.0,0.0,0.0,0.0,0.0,0.0,0.0,-0.016819071620702744,0.0,0.0,0.0,0.0,0.0,0.0,0.0,0.0,0.0,0.0,0.0,0.0,0.0,0.0,0.0,0.0,0.0,0.0,0.0,0.0,0.0,0.005500476956367493,0.0,0.0,0.0,0.0,0.0,0.0,0.0,0.0,0.0,0.04595476657152176,0.0,0.0,0.0,0.0,0.0,0.09210746318101883,0.0,0.0,0.0,0.0,0.0,-0.026751118898391723,-0.03426823019981384,0.0,0.0,-0.02675622306764126,0.0,0.15304298609495162,0.0,-0.022332891523838043,0.11813358705490827,1.0,1.0
Esrrg,0.37088867399841546,0.0,0.0,0.0,0.0,0.0,0.0,0.0,0.0,0.0,0.0,0.0,0.0,-0.19916369028389455,0.0,0.0,0.0,0.0,-0.021295025274157525,-0.007020044326782227,0.0,0.0,0.0,-0.13138224184513092,0.0,0.0,0.0,0.028109766244888305,-0.0011174878478050231,0.0,0.0,0.0,0.0,0.0,0.0,0.0,0.0,0.0,0.0,0.0,0.0,0.0,0.0,0.0,0.0,0.0,0.0,0.0,0.0,0.0,0.0726278092712164,0.0,0.0,0.0,0.0,0.0,0.0,0.0,0.0,0.0,0.0,0.0,0.0,0.0,0.0,0.0,0.0,0.0,0.0,0.0,0.0,0.0,0.005500476956367493,0.0,0.0,0.0,0.0,0.0,0.0,0.0,0.0,0.0,0.013196816183626652,0.0,0.0,0.0,0.0,0.0,-0.014754072800278663,0.0,0.0,0.0,0.0,0.0,-0.02710149422287941,0.12540317475795745,0.0,0.0,0.0533519540540874,0.0,-0.04165860794484615,0.0,0.06144252695143223,-0.07975457705557347,1.0,2.0
A430106G13Rik,0.3400480118021369,0.0,0.0,0.0,0.0,0.0,0.0,0.0,0.0,0.0,0.0,0.0,0.0,-0.01934062011539936,0.0,0.0,0.0,0.0,-0.023411290347576143,-0.007020044326782227,0.0,0.0,0.0,0.01179758906364441,0.0,0.0,0.0,-0.0009067666530609131,-0.0007449918985366821,0.0,0.0,0.0,0.0,0.0,0.0,0.0,0.0,0.0,0.0,0.0,0.0,0.0,0.0,0.0,0.0,0.0,0.0,0.0,0.0,0.0,-0.0389896660298109,0.0,0.0,0.0,0.0,0.0,0.0,0.0,0.0,0.0,0.0,0.0,0.0,0.0,0.0,0.0,0.0,0.0,0.0,0.0,0.0,0.0,-0.10863441988825798,0.0,0.0,0.0,0.0,0.0,0.0,0.0,0.0,0.0,0.013196816183626652,0.0,0.0,0.0,0.0,0.0,0.09210746318101883,0.0,0.0,0.0,0.0,0.0,0.18943288594484328,-0.018708568811416627,0.0,0.0,0.006140919253230095,0.0,-0.08294178392738104,0.0,0.007217521145939827,-0.14377905014902354,1.0,1.0
Rrp1b,-0.21414137637242675,0.0,0.0,0.0,0.0,0.0,0.0,0.0,0.0,0.0,0.0,0.0,0.0,0.016941641196608542,0.0,0.0,0.0,0.0,-0.037570451498031614,-0.0401895423233509,0.0,0.0,0.0,0.007507556676864624,0.0,0.0,0.0,-0.028563149571418762,-0.0044699513912200926,0.0,0.0,0.0,0.0,0.0,0.0,0.0,0.0,0.0,0.0,0.0,0.0,0.0,0.0,0.0,0.0,0.0,0.0,0.0,0.0,0.0,-0.016819071620702744,0.0,0.0,0.0,0.0,0.0,0.0,0.0,0.0,0.0,0.0,0.0,0.0,0.0,0.0,0.0,0.0,0.0,0.0,0.0,0.0,0.0,0.005500476956367493,0.0,0.0,0.0,0.0,0.0,0.0,0.0,0.0,0.0,-0.06860852461308241,0.0,0.0,0.0,0.0,0.0,-0.046972769498825076,0.0,0.0,0.0,0.0,0.0,-0.026751118898391723,-0.03426823019981384,0.0,0.0,-0.02675622306764126,0.0,0.01917274858802557,0.0,-0.022332891523838043,0.11813358705490827,1.0,1.0
Cntnap5a,0.4788458140939474,0.0,0.0,0.0,0.0,0.0,0.0,0.0,0.0,0.0,0.0,0.0,0.0,0.05912744648754597,0.0,0.0,0.0,0.0,0.10260889187455177,0.03571980759501457,0.0,0.0,0.0,0.02520394027233124,0.0,0.0,0.0,0.028109766244888305,-0.0007449918985366821,0.0,0.0,0.0,0.0,0.0,0.0,0.0,0.0,0.0,0.0,0.0,0.0,0.0,0.0,0.0,0.0,0.0,0.0,0.0,0.0,0.0,-0.0389896660298109,0.0,0.0,0.0,0.0,0.0,0.0,0.0,0.0,0.0,0.0,0.0,0.0,0.0,0.0,0.0,0.0,0.0,0.0,0.0,0.0,0.0,0.005500476956367493,0.0,0.0,0.0,0.0,0.0,0.0,0.0,0.0,0.0,0.008216047957539559,0.0,0.0,0.0,0.0,0.0,-0.010855633318424224,0.0,0.0,0.0,0.0,0.0,0.17878048852086068,0.12540317475795745,0.0,0.0,0.12950003415346145,0.0,-0.1207008670270443,0.0,0.10860559314489365,-0.07975457705557347,0.0,0.0
Tspan3,-0.2939715534821153,0.0,0.0,0.0,0.0,0.0,0.0,0.0,0.0,0.0,0.0,0.0,0.0,0.020655268467962742,0.0,0.0,0.0,0.0,-0.037570451498031614,-0.027648543864488603,0.0,0.0,0.0,0.007507556676864624,0.0,0.0,0.0,-0.004080449938774109,-0.0044699513912200926,0.0,0.0,0.0,0.0,0.0,0.0,0.0,0.0,0.0,0.0,0.0,0.0,0.0,0.0,0.0,0.0,0.0,0.0,0.0,0.0,0.0,-0.016819071620702744,0.0,0.0,0.0,0.0,0.0,0.0,0.0,0.0,0.0,0.0,0.0,0.0,0.0,0.0,0.0,0.0,0.0,0.0,0.0,0.0,0.0,0.005500476956367493,0.0,0.0,0.0,0.0,0.0,0.0,0.0,0.0,0.0,0.027800261452794076,0.0,0.0,0.0,0.0,0.0,-0.046972769498825076,0.0,0.0,0.0,0.0,0.0,-0.026751118898391723,-0.03426823019981384,0.0,0.0,-0.02675622306764126,0.0,0.03363235961645841,0.0,0.009817060381174088,-0.1446256387978792,0.0,1.0
Celf4,-0.207904049847275,0.0,0.0,0.0,0.0,0.0,0.0,0.0,0.0,0.0,0.0,0.0,0.0,0.020655268467962742,0.0,0.0,0.0,0.0,-0.037570451498031614,-0.007020044326782227,0.0,0.0,0.0,-0.020913907885551454,0.0,0.0,0.0,0.14372251451015472,-0.0044699513912200926,0.0,0.0,0.0,0.0,0.0,0.0,0.0,0.0,0.0,0.0,0.0,0.0,0.0,0.0,0.0,0.0,0.0,0.0,0.0,0.0,0.0,0.0726278092712164,0.0,0.0,0.0,0.0,0.0,0.0,0.0,0.0,0.0,0.0,0.0,0.0,0.0,0.0,0.0,0.0,0.0,0.0,0.0,0.0,0.0,0.005500476956367493,0.0,0.0,0.0,0.0,0.0,0.0,0.0,0.0,0.0,0.013196816183626652,0.0,0.0,0.0,0.0,0.0,-0.046972769498825076,0.0,0.0,0.0,0.0,0.0,-0.026751118898391723,-0.03426823019981384,0.0,0.0,0.003995903078466654,0.0,-0.04165860794484615,0.0,0.009817060381174088,0.17344635277986525,0.0,2.0
Crebrf,-0.25810797352343795,0.0,0.0,0.0,0.0,0.0,0.0,0.0,0.0,0.0,0.0,0.0,0.0,0.016941641196608542,0.0,0.0,0.0,0.0,-0.037570451498031614,-0.007020044326782227,0.0,0.0,0.0,0.007507556676864624,0.0,0.0,0.0,-0.004080449938774109,-0.0044699513912200926,0.0,0.0,0.0,0.0,0.0,0.0,0.0,0.0,0.0,0.0,0.0,0.0,0.0,0.0,0.0,0.0,0.0,0.0,0.0,0.0,0.0,-0.0389896660298109,0.0,0.0,0.0,0.0,0.0,0.0,0.0,0.0,0.0,0.0,0.0,0.0,0.0,0.0,0.0,0.0,0.0,0.0,0.0,0.0,0.0,0.005500476956367493,0.0,0.0,0.0,0.0,0.0,0.0,0.0,0.0,0.0,0.013196816183626652,0.0,0.0,0.0,0.0,0.0,-0.046972769498825076,0.0,0.0,0.0,0.0,0.0,-0.026751118898391723,-0.03426823019981384,0.0,0.0,-0.02675622306764126,0.0,-0.08294178392738104,0.0,-0.022332891523838043,-0.1446256387978792,2.0,1.0
Arhgef28,0.06316199410706759,0.0,0.0,0.0,0.0,0.0,0.0,0.0,0.0,0.0,0.0,0.0,0.0,-0.08397474236786366,0.0,0.0,0.0,0.0,-0.037570451498031614,-0.011795313209295272,0.0,0.0,0.0,-0.02574019432067871,0.0,0.0,0.0,0.028109766244888305,-0.0044699513912200926,0.0,0.0,0.0,0.0,0.0,0.0,0.0,0.0,0.0,0.0,0.0,0.0,0.0,0.0,0.0,0.0,0.0,0.0,0.0,0.0,0.0,0.01834807813167572,0.0,0.0,0.0,0.0,0.0,0.0,0.0,0.0,0.0,0.0,0.0,0.0,0.0,0.0,0.0,0.0,0.0,0.0,0.0,0.0,0.0,0.005500476956367493,0.0,0.0,0.0,0.0,0.0,0.0,0.0,0.0,0.0,0.04595476657152176,0.0,0.0,0.0,0.0,0.0,-0.046972769498825076,0.0,0.0,0.0,0.0,0.0,-0.028987797498703,0.12540317475795745,0.0,0.0,-0.03546992640942335,0.0,0.11787583269178867,0.0,0.06144252695143223,-0.07975457705557347,2.0,2.0
Cpq,0.4307024677097797,0.0,0.0,0.0,0.0,0.0,0.0,0.0,0.0,0.0,0.0,0.0,0.0,0.09771015234291554,0.0,0.0,0.0,0.0,-0.021295025274157525,-0.007020044326782227,0.0,0.0,0.0,0.011261335015296936,0.0,0.0,0.0,-0.002720299959182739,-0.0011174878478050231,0.0,0.0,0.0,0.0,0.0,0.0,0.0,0.0,0.0,0.0,0.0,0.0,0.0,0.0,0.0,0.0,0.0,0.0,0.0,0.0,0.0,-0.0389896660298109,0.0,0.0,0.0,0.0,0.0,0.0,0.0,0.0,0.0,0.0,0.0,0.0,0.0,0.0,0.0,0.0,0.0,0.0,0.0,0.0,0.0,0.005500476956367493,0.0,0.0,0.0,0.0,0.0,0.0,0.0,0.0,0.0,0.013196816183626652,0.0,0.0,0.0,0.0,0.0,-0.014754072800278663,0.0,0.0,0.0,0.0,0.0,-0.01591810166835785,0.12540317475795745,0.0,0.0,-0.07890650674700737,0.0,-0.08294178392738104,0.0,0.10860559314489365,0.045056768395006656,2.0,2.0
Adk,0.1094186370074749,0.0,0.0,0.0,0.0,0.0,0.0,0.0,0.0,0.0,0.0,0.0,0.0,0.04962156243622303,0.0,0.0,0.0,0.0,-0.037570451498031614,-0.011795313209295272,0.0,0.0,0.0,0.011261335015296936,0.0,0.0,0.0,0.028109766244888305,-0.0044699513912200926,0.0,0.0,0.0,0.0,0.0,0.0,0.0,0.0,0.0,0.0,0.0,0.0,0.0,0.0,0.0,0.0,0.0,0.0,0.0,0.0,0.0,0.01834807813167572,0.0,0.0,0.0,0.0,0.0,0.0,0.0,0.0,0.0,0.0,0.0,0.0,0.0,0.0,0.0,0.0,0.0,0.0,0.0,0.0,0.0,0.005500476956367493,0.0,0.0,0.0,0.0,0.0,0.0,0.0,0.0,0.0,0.04595476657152176,0.0,0.0,0.0,0.0,0.0,-0.046972769498825076,0.0,0.0,0.0,0.0,0.0,-0.026751118898391723,0.12540317475795745,0.0,0.0,-0.07890650674700737,0.0,0.11787583269178867,0.0,0.10860559314489365,-0.07975457705557347,2.0,2.0
Phldb2,-0.33115872979164124,0.0,0.0,0.0,0.0,0.0,0.0,0.0,0.0,0.0,0.0,0.0,0.0,0.020655268467962742,0.0,0.0,0.0,0.0,-0.037570451498031614,-0.007020044326782227,0.0,0.0,0.0,0.01179758906364441,0.0,0.0,0.0,-0.004080449938774109,-0.0044699513912200926,0.0,0.0,0.0,0.0,0.0,0.0,0.0,0.0,0.0,0.0,0.0,0.0,0.0,0.0,0.0,0.0,0.0,0.0,0.0,0.0,0.0,-0.0389896660298109,0.0,0.0,0.0,0.0,0.0,0.0,0.0,0.0,0.0,0.0,0.0,0.0,0.0,0.0,0.0,0.0,0.0,0.0,0.0,0.0,0.0,0.005500476956367493,0.0,0.0,0.0,0.0,0.0,0.0,0.0,0.0,0.0,0.013196816183626652,0.0,0.0,0.0,0.0,0.0,-0.046972769498825076,0.0,0.0,0.0,0.0,0.0,-0.026751118898391723,-0.03426823019981384,0.0,0.0,0.006140919253230095,0.0,-0.08294178392738104,0.0,0.009817060381174088,-0.1446256387978792,2.0,2.0
Plp1,-0.21414137637242675,0.0,0.0,0.0,0.0,0.0,0.0,0.0,0.0,0.0,0.0,0.0,0.0,0.016941641196608542,0.0,0.0,0.0,0.0,-0.037570451498031614,-0.010099656581878662,0.0,0.0,0.0,0.007507556676864624,0.0,0.0,0.0,-0.028563149571418762,-0.0044699513912200926,0.0,0.0,0.0,0.0,0.0,0.0,0.0,0.0,0.0,0.0,0.0,0.0,0.0,0.0,0.0,0.0,0.0,0.0,0.0,0.0,0.0,-0.0389896660298109,0.0,0.0,0.0,0.0,0.0,0.0,0.0,0.0,0.0,0.0,0.0,0.0,0.0,0.0,0.0,0.0,0.0,0.0,0.0,0.0,0.0,0.005500476956367493,0.0,0.0,0.0,0.0,0.0,0.0,0.0,0.0,0.0,-0.02623796496540308,0.0,0.0,0.0,0.0,0.0,-0.046972769498825076,0.0,0.0,0.0,0.0,0.0,-0.026751118898391723,-0.03426823019981384,0.0,0.0,-0.02675622306764126,0.0,-0.04042739078402519,0.0,-0.022332891523838043,0.11813358705490827,2.0,1.0
Pld5,0.28540972582995894,0.0,0.0,0.0,0.0,0.0,0.0,0.0,0.0,0.0,0.0,0.0,0.0,0.04458903558552265,0.0,0.0,0.0,0.0,0.17435362800955773,0.14766174525022507,0.0,0.0,0.0,0.02520394027233124,0.0,0.0,0.0,0.028109766244888305,-0.0018624797463417052,0.0,0.0,0.0,0.0,0.0,0.0,0.0,0.0,0.0,0.0,0.0,0.0,0.0,0.0,0.0,0.0,0.0,0.0,0.0,0.0,0.0,0.01834807813167572,0.0,0.0,0.0,0.0,0.0,0.0,0.0,0.0,0.0,0.0,0.0,0.0,0.0,0.0,0.0,0.0,0.0,0.0,0.0,0.0,0.0,0.005500476956367493,0.0,0.0,0.0,0.0,0.0,0.0,0.0,0.0,0.0,-0.027950306683778764,0.0,0.0,0.0,0.0,0.0,-0.019823724031448366,0.0,0.0,0.0,0.0,0.0,0.31342609524726867,-0.03426823019981384,0.0,0.0,0.12950003415346145,0.0,0.04576394755393267,0.0,0.10860559314489365,-0.07975457705557347,0.0,0.0
Plce1,0.09022383246570825,0.0,0.0,0.0,0.0,0.0,0.0,0.0,0.0,0.0,0.0,0.0,0.0,-0.08397474236786366,0.0,0.0,0.0,0.0,-0.037570451498031614,-0.007020044326782227,0.0,0.0,0.0,0.011261335015296936,0.0,0.0,0.0,0.028109766244888305,-0.0044699513912200926,0.0,0.0,0.0,0.0,0.0,0.0,0.0,0.0,0.0,0.0,0.0,0.0,0.0,0.0,0.0,0.0,0.0,0.0,0.0,0.0,0.0,0.0726278092712164,0.0,0.0,0.0,0.0,0.0,0.0,0.0,0.0,0.0,0.0,0.0,0.0,0.0,0.0,0.0,0.0,0.0,0.0,0.0,0.0,0.0,-0.015126311630010604,0.0,0.0,0.0,0.0,0.0,0.0,0.0,0.0,0.0,0.013196816183626652,0.0,0.0,0.0,0.0,0.0,-0.046972769498825076,0.0,0.0,0.0,0.0,0.0,-0.028987797498703,0.12540317475795745,0.0,0.0,-0.07890650674700737,0.0,-0.04165860794484615,0.0,0.06144252695143223,-0.07975457705557347,2.0,2.0
Kansl1l,-0.2308996319770813,0.0,0.0,0.0,0.0,0.0,0.0,0.0,0.0,0.0,0.0,0.0,0.0,-0.01934062011539936,0.0,0.0,0.0,0.0,0.17435362800955773,0.10386828050017356,0.0,0.0,0.0,0.01179758906364441,0.0,0.0,0.0,-0.004080449938774109,-0.0018624797463417052,0.0,0.0,0.0,0.0,0.0,0.0,0.0,0.0,0.0,0.0,0.0,0.0,0.0,0.0,0.0,0.0,0.0,0.0,0.0,0.0,0.0,-0.016819071620702744,0.0,0.0,0.0,0.0,0.0,0.0,0.0,0.0,0.0,0.0,0.0,0.0,0.0,0.0,0.0,0.0,0.0,0.0,0.0,0.0,0.0,-0.015126311630010604,0.0,0.0,0.0,0.0,0.0,0.0,0.0,0.0,0.0,0.012124012373387814,0.0,0.0,0.0,0.0,0.0,-0.019823724031448366,0.0,0.0,0.0,0.0,0.0,0.32069530069828034,-0.03426823019981384,0.0,0.0,0.006140919253230095,0.0,0.08465024605393409,0.0,0.007217521145939827,-0.1446256387978792,2.0,2.0
Rorb,-0.2205137285217643,0.0,0.0,0.0,0.0,0.0,0.0,0.0,0.0,0.0,0.0,0.0,0.0,-0.01934062011539936,0.0,0.0,0.0,0.0,-0.037570451498031614,-0.007020044326782227,0.0,0.0,0.0,0.01179758906364441,0.0,0.0,0.0,-0.028563149571418762,-0.0018624797463417052,0.0,0.0,0.0,0.0,0.0,0.0,0.0,0.0,0.0,0.0,0.0,0.0,0.0,0.0,0.0,0.0,0.0,0.0,0.0,0.0,0.0,-0.0389896660298109,0.0,0.0,0.0,0.0,0.0,0.0,0.0,0.0,0.0,0.0,0.0,0.0,0.0,0.0,0.0,0.0,0.0,0.0,0.0,0.0,0.0,0.005500476956367493,0.0,0.0,0.0,0.0,0.0,0.0,0.0,0.0,0.0,0.013196816183626652,0.0,0.0,0.0,0.0,0.0,-0.046972769498825076,0.0,0.0,0.0,0.0,0.0,0.32069530069828034,-0.03426823019981384,0.0,0.0,0.006140919253230095,0.0,-0.08294178392738104,0.0,0.007217521145939827,0.11813358705490827,2.0,2.0
4732471J01Rik,-0.1802285243757069,0.0,0.0,0.0,0.0,0.0,0.0,0.0,0.0,0.0,0.0,0.0,0.0,0.016941641196608542,0.0,0.0,0.0,0.0,-0.023411290347576143,-0.027648543864488603,0.0,0.0,0.0,0.007507556676864624,0.0,0.0,0.0,-0.028563149571418762,-0.0044699513912200926,0.0,0.0,0.0,0.0,0.0,0.0,0.0,0.0,0.0,0.0,0.0,0.0,0.0,0.0,0.0,0.0,0.0,0.0,0.0,0.0,0.0,-0.016819071620702744,0.0,0.0,0.0,0.0,0.0,0.0,0.0,0.0,0.0,0.0,0.0,0.0,0.0,0.0,0.0,0.0,0.0,0.0,0.0,0.0,0.0,-0.015126311630010604,0.0,0.0,0.0,0.0,0.0,0.0,0.0,0.0,0.0,0.027800261452794076,0.0,0.0,0.0,0.0,0.0,0.09210746318101883,0.0,0.0,0.0,0.0,0.0,-0.026751118898391723,-0.03426823019981384,0.0,0.0,-0.02675622306764126,0.0,0.03363235961645841,0.0,-0.022332891523838043,0.11813358705490827,2.0,2.0
Rgs20,-0.22937816478312015,0.0,0.0,0.0,0.0,0.0,0.0,0.0,0.0,0.0,0.0,0.0,0.0,0.020655268467962742,0.0,0.0,0.0,0.0,-0.037570451498031614,0.04966045916080475,0.0,0.0,0.0,0.007507556676864624,0.0,0.0,0.0,-0.028563149571418762,-0.0044699513912200926,0.0,0.0,0.0,0.0,0.0,0.0,0.0,0.0,0.0,0.0,0.0,0.0,0.0,0.0,0.0,0.0,0.0,0.0,0.0,0.0,0.0,-0.016819071620702744,0.0,0.0,0.0,0.0,0.0,0.0,0.0,0.0,0.0,0.0,0.0,0.0,0.0,0.0,0.0,0.0,0.0,0.0,0.0,0.0,0.0,-0.015126311630010604,0.0,0.0,0.0,0.0,0.0,0.0,0.0,0.0,0.0,0.01698226012289524,0.0,0.0,0.0,0.0,0.0,-0.046972769498825076,0.0,0.0,0.0,0.0,0.0,-0.026751118898391723,-0.03426823019981384,0.0,0.0,-0.02675622306764126,0.0,0.13399981897324323,0.0,0.009817060381174088,0.11813358705490827,2.0,2.0
Gm21860,0.643020661920309,0.0,0.0,0.0,0.0,0.0,0.0,0.0,0.0,0.0,0.0,0.0,0.0,0.016941641196608542,0.0,0.0,0.0,0.0,-0.023411290347576143,-0.011795313209295272,0.0,0.0,0.0,0.007507556676864624,0.0,0.0,0.0,-0.002720299959182739,-0.0011174878478050231,0.0,0.0,0.0,0.0,0.0,0.0,0.0,0.0,0.0,0.0,0.0,0.0,0.0,0.0,0.0,0.0,0.0,0.0,0.0,0.0,0.0,-0.016819071620702744,0.0,0.0,0.0,0.0,0.0,0.0,0.0,0.0,0.0,0.0,0.0,0.0,0.0,0.0,0.0,0.0,0.0,0.0,0.0,0.0,0.0,0.04950429260730743,0.0,0.0,0.0,0.0,0.0,0.0,0.0,0.0,0.0,0.04595476657152176,0.0,0.0,0.0,0.0,0.0,0.09210746318101883,0.0,0.0,0.0,0.0,0.0,-0.015239823460578918,-0.018708568811416627,0.0,0.0,-0.02675622306764126,0.0,0.15304298609495162,0.0,-0.022332891523838043,0.11195502702146769,0.0,0.0
Peg3,-0.25810797352343795,0.0,0.0,0.0,0.0,0.0,0.0,0.0,0.0,0.0,0.0,0.0,0.0,0.016941641196608542,0.0,0.0,0.0,0.0,-0.037570451498031614,0.04783819682896137,0.0,0.0,0.0,0.007507556676864624,0.0,0.0,0.0,-0.004080449938774109,-0.0044699513912200926,0.0,0.0,0.0,0.0,0.0,0.0,0.0,0.0,0.0,0.0,0.0,0.0,0.0,0.0,0.0,0.0,0.0,0.0,0.0,0.0,0.0,-0.0389896660298109,0.0,0.0,0.0,0.0,0.0,0.0,0.0,0.0,0.0,0.0,0.0,0.0,0.0,0.0,0.0,0.0,0.0,0.0,0.0,0.0,0.0,0.005500476956367493,0.0,0.0,0.0,0.0,0.0,0.0,0.0,0.0,0.0,-0.0160207312554121,0.0,0.0,0.0,0.0,0.0,-0.046972769498825076,0.0,0.0,0.0,0.0,0.0,-0.026751118898391723,-0.03426823019981384,0.0,0.0,-0.02675622306764126,0.0,-0.10858247920870781,0.0,-0.022332891523838043,-0.1446256387978792,2.0,1.0
Cdk19,-0.25810797352343795,0.0,0.0,0.0,0.0,0.0,0.0,0.0,0.0,0.0,0.0,0.0,0.0,0.016941641196608542,0.0,0.0,0.0,0.0,-0.037570451498031614,-0.03609838619828224,0.0,0.0,0.0,0.007507556676864624,0.0,0.0,0.0,-0.004080449938774109,-0.0044699513912200926,0.0,0.0,0.0,0.0,0.0,0.0,0.0,0.0,0.0,0.0,0.0,0.0,0.0,0.0,0.0,0.0,0.0,0.0,0.0,0.0,0.0,0.01834807813167572,0.0,0.0,0.0,0.0,0.0,0.0,0.0,0.0,0.0,0.0,0.0,0.0,0.0,0.0,0.0,0.0,0.0,0.0,0.0,0.0,0.0,0.005500476956367493,0.0,0.0,0.0,0.0,0.0,0.0,0.0,0.0,0.0,-0.12128215938806534,0.0,0.0,0.0,0.0,0.0,-0.046972769498825076,0.0,0.0,0.0,0.0,0.0,-0.026751118898391723,-0.03426823019981384,0.0,0.0,-0.02675622306764126,0.0,0.03258807942271233,0.0,-0.022332891523838043,-0.1446256387978792,2.0,2.0
Rab11fip4,-0.23748118598014117,0.0,0.0,0.0,0.0,0.0,0.0,0.0,0.0,0.0,0.0,0.0,0.0,0.016941641196608542,0.0,0.0,0.0,0.0,-0.037570451498031614,-0.0401895423233509,0.0,0.0,0.0,0.007507556676864624,0.0,0.0,0.0,-0.004080449938774109,-0.0044699513912200926,0.0,0.0,0.0,0.0,0.0,0.0,0.0,0.0,0.0,0.0,0.0,0.0,0.0,0.0,0.0,0.0,0.0,0.0,0.0,0.0,0.0,-0.016819071620702744,0.0,0.0,0.0,0.0,0.0,0.0,0.0,0.0,0.0,0.0,0.0,0.0,0.0,0.0,0.0,0.0,0.0,0.0,0.0,0.0,0.0,-0.015126311630010604,0.0,0.0,0.0,0.0,0.0,0.0,0.0,0.0,0.0,-0.06860852461308241,0.0,0.0,0.0,0.0,0.0,-0.046972769498825076,0.0,0.0,0.0,0.0,0.0,-0.026751118898391723,-0.03426823019981384,0.0,0.0,-0.02675622306764126,0.0,0.01917274858802557,0.0,-0.022332891523838043,-0.1446256387978792,2.0,2.0
A230006K03Rik,-0.16863253749907017,0.0,0.0,0.0,0.0,0.0,0.0,0.0,0.0,0.0,0.0,0.0,0.0,-0.018986261859536172,0.0,0.0,0.0,0.0,-0.023411290347576143,-0.011795313209295272,0.0,0.0,0.0,0.007507556676864624,0.0,0.0,0.0,-0.028563149571418762,-0.0044699513912200926,0.0,0.0,0.0,0.0,0.0,0.0,0.0,0.0,0.0,0.0,0.0,0.0,0.0,0.0,0.0,0.0,0.0,0.0,0.0,0.0,0.0,-0.016819071620702744,0.0,0.0,0.0,0.0,0.0,0.0,0.0,0.0,0.0,0.0,0.0,0.0,0.0,0.0,0.0,0.0,0.0,0.0,0.0,0.0,0.0,0.005500476956367493,0.0,0.0,0.0,0.0,0.0,0.0,0.0,0.0,0.0,0.04595476657152176,0.0,0.0,0.0,0.0,0.0,0.09210746318101883,0.0,0.0,0.0,0.0,0.0,-0.028987797498703,-0.03426823019981384,0.0,0.0,-0.02675622306764126,0.0,0.15304298609495162,0.0,-0.016391087546944617,0.11813358705490827,0.0,2.0
Schip1,0.48053363282233474,0.0,0.0,0.0,0.0,0.0,0.0,0.0,0.0,0.0,0.0,0.0,0.0,-0.19916369028389455,0.0,0.0,0.0,0.0,-0.021295025274157525,0.04966045916080475,0.0,0.0,0.0,0.02520394027233124,0.0,0.0,0.0,0.028109766244888305,-0.0011174878478050231,0.0,0.0,0.0,0.0,0.0,0.0,0.0,0.0,0.0,0.0,0.0,0.0,0.0,0.0,0.0,0.0,0.0,0.0,0.0,0.0,0.0,0.01834807813167572,0.0,0.0,0.0,0.0,0.0,0.0,0.0,0.0,0.0,0.0,0.0,0.0,0.0,0.0,0.0,0.0,0.0,0.0,0.0,0.0,0.0,-0.015126311630010604,0.0,0.0,0.0,0.0,0.0,0.0,0.0,0.0,0.0,0.01698226012289524,0.0,0.0,0.0,0.0,0.0,-0.014754072800278663,0.0,0.0,0.0,0.0,0.0,-0.02710149422287941,0.12540317475795745,0.0,0.0,0.12950003415346145,0.0,0.09883267063647509,0.0,0.06144252695143223,-0.07975457705557347,0.0,2.0
Slit3,0.2958224231004715,0.0,0.0,0.0,0.0,0.0,0.0,0.0,0.0,0.0,0.0,0.0,0.0,-0.19916369028389455,0.0,0.0,0.0,0.0,0.10260889187455177,0.03571980759501457,0.0,0.0,0.0,-0.13138224184513092,0.0,0.0,0.0,0.028109766244888305,-0.0011174878478050231,0.0,0.0,0.0,0.0,0.0,0.0,0.0,0.0,0.0,0.0,0.0,0.0,0.0,0.0,0.0,0.0,0.0,0.0,0.0,0.0,0.0,0.0726278092712164,0.0,0.0,0.0,0.0,0.0,0.0,0.0,0.0,0.0,0.0,0.0,0.0,0.0,0.0,0.0,0.0,0.0,0.0,0.0,0.0,0.0,0.005500476956367493,0.0,0.0,0.0,0.0,0.0,0.0,0.0,0.0,0.0,0.008216047957539559,0.0,0.0,0.0,0.0,0.0,-0.010855633318424224,0.0,0.0,0.0,0.0,0.0,-0.02710149422287941,0.12540317475795745,0.0,0.0,0.0533519540540874,0.0,-0.07941769272089004,0.0,0.06144252695143223,-0.07975457705557347,0.0,2.0
Kctd8,-0.26122647859156134,0.0,0.0,0.0,0.0,0.0,0.0,0.0,0.0,0.0,0.0,0.0,0.0,-0.02381397731602192,0.0,0.0,0.0,0.0,-0.037570451498031614,-0.007020044326782227,0.0,0.0,0.0,0.01179758906364441,0.0,0.0,0.0,-0.004080449938774109,-0.0044699513912200926,0.0,0.0,0.0,0.0,0.0,0.0,0.0,0.0,0.0,0.0,0.0,0.0,0.0,0.0,0.0,0.0,0.0,0.0,0.0,0.0,0.0,-0.0389896660298109,0.0,0.0,0.0,0.0,0.0,0.0,0.0,0.0,0.0,0.0,0.0,0.0,0.0,0.0,0.0,0.0,0.0,0.0,0.0,0.0,0.0,-0.015126311630010604,0.0,0.0,0.0,0.0,0.0,0.0,0.0,0.0,0.0,0.013196816183626652,0.0,0.0,0.0,0.0,0.0,-0.046972769498825076,0.0,0.0,0.0,0.0,0.0,-0.028987797498703,-0.03426823019981384,0.0,0.0,0.006140919253230095,0.0,-0.08294178392738104,0.0,0.007217521145939827,-0.1446256387978792,2.0,2.0
Nr6a1,-0.2939715534821153,0.0,0.0,0.0,0.0,0.0,0.0,0.0,0.0,0.0,0.0,0.0,0.0,0.020655268467962742,0.0,0.0,0.0,0.0,-0.037570451498031614,-0.0401895423233509,0.0,0.0,0.0,0.007507556676864624,0.0,0.0,0.0,-0.004080449938774109,-0.0044699513912200926,0.0,0.0,0.0,0.0,0.0,0.0,0.0,0.0,0.0,0.0,0.0,0.0,0.0,0.0,0.0,0.0,0.0,0.0,0.0,0.0,0.0,0.01834807813167572,0.0,0.0,0.0,0.0,0.0,0.0,0.0,0.0,0.0,0.0,0.0,0.0,0.0,0.0,0.0,0.0,0.0,0.0,0.0,0.0,0.0,0.005500476956367493,0.0,0.0,0.0,0.0,0.0,0.0,0.0,0.0,0.0,-0.06860852461308241,0.0,0.0,0.0,0.0,0.0,-0.046972769498825076,0.0,0.0,0.0,0.0,0.0,-0.026751118898391723,-0.03426823019981384,0.0,0.0,-0.02675622306764126,0.0,-0.01599440138787031,0.0,0.009817060381174088,-0.1446256387978792,2.0,2.0
Rpsa,0.4460488957539201,0.0,0.0,0.0,0.0,0.0,0.0,0.0,0.0,0.0,0.0,0.0,0.0,0.016941641196608542,0.0,0.0,0.0,0.0,-0.023411290347576143,-0.027648543864488603,0.0,0.0,0.0,0.007507556676864624,0.0,0.0,0.0,-0.002720299959182739,0.07747915744781494,0.0,0.0,0.0,0.0,0.0,0.0,0.0,0.0,0.0,0.0,0.0,0.0,0.0,0.0,0.0,0.0,0.0,0.0,0.0,0.0,0.0,-0.016819071620702744,0.0,0.0,0.0,0.0,0.0,0.0,0.0,0.0,0.0,0.0,0.0,0.0,0.0,0.0,0.0,0.0,0.0,0.0,0.0,0.0,0.0,-0.10863441988825798,0.0,0.0,0.0,0.0,0.0,0.0,0.0,0.0,0.0,0.027800261452794076,0.0,0.0,0.0,0.0,0.0,0.09210746318101883,0.0,0.0,0.0,0.0,0.0,-0.013749839663505554,-0.018708568811416627,0.0,0.0,-0.02675622306764126,0.0,0.03363235961645841,0.0,-0.022332891523838043,0.11195502702146769,0.0,0.0
Gria1,0.3093580300360918,0.0,0.0,0.0,0.0,0.0,0.0,0.0,0.0,0.0,0.0,0.0,0.0,0.04458903558552265,0.0,0.0,0.0,0.0,0.11023233242332936,0.10386828050017356,0.0,0.0,0.0,0.02520394027233124,0.0,0.0,0.0,0.028109766244888305,-0.0018624797463417052,0.0,0.0,0.0,0.0,0.0,0.0,0.0,0.0,0.0,0.0,0.0,0.0,0.0,0.0,0.0,0.0,0.0,0.0,0.0,0.0,0.0,0.01834807813167572,0.0,0.0,0.0,0.0,0.0,0.0,0.0,0.0,0.0,0.0,0.0,0.0,0.0,0.0,0.0,0.0,0.0,0.0,0.0,0.0,0.0,-0.015126311630010604,0.0,0.0,0.0,0.0,0.0,0.0,0.0,0.0,0.0,0.012124012373387814,0.0,0.0,0.0,0.0,0.0,0.04097605414688587,0.0,0.0,0.0,0.0,0.0,0.31342609524726867,-0.03426823019981384,0.0,0.0,0.12950003415346145,0.0,0.049483097642660144,0.0,0.10860559314489365,-0.07975457705557347,0.0,0.0
2610316D01Rik,-0.23671889264136553,0.0,0.0,0.0,0.0,0.0,0.0,0.0,0.0,0.0,0.0,0.0,0.0,0.020655268467962742,0.0,0.0,0.0,0.0,-0.023411290347576143,-0.010099656581878662,0.0,0.0,0.0,0.007507556676864624,0.0,0.0,0.0,-0.028563149571418762,-0.0044699513912200926,0.0,0.0,0.0,0.0,0.0,0.0,0.0,0.0,0.0,0.0,0.0,0.0,0.0,0.0,0.0,0.0,0.0,0.0,0.0,0.0,0.0,-0.0389896660298109,0.0,0.0,0.0,0.0,0.0,0.0,0.0,0.0,0.0,0.0,0.0,0.0,0.0,0.0,0.0,0.0,0.0,0.0,0.0,0.0,0.0,0.005500476956367493,0.0,0.0,0.0,0.0,0.0,0.0,0.0,0.0,0.0,-0.02623796496540308,0.0,0.0,0.0,0.0,0.0,0.09210746318101883,0.0,0.0,0.0,0.0,0.0,-0.026751118898391723,-0.03426823019981384,0.0,0.0,-0.02675622306764126,0.0,-0.04042739078402519,0.0,0.009817060381174088,0.11813358705490827,2.0,2.0
Hcn1,0.025181864127516745,0.0,0.0,0.0,0.0,0.0,0.0,0.0,0.0,0.0,0.0,0.0,0.0,-0.02715624209493399,0.0,0.0,0.0,0.0,-0.037570451498031614,-0.007020044326782227,0.0,0.0,0.0,0.011261335015296936,0.0,0.0,0.0,-0.0009067666530609131,-0.0044699513912200926,0.0,0.0,0.0,0.0,0.0,0.0,0.0,0.0,0.0,0.0,0.0,0.0,0.0,0.0,0.0,0.0,0.0,0.0,0.0,0.0,0.0,-0.0389896660298109,0.0,0.0,0.0,0.0,0.0,0.0,0.0,0.0,0.0,0.0,0.0,0.0,0.0,0.0,0.0,0.0,0.0,0.0,0.0,0.0,0.0,-0.015126311630010604,0.0,0.0,0.0,0.0,0.0,0.0,0.0,0.0,0.0,0.013196816183626652,0.0,0.0,0.0,0.0,0.0,-0.046972769498825076,0.0,0.0,0.0,0.0,0.0,-0.028987797498703,-0.03426823019981384,0.0,0.0,-0.07890650674700737,0.0,-0.08294178392738104,0.0,-0.048827462568879126,-0.06524631176143884,0.0,2.0
Scrg1,-0.1612918096408248,0.0,0.0,0.0,0.0,0.0,0.0,0.0,0.0,0.0,0.0,0.0,0.0,-0.018986261859536172,0.0,0.0,0.0,0.0,-0.037570451498031614,-0.010099656581878662,0.0,0.0,0.0,0.007507556676864624,0.0,0.0,0.0,-0.028563149571418762,-0.0044699513912200926,0.0,0.0,0.0,0.0,0.0,0.0,0.0,0.0,0.0,0.0,0.0,0.0,0.0,0.0,0.0,0.0,0.0,0.0,0.0,0.0,0.0,-0.0389896660298109,0.0,0.0,0.0,0.0,0.0,0.0,0.0,0.0,0.0,0.0,0.0,0.0,0.0,0.0,0.0,0.0,0.0,0.0,0.0,0.0,0.0,-0.015126311630010604,0.0,0.0,0.0,0.0,0.0,0.0,0.0,0.0,0.0,-0.02623796496540308,0.0,0.0,0.0,0.0,0.0,-0.046972769498825076,0.0,0.0,0.0,0.0,0.0,-0.028987797498703,-0.03426823019981384,0.0,0.0,-0.02675622306764126,0.0,-0.04042739078402519,0.0,-0.016391087546944617,0.11813358705490827,0.0,1.0
Efemp1,-0.2191057724878192,0.0,0.0,0.0,0.0,0.0,0.0,0.0,0.0,0.0,0.0,0.0,0.0,-0.018986261859536172,0.0,0.0,0.0,0.0,-0.037570451498031614,-0.007020044326782227,0.0,0.0,0.0,0.01179758906364441,0.0,0.0,0.0,-0.028563149571418762,-0.0044699513912200926,0.0,0.0,0.0,0.0,0.0,0.0,0.0,0.0,0.0,0.0,0.0,0.0,0.0,0.0,0.0,0.0,0.0,0.0,0.0,0.0,0.0,-0.0389896660298109,0.0,0.0,0.0,0.0,0.0,0.0,0.0,0.0,0.0,0.0,0.0,0.0,0.0,0.0,0.0,0.0,0.0,0.0,0.0,0.0,0.0,0.005500476956367493,0.0,0.0,0.0,0.0,0.0,0.0,0.0,0.0,0.0,0.013196816183626652,0.0,0.0,0.0,0.0,0.0,-0.046972769498825076,0.0,0.0,0.0,0.0,0.0,-0.028987797498703,-0.03426823019981384,0.0,0.0,0.006140919253230095,0.0,-0.08294178392738104,0.0,-0.016391087546944617,0.11813358705490827,2.0,2.0
Cobl,-0.2172598746791482,0.0,0.0,0.0,0.0,0.0,0.0,0.0,0.0,0.0,0.0,0.0,0.0,-0.02381397731602192,0.0,0.0,0.0,0.0,-0.037570451498031614,-0.010099656581878662,0.0,0.0,0.0,0.01179758906364441,0.0,0.0,0.0,-0.028563149571418762,-0.0044699513912200926,0.0,0.0,0.0,0.0,0.0,0.0,0.0,0.0,0.0,0.0,0.0,0.0,0.0,0.0,0.0,0.0,0.0,0.0,0.0,0.0,0.0,0.0726278092712164,0.0,0.0,0.0,0.0,0.0,0.0,0.0,0.0,0.0,0.0,0.0,0.0,0.0,0.0,0.0,0.0,0.0,0.0,0.0,0.0,0.0,-0.015126311630010604,0.0,0.0,0.0,0.0,0.0,0.0,0.0,0.0,0.0,-0.02623796496540308,0.0,0.0,0.0,0.0,0.0,-0.046972769498825076,0.0,0.0,0.0,0.0,0.0,-0.028987797498703,-0.03426823019981384,0.0,0.0,0.006140919253230095,0.0,0.0008557851985096931,0.0,0.007217521145939827,0.11813358705490827,2.0,2.0
Maf,-0.21414137637242675,0.0,0.0,0.0,0.0,0.0,0.0,0.0,0.0,0.0,0.0,0.0,0.0,0.016941641196608542,0.0,0.0,0.0,0.0,-0.037570451498031614,-0.010099656581878662,0.0,0.0,0.0,0.007507556676864624,0.0,0.0,0.0,-0.028563149571418762,-0.0044699513912200926,0.0,0.0,0.0,0.0,0.0,0.0,0.0,0.0,0.0,0.0,0.0,0.0,0.0,0.0,0.0,0.0,0.0,0.0,0.0,0.0,0.0,-0.0389896660298109,0.0,0.0,0.0,0.0,0.0,0.0,0.0,0.0,0.0,0.0,0.0,0.0,0.0,0.0,0.0,0.0,0.0,0.0,0.0,0.0,0.0,0.005500476956367493,0.0,0.0,0.0,0.0,0.0,0.0,0.0,0.0,0.0,-0.02623796496540308,0.0,0.0,0.0,0.0,0.0,-0.046972769498825076,0.0,0.0,0.0,0.0,0.0,-0.026751118898391723,-0.03426823019981384,0.0,0.0,-0.02675622306764126,0.0,-0.04042739078402519,0.0,-0.022332891523838043,0.11813358705490827,2.0,1.0
Wls,-0.3211842966079712,0.0,0.0,0.0,0.0,0.0,0.0,0.0,0.0,0.0,0.0,0.0,0.0,0.020655268467962742,0.0,0.0,0.0,0.0,-0.037570451498031614,-0.010099656581878662,0.0,0.0,0.0,0.01179758906364441,0.0,0.0,0.0,0.04941878259181976,-0.0044699513912200926,0.0,0.0,0.0,0.0,0.0,0.0,0.0,0.0,0.0,0.0,0.0,0.0,0.0,0.0,0.0,0.0,0.0,0.0,0.0,0.0,0.0,-0.0389896660298109,0.0,0.0,0.0,0.0,0.0,0.0,0.0,0.0,0.0,0.0,0.0,0.0,0.0,0.0,0.0,0.0,0.0,0.0,0.0,0.0,0.0,0.005500476956367493,0.0,0.0,0.0,0.0,0.0,0.0,0.0,0.0,0.0,-0.02623796496540308,0.0,0.0,0.0,0.0,0.0,-0.046972769498825076,0.0,0.0,0.0,0.0,0.0,-0.026751118898391723,-0.03426823019981384,0.0,0.0,0.006140919253230095,0.0,-0.04042739078402519,0.0,0.009817060381174088,-0.20809930428862572,2.0,2.0
Kdm6a,-0.16863253749907017,0.0,0.0,0.0,0.0,0.0,0.0,0.0,0.0,0.0,0.0,0.0,0.0,-0.018986261859536172,0.0,0.0,0.0,0.0,-0.023411290347576143,-0.03609838619828224,0.0,0.0,0.0,0.007507556676864624,0.0,0.0,0.0,-0.028563149571418762,-0.0044699513912200926,0.0,0.0,0.0,0.0,0.0,0.0,0.0,0.0,0.0,0.0,0.0,0.0,0.0,0.0,0.0,0.0,0.0,0.0,0.0,0.0,0.0,-0.016819071620702744,0.0,0.0,0.0,0.0,0.0,0.0,0.0,0.0,0.0,0.0,0.0,0.0,0.0,0.0,0.0,0.0,0.0,0.0,0.0,0.0,0.0,0.005500476956367493,0.0,0.0,0.0,0.0,0.0,0.0,0.0,0.0,0.0,-0.12128215938806534,0.0,0.0,0.0,0.0,0.0,0.09210746318101883,0.0,0.0,0.0,0.0,0.0,-0.028987797498703,-0.03426823019981384,0.0,0.0,-0.02675622306764126,0.0,0.06775522992014885,0.0,-0.016391087546944617,0.11813358705490827,2.0,2.0
Ttc32,0.5971377547457815,0.0,0.0,0.0,0.0,0.026186385154724122,0.0,0.0,0.0,0.0,0.0,0.0,-0.03862479835748672,0.09395518276840448,-0.031289563179016114,-0.03044932324439287,0.0,0.0,0.0,-0.01705391153693199,0.0,0.0,0.0,0.0,0.015271350964903832,0.0,0.056947445794939995,0.09048851672559977,0.0,0.0,0.0,-0.06109090622514486,0.0,0.0,0.0,0.0,0.0,0.002029528319835663,0.0,0.0,0.0,0.0,0.0,0.0,0.0,0.0,0.0,0.0,0.0,0.0,0.0,0.0,0.0,0.0,0.0,0.0,0.0,0.0,0.0,0.0,0.0,0.0,0.0,0.0,0.0,0.0,0.0,0.0,0.0,0.0,0.0,0.0,-0.09771963164210319,0.0,0.0,0.0,0.0,0.0,0.0,0.02443967379629612,0.0,0.0,0.0,0.0,0.0,0.0,0.0,0.0,0.0,0.0,0.0,0.0,0.0,0.0,0.04319637730717659,0.01862729586660862,0.012338847741484643,0.0,-0.026871403492987157,0.0,0.0,0.0,-0.021035409793257714,0.0,1.0,1.0
Lsm14b,0.5884204673208296,0.0,0.0,0.0,0.0,-0.01800313889980316,0.0,0.0,0.0,0.0,0.0,0.0,0.04071254301816225,0.10150985945016146,0.028093559369444847,0.0914095863327384,0.0,0.0,0.0,-0.008594827502965927,0.0,0.0,0.0,0.0,0.015271350964903832,0.0,0.056947445794939995,0.03051053747534752,0.0,0.0,0.0,0.05485096525400877,0.0,0.0,0.0,0.0,0.0,0.002029528319835663,0.0,0.0,0.0,0.0,0.0,0.0,0.0,0.0,0.0,0.0,0.0,0.0,0.0,0.0,0.0,0.0,0.0,0.0,0.0,0.0,0.0,0.0,0.0,0.0,0.0,0.0,0.0,0.0,0.0,0.0,0.0,0.0,0.0,0.0,0.06563258841633797,0.0,0.0,0.0,0.0,0.0,0.0,0.02443967379629612,0.0,0.0,0.0,0.0,0.0,0.0,0.0,0.0,0.0,0.0,0.0,0.0,0.0,0.0,0.04319637730717659,0.06192758869379759,0.02294215086847544,0.0,-0.026871403492987157,0.0,0.0,0.0,-0.015607481598854065,0.0,1.0,0.0
Churc1,-0.19856571378186344,0.0,0.0,0.0,0.0,-0.055373289361596106,0.0,0.0,0.0,0.0,0.0,0.0,-0.09444281660020351,-0.29074243001639843,0.05692235633730888,-0.03723968081176281,0.0,0.0,0.0,-0.031657245606184006,0.0,0.0,0.0,0.0,0.0008758974075317383,0.0,0.02537927120923996,-0.020340358167886735,0.0,0.0,0.0,0.04792518991976977,0.0,0.0,0.0,0.0,0.0,0.002029528319835663,0.0,0.0,0.0,0.0,0.0,0.0,0.0,0.0,0.0,0.0,0.0,0.0,0.0,0.0,0.0,0.0,0.0,0.0,0.0,0.0,0.0,0.0,0.0,0.0,0.0,0.0,0.0,0.0,0.0,0.0,0.0,0.0,0.0,0.0,0.007292509824037552,0.0,0.0,0.0,0.0,0.0,0.0,0.009899614900350571,0.0,0.0,0.0,0.0,0.0,0.0,0.0,0.0,0.0,0.0,0.0,0.0,0.0,0.0,0.014235161244869232,0.06192758869379759,0.018893455788493156,0.0,-0.021070397570729257,0.0,0.0,0.0,-0.01909679561853409,0.0,1.0,1.0
Slc15a4,-0.19164522513747215,0.0,0.0,0.0,0.0,-0.055373289361596106,0.0,0.0,0.0,0.0,0.0,0.0,0.09844934433698654,0.0650898677110672,0.05692235633730888,0.10447994366288185,0.0,0.0,0.0,-0.012245660126209259,0.0,0.0,0.0,0.0,0.0008758974075317383,0.0,-0.057256808765232564,-0.007562440894544125,0.0,0.0,0.0,-0.014522666111588478,0.0,0.0,0.0,0.0,0.0,0.002029528319835663,0.0,0.0,0.0,0.0,0.0,0.0,0.0,0.0,0.0,0.0,0.0,0.0,0.0,0.0,0.0,0.0,0.0,0.0,0.0,0.0,0.0,0.0,0.0,0.0,0.0,0.0,0.0,0.0,0.0,0.0,0.0,0.0,0.0,0.0,0.007292509824037552,0.0,0.0,0.0,0.0,0.0,0.0,0.007734073977917433,0.0,0.0,0.0,0.0,0.0,0.0,0.0,0.0,0.0,0.0,0.0,0.0,0.0,0.0,0.03879662424325943,-0.02042466640472412,0.05243686452507973,0.0,-0.021070397570729257,0.0,0.0,0.0,-0.001463671736419201,0.0,1.0,1.0
Nek7,-0.17470808681100608,0.0,0.0,0.0,0.0,0.14757117860019206,0.0,0.0,0.0,0.0,0.0,0.0,0.042003067173063756,-0.30467752654105423,0.14257365323603152,0.061831010431051256,0.0,0.0,0.0,0.037070731073617934,0.0,0.0,0.0,0.0,0.0008758974075317383,0.0,-0.022490787506103515,-0.004693929143249989,0.0,0.0,0.0,0.01246796865016222,0.0,0.0,0.0,0.0,0.0,0.003551674410700798,0.0,0.0,0.0,0.0,0.0,0.0,0.0,0.0,0.0,0.0,0.0,0.0,0.0,0.0,0.0,0.0,0.0,0.0,0.0,0.0,0.0,0.0,0.0,0.0,0.0,0.0,0.0,0.0,0.0,0.0,0.0,0.0,0.0,0.0,-0.010209513753652573,0.0,0.0,0.0,0.0,0.0,0.0,0.004949807822704315,0.0,0.0,0.0,0.0,0.0,0.0,0.0,0.0,0.0,0.0,0.0,0.0,0.0,0.0,0.01696290947496891,-0.059149833545088765,0.02101452548056841,0.0,0.006040654927492142,0.0,0.0,0.0,0.029405547119677067,0.0,1.0,2.0
Pstk,-0.23527622032910586,0.0,0.0,0.0,0.0,-0.055373289361596106,0.0,0.0,0.0,0.0,0.0,0.0,0.09844934433698654,0.1128426257520914,0.05692235633730888,0.0914095863327384,0.0,0.0,0.0,-0.008594827502965927,0.0,0.0,0.0,0.0,0.015271350964903832,0.0,0.056947445794939995,0.03051053747534752,0.0,0.0,0.0,0.05485096525400877,0.0,0.0,0.0,0.0,0.0,0.002029528319835663,0.0,0.0,0.0,0.0,0.0,0.0,0.0,0.0,0.0,0.0,0.0,0.0,0.0,0.0,0.0,0.0,0.0,0.0,0.0,0.0,0.0,0.0,0.0,0.0,0.0,0.0,0.0,0.0,0.0,0.0,0.0,0.0,0.0,0.0,0.007292509824037552,0.0,0.0,0.0,0.0,0.0,0.0,0.02443967379629612,0.0,0.0,0.0,0.0,0.0,0.0,0.0,0.0,0.0,0.0,0.0,0.0,0.0,0.0,0.03879662424325943,0.06192758869379759,0.05243686452507973,0.0,-0.026871403492987157,0.0,0.0,0.0,-0.016509600058197973,0.0,1.0,1.0
Usp2,-0.1366278261318803,0.0,0.0,0.0,0.0,0.14757117860019206,0.0,0.0,0.0,0.0,0.0,0.0,0.09844934433698654,0.07957499265670777,0.14257365323603152,0.10889167122542859,0.0,0.0,0.0,-0.012245660126209259,0.0,0.0,0.0,0.0,-0.01243686743080616,0.0,-0.013327265605330468,-0.007562440894544125,0.0,0.0,0.0,-0.06109090622514486,0.0,0.0,0.0,0.0,0.0,0.002029528319835663,0.0,0.0,0.0,0.0,0.0,0.0,0.0,0.0,0.0,0.0,0.0,0.0,0.0,0.0,0.0,0.0,0.0,0.0,0.0,0.0,0.0,0.0,0.0,0.0,0.0,0.0,0.0,0.0,0.0,0.0,0.0,0.0,0.0,0.0,-0.010209513753652573,0.0,0.0,0.0,0.0,0.0,0.0,-0.0318643850646913,0.0,0.0,0.0,0.0,0.0,0.0,0.0,0.0,0.0,0.0,0.0,0.0,0.0,0.0,-0.09925123356282711,0.01862729586660862,0.05243686452507973,0.0,-0.026871403492987157,0.0,0.0,0.0,-0.016509600058197973,0.0,1.0,1.0
Psmd1,-0.2001641136407852,0.0,0.0,0.0,0.0,-0.010365443229675293,0.0,0.0,0.0,0.0,0.0,0.0,0.048711156100034715,0.08970433183014392,-0.030375919342041015,-0.09631754517555237,0.0,0.0,0.0,-0.031657245606184006,0.0,0.0,0.0,0.0,-0.01243686743080616,0.0,-0.057256808765232564,-0.020340358167886735,0.0,0.0,0.0,0.009246006719768047,0.0,0.0,0.0,0.0,0.0,0.002029528319835663,0.0,0.0,0.0,0.0,0.0,0.0,0.0,0.0,0.0,0.0,0.0,0.0,0.0,0.0,0.0,0.0,0.0,0.0,0.0,0.0,0.0,0.0,0.0,0.0,0.0,0.0,0.0,0.0,0.0,0.0,0.0,0.0,0.0,0.0,-0.010209513753652573,0.0,0.0,0.0,0.0,0.0,0.0,0.007734073977917433,0.0,0.0,0.0,0.0,0.0,0.0,0.0,0.0,0.0,0.0,0.0,0.0,0.0,0.0,0.03796541735529899,-0.012091403305530548,-0.09293745011091233,0.0,-0.026871403492987157,0.0,0.0,0.0,-0.03154507800936699,0.0,1.0,2.0
Zfp568,-0.2815221099555492,0.0,0.0,0.0,0.0,-0.010365443229675293,0.0,0.0,0.0,0.0,0.0,0.0,0.03680214993655682,0.025812298357486725,-0.030375919342041015,-0.056357167698442935,0.0,0.0,0.0,-0.031657245606184006,0.0,0.0,0.0,0.0,0.015271350964903832,0.0,-0.013327265605330468,-0.020340358167886735,0.0,0.0,0.0,0.019393743351101875,0.0,0.0,0.0,0.0,0.0,0.002029528319835663,0.0,0.0,0.0,0.0,0.0,0.0,0.0,0.0,0.0,0.0,0.0,0.0,0.0,0.0,0.0,0.0,0.0,0.0,0.0,0.0,0.0,0.0,0.0,0.0,0.0,0.0,0.0,0.0,0.0,0.0,0.0,0.0,0.0,0.0,0.007292509824037552,0.0,0.0,0.0,0.0,0.0,0.0,-0.0318643850646913,0.0,0.0,0.0,0.0,0.0,0.0,0.0,0.0,0.0,0.0,0.0,0.0,0.0,0.0,-0.10281018868088722,-0.059149833545088765,-0.034160729050636295,0.0,-0.026871403492987157,0.0,0.0,0.0,-0.03423420861363411,0.0,1.0,1.0
Rmdn3,-0.21229586474597453,0.0,0.0,0.0,0.0,0.0450078459084034,0.0,0.0,0.0,0.0,0.0,0.0,0.09844934433698654,0.1008450173586607,-0.09229580484330654,-0.03044932324439287,0.0,0.0,0.0,-0.01705391153693199,0.0,0.0,0.0,0.0,0.003275139853358269,0.0,-0.057256808765232564,0.09048851672559977,0.0,0.0,0.0,-0.06109090622514486,0.0,0.0,0.0,0.0,0.0,0.002029528319835663,0.0,0.0,0.0,0.0,0.0,0.0,0.0,0.0,0.0,0.0,0.0,0.0,0.0,0.0,0.0,0.0,0.0,0.0,0.0,0.0,0.0,0.0,0.0,0.0,0.0,0.0,0.0,0.0,0.0,0.0,0.0,0.0,0.0,0.0,0.007292509824037552,0.0,0.0,0.0,0.0,0.0,0.0,0.007734073977917433,0.0,0.0,0.0,0.0,0.0,0.0,0.0,0.0,0.0,0.0,0.0,0.0,0.0,0.0,0.03823819220066071,0.01862729586660862,0.05243686452507973,0.0,-0.026871403492987157,0.0,0.0,0.0,-0.016509600058197973,0.0,1.0,1.0
Kcnmb4,-0.19065145900473,0.0,0.0,0.0,0.0,0.0450078459084034,0.0,0.0,0.0,0.0,0.0,0.0,-0.04296635739505291,0.030381797812879086,-0.09229580484330654,-0.03723968081176281,0.0,0.0,0.0,-0.031657245606184006,0.0,0.0,0.0,0.0,-0.01483610987663269,0.0,0.014255354516208171,-0.020340358167886735,0.0,0.0,0.0,0.04792518991976977,0.0,0.0,0.0,0.0,0.0,0.002029528319835663,0.0,0.0,0.0,0.0,0.0,0.0,0.0,0.0,0.0,0.0,0.0,0.0,0.0,0.0,0.0,0.0,0.0,0.0,0.0,0.0,0.0,0.0,0.0,0.0,0.0,0.0,0.0,0.0,0.0,0.0,0.0,0.0,0.0,0.0,0.007292509824037552,0.0,0.0,0.0,0.0,0.0,0.0,-0.10178041338920593,0.0,0.0,0.0,0.0,0.0,0.0,0.0,0.0,0.0,0.0,0.0,0.0,0.0,0.0,0.03823819220066071,0.06192758869379759,-0.025266209281980992,0.0,-0.021070397570729257,0.0,0.0,0.0,-0.02256652161478996,0.0,1.0,1.0
Pramef8,0.49349483544006945,0.0,0.0,0.0,0.0,0.054009415805339814,0.0,0.0,0.0,0.0,0.0,0.0,0.04071254301816225,0.10150985945016146,0.05100664436817169,0.0914095863327384,0.0,0.0,0.0,-0.008594827502965927,0.0,0.0,0.0,0.0,0.015271350964903832,0.0,0.056947445794939995,0.03051053747534752,0.0,0.0,0.0,0.05485096525400877,0.0,0.0,0.0,0.0,0.0,0.002029528319835663,0.0,0.0,0.0,0.0,0.0,0.0,0.0,0.0,0.0,0.0,0.0,0.0,0.0,0.0,0.0,0.0,0.0,0.0,0.0,0.0,0.0,0.0,0.0,0.0,0.0,0.0,0.0,0.0,0.0,0.0,0.0,0.0,0.0,0.0,0.06563258841633797,0.0,0.0,0.0,0.0,0.0,0.0,0.02443967379629612,0.0,0.0,0.0,0.0,0.0,0.0,0.0,0.0,0.0,0.0,0.0,0.0,0.0,0.0,0.04319637730717659,0.06192758869379759,0.02294215086847544,0.0,-0.026871403492987157,0.0,0.0,0.0,-0.015607481598854065,0.0,1.0,0.0
Sae1,-0.1914506583660841,0.0,0.0,0.0,0.0,-0.055373289361596106,0.0,0.0,0.0,0.0,0.0,0.0,0.09844934433698654,0.08390607468783856,0.05692235633730888,0.10447994366288185,0.0,0.0,0.0,-0.012245660126209259,0.0,0.0,0.0,0.0,0.003275139853358269,0.0,-0.057256808765232564,-0.007562440894544125,0.0,0.0,0.0,-0.014522666111588478,0.0,0.0,0.0,0.0,0.0,0.002029528319835663,0.0,0.0,0.0,0.0,0.0,0.0,0.0,0.0,0.0,0.0,0.0,0.0,0.0,0.0,0.0,0.0,0.0,0.0,0.0,0.0,0.0,0.0,0.0,0.0,0.0,0.0,0.0,0.0,0.0,0.0,0.0,0.0,0.0,0.0,-0.010209513753652573,0.0,0.0,0.0,0.0,0.0,0.0,0.007734073977917433,0.0,0.0,0.0,0.0,0.0,0.0,0.0,0.0,0.0,0.0,0.0,0.0,0.0,0.0,-0.10197898179292679,-0.02042466640472412,0.05243686452507973,0.0,-0.026871403492987157,0.0,0.0,0.0,-0.016509600058197973,0.0,1.0,2.0
Carm1,-0.18629402209073306,0.0,0.0,0.0,0.0,0.0450078459084034,0.0,0.0,0.0,0.0,0.0,0.0,-0.022560230772942304,0.120508889015764,-0.09229580484330654,-0.0658931379020214,0.0,0.0,0.0,-0.031657245606184006,0.0,0.0,0.0,0.0,-0.01243686743080616,0.0,-0.057256808765232564,-0.020340358167886735,0.0,0.0,0.0,-0.014522666111588478,0.0,0.0,0.0,0.0,0.0,0.002029528319835663,0.0,0.0,0.0,0.0,0.0,0.0,0.0,0.0,0.0,0.0,0.0,0.0,0.0,0.0,0.0,0.0,0.0,0.0,0.0,0.0,0.0,0.0,0.0,0.0,0.0,0.0,0.0,0.0,0.0,0.0,0.0,0.0,0.0,0.0,-0.010209513753652573,0.0,0.0,0.0,0.0,0.0,0.0,0.007734073977917433,0.0,0.0,0.0,0.0,0.0,0.0,0.0,0.0,0.0,0.0,0.0,0.0,0.0,0.0,0.03823819220066071,-0.02042466640472412,-0.014737693313509225,0.0,-0.026871403492987157,0.0,0.0,0.0,0.2253615517169237,0.0,1.0,1.0
Slc4a4,0.7655500847846269,0.0,0.0,0.0,0.0,-0.0065465962886810305,0.0,0.0,0.0,0.0,0.0,0.0,-0.09444281660020351,0.19858284488320352,-0.014923074245452882,-0.09969803497195244,0.0,0.0,0.0,-0.031657245606184006,0.0,0.0,0.0,0.0,0.03808581188321113,0.0,0.056947445794939995,-0.020340358167886735,0.0,0.0,0.0,0.0751277108117938,0.0,0.0,0.0,0.0,0.0,0.01572884410619736,0.0,0.0,0.0,0.0,0.0,0.0,0.0,0.0,0.0,0.0,0.0,0.0,0.0,0.0,0.0,0.0,0.0,0.0,0.0,0.0,0.0,0.0,0.0,0.0,0.0,0.0,0.0,0.0,0.0,0.0,0.0,0.0,0.0,0.0,0.007292509824037552,0.0,0.0,0.0,0.0,0.0,0.0,0.02443967379629612,0.0,0.0,0.0,0.0,0.0,0.0,0.0,0.0,0.0,0.0,0.0,0.0,0.0,0.0,0.04319637730717659,-0.013888774067163467,0.018893455788493156,0.0,0.19931839793920517,0.0,0.0,0.0,-0.034142723828554156,0.0,1.0,2.0
Zc3h11a,-0.22867906194180251,0.0,0.0,0.0,0.0,-0.055373289361596106,0.0,0.0,0.0,0.0,0.0,0.0,-0.09444281660020351,0.07647845000028611,0.05692235633730888,0.13313340075314045,0.0,0.0,0.0,-0.012245660126209259,0.0,0.0,0.0,0.0,-0.01243686743080616,0.0,-0.057256808765232564,-0.007562440894544125,0.0,0.0,0.0,0.05485096525400877,0.0,0.0,0.0,0.0,0.0,0.002029528319835663,0.0,0.0,0.0,0.0,0.0,0.0,0.0,0.0,0.0,0.0,0.0,0.0,0.0,0.0,0.0,0.0,0.0,0.0,0.0,0.0,0.0,0.0,0.0,0.0,0.0,0.0,0.0,0.0,0.0,0.0,0.0,0.0,0.0,0.0,0.007292509824037552,0.0,0.0,0.0,0.0,0.0,0.0,0.007734073977917433,0.0,0.0,0.0,0.0,0.0,0.0,0.0,0.0,0.0,0.0,0.0,0.0,0.0,0.0,-0.10197898179292679,0.06192758869379759,0.018893455788493156,0.0,-0.026871403492987157,0.0,0.0,0.0,-0.034142723828554156,0.0,1.0,1.0
Papss1,-0.24911567732691764,0.0,0.0,0.0,0.0,-0.055373289361596106,0.0,0.0,0.0,0.0,0.0,0.0,-0.04296635739505291,0.09127313010394573,0.05692235633730888,0.052295040227472785,0.0,0.0,0.0,0.037070731073617934,0.0,0.0,0.0,0.0,0.003275139853358269,0.0,-0.057256808765232564,-0.004693929143249989,0.0,0.0,0.0,-0.014522666111588478,0.0,0.0,0.0,0.0,0.0,0.003551674410700798,0.0,0.0,0.0,0.0,0.0,0.0,0.0,0.0,0.0,0.0,0.0,0.0,0.0,0.0,0.0,0.0,0.0,0.0,0.0,0.0,0.0,0.0,0.0,0.0,0.0,0.0,0.0,0.0,0.0,0.0,0.0,0.0,0.0,0.0,-0.010209513753652573,0.0,0.0,0.0,0.0,0.0,0.0,0.007734073977917433,0.0,0.0,0.0,0.0,0.0,0.0,0.0,0.0,0.0,0.0,0.0,0.0,0.0,0.0,0.03879662424325943,-0.02042466640472412,-0.025266209281980992,0.0,0.007974323593080044,0.0,0.0,0.0,-0.03761245012283325,0.0,1.0,2.0
St6gal1,-0.24301514498889445,0.0,0.0,0.0,0.0,-0.055373289361596106,0.0,0.0,0.0,0.0,0.0,0.0,-0.09444281660020351,0.09341739267110824,0.05692235633730888,0.11401591386646032,0.0,0.0,0.0,-0.012245660126209259,0.0,0.0,0.0,0.0,-0.01243686743080616,0.0,-0.057256808765232564,-0.007562440894544125,0.0,0.0,0.0,0.019393743351101875,0.0,0.0,0.0,0.0,0.0,-0.010147641599178314,0.0,0.0,0.0,0.0,0.0,0.0,0.0,0.0,0.0,0.0,0.0,0.0,0.0,0.0,0.0,0.0,0.0,0.0,0.0,0.0,0.0,0.0,0.0,0.0,0.0,0.0,0.0,0.0,0.0,0.0,0.0,0.0,0.0,0.0,0.007292509824037552,0.0,0.0,0.0,0.0,0.0,0.0,0.007734073977917433,0.0,0.0,0.0,0.0,0.0,0.0,0.0,0.0,0.0,0.0,0.0,0.0,0.0,0.0,0.03879662424325943,-0.059149833545088765,0.018893455788493156,0.0,-0.020782819278538228,0.0,0.0,0.0,-0.034142723828554156,0.0,2.0,2.0
Sik2,-0.1748697455227375,0.0,0.0,0.0,0.0,-0.055373289361596106,0.0,0.0,0.0,0.0,0.0,0.0,0.048711156100034715,-0.21806527458131314,0.05692235633730888,-0.09631754517555237,0.0,0.0,0.0,-0.031657245606184006,0.0,0.0,0.0,0.0,0.0008758974075317383,0.0,-0.010734994634985924,-0.020340358167886735,0.0,0.0,0.0,0.014134788997471332,0.0,0.0,0.0,0.0,0.0,-0.010147641599178314,0.0,0.0,0.0,0.0,0.0,0.0,0.0,0.0,0.0,0.0,0.0,0.0,0.0,0.0,0.0,0.0,0.0,0.0,0.0,0.0,0.0,0.0,0.0,0.0,0.0,0.0,0.0,0.0,0.0,0.0,0.0,0.0,0.0,0.0,-0.010209513753652573,0.0,0.0,0.0,0.0,0.0,0.0,-0.018561779335141183,0.0,0.0,0.0,0.0,0.0,0.0,0.0,0.0,0.0,0.0,0.0,0.0,0.0,0.0,0.014235161244869232,-0.012091403305530548,-0.09293745011091233,0.0,-0.014981813356280326,0.0,0.0,0.0,-0.016499149203300475,0.0,2.0,2.0
Ryr2,0.30760537762194873,0.0,0.0,0.0,0.0,-0.004909946769475937,0.0,0.0,0.0,0.0,0.0,0.0,-0.022560230772942304,-0.11483341271057725,-0.010494265705347061,-0.05079017672687769,0.0,0.0,0.0,0.10814567260444165,0.0,0.0,0.0,0.0,-0.11781298093497754,0.0,0.056947445794939995,-0.008605536259710788,0.0,0.0,0.0,-0.0824963915720582,0.0,0.0,0.0,0.0,0.0,0.01572884410619736,0.0,0.0,0.0,0.0,0.0,0.0,0.0,0.0,0.0,0.0,0.0,0.0,0.0,0.0,0.0,0.0,0.0,0.0,0.0,0.0,0.0,0.0,0.0,0.0,0.0,0.0,0.0,0.0,0.0,0.0,0.0,0.0,0.0,0.0,0.007292509824037552,0.0,0.0,0.0,0.0,0.0,0.0,0.02443967379629612,0.0,0.0,0.0,0.0,0.0,0.0,0.0,0.0,0.0,0.0,0.0,0.0,0.0,0.0,0.16047887578606607,-0.008823455795645713,-0.014737693313509225,0.0,0.13067316096276044,0.0,0.0,0.0,0.14010129183530806,0.0,0.0,0.0
2210408F21Rik,-0.18576503068208694,0.0,0.0,0.0,0.0,-0.055373289361596106,0.0,0.0,0.0,0.0,0.0,0.0,0.048711156100034715,0.07276538915932179,0.05692235633730888,0.10447994366288185,0.0,0.0,0.0,-0.012245660126209259,0.0,0.0,0.0,0.0,-0.01243686743080616,0.0,-0.057256808765232564,-0.007562440894544125,0.0,0.0,0.0,-0.014522666111588478,0.0,0.0,0.0,0.0,0.0,0.002029528319835663,0.0,0.0,0.0,0.0,0.0,0.0,0.0,0.0,0.0,0.0,0.0,0.0,0.0,0.0,0.0,0.0,0.0,0.0,0.0,0.0,0.0,0.0,0.0,0.0,0.0,0.0,0.0,0.0,0.0,0.0,0.0,0.0,0.0,0.0,-0.010209513753652573,0.0,0.0,0.0,0.0,0.0,0.0,0.007734073977917433,0.0,0.0,0.0,0.0,0.0,0.0,0.0,0.0,0.0,0.0,0.0,0.0,0.0,0.0,-0.10197898179292679,-0.02042466640472412,-0.09293745011091233,0.0,-0.026871403492987157,0.0,0.0,0.0,-0.03154507800936699,0.0,2.0,2.0
Klhl4,-0.2198215214163065,0.0,0.0,0.0,0.0,-0.010365443229675293,0.0,0.0,0.0,0.0,0.0,0.0,-0.09444281660020351,-0.23792256496846675,-0.030375919342041015,-0.18516368143260478,0.0,0.0,0.0,-0.031657245606184006,0.0,0.0,0.0,0.0,-0.01483610987663269,0.0,-0.022490787506103515,-0.020340358167886735,0.0,0.0,0.0,0.0051742343977093696,0.0,0.0,0.0,0.0,0.0,0.002029528319835663,0.0,0.0,0.0,0.0,0.0,0.0,0.0,0.0,0.0,0.0,0.0,0.0,0.0,0.0,0.0,0.0,0.0,0.0,0.0,0.0,0.0,0.0,0.0,0.0,0.0,0.0,0.0,0.0,0.0,0.0,0.0,0.0,0.0,0.0,0.007292509824037552,0.0,0.0,0.0,0.0,0.0,0.0,0.004949807822704315,0.0,0.0,0.0,0.0,0.0,0.0,0.0,0.0,0.0,0.0,0.0,0.0,0.0,0.0,0.013403954356908799,0.021405050680041313,0.018893455788493156,0.0,-0.021070397570729257,0.0,0.0,0.0,-0.01909679561853409,0.0,2.0,2.0
Robo2,0.4278249055147171,0.0,0.0,0.0,0.0,-0.0065465962886810305,0.0,0.0,0.0,0.0,0.0,0.0,-0.04296635739505291,-0.04859715286642313,-0.014923074245452882,-0.030318415202200414,0.0,0.0,0.0,0.10814567260444165,0.0,0.0,0.0,0.0,-0.11781298093497754,0.0,0.056947445794939995,-0.008605536259710788,0.0,0.0,0.0,-0.09077150389552116,0.0,0.0,0.0,0.0,0.0,0.01572884410619736,0.0,0.0,0.0,0.0,0.0,0.0,0.0,0.0,0.0,0.0,0.0,0.0,0.0,0.0,0.0,0.0,0.0,0.0,0.0,0.0,0.0,0.0,0.0,0.0,0.0,0.0,0.0,0.0,0.0,0.0,0.0,0.0,0.0,0.0,-0.010209513753652573,0.0,0.0,0.0,0.0,0.0,0.0,0.02443967379629612,0.0,0.0,0.0,0.0,0.0,0.0,0.0,0.0,0.0,0.0,0.0,0.0,0.0,0.0,0.04319637730717659,-0.012744992673397064,-0.025266209281980992,0.0,0.13067316096276044,0.0,0.0,0.0,-0.02256652161478996,0.0,0.0,0.0
Itm2b,-0.23647930840030312,0.0,0.0,0.0,0.0,-0.010365443229675293,0.0,0.0,0.0,0.0,0.0,0.0,-0.09444281660020351,-0.2343237016350031,-0.030375919342041015,-0.03723968081176281,0.0,0.0,0.0,-0.031657245606184006,0.0,0.0,0.0,0.0,0.022469078153371812,0.0,-0.022490787506103515,-0.020340358167886735,0.0,0.0,0.0,0.04792518991976977,0.0,0.0,0.0,0.0,0.0,0.002029528319835663,0.0,0.0,0.0,0.0,0.0,0.0,0.0,0.0,0.0,0.0,0.0,0.0,0.0,0.0,0.0,0.0,0.0,0.0,0.0,0.0,0.0,0.0,0.0,0.0,0.0,0.0,0.0,0.0,0.0,0.0,0.0,0.0,0.0,0.0,0.007292509824037552,0.0,0.0,0.0,0.0,0.0,0.0,0.004949807822704315,0.0,0.0,0.0,0.0,0.0,0.0,0.0,0.0,0.0,0.0,0.0,0.0,0.0,0.0,0.013403954356908799,0.06192758869379759,0.018893455788493156,0.0,-0.021070397570729257,0.0,0.0,0.0,-0.01909679561853409,0.0,0.0,1.0
Pde8a,-0.1796764463186264,0.0,0.0,0.0,0.0,-0.055373289361596106,0.0,0.0,0.0,0.0,0.0,0.0,0.048711156100034715,0.068434307128191,0.05692235633730888,0.10447994366288185,0.0,0.0,0.0,-0.012245660126209259,0.0,0.0,0.0,0.0,-0.01243686743080616,0.0,-0.013327265605330468,-0.007562440894544125,0.0,0.0,0.0,-0.014522666111588478,0.0,0.0,0.0,0.0,0.0,-0.010147641599178314,0.0,0.0,0.0,0.0,0.0,0.0,0.0,0.0,0.0,0.0,0.0,0.0,0.0,0.0,0.0,0.0,0.0,0.0,0.0,0.0,0.0,0.0,0.0,0.0,0.0,0.0,0.0,0.0,0.0,0.0,0.0,0.0,0.0,0.0,-0.010209513753652573,0.0,0.0,0.0,0.0,0.0,0.0,-0.0318643850646913,0.0,0.0,0.0,0.0,0.0,0.0,0.0,0.0,0.0,0.0,0.0,0.0,0.0,0.0,-0.10197898179292679,-0.02042466640472412,-0.09293745011091233,0.0,-0.020782819278538228,0.0,0.0,0.0,-0.03154507800936699,0.0,2.0,2.0
Pbx3,-0.0719242624938488,0.0,0.0,0.0,0.0,-0.055373289361596106,0.0,0.0,0.0,0.0,0.0,0.0,0.09844934433698654,0.1299576772376895,0.05692235633730888,0.10470779340714216,0.0,0.0,0.0,-0.012245660126209259,0.0,0.0,0.0,0.0,-0.01243686743080616,0.0,0.056947445794939995,-0.007562440894544125,0.0,0.0,0.0,0.08041358076035976,0.0,0.0,0.0,0.0,0.0,0.003551674410700798,0.0,0.0,0.0,0.0,0.0,0.0,0.0,0.0,0.0,0.0,0.0,0.0,0.0,0.0,0.0,0.0,0.0,0.0,0.0,0.0,0.0,0.0,0.0,0.0,0.0,0.0,0.0,0.0,0.0,0.0,0.0,0.0,0.0,0.0,0.007292509824037552,0.0,0.0,0.0,0.0,0.0,0.0,0.02443967379629612,0.0,0.0,0.0,0.0,0.0,0.0,0.0,0.0,0.0,0.0,0.0,0.0,0.0,0.0,-0.10197898179292679,-0.024346202611923218,0.05243686452507973,0.0,0.007974323593080044,0.0,0.0,0.0,-0.016509600058197973,0.0,2.0,2.0
Xist,-0.2417239523306489,0.0,0.0,0.0,0.0,0.0450078459084034,0.0,0.0,0.0,0.0,0.0,0.0,0.09844934433698654,0.09932829573750496,-0.09229580484330654,-0.03723968081176281,0.0,0.0,0.0,-0.031657245606184006,0.0,0.0,0.0,0.0,0.015271350964903832,0.0,-0.057256808765232564,-0.020340358167886735,0.0,0.0,0.0,0.05485096525400877,0.0,0.0,0.0,0.0,0.0,0.002029528319835663,0.0,0.0,0.0,0.0,0.0,0.0,0.0,0.0,0.0,0.0,0.0,0.0,0.0,0.0,0.0,0.0,0.0,0.0,0.0,0.0,0.0,0.0,0.0,0.0,0.0,0.0,0.0,0.0,0.0,0.0,0.0,0.0,0.0,0.0,0.007292509824037552,0.0,0.0,0.0,0.0,0.0,0.0,0.007734073977917433,0.0,0.0,0.0,0.0,0.0,0.0,0.0,0.0,0.0,0.0,0.0,0.0,0.0,0.0,0.03823819220066071,0.06192758869379759,0.05243686452507973,0.0,-0.026871403492987157,0.0,0.0,0.0,-0.016509600058197973,0.0,0.0,1.0
Ralyl,0.44817511416971684,0.0,0.0,0.0,0.0,-0.0065465962886810305,0.0,0.0,0.0,0.0,0.0,0.0,-0.04296635739505291,0.15741241972893477,-0.014923074245452882,-0.09969803497195244,0.0,0.0,0.0,-0.031657245606184006,0.0,0.0,0.0,0.0,-0.07582624092698097,0.0,0.056947445794939995,-0.020340358167886735,0.0,0.0,0.0,0.0751277108117938,0.0,0.0,0.0,0.0,0.0,0.0030442923307418823,0.0,0.0,0.0,0.0,0.0,0.0,0.0,0.0,0.0,0.0,0.0,0.0,0.0,0.0,0.0,0.0,0.0,0.0,0.0,0.0,0.0,0.0,0.0,0.0,0.0,0.0,0.0,0.0,0.0,0.0,0.0,0.0,0.0,0.0,0.007292509824037552,0.0,0.0,0.0,0.0,0.0,0.0,0.02443967379629612,0.0,0.0,0.0,0.0,0.0,0.0,0.0,0.0,0.0,0.0,0.0,0.0,0.0,0.0,0.04319637730717659,-0.013888774067163467,-0.025266209281980992,0.0,-0.11026629216969014,0.0,0.0,0.0,-0.03761245012283325,0.0,2.0,0.0
Gulp1,-0.04675756856799126,0.0,0.0,0.0,0.0,-0.010365443229675293,0.0,0.0,0.0,0.0,0.0,0.0,-0.04296635739505291,0.09720311637967825,-0.030375919342041015,-0.09969803497195244,0.0,0.0,0.0,-0.031657245606184006,0.0,0.0,0.0,0.0,0.003275139853358269,0.0,-0.057256808765232564,-0.020340358167886735,0.0,0.0,0.0,0.0751277108117938,0.0,0.0,0.0,0.0,0.0,0.002029528319835663,0.0,0.0,0.0,0.0,0.0,0.0,0.0,0.0,0.0,0.0,0.0,0.0,0.0,0.0,0.0,0.0,0.0,0.0,0.0,0.0,0.0,0.0,0.0,0.0,0.0,0.0,0.0,0.0,0.0,0.0,0.0,0.0,0.0,0.0,0.007292509824037552,0.0,0.0,0.0,0.0,0.0,0.0,0.007734073977917433,0.0,0.0,0.0,0.0,0.0,0.0,0.0,0.0,0.0,0.0,0.0,0.0,0.0,0.0,-0.10281018868088722,-0.013888774067163467,-0.025266209281980992,0.0,-0.026871403492987157,0.0,0.0,0.0,-0.03761245012283325,0.0,2.0,2.0
A830018L16Rik,0.3361848880909383,0.0,0.0,0.0,0.0,-0.0065465962886810305,0.0,0.0,0.0,0.0,0.0,0.0,-0.04296635739505291,-0.4924032638594508,-0.014923074245452882,0.10470779340714216,0.0,0.0,0.0,-0.012245660126209259,0.0,0.0,0.0,0.0,-0.11781298093497754,0.0,0.02537927120923996,-0.007562440894544125,0.0,0.0,0.0,0.03763673443347216,0.0,0.0,0.0,0.0,0.0,-0.12177169606089593,0.0,0.0,0.0,0.0,0.0,0.0,0.0,0.0,0.0,0.0,0.0,0.0,0.0,0.0,0.0,0.0,0.0,0.0,0.0,0.0,0.0,0.0,0.0,0.0,0.0,0.0,0.0,0.0,0.0,0.0,0.0,0.0,0.0,0.0,0.007292509824037552,0.0,0.0,0.0,0.0,0.0,0.0,0.009899614900350571,0.0,0.0,0.0,0.0,0.0,0.0,0.0,0.0,0.0,0.0,0.0,0.0,0.0,0.0,0.01863491430878639,-0.024346202611923218,-0.025266209281980992,0.0,0.05862491015344858,0.0,0.0,0.0,-0.02256652161478996,0.0,0.0,2.0
Tuba1a,0.5971377547457815,0.0,0.0,0.0,0.0,0.026186385154724122,0.0,0.0,0.0,0.0,0.0,0.0,-0.03862479835748672,0.09395518276840448,-0.031289563179016114,0.045232719592750076,0.0,0.0,0.0,0.025596685484051706,0.0,0.0,0.0,0.0,0.015271350964903832,0.0,0.056947445794939995,0.018254168890416624,0.0,0.0,0.0,-0.06109090622514486,0.0,0.0,0.0,0.0,0.0,0.002029528319835663,0.0,0.0,0.0,0.0,0.0,0.0,0.0,0.0,0.0,0.0,0.0,0.0,0.0,0.0,0.0,0.0,0.0,0.0,0.0,0.0,0.0,0.0,0.0,0.0,0.0,0.0,0.0,0.0,0.0,0.0,0.0,0.0,0.0,0.0,-0.09771963164210319,0.0,0.0,0.0,0.0,0.0,0.0,0.02443967379629612,0.0,0.0,0.0,0.0,0.0,0.0,0.0,0.0,0.0,0.0,0.0,0.0,0.0,0.0,0.04319637730717659,0.01862729586660862,0.012338847741484643,0.0,-0.026871403492987157,0.0,0.0,0.0,-0.021035409793257714,0.0,0.0,0.0
Gpr37l1,0.4102867589332163,0.0,0.0,0.0,0.0,0.054009415805339814,0.0,0.0,0.0,0.0,0.0,0.0,0.04071254301816225,0.08518116902559995,0.05100664436817169,0.10889167122542859,0.0,0.0,0.0,-0.012245660126209259,0.0,0.0,0.0,0.0,-0.01243686743080616,0.0,-0.013327265605330468,-0.007562440894544125,0.0,0.0,0.0,-0.06109090622514486,0.0,0.0,0.0,0.0,0.0,0.002029528319835663,0.0,0.0,0.0,0.0,0.0,0.0,0.0,0.0,0.0,0.0,0.0,0.0,0.0,0.0,0.0,0.0,0.0,0.0,0.0,0.0,0.0,0.0,0.0,0.0,0.0,0.0,0.0,0.0,0.0,0.0,0.0,0.0,0.0,0.0,-0.09771963164210319,0.0,0.0,0.0,0.0,0.0,0.0,-0.0318643850646913,0.0,0.0,0.0,0.0,0.0,0.0,0.0,0.0,0.0,0.0,0.0,0.0,0.0,0.0,0.04319637730717659,0.01862729586660862,0.02294215086847544,0.0,-0.026871403492987157,0.0,0.0,0.0,-0.015607481598854065,0.0,0.0,0.0
Rasgef1b,0.3920123276114464,0.0,0.0,0.0,0.0,-0.0065465962886810305,0.0,0.0,0.0,0.0,0.0,0.0,0.09844934433698654,-0.3594326025992632,-0.014923074245452882,-0.11424039602279663,0.0,0.0,0.0,-0.031657245606184006,0.0,0.0,0.0,0.0,-0.0039009281247854234,0.0,-0.022490787506103515,-0.020340358167886735,0.0,0.0,0.0,0.03610900077968836,0.0,0.0,0.0,0.0,0.0,0.0030442923307418823,0.0,0.0,0.0,0.0,0.0,0.0,0.0,0.0,0.0,0.0,0.0,0.0,0.0,0.0,0.0,0.0,0.0,0.0,0.0,0.0,0.0,0.0,0.0,0.0,0.0,0.0,0.0,0.0,0.0,0.0,0.0,0.0,0.0,0.0,0.007292509824037552,0.0,0.0,0.0,0.0,0.0,0.0,0.004949807822704315,0.0,0.0,0.0,0.0,0.0,0.0,0.0,0.0,0.0,0.0,0.0,0.0,0.0,0.0,0.01863491430878639,0.011437813937664031,0.05243686452507973,0.0,-0.0744934219866991,0.0,0.0,0.0,-0.001463671736419201,0.0,2.0,2.0
Cpeb1,-0.2159886059165001,0.0,0.0,0.0,0.0,-0.010365443229675293,0.0,0.0,0.0,0.0,0.0,0.0,0.048711156100034715,0.08627971917390824,-0.030375919342041015,-0.0658931379020214,0.0,0.0,0.0,-0.031657245606184006,0.0,0.0,0.0,0.0,-0.01243686743080616,0.0,0.056947445794939995,-0.020340358167886735,0.0,0.0,0.0,-0.014522666111588478,0.0,0.0,0.0,0.0,0.0,0.002029528319835663,0.0,0.0,0.0,0.0,0.0,0.0,0.0,0.0,0.0,0.0,0.0,0.0,0.0,0.0,0.0,0.0,0.0,0.0,0.0,0.0,0.0,0.0,0.0,0.0,0.0,0.0,0.0,0.0,0.0,0.0,0.0,0.0,0.0,0.0,0.007292509824037552,0.0,0.0,0.0,0.0,0.0,0.0,0.02443967379629612,0.0,0.0,0.0,0.0,0.0,0.0,0.0,0.0,0.0,0.0,0.0,0.0,0.0,0.0,-0.10281018868088722,-0.02042466640472412,-0.09293745011091233,0.0,-0.026871403492987157,0.0,0.0,0.0,-0.03154507800936699,0.0,2.0,1.0
Rabac1,0.5737077730521559,0.0,0.0,0.0,0.0,0.026186385154724122,0.0,0.0,0.0,0.0,0.0,0.0,-0.03862479835748672,0.06798329401761294,-0.031289563179016114,-0.03723968081176281,0.0,0.0,0.0,-0.031657245606184006,0.0,0.0,0.0,0.0,0.015271350964903832,0.0,-0.057256808765232564,-0.020340358167886735,0.0,0.0,0.0,0.05485096525400877,0.0,0.0,0.0,0.0,0.0,0.002029528319835663,0.0,0.0,0.0,0.0,0.0,0.0,0.0,0.0,0.0,0.0,0.0,0.0,0.0,0.0,0.0,0.0,0.0,0.0,0.0,0.0,0.0,0.0,0.0,0.0,0.0,0.0,0.0,0.0,0.0,0.0,0.0,0.0,0.0,0.0,-0.09771963164210319,0.0,0.0,0.0,0.0,0.0,0.0,0.007734073977917433,0.0,0.0,0.0,0.0,0.0,0.0,0.0,0.0,0.0,0.0,0.0,0.0,0.0,0.0,-0.09757922872900963,0.06192758869379759,0.012338847741484643,0.0,-0.026871403492987157,0.0,0.0,0.0,-0.021035409793257714,0.0,0.0,1.0
Cdh18,0.4612765322253108,0.0,0.0,0.0,0.0,-0.0065465962886810305,0.0,0.0,0.0,0.0,0.0,0.0,-0.09444281660020351,-0.4899062134325504,-0.014923074245452882,-0.09969803497195244,0.0,0.0,0.0,-0.031657245606184006,0.0,0.0,0.0,0.0,-0.11781298093497754,0.0,0.02537927120923996,-0.020340358167886735,0.0,0.0,0.0,0.03235086288303137,0.0,0.0,0.0,0.0,0.0,0.01572884410619736,0.0,0.0,0.0,0.0,0.0,0.0,0.0,0.0,0.0,0.0,0.0,0.0,0.0,0.0,0.0,0.0,0.0,0.0,0.0,0.0,0.0,0.0,0.0,0.0,0.0,0.0,0.0,0.0,0.0,0.0,0.0,0.0,0.0,0.0,0.007292509824037552,0.0,0.0,0.0,0.0,0.0,0.0,0.009899614900350571,0.0,0.0,0.0,0.0,0.0,0.0,0.0,0.0,0.0,0.0,0.0,0.0,0.0,0.0,0.01863491430878639,-0.013888774067163467,0.018893455788493156,0.0,0.13067316096276044,0.0,0.0,0.0,-0.01909679561853409,0.0,2.0,2.0
Fmn1,0.30895369812846185,0.0,0.0,0.0,0.0,-0.0065465962886810305,0.0,0.0,0.0,0.0,0.0,0.0,-0.09444281660020351,-0.37134161122143267,-0.014923074245452882,-0.06139641162008047,0.0,0.0,0.0,0.10814567260444165,0.0,0.0,0.0,0.0,-0.11781298093497754,0.0,-0.022490787506103515,-0.008605536259710788,0.0,0.0,0.0,0.03235086288303137,0.0,0.0,0.0,0.0,0.0,0.0030442923307418823,0.0,0.0,0.0,0.0,0.0,0.0,0.0,0.0,0.0,0.0,0.0,0.0,0.0,0.0,0.0,0.0,0.0,0.0,0.0,0.0,0.0,0.0,0.0,0.0,0.0,0.0,0.0,0.0,0.0,0.0,0.0,0.0,0.0,0.0,0.007292509824037552,0.0,0.0,0.0,0.0,0.0,0.0,0.004949807822704315,0.0,0.0,0.0,0.0,0.0,0.0,0.0,0.0,0.0,0.0,0.0,0.0,0.0,0.0,0.01863491430878639,-0.013888774067163467,0.018893455788493156,0.0,-0.0744934219866991,0.0,0.0,0.0,-0.01909679561853409,0.0,2.0,2.0
Adcy8,-0.1422799665108323,0.0,0.0,0.0,0.0,-0.010365443229675293,0.0,0.0,0.0,0.0,0.0,0.0,-0.022560230772942304,0.12261379843577742,-0.030375919342041015,-0.06862003855407238,0.0,0.0,0.0,-0.031657245606184006,0.0,0.0,0.0,0.0,0.003275139853358269,0.0,0.014255354516208171,-0.020340358167886735,0.0,0.0,0.0,-0.09077150389552116,0.0,0.0,0.0,0.0,0.0,0.002029528319835663,0.0,0.0,0.0,0.0,0.0,0.0,0.0,0.0,0.0,0.0,0.0,0.0,0.0,0.0,0.0,0.0,0.0,0.0,0.0,0.0,0.0,0.0,0.0,0.0,0.0,0.0,0.0,0.0,0.0,0.0,0.0,0.0,0.0,0.0,-0.010209513753652573,0.0,0.0,0.0,0.0,0.0,0.0,-0.10178041338920593,0.0,0.0,0.0,0.0,0.0,0.0,0.0,0.0,0.0,0.0,0.0,0.0,0.0,0.0,0.03796541735529899,-0.012744992673397064,-0.014737693313509225,0.0,-0.026871403492987157,0.0,0.0,0.0,0.2253615517169237,0.0,2.0,2.0
Btaf1,-0.1782723699696362,0.0,0.0,0.0,0.0,-0.010365443229675293,0.0,0.0,0.0,0.0,0.0,0.0,-0.09444281660020351,-0.21883359767496585,-0.030375919342041015,0.05670676779001951,0.0,0.0,0.0,0.037070731073617934,0.0,0.0,0.0,0.0,-0.01483610987663269,0.0,-0.010734994634985924,-0.004693929143249989,0.0,0.0,0.0,-0.05620212402194738,0.0,0.0,0.0,0.0,0.0,0.002029528319835663,0.0,0.0,0.0,0.0,0.0,0.0,0.0,0.0,0.0,0.0,0.0,0.0,0.0,0.0,0.0,0.0,0.0,0.0,0.0,0.0,0.0,0.0,0.0,0.0,0.0,0.0,0.0,0.0,0.0,0.0,0.0,0.0,0.0,0.0,-0.010209513753652573,0.0,0.0,0.0,0.0,0.0,0.0,-0.018561779335141183,0.0,0.0,0.0,0.0,0.0,0.0,0.0,0.0,0.0,0.0,0.0,0.0,0.0,0.0,0.013403954356908799,0.01862729586660862,0.018893455788493156,0.0,-0.021070397570729257,0.0,0.0,0.0,-0.01909679561853409,0.0,2.0,2.0
Ubb,0.5971377547457815,0.0,0.0,0.0,0.0,0.026186385154724122,0.0,0.0,0.0,0.0,0.0,0.0,-0.03862479835748672,0.09395518276840448,-0.031289563179016114,-0.03044932324439287,0.0,0.0,0.0,-0.01705391153693199,0.0,0.0,0.0,0.0,0.015271350964903832,0.0,0.056947445794939995,0.09048851672559977,0.0,0.0,0.0,-0.06109090622514486,0.0,0.0,0.0,0.0,0.0,0.002029528319835663,0.0,0.0,0.0,0.0,0.0,0.0,0.0,0.0,0.0,0.0,0.0,0.0,0.0,0.0,0.0,0.0,0.0,0.0,0.0,0.0,0.0,0.0,0.0,0.0,0.0,0.0,0.0,0.0,0.0,0.0,0.0,0.0,0.0,0.0,-0.09771963164210319,0.0,0.0,0.0,0.0,0.0,0.0,0.02443967379629612,0.0,0.0,0.0,0.0,0.0,0.0,0.0,0.0,0.0,0.0,0.0,0.0,0.0,0.0,0.04319637730717659,0.01862729586660862,0.012338847741484643,0.0,-0.026871403492987157,0.0,0.0,0.0,-0.021035409793257714,0.0,0.0,0.0
C1ql3,0.674436767809093,0.0,0.0,0.0,0.0,0.026186385154724122,0.0,0.0,0.0,0.0,0.0,0.0,-0.03862479835748672,0.06937788303941489,-0.031289563179016114,0.010189026333391667,0.0,0.0,0.0,0.05546935997903347,0.0,0.0,0.0,0.0,0.022469078153371812,0.0,0.056947445794939995,0.03494369277730584,0.0,0.0,0.0,0.05485096525400877,0.0,0.0,0.0,0.0,0.0,0.003551674410700798,0.0,0.0,0.0,0.0,0.0,0.0,0.0,0.0,0.0,0.0,0.0,0.0,0.0,0.0,0.0,0.0,0.0,0.0,0.0,0.0,0.0,0.0,0.0,0.0,0.0,0.0,0.0,0.0,0.0,0.0,0.0,0.0,0.0,0.0,0.06563258841633797,0.0,0.0,0.0,0.0,0.0,0.0,0.02443967379629612,0.0,0.0,0.0,0.0,0.0,0.0,0.0,0.0,0.0,0.0,0.0,0.0,0.0,0.0,0.04319637730717659,0.06192758869379759,0.012338847741484643,0.0,0.006040654927492142,0.0,0.0,0.0,-0.005989481657743454,0.0,0.0,0.0
Tmem117,0.7252106561511755,0.0,0.0,0.0,0.0,-0.01800313889980316,0.0,0.0,0.0,0.0,0.0,0.0,0.048711156100034715,0.1513663225620985,0.028093559369444847,0.10470779340714216,0.0,0.0,0.0,-0.012245660126209259,0.0,0.0,0.0,0.0,0.07107539318501949,0.0,0.056947445794939995,-0.007562440894544125,0.0,0.0,0.0,0.08041358076035976,0.0,0.0,0.0,0.0,0.0,0.01572884410619736,0.0,0.0,0.0,0.0,0.0,0.0,0.0,0.0,0.0,0.0,0.0,0.0,0.0,0.0,0.0,0.0,0.0,0.0,0.0,0.0,0.0,0.0,0.0,0.0,0.0,0.0,0.0,0.0,0.0,0.0,0.0,0.0,0.0,0.0,0.007292509824037552,0.0,0.0,0.0,0.0,0.0,0.0,0.02443967379629612,0.0,0.0,0.0,0.0,0.0,0.0,0.0,0.0,0.0,0.0,0.0,0.0,0.0,0.0,0.04319637730717659,-0.024346202611923218,-0.09293745011091233,0.0,0.19931839793920517,0.0,0.0,0.0,-0.03154507800936699,0.0,2.0,0.0
Slc8a3,-0.2497027812898159,0.0,0.0,0.0,0.0,-0.055373289361596106,0.0,0.0,0.0,0.0,0.0,0.0,0.09844934433698654,0.10532640129327774,0.05692235633730888,0.061831010431051256,0.0,0.0,0.0,0.037070731073617934,0.0,0.0,0.0,0.0,0.003275139853358269,0.0,-0.057256808765232564,-0.004693929143249989,0.0,0.0,0.0,0.019393743351101875,0.0,0.0,0.0,0.0,0.0,0.002029528319835663,0.0,0.0,0.0,0.0,0.0,0.0,0.0,0.0,0.0,0.0,0.0,0.0,0.0,0.0,0.0,0.0,0.0,0.0,0.0,0.0,0.0,0.0,0.0,0.0,0.0,0.0,0.0,0.0,0.0,0.0,0.0,0.0,0.0,0.0,0.007292509824037552,0.0,0.0,0.0,0.0,0.0,0.0,0.007734073977917433,0.0,0.0,0.0,0.0,0.0,0.0,0.0,0.0,0.0,0.0,0.0,0.0,0.0,0.0,0.03879662424325943,-0.059149833545088765,0.05243686452507973,0.0,-0.026871403492987157,0.0,0.0,0.0,-0.016509600058197973,0.0,2.0,2.0
Prr5l,-0.2488418024778366,0.0,0.0,0.0,0.0,-0.010365443229675293,0.0,0.0,0.0,0.0,0.0,0.0,0.09844934433698654,0.10225457649677992,-0.030375919342041015,-0.0580159218236804,0.0,0.0,0.0,0.10814567260444165,0.0,0.0,0.0,0.0,-0.01243686743080616,0.0,0.056947445794939995,-0.008605536259710788,0.0,0.0,0.0,0.009246006719768047,0.0,0.0,0.0,0.0,0.0,0.003551674410700798,0.0,0.0,0.0,0.0,0.0,0.0,0.0,0.0,0.0,0.0,0.0,0.0,0.0,0.0,0.0,0.0,0.0,0.0,0.0,0.0,0.0,0.0,0.0,0.0,0.0,0.0,0.0,0.0,0.0,0.0,0.0,0.0,0.0,0.0,0.007292509824037552,0.0,0.0,0.0,0.0,0.0,0.0,0.02443967379629612,0.0,0.0,0.0,0.0,0.0,0.0,0.0,0.0,0.0,0.0,0.0,0.0,0.0,0.0,-0.10281018868088722,-0.012091403305530548,0.05243686452507973,0.0,0.007974323593080044,0.0,0.0,0.0,-0.016509600058197973,0.0,2.0,2.0
Atp6v0c,0.7237660567834974,0.0,0.0,0.0,0.0,0.026186385154724122,0.0,0.0,0.0,0.0,0.0,0.0,-0.03862479835748672,0.09092034224420786,-0.031289563179016114,-0.03723968081176281,0.0,0.0,0.0,-0.031657245606184006,0.0,0.0,0.0,0.0,-0.01243686743080616,0.0,-0.057256808765232564,-0.020340358167886735,0.0,0.0,0.0,0.05485096525400877,0.0,0.0,0.0,0.0,0.0,0.002029528319835663,0.0,0.0,0.0,0.0,0.0,0.0,0.0,0.0,0.0,0.0,0.0,0.0,0.0,0.0,0.0,0.0,0.0,0.0,0.0,0.0,0.0,0.0,0.0,0.0,0.0,0.0,0.0,0.0,0.0,0.0,0.0,0.0,0.0,0.0,0.06563258841633797,0.0,0.0,0.0,0.0,0.0,0.0,0.007734073977917433,0.0,0.0,0.0,0.0,0.0,0.0,0.0,0.0,0.0,0.0,0.0,0.0,0.0,0.0,0.04319637730717659,0.06192758869379759,0.012338847741484643,0.0,-0.026871403492987157,0.0,0.0,0.0,-0.021035409793257714,0.0,0.0,1.0
Unc13b,-0.14171361200511456,0.0,0.0,0.0,0.0,-0.010365443229675293,0.0,0.0,0.0,0.0,0.0,0.0,0.048711156100034715,0.0915759002417326,-0.030375919342041015,-0.08909180007874966,0.0,0.0,0.0,-0.031657245606184006,0.0,0.0,0.0,0.0,-0.01243686743080616,0.0,0.056947445794939995,-0.020340358167886735,0.0,0.0,0.0,-0.0824963915720582,0.0,0.0,0.0,0.0,0.0,0.002029528319835663,0.0,0.0,0.0,0.0,0.0,0.0,0.0,0.0,0.0,0.0,0.0,0.0,0.0,0.0,0.0,0.0,0.0,0.0,0.0,0.0,0.0,0.0,0.0,0.0,0.0,0.0,0.0,0.0,0.0,0.0,0.0,0.0,0.0,0.0,0.007292509824037552,0.0,0.0,0.0,0.0,0.0,0.0,0.02443967379629612,0.0,0.0,0.0,0.0,0.0,0.0,0.0,0.0,0.0,0.0,0.0,0.0,0.0,0.0,-0.10281018868088722,-0.008823455795645713,-0.09293745011091233,0.0,-0.026871403492987157,0.0,0.0,0.0,-0.03154507800936699,0.0,2.0,2.0
Tjp2,-0.19947799496352672,0.0,0.0,0.0,0.0,-0.010365443229675293,0.0,0.0,0.0,0.0,0.0,0.0,0.09844934433698654,-0.20692458905279637,-0.030375919342041015,0.10447994366288185,0.0,0.0,0.0,-0.012245660126209259,0.0,0.0,0.0,0.0,0.0008758974075317383,0.0,-0.010734994634985924,-0.007562440894544125,0.0,0.0,0.0,-0.009633884280920029,0.0,0.0,0.0,0.0,0.0,0.002029528319835663,0.0,0.0,0.0,0.0,0.0,0.0,0.0,0.0,0.0,0.0,0.0,0.0,0.0,0.0,0.0,0.0,0.0,0.0,0.0,0.0,0.0,0.0,0.0,0.0,0.0,0.0,0.0,0.0,0.0,0.0,0.0,0.0,0.0,0.0,0.007292509824037552,0.0,0.0,0.0,0.0,0.0,0.0,-0.018561779335141183,0.0,0.0,0.0,0.0,0.0,0.0,0.0,0.0,0.0,0.0,0.0,0.0,0.0,0.0,0.013403954356908799,-0.02042466640472412,0.05243686452507973,0.0,-0.021070397570729257,0.0,0.0,0.0,-0.001463671736419201,0.0,2.0,2.0
Plekhg1,-0.023527619242668153,0.0,0.0,0.0,0.0,0.14757117860019206,0.0,0.0,0.0,0.0,0.0,0.0,0.03680214993655682,0.07287753276526927,0.14257365323603152,0.10470779340714216,0.0,0.0,0.0,-0.012245660126209259,0.0,0.0,0.0,0.0,0.003275139853358269,0.0,0.056947445794939995,-0.007562440894544125,0.0,0.0,0.0,0.08041358076035976,0.0,0.0,0.0,0.0,0.0,0.002029528319835663,0.0,0.0,0.0,0.0,0.0,0.0,0.0,0.0,0.0,0.0,0.0,0.0,0.0,0.0,0.0,0.0,0.0,0.0,0.0,0.0,0.0,0.0,0.0,0.0,0.0,0.0,0.0,0.0,0.0,0.0,0.0,0.0,0.0,0.0,0.007292509824037552,0.0,0.0,0.0,0.0,0.0,0.0,0.02443967379629612,0.0,0.0,0.0,0.0,0.0,0.0,0.0,0.0,0.0,0.0,0.0,0.0,0.0,0.0,-0.09925123356282711,-0.024346202611923218,-0.034160729050636295,0.0,-0.026871403492987157,0.0,0.0,0.0,-0.03423420861363411,0.0,2.0,2.0
Rps8,0.5884204673208296,0.0,0.0,0.0,0.0,-0.01800313889980316,0.0,0.0,0.0,0.0,0.0,0.0,0.04071254301816225,0.10150985945016146,0.028093559369444847,0.0914095863327384,0.0,0.0,0.0,-0.008594827502965927,0.0,0.0,0.0,0.0,0.015271350964903832,0.0,0.056947445794939995,0.03051053747534752,0.0,0.0,0.0,0.05485096525400877,0.0,0.0,0.0,0.0,0.0,0.002029528319835663,0.0,0.0,0.0,0.0,0.0,0.0,0.0,0.0,0.0,0.0,0.0,0.0,0.0,0.0,0.0,0.0,0.0,0.0,0.0,0.0,0.0,0.0,0.0,0.0,0.0,0.0,0.0,0.0,0.0,0.0,0.0,0.0,0.0,0.0,0.06563258841633797,0.0,0.0,0.0,0.0,0.0,0.0,0.02443967379629612,0.0,0.0,0.0,0.0,0.0,0.0,0.0,0.0,0.0,0.0,0.0,0.0,0.0,0.0,0.04319637730717659,0.06192758869379759,0.02294215086847544,0.0,-0.026871403492987157,0.0,0.0,0.0,-0.015607481598854065,0.0,0.0,0.0
Ar,-0.11569125391542912,0.0,0.0,0.0,0.0,-0.010365443229675293,0.0,0.0,0.0,0.0,0.0,0.0,0.09844934433698654,0.1251235054433346,-0.030375919342041015,0.10895612355321646,0.0,0.0,0.0,-0.012245660126209259,0.0,0.0,0.0,0.0,0.003275139853358269,0.0,0.056947445794939995,-0.007562440894544125,0.0,0.0,0.0,0.0885834477841854,0.0,0.0,0.0,0.0,0.0,0.002029528319835663,0.0,0.0,0.0,0.0,0.0,0.0,0.0,0.0,0.0,0.0,0.0,0.0,0.0,0.0,0.0,0.0,0.0,0.0,0.0,0.0,0.0,0.0,0.0,0.0,0.0,0.0,0.0,0.0,0.0,0.0,0.0,0.0,0.0,0.0,0.007292509824037552,0.0,0.0,0.0,0.0,0.0,0.0,0.02443967379629612,0.0,0.0,0.0,0.0,0.0,0.0,0.0,0.0,0.0,0.0,0.0,0.0,0.0,0.0,-0.10281018868088722,0.01977107726037502,0.05243686452507973,0.0,-0.026871403492987157,0.0,0.0,0.0,-0.016509600058197973,0.0,2.0,2.0
Xrcc4,0.5554851718991994,0.0,0.0,0.0,0.0,-0.0065465962886810305,0.0,0.0,0.0,0.0,0.0,0.0,-0.022560230772942304,0.041378149520605804,-0.014923074245452882,-0.0656652881577611,0.0,0.0,0.0,-0.031657245606184006,0.0,0.0,0.0,0.0,0.15864773623645306,0.0,-0.057256808765232564,-0.020340358167886735,0.0,0.0,0.0,0.08041358076035976,0.0,0.0,0.0,0.0,0.0,-0.02486172117292881,0.0,0.0,0.0,0.0,0.0,0.0,0.0,0.0,0.0,0.0,0.0,0.0,0.0,0.0,0.0,0.0,0.0,0.0,0.0,0.0,0.0,0.0,0.0,0.0,0.0,0.0,0.0,0.0,0.0,0.0,0.0,0.0,0.0,0.0,0.007292509824037552,0.0,0.0,0.0,0.0,0.0,0.0,0.007734073977917433,0.0,0.0,0.0,0.0,0.0,0.0,0.0,0.0,0.0,0.0,0.0,0.0,0.0,0.0,0.04319637730717659,-0.024346202611923218,-0.014737693313509225,0.0,-0.03694715037941933,0.0,0.0,0.0,0.14010129183530806,0.0,2.0,2.0
Atcay,0.14468040481209754,0.0,0.0,0.0,0.0,0.0,0.0,0.0,0.0,0.0,0.006663668155670166,0.0,0.0,0.006844860166311264,0.0,0.03362834006547928,0.0,0.0,0.0,0.0,0.0,0.0,0.0,0.0,0.0,0.0,0.0,0.05064064092934131,0.0,0.0,0.0,0.0,0.0,0.0,0.0,0.0,0.0,0.0,0.0,0.0,0.0,0.0,0.0,0.0,0.0,0.0,0.0,0.0,0.0,0.0,0.0,0.0,0.0,0.0,0.0,0.0,0.0,0.0,0.0,0.0,0.0,0.0,0.0,0.0,0.0,0.0,0.0,0.002764917612075806,0.0,0.0,0.0,0.0,0.0,0.0,0.0,0.0,0.0,0.0,0.0,0.0,0.0,0.0,-0.10757267475128174,0.0,0.0,0.0,0.0,-0.10052066251635551,-0.0019988537579774856,0.0,0.0,0.0,0.0,0.0,0.03539726048707962,0.07490689352154732,0.0,0.0,-0.036151502057909964,0.0,0.02728769466280937,0.0,-0.042830716706812384,0.0,1.0,1.0
Nt5c,0.8288335764780641,0.0,0.0,0.0,0.0,0.0,0.0,0.0,0.0,0.0,0.006663668155670166,0.0,0.0,0.006844860166311264,0.0,0.03362834006547928,0.0,0.0,0.0,0.0,0.0,0.0,0.0,0.0,0.0,0.0,0.0,-0.0071186857298016545,0.0,0.0,0.0,0.0,0.0,0.0,0.0,0.0,0.0,0.0,0.0,0.0,0.0,0.0,0.0,0.0,0.0,0.0,0.0,0.0,0.0,0.0,0.0,0.0,0.0,0.0,0.0,0.0,0.0,0.0,0.0,0.0,0.0,0.0,0.0,0.0,0.0,0.0,0.0,0.056680811047554014,0.0,0.0,0.0,0.0,0.0,0.0,0.0,0.0,0.0,0.0,0.0,0.0,0.0,0.0,0.034961119294166565,0.0,0.0,0.0,0.0,0.07478446260094643,-0.02531198976561427,0.0,0.0,0.0,0.0,0.0,-0.01742232158780098,0.07490689352154732,0.0,0.0,-0.036151502057909964,0.0,0.0640416918694973,0.0,-0.021016403548419476,0.0,1.0,0.0
Ptpn23,0.06521877713501453,0.0,0.0,0.0,0.0,0.0,0.0,0.0,0.0,0.0,0.006663668155670166,0.0,0.0,0.006844860166311264,0.0,0.03362834006547928,0.0,0.0,0.0,0.0,0.0,0.0,0.0,0.0,0.0,0.0,0.0,0.0225273678265512,0.0,0.0,0.0,0.0,0.0,0.0,0.0,0.0,0.0,0.0,0.0,0.0,0.0,0.0,0.0,0.0,0.0,0.0,0.0,0.0,0.0,0.0,0.0,0.0,0.0,0.0,0.0,0.0,0.0,0.0,0.0,0.0,0.0,0.0,0.0,0.0,0.0,0.0,0.0,0.002764917612075806,0.0,0.0,0.0,0.0,0.0,0.0,0.0,0.0,0.0,0.0,0.0,0.0,0.0,0.0,-0.10757267475128174,0.0,0.0,0.0,0.0,-0.10052066251635551,-0.02531198976561427,0.0,0.0,0.0,0.0,0.0,-0.11023871809244155,0.07490689352154732,0.0,0.0,-0.036151502057909964,0.0,0.02728769466280937,0.0,-0.042830716706812384,0.0,1.0,1.0
Wipi1,-0.28175021812319756,0.0,0.0,0.0,0.0,0.0,0.0,0.0,0.0,0.0,-0.011093835085630417,0.0,0.0,0.006844860166311264,0.0,-0.12149593830108643,0.0,0.0,0.0,0.0,0.0,0.0,0.0,0.0,0.0,0.0,0.0,0.014115450493991375,0.0,0.0,0.0,0.0,0.0,0.0,0.0,0.0,0.0,0.0,0.0,0.0,0.0,0.0,0.0,0.0,0.0,0.0,0.0,0.0,0.0,0.0,0.0,0.0,0.0,0.0,0.0,0.0,0.0,0.0,0.0,0.0,0.0,0.0,0.0,0.0,0.0,0.0,0.0,0.002764917612075806,0.0,0.0,0.0,0.0,0.0,0.0,0.0,0.0,0.0,0.0,0.0,0.0,0.0,0.0,-0.10757267475128174,0.0,0.0,0.0,0.0,0.07478446260094643,-0.021626436486840248,0.0,0.0,0.0,0.0,0.0,-0.02189965233206749,0.013074138760566711,0.0,0.0,-0.031125502903014423,0.0,0.02728769466280937,0.0,-0.042830716706812384,0.0,1.0,1.0
Stard5,0.20889339070767166,0.0,0.0,0.0,0.0,0.0,0.0,0.0,0.0,0.0,-0.011093835085630417,0.0,0.0,0.006844860166311264,0.0,0.03362834006547928,0.0,0.0,0.0,0.0,0.0,0.0,0.0,0.0,0.0,0.0,0.0,0.05064064092934131,0.0,0.0,0.0,0.0,0.0,0.0,0.0,0.0,0.0,0.0,0.0,0.0,0.0,0.0,0.0,0.0,0.0,0.0,0.0,0.0,0.0,0.0,0.0,0.0,0.0,0.0,0.0,0.0,0.0,0.0,0.0,0.0,0.0,0.0,0.0,0.0,0.0,0.0,0.0,-0.006912294030189514,0.0,0.0,0.0,0.0,0.0,0.0,0.0,0.0,0.0,0.0,0.0,0.0,0.0,0.0,0.014343023300170898,0.0,0.0,0.0,0.0,0.07478446260094643,-0.02531198976561427,0.0,0.0,0.0,0.0,0.0,0.033424840718507765,0.07490689352154732,0.0,0.0,-0.031125502903014423,0.0,-0.08684451594948768,0.0,-0.042830716706812384,0.0,1.0,1.0
Spag1,-0.2964541409909725,0.0,0.0,0.0,0.0,0.0,0.0,0.0,0.0,0.0,0.006663668155670166,0.0,0.0,0.006844860166311264,0.0,0.010847851634025574,0.0,0.0,0.0,0.0,0.0,0.0,0.0,0.0,0.0,0.0,0.0,0.014115450493991375,0.0,0.0,0.0,0.0,0.0,0.0,0.0,0.0,0.0,0.0,0.0,0.0,0.0,0.0,0.0,0.0,0.0,0.0,0.0,0.0,0.0,0.0,0.0,0.0,0.0,0.0,0.0,0.0,0.0,0.0,0.0,0.0,0.0,0.0,0.0,0.0,0.0,0.0,0.0,0.002764917612075806,0.0,0.0,0.0,0.0,0.0,0.0,0.0,0.0,0.0,0.0,0.0,0.0,0.0,0.0,0.034961119294166565,0.0,0.0,0.0,0.0,0.07478446260094643,-0.021626436486840248,0.0,0.0,0.0,0.0,0.0,-0.019927231818437575,-0.12114666283130646,0.0,0.0,-0.036151502057909964,0.0,0.0640416918694973,0.0,-0.042830716706812384,0.0,1.0,1.0
Iscu,0.8123148614540696,0.0,0.0,0.0,0.0,0.0,0.0,0.0,0.0,0.0,0.006663668155670166,0.0,0.0,0.006844860166311264,0.0,0.03362834006547928,0.0,0.0,0.0,0.0,0.0,0.0,0.0,0.0,0.0,0.0,0.0,-0.0071186857298016545,0.0,0.0,0.0,0.0,0.0,0.0,0.0,0.0,0.0,0.0,0.0,0.0,0.0,0.0,0.0,0.0,0.0,0.0,0.0,0.0,0.0,0.0,0.0,0.0,0.0,0.0,0.0,0.0,0.0,0.0,0.0,0.0,0.0,0.0,0.0,0.0,0.0,0.0,0.0,0.056680811047554014,0.0,0.0,0.0,0.0,0.0,0.0,0.0,0.0,0.0,0.0,0.0,0.0,0.0,0.0,0.034961119294166565,0.0,0.0,0.0,0.0,-0.10052066251635551,-0.02531198976561427,0.0,0.0,0.0,0.0,0.0,-0.01742232158780098,0.07490689352154732,0.0,0.0,-0.036151502057909964,0.0,0.0640416918694973,0.0,-0.021016403548419476,0.0,1.0,0.0
Pea15a,0.4512418198026717,0.0,0.0,0.0,0.0,0.0,0.0,0.0,0.0,0.0,-0.011093835085630417,0.0,0.0,0.006844860166311264,0.0,0.03362834006547928,0.0,0.0,0.0,0.0,0.0,0.0,0.0,0.0,0.0,0.0,0.0,-0.1193758326023817,0.0,0.0,0.0,0.0,0.0,0.0,0.0,0.0,0.0,0.0,0.0,0.0,0.0,0.0,0.0,0.0,0.0,0.0,0.0,0.0,0.0,0.0,0.0,0.0,0.0,0.0,0.0,0.0,0.0,0.0,0.0,0.0,0.0,0.0,0.0,0.0,0.0,0.0,0.0,0.056680811047554014,0.0,0.0,0.0,0.0,0.0,0.0,0.0,0.0,0.0,0.0,0.0,0.0,0.0,0.0,0.034961119294166565,0.0,0.0,0.0,0.0,0.07478446260094643,-0.02531198976561427,0.0,0.0,0.0,0.0,0.0,-0.009182523190975189,0.07490689352154732,0.0,0.0,-0.031125502903014423,0.0,0.0640416918694973,0.0,-0.042830716706812384,0.0,1.0,1.0
Elovl4,-0.13106869671493768,0.0,0.0,0.0,0.0,0.0,0.0,0.0,0.0,0.0,-0.0161198341101408,0.0,0.0,0.0285202506929636,0.0,0.03362834006547928,0.0,0.0,0.0,0.0,0.0,0.0,0.0,0.0,0.0,0.0,0.0,-0.1193758326023817,0.0,0.0,0.0,0.0,0.0,0.0,0.0,0.0,0.0,0.0,0.0,0.0,0.0,0.0,0.0,0.0,0.0,0.0,0.0,0.0,0.0,0.0,0.0,0.0,0.0,0.0,0.0,0.0,0.0,0.0,0.0,0.0,0.0,0.0,0.0,0.0,0.0,0.0,0.0,0.002764917612075806,0.0,0.0,0.0,0.0,0.0,0.0,0.0,0.0,0.0,0.0,0.0,0.0,0.0,0.0,0.034961119294166565,0.0,0.0,0.0,0.0,0.07478446260094643,0.031221992680802942,0.0,0.0,0.0,0.0,0.0,-0.008089914172887801,0.07490689352154732,0.0,0.0,0.015165539979934693,0.0,0.0640416918694973,0.0,0.17179693061858414,0.0,1.0,1.0
Tiprl,-0.10860885132104159,0.0,0.0,0.0,0.0,0.0,0.0,0.0,0.0,0.0,0.006663668155670166,0.0,0.0,0.006844860166311264,0.0,0.03362834006547928,0.0,0.0,0.0,0.0,0.0,0.0,0.0,0.0,0.0,0.0,0.0,-0.1193758326023817,0.0,0.0,0.0,0.0,0.0,0.0,0.0,0.0,0.0,0.0,0.0,0.0,0.0,0.0,0.0,0.0,0.0,0.0,0.0,0.0,0.0,0.0,0.0,0.0,0.0,0.0,0.0,0.0,0.0,0.0,0.0,0.0,0.0,0.0,0.0,0.0,0.0,0.0,0.0,0.002764917612075806,0.0,0.0,0.0,0.0,0.0,0.0,0.0,0.0,0.0,0.0,0.0,0.0,0.0,0.0,0.034961119294166565,0.0,0.0,0.0,0.0,0.07478446260094643,0.031221992680802942,0.0,0.0,0.0,0.0,0.0,-0.007210103422403335,0.07490689352154732,0.0,0.0,-0.036151502057909964,0.0,0.0640416918694973,0.0,-0.042830716706812384,0.0,1.0,1.0
Myo1b,-0.08389725629240274,0.0,0.0,0.0,0.0,0.0,0.0,0.0,0.0,0.0,0.006044937968254089,0.0,0.0,0.006844860166311264,0.0,0.03362834006547928,0.0,0.0,0.0,0.0,0.0,0.0,0.0,0.0,0.0,0.0,0.0,0.008125528898090125,0.0,0.0,0.0,0.0,0.0,0.0,0.0,0.0,0.0,0.0,0.0,0.0,0.0,0.0,0.0,0.0,0.0,0.0,0.0,0.0,0.0,0.0,0.0,0.0,0.0,0.0,0.0,0.0,0.0,0.0,0.0,0.0,0.0,0.0,0.0,0.0,0.0,0.0,0.0,-0.006912294030189514,0.0,0.0,0.0,0.0,0.0,0.0,0.0,0.0,0.0,0.0,0.0,0.0,0.0,0.0,0.014343023300170898,0.0,0.0,0.0,0.0,0.07478446260094643,0.269173331707716,0.0,0.0,0.0,0.0,0.0,0.35313356935977935,0.07490689352154732,0.0,0.0,0.015602583400905132,0.0,-0.08684451594948768,0.0,-0.042830716706812384,0.0,1.0,0.0
Pias4,0.02393755502998829,0.0,0.0,0.0,0.0,0.0,0.0,0.0,0.0,0.0,0.006663668155670166,0.0,0.0,0.006844860166311264,0.0,0.03362834006547928,0.0,0.0,0.0,0.0,0.0,0.0,0.0,0.0,0.0,0.0,0.0,-0.045636097881942984,0.0,0.0,0.0,0.0,0.0,0.0,0.0,0.0,0.0,0.0,0.0,0.0,0.0,0.0,0.0,0.0,0.0,0.0,0.0,0.0,0.0,0.0,0.0,0.0,0.0,0.0,0.0,0.0,0.0,0.0,0.0,0.0,0.0,0.0,0.0,0.0,0.0,0.0,0.0,0.002764917612075806,0.0,0.0,0.0,0.0,0.0,0.0,0.0,0.0,0.0,0.0,0.0,0.0,0.0,0.0,-0.10757267475128174,0.0,0.0,0.0,0.0,-0.10052066251635551,-0.02531198976561427,0.0,0.0,0.0,0.0,0.0,-0.050993074178695676,0.07490689352154732,0.0,0.0,-0.036151502057909964,0.0,0.02728769466280937,0.0,-0.042830716706812384,0.0,1.0,1.0
D430041D05Rik,-0.2435375852882862,0.0,0.0,0.0,0.0,0.0,0.0,0.0,0.0,0.0,-0.011093835085630417,0.0,0.0,-0.10951776266098022,0.0,0.010847851634025574,0.0,0.0,0.0,0.0,0.0,0.0,0.0,0.0,0.0,0.0,0.0,0.014115450493991375,0.0,0.0,0.0,0.0,0.0,0.0,0.0,0.0,0.0,0.0,0.0,0.0,0.0,0.0,0.0,0.0,0.0,0.0,0.0,0.0,0.0,0.0,0.0,0.0,0.0,0.0,0.0,0.0,0.0,0.0,0.0,0.0,0.0,0.0,0.0,0.0,0.0,0.0,0.0,-0.006912294030189514,0.0,0.0,0.0,0.0,0.0,0.0,0.0,0.0,0.0,0.0,0.0,0.0,0.0,0.0,0.034961119294166565,0.0,0.0,0.0,0.0,-0.10052066251635551,-0.06148668944835663,0.0,0.0,0.0,0.0,0.0,-0.02189965233206749,-0.12114666283130646,0.0,0.0,-0.031125502903014423,0.0,0.0640416918694973,0.0,0.08167294304817915,0.0,1.0,2.0
Lyplal1,-0.10860885132104159,0.0,0.0,0.0,0.0,0.0,0.0,0.0,0.0,0.0,0.006663668155670166,0.0,0.0,0.006844860166311264,0.0,-0.12149593830108643,0.0,0.0,0.0,0.0,0.0,0.0,0.0,0.0,0.0,0.0,0.0,-0.1193758326023817,0.0,0.0,0.0,0.0,0.0,0.0,0.0,0.0,0.0,0.0,0.0,0.0,0.0,0.0,0.0,0.0,0.0,0.0,0.0,0.0,0.0,0.0,0.0,0.0,0.0,0.0,0.0,0.0,0.0,0.0,0.0,0.0,0.0,0.0,0.0,0.0,0.0,0.0,0.0,0.002764917612075806,0.0,0.0,0.0,0.0,0.0,0.0,0.0,0.0,0.0,0.0,0.0,0.0,0.0,0.0,-0.10757267475128174,0.0,0.0,0.0,0.0,0.07478446260094643,0.031221992680802942,0.0,0.0,0.0,0.0,0.0,-0.007210103422403335,0.013074138760566711,0.0,0.0,-0.036151502057909964,0.0,0.02728769466280937,0.0,-0.042830716706812384,0.0,1.0,1.0
Adamts9,-0.3101467849314213,0.0,0.0,0.0,0.0,0.0,0.0,0.0,0.0,0.0,0.009285928308963775,0.0,0.0,0.0285202506929636,0.0,0.010847851634025574,0.0,0.0,0.0,0.0,0.0,0.0,0.0,0.0,0.0,0.0,0.0,0.014115450493991375,0.0,0.0,0.0,0.0,0.0,0.0,0.0,0.0,0.0,0.0,0.0,0.0,0.0,0.0,0.0,0.0,0.0,0.0,0.0,0.0,0.0,0.0,0.0,0.0,0.0,0.0,0.0,0.0,0.0,0.0,0.0,0.0,0.0,0.0,0.0,0.0,0.0,0.0,0.0,0.002764917612075806,0.0,0.0,0.0,0.0,0.0,0.0,0.0,0.0,0.0,0.0,0.0,0.0,0.0,0.0,0.034961119294166565,0.0,0.0,0.0,0.0,0.07478446260094643,-0.06148668944835663,0.0,0.0,0.0,0.0,0.0,-0.01774201527237892,-0.12114666283130646,0.0,0.0,0.01778780035674572,0.0,0.0640416918694973,0.0,0.17179693061858414,0.0,1.0,2.0
Pafah2,0.05158285386860371,0.0,0.0,0.0,0.0,0.0,0.0,0.0,0.0,0.0,0.006663668155670166,0.0,0.0,0.006844860166311264,0.0,0.03362834006547928,0.0,0.0,0.0,0.0,0.0,0.0,0.0,0.0,0.0,0.0,0.0,0.0225273678265512,0.0,0.0,0.0,0.0,0.0,0.0,0.0,0.0,0.0,0.0,0.0,0.0,0.0,0.0,0.0,0.0,0.0,0.0,0.0,0.0,0.0,0.0,0.0,0.0,0.0,0.0,0.0,0.0,0.0,0.0,0.0,0.0,0.0,0.0,0.0,0.0,0.0,0.0,0.0,-0.006912294030189514,0.0,0.0,0.0,0.0,0.0,0.0,0.0,0.0,0.0,0.0,0.0,0.0,0.0,0.0,0.034961119294166565,0.0,0.0,0.0,0.0,-0.10052066251635551,-0.0019988537579774856,0.0,0.0,0.0,0.0,0.0,-0.11023871809244155,0.07490689352154732,0.0,0.0,-0.036151502057909964,0.0,0.0640416918694973,0.0,-0.042830716706812384,0.0,1.0,2.0
Nrep,0.14987428948283196,0.0,0.0,0.0,0.0,0.0,0.0,0.0,0.0,0.0,0.006663668155670166,0.0,0.0,0.0285202506929636,0.0,0.03362834006547928,0.0,0.0,0.0,0.0,0.0,0.0,0.0,0.0,0.0,0.0,0.0,0.05064064092934131,0.0,0.0,0.0,0.0,0.0,0.0,0.0,0.0,0.0,0.0,0.0,0.0,0.0,0.0,0.0,0.0,0.0,0.0,0.0,0.0,0.0,0.0,0.0,0.0,0.0,0.0,0.0,0.0,0.0,0.0,0.0,0.0,0.0,0.0,0.0,0.0,0.0,0.0,0.0,0.002764917612075806,0.0,0.0,0.0,0.0,0.0,0.0,0.0,0.0,0.0,0.0,0.0,0.0,0.0,0.0,-0.10757267475128174,0.0,0.0,0.0,0.0,-0.10052066251635551,-0.0019988537579774856,0.0,0.0,0.0,0.0,0.0,0.03539726048707962,0.07490689352154732,0.0,0.0,-0.036151502057909964,0.0,0.02728769466280937,0.0,0.17179693061858414,0.0,1.0,1.0
Rassf3,-0.2890074409544468,0.0,0.0,0.0,0.0,0.0,0.0,0.0,0.0,0.0,0.006663668155670166,0.0,0.0,0.006844860166311264,0.0,0.010847851634025574,0.0,0.0,0.0,0.0,0.0,0.0,0.0,0.0,0.0,0.0,0.0,0.009045844310894608,0.0,0.0,0.0,0.0,0.0,0.0,0.0,0.0,0.0,0.0,0.0,0.0,0.0,0.0,0.0,0.0,0.0,0.0,0.0,0.0,0.0,0.0,0.0,0.0,0.0,0.0,0.0,0.0,0.0,0.0,0.0,0.0,0.0,0.0,0.0,0.0,0.0,0.0,0.0,0.002764917612075806,0.0,0.0,0.0,0.0,0.0,0.0,0.0,0.0,0.0,0.0,0.0,0.0,0.0,0.0,0.034961119294166565,0.0,0.0,0.0,0.0,-0.10052066251635551,-0.021626436486840248,0.0,0.0,0.0,0.0,0.0,-0.03882303938269615,-0.12114666283130646,0.0,0.0,-0.036151502057909964,0.0,0.0640416918694973,0.0,-0.042830716706812384,0.0,2.0,2.0
Fam135b,0.4785406918823719,0.0,0.0,0.0,0.0,0.0,0.0,0.0,0.0,0.0,0.017873732075095176,0.0,0.0,0.006844860166311264,0.0,0.010847851634025574,0.0,0.0,0.0,0.0,0.0,0.0,0.0,0.0,0.0,0.0,0.0,0.008125528898090125,0.0,0.0,0.0,0.0,0.0,0.0,0.0,0.0,0.0,0.0,0.0,0.0,0.0,0.0,0.0,0.0,0.0,0.0,0.0,0.0,0.0,0.0,0.0,0.0,0.0,0.0,0.0,0.0,0.0,0.0,0.0,0.0,0.0,0.0,0.0,0.0,0.0,0.0,0.0,0.002764917612075806,0.0,0.0,0.0,0.0,0.0,0.0,0.0,0.0,0.0,0.0,0.0,0.0,0.0,0.0,0.014343023300170898,0.0,0.0,0.0,0.0,0.04009516078978777,-0.03540995486080647,0.0,0.0,0.0,0.0,0.0,0.19504581719636918,-0.12114666283130646,0.0,0.0,0.17407603811472655,0.0,-0.08684451594948768,0.0,-0.042830716706812384,0.0,0.0,0.0
Skap2,-0.2394699777662754,0.0,0.0,0.0,0.0,0.0,0.0,0.0,0.0,0.0,0.006663668155670166,0.0,0.0,-0.01711215041577816,0.0,0.010847851634025574,0.0,0.0,0.0,0.0,0.0,0.0,0.0,0.0,0.0,0.0,0.0,0.009045844310894608,0.0,0.0,0.0,0.0,0.0,0.0,0.0,0.0,0.0,0.0,0.0,0.0,0.0,0.0,0.0,0.0,0.0,0.0,0.0,0.0,0.0,0.0,0.0,0.0,0.0,0.0,0.0,0.0,0.0,0.0,0.0,0.0,0.0,0.0,0.0,0.0,0.0,0.0,0.0,-0.006912294030189514,0.0,0.0,0.0,0.0,0.0,0.0,0.0,0.0,0.0,0.0,0.0,0.0,0.0,0.0,0.014343023300170898,0.0,0.0,0.0,0.0,-0.10052066251635551,-0.06148668944835663,0.0,0.0,0.0,0.0,0.0,-0.03882303938269615,-0.12114666283130646,0.0,0.0,-0.036151502057909964,0.0,-0.08684451594948768,0.0,-0.01887370727956295,0.0,2.0,2.0
Pabpn1,0.671217017583549,0.0,0.0,0.0,0.0,0.0,0.0,0.0,0.0,0.0,-0.011093835085630417,0.0,0.0,0.006844860166311264,0.0,0.03362834006547928,0.0,0.0,0.0,0.0,0.0,0.0,0.0,0.0,0.0,0.0,0.0,-0.011727418750524521,0.0,0.0,0.0,0.0,0.0,0.0,0.0,0.0,0.0,0.0,0.0,0.0,0.0,0.0,0.0,0.0,0.0,0.0,0.0,0.0,0.0,0.0,0.0,0.0,0.0,0.0,0.0,0.0,0.0,0.0,0.0,0.0,0.0,0.0,0.0,0.0,0.0,0.0,0.0,-0.09124228119850158,0.0,0.0,0.0,0.0,0.0,0.0,0.0,0.0,0.0,0.0,0.0,0.0,0.0,0.0,0.034961119294166565,0.0,0.0,0.0,0.0,0.07478446260094643,0.1244745387788862,0.0,0.0,0.0,0.0,0.0,-0.010177273452281952,0.07490689352154732,0.0,0.0,-0.031125502903014423,0.0,0.0640416918694973,0.0,-0.021016403548419476,0.0,0.0,0.0
Cspg4,0.1663930045068264,0.0,0.0,0.0,0.0,0.0,0.0,0.0,0.0,0.0,0.006663668155670166,0.0,0.0,0.0285202506929636,0.0,0.010847851634025574,0.0,0.0,0.0,0.0,0.0,0.0,0.0,0.0,0.0,0.0,0.0,0.05064064092934131,0.0,0.0,0.0,0.0,0.0,0.0,0.0,0.0,0.0,0.0,0.0,0.0,0.0,0.0,0.0,0.0,0.0,0.0,0.0,0.0,0.0,0.0,0.0,0.0,0.0,0.0,0.0,0.0,0.0,0.0,0.0,0.0,0.0,0.0,0.0,0.0,0.0,0.0,0.0,0.002764917612075806,0.0,0.0,0.0,0.0,0.0,0.0,0.0,0.0,0.0,0.0,0.0,0.0,0.0,0.0,-0.10757267475128174,0.0,0.0,0.0,0.0,0.07478446260094643,-0.0019988537579774856,0.0,0.0,0.0,0.0,0.0,0.03539726048707962,-0.12114666283130646,0.0,0.0,-0.036151502057909964,0.0,0.02728769466280937,0.0,0.17179693061858414,0.0,0.0,1.0
Rin2,-0.25659388944506645,0.0,0.0,0.0,0.0,0.0,0.0,0.0,0.0,0.0,0.006663668155670166,0.0,0.0,0.006844860166311264,0.0,0.010847851634025574,0.0,0.0,0.0,0.0,0.0,0.0,0.0,0.0,0.0,0.0,0.0,0.014115450493991375,0.0,0.0,0.0,0.0,0.0,0.0,0.0,0.0,0.0,0.0,0.0,0.0,0.0,0.0,0.0,0.0,0.0,0.0,0.0,0.0,0.0,0.0,0.0,0.0,0.0,0.0,0.0,0.0,0.0,0.0,0.0,0.0,0.0,0.0,0.0,0.0,0.0,0.0,0.0,0.002764917612075806,0.0,0.0,0.0,0.0,0.0,0.0,0.0,0.0,0.0,0.0,0.0,0.0,0.0,0.0,-0.10757267475128174,0.0,0.0,0.0,0.0,0.07478446260094643,-0.06148668944835663,0.0,0.0,0.0,0.0,0.0,-0.019927231818437575,-0.12114666283130646,0.0,0.0,-0.036151502057909964,0.0,0.02728769466280937,0.0,-0.042830716706812384,0.0,2.0,2.0
Zbtb16,-0.2394699777662754,0.0,0.0,0.0,0.0,0.0,0.0,0.0,0.0,0.0,0.006663668155670166,0.0,0.0,0.006844860166311264,0.0,0.010847851634025574,0.0,0.0,0.0,0.0,0.0,0.0,0.0,0.0,0.0,0.0,0.0,0.009045844310894608,0.0,0.0,0.0,0.0,0.0,0.0,0.0,0.0,0.0,0.0,0.0,0.0,0.0,0.0,0.0,0.0,0.0,0.0,0.0,0.0,0.0,0.0,0.0,0.0,0.0,0.0,0.0,0.0,0.0,0.0,0.0,0.0,0.0,0.0,0.0,0.0,0.0,0.0,0.0,-0.006912294030189514,0.0,0.0,0.0,0.0,0.0,0.0,0.0,0.0,0.0,0.0,0.0,0.0,0.0,0.0,-0.03854687511920929,0.0,0.0,0.0,0.0,-0.10052066251635551,-0.06148668944835663,0.0,0.0,0.0,0.0,0.0,-0.03882303938269615,-0.12114666283130646,0.0,0.0,-0.036151502057909964,0.0,-0.0339546175301075,0.0,-0.042830716706812384,0.0,0.0,2.0
Grm1,0.45069449039176107,0.0,0.0,0.0,0.0,0.0,0.0,0.0,0.0,0.0,-0.037507086619734765,0.0,0.0,0.0285202506929636,0.0,-0.035797910392284395,0.0,0.0,0.0,0.0,0.0,0.0,0.0,0.0,0.0,0.0,0.0,0.008125528898090125,0.0,0.0,0.0,0.0,0.0,0.0,0.0,0.0,0.0,0.0,0.0,0.0,0.0,0.0,0.0,0.0,0.0,0.0,0.0,0.0,0.0,0.0,0.0,0.0,0.0,0.0,0.0,0.0,0.0,0.0,0.0,0.0,0.0,0.0,0.0,0.0,0.0,0.0,0.0,0.002764917612075806,0.0,0.0,0.0,0.0,0.0,0.0,0.0,0.0,0.0,0.0,0.0,0.0,0.0,0.0,0.014343023300170898,0.0,0.0,0.0,0.0,0.04009516078978777,-0.03540995486080647,0.0,0.0,0.0,0.0,0.0,0.29963733404874804,-0.0745009008049965,0.0,0.0,0.1579054316878319,0.0,-0.08684451594948768,0.0,0.17179693061858414,0.0,0.0,0.0
Mcc,0.6463795604556799,0.0,0.0,0.0,0.0,0.0,0.0,0.0,0.0,0.0,0.05072068214416504,0.0,0.0,0.0285202506929636,0.0,0.010847851634025574,0.0,0.0,0.0,0.0,0.0,0.0,0.0,0.0,0.0,0.0,0.0,0.014115450493991375,0.0,0.0,0.0,0.0,0.0,0.0,0.0,0.0,0.0,0.0,0.0,0.0,0.0,0.0,0.0,0.0,0.0,0.0,0.0,0.0,0.0,0.0,0.0,0.0,0.0,0.0,0.0,0.0,0.0,0.0,0.0,0.0,0.0,0.0,0.0,0.0,0.0,0.0,0.0,0.002764917612075806,0.0,0.0,0.0,0.0,0.0,0.0,0.0,0.0,0.0,0.0,0.0,0.0,0.0,0.0,0.034961119294166565,0.0,0.0,0.0,0.0,-0.052616388462483885,-0.03540995486080647,0.0,0.0,0.0,0.0,0.0,0.0007761435210704804,0.13149250522255898,0.0,0.0,0.23220281109213828,0.0,0.0640416918694973,0.0,0.17179693061858414,0.0,2.0,2.0
9330111N05Rik,-0.08478907316923141,0.0,0.0,0.0,0.0,0.0,0.0,0.0,0.0,0.0,0.006663668155670166,0.0,0.0,0.006844860166311264,0.0,0.010847851634025574,0.0,0.0,0.0,0.0,0.0,0.0,0.0,0.0,0.0,0.0,0.0,-0.011727418750524521,0.0,0.0,0.0,0.0,0.0,0.0,0.0,0.0,0.0,0.0,0.0,0.0,0.0,0.0,0.0,0.0,0.0,0.0,0.0,0.0,0.0,0.0,0.0,0.0,0.0,0.0,0.0,0.0,0.0,0.0,0.0,0.0,0.0,0.0,0.0,0.0,0.0,0.0,0.0,0.002764917612075806,0.0,0.0,0.0,0.0,0.0,0.0,0.0,0.0,0.0,0.0,0.0,0.0,0.0,0.0,0.034961119294166565,0.0,0.0,0.0,0.0,0.07478446260094643,0.269173331707716,0.0,0.0,0.0,0.0,0.0,-0.02415875643491745,-0.12114666283130646,0.0,0.0,-0.036151502057909964,0.0,0.0640416918694973,0.0,-0.042830716706812384,0.0,2.0,2.0
Megf10,-0.2394699777662754,0.0,0.0,0.0,0.0,0.0,0.0,0.0,0.0,0.0,0.006663668155670166,0.0,0.0,0.006844860166311264,0.0,0.010847851634025574,0.0,0.0,0.0,0.0,0.0,0.0,0.0,0.0,0.0,0.0,0.0,0.009045844310894608,0.0,0.0,0.0,0.0,0.0,0.0,0.0,0.0,0.0,0.0,0.0,0.0,0.0,0.0,0.0,0.0,0.0,0.0,0.0,0.0,0.0,0.0,0.0,0.0,0.0,0.0,0.0,0.0,0.0,0.0,0.0,0.0,0.0,0.0,0.0,0.0,0.0,0.0,0.0,-0.006912294030189514,0.0,0.0,0.0,0.0,0.0,0.0,0.0,0.0,0.0,0.0,0.0,0.0,0.0,0.0,0.034961119294166565,0.0,0.0,0.0,0.0,-0.10052066251635551,-0.06148668944835663,0.0,0.0,0.0,0.0,0.0,-0.03882303938269615,-0.12114666283130646,0.0,0.0,-0.036151502057909964,0.0,0.0640416918694973,0.0,-0.042830716706812384,0.0,2.0,2.0
Rhoj,-0.2646263064444065,0.0,0.0,0.0,0.0,0.0,0.0,0.0,0.0,0.0,-0.011093835085630417,0.0,0.0,0.006844860166311264,0.0,0.010847851634025574,0.0,0.0,0.0,0.0,0.0,0.0,0.0,0.0,0.0,0.0,0.0,0.009045844310894608,0.0,0.0,0.0,0.0,0.0,0.0,0.0,0.0,0.0,0.0,0.0,0.0,0.0,0.0,0.0,0.0,0.0,0.0,0.0,0.0,0.0,0.0,0.0,0.0,0.0,0.0,0.0,0.0,0.0,0.0,0.0,0.0,0.0,0.0,0.0,0.0,0.0,0.0,0.0,-0.006912294030189514,0.0,0.0,0.0,0.0,0.0,0.0,0.0,0.0,0.0,0.0,0.0,0.0,0.0,0.0,0.014343023300170898,0.0,0.0,0.0,0.0,-0.10052066251635551,-0.021626436486840248,0.0,0.0,0.0,0.0,0.0,-0.04079545989632607,-0.12114666283130646,0.0,0.0,-0.031125502903014423,0.0,-0.08684451594948768,0.0,-0.042830716706812384,0.0,2.0,2.0
Dach2,0.2863815223425627,0.0,0.0,0.0,0.0,0.0,0.0,0.0,0.0,0.0,-0.05604609191417694,0.0,0.0,-0.01711215041577816,0.0,0.03362834006547928,0.0,0.0,0.0,0.0,0.0,0.0,0.0,0.0,0.0,0.0,0.0,0.014115450493991375,0.0,0.0,0.0,0.0,0.0,0.0,0.0,0.0,0.0,0.0,0.0,0.0,0.0,0.0,0.0,0.0,0.0,0.0,0.0,0.0,0.0,0.0,0.0,0.0,0.0,0.0,0.0,0.0,0.0,0.0,0.0,0.0,0.0,0.0,0.0,0.0,0.0,0.0,0.0,0.002764917612075806,0.0,0.0,0.0,0.0,0.0,0.0,0.0,0.0,0.0,0.0,0.0,0.0,0.0,0.0,-0.10757267475128174,0.0,0.0,0.0,0.0,0.04009516078978777,0.16486639749258758,0.0,0.0,0.0,0.0,0.0,-0.015945246964693068,0.07490689352154732,0.0,0.0,-0.10100945640355348,0.0,0.02728769466280937,0.0,-0.01887370727956295,0.0,2.0,2.0
Rbfox3,0.42327204506844285,0.0,0.0,0.0,0.0,0.0,0.0,0.0,0.0,0.0,0.024935119897127152,0.0,0.0,0.006844860166311264,0.0,0.010847851634025574,0.0,0.0,0.0,0.0,0.0,0.0,0.0,0.0,0.0,0.0,0.0,0.009045844310894608,0.0,0.0,0.0,0.0,0.0,0.0,0.0,0.0,0.0,0.0,0.0,0.0,0.0,0.0,0.0,0.0,0.0,0.0,0.0,0.0,0.0,0.0,0.0,0.0,0.0,0.0,0.0,0.0,0.0,0.0,0.0,0.0,0.0,0.0,0.0,0.0,0.0,0.0,0.0,-0.006912294030189514,0.0,0.0,0.0,0.0,0.0,0.0,0.0,0.0,0.0,0.0,0.0,0.0,0.0,0.0,0.034961119294166565,0.0,0.0,0.0,0.0,-0.052616388462483885,-0.03540995486080647,0.0,0.0,0.0,0.0,0.0,-0.027734619528055192,0.13149250522255898,0.0,0.0,-0.13203953839838506,0.0,0.0640416918694973,0.0,-0.042830716706812384,0.0,0.0,2.0
Maml3,0.6748283029347658,0.0,0.0,0.0,0.0,0.0,0.0,0.0,0.0,0.0,0.05072068214416504,0.0,0.0,-0.01711215041577816,0.0,0.010847851634025574,0.0,0.0,0.0,0.0,0.0,0.0,0.0,0.0,0.0,0.0,0.0,0.009045844310894608,0.0,0.0,0.0,0.0,0.0,0.0,0.0,0.0,0.0,0.0,0.0,0.0,0.0,0.0,0.0,0.0,0.0,0.0,0.0,0.0,0.0,0.0,0.0,0.0,0.0,0.0,0.0,0.0,0.0,0.0,0.0,0.0,0.0,0.0,0.0,0.0,0.0,0.0,0.0,-0.006912294030189514,0.0,0.0,0.0,0.0,0.0,0.0,0.0,0.0,0.0,0.0,0.0,0.0,0.0,0.0,0.014343023300170898,0.0,0.0,0.0,0.0,-0.052616388462483885,-0.03540995486080647,0.0,0.0,0.0,0.0,0.0,-0.018119664043188096,0.13149250522255898,0.0,0.0,0.23220281109213828,0.0,-0.08684451594948768,0.0,-0.01887370727956295,0.0,2.0,2.0
Plxna4,0.6508628874272108,0.0,0.0,0.0,0.0,0.0,0.0,0.0,0.0,0.0,0.05072068214416504,0.0,0.0,0.006844860166311264,0.0,0.010847851634025574,0.0,0.0,0.0,0.0,0.0,0.0,0.0,0.0,0.0,0.0,0.0,0.014115450493991375,0.0,0.0,0.0,0.0,0.0,0.0,0.0,0.0,0.0,0.0,0.0,0.0,0.0,0.0,0.0,0.0,0.0,0.0,0.0,0.0,0.0,0.0,0.0,0.0,0.0,0.0,0.0,0.0,0.0,0.0,0.0,0.0,0.0,0.0,0.0,0.0,0.0,0.0,0.0,-0.006912294030189514,0.0,0.0,0.0,0.0,0.0,0.0,0.0,0.0,0.0,0.0,0.0,0.0,0.0,0.0,0.014343023300170898,0.0,0.0,0.0,0.0,-0.052616388462483885,-0.03540995486080647,0.0,0.0,0.0,0.0,0.0,0.0007761435210704804,0.13149250522255898,0.0,0.0,0.23220281109213828,0.0,-0.08684451594948768,0.0,-0.042830716706812384,0.0,0.0,2.0
St5,-0.22476605489850043,0.0,0.0,0.0,0.0,0.0,0.0,0.0,0.0,0.0,-0.011093835085630417,0.0,0.0,0.006844860166311264,0.0,0.010847851634025574,0.0,0.0,0.0,0.0,0.0,0.0,0.0,0.0,0.0,0.0,0.0,0.009045844310894608,0.0,0.0,0.0,0.0,0.0,0.0,0.0,0.0,0.0,0.0,0.0,0.0,0.0,0.0,0.0,0.0,0.0,0.0,0.0,0.0,0.0,0.0,0.0,0.0,0.0,0.0,0.0,0.0,0.0,0.0,0.0,0.0,0.0,0.0,0.0,0.0,0.0,0.0,0.0,-0.006912294030189514,0.0,0.0,0.0,0.0,0.0,0.0,0.0,0.0,0.0,0.0,0.0,0.0,0.0,0.0,-0.10757267475128174,0.0,0.0,0.0,0.0,-0.10052066251635551,-0.06148668944835663,0.0,0.0,0.0,0.0,0.0,-0.04079545989632607,-0.12114666283130646,0.0,0.0,-0.031125502903014423,0.0,0.02728769466280937,0.0,-0.042830716706812384,0.0,2.0,2.0
Zfp385b,0.47240926921367643,0.0,0.0,0.0,0.0,0.0,0.0,0.0,0.0,0.0,-0.12335078090429306,0.0,0.0,0.0285202506929636,0.0,0.010847851634025574,0.0,0.0,0.0,0.0,0.0,0.0,0.0,0.0,0.0,0.0,0.0,0.014115450493991375,0.0,0.0,0.0,0.0,0.0,0.0,0.0,0.0,0.0,0.0,0.0,0.0,0.0,0.0,0.0,0.0,0.0,0.0,0.0,0.0,0.0,0.0,0.0,0.0,0.0,0.0,0.0,0.0,0.0,0.0,0.0,0.0,0.0,0.0,0.0,0.0,0.0,0.0,0.0,-0.006912294030189514,0.0,0.0,0.0,0.0,0.0,0.0,0.0,0.0,0.0,0.0,0.0,0.0,0.0,0.0,0.014343023300170898,0.0,0.0,0.0,0.0,0.04009516078978777,-0.03540995486080647,0.0,0.0,0.0,0.0,0.0,-0.01332298681139946,0.13149250522255898,0.0,0.0,0.17014264732599257,0.0,-0.08684451594948768,0.0,0.17179693061858414,0.0,0.0,0.0
Gsg1l,-0.22476605489850043,0.0,0.0,0.0,0.0,0.0,0.0,0.0,0.0,0.0,-0.011093835085630417,0.0,0.0,-0.01711215041577816,0.0,-0.035797910392284395,0.0,0.0,0.0,0.0,0.0,0.0,0.0,0.0,0.0,0.0,0.0,0.009045844310894608,0.0,0.0,0.0,0.0,0.0,0.0,0.0,0.0,0.0,0.0,0.0,0.0,0.0,0.0,0.0,0.0,0.0,0.0,0.0,0.0,0.0,0.0,0.0,0.0,0.0,0.0,0.0,0.0,0.0,0.0,0.0,0.0,0.0,0.0,0.0,0.0,0.0,0.0,0.0,-0.006912294030189514,0.0,0.0,0.0,0.0,0.0,0.0,0.0,0.0,0.0,0.0,0.0,0.0,0.0,0.0,0.034961119294166565,0.0,0.0,0.0,0.0,-0.10052066251635551,-0.06148668944835663,0.0,0.0,0.0,0.0,0.0,-0.04079545989632607,-0.0745009008049965,0.0,0.0,-0.031125502903014423,0.0,0.0640416918694973,0.0,-0.01887370727956295,0.0,2.0,2.0
Oxr1,0.5332902446389198,0.0,0.0,0.0,0.0,0.0,0.0,0.0,0.0,0.0,-0.12335078090429306,0.0,0.0,0.006844860166311264,0.0,0.010847851634025574,0.0,0.0,0.0,0.0,0.0,0.0,0.0,0.0,0.0,0.0,0.0,0.014115450493991375,0.0,0.0,0.0,0.0,0.0,0.0,0.0,0.0,0.0,0.0,0.0,0.0,0.0,0.0,0.0,0.0,0.0,0.0,0.0,0.0,0.0,0.0,0.0,0.0,0.0,0.0,0.0,0.0,0.0,0.0,0.0,0.0,0.0,0.0,0.0,0.0,0.0,0.0,0.0,-0.006912294030189514,0.0,0.0,0.0,0.0,0.0,0.0,0.0,0.0,0.0,0.0,0.0,0.0,0.0,0.0,0.014343023300170898,0.0,0.0,0.0,0.0,-0.052616388462483885,-0.03540995486080647,0.0,0.0,0.0,0.0,0.0,-0.01332298681139946,0.13149250522255898,0.0,0.0,0.17014264732599257,0.0,-0.08684451594948768,0.0,-0.042830716706812384,0.0,2.0,2.0
Cd81,0.18451225474476815,0.0,0.0,0.0,0.0,0.0,0.0,0.0,0.0,0.0,0.006663668155670166,0.0,0.0,0.006844860166311264,0.0,0.03362834006547928,0.0,0.0,0.0,0.0,0.0,0.0,0.0,0.0,0.0,0.0,0.0,0.05064064092934131,0.0,0.0,0.0,0.0,0.0,0.0,0.0,0.0,0.0,0.0,0.0,0.0,0.0,0.0,0.0,0.0,0.0,0.0,0.0,0.0,0.0,0.0,0.0,0.0,0.0,0.0,0.0,0.0,0.0,0.0,0.0,0.0,0.0,0.0,0.0,0.0,0.0,0.0,0.0,0.002764917612075806,0.0,0.0,0.0,0.0,0.0,0.0,0.0,0.0,0.0,0.0,0.0,0.0,0.0,0.0,0.034961119294166565,0.0,0.0,0.0,0.0,0.07478446260094643,-0.02531198976561427,0.0,0.0,0.0,0.0,0.0,0.03539726048707962,0.07490689352154732,0.0,0.0,-0.036151502057909964,0.0,0.0640416918694973,0.0,-0.042830716706812384,0.0,0.0,1.0
Manf,-0.2867769293487072,0.0,0.0,0.0,0.0,0.0,0.0,0.0,0.0,0.0,0.006663668155670166,0.0,0.0,0.006844860166311264,0.0,0.03362834006547928,0.0,0.0,0.0,0.0,0.0,0.0,0.0,0.0,0.0,0.0,0.0,0.014115450493991375,0.0,0.0,0.0,0.0,0.0,0.0,0.0,0.0,0.0,0.0,0.0,0.0,0.0,0.0,0.0,0.0,0.0,0.0,0.0,0.0,0.0,0.0,0.0,0.0,0.0,0.0,0.0,0.0,0.0,0.0,0.0,0.0,0.0,0.0,0.0,0.0,0.0,0.0,0.0,-0.006912294030189514,0.0,0.0,0.0,0.0,0.0,0.0,0.0,0.0,0.0,0.0,0.0,0.0,0.0,0.0,0.034961119294166565,0.0,0.0,0.0,0.0,0.07478446260094643,-0.021626436486840248,0.0,0.0,0.0,0.0,0.0,-0.019927231818437575,0.07490689352154732,0.0,0.0,-0.036151502057909964,0.0,0.0640416918694973,0.0,-0.042830716706812384,0.0,0.0,1.0
Ppp2r3a,-0.2731126044690609,0.0,0.0,0.0,0.0,0.0,0.0,0.0,0.0,0.0,0.006663668155670166,0.0,0.0,0.006844860166311264,0.0,0.010847851634025574,0.0,0.0,0.0,0.0,0.0,0.0,0.0,0.0,0.0,0.0,0.0,0.014115450493991375,0.0,0.0,0.0,0.0,0.0,0.0,0.0,0.0,0.0,0.0,0.0,0.0,0.0,0.0,0.0,0.0,0.0,0.0,0.0,0.0,0.0,0.0,0.0,0.0,0.0,0.0,0.0,0.0,0.0,0.0,0.0,0.0,0.0,0.0,0.0,0.0,0.0,0.0,0.0,0.002764917612075806,0.0,0.0,0.0,0.0,0.0,0.0,0.0,0.0,0.0,0.0,0.0,0.0,0.0,0.0,0.034961119294166565,0.0,0.0,0.0,0.0,-0.10052066251635551,-0.06148668944835663,0.0,0.0,0.0,0.0,0.0,-0.019927231818437575,-0.12114666283130646,0.0,0.0,-0.036151502057909964,0.0,0.0640416918694973,0.0,-0.042830716706812384,0.0,2.0,2.0
Arap2,-0.25659388944506645,0.0,0.0,0.0,0.0,0.0,0.0,0.0,0.0,0.0,0.006663668155670166,0.0,0.0,0.006844860166311264,0.0,0.010847851634025574,0.0,0.0,0.0,0.0,0.0,0.0,0.0,0.0,0.0,0.0,0.0,0.014115450493991375,0.0,0.0,0.0,0.0,0.0,0.0,0.0,0.0,0.0,0.0,0.0,0.0,0.0,0.0,0.0,0.0,0.0,0.0,0.0,0.0,0.0,0.0,0.0,0.0,0.0,0.0,0.0,0.0,0.0,0.0,0.0,0.0,0.0,0.0,0.0,0.0,0.0,0.0,0.0,0.002764917612075806,0.0,0.0,0.0,0.0,0.0,0.0,0.0,0.0,0.0,0.0,0.0,0.0,0.0,0.0,0.014343023300170898,0.0,0.0,0.0,0.0,0.07478446260094643,-0.06148668944835663,0.0,0.0,0.0,0.0,0.0,-0.019927231818437575,-0.12114666283130646,0.0,0.0,-0.036151502057909964,0.0,-0.08684451594948768,0.0,-0.042830716706812384,0.0,2.0,2.0
Nfib,0.5384841293096543,0.0,0.0,0.0,0.0,0.0,0.0,0.0,0.0,0.0,-0.12335078090429306,0.0,0.0,-0.10951776266098022,0.0,0.010847851634025574,0.0,0.0,0.0,0.0,0.0,0.0,0.0,0.0,0.0,0.0,0.0,0.014115450493991375,0.0,0.0,0.0,0.0,0.0,0.0,0.0,0.0,0.0,0.0,0.0,0.0,0.0,0.0,0.0,0.0,0.0,0.0,0.0,0.0,0.0,0.0,0.0,0.0,0.0,0.0,0.0,0.0,0.0,0.0,0.0,0.0,0.0,0.0,0.0,0.0,0.0,0.0,0.0,-0.006912294030189514,0.0,0.0,0.0,0.0,0.0,0.0,0.0,0.0,0.0,0.0,0.0,0.0,0.0,0.0,-0.03854687511920929,0.0,0.0,0.0,0.0,-0.052616388462483885,-0.03540995486080647,0.0,0.0,0.0,0.0,0.0,-0.01332298681139946,0.13149250522255898,0.0,0.0,0.17014264732599257,0.0,-0.0339546175301075,0.0,0.08167294304817915,0.0,2.0,2.0
9930021J03Rik,-0.27207300648093224,0.0,0.0,0.0,0.0,0.0,0.0,0.0,0.0,0.0,-0.011093835085630417,0.0,0.0,0.006844860166311264,0.0,0.010847851634025574,0.0,0.0,0.0,0.0,0.0,0.0,0.0,0.0,0.0,0.0,0.0,0.014115450493991375,0.0,0.0,0.0,0.0,0.0,0.0,0.0,0.0,0.0,0.0,0.0,0.0,0.0,0.0,0.0,0.0,0.0,0.0,0.0,0.0,0.0,0.0,0.0,0.0,0.0,0.0,0.0,0.0,0.0,0.0,0.0,0.0,0.0,0.0,0.0,0.0,0.0,0.0,0.0,-0.006912294030189514,0.0,0.0,0.0,0.0,0.0,0.0,0.0,0.0,0.0,0.0,0.0,0.0,0.0,0.0,0.014343023300170898,0.0,0.0,0.0,0.0,0.07478446260094643,-0.021626436486840248,0.0,0.0,0.0,0.0,0.0,-0.02189965233206749,-0.12114666283130646,0.0,0.0,-0.031125502903014423,0.0,-0.08684451594948768,0.0,-0.042830716706812384,0.0,2.0,2.0
Rps16,0.695656172633171,0.0,0.0,0.0,0.0,0.0,0.0,0.0,0.0,0.0,0.006663668155670166,0.0,0.0,0.006844860166311264,0.0,0.03362834006547928,0.0,0.0,0.0,0.0,0.0,0.0,0.0,0.0,0.0,0.0,0.0,-0.011727418750524521,0.0,0.0,0.0,0.0,0.0,0.0,0.0,0.0,0.0,0.0,0.0,0.0,0.0,0.0,0.0,0.0,0.0,0.0,0.0,0.0,0.0,0.0,0.0,0.0,0.0,0.0,0.0,0.0,0.0,0.0,0.0,0.0,0.0,0.0,0.0,0.0,0.0,0.0,0.0,-0.09124228119850158,0.0,0.0,0.0,0.0,0.0,0.0,0.0,0.0,0.0,0.0,0.0,0.0,0.0,0.0,0.034961119294166565,0.0,0.0,0.0,0.0,0.07478446260094643,-0.02531198976561427,0.0,0.0,0.0,0.0,0.0,-0.008204853683710099,0.07490689352154732,0.0,0.0,-0.036151502057909964,0.0,0.0640416918694973,0.0,-0.021016403548419476,0.0,0.0,0.0
Gm16759,-0.2394699777662754,0.0,0.0,0.0,0.0,0.0,0.0,0.0,0.0,0.0,0.006663668155670166,0.0,0.0,0.006844860166311264,0.0,0.010847851634025574,0.0,0.0,0.0,0.0,0.0,0.0,0.0,0.0,0.0,0.0,0.0,0.009045844310894608,0.0,0.0,0.0,0.0,0.0,0.0,0.0,0.0,0.0,0.0,0.0,0.0,0.0,0.0,0.0,0.0,0.0,0.0,0.0,0.0,0.0,0.0,0.0,0.0,0.0,0.0,0.0,0.0,0.0,0.0,0.0,0.0,0.0,0.0,0.0,0.0,0.0,0.0,0.0,-0.006912294030189514,0.0,0.0,0.0,0.0,0.0,0.0,0.0,0.0,0.0,0.0,0.0,0.0,0.0,0.0,0.034961119294166565,0.0,0.0,0.0,0.0,-0.10052066251635551,-0.06148668944835663,0.0,0.0,0.0,0.0,0.0,-0.03882303938269615,-0.12114666283130646,0.0,0.0,-0.036151502057909964,0.0,0.0640416918694973,0.0,-0.042830716706812384,0.0,2.0,2.0
Camk2a,-0.2890074409544468,0.0,0.0,0.0,0.0,0.0,0.0,0.0,0.0,0.0,0.006663668155670166,0.0,0.0,0.006844860166311264,0.0,0.010847851634025574,0.0,0.0,0.0,0.0,0.0,0.0,0.0,0.0,0.0,0.0,0.0,0.009045844310894608,0.0,0.0,0.0,0.0,0.0,0.0,0.0,0.0,0.0,0.0,0.0,0.0,0.0,0.0,0.0,0.0,0.0,0.0,0.0,0.0,0.0,0.0,0.0,0.0,0.0,0.0,0.0,0.0,0.0,0.0,0.0,0.0,0.0,0.0,0.0,0.0,0.0,0.0,0.0,0.002764917612075806,0.0,0.0,0.0,0.0,0.0,0.0,0.0,0.0,0.0,0.0,0.0,0.0,0.0,0.0,0.034961119294166565,0.0,0.0,0.0,0.0,-0.10052066251635551,-0.021626436486840248,0.0,0.0,0.0,0.0,0.0,-0.03882303938269615,-0.12114666283130646,0.0,0.0,-0.036151502057909964,0.0,0.0640416918694973,0.0,-0.042830716706812384,0.0,0.0,1.0
Ttyh2,-0.2793302293121815,0.0,0.0,0.0,0.0,0.0,0.0,0.0,0.0,0.0,0.006663668155670166,0.0,0.0,0.006844860166311264,0.0,0.010847851634025574,0.0,0.0,0.0,0.0,0.0,0.0,0.0,0.0,0.0,0.0,0.0,0.009045844310894608,0.0,0.0,0.0,0.0,0.0,0.0,0.0,0.0,0.0,0.0,0.0,0.0,0.0,0.0,0.0,0.0,0.0,0.0,0.0,0.0,0.0,0.0,0.0,0.0,0.0,0.0,0.0,0.0,0.0,0.0,0.0,0.0,0.0,0.0,0.0,0.0,0.0,0.0,0.0,-0.006912294030189514,0.0,0.0,0.0,0.0,0.0,0.0,0.0,0.0,0.0,0.0,0.0,0.0,0.0,0.0,0.034961119294166565,0.0,0.0,0.0,0.0,-0.10052066251635551,-0.021626436486840248,0.0,0.0,0.0,0.0,0.0,-0.03882303938269615,-0.12114666283130646,0.0,0.0,-0.036151502057909964,0.0,0.0640416918694973,0.0,-0.042830716706812384,0.0,2.0,2.0
Scd2,0.1679935397207737,0.0,0.0,0.0,0.0,0.0,0.0,0.0,0.0,0.0,0.006663668155670166,0.0,0.0,0.006844860166311264,0.0,0.03362834006547928,0.0,0.0,0.0,0.0,0.0,0.0,0.0,0.0,0.0,0.0,0.0,0.05064064092934131,0.0,0.0,0.0,0.0,0.0,0.0,0.0,0.0,0.0,0.0,0.0,0.0,0.0,0.0,0.0,0.0,0.0,0.0,0.0,0.0,0.0,0.0,0.0,0.0,0.0,0.0,0.0,0.0,0.0,0.0,0.0,0.0,0.0,0.0,0.0,0.0,0.0,0.0,0.0,0.002764917612075806,0.0,0.0,0.0,0.0,0.0,0.0,0.0,0.0,0.0,0.0,0.0,0.0,0.0,0.0,0.034961119294166565,0.0,0.0,0.0,0.0,-0.10052066251635551,-0.02531198976561427,0.0,0.0,0.0,0.0,0.0,0.03539726048707962,0.07490689352154732,0.0,0.0,-0.036151502057909964,0.0,0.0640416918694973,0.0,-0.042830716706812384,0.0,0.0,1.0
Grb14,-0.3309493735432625,0.0,0.0,0.0,0.0,0.0,0.0,0.0,0.0,0.0,-0.0161198341101408,0.0,0.0,-0.01711215041577816,0.0,0.010847851634025574,0.0,0.0,0.0,0.0,0.0,0.0,0.0,0.0,0.0,0.0,0.0,0.014115450493991375,0.0,0.0,0.0,0.0,0.0,0.0,0.0,0.0,0.0,0.0,0.0,0.0,0.0,0.0,0.0,0.0,0.0,0.0,0.0,0.0,0.0,0.0,0.0,0.0,0.0,0.0,0.0,0.0,0.0,0.0,0.0,0.0,0.0,0.0,0.0,0.0,0.0,0.0,0.0,-0.006912294030189514,0.0,0.0,0.0,0.0,0.0,0.0,0.0,0.0,0.0,0.0,0.0,0.0,0.0,0.0,0.014343023300170898,0.0,0.0,0.0,0.0,-0.10052066251635551,-0.021626436486840248,0.0,0.0,0.0,0.0,0.0,-0.020807042568922043,-0.12114666283130646,0.0,0.0,0.015165539979934693,0.0,-0.08684451594948768,0.0,-0.01887370727956295,0.0,2.0,2.0
Utrn,0.6560567720979452,0.0,0.0,0.0,0.0,0.0,0.0,0.0,0.0,0.0,0.05072068214416504,0.0,0.0,-0.10951776266098022,0.0,0.010847851634025574,0.0,0.0,0.0,0.0,0.0,0.0,0.0,0.0,0.0,0.0,0.0,0.014115450493991375,0.0,0.0,0.0,0.0,0.0,0.0,0.0,0.0,0.0,0.0,0.0,0.0,0.0,0.0,0.0,0.0,0.0,0.0,0.0,0.0,0.0,0.0,0.0,0.0,0.0,0.0,0.0,0.0,0.0,0.0,0.0,0.0,0.0,0.0,0.0,0.0,0.0,0.0,0.0,-0.006912294030189514,0.0,0.0,0.0,0.0,0.0,0.0,0.0,0.0,0.0,0.0,0.0,0.0,0.0,0.0,0.034961119294166565,0.0,0.0,0.0,0.0,-0.052616388462483885,-0.03540995486080647,0.0,0.0,0.0,0.0,0.0,0.0007761435210704804,0.13149250522255898,0.0,0.0,0.23220281109213828,0.0,0.0640416918694973,0.0,0.08167294304817915,0.0,2.0,0.0
Sncaip,-0.24914718940854072,0.0,0.0,0.0,0.0,0.0,0.0,0.0,0.0,0.0,0.006663668155670166,0.0,0.0,0.006844860166311264,0.0,0.010847851634025574,0.0,0.0,0.0,0.0,0.0,0.0,0.0,0.0,0.0,0.0,0.0,0.009045844310894608,0.0,0.0,0.0,0.0,0.0,0.0,0.0,0.0,0.0,0.0,0.0,0.0,0.0,0.0,0.0,0.0,0.0,0.0,0.0,0.0,0.0,0.0,0.0,0.0,0.0,0.0,0.0,0.0,0.0,0.0,0.0,0.0,0.0,0.0,0.0,0.0,0.0,0.0,0.0,0.002764917612075806,0.0,0.0,0.0,0.0,0.0,0.0,0.0,0.0,0.0,0.0,0.0,0.0,0.0,0.0,0.034961119294166565,0.0,0.0,0.0,0.0,-0.10052066251635551,-0.06148668944835663,0.0,0.0,0.0,0.0,0.0,-0.03882303938269615,-0.12114666283130646,0.0,0.0,-0.036151502057909964,0.0,0.0640416918694973,0.0,-0.042830716706812384,0.0,2.0,2.0
Txndc17,0.8794889962673187,0.0,0.0,0.0,0.0,0.0,0.14122741132974626,0.0,0.0,0.0,0.0,0.0,0.0,0.03909146599471569,0.0,-0.02206497862935066,0.0,0.0,0.007406755760312081,0.0,0.0,0.0,0.0,0.0,0.0,-0.007190687358379364,0.004144157320261002,0.0,-0.002164362668991089,0.008315885066986084,0.0,-0.07932657312601804,0.0,0.0,0.0,0.0,0.0,0.0,0.0,-0.007941698767244815,0.0,0.0,0.0,0.0,0.0,0.0,0.0,0.0,0.0,0.0,0.0,0.0,0.0,0.0,0.0,0.0,0.0,0.0,0.0,0.0,0.0,0.0,0.0,0.0,0.0,0.0,0.0,0.0,0.0,0.0,0.0,0.0,0.0,0.0,0.0,0.0,0.0,0.0,0.0,0.0,0.0,-0.020596002638339998,0.0,-0.012249762117862701,0.0,0.0,0.0,0.0,0.0,0.0,0.0,0.0,0.0,0.0,-0.08990484371781349,0.0,0.0,0.0,-0.013754648268222808,0.0,0.0,0.0,0.0,0.0,1.0,0.0
4932443L11Rik,-0.36120188258588315,0.0,0.0,0.0,0.0,0.0,-0.01607639417052269,0.0,0.0,0.0,0.0,0.0,0.0,0.04538834922015667,0.0,-0.004384308159351349,0.0,0.0,0.007406755760312081,0.0,0.0,0.0,0.0,0.0,0.0,-0.006933877095580101,0.004144157320261002,0.0,-0.005410906672477722,0.024569660425186157,0.0,0.056918509900569916,0.0,0.0,0.0,0.0,0.0,0.0,0.0,0.1255327919125557,0.0,0.0,0.0,0.0,0.0,0.0,0.0,0.0,0.0,0.0,0.0,0.0,0.0,0.0,0.0,0.0,0.0,0.0,0.0,0.0,0.0,0.0,0.0,0.0,0.0,0.0,0.0,0.0,0.0,0.0,0.0,0.0,0.0,0.0,0.0,0.0,0.0,0.0,0.0,0.0,0.0,0.22204441383481024,0.0,-0.012249762117862701,0.0,0.0,0.0,0.0,0.0,0.0,0.0,0.0,0.0,0.0,0.04384001895785332,0.0,0.0,0.0,-0.013754648268222808,0.0,0.0,0.0,0.0,0.0,1.0,1.0
Ttpal,-0.18859639219939708,0.0,0.0,0.0,0.0,0.0,-0.01607639417052269,0.0,0.0,0.0,0.0,0.0,0.0,0.025183355323970317,0.0,-0.004384308159351349,0.0,0.0,0.006485831812024116,0.0,0.0,0.0,0.0,0.0,0.0,-0.01463818497955799,-0.020720786675810815,0.0,-0.005410906672477722,0.024569660425186157,0.0,0.056918509900569916,0.0,0.0,0.0,0.0,0.0,0.0,0.0,-0.023656047135591506,0.0,0.0,0.0,0.0,0.0,0.0,0.0,0.0,0.0,0.0,0.0,0.0,0.0,0.0,0.0,0.0,0.0,0.0,0.0,0.0,0.0,0.0,0.0,0.0,0.0,0.0,0.0,0.0,0.0,0.0,0.0,0.0,0.0,0.0,0.0,0.0,0.0,0.0,0.0,0.0,0.0,-0.03576580792665482,0.0,-0.012249762117862701,0.0,0.0,0.0,0.0,0.0,0.0,0.0,0.0,0.0,0.0,-0.08990484371781349,0.0,0.0,0.0,-0.013754648268222808,0.0,0.0,0.0,0.0,0.0,1.0,1.0
Mt3,1.0201297011971473,0.0,0.0,0.0,0.0,0.0,-0.007579801231622696,0.0,0.0,0.0,0.0,0.0,0.0,0.05042056851089001,0.0,0.0804368756711483,0.0,0.0,0.007406755760312081,0.0,0.0,0.0,0.0,0.0,0.0,-0.007190687358379364,0.004144157320261002,0.0,-0.002164362668991089,0.008315885066986084,0.0,-0.07932657312601804,0.0,0.0,0.0,0.0,0.0,0.0,0.0,-0.007941698767244815,0.0,0.0,0.0,0.0,0.0,0.0,0.0,0.0,0.0,0.0,0.0,0.0,0.0,0.0,0.0,0.0,0.0,0.0,0.0,0.0,0.0,0.0,0.0,0.0,0.0,0.0,0.0,0.0,0.0,0.0,0.0,0.0,0.0,0.0,0.0,0.0,0.0,0.0,0.0,0.0,0.0,-0.020596002638339998,0.0,0.004083254039287567,0.0,0.0,0.0,0.0,0.0,0.0,0.0,0.0,0.0,0.0,0.04384001895785332,0.0,0.0,0.0,-0.02192115589976311,0.0,0.0,0.0,0.0,0.0,1.0,0.0
Flcn,-0.18568173341453076,0.0,0.0,0.0,0.0,0.0,-0.01607639417052269,0.0,0.0,0.0,0.0,0.0,0.0,0.027485664859414102,0.0,-0.12468425683677196,0.0,0.0,0.007406755760312081,0.0,0.0,0.0,0.0,0.0,0.0,-0.006933877095580101,0.004144157320261002,0.0,-0.005410906672477722,-0.05367525815963745,0.0,0.012108933851122857,0.0,0.0,0.0,0.0,0.0,0.0,0.0,0.1255327919125557,0.0,0.0,0.0,0.0,0.0,0.0,0.0,0.0,0.0,0.0,0.0,0.0,0.0,0.0,0.0,0.0,0.0,0.0,0.0,0.0,0.0,0.0,0.0,0.0,0.0,0.0,0.0,0.0,0.0,0.0,0.0,0.0,0.0,0.0,0.0,0.0,0.0,0.0,0.0,0.0,0.0,-0.03576580792665482,0.0,-0.012249762117862701,0.0,0.0,0.0,0.0,0.0,0.0,0.0,0.0,0.0,0.0,-0.08990484371781349,0.0,0.0,0.0,-0.013754648268222808,0.0,0.0,0.0,0.0,0.0,1.0,1.0
Nipal2,-0.4341397048905492,0.0,0.0,0.0,0.0,0.0,-0.01607639417052269,0.0,0.0,0.0,0.0,0.0,0.0,0.038814767375588415,0.0,0.0804368756711483,0.0,0.0,0.007406755760312081,0.0,0.0,0.0,0.0,0.0,0.0,0.04417136520147324,0.004144157320261002,0.0,-0.005410906672477722,0.008315885066986084,0.0,-0.07932657312601804,0.0,0.0,0.0,0.0,0.0,0.0,0.0,0.06800729762762785,0.0,0.0,0.0,0.0,0.0,0.0,0.0,0.0,0.0,0.0,0.0,0.0,0.0,0.0,0.0,0.0,0.0,0.0,0.0,0.0,0.0,0.0,0.0,0.0,0.0,0.0,0.0,0.0,0.0,0.0,0.0,0.0,0.0,0.0,0.0,0.0,0.0,0.0,0.0,0.0,0.0,-0.04443018458783626,0.0,0.004083254039287567,0.0,0.0,0.0,0.0,0.0,0.0,0.0,0.0,0.0,0.0,0.04384001895785332,0.0,0.0,0.0,-0.02192115589976311,0.0,0.0,0.0,0.0,0.0,1.0,2.0
Rplp2,0.9597526554018259,0.0,0.0,0.0,0.0,0.0,-0.007579801231622696,0.0,0.0,0.0,0.0,0.0,0.0,0.05042056851089001,0.0,-0.02206497862935066,0.0,0.0,0.007406755760312081,0.0,0.0,0.0,0.0,0.0,0.0,-0.004622584730386734,0.004144157320261002,0.0,-0.002164362668991089,0.008315885066986084,0.0,-0.07932657312601804,0.0,0.0,0.0,0.0,0.0,0.0,0.0,0.049867250807583335,0.0,0.0,0.0,0.0,0.0,0.0,0.0,0.0,0.0,0.0,0.0,0.0,0.0,0.0,0.0,0.0,0.0,0.0,0.0,0.0,0.0,0.0,0.0,0.0,0.0,0.0,0.0,0.0,0.0,0.0,0.0,0.0,0.0,0.0,0.0,0.0,0.0,0.0,0.0,0.0,0.0,-0.020596002638339998,0.0,0.004083254039287567,0.0,0.0,0.0,0.0,0.0,0.0,0.0,0.0,0.0,0.0,0.04384001895785332,0.0,0.0,0.0,-0.02192115589976311,0.0,0.0,0.0,0.0,0.0,1.0,0.0
Ppwd1,-0.3986752051115036,0.0,0.0,0.0,0.0,0.0,-0.01607639417052269,0.0,0.0,0.0,0.0,0.0,0.0,0.012568437606096267,0.0,-0.1385440455377102,0.0,0.0,0.006025369837880134,0.0,0.0,0.0,0.0,0.0,0.0,-0.01463818497955799,0.0027627716213464736,0.0,0.1753133761882782,0.005291926860809326,0.0,-0.032998467478901145,0.0,0.0,0.0,0.0,0.0,0.0,0.0,-0.023656047135591506,0.0,0.0,0.0,0.0,0.0,0.0,0.0,0.0,0.0,0.0,0.0,0.0,0.0,0.0,0.0,0.0,0.0,0.0,0.0,0.0,0.0,0.0,0.0,0.0,0.0,0.0,0.0,0.0,0.0,0.0,0.0,0.0,0.0,0.0,0.0,0.0,0.0,0.0,0.0,0.0,0.0,-0.04443018458783626,0.0,-0.012249762117862701,0.0,0.0,0.0,0.0,0.0,0.0,0.0,0.0,0.0,0.0,0.04384001895785332,0.0,0.0,0.0,-0.013754648268222808,0.0,0.0,0.0,0.0,0.0,1.0,1.0
Ptpn14,-0.47538926750421523,0.0,0.0,0.0,0.0,0.0,-0.01607639417052269,0.0,0.0,0.0,0.0,0.0,0.0,0.038814767375588415,0.0,0.0804368756711483,0.0,0.0,0.007406755760312081,0.0,0.0,0.0,0.0,0.0,0.0,-0.006933877095580101,0.004144157320261002,0.0,-0.005410906672477722,0.008315885066986084,0.0,-0.07932657312601804,0.0,0.0,0.0,0.0,0.0,0.0,0.0,0.1255327919125557,0.0,0.0,0.0,0.0,0.0,0.0,0.0,0.0,0.0,0.0,0.0,0.0,0.0,0.0,0.0,0.0,0.0,0.0,0.0,0.0,0.0,0.0,0.0,0.0,0.0,0.0,0.0,0.0,0.0,0.0,0.0,0.0,0.0,0.0,0.0,0.0,0.0,0.0,0.0,0.0,0.0,-0.04443018458783626,0.0,0.0066352876648306846,0.0,0.0,0.0,0.0,0.0,0.0,0.0,0.0,0.0,0.0,0.04384001895785332,0.0,0.0,0.0,0.0103561158105731,0.0,0.0,0.0,0.0,0.0,1.0,2.0
Uqcr11,1.0563843862712383,0.0,0.0,0.0,0.0,0.0,-0.007579801231622696,0.0,0.0,0.0,0.0,0.0,0.0,0.03678915645927191,0.0,0.0804368756711483,0.0,0.0,0.006485831812024116,0.0,0.0,0.0,0.0,0.0,0.0,-0.007190687358379364,-0.020720786675810815,0.0,-0.002164362668991089,0.008315885066986084,0.0,-0.07932657312601804,0.0,0.0,0.0,0.0,0.0,0.0,0.0,-0.007941698767244815,0.0,0.0,0.0,0.0,0.0,0.0,0.0,0.0,0.0,0.0,0.0,0.0,0.0,0.0,0.0,0.0,0.0,0.0,0.0,0.0,0.0,0.0,0.0,0.0,0.0,0.0,0.0,0.0,0.0,0.0,0.0,0.0,0.0,0.0,0.0,0.0,0.0,0.0,0.0,0.0,0.0,-0.020596002638339998,0.0,-0.012249762117862701,0.0,0.0,0.0,0.0,0.0,0.0,0.0,0.0,0.0,0.0,-0.08990484371781349,0.0,0.0,0.0,-0.013754648268222808,0.0,0.0,0.0,0.0,0.0,1.0,0.0
Plxna3,-0.18859639219939708,0.0,0.0,0.0,0.0,0.0,-0.01607639417052269,0.0,0.0,0.0,0.0,0.0,0.0,0.03651245784014463,0.0,-0.004384308159351349,0.0,0.0,0.006485831812024116,0.0,0.0,0.0,0.0,0.0,0.0,-0.01463818497955799,-0.020720786675810815,0.0,-0.005410906672477722,0.024569660425186157,0.0,0.056918509900569916,0.0,0.0,0.0,0.0,0.0,0.0,0.0,-0.023656047135591506,0.0,0.0,0.0,0.0,0.0,0.0,0.0,0.0,0.0,0.0,0.0,0.0,0.0,0.0,0.0,0.0,0.0,0.0,0.0,0.0,0.0,0.0,0.0,0.0,0.0,0.0,0.0,0.0,0.0,0.0,0.0,0.0,0.0,0.0,0.0,0.0,0.0,0.0,0.0,0.0,0.0,-0.03576580792665482,0.0,-0.012249762117862701,0.0,0.0,0.0,0.0,0.0,0.0,0.0,0.0,0.0,0.0,0.04384001895785332,0.0,0.0,0.0,-0.013754648268222808,0.0,0.0,0.0,0.0,0.0,1.0,1.0
Ddx18,-0.19676290087401868,0.0,0.0,0.0,0.0,0.0,-0.01607639417052269,0.0,0.0,0.0,0.0,0.0,0.0,0.03651245784014463,0.0,-0.004384308159351349,0.0,0.0,0.006485831812024116,0.0,0.0,0.0,0.0,0.0,0.0,-0.01463818497955799,-0.020720786675810815,0.0,-0.005410906672477722,0.024569660425186157,0.0,0.056918509900569916,0.0,0.0,0.0,0.0,0.0,0.0,0.0,-0.023656047135591506,0.0,0.0,0.0,0.0,0.0,0.0,0.0,0.0,0.0,0.0,0.0,0.0,0.0,0.0,0.0,0.0,0.0,0.0,0.0,0.0,0.0,0.0,0.0,0.0,0.0,0.0,0.0,0.0,0.0,0.0,0.0,0.0,0.0,0.0,0.0,0.0,0.0,0.0,0.0,0.0,0.0,-0.03576580792665482,0.0,0.004083254039287567,0.0,0.0,0.0,0.0,0.0,0.0,0.0,0.0,0.0,0.0,0.04384001895785332,0.0,0.0,0.0,-0.02192115589976311,0.0,0.0,0.0,0.0,0.0,1.0,1.0
Cnot10,-0.44826922997832297,0.0,0.0,0.0,0.0,0.0,0.06047571383416653,0.0,0.0,0.0,0.0,0.0,0.0,0.038814767375588415,0.0,-0.004384308159351349,0.0,0.0,0.007406755760312081,0.0,0.0,0.0,0.0,0.0,0.0,-0.01463818497955799,0.004144157320261002,0.0,-0.005410906672477722,0.024569660425186157,0.0,0.056918509900569916,0.0,0.0,0.0,0.0,0.0,0.0,0.0,-0.023656047135591506,0.0,0.0,0.0,0.0,0.0,0.0,0.0,0.0,0.0,0.0,0.0,0.0,0.0,0.0,0.0,0.0,0.0,0.0,0.0,0.0,0.0,0.0,0.0,0.0,0.0,0.0,0.0,0.0,0.0,0.0,0.0,0.0,0.0,0.0,0.0,0.0,0.0,0.0,0.0,0.0,0.0,-0.04443018458783626,0.0,-0.012249762117862701,0.0,0.0,0.0,0.0,0.0,0.0,0.0,0.0,0.0,0.0,0.04384001895785332,0.0,0.0,0.0,-0.013754648268222808,0.0,0.0,0.0,0.0,0.0,1.0,1.0
Pgbd5,-0.38834617391228676,0.0,0.0,0.0,0.0,0.0,-0.01607639417052269,0.0,0.0,0.0,0.0,0.0,0.0,0.023801969438791273,0.0,0.0804368756711483,0.0,0.0,-0.04692257359623909,0.0,0.0,0.0,0.0,0.0,0.0,-0.01463818497955799,-0.012892934232950211,0.0,-0.005410906672477722,0.008315885066986084,0.0,-0.07932657312601804,0.0,0.0,0.0,0.0,0.0,0.0,0.0,-0.023656047135591506,0.0,0.0,0.0,0.0,0.0,0.0,0.0,0.0,0.0,0.0,0.0,0.0,0.0,0.0,0.0,0.0,0.0,0.0,0.0,0.0,0.0,0.0,0.0,0.0,0.0,0.0,0.0,0.0,0.0,0.0,0.0,0.0,0.0,0.0,0.0,0.0,0.0,0.0,0.0,0.0,0.0,-0.04443018458783626,0.0,-0.012249762117862701,0.0,0.0,0.0,0.0,0.0,0.0,0.0,0.0,0.0,0.0,-0.08990484371781349,0.0,0.0,0.0,-0.013754648268222808,0.0,0.0,0.0,0.0,0.0,1.0,2.0
Ncl,-0.2166845700889826,0.0,0.0,0.0,0.0,0.0,-0.01607639417052269,0.0,0.0,0.0,0.0,0.0,0.0,0.038814767375588415,0.0,-0.1385440455377102,0.0,0.0,0.007406755760312081,0.0,0.0,0.0,0.0,0.0,0.0,-0.01463818497955799,0.004144157320261002,0.0,-0.005410906672477722,0.005291926860809326,0.0,-0.032998467478901145,0.0,0.0,0.0,0.0,0.0,0.0,0.0,-0.023656047135591506,0.0,0.0,0.0,0.0,0.0,0.0,0.0,0.0,0.0,0.0,0.0,0.0,0.0,0.0,0.0,0.0,0.0,0.0,0.0,0.0,0.0,0.0,0.0,0.0,0.0,0.0,0.0,0.0,0.0,0.0,0.0,0.0,0.0,0.0,0.0,0.0,0.0,0.0,0.0,0.0,0.0,-0.03576580792665482,0.0,-0.012249762117862701,0.0,0.0,0.0,0.0,0.0,0.0,0.0,0.0,0.0,0.0,0.04384001895785332,0.0,0.0,0.0,-0.013754648268222808,0.0,0.0,0.0,0.0,0.0,1.0,1.0
Cpne7,-0.18742798399180174,0.0,0.0,0.0,0.0,0.0,-0.01607639417052269,0.0,0.0,0.0,0.0,0.0,0.0,0.027485664859414102,0.0,-0.19990521669387817,0.0,0.0,0.007406755760312081,0.0,0.0,0.0,0.0,0.0,0.0,0.04417136520147324,0.004144157320261002,0.0,-0.005410906672477722,0.009449869394302368,0.0,0.024204766675829888,0.0,0.0,0.0,0.0,0.0,0.0,0.0,0.06800729762762785,0.0,0.0,0.0,0.0,0.0,0.0,0.0,0.0,0.0,0.0,0.0,0.0,0.0,0.0,0.0,0.0,0.0,0.0,0.0,0.0,0.0,0.0,0.0,0.0,0.0,0.0,0.0,0.0,0.0,0.0,0.0,0.0,0.0,0.0,0.0,0.0,0.0,0.0,0.0,0.0,0.0,-0.03576580792665482,0.0,0.004083254039287567,0.0,0.0,0.0,0.0,0.0,0.0,0.0,0.0,0.0,0.0,-0.08990484371781349,0.0,0.0,0.0,-0.02192115589976311,0.0,0.0,0.0,0.0,0.0,1.0,1.0
Lrrc29,-0.18859639219939708,0.0,0.0,0.0,0.0,0.0,-0.01607639417052269,0.0,0.0,0.0,0.0,0.0,0.0,0.025183355323970317,0.0,0.07581585444509983,0.0,0.0,0.006485831812024116,0.0,0.0,0.0,0.0,0.0,0.0,-0.01463818497955799,-0.020720786675810815,0.0,-0.005410906672477722,-0.1360781192779541,0.0,0.013071114681661129,0.0,0.0,0.0,0.0,0.0,0.0,0.0,-0.023656047135591506,0.0,0.0,0.0,0.0,0.0,0.0,0.0,0.0,0.0,0.0,0.0,0.0,0.0,0.0,0.0,0.0,0.0,0.0,0.0,0.0,0.0,0.0,0.0,0.0,0.0,0.0,0.0,0.0,0.0,0.0,0.0,0.0,0.0,0.0,0.0,0.0,0.0,0.0,0.0,0.0,0.0,-0.03576580792665482,0.0,-0.012249762117862701,0.0,0.0,0.0,0.0,0.0,0.0,0.0,0.0,0.0,0.0,-0.08990484371781349,0.0,0.0,0.0,-0.013754648268222808,0.0,0.0,0.0,0.0,0.0,1.0,1.0
Dcaf6,-0.47538926750421523,0.0,0.0,0.0,0.0,0.0,-0.01607639417052269,0.0,0.0,0.0,0.0,0.0,0.0,0.038814767375588415,0.0,-0.1385440455377102,0.0,0.0,0.007406755760312081,0.0,0.0,0.0,0.0,0.0,0.0,-0.006933877095580101,0.004144157320261002,0.0,-0.005410906672477722,0.005291926860809326,0.0,-0.032998467478901145,0.0,0.0,0.0,0.0,0.0,0.0,0.0,0.1255327919125557,0.0,0.0,0.0,0.0,0.0,0.0,0.0,0.0,0.0,0.0,0.0,0.0,0.0,0.0,0.0,0.0,0.0,0.0,0.0,0.0,0.0,0.0,0.0,0.0,0.0,0.0,0.0,0.0,0.0,0.0,0.0,0.0,0.0,0.0,0.0,0.0,0.0,0.0,0.0,0.0,0.0,-0.04443018458783626,0.0,0.0066352876648306846,0.0,0.0,0.0,0.0,0.0,0.0,0.0,0.0,0.0,0.0,0.04384001895785332,0.0,0.0,0.0,0.0103561158105731,0.0,0.0,0.0,0.0,0.0,2.0,2.0
Ppfibp2,-0.4048009981215,0.0,0.0,0.0,0.0,0.0,-0.01607639417052269,0.0,0.0,0.0,0.0,0.0,0.0,0.03605199590325356,0.0,-0.1385440455377102,0.0,0.0,-0.05521088913083076,0.0,0.0,0.0,0.0,0.0,0.0,-0.01463818497955799,0.0027627716213464736,0.0,-0.005410906672477722,0.005291926860809326,0.0,-0.032998467478901145,0.0,0.0,0.0,0.0,0.0,0.0,0.0,-0.023656047135591506,0.0,0.0,0.0,0.0,0.0,0.0,0.0,0.0,0.0,0.0,0.0,0.0,0.0,0.0,0.0,0.0,0.0,0.0,0.0,0.0,0.0,0.0,0.0,0.0,0.0,0.0,0.0,0.0,0.0,0.0,0.0,0.0,0.0,0.0,0.0,0.0,0.0,0.0,0.0,0.0,0.0,-0.04443018458783626,0.0,0.004083254039287567,0.0,0.0,0.0,0.0,0.0,0.0,0.0,0.0,0.0,0.0,0.04384001895785332,0.0,0.0,0.0,-0.02192115589976311,0.0,0.0,0.0,0.0,0.0,2.0,2.0
Tpk1,0.7666705644875765,0.0,0.0,0.0,0.0,0.0,-0.007579801231622696,0.0,0.0,0.0,0.0,0.0,0.0,0.07153020866215229,0.0,-0.02206497862935066,0.0,0.0,0.05019630782306194,0.0,0.0,0.0,0.0,0.0,0.0,-0.007190687358379364,0.035225337371230125,0.0,-0.002164362668991089,0.008315885066986084,0.0,-0.07932657312601804,0.0,0.0,0.0,0.0,0.0,0.0,0.0,-0.007941698767244815,0.0,0.0,0.0,0.0,0.0,0.0,0.0,0.0,0.0,0.0,0.0,0.0,0.0,0.0,0.0,0.0,0.0,0.0,0.0,0.0,0.0,0.0,0.0,0.0,0.0,0.0,0.0,0.0,0.0,0.0,0.0,0.0,0.0,0.0,0.0,0.0,0.0,0.0,0.0,0.0,0.0,-0.020596002638339998,0.0,0.0683945045620203,0.0,0.0,0.0,0.0,0.0,0.0,0.0,0.0,0.0,0.0,0.04384001895785332,0.0,0.0,0.0,0.1049180642515421,0.0,0.0,0.0,0.0,0.0,2.0,0.0
Arl6ip1,-0.22485107876360416,0.0,0.0,0.0,0.0,0.0,-0.01607639417052269,0.0,0.0,0.0,0.0,0.0,0.0,0.038814767375588415,0.0,0.0804368756711483,0.0,0.0,0.007406755760312081,0.0,0.0,0.0,0.0,0.0,0.0,-0.01463818497955799,0.004144157320261002,0.0,-0.005410906672477722,0.008315885066986084,0.0,-0.07932657312601804,0.0,0.0,0.0,0.0,0.0,0.0,0.0,-0.023656047135591506,0.0,0.0,0.0,0.0,0.0,0.0,0.0,0.0,0.0,0.0,0.0,0.0,0.0,0.0,0.0,0.0,0.0,0.0,0.0,0.0,0.0,0.0,0.0,0.0,0.0,0.0,0.0,0.0,0.0,0.0,0.0,0.0,0.0,0.0,0.0,0.0,0.0,0.0,0.0,0.0,0.0,-0.03576580792665482,0.0,0.004083254039287567,0.0,0.0,0.0,0.0,0.0,0.0,0.0,0.0,0.0,0.0,0.04384001895785332,0.0,0.0,0.0,-0.02192115589976311,0.0,0.0,0.0,0.0,0.0,0.0,1.0
Hs3st4,0.7666705644875765,0.0,0.0,0.0,0.0,0.0,-0.007579801231622696,0.0,0.0,0.0,0.0,0.0,0.0,0.07153020866215229,0.0,0.0804368756711483,0.0,0.0,0.05019630782306194,0.0,0.0,0.0,0.0,0.0,0.0,-0.007190687358379364,0.035225337371230125,0.0,-0.002164362668991089,0.008315885066986084,0.0,-0.07932657312601804,0.0,0.0,0.0,0.0,0.0,0.0,0.0,-0.007941698767244815,0.0,0.0,0.0,0.0,0.0,0.0,0.0,0.0,0.0,0.0,0.0,0.0,0.0,0.0,0.0,0.0,0.0,0.0,0.0,0.0,0.0,0.0,0.0,0.0,0.0,0.0,0.0,0.0,0.0,0.0,0.0,0.0,0.0,0.0,0.0,0.0,0.0,0.0,0.0,0.0,0.0,-0.020596002638339998,0.0,0.0683945045620203,0.0,0.0,0.0,0.0,0.0,0.0,0.0,0.0,0.0,0.0,0.04384001895785332,0.0,0.0,0.0,0.1049180642515421,0.0,0.0,0.0,0.0,0.0,0.0,0.0
Bcl2,-0.407985083758831,0.0,0.0,0.0,0.0,0.0,-0.01607639417052269,0.0,0.0,0.0,0.0,0.0,0.0,0.03605199590325356,0.0,-0.1385440455377102,0.0,0.0,-0.05521088913083076,0.0,0.0,0.0,0.0,0.0,0.0,-0.01463818497955799,0.0027627716213464736,0.0,-0.005410906672477722,0.005291926860809326,0.0,-0.032998467478901145,0.0,0.0,0.0,0.0,0.0,0.0,0.0,-0.023656047135591506,0.0,0.0,0.0,0.0,0.0,0.0,0.0,0.0,0.0,0.0,0.0,0.0,0.0,0.0,0.0,0.0,0.0,0.0,0.0,0.0,0.0,0.0,0.0,0.0,0.0,0.0,0.0,0.0,0.0,0.0,0.0,0.0,0.0,0.0,0.0,0.0,0.0,0.0,0.0,0.0,0.0,-0.04443018458783626,0.0,-0.02143708325922489,0.0,0.0,0.0,0.0,0.0,0.0,0.0,0.0,0.0,0.0,0.04384001895785332,0.0,0.0,0.0,0.006783268749713898,0.0,0.0,0.0,0.0,0.0,2.0,2.0
Arhgef12,-0.43530811309814454,0.0,0.0,0.0,0.0,0.0,-0.01607639417052269,0.0,0.0,0.0,0.0,0.0,0.0,0.025183355323970317,0.0,0.09811754614114761,0.0,0.0,0.006485831812024116,0.0,0.0,0.0,0.0,0.0,0.0,-0.01463818497955799,-0.020720786675810815,0.0,-0.005410906672477722,0.024569660425186157,0.0,0.056918509900569916,0.0,0.0,0.0,0.0,0.0,0.0,0.0,-0.023656047135591506,0.0,0.0,0.0,0.0,0.0,0.0,0.0,0.0,0.0,0.0,0.0,0.0,0.0,0.0,0.0,0.0,0.0,0.0,0.0,0.0,0.0,0.0,0.0,0.0,0.0,0.0,0.0,0.0,0.0,0.0,0.0,0.0,0.0,0.0,0.0,0.0,0.0,0.0,0.0,0.0,0.0,-0.04443018458783626,0.0,-0.012249762117862701,0.0,0.0,0.0,0.0,0.0,0.0,0.0,0.0,0.0,0.0,-0.08990484371781349,0.0,0.0,0.0,-0.013754648268222808,0.0,0.0,0.0,0.0,0.0,2.0,2.0
Klhl29,0.6670446828752756,0.0,0.0,0.0,0.0,0.0,-0.007579801231622696,0.0,0.0,0.0,0.0,0.0,0.0,0.07153020866215229,0.0,0.09811754614114761,0.0,0.0,0.05019630782306194,0.0,0.0,0.0,0.0,0.0,0.0,-0.007190687358379364,0.035225337371230125,0.0,-0.002164362668991089,0.024569660425186157,0.0,0.056918509900569916,0.0,0.0,0.0,0.0,0.0,0.0,0.0,-0.007941698767244815,0.0,0.0,0.0,0.0,0.0,0.0,0.0,0.0,0.0,0.0,0.0,0.0,0.0,0.0,0.0,0.0,0.0,0.0,0.0,0.0,0.0,0.0,0.0,0.0,0.0,0.0,0.0,0.0,0.0,0.0,0.0,0.0,0.0,0.0,0.0,0.0,0.0,0.0,0.0,0.0,0.0,-0.020596002638339998,0.0,0.00969772819429636,0.0,0.0,0.0,0.0,0.0,0.0,0.0,0.0,0.0,0.0,0.04384001895785332,0.0,0.0,0.0,-0.061814398989081386,0.0,0.0,0.0,0.0,0.0,0.0,0.0
Gpc5,0.7666705644875765,0.0,0.0,0.0,0.0,0.0,-0.007579801231622696,0.0,0.0,0.0,0.0,0.0,0.0,0.07153020866215229,0.0,0.0804368756711483,0.0,0.0,0.05019630782306194,0.0,0.0,0.0,0.0,0.0,0.0,-0.007190687358379364,0.035225337371230125,0.0,-0.002164362668991089,0.008315885066986084,0.0,-0.07932657312601804,0.0,0.0,0.0,0.0,0.0,0.0,0.0,-0.007941698767244815,0.0,0.0,0.0,0.0,0.0,0.0,0.0,0.0,0.0,0.0,0.0,0.0,0.0,0.0,0.0,0.0,0.0,0.0,0.0,0.0,0.0,0.0,0.0,0.0,0.0,0.0,0.0,0.0,0.0,0.0,0.0,0.0,0.0,0.0,0.0,0.0,0.0,0.0,0.0,0.0,0.0,-0.020596002638339998,0.0,0.0683945045620203,0.0,0.0,0.0,0.0,0.0,0.0,0.0,0.0,0.0,0.0,0.04384001895785332,0.0,0.0,0.0,0.1049180642515421,0.0,0.0,0.0,0.0,0.0,2.0,0.0
Chd3,-0.4434746217727661,0.0,0.0,0.0,0.0,0.0,-0.01607639417052269,0.0,0.0,0.0,0.0,0.0,0.0,0.025183355323970317,0.0,-0.02206497862935066,0.0,0.0,0.006485831812024116,0.0,0.0,0.0,0.0,0.0,0.0,-0.01463818497955799,-0.020720786675810815,0.0,-0.005410906672477722,0.008315885066986084,0.0,-0.07932657312601804,0.0,0.0,0.0,0.0,0.0,0.0,0.0,-0.023656047135591506,0.0,0.0,0.0,0.0,0.0,0.0,0.0,0.0,0.0,0.0,0.0,0.0,0.0,0.0,0.0,0.0,0.0,0.0,0.0,0.0,0.0,0.0,0.0,0.0,0.0,0.0,0.0,0.0,0.0,0.0,0.0,0.0,0.0,0.0,0.0,0.0,0.0,0.0,0.0,0.0,0.0,-0.04443018458783626,0.0,0.004083254039287567,0.0,0.0,0.0,0.0,0.0,0.0,0.0,0.0,0.0,0.0,-0.08990484371781349,0.0,0.0,0.0,-0.02192115589976311,0.0,0.0,0.0,0.0,0.0,0.0,1.0
Fstl4,0.4448591079190373,0.0,0.0,0.0,0.0,0.0,-0.007579801231622696,0.0,0.0,0.0,0.0,0.0,0.0,0.04040124328806996,0.0,0.0804368756711483,0.0,0.0,-0.3013687132298946,0.0,0.0,0.0,0.0,0.0,0.0,-0.007190687358379364,0.012202241215854883,0.0,-0.002164362668991089,0.008315885066986084,0.0,-0.07932657312601804,0.0,0.0,0.0,0.0,0.0,0.0,0.0,-0.007941698767244815,0.0,0.0,0.0,0.0,0.0,0.0,0.0,0.0,0.0,0.0,0.0,0.0,0.0,0.0,0.0,0.0,0.0,0.0,0.0,0.0,0.0,0.0,0.0,0.0,0.0,0.0,0.0,0.0,0.0,0.0,0.0,0.0,0.0,0.0,0.0,0.0,0.0,0.0,0.0,0.0,0.0,-0.020596002638339998,0.0,0.00969772819429636,0.0,0.0,0.0,0.0,0.0,0.0,0.0,0.0,0.0,0.0,-0.08990484371781349,0.0,0.0,0.0,-0.061814398989081386,0.0,0.0,0.0,0.0,0.0,2.0,2.0
Unc5d,0.7666705644875765,0.0,0.0,0.0,0.0,0.0,-0.007579801231622696,0.0,0.0,0.0,0.0,0.0,0.0,0.07153020866215229,0.0,0.0804368756711483,0.0,0.0,0.05019630782306194,0.0,0.0,0.0,0.0,0.0,0.0,-0.007190687358379364,0.035225337371230125,0.0,-0.002164362668991089,0.008315885066986084,0.0,-0.07932657312601804,0.0,0.0,0.0,0.0,0.0,0.0,0.0,-0.007941698767244815,0.0,0.0,0.0,0.0,0.0,0.0,0.0,0.0,0.0,0.0,0.0,0.0,0.0,0.0,0.0,0.0,0.0,0.0,0.0,0.0,0.0,0.0,0.0,0.0,0.0,0.0,0.0,0.0,0.0,0.0,0.0,0.0,0.0,0.0,0.0,0.0,0.0,0.0,0.0,0.0,0.0,-0.020596002638339998,0.0,0.0683945045620203,0.0,0.0,0.0,0.0,0.0,0.0,0.0,0.0,0.0,0.0,0.04384001895785332,0.0,0.0,0.0,0.1049180642515421,0.0,0.0,0.0,0.0,0.0,0.0,0.0
Phyhipl,-0.46339629098773005,0.0,0.0,0.0,0.0,0.0,-0.01607639417052269,0.0,0.0,0.0,0.0,0.0,0.0,0.027485664859414102,0.0,-0.02206497862935066,0.0,0.0,0.007406755760312081,0.0,0.0,0.0,0.0,0.0,0.0,-0.01463818497955799,0.004144157320261002,0.0,-0.005410906672477722,0.008315885066986084,0.0,-0.07932657312601804,0.0,0.0,0.0,0.0,0.0,0.0,0.0,-0.023656047135591506,0.0,0.0,0.0,0.0,0.0,0.0,0.0,0.0,0.0,0.0,0.0,0.0,0.0,0.0,0.0,0.0,0.0,0.0,0.0,0.0,0.0,0.0,0.0,0.0,0.0,0.0,0.0,0.0,0.0,0.0,0.0,0.0,0.0,0.0,0.0,0.0,0.0,0.0,0.0,0.0,0.0,-0.04443018458783626,0.0,-0.012249762117862701,0.0,0.0,0.0,0.0,0.0,0.0,0.0,0.0,0.0,0.0,-0.08990484371781349,0.0,0.0,0.0,-0.013754648268222808,0.0,0.0,0.0,0.0,0.0,2.0,2.0
Olig1,0.9894171832501888,0.0,0.0,0.0,0.0,0.0,0.023132721185684203,0.0,0.0,0.0,0.0,0.0,0.0,0.05042056851089001,0.0,-0.004384308159351349,0.0,0.0,0.007406755760312081,0.0,0.0,0.0,0.0,0.0,0.0,-0.007190687358379364,0.004144157320261002,0.0,-0.002164362668991089,0.024569660425186157,0.0,0.056918509900569916,0.0,0.0,0.0,0.0,0.0,0.0,0.0,-0.007941698767244815,0.0,0.0,0.0,0.0,0.0,0.0,0.0,0.0,0.0,0.0,0.0,0.0,0.0,0.0,0.0,0.0,0.0,0.0,0.0,0.0,0.0,0.0,0.0,0.0,0.0,0.0,0.0,0.0,0.0,0.0,0.0,0.0,0.0,0.0,0.0,0.0,0.0,0.0,0.0,0.0,0.0,-0.020596002638339998,0.0,0.004083254039287567,0.0,0.0,0.0,0.0,0.0,0.0,0.0,0.0,0.0,0.0,0.04384001895785332,0.0,0.0,0.0,-0.02192115589976311,0.0,0.0,0.0,0.0,0.0,0.0,0.0
Sema3e,-0.2266345253586769,0.0,0.0,0.0,0.0,0.0,-0.01607639417052269,0.0,0.0,0.0,0.0,0.0,0.0,0.03605199590325356,0.0,-0.1385440455377102,0.0,0.0,-0.05521088913083076,0.0,0.0,0.0,0.0,0.0,0.0,-0.01463818497955799,0.0027627716213464736,0.0,-0.005410906672477722,0.005291926860809326,0.0,-0.032998467478901145,0.0,0.0,0.0,0.0,0.0,0.0,0.0,-0.023656047135591506,0.0,0.0,0.0,0.0,0.0,0.0,0.0,0.0,0.0,0.0,0.0,0.0,0.0,0.0,0.0,0.0,0.0,0.0,0.0,0.0,0.0,0.0,0.0,0.0,0.0,0.0,0.0,0.0,0.0,0.0,0.0,0.0,0.0,0.0,0.0,0.0,0.0,0.0,0.0,0.0,0.0,-0.03576580792665482,0.0,0.0066352876648306846,0.0,0.0,0.0,0.0,0.0,0.0,0.0,0.0,0.0,0.0,0.04384001895785332,0.0,0.0,0.0,0.0103561158105731,0.0,0.0,0.0,0.0,0.0,2.0,2.0
Gm15398,-0.4715627996623516,0.0,0.0,0.0,0.0,0.0,-0.01607639417052269,0.0,0.0,0.0,0.0,0.0,0.0,0.038814767375588415,0.0,-0.004384308159351349,0.0,0.0,0.007406755760312081,0.0,0.0,0.0,0.0,0.0,0.0,-0.01463818497955799,0.004144157320261002,0.0,-0.005410906672477722,0.024569660425186157,0.0,0.056918509900569916,0.0,0.0,0.0,0.0,0.0,0.0,0.0,-0.023656047135591506,0.0,0.0,0.0,0.0,0.0,0.0,0.0,0.0,0.0,0.0,0.0,0.0,0.0,0.0,0.0,0.0,0.0,0.0,0.0,0.0,0.0,0.0,0.0,0.0,0.0,0.0,0.0,0.0,0.0,0.0,0.0,0.0,0.0,0.0,0.0,0.0,0.0,0.0,0.0,0.0,0.0,-0.04443018458783626,0.0,0.004083254039287567,0.0,0.0,0.0,0.0,0.0,0.0,0.0,0.0,0.0,0.0,0.04384001895785332,0.0,0.0,0.0,-0.02192115589976311,0.0,0.0,0.0,0.0,0.0,0.0,2.0
Etl4,0.7666705644875765,0.0,0.0,0.0,0.0,0.0,-0.007579801231622696,0.0,0.0,0.0,0.0,0.0,0.0,0.07153020866215229,0.0,0.09811754614114761,0.0,0.0,0.05019630782306194,0.0,0.0,0.0,0.0,0.0,0.0,-0.007190687358379364,0.035225337371230125,0.0,-0.002164362668991089,0.024569660425186157,0.0,0.056918509900569916,0.0,0.0,0.0,0.0,0.0,0.0,0.0,-0.007941698767244815,0.0,0.0,0.0,0.0,0.0,0.0,0.0,0.0,0.0,0.0,0.0,0.0,0.0,0.0,0.0,0.0,0.0,0.0,0.0,0.0,0.0,0.0,0.0,0.0,0.0,0.0,0.0,0.0,0.0,0.0,0.0,0.0,0.0,0.0,0.0,0.0,0.0,0.0,0.0,0.0,0.0,-0.020596002638339998,0.0,0.0683945045620203,0.0,0.0,0.0,0.0,0.0,0.0,0.0,0.0,0.0,0.0,0.04384001895785332,0.0,0.0,0.0,0.1049180642515421,0.0,0.0,0.0,0.0,0.0,0.0,0.0
Rreb1,-0.37291272073984144,0.0,0.0,0.0,0.0,0.0,-0.01607639417052269,0.0,0.0,0.0,0.0,0.0,0.0,0.008376494627445935,0.0,0.0804368756711483,0.0,0.0,-0.046692342609167097,0.0,0.0,0.0,0.0,0.0,0.0,0.10503539748489857,0.002072078660130501,0.0,-0.005410906672477722,0.008315885066986084,0.0,-0.07932657312601804,0.0,0.0,0.0,0.0,0.0,0.0,0.0,-0.01261320672929287,0.0,0.0,0.0,0.0,0.0,0.0,0.0,0.0,0.0,0.0,0.0,0.0,0.0,0.0,0.0,0.0,0.0,0.0,0.0,0.0,0.0,0.0,0.0,0.0,0.0,0.0,0.0,0.0,0.0,0.0,0.0,0.0,0.0,0.0,0.0,0.0,0.0,0.0,0.0,0.0,0.0,-0.04443018458783626,0.0,0.004083254039287567,0.0,0.0,0.0,0.0,0.0,0.0,0.0,0.0,0.0,0.0,-0.08990484371781349,0.0,0.0,0.0,-0.02192115589976311,0.0,0.0,0.0,0.0,0.0,2.0,2.0
Elavl2,-0.5063921041786671,0.0,0.0,0.0,0.0,0.0,-0.01607639417052269,0.0,0.0,0.0,0.0,0.0,0.0,0.038814767375588415,0.0,-0.026685999855399132,0.0,0.0,0.007406755760312081,0.0,0.0,0.0,0.0,0.0,0.0,-0.01463818497955799,0.004144157320261002,0.0,-0.005410906672477722,-0.1360781192779541,0.0,0.013071114681661129,0.0,0.0,0.0,0.0,0.0,0.0,0.0,-0.023656047135591506,0.0,0.0,0.0,0.0,0.0,0.0,0.0,0.0,0.0,0.0,0.0,0.0,0.0,0.0,0.0,0.0,0.0,0.0,0.0,0.0,0.0,0.0,0.0,0.0,0.0,0.0,0.0,0.0,0.0,0.0,0.0,0.0,0.0,0.0,0.0,0.0,0.0,0.0,0.0,0.0,0.0,-0.04443018458783626,0.0,0.0066352876648306846,0.0,0.0,0.0,0.0,0.0,0.0,0.0,0.0,0.0,0.0,0.04384001895785332,0.0,0.0,0.0,0.0103561158105731,0.0,0.0,0.0,0.0,0.0,0.0,1.0
Mgat4c,0.6670446828752756,0.0,0.0,0.0,0.0,0.0,-0.007579801231622696,0.0,0.0,0.0,0.0,0.0,0.0,0.07153020866215229,0.0,-0.02206497862935066,0.0,0.0,0.05019630782306194,0.0,0.0,0.0,0.0,0.0,0.0,-0.007190687358379364,0.035225337371230125,0.0,-0.002164362668991089,0.008315885066986084,0.0,-0.07932657312601804,0.0,0.0,0.0,0.0,0.0,0.0,0.0,-0.007941698767244815,0.0,0.0,0.0,0.0,0.0,0.0,0.0,0.0,0.0,0.0,0.0,0.0,0.0,0.0,0.0,0.0,0.0,0.0,0.0,0.0,0.0,0.0,0.0,0.0,0.0,0.0,0.0,0.0,0.0,0.0,0.0,0.0,0.0,0.0,0.0,0.0,0.0,0.0,0.0,0.0,0.0,-0.020596002638339998,0.0,0.00969772819429636,0.0,0.0,0.0,0.0,0.0,0.0,0.0,0.0,0.0,0.0,0.04384001895785332,0.0,0.0,0.0,-0.061814398989081386,0.0,0.0,0.0,0.0,0.0,2.0,0.0
Mpped1,-0.39663448944687846,0.0,0.0,0.0,0.0,0.0,-0.01607639417052269,0.0,0.0,0.0,0.0,0.0,0.0,0.02472289338707924,0.0,0.0804368756711483,0.0,0.0,-0.05521088913083076,0.0,0.0,0.0,0.0,0.0,0.0,-0.01463818497955799,0.0027627716213464736,0.0,-0.005410906672477722,0.008315885066986084,0.0,-0.07932657312601804,0.0,0.0,0.0,0.0,0.0,0.0,0.0,-0.023656047135591506,0.0,0.0,0.0,0.0,0.0,0.0,0.0,0.0,0.0,0.0,0.0,0.0,0.0,0.0,0.0,0.0,0.0,0.0,0.0,0.0,0.0,0.0,0.0,0.0,0.0,0.0,0.0,0.0,0.0,0.0,0.0,0.0,0.0,0.0,0.0,0.0,0.0,0.0,0.0,0.0,0.0,-0.04443018458783626,0.0,-0.012249762117862701,0.0,0.0,0.0,0.0,0.0,0.0,0.0,0.0,0.0,0.0,-0.08990484371781349,0.0,0.0,0.0,-0.013754648268222808,0.0,0.0,0.0,0.0,0.0,2.0,2.0
Cdh19,-0.3533876465260983,0.0,0.0,0.0,0.0,0.0,-0.01607639417052269,0.0,0.0,0.0,0.0,0.0,0.0,-0.18583183022215963,0.0,-0.19990521669387817,0.0,0.0,-0.046692342609167097,0.0,0.0,0.0,0.0,0.0,0.0,-0.01463818497955799,0.002072078660130501,0.0,-0.005410906672477722,0.009449869394302368,0.0,0.024204766675829888,0.0,0.0,0.0,0.0,0.0,0.0,0.0,-0.023656047135591506,0.0,0.0,0.0,0.0,0.0,0.0,0.0,0.0,0.0,0.0,0.0,0.0,0.0,0.0,0.0,0.0,0.0,0.0,0.0,0.0,0.0,0.0,0.0,0.0,0.0,0.0,0.0,0.0,0.0,0.0,0.0,0.0,0.0,0.0,0.0,0.0,0.0,0.0,0.0,0.0,0.0,-0.03001886956393719,0.0,-0.012249762117862701,0.0,0.0,0.0,0.0,0.0,0.0,0.0,0.0,0.0,0.0,-0.011734036356210708,0.0,0.0,0.0,-0.013754648268222808,0.0,0.0,0.0,0.0,0.0,2.0,2.0
Pard3b,0.7666705644875765,0.0,0.0,0.0,0.0,0.0,-0.007579801231622696,0.0,0.0,0.0,0.0,0.0,0.0,0.07153020866215229,0.0,0.0804368756711483,0.0,0.0,0.05019630782306194,0.0,0.0,0.0,0.0,0.0,0.0,-0.007190687358379364,0.035225337371230125,0.0,-0.002164362668991089,0.008315885066986084,0.0,-0.07932657312601804,0.0,0.0,0.0,0.0,0.0,0.0,0.0,-0.007941698767244815,0.0,0.0,0.0,0.0,0.0,0.0,0.0,0.0,0.0,0.0,0.0,0.0,0.0,0.0,0.0,0.0,0.0,0.0,0.0,0.0,0.0,0.0,0.0,0.0,0.0,0.0,0.0,0.0,0.0,0.0,0.0,0.0,0.0,0.0,0.0,0.0,0.0,0.0,0.0,0.0,0.0,-0.020596002638339998,0.0,0.0683945045620203,0.0,0.0,0.0,0.0,0.0,0.0,0.0,0.0,0.0,0.0,0.04384001895785332,0.0,0.0,0.0,0.1049180642515421,0.0,0.0,0.0,0.0,0.0,2.0,0.0
Scel,-0.32238481018692255,0.0,0.0,0.0,0.0,0.0,-0.01607639417052269,0.0,0.0,0.0,0.0,0.0,0.0,-0.18583183022215963,0.0,0.09811754614114761,0.0,0.0,-0.046692342609167097,0.0,0.0,0.0,0.0,0.0,0.0,-0.006933877095580101,0.002072078660130501,0.0,-0.005410906672477722,0.024569660425186157,0.0,0.056918509900569916,0.0,0.0,0.0,0.0,0.0,0.0,0.0,0.1255327919125557,0.0,0.0,0.0,0.0,0.0,0.0,0.0,0.0,0.0,0.0,0.0,0.0,0.0,0.0,0.0,0.0,0.0,0.0,0.0,0.0,0.0,0.0,0.0,0.0,0.0,0.0,0.0,0.0,0.0,0.0,0.0,0.0,0.0,0.0,0.0,0.0,0.0,0.0,0.0,0.0,0.0,-0.03001886956393719,0.0,-0.012249762117862701,0.0,0.0,0.0,0.0,0.0,0.0,0.0,0.0,0.0,0.0,-0.011734036356210708,0.0,0.0,0.0,-0.013754648268222808,0.0,0.0,0.0,0.0,0.0,2.0,2.0
Hs6st3,0.6819430492073297,0.0,0.0,0.0,0.0,0.0,-0.007579801231622696,0.0,0.0,0.0,0.0,0.0,0.0,0.07153020866215229,0.0,-0.1385440455377102,0.0,0.0,0.05019630782306194,0.0,0.0,0.0,0.0,0.0,0.0,-0.007190687358379364,0.035225337371230125,0.0,-0.002164362668991089,0.005291926860809326,0.0,-0.032998467478901145,0.0,0.0,0.0,0.0,0.0,0.0,0.0,-0.007941698767244815,0.0,0.0,0.0,0.0,0.0,0.0,0.0,0.0,0.0,0.0,0.0,0.0,0.0,0.0,0.0,0.0,0.0,0.0,0.0,0.0,0.0,0.0,0.0,0.0,0.0,0.0,0.0,0.0,0.0,0.0,0.0,0.0,0.0,0.0,0.0,0.0,0.0,0.0,0.0,0.0,0.0,-0.020596002638339998,0.0,-0.07605060517787933,0.0,0.0,0.0,0.0,0.0,0.0,0.0,0.0,0.0,0.0,0.04384001895785332,0.0,0.0,0.0,0.02784664534032345,0.0,0.0,0.0,0.0,0.0,0.0,0.0
Pak1,-0.4434746217727661,0.0,0.0,0.0,0.0,0.0,-0.01607639417052269,0.0,0.0,0.0,0.0,0.0,0.0,0.03651245784014463,0.0,-0.026978910714387894,0.0,0.0,0.006485831812024116,0.0,0.0,0.0,0.0,0.0,0.0,-0.01463818497955799,-0.020720786675810815,0.0,-0.005410906672477722,-0.04762734174728393,0.0,-0.018469412568956612,0.0,0.0,0.0,0.0,0.0,0.0,0.0,-0.023656047135591506,0.0,0.0,0.0,0.0,0.0,0.0,0.0,0.0,0.0,0.0,0.0,0.0,0.0,0.0,0.0,0.0,0.0,0.0,0.0,0.0,0.0,0.0,0.0,0.0,0.0,0.0,0.0,0.0,0.0,0.0,0.0,0.0,0.0,0.0,0.0,0.0,0.0,0.0,0.0,0.0,0.0,-0.04443018458783626,0.0,0.004083254039287567,0.0,0.0,0.0,0.0,0.0,0.0,0.0,0.0,0.0,0.0,0.04384001895785332,0.0,0.0,0.0,-0.02192115589976311,0.0,0.0,0.0,0.0,0.0,2.0,2.0
Tle1,-0.40405690282583234,0.0,0.0,0.0,0.0,0.0,0.06047571383416653,0.0,0.0,0.0,0.0,0.0,0.0,0.0012393350899219512,0.0,-0.12153428062796592,0.0,0.0,0.006025369837880134,0.0,0.0,0.0,0.0,0.0,0.0,0.10503539748489857,0.0027627716213464736,0.0,-0.005410906672477722,-0.0287276029586792,0.0,-0.015988702569156885,0.0,0.0,0.0,0.0,0.0,0.0,0.0,-0.01261320672929287,0.0,0.0,0.0,0.0,0.0,0.0,0.0,0.0,0.0,0.0,0.0,0.0,0.0,0.0,0.0,0.0,0.0,0.0,0.0,0.0,0.0,0.0,0.0,0.0,0.0,0.0,0.0,0.0,0.0,0.0,0.0,0.0,0.0,0.0,0.0,0.0,0.0,0.0,0.0,0.0,0.0,-0.04443018458783626,0.0,0.004083254039287567,0.0,0.0,0.0,0.0,0.0,0.0,0.0,0.0,0.0,0.0,-0.08990484371781349,0.0,0.0,0.0,-0.02192115589976311,0.0,0.0,0.0,0.0,0.0,2.0,1.0
Sema3a,0.495177422426641,0.0,0.0,0.0,0.0,0.0,-0.007579801231622696,0.0,0.0,0.0,0.0,0.0,0.0,0.05173034580424428,0.0,-0.1385440455377102,0.0,0.0,-0.3013687132298946,0.0,0.0,0.0,0.0,0.0,0.0,0.039805590733885766,0.012202241215854883,0.0,-0.002164362668991089,0.005291926860809326,0.0,-0.032998467478901145,0.0,0.0,0.0,0.0,0.0,0.0,0.0,-0.005630406998097897,0.0,0.0,0.0,0.0,0.0,0.0,0.0,0.0,0.0,0.0,0.0,0.0,0.0,0.0,0.0,0.0,0.0,0.0,0.0,0.0,0.0,0.0,0.0,0.0,0.0,0.0,0.0,0.0,0.0,0.0,0.0,0.0,0.0,0.0,0.0,0.0,0.0,0.0,0.0,0.0,0.0,-0.020596002638339998,0.0,0.0683945045620203,0.0,0.0,0.0,0.0,0.0,0.0,0.0,0.0,0.0,0.0,0.04384001895785332,0.0,0.0,0.0,0.1049180642515421,0.0,0.0,0.0,0.0,0.0,2.0,0.0
Stk33,-0.44819306671619413,0.0,0.0,0.0,0.0,0.0,-0.01607639417052269,0.0,0.0,0.0,0.0,0.0,0.0,0.027485664859414102,0.0,-0.004384308159351349,0.0,0.0,0.007406755760312081,0.0,0.0,0.0,0.0,0.0,0.0,0.10503539748489857,0.004144157320261002,0.0,-0.005410906672477722,0.024569660425186157,0.0,0.056918509900569916,0.0,0.0,0.0,0.0,0.0,0.0,0.0,-0.01261320672929287,0.0,0.0,0.0,0.0,0.0,0.0,0.0,0.0,0.0,0.0,0.0,0.0,0.0,0.0,0.0,0.0,0.0,0.0,0.0,0.0,0.0,0.0,0.0,0.0,0.0,0.0,0.0,0.0,0.0,0.0,0.0,0.0,0.0,0.0,0.0,0.0,0.0,0.0,0.0,0.0,0.0,-0.04443018458783626,0.0,0.004083254039287567,0.0,0.0,0.0,0.0,0.0,0.0,0.0,0.0,0.0,0.0,-0.08990484371781349,0.0,0.0,0.0,-0.02192115589976311,0.0,0.0,0.0,0.0,0.0,2.0,2.0
Tnc,-0.5063921041786671,0.0,0.0,0.0,0.0,0.0,-0.01607639417052269,0.0,0.0,0.0,0.0,0.0,0.0,0.038814767375588415,0.0,-0.02206497862935066,0.0,0.0,0.007406755760312081,0.0,0.0,0.0,0.0,0.0,0.0,-0.01463818497955799,0.004144157320261002,0.0,-0.005410906672477722,0.008315885066986084,0.0,-0.07932657312601804,0.0,0.0,0.0,0.0,0.0,0.0,0.0,-0.023656047135591506,0.0,0.0,0.0,0.0,0.0,0.0,0.0,0.0,0.0,0.0,0.0,0.0,0.0,0.0,0.0,0.0,0.0,0.0,0.0,0.0,0.0,0.0,0.0,0.0,0.0,0.0,0.0,0.0,0.0,0.0,0.0,0.0,0.0,0.0,0.0,0.0,0.0,0.0,0.0,0.0,0.0,-0.04443018458783626,0.0,0.0066352876648306846,0.0,0.0,0.0,0.0,0.0,0.0,0.0,0.0,0.0,0.0,0.04384001895785332,0.0,0.0,0.0,0.0103561158105731,0.0,0.0,0.0,0.0,0.0,2.0,2.0
Ano3,0.6819430492073297,0.0,0.0,0.0,0.0,0.0,-0.007579801231622696,0.0,0.0,0.0,0.0,0.0,0.0,0.07153020866215229,0.0,-0.19990521669387817,0.0,0.0,0.05019630782306194,0.0,0.0,0.0,0.0,0.0,0.0,-0.007190687358379364,0.035225337371230125,0.0,-0.002164362668991089,0.009449869394302368,0.0,0.024204766675829888,0.0,0.0,0.0,0.0,0.0,0.0,0.0,-0.007941698767244815,0.0,0.0,0.0,0.0,0.0,0.0,0.0,0.0,0.0,0.0,0.0,0.0,0.0,0.0,0.0,0.0,0.0,0.0,0.0,0.0,0.0,0.0,0.0,0.0,0.0,0.0,0.0,0.0,0.0,0.0,0.0,0.0,0.0,0.0,0.0,0.0,0.0,0.0,0.0,0.0,0.0,-0.020596002638339998,0.0,-0.07605060517787933,0.0,0.0,0.0,0.0,0.0,0.0,0.0,0.0,0.0,0.0,0.04384001895785332,0.0,0.0,0.0,0.02784664534032345,0.0,0.0,0.0,0.0,0.0,0.0,0.0
Aff3,0.7666705644875765,0.0,0.0,0.0,0.0,0.0,-0.007579801231622696,0.0,0.0,0.0,0.0,0.0,0.0,0.06020110614597798,0.0,0.09811754614114761,0.0,0.0,0.05019630782306194,0.0,0.0,0.0,0.0,0.0,0.0,-0.007190687358379364,0.035225337371230125,0.0,-0.002164362668991089,0.024569660425186157,0.0,0.056918509900569916,0.0,0.0,0.0,0.0,0.0,0.0,0.0,-0.007941698767244815,0.0,0.0,0.0,0.0,0.0,0.0,0.0,0.0,0.0,0.0,0.0,0.0,0.0,0.0,0.0,0.0,0.0,0.0,0.0,0.0,0.0,0.0,0.0,0.0,0.0,0.0,0.0,0.0,0.0,0.0,0.0,0.0,0.0,0.0,0.0,0.0,0.0,0.0,0.0,0.0,0.0,-0.020596002638339998,0.0,0.0683945045620203,0.0,0.0,0.0,0.0,0.0,0.0,0.0,0.0,0.0,0.0,-0.08990484371781349,0.0,0.0,0.0,0.1049180642515421,0.0,0.0,0.0,0.0,0.0,0.0,0.0
Col27a1,-0.3815074271708727,0.0,0.0,0.0,0.0,0.0,0.06047571383416653,0.0,0.0,0.0,0.0,0.0,0.0,0.02472289338707924,0.0,-0.1385440455377102,0.0,0.0,-0.05521088913083076,0.0,0.0,0.0,0.0,0.0,0.0,-0.01463818497955799,0.0027627716213464736,0.0,-0.005410906672477722,0.005291926860809326,0.0,-0.032998467478901145,0.0,0.0,0.0,0.0,0.0,0.0,0.0,-0.023656047135591506,0.0,0.0,0.0,0.0,0.0,0.0,0.0,0.0,0.0,0.0,0.0,0.0,0.0,0.0,0.0,0.0,0.0,0.0,0.0,0.0,0.0,0.0,0.0,0.0,0.0,0.0,0.0,0.0,0.0,0.0,0.0,0.0,0.0,0.0,0.0,0.0,0.0,0.0,0.0,0.0,0.0,-0.04443018458783626,0.0,-0.012249762117862701,0.0,0.0,0.0,0.0,0.0,0.0,0.0,0.0,0.0,0.0,-0.08990484371781349,0.0,0.0,0.0,-0.013754648268222808,0.0,0.0,0.0,0.0,0.0,2.0,2.0
Cd9,-0.43530811309814454,0.0,0.0,0.0,0.0,0.0,-0.01607639417052269,0.0,0.0,0.0,0.0,0.0,0.0,0.03651245784014463,0.0,-0.004384308159351349,0.0,0.0,0.006485831812024116,0.0,0.0,0.0,0.0,0.0,0.0,-0.01463818497955799,-0.020720786675810815,0.0,-0.005410906672477722,0.024569660425186157,0.0,0.056918509900569916,0.0,0.0,0.0,0.0,0.0,0.0,0.0,-0.023656047135591506,0.0,0.0,0.0,0.0,0.0,0.0,0.0,0.0,0.0,0.0,0.0,0.0,0.0,0.0,0.0,0.0,0.0,0.0,0.0,0.0,0.0,0.0,0.0,0.0,0.0,0.0,0.0,0.0,0.0,0.0,0.0,0.0,0.0,0.0,0.0,0.0,0.0,0.0,0.0,0.0,0.0,-0.04443018458783626,0.0,-0.012249762117862701,0.0,0.0,0.0,0.0,0.0,0.0,0.0,0.0,0.0,0.0,0.04384001895785332,0.0,0.0,0.0,-0.013754648268222808,0.0,0.0,0.0,0.0,0.0,0.0,1.0
Ppp5c,0.11414876811206341,0.0,0.0,0.011512395143508911,0.0,0.0,0.0,0.004740309566259384,0.0,0.0,0.0,0.0,0.09839992374181747,0.001782059669494629,0.0,0.03892042398452759,0.0,0.0,-0.0392825173586607,0.0,0.0,0.0,0.0,0.0,0.0,-0.019898132849484683,0.0,-0.004676412045955658,0.0,-0.02455602094531059,0.0,0.0,0.0,0.0,-0.09692183092236518,0.0,0.0,-0.06969788745045662,0.0,0.0,0.0,0.0,0.0,0.0,0.0,0.0,0.0,0.0,0.0,0.0,0.0,0.0,0.0,-0.05814855605363846,0.0,0.0,0.0,0.0,0.0,0.0,0.0,0.0,0.0,0.0,0.0,0.0,0.0,0.0,0.0,0.0,0.0,0.0,-0.007922177463769912,0.0,0.0,0.0,0.0,0.0,0.0,-0.015456160604953766,0.0,0.0,-0.06179807983338833,0.0,0.0,0.0,0.0,0.0,-0.004822976589202881,0.0,0.0,0.0,0.0,0.0,-0.02106340415775776,0.0,0.0,0.0,-0.004452243447303772,0.0,0.0,0.0,0.0,-0.0412827792018652,1.0,1.0
Crnde,-0.001893547922372818,0.0,0.0,0.011512395143508911,0.0,0.0,0.0,0.006720853596925735,0.0,0.0,0.0,0.0,-0.07519163560122251,0.001782059669494629,0.0,0.03892042398452759,0.0,0.0,-0.02442704774439335,0.0,0.0,0.0,0.0,0.0,0.0,-0.027738520130515098,0.0,-0.004676412045955658,0.0,0.0025185662508010864,0.0,0.0,0.0,0.0,-0.09692183092236518,0.0,0.0,-0.06529039651155472,0.0,0.0,0.0,0.0,0.0,0.0,0.0,0.0,0.0,0.0,0.0,0.0,0.0,0.0,0.0,-0.08880533218383789,0.0,0.0,0.0,0.0,0.0,0.0,0.0,0.0,0.0,0.0,0.0,0.0,0.0,0.0,0.0,0.0,0.0,0.0,0.00396108865737915,0.0,0.0,0.0,0.0,0.0,0.0,-0.015456160604953766,0.0,0.0,0.036330758333206176,0.0,0.0,0.0,0.0,0.0,-0.004822976589202881,0.0,0.0,0.0,0.0,0.0,-0.02106340415775776,0.0,0.0,0.0,-0.004452243447303772,0.0,0.0,0.0,0.0,0.06695344157516957,1.0,1.0
Tab3,-0.07204911183565856,0.0,0.0,-0.058808833826333284,0.0,0.0,0.0,-0.008560696989297867,0.0,0.0,0.0,0.0,-0.017340776845812797,0.022721258848905565,0.0,-0.10183854628354311,0.0,0.0,0.22288432992994786,0.0,0.0,0.0,0.0,0.0,0.0,-0.027738520130515098,0.0,-0.02338206022977829,0.0,-0.02455602094531059,0.0,0.0,0.0,0.0,0.01106604104861617,0.0,0.0,0.05767139732837677,0.0,0.0,0.0,0.0,0.0,0.0,0.0,0.0,0.0,0.0,0.0,0.0,0.0,0.0,0.0,-0.04118151277303696,0.0,0.0,0.0,0.0,0.0,0.0,0.0,0.0,0.0,0.0,0.0,0.0,0.0,0.0,0.0,0.0,0.0,0.0,0.0026407259702682494,0.0,0.0,0.0,0.0,0.0,0.0,0.05832368984818458,0.0,0.0,-0.13777722299098968,0.0,0.0,0.0,0.0,0.0,0.09002889633178711,0.0,0.0,0.0,0.0,0.0,-0.007021134719252586,0.0,0.0,0.0,-0.014840811789035797,0.0,0.0,0.0,0.0,0.02576709058135748,1.0,1.0
Nmd3,-0.030370779410004614,0.0,0.0,0.013503781557083129,0.0,0.0,0.0,0.006720853596925735,0.0,0.0,0.0,0.0,-0.07519163560122251,-0.016929565221071242,0.0,-0.18765532806515695,0.0,0.0,-0.010553911589086055,0.0,0.0,0.0,0.0,0.0,0.0,0.009133797138929367,0.0,-0.02338206022977829,0.0,-0.02455602094531059,0.0,0.0,0.0,0.0,0.024570204075425862,0.0,0.0,0.05767139732837677,0.0,0.0,0.0,0.0,0.0,0.0,0.0,0.0,0.0,0.0,0.0,0.0,0.0,0.0,0.0,-0.03928681761026383,0.0,0.0,0.0,0.0,0.0,0.0,0.0,0.0,0.0,0.0,0.0,0.0,0.0,0.0,0.0,0.0,0.0,0.0,0.00396108865737915,0.0,0.0,0.0,0.0,0.0,0.0,0.004402510449290275,0.0,0.0,0.036330758333206176,0.0,0.0,0.0,0.0,0.0,-0.004822976589202881,0.0,0.0,0.0,0.0,0.0,0.11519861780107021,0.0,0.0,0.0,-0.014840811789035797,0.0,0.0,0.0,0.0,0.06695344157516957,1.0,1.0
Trappc5,0.6197530768811703,0.0,0.0,-0.15035146825015544,0.0,0.0,0.0,0.03667789429426193,0.0,0.0,0.0,0.0,0.09839992374181747,0.0026730892062187196,0.0,0.032811133041977886,0.0,0.0,-0.030891745090484618,0.0,0.0,0.0,0.0,0.0,0.0,-0.027738520130515098,0.0,-0.004676412045955658,0.0,0.0025185662508010864,0.0,0.0,0.0,0.0,0.012361220251768827,0.0,0.0,0.03447877014055848,0.0,0.0,0.0,0.0,0.0,0.0,0.0,0.0,0.0,0.0,0.0,0.0,0.0,0.0,0.0,-0.027768166065216066,0.0,0.0,0.0,0.0,0.0,0.0,0.0,0.0,0.0,0.0,0.0,0.0,0.0,0.0,0.0,0.0,0.0,0.0,0.025086894929409027,0.0,0.0,0.0,0.0,0.0,0.0,0.006630084663629532,0.0,0.0,0.036330758333206176,0.0,0.0,0.0,0.0,0.0,0.030545518398284913,0.0,0.0,0.0,0.0,0.0,-0.009361512959003448,0.0,0.0,0.0,-0.005936324670910835,0.0,0.0,0.0,0.0,0.06695344157516957,1.0,0.0
Zfp595,-0.036351745501160625,0.0,0.0,0.013503781557083129,0.0,0.0,0.0,0.006720853596925735,0.0,0.0,0.0,0.0,-0.07519163560122251,0.0026730892062187196,0.0,-0.18765532806515695,0.0,0.0,-0.046166366934776305,0.0,0.0,0.0,0.0,0.0,0.0,0.009133797138929367,0.0,-0.02338206022977829,0.0,-0.02455602094531059,0.0,0.0,0.0,0.0,0.024570204075425862,0.0,0.0,0.05767139732837677,0.0,0.0,0.0,0.0,0.0,0.0,0.0,0.0,0.0,0.0,0.0,0.0,0.0,0.0,0.0,-0.03928681761026383,0.0,0.0,0.0,0.0,0.0,0.0,0.0,0.0,0.0,0.0,0.0,0.0,0.0,0.0,0.0,0.0,0.0,0.0,0.00396108865737915,0.0,0.0,0.0,0.0,0.0,0.0,0.006630084663629532,0.0,0.0,0.036330758333206176,0.0,0.0,0.0,0.0,0.0,-0.004822976589202881,0.0,0.0,0.0,0.0,0.0,-0.02106340415775776,0.0,0.0,0.0,-0.014840811789035797,0.0,0.0,0.0,0.0,0.06695344157516957,1.0,1.0
Micall1,0.09575170941650868,0.0,0.0,0.036093106269836424,0.0,0.0,0.0,0.006720853596925735,0.0,0.0,0.0,0.0,0.09839992374181747,0.0026730892062187196,0.0,0.061126314550638196,0.0,0.0,-0.04740432269871235,0.0,0.0,0.0,0.0,0.0,0.0,-0.027738520130515098,0.0,-0.004676412045955658,0.0,-0.02455602094531059,0.0,0.0,0.0,0.0,0.0589723639190197,0.0,0.0,-0.06969788745045662,0.0,0.0,0.0,0.0,0.0,0.0,0.0,0.0,0.0,0.0,0.0,0.0,0.0,0.0,0.0,-0.057323252260684965,0.0,0.0,0.0,0.0,0.0,0.0,0.0,0.0,0.0,0.0,0.0,0.0,0.0,0.0,0.0,0.0,0.0,0.0,0.00396108865737915,0.0,0.0,0.0,0.0,0.0,0.0,0.006630084663629532,0.0,0.0,0.036330758333206176,0.0,0.0,0.0,0.0,0.0,-0.004822976589202881,0.0,0.0,0.0,0.0,0.0,-0.02106340415775776,0.0,0.0,0.0,-0.004452243447303772,0.0,0.0,0.0,0.0,0.06695344157516957,1.0,1.0
Zcchc3,0.5797481098771096,0.0,0.0,-0.07044198472052812,0.0,0.0,0.0,0.03667789429426193,0.0,0.0,0.0,0.0,0.09839992374181747,-0.016929565221071242,0.0,0.044946919828653335,0.0,0.0,-0.007823560396209359,0.0,0.0,0.0,0.0,0.0,0.0,0.009133797138929367,0.0,-0.004676412045955658,0.0,-0.02455602094531059,0.0,0.0,0.0,0.0,0.03233859127387404,0.0,0.0,0.03007127920165658,0.0,0.0,0.0,0.0,0.0,0.0,0.0,0.0,0.0,0.0,0.0,0.0,0.0,0.0,0.0,0.0056086075305938725,0.0,0.0,0.0,0.0,0.0,0.0,0.0,0.0,0.0,0.0,0.0,0.0,0.0,0.0,0.0,0.0,0.0,0.0,0.025086894929409027,0.0,0.0,0.0,0.0,0.0,0.0,0.004402510449290275,0.0,0.0,0.036330758333206176,0.0,0.0,0.0,0.0,0.0,0.030545518398284913,0.0,0.0,0.0,0.0,0.0,-0.009361512959003448,0.0,0.0,0.0,-0.005936324670910835,0.0,0.0,0.0,0.0,0.06695344157516957,1.0,0.0
Nxpe3,-0.14301408503204585,0.0,0.0,0.036093106269836424,0.0,0.0,0.0,0.006720853596925735,0.0,0.0,0.0,0.0,-0.017340776845812797,0.022721258848905565,0.0,0.061126314550638196,0.0,0.0,0.1607342866063118,0.0,0.0,0.0,0.0,0.0,0.0,-0.027738520130515098,0.0,-0.004676412045955658,0.0,-0.02455602094531059,0.0,0.0,0.0,0.0,0.0589723639190197,0.0,0.0,-0.06969788745045662,0.0,0.0,0.0,0.0,0.0,0.0,0.0,0.0,0.0,0.0,0.0,0.0,0.0,0.0,0.0,-0.057323252260684965,0.0,0.0,0.0,0.0,0.0,0.0,0.0,0.0,0.0,0.0,0.0,0.0,0.0,0.0,0.0,0.0,0.0,0.0,0.00396108865737915,0.0,0.0,0.0,0.0,0.0,0.0,0.05832368984818458,0.0,0.0,0.036330758333206176,0.0,0.0,0.0,0.0,0.0,-0.025722541809082032,0.0,0.0,0.0,0.0,0.0,0.05330861546099186,0.0,0.0,0.0,-0.004452243447303772,0.0,0.0,0.0,0.0,0.06695344157516957,1.0,1.0
Tti1,-0.1533197896555066,0.0,0.0,0.036093106269836424,0.0,0.0,0.0,0.006720853596925735,0.0,0.0,0.0,0.0,-0.011687688399106264,0.0026730892062187196,0.0,0.061126314550638196,0.0,0.0,-0.04740432269871235,0.0,0.0,0.0,0.0,0.0,0.0,-0.027738520130515098,0.0,-0.004676412045955658,0.0,-0.02455602094531059,0.0,0.0,0.0,0.0,0.0589723639190197,0.0,0.0,0.05767139732837677,0.0,0.0,0.0,0.0,0.0,0.0,0.0,0.0,0.0,0.0,0.0,0.0,0.0,0.0,0.0,-0.04118151277303696,0.0,0.0,0.0,0.0,0.0,0.0,0.0,0.0,0.0,0.0,0.0,0.0,0.0,0.0,0.0,0.0,0.0,0.0,0.00396108865737915,0.0,0.0,0.0,0.0,0.0,0.0,0.006630084663629532,0.0,0.0,0.036330758333206176,0.0,0.0,0.0,0.0,0.0,-0.025722541809082032,0.0,0.0,0.0,0.0,0.0,-0.02106340415775776,0.0,0.0,0.0,-0.014840811789035797,0.0,0.0,0.0,0.0,0.06695344157516957,1.0,1.0
Urm1,0.11476100102066994,0.0,0.0,0.011512395143508911,0.0,0.0,0.0,0.006720853596925735,0.0,0.0,0.0,0.0,0.09839992374181747,0.001782059669494629,0.0,0.03892042398452759,0.0,0.0,-0.0392825173586607,0.0,0.0,0.0,0.0,0.0,0.0,-0.019898132849484683,0.0,-0.004676412045955658,0.0,0.0025185662508010864,0.0,0.0,0.0,0.0,-0.09692183092236518,0.0,0.0,0.06207888826727867,0.0,0.0,0.0,0.0,0.0,0.0,0.0,0.0,0.0,0.0,0.0,0.0,0.0,0.0,0.0,-0.07348889470100403,0.0,0.0,0.0,0.0,0.0,0.0,0.0,0.0,0.0,0.0,0.0,0.0,0.0,0.0,0.0,0.0,0.0,0.0,0.00396108865737915,0.0,0.0,0.0,0.0,0.0,0.0,-0.015456160604953766,0.0,0.0,-0.13777722299098968,0.0,0.0,0.0,0.0,0.0,-0.004822976589202881,0.0,0.0,0.0,0.0,0.0,-0.02106340415775776,0.0,0.0,0.0,-0.014840811789035797,0.0,0.0,0.0,0.0,0.02576709058135748,1.0,1.0
Sntb2,-0.15102617368102073,0.0,0.0,0.011512395143508911,0.0,0.0,0.0,0.006720853596925735,0.0,0.0,0.0,0.0,-0.011687688399106264,0.001782059669494629,0.0,0.03892042398452759,0.0,0.0,-0.0392825173586607,0.0,0.0,0.0,0.0,0.0,0.0,-0.019898132849484683,0.0,-0.004676412045955658,0.0,-0.013852114379405976,0.0,0.0,0.0,0.0,-0.09692183092236518,0.0,0.0,-0.09110570058226586,0.0,0.0,0.0,0.0,0.0,0.0,0.0,0.0,0.0,0.0,0.0,0.0,0.0,0.0,0.0,-0.047444651126861574,0.0,0.0,0.0,0.0,0.0,0.0,0.0,0.0,0.0,0.0,0.0,0.0,0.0,0.0,0.0,0.0,0.0,0.0,0.00396108865737915,0.0,0.0,0.0,0.0,0.0,0.0,-0.015456160604953766,0.0,0.0,0.036330758333206176,0.0,0.0,0.0,0.0,0.0,-0.025722541809082032,0.0,0.0,0.0,0.0,0.0,-0.02106340415775776,0.0,0.0,0.0,-0.004452243447303772,0.0,0.0,0.0,0.0,0.06695344157516957,1.0,2.0
Atp6v0a4,-0.21863587755709887,0.0,0.0,-0.02632249703630805,0.0,0.0,0.0,0.006720853596925735,0.0,0.0,0.0,0.0,0.020632376819849016,0.001782059669494629,0.0,0.034688890054821966,0.0,0.0,-0.02442704774439335,0.0,0.0,0.0,0.0,0.0,0.0,-0.027738520130515098,0.0,-0.004676412045955658,0.0,0.0025185662508010864,0.0,0.0,0.0,0.0,-0.05485540509223938,0.0,0.0,-0.06529039651155472,0.0,0.0,0.0,0.0,0.0,0.0,0.0,0.0,0.0,0.0,0.0,0.0,0.0,0.0,0.0,-0.08880533218383789,0.0,0.0,0.0,0.0,0.0,0.0,0.0,0.0,0.0,0.0,0.0,0.0,0.0,0.0,0.0,0.0,0.0,0.0,0.00396108865737915,0.0,0.0,0.0,0.0,0.0,0.0,-0.015456160604953766,0.0,0.0,0.012712944000959396,0.0,0.0,0.0,0.0,0.0,-0.025722541809082032,0.0,0.0,0.0,0.0,0.0,-0.02106340415775776,0.0,0.0,0.0,-0.004452243447303772,0.0,0.0,0.0,0.0,-0.09969338595867157,1.0,1.0
Uqcrq,0.5500898085534572,0.0,0.0,0.006720747947692871,0.0,0.0,0.0,0.03667789429426193,0.0,0.0,0.0,0.0,-0.07519163560122251,0.001782059669494629,0.0,-0.11741965860128403,0.0,0.0,-0.006676514223217964,0.0,0.0,0.0,0.0,0.0,0.0,0.009133797138929367,0.0,-0.02338206022977829,0.0,-0.02455602094531059,0.0,0.0,0.0,0.0,-0.03888243120163679,0.0,0.0,-0.029386423230171203,0.0,0.0,0.0,0.0,0.0,0.0,0.0,0.0,0.0,0.0,0.0,0.0,0.0,0.0,0.0,-0.00026666536927223206,0.0,0.0,0.0,0.0,0.0,0.0,0.0,0.0,0.0,0.0,0.0,0.0,0.0,0.0,0.0,0.0,0.0,0.0,0.025086894929409027,0.0,0.0,0.0,0.0,0.0,0.0,-0.015456160604953766,0.0,0.0,-0.13777722299098968,0.0,0.0,0.0,0.0,0.0,0.030545518398284913,0.0,0.0,0.0,0.0,0.0,-0.009361512959003448,0.0,0.0,0.0,-0.0029681624472141267,0.0,0.0,0.0,0.0,0.02576709058135748,1.0,1.0
Cyp2j6,-0.11937087694182992,0.0,0.0,-0.02632249703630805,0.0,0.0,0.0,-0.008560696989297867,0.0,0.0,0.0,0.0,0.020632376819849016,-0.031186042577028273,0.0,0.034688890054821966,0.0,0.0,0.038189937770366666,0.0,0.0,0.0,0.0,0.0,0.0,-0.027738520130515098,0.0,-0.004676412045955658,0.0,0.0025185662508010864,0.0,0.0,0.0,0.0,-0.05485540509223938,0.0,0.0,-0.06529039651155472,0.0,0.0,0.0,0.0,0.0,0.0,0.0,0.0,0.0,0.0,0.0,0.0,0.0,0.0,0.0,-0.08880533218383789,0.0,0.0,0.0,0.0,0.0,0.0,0.0,0.0,0.0,0.0,0.0,0.0,0.0,0.0,0.0,0.0,0.0,0.0,0.0026407259702682494,0.0,0.0,0.0,0.0,0.0,0.0,-0.030428046614397318,0.0,0.0,0.036330758333206176,0.0,0.0,0.0,0.0,0.0,0.09002889633178711,0.0,0.0,0.0,0.0,0.0,0.05330861546099186,0.0,0.0,0.0,-0.004452243447303772,0.0,0.0,0.0,0.0,0.06695344157516957,1.0,1.0
Gdpd5,-0.23119159057736396,0.0,0.0,0.011512395143508911,0.0,0.0,0.0,0.006720853596925735,0.0,0.0,0.0,0.0,0.020632376819849016,0.001782059669494629,0.0,0.03892042398452759,0.0,0.0,-0.023189091980457308,0.0,0.0,0.0,0.0,0.0,0.0,0.009133797138929367,0.0,-0.004676412045955658,0.0,0.0025185662508010864,0.0,0.0,0.0,0.0,-0.09692183092236518,0.0,0.0,-0.06529039651155472,0.0,0.0,0.0,0.0,0.0,0.0,0.0,0.0,0.0,0.0,0.0,0.0,0.0,0.0,0.0,-0.08691063702106476,0.0,0.0,0.0,0.0,0.0,0.0,0.0,0.0,0.0,0.0,0.0,0.0,0.0,0.0,0.0,0.0,0.0,0.0,0.00396108865737915,0.0,0.0,0.0,0.0,0.0,0.0,-0.015456160604953766,0.0,0.0,0.036330758333206176,0.0,0.0,0.0,0.0,0.0,-0.025722541809082032,0.0,0.0,0.0,0.0,0.0,-0.02106340415775776,0.0,0.0,0.0,-0.004452243447303772,0.0,0.0,0.0,0.0,0.06695344157516957,1.0,1.0
Rab10,-0.18534447945654392,0.0,0.0,-0.02632249703630805,0.0,0.0,0.0,-0.005259790010750293,0.0,0.0,0.0,0.0,0.020632376819849016,-0.031186042577028273,0.0,0.034688890054821966,0.0,0.0,0.10157793695107102,0.0,0.0,0.0,0.0,0.0,0.0,0.009133797138929367,0.0,-0.004676412045955658,0.0,-0.02455602094531059,0.0,0.0,0.0,0.0,-0.05485540509223938,0.0,0.0,-0.06969788745045662,0.0,0.0,0.0,0.0,0.0,0.0,0.0,0.0,0.0,0.0,0.0,0.0,0.0,0.0,0.0,-0.055428557097911835,0.0,0.0,0.0,0.0,0.0,0.0,0.0,0.0,0.0,0.0,0.0,0.0,0.0,0.0,0.0,0.0,0.0,0.0,-0.003961088955402374,0.0,0.0,0.0,0.0,0.0,0.0,-0.030428046614397318,0.0,0.0,0.012712944000959396,0.0,0.0,0.0,0.0,0.0,0.09002889633178711,0.0,0.0,0.0,0.0,0.0,-0.007021134719252586,0.0,0.0,0.0,-0.004452243447303772,0.0,0.0,0.0,0.0,-0.09969338595867157,1.0,1.0
Fgd4,-0.1856398567929864,0.0,0.0,0.036093106269836424,0.0,0.0,0.0,0.006720853596925735,0.0,0.0,0.0,0.0,0.020632376819849016,0.0026730892062187196,0.0,0.061126314550638196,0.0,0.0,-0.04740432269871235,0.0,0.0,0.0,0.0,0.0,0.0,-0.027738520130515098,0.0,-0.004676412045955658,0.0,0.0025185662508010864,0.0,0.0,0.0,0.0,0.0589723639190197,0.0,0.0,0.06207888826727867,0.0,0.0,0.0,0.0,0.0,0.0,0.0,0.0,0.0,0.0,0.0,0.0,0.0,0.0,0.0,-0.07266359090805054,0.0,0.0,0.0,0.0,0.0,0.0,0.0,0.0,0.0,0.0,0.0,0.0,0.0,0.0,0.0,0.0,0.0,0.0,0.00396108865737915,0.0,0.0,0.0,0.0,0.0,0.0,0.006630084663629532,0.0,0.0,0.036330758333206176,0.0,0.0,0.0,0.0,0.0,-0.025722541809082032,0.0,0.0,0.0,0.0,0.0,-0.02106340415775776,0.0,0.0,0.0,-0.014840811789035797,0.0,0.0,0.0,0.0,0.06695344157516957,2.0,2.0
Rpl41,0.48210285380482676,0.0,0.0,0.036093106269836424,0.0,0.0,0.0,0.03667789429426193,0.0,0.0,0.0,0.0,-0.07519163560122251,0.0026730892062187196,0.0,0.061126314550638196,0.0,0.0,-0.029653789326548576,0.0,0.0,0.0,0.0,0.0,0.0,0.009133797138929367,0.0,-0.004676412045955658,0.0,-0.02455602094531059,0.0,0.0,0.0,0.0,0.0589723639190197,0.0,0.0,0.03007127920165658,0.0,0.0,0.0,0.0,0.0,0.0,0.0,0.0,0.0,0.0,0.0,0.0,0.0,0.0,0.0,0.0056086075305938725,0.0,0.0,0.0,0.0,0.0,0.0,0.0,0.0,0.0,0.0,0.0,0.0,0.0,0.0,0.0,0.0,0.0,0.0,0.025086894929409027,0.0,0.0,0.0,0.0,0.0,0.0,0.006630084663629532,0.0,0.0,0.036330758333206176,0.0,0.0,0.0,0.0,0.0,0.030545518398284913,0.0,0.0,0.0,0.0,0.0,-0.009361512959003448,0.0,0.0,0.0,-0.005936324670910835,0.0,0.0,0.0,0.0,0.06695344157516957,0.0,0.0
Ndst3,-0.2091066710650921,0.0,0.0,-0.054701565951108935,0.0,0.0,0.0,0.004740309566259384,0.0,0.0,0.0,0.0,0.020632376819849016,0.001782059669494629,0.0,0.03151491530239582,0.0,0.0,-0.04877351123839617,0.0,0.0,0.0,0.0,0.0,0.0,0.006245233379304409,0.0,-0.004676412045955658,0.0,0.0025185662508010864,0.0,0.0,0.0,0.0,-0.023302361126989125,0.0,0.0,0.06207888826727867,0.0,0.0,0.0,0.0,0.0,0.0,0.0,0.0,0.0,0.0,0.0,0.0,0.0,0.0,0.0,-0.07241950333118438,0.0,0.0,0.0,0.0,0.0,0.0,0.0,0.0,0.0,0.0,0.0,0.0,0.0,0.0,0.0,0.0,0.0,0.0,-0.007922177463769912,0.0,0.0,0.0,0.0,0.0,0.0,-0.015456160604953766,0.0,0.0,0.012712944000959396,0.0,0.0,0.0,0.0,0.0,-0.025722541809082032,0.0,0.0,0.0,0.0,0.0,-0.02106340415775776,0.0,0.0,0.0,-0.014840811789035797,0.0,0.0,0.0,0.0,-0.09969338595867157,2.0,2.0
Fign,-0.17988338306546212,0.0,0.0,-0.07044198472052812,0.0,0.0,0.0,0.006720853596925735,0.0,0.0,0.0,0.0,0.020632376819849016,0.001782059669494629,0.0,0.044946919828653335,0.0,0.0,-0.0392825173586607,0.0,0.0,0.0,0.0,0.0,0.0,-0.019898132849484683,0.0,-0.004676412045955658,0.0,0.0025185662508010864,0.0,0.0,0.0,0.0,0.03233859127387404,0.0,0.0,-0.14493609890341758,0.0,0.0,0.0,0.0,0.0,0.0,0.0,0.0,0.0,0.0,0.0,0.0,0.0,0.0,0.0,-0.08963063597679138,0.0,0.0,0.0,0.0,0.0,0.0,0.0,0.0,0.0,0.0,0.0,0.0,0.0,0.0,0.0,0.0,0.0,0.0,0.00396108865737915,0.0,0.0,0.0,0.0,0.0,0.0,-0.015456160604953766,0.0,0.0,0.036330758333206176,0.0,0.0,0.0,0.0,0.0,-0.025722541809082032,0.0,0.0,0.0,0.0,0.0,-0.02106340415775776,0.0,0.0,0.0,0.07173058904707431,0.0,0.0,0.0,0.0,0.06695344157516957,2.0,2.0
Ebf1,0.14301047023385763,0.0,0.0,-0.07044198472052812,0.0,0.0,0.0,0.004480569362640381,0.0,0.0,0.0,0.0,-0.011687688399106264,0.0026730892062187196,0.0,0.044946919828653335,0.0,0.0,-0.15799503847956659,0.0,0.0,0.0,0.0,0.0,0.0,0.03777500536292791,0.0,-0.004676412045955658,0.0,0.07114949658513069,0.0,0.0,0.0,0.0,0.03233859127387404,0.0,0.0,0.0004778471775352955,0.0,0.0,0.0,0.0,0.0,0.0,0.0,0.0,0.0,0.0,0.0,0.0,0.0,0.0,0.0,0.333325197994709,0.0,0.0,0.0,0.0,0.0,0.0,0.0,0.0,0.0,0.0,0.0,0.0,0.0,0.0,0.0,0.0,0.0,0.0,0.0026407259702682494,0.0,0.0,0.0,0.0,0.0,0.0,0.006630084663629532,0.0,0.0,0.0302407781034708,0.0,0.0,0.0,0.0,0.0,-0.004822976589202881,0.0,0.0,0.0,0.0,0.0,-0.02106340415775776,0.0,0.0,0.0,-0.0029681624472141267,0.0,0.0,0.0,0.0,-0.04744059609249234,2.0,2.0
Plscr4,-0.04189851559698582,0.0,0.0,0.036093106269836424,0.0,0.0,0.0,0.006720853596925735,0.0,0.0,0.0,0.0,-0.07519163560122251,0.0026730892062187196,0.0,0.061126314550638196,0.0,0.0,-0.046166366934776305,0.0,0.0,0.0,0.0,0.0,0.0,0.009133797138929367,0.0,-0.004676412045955658,0.0,-0.02455602094531059,0.0,0.0,0.0,0.0,0.0589723639190197,0.0,0.0,-0.06969788745045662,0.0,0.0,0.0,0.0,0.0,0.0,0.0,0.0,0.0,0.0,0.0,0.0,0.0,0.0,0.0,-0.055428557097911835,0.0,0.0,0.0,0.0,0.0,0.0,0.0,0.0,0.0,0.0,0.0,0.0,0.0,0.0,0.0,0.0,0.0,0.0,0.00396108865737915,0.0,0.0,0.0,0.0,0.0,0.0,0.006630084663629532,0.0,0.0,0.036330758333206176,0.0,0.0,0.0,0.0,0.0,-0.004822976589202881,0.0,0.0,0.0,0.0,0.0,-0.02106340415775776,0.0,0.0,0.0,-0.004452243447303772,0.0,0.0,0.0,0.0,0.06695344157516957,2.0,1.0
Eya1,-0.15652060959488154,0.0,0.0,0.036093106269836424,0.0,0.0,0.0,0.006720853596925735,0.0,0.0,0.0,0.0,-0.017340776845812797,-0.016929565221071242,0.0,0.061126314550638196,0.0,0.0,-0.025574093908071516,0.0,0.0,0.0,0.0,0.0,0.0,-0.027738520130515098,0.0,-0.004676412045955658,0.0,0.0025185662508010864,0.0,0.0,0.0,0.0,0.0589723639190197,0.0,0.0,-0.06529039651155472,0.0,0.0,0.0,0.0,0.0,0.0,0.0,0.0,0.0,0.0,0.0,0.0,0.0,0.0,0.0,-0.08880533218383789,0.0,0.0,0.0,0.0,0.0,0.0,0.0,0.0,0.0,0.0,0.0,0.0,0.0,0.0,0.0,0.0,0.0,0.0,0.00396108865737915,0.0,0.0,0.0,0.0,0.0,0.0,0.004402510449290275,0.0,0.0,-0.06179807983338833,0.0,0.0,0.0,0.0,0.0,-0.025722541809082032,0.0,0.0,0.0,0.0,0.0,-0.02106340415775776,0.0,0.0,0.0,-0.004452243447303772,0.0,0.0,0.0,0.0,-0.0412827792018652,2.0,2.0
Mitf,-0.1588665597513318,0.0,0.0,0.036093106269836424,0.0,0.0,0.0,0.006720853596925735,0.0,0.0,0.0,0.0,-0.011687688399106264,0.0026730892062187196,0.0,0.061126314550638196,0.0,0.0,-0.04740432269871235,0.0,0.0,0.0,0.0,0.0,0.0,-0.027738520130515098,0.0,-0.004676412045955658,0.0,-0.02455602094531059,0.0,0.0,0.0,0.0,0.0589723639190197,0.0,0.0,-0.06969788745045662,0.0,0.0,0.0,0.0,0.0,0.0,0.0,0.0,0.0,0.0,0.0,0.0,0.0,0.0,0.0,-0.057323252260684965,0.0,0.0,0.0,0.0,0.0,0.0,0.0,0.0,0.0,0.0,0.0,0.0,0.0,0.0,0.0,0.0,0.0,0.0,0.00396108865737915,0.0,0.0,0.0,0.0,0.0,0.0,0.006630084663629532,0.0,0.0,0.036330758333206176,0.0,0.0,0.0,0.0,0.0,-0.025722541809082032,0.0,0.0,0.0,0.0,0.0,-0.02106340415775776,0.0,0.0,0.0,-0.004452243447303772,0.0,0.0,0.0,0.0,0.06695344157516957,2.0,2.0
Rcan2,-0.17847542434930802,0.0,0.0,-0.02632249703630805,0.0,0.0,0.0,0.006720853596925735,0.0,0.0,0.0,0.0,-0.011687688399106264,0.001782059669494629,0.0,0.034688890054821966,0.0,0.0,-0.0392825173586607,0.0,0.0,0.0,0.0,0.0,0.0,-0.019898132849484683,0.0,-0.004676412045955658,0.0,0.0012592831254005432,0.0,0.0,0.0,0.0,-0.05485540509223938,0.0,0.0,-0.09866139933466911,0.0,0.0,0.0,0.0,0.0,0.0,0.0,0.0,0.0,0.0,0.0,0.0,0.0,0.0,0.0,-0.0550003482401371,0.0,0.0,0.0,0.0,0.0,0.0,0.0,0.0,0.0,0.0,0.0,0.0,0.0,0.0,0.0,0.0,0.0,0.0,0.00396108865737915,0.0,0.0,0.0,0.0,0.0,0.0,-0.015456160604953766,0.0,0.0,0.012712944000959396,0.0,0.0,0.0,0.0,0.0,-0.025722541809082032,0.0,0.0,0.0,0.0,0.0,-0.02106340415775776,0.0,0.0,0.0,-0.004452243447303772,0.0,0.0,0.0,0.0,-0.09969338595867157,2.0,2.0
Pcsk1n,0.48210285380482676,0.0,0.0,0.036093106269836424,0.0,0.0,0.0,0.03667789429426193,0.0,0.0,0.0,0.0,-0.07519163560122251,0.0026730892062187196,0.0,0.061126314550638196,0.0,0.0,-0.029653789326548576,0.0,0.0,0.0,0.0,0.0,0.0,0.009133797138929367,0.0,-0.004676412045955658,0.0,-0.02455602094531059,0.0,0.0,0.0,0.0,0.0589723639190197,0.0,0.0,0.03007127920165658,0.0,0.0,0.0,0.0,0.0,0.0,0.0,0.0,0.0,0.0,0.0,0.0,0.0,0.0,0.0,0.0056086075305938725,0.0,0.0,0.0,0.0,0.0,0.0,0.0,0.0,0.0,0.0,0.0,0.0,0.0,0.0,0.0,0.0,0.0,0.0,0.025086894929409027,0.0,0.0,0.0,0.0,0.0,0.0,0.006630084663629532,0.0,0.0,0.036330758333206176,0.0,0.0,0.0,0.0,0.0,0.030545518398284913,0.0,0.0,0.0,0.0,0.0,-0.009361512959003448,0.0,0.0,0.0,-0.005936324670910835,0.0,0.0,0.0,0.0,0.06695344157516957,0.0,0.0
Etv5,-0.19449376564472914,0.0,0.0,0.011512395143508911,0.0,0.0,0.0,0.006720853596925735,0.0,0.0,0.0,0.0,0.020632376819849016,0.001782059669494629,0.0,0.03892042398452759,0.0,0.0,-0.02442704774439335,0.0,0.0,0.0,0.0,0.0,0.0,-0.027738520130515098,0.0,-0.004676412045955658,0.0,0.0025185662508010864,0.0,0.0,0.0,0.0,-0.09692183092236518,0.0,0.0,-0.06529039651155472,0.0,0.0,0.0,0.0,0.0,0.0,0.0,0.0,0.0,0.0,0.0,0.0,0.0,0.0,0.0,-0.08880533218383789,0.0,0.0,0.0,0.0,0.0,0.0,0.0,0.0,0.0,0.0,0.0,0.0,0.0,0.0,0.0,0.0,0.0,0.0,0.00396108865737915,0.0,0.0,0.0,0.0,0.0,0.0,-0.015456160604953766,0.0,0.0,-0.06179807983338833,0.0,0.0,0.0,0.0,0.0,-0.025722541809082032,0.0,0.0,0.0,0.0,0.0,-0.02106340415775776,0.0,0.0,0.0,-0.004452243447303772,0.0,0.0,0.0,0.0,-0.0412827792018652,2.0,1.0
Syt14,-0.21308910746127366,0.0,0.0,0.011512395143508911,0.0,0.0,0.0,0.006720853596925735,0.0,0.0,0.0,0.0,0.020632376819849016,0.001782059669494629,0.0,0.03892042398452759,0.0,0.0,-0.02442704774439335,0.0,0.0,0.0,0.0,0.0,0.0,-0.027738520130515098,0.0,-0.004676412045955658,0.0,0.0025185662508010864,0.0,0.0,0.0,0.0,-0.09692183092236518,0.0,0.0,0.06207888826727867,0.0,0.0,0.0,0.0,0.0,0.0,0.0,0.0,0.0,0.0,0.0,0.0,0.0,0.0,0.0,-0.07266359090805054,0.0,0.0,0.0,0.0,0.0,0.0,0.0,0.0,0.0,0.0,0.0,0.0,0.0,0.0,0.0,0.0,0.0,0.0,0.00396108865737915,0.0,0.0,0.0,0.0,0.0,0.0,-0.015456160604953766,0.0,0.0,0.012712944000959396,0.0,0.0,0.0,0.0,0.0,-0.025722541809082032,0.0,0.0,0.0,0.0,0.0,-0.02106340415775776,0.0,0.0,0.0,-0.014840811789035797,0.0,0.0,0.0,0.0,-0.09969338595867157,2.0,2.0
6030407O03Rik,-0.1316155930608511,0.0,0.0,0.036093106269836424,0.0,0.0,0.0,0.004740309566259384,0.0,0.0,0.0,0.0,-0.011687688399106264,0.001782059669494629,0.0,0.061126314550638196,0.0,0.0,-0.0392825173586607,0.0,0.0,0.0,0.0,0.0,0.0,-0.019898132849484683,0.0,-0.004676412045955658,0.0,0.0025185662508010864,0.0,0.0,0.0,0.0,0.0589723639190197,0.0,0.0,0.06207888826727867,0.0,0.0,0.0,0.0,0.0,0.0,0.0,0.0,0.0,0.0,0.0,0.0,0.0,0.0,0.0,-0.07348889470100403,0.0,0.0,0.0,0.0,0.0,0.0,0.0,0.0,0.0,0.0,0.0,0.0,0.0,0.0,0.0,0.0,0.0,0.0,-0.007922177463769912,0.0,0.0,0.0,0.0,0.0,0.0,-0.015456160604953766,0.0,0.0,0.036330758333206176,0.0,0.0,0.0,0.0,0.0,-0.025722541809082032,0.0,0.0,0.0,0.0,0.0,-0.02106340415775776,0.0,0.0,0.0,-0.014840811789035797,0.0,0.0,0.0,0.0,0.06695344157516957,2.0,2.0
Caln1,0.11680486777797341,0.0,0.0,-0.054701565951108935,0.0,0.0,0.0,0.004480569362640381,0.0,0.0,0.0,0.0,-0.011687688399106264,0.006682723462581634,0.0,0.009068137211725115,0.0,0.0,0.12248427020385862,0.0,0.0,0.0,0.0,0.0,0.0,-0.09968405090272427,0.0,0.0177703657746315,0.0,0.022037454694509507,0.0,0.0,0.0,0.0,-0.023302361126989125,0.0,0.0,-0.19785924507305025,0.0,0.0,0.0,0.0,0.0,0.0,0.0,0.0,0.0,0.0,0.0,0.0,0.0,0.0,0.0,0.2022571288049221,0.0,0.0,0.0,0.0,0.0,0.0,0.0,0.0,0.0,0.0,0.0,0.0,0.0,0.0,0.0,0.0,0.0,0.0,0.0026407259702682494,0.0,0.0,0.0,0.0,0.0,0.0,-0.08879049636423587,0.0,0.0,0.0302407781034708,0.0,0.0,0.0,0.0,0.0,-0.004822976589202881,0.0,0.0,0.0,0.0,0.0,-0.007021134719252586,0.0,0.0,0.0,-0.0029681624472141267,0.0,0.0,0.0,0.0,-0.04744059609249234,0.0,2.0
Cst3,0.3937720374949276,0.0,0.0,-0.15035146825015544,0.0,0.0,0.0,-0.18118164762854577,0.0,0.0,0.0,0.0,0.09839992374181747,0.0026730892062187196,0.0,0.032811133041977886,0.0,0.0,-0.029653789326548576,0.0,0.0,0.0,0.0,0.0,0.0,0.009133797138929367,0.0,-0.004676412045955658,0.0,-0.02455602094531059,0.0,0.0,0.0,0.0,0.012361220251768827,0.0,0.0,0.03007127920165658,0.0,0.0,0.0,0.0,0.0,0.0,0.0,0.0,0.0,0.0,0.0,0.0,0.0,0.0,0.0,-0.02276832953095436,0.0,0.0,0.0,0.0,0.0,0.0,0.0,0.0,0.0,0.0,0.0,0.0,0.0,0.0,0.0,0.0,0.0,0.0,0.00924254059791565,0.0,0.0,0.0,0.0,0.0,0.0,0.006630084663629532,0.0,0.0,0.036330758333206176,0.0,0.0,0.0,0.0,0.0,0.030545518398284913,0.0,0.0,0.0,0.0,0.0,-0.009361512959003448,0.0,0.0,0.0,-0.005936324670910835,0.0,0.0,0.0,0.0,0.06695344157516957,0.0,1.0
Tmsb4x,0.48210285380482676,0.0,0.0,-0.02781590325757861,0.0,0.0,0.0,0.03667789429426193,0.0,0.0,0.0,0.0,-0.07519163560122251,-0.016929565221071242,0.0,-0.13861931636929511,0.0,0.0,-0.007823560396209359,0.0,0.0,0.0,0.0,0.0,0.0,0.009133797138929367,0.0,-0.02338206022977829,0.0,-0.02455602094531059,0.0,0.0,0.0,0.0,0.01685387745499611,0.0,0.0,0.03007127920165658,0.0,0.0,0.0,0.0,0.0,0.0,0.0,0.0,0.0,0.0,0.0,0.0,0.0,0.0,0.0,0.0056086075305938725,0.0,0.0,0.0,0.0,0.0,0.0,0.0,0.0,0.0,0.0,0.0,0.0,0.0,0.0,0.0,0.0,0.0,0.0,0.025086894929409027,0.0,0.0,0.0,0.0,0.0,0.0,0.004402510449290275,0.0,0.0,0.036330758333206176,0.0,0.0,0.0,0.0,0.0,0.030545518398284913,0.0,0.0,0.0,0.0,0.0,-0.009361512959003448,0.0,0.0,0.0,-0.005936324670910835,0.0,0.0,0.0,0.0,0.06695344157516957,0.0,0.0
Nova1,-0.19118662688881158,0.0,0.0,0.036093106269836424,0.0,0.0,0.0,0.006720853596925735,0.0,0.0,0.0,0.0,0.020632376819849016,0.0026730892062187196,0.0,0.061126314550638196,0.0,0.0,-0.04740432269871235,0.0,0.0,0.0,0.0,0.0,0.0,-0.027738520130515098,0.0,-0.004676412045955658,0.0,0.0025185662508010864,0.0,0.0,0.0,0.0,0.0589723639190197,0.0,0.0,-0.06529039651155472,0.0,0.0,0.0,0.0,0.0,0.0,0.0,0.0,0.0,0.0,0.0,0.0,0.0,0.0,0.0,-0.08880533218383789,0.0,0.0,0.0,0.0,0.0,0.0,0.0,0.0,0.0,0.0,0.0,0.0,0.0,0.0,0.0,0.0,0.0,0.0,0.00396108865737915,0.0,0.0,0.0,0.0,0.0,0.0,0.006630084663629532,0.0,0.0,0.036330758333206176,0.0,0.0,0.0,0.0,0.0,-0.025722541809082032,0.0,0.0,0.0,0.0,0.0,-0.02106340415775776,0.0,0.0,0.0,-0.004452243447303772,0.0,0.0,0.0,0.0,0.06695344157516957,2.0,2.0
Pls1,-0.22297048158943653,0.0,0.0,0.036093106269836424,0.0,0.0,0.0,0.006720853596925735,0.0,0.0,0.0,0.0,0.020632376819849016,-0.016929565221071242,0.0,0.061126314550638196,0.0,0.0,-0.049920557402074336,0.0,0.0,0.0,0.0,0.0,0.0,0.006245233379304409,0.0,-0.004676412045955658,0.0,0.0025185662508010864,0.0,0.0,0.0,0.0,0.0589723639190197,0.0,0.0,0.06207888826727867,0.0,0.0,0.0,0.0,0.0,0.0,0.0,0.0,0.0,0.0,0.0,0.0,0.0,0.0,0.0,-0.07241950333118438,0.0,0.0,0.0,0.0,0.0,0.0,0.0,0.0,0.0,0.0,0.0,0.0,0.0,0.0,0.0,0.0,0.0,0.0,0.00396108865737915,0.0,0.0,0.0,0.0,0.0,0.0,0.004402510449290275,0.0,0.0,0.012712944000959396,0.0,0.0,0.0,0.0,0.0,-0.025722541809082032,0.0,0.0,0.0,0.0,0.0,-0.02106340415775776,0.0,0.0,0.0,-0.014840811789035797,0.0,0.0,0.0,0.0,-0.09969338595867157,2.0,2.0
Lin52,-0.1807690403237939,0.0,0.0,0.011512395143508911,0.0,0.0,0.0,0.006720853596925735,0.0,0.0,0.0,0.0,-0.011687688399106264,0.001782059669494629,0.0,0.03892042398452759,0.0,0.0,-0.02442704774439335,0.0,0.0,0.0,0.0,0.0,0.0,-0.027738520130515098,0.0,-0.004676412045955658,0.0,-0.02455602094531059,0.0,0.0,0.0,0.0,-0.09692183092236518,0.0,0.0,0.05767139732837677,0.0,0.0,0.0,0.0,0.0,0.0,0.0,0.0,0.0,0.0,0.0,0.0,0.0,0.0,0.0,-0.04118151277303696,0.0,0.0,0.0,0.0,0.0,0.0,0.0,0.0,0.0,0.0,0.0,0.0,0.0,0.0,0.0,0.0,0.0,0.0,0.00396108865737915,0.0,0.0,0.0,0.0,0.0,0.0,-0.015456160604953766,0.0,0.0,0.012712944000959396,0.0,0.0,0.0,0.0,0.0,-0.025722541809082032,0.0,0.0,0.0,0.0,0.0,-0.02106340415775776,0.0,0.0,0.0,-0.014840811789035797,0.0,0.0,0.0,0.0,-0.09969338595867157,2.0,2.0
Cmss1,0.2178795738518238,0.0,0.0,0.011512395143508911,0.0,0.0,0.0,-0.008560696989297867,0.0,0.0,0.0,0.0,-0.017340776845812797,0.001782059669494629,0.0,0.03892042398452759,0.0,0.0,-0.008333622589707374,0.0,0.0,0.0,0.0,0.0,0.0,0.08275406613945961,0.0,-0.004676412045955658,0.0,-0.02455602094531059,0.0,0.0,0.0,0.0,-0.09692183092236518,0.0,0.0,-0.06969788745045662,0.0,0.0,0.0,0.0,0.0,0.0,0.0,0.0,0.0,0.0,0.0,0.0,0.0,0.0,0.0,-0.04974447160959244,0.0,0.0,0.0,0.0,0.0,0.0,0.0,0.0,0.0,0.0,0.0,0.0,0.0,0.0,0.0,0.0,0.0,0.0,0.0026407259702682494,0.0,0.0,0.0,0.0,0.0,0.0,-0.015456160604953766,0.0,0.0,0.0302407781034708,0.0,0.0,0.0,0.0,0.0,-0.004822976589202881,0.0,0.0,0.0,0.0,0.0,-0.02106340415775776,0.0,0.0,0.0,-0.004452243447303772,0.0,0.0,0.0,0.0,-0.04744059609249234,0.0,2.0
St18,0.12400284212082624,0.0,0.0,-0.15035146825015544,0.0,0.0,0.0,-0.008560696989297867,0.0,0.0,0.0,0.0,-0.017340776845812797,0.0026730892062187196,0.0,0.010364355584606529,0.0,0.0,-0.017528671100735665,0.0,0.0,0.0,0.0,0.0,0.0,0.08275406613945961,0.0,0.0177703657746315,0.0,0.0025185662508010864,0.0,0.0,0.0,0.0,0.012361220251768827,0.0,0.0,-0.06529039651155472,0.0,0.0,0.0,0.0,0.0,0.0,0.0,0.0,0.0,0.0,0.0,0.0,0.0,0.0,0.0,-0.08122655153274536,0.0,0.0,0.0,0.0,0.0,0.0,0.0,0.0,0.0,0.0,0.0,0.0,0.0,0.0,0.0,0.0,0.0,0.0,0.0026407259702682494,0.0,0.0,0.0,0.0,0.0,0.0,0.006630084663629532,0.0,0.0,0.039307182878255846,0.0,0.0,0.0,0.0,0.0,0.030545518398284913,0.0,0.0,0.0,0.0,0.0,0.11519861780107021,0.0,0.0,0.0,-0.004452243447303772,0.0,0.0,0.0,0.0,0.027267778739333153,2.0,2.0
Kcnmb2,0.14159825459122657,0.0,0.0,0.036093106269836424,0.0,0.0,0.0,0.006720853596925735,0.0,0.0,0.0,0.0,0.020632376819849016,0.006682723462581634,0.0,0.061126314550638196,0.0,0.0,0.07477704638615251,0.0,0.0,0.0,0.0,0.0,0.0,0.08275406613945961,0.0,-0.004676412045955658,0.0,0.0025185662508010864,0.0,0.0,0.0,0.0,0.0589723639190197,0.0,0.0,-0.14493609890341758,0.0,0.0,0.0,0.0,0.0,0.0,0.0,0.0,0.0,0.0,0.0,0.0,0.0,0.0,0.0,-0.08122655153274536,0.0,0.0,0.0,0.0,0.0,0.0,0.0,0.0,0.0,0.0,0.0,0.0,0.0,0.0,0.0,0.0,0.0,0.0,0.00396108865737915,0.0,0.0,0.0,0.0,0.0,0.0,-0.08879049636423587,0.0,0.0,0.0302407781034708,0.0,0.0,0.0,0.0,0.0,0.030545518398284913,0.0,0.0,0.0,0.0,0.0,0.05330861546099186,0.0,0.0,0.0,0.07173058904707431,0.0,0.0,0.0,0.0,-0.04744059609249234,0.0,0.0
Clstn2,0.22169899672269822,0.0,0.0,0.011512395143508911,0.0,0.0,0.0,0.004480569362640381,0.0,0.0,0.0,0.0,-0.011687688399106264,0.001782059669494629,0.0,0.016473646350204943,0.0,0.0,0.005448603928089142,0.0,0.0,0.0,0.0,0.0,0.0,0.08275406613945961,0.0,0.0177703657746315,0.0,0.022037454694509507,0.0,0.0,0.0,0.0,-0.09692183092236518,0.0,0.0,-0.22383067026734352,0.0,0.0,0.0,0.0,0.0,0.0,0.0,0.0,0.0,0.0,0.0,0.0,0.0,0.0,0.0,0.18196979723870754,0.0,0.0,0.0,0.0,0.0,0.0,0.0,0.0,0.0,0.0,0.0,0.0,0.0,0.0,0.0,0.0,0.0,0.0,0.0026407259702682494,0.0,0.0,0.0,0.0,0.0,0.0,-0.015456160604953766,0.0,0.0,0.0302407781034708,0.0,0.0,0.0,0.0,0.0,-0.004822976589202881,0.0,0.0,0.0,0.0,0.0,0.11519861780107021,0.0,0.0,0.0,0.04724325228482485,0.0,0.0,0.0,0.0,-0.04744059609249234,0.0,0.0
Sfmbt2,-0.17251489803195,0.0,0.0,0.013503781557083129,0.0,0.0,0.0,0.006720853596925735,0.0,0.0,0.0,0.0,0.020632376819849016,0.006682723462581634,0.0,-0.18765532806515695,0.0,0.0,0.05992157699540258,0.0,0.0,0.0,0.0,0.0,0.0,0.009133797138929367,0.0,-0.02338206022977829,0.0,-0.02455602094531059,0.0,0.0,0.0,0.0,0.024570204075425862,0.0,0.0,-0.1493435898423195,0.0,0.0,0.0,0.0,0.0,0.0,0.0,0.0,0.0,0.0,0.0,0.0,0.0,0.0,0.0,-0.055428557097911835,0.0,0.0,0.0,0.0,0.0,0.0,0.0,0.0,0.0,0.0,0.0,0.0,0.0,0.0,0.0,0.0,0.0,0.0,0.00396108865737915,0.0,0.0,0.0,0.0,0.0,0.0,-0.08879049636423587,0.0,0.0,0.036330758333206176,0.0,0.0,0.0,0.0,0.0,0.09002889633178711,0.0,0.0,0.0,0.0,0.0,0.05330861546099186,0.0,0.0,0.0,0.07173058904707431,0.0,0.0,0.0,0.0,0.06695344157516957,0.0,0.0
Arhgap5,-0.1856398567929864,0.0,0.0,0.036093106269836424,0.0,0.0,0.0,0.006720853596925735,0.0,0.0,0.0,0.0,0.020632376819849016,0.0026730892062187196,0.0,0.061126314550638196,0.0,0.0,-0.04740432269871235,0.0,0.0,0.0,0.0,0.0,0.0,-0.027738520130515098,0.0,-0.004676412045955658,0.0,0.0025185662508010864,0.0,0.0,0.0,0.0,0.0589723639190197,0.0,0.0,0.06207888826727867,0.0,0.0,0.0,0.0,0.0,0.0,0.0,0.0,0.0,0.0,0.0,0.0,0.0,0.0,0.0,-0.07266359090805054,0.0,0.0,0.0,0.0,0.0,0.0,0.0,0.0,0.0,0.0,0.0,0.0,0.0,0.0,0.0,0.0,0.0,0.0,0.00396108865737915,0.0,0.0,0.0,0.0,0.0,0.0,0.006630084663629532,0.0,0.0,0.036330758333206176,0.0,0.0,0.0,0.0,0.0,-0.025722541809082032,0.0,0.0,0.0,0.0,0.0,-0.02106340415775776,0.0,0.0,0.0,-0.014840811789035797,0.0,0.0,0.0,0.0,0.06695344157516957,2.0,1.0
Abca8a,-0.14062540652230382,0.0,0.0,0.036093106269836424,0.0,0.0,0.0,0.006720853596925735,0.0,0.0,0.0,0.0,0.020632376819849016,0.0026730892062187196,0.0,0.061126314550638196,0.0,0.0,-0.04740432269871235,0.0,0.0,0.0,0.0,0.0,0.0,-0.027738520130515098,0.0,-0.004676412045955658,0.0,0.0025185662508010864,0.0,0.0,0.0,0.0,0.0589723639190197,0.0,0.0,0.06207888826727867,0.0,0.0,0.0,0.0,0.0,0.0,0.0,0.0,0.0,0.0,0.0,0.0,0.0,0.0,0.0,-0.07266359090805054,0.0,0.0,0.0,0.0,0.0,0.0,0.0,0.0,0.0,0.0,0.0,0.0,0.0,0.0,0.0,0.0,0.0,0.0,0.00396108865737915,0.0,0.0,0.0,0.0,0.0,0.0,0.006630084663629532,0.0,0.0,0.036330758333206176,0.0,0.0,0.0,0.0,0.0,0.09002889633178711,0.0,0.0,0.0,0.0,0.0,-0.02106340415775776,0.0,0.0,0.0,-0.014840811789035797,0.0,0.0,0.0,0.0,0.06695344157516957,2.0,1.0
Pou6f2,0.19186592251062393,0.0,0.0,0.036093106269836424,0.0,0.0,0.0,0.004480569362640381,0.0,0.0,0.0,0.0,0.020632376819849016,0.006682723462581634,0.0,0.061126314550638196,0.0,0.0,0.07477704638615251,0.0,0.0,0.0,0.0,0.0,0.0,0.08275406613945961,0.0,-0.004676412045955658,0.0,0.07114949658513069,0.0,0.0,0.0,0.0,0.0589723639190197,0.0,0.0,0.0004778471775352955,0.0,0.0,0.0,0.0,0.0,0.0,0.0,0.0,0.0,0.0,0.0,0.0,0.0,0.0,0.0,0.33827702075242994,0.0,0.0,0.0,0.0,0.0,0.0,0.0,0.0,0.0,0.0,0.0,0.0,0.0,0.0,0.0,0.0,0.0,0.0,0.0026407259702682494,0.0,0.0,0.0,0.0,0.0,0.0,-0.08879049636423587,0.0,0.0,0.0302407781034708,0.0,0.0,0.0,0.0,0.0,-0.004822976589202881,0.0,0.0,0.0,0.0,0.0,0.05330861546099186,0.0,0.0,0.0,-0.0029681624472141267,0.0,0.0,0.0,0.0,-0.04744059609249234,2.0,0.0
Rpl13,0.5422664698772133,0.0,0.0,0.011512395143508911,0.0,0.0,0.0,0.03667789429426193,0.0,0.0,0.0,0.0,-0.049348945431411266,0.001782059669494629,0.0,0.03892042398452759,0.0,0.0,-0.007914469987154006,0.0,0.0,0.0,0.0,0.0,0.0,-0.027738520130515098,0.0,-0.004676412045955658,0.0,0.0025185662508010864,0.0,0.0,0.0,0.0,-0.09692183092236518,0.0,0.0,0.03447877014055848,0.0,0.0,0.0,0.0,0.0,0.0,0.0,0.0,0.0,0.0,0.0,0.0,0.0,0.0,0.0,-0.027768166065216066,0.0,0.0,0.0,0.0,0.0,0.0,0.0,0.0,0.0,0.0,0.0,0.0,0.0,0.0,0.0,0.0,0.0,0.0,0.025086894929409027,0.0,0.0,0.0,0.0,0.0,0.0,-0.015456160604953766,0.0,0.0,-0.13777722299098968,0.0,0.0,0.0,0.0,0.0,0.030545518398284913,0.0,0.0,0.0,0.0,0.0,-0.009361512959003448,0.0,0.0,0.0,-0.005936324670910835,0.0,0.0,0.0,0.0,0.02576709058135748,0.0,1.0
Nell2,0.20117134131491185,0.0,0.0,0.011512395143508911,0.0,0.0,0.0,0.006720853596925735,0.0,0.0,0.0,0.0,-0.011687688399106264,0.0026730892062187196,0.0,0.03892042398452759,0.0,0.0,-0.03131089754402638,0.0,0.0,0.0,0.0,0.0,0.0,0.08275406613945961,0.0,-0.004676412045955658,0.0,0.0025185662508010864,0.0,0.0,0.0,0.0,-0.09692183092236518,0.0,0.0,0.06207888826727867,0.0,0.0,0.0,0.0,0.0,0.0,0.0,0.0,0.0,0.0,0.0,0.0,0.0,0.0,0.0,-0.065084810256958,0.0,0.0,0.0,0.0,0.0,0.0,0.0,0.0,0.0,0.0,0.0,0.0,0.0,0.0,0.0,0.0,0.0,0.0,0.00396108865737915,0.0,0.0,0.0,0.0,0.0,0.0,0.006630084663629532,0.0,0.0,0.0302407781034708,0.0,0.0,0.0,0.0,0.0,-0.004822976589202881,0.0,0.0,0.0,0.0,0.0,-0.02106340415775776,0.0,0.0,0.0,-0.014840811789035797,0.0,0.0,0.0,0.0,-0.04744059609249234,0.0,0.0
Atp13a4,-0.19887152343988418,0.0,0.0,0.011512395143508911,0.0,0.0,0.0,0.006720853596925735,0.0,0.0,0.0,0.0,-0.011687688399106264,0.001782059669494629,0.0,0.03892042398452759,0.0,0.0,-0.023189091980457308,0.0,0.0,0.0,0.0,0.0,0.0,0.009133797138929367,0.0,-0.004676412045955658,0.0,0.0012592831254005432,0.0,0.0,0.0,0.0,-0.09692183092236518,0.0,0.0,-0.09866139933466911,0.0,0.0,0.0,0.0,0.0,0.0,0.0,0.0,0.0,0.0,0.0,0.0,0.0,0.0,0.0,-0.05228034928441048,0.0,0.0,0.0,0.0,0.0,0.0,0.0,0.0,0.0,0.0,0.0,0.0,0.0,0.0,0.0,0.0,0.0,0.0,0.00396108865737915,0.0,0.0,0.0,0.0,0.0,0.0,-0.015456160604953766,0.0,0.0,0.036330758333206176,0.0,0.0,0.0,0.0,0.0,-0.025722541809082032,0.0,0.0,0.0,0.0,0.0,-0.02106340415775776,0.0,0.0,0.0,-0.004452243447303772,0.0,0.0,0.0,0.0,0.06695344157516957,2.0,2.0
Fnip1,-0.17245199922472237,0.0,0.0,0.011512395143508911,0.0,0.0,0.0,0.004740309566259384,0.0,0.0,0.0,0.0,-0.011687688399106264,0.001782059669494629,0.0,0.03892042398452759,0.0,0.0,-0.02442704774439335,0.0,0.0,0.0,0.0,0.0,0.0,-0.027738520130515098,0.0,-0.004676412045955658,0.0,-0.02455602094531059,0.0,0.0,0.0,0.0,-0.09692183092236518,0.0,0.0,-0.06969788745045662,0.0,0.0,0.0,0.0,0.0,0.0,0.0,0.0,0.0,0.0,0.0,0.0,0.0,0.0,0.0,-0.057323252260684965,0.0,0.0,0.0,0.0,0.0,0.0,0.0,0.0,0.0,0.0,0.0,0.0,0.0,0.0,0.0,0.0,0.0,0.0,-0.007922177463769912,0.0,0.0,0.0,0.0,0.0,0.0,-0.015456160604953766,0.0,0.0,0.012712944000959396,0.0,0.0,0.0,0.0,0.0,-0.025722541809082032,0.0,0.0,0.0,0.0,0.0,-0.02106340415775776,0.0,0.0,0.0,-0.004452243447303772,0.0,0.0,0.0,0.0,-0.09969338595867157,2.0,2.0
C1ql1,0.5690649112313986,0.0,0.0,-0.07044198472052812,0.0,0.0,0.0,0.03667789429426193,0.0,0.0,0.0,0.0,0.09839992374181747,0.022721258848905565,0.0,0.044946919828653335,0.0,0.0,0.1393390191346407,0.0,0.0,0.0,0.0,0.0,0.0,-0.027738520130515098,0.0,-0.004676412045955658,0.0,-0.02455602094531059,0.0,0.0,0.0,0.0,0.03233859127387404,0.0,0.0,0.03007127920165658,0.0,0.0,0.0,0.0,0.0,0.0,0.0,0.0,0.0,0.0,0.0,0.0,0.0,0.0,0.0,0.0037139123678207398,0.0,0.0,0.0,0.0,0.0,0.0,0.0,0.0,0.0,0.0,0.0,0.0,0.0,0.0,0.0,0.0,0.0,0.0,0.025086894929409027,0.0,0.0,0.0,0.0,0.0,0.0,0.05832368984818458,0.0,0.0,-0.13777722299098968,0.0,0.0,0.0,0.0,0.0,-0.004822976589202881,0.0,0.0,0.0,0.0,0.0,-0.004680756479501724,0.0,0.0,0.0,-0.005936324670910835,0.0,0.0,0.0,0.0,0.02576709058135748,0.0,1.0
Tenm4,0.07132672069594265,0.0,0.0,0.036093106269836424,0.0,0.0,0.0,0.004480569362640381,0.0,0.0,0.0,0.0,-0.011687688399106264,0.0026730892062187196,0.0,0.03867953673005104,0.0,0.0,-0.04286515146493912,0.0,0.0,0.0,0.0,0.0,0.0,0.03401218295097351,0.0,0.0177703657746315,0.0,0.022037454694509507,0.0,0.0,0.0,0.0,0.0589723639190197,0.0,0.0,-0.19785924507305025,0.0,0.0,0.0,0.0,0.0,0.0,0.0,0.0,0.0,0.0,0.0,0.0,0.0,0.0,0.0,0.06220374971628189,0.0,0.0,0.0,0.0,0.0,0.0,0.0,0.0,0.0,0.0,0.0,0.0,0.0,0.0,0.0,0.0,0.0,0.0,0.0026407259702682494,0.0,0.0,0.0,0.0,0.0,0.0,0.006630084663629532,0.0,0.0,0.039307182878255846,0.0,0.0,0.0,0.0,0.0,-0.004822976589202881,0.0,0.0,0.0,0.0,0.0,-0.02106340415775776,0.0,0.0,0.0,-0.0029681624472141267,0.0,0.0,0.0,0.0,0.027267778739333153,0.0,0.0
Myo6,-0.2428946853429079,0.0,0.0,0.036093106269836424,0.0,0.0,0.0,0.006720853596925735,0.0,0.0,0.0,0.0,0.020632376819849016,-0.11226974964141846,0.0,0.061126314550638196,0.0,0.0,0.0684141175635159,0.0,0.0,0.0,0.0,0.0,0.0,0.009133797138929367,0.0,-0.004676412045955658,0.0,-0.02455602094531059,0.0,0.0,0.0,0.0,0.0589723639190197,0.0,0.0,0.05767139732837677,0.0,0.0,0.0,0.0,0.0,0.0,0.0,0.0,0.0,0.0,0.0,0.0,0.0,0.0,0.0,-0.03928681761026383,0.0,0.0,0.0,0.0,0.0,0.0,0.0,0.0,0.0,0.0,0.0,0.0,0.0,0.0,0.0,0.0,0.0,0.0,0.00396108865737915,0.0,0.0,0.0,0.0,0.0,0.0,0.019563895030878485,0.0,0.0,0.012712944000959396,0.0,0.0,0.0,0.0,0.0,-0.025722541809082032,0.0,0.0,0.0,0.0,0.0,0.05330861546099186,0.0,0.0,0.0,-0.014840811789035797,0.0,0.0,0.0,0.0,-0.09969338595867157,2.0,0.0
