gene_name,gene_length.meta,18mo.2mo.activity.log_ratio.min.5kb-20kb.enhancer_DMR,18mo.2mo.activity.log_ratio.mean.5kb-20kb.enhancer_DMR,18mo.9mo.activity.log_ratio.mean.5kb-20kb.enhancer_DMR,9mo.2mo.activity.log_ratio.count.5kb-20kb.enhancer_DMR,count.enhancer_DMR,18mo.9mo.contact.log_ratio.max.20kb-5Mb.enhancer_DMR,18mo.2mo.activity.log_ratio.median.5kb-20kb.enhancer_DMR,18mo.2mo.activity.log_ratio.count.5kb-20kb.enhancer_DMR,18mo.2mo.activity.log_ratio.max.5kb-20kb.enhancer_DMR,18mo.9mo.contact.log_ratio.max.20kb-5Mb.enhancer_peak,18mo.9mo.contact.log_ratio.median.20kb-5Mb.enhancer_peak,count.enhancer_peak,18mo.9mo.activity.log_ratio.mean.20kb-5Mb.enhancer_peak,18mo.9mo.contact.log_ratio.count.20kb-5Mb.enhancer_peak,18mo.9mo.contact.log_ratio.std.20kb-5Mb.enhancer_peak,18mo.9mo.contact.log_ratio.min.20kb-5Mb.enhancer_peak,18mo.9mo.activity.log_ratio.median.20kb-5Mb.enhancer_peak,18mo.2mo.log_ratio.DAR,9mo.2mo.log_ratio.DAR,rel_pos.DAR,count.DAR,18mo.9mo.log_ratio.DAR,count.DMR,size.log2.DMR,18mo.2mo.log_ratio.DMR,18mo.9mo.log_ratio.DMR,distance.log2.DMR,9mo.2mo.log_ratio.DMR,rel_pos.DMR,min_distance.log.min.loops,9mo.2mo.T.median.loops,18mo.9mo.Q.mean.loops,18mo.2mo.Q.mean.loops,Qanova.mean.loops,18mo.2mo.Q.min.loops,9mo.2mo.Q.std.loops,18mo.9mo.T.max.loops,Tanova.max.loops,18mo.2mo.T.mean.loops,min_distance.log.median.loops,9mo.2mo.T.mean.loops,18mo.2mo.Q.std.loops,count.loops,9mo.2mo.T.min.loops,18mo.2mo.Q.median.loops,18mo.9mo.Q.min.loops,loop_size.log.min.loops,Qanova.min.loops,Qanova.std.loops,min_distance.log.std.loops,18mo.9mo.T.median.loops,loop_size.log.mean.loops,min_distance.log.max.loops,loop_size.log.median.loops,9mo.2mo.Q.median.loops,9mo.2mo.T.max.loops,18mo.2mo.T.min.loops,18mo.9mo.T.mean.loops,9mo.2mo.Q.min.loops,Tanova.median.loops,18mo.2mo.T.std.loops,Tanova.mean.loops,loop_size.log.max.loops,18mo.2mo.T.max.loops,18mo.2mo.Q.max.loops,18mo.9mo.Q.median.loops,9mo.2mo.T.std.loops,18mo.9mo.Q.max.loops,Tanova.std.loops,Qanova.max.loops,loop_size.log.std.loops,Tanova.min.loops,18mo.9mo.T.std.loops,9mo.2mo.Q.max.loops,18mo.9mo.T.min.loops,min_distance.log.mean.loops,18mo.9mo.Q.std.loops,18mo.2mo.T.median.loops,Qanova.median.loops,9mo.2mo.Q.mean.loops,9mo.2mo.log_ratio.mcg_genebody,18mo.9mo.log_ratio.mcg_genebody,18mo.2mo.log_ratio.mcg_genebody,9mo.2mo.log_ratio.mch_genebody,18mo.9mo.log_ratio.mch_genebody,18mo.2mo.log_ratio.mch_genebody,9mo.2mo.log_ratio.max.atac,18mo.2mo.log_ratio.max.atac,18mo.9mo.log_ratio.max.atac,count.atac,18mo.9mo.log_ratio.std.atac,log2_distance.mean.atac,9mo.2mo.log_ratio.std.atac,9mo.2mo.log_ratio.mean.atac,log2_distance.max.atac,log2_distance.std.atac,18mo.2mo.log_ratio.mean.atac,9mo.2mo.log_ratio.min.atac,18mo.9mo.log_ratio.min.atac,18mo.9mo.log_ratio.mean.atac,log2_distance.min.atac,18mo.2mo.log_ratio.min.atac,18mo.2mo.log_ratio.std.atac,DEG,pred
Polq,0.49118810646235944,0.0,0.0,0.0,0.0,0.0,0.0,0.0,0.0,0.0,0.0,0.0,0.0,0.0,0.0,0.0,0.0,-0.10642838954925538,0.022307338714599608,0.02288539133965969,0.0,0.0,0.0,0.0,-0.057031945027410984,-0.06416675493121148,0.0,0.006729633212089538,0.0,0.0,0.0,0.0,0.0,0.0,0.0,0.0,0.0,0.0,0.0,0.0,0.0,0.0,0.0,0.0,0.0,0.0,0.0,0.0,0.0,0.0,0.0,0.0,0.0,0.0,0.0,0.0,0.0,0.0,0.0,0.0,0.0,0.0,0.0,0.0,0.0,0.0,0.0,0.02718579947948456,0.0,0.0,0.0,0.0,0.0,0.0,0.0,0.0,0.0,0.0,0.0,0.0,0.0,0.0,0.0,0.0,0.0,0.0,0.0,0.0,-0.07537533760070801,0.0,0.0,0.0,0.0,0.0,0.0,0.0,0.0,-0.29483841467648747,0.0,0.0,0.0,0.0,0.0,0.0,1.0,1.0
Arhgap42,0.5578778823465109,0.0,0.0,0.0,0.0,0.0,0.0,0.0,0.0,0.0,0.0,0.0,0.0,0.0,0.0,0.0,0.0,-0.0709997770190239,0.022307338714599608,0.003119457811117172,0.0,0.0,0.0,0.0,0.033319255001842976,-0.06416675493121148,0.0,0.006729633212089538,0.0,0.0,0.0,0.0,0.0,0.0,0.0,0.0,0.0,0.0,0.0,0.0,0.0,0.0,0.0,0.0,0.0,0.0,0.0,0.0,0.0,0.0,0.0,0.0,0.0,0.0,0.0,0.0,0.0,0.0,0.0,0.0,0.0,0.0,0.0,0.0,0.0,0.0,0.0,0.02718579947948456,0.0,0.0,0.0,0.0,0.0,0.0,0.0,0.0,0.0,0.0,0.0,0.0,0.0,0.0,0.0,0.0,0.0,0.0,0.0,0.0,0.08165661573410034,0.0,0.0,0.0,0.0,0.0,0.0,0.0,0.0,-0.11637369103729725,0.0,0.0,0.0,0.0,0.0,0.0,1.0,2.0
Gm26618,-0.2274681604653597,0.0,0.0,0.0,0.0,0.0,0.0,0.0,0.0,0.0,0.0,0.0,0.0,0.0,0.0,0.0,0.0,-0.03411892585456371,0.022307338714599608,-0.00816919818520546,0.0,0.0,0.0,0.0,-0.06031006511300802,0.05670550435781479,0.0,0.0044864222407341005,0.0,0.0,0.0,0.0,0.0,0.0,0.0,0.0,0.0,0.0,0.0,0.0,0.0,0.0,0.0,0.0,0.0,0.0,0.0,0.0,0.0,0.0,0.0,0.0,0.0,0.0,0.0,0.0,0.0,0.0,0.0,0.0,0.0,0.0,0.0,0.0,0.0,0.0,0.0,0.011327416487038135,0.0,0.0,0.0,0.0,0.0,0.0,0.0,0.0,0.0,0.0,0.0,0.0,0.0,0.0,0.0,0.0,0.0,0.0,0.0,0.0,-0.12095008671283722,0.0,0.0,0.0,0.0,0.0,0.0,0.0,0.0,-0.060607028622180224,0.0,0.0,0.0,0.0,0.0,0.0,1.0,1.0
Tmod2,-0.6836917722970247,0.0,0.0,0.0,0.0,0.0,0.0,0.0,0.0,0.0,0.0,0.0,0.0,0.0,0.0,0.0,0.0,-0.03925668939948082,0.009759460687637328,-0.00816919818520546,0.0,0.0,0.0,0.0,-0.04855122301727533,0.023876001834869386,0.0,0.0044864222407341005,0.0,0.0,0.0,0.0,0.0,0.0,0.0,0.0,0.0,0.0,0.0,0.0,0.0,0.0,0.0,0.0,0.0,0.0,0.0,0.0,0.0,0.0,0.0,0.0,0.0,0.0,0.0,0.0,0.0,0.0,0.0,0.0,0.0,0.0,0.0,0.0,0.0,0.0,0.0,0.011327416487038135,0.0,0.0,0.0,0.0,0.0,0.0,0.0,0.0,0.0,0.0,0.0,0.0,0.0,0.0,0.0,0.0,0.0,0.0,0.0,0.0,-0.12095008671283722,0.0,0.0,0.0,0.0,0.0,0.0,0.0,0.0,-0.10730805663391947,0.0,0.0,0.0,0.0,0.0,0.0,1.0,1.0
Ostm1,0.6348150443285704,0.0,0.0,0.0,0.0,0.0,0.0,0.0,0.0,0.0,0.0,0.0,0.0,0.0,0.0,0.0,0.0,-0.02695858642458916,0.022307338714599608,0.02288539133965969,0.0,0.0,0.0,0.0,-0.057031945027410984,-0.06416675493121148,0.0,0.020188899636268617,0.0,0.0,0.0,0.0,0.0,0.0,0.0,0.0,0.0,0.0,0.0,0.0,0.0,0.0,0.0,0.0,0.0,0.0,0.0,0.0,0.0,0.0,0.0,0.0,0.0,0.0,0.0,0.0,0.0,0.0,0.0,0.0,0.0,0.0,0.0,0.0,0.0,0.0,0.0,0.02718579947948456,0.0,0.0,0.0,0.0,0.0,0.0,0.0,0.0,0.0,0.0,0.0,0.0,0.0,0.0,0.0,0.0,0.0,0.0,0.0,0.0,0.08165661573410034,0.0,0.0,0.0,0.0,0.0,0.0,0.0,0.0,0.22456053011119365,0.0,0.0,0.0,0.0,0.0,0.0,1.0,2.0
Hdac6,-0.8342059066146612,0.0,0.0,0.0,0.0,0.0,0.0,0.0,0.0,0.0,0.0,0.0,0.0,0.0,0.0,0.0,0.0,-0.03411892585456371,0.009759460687637328,0.007825544998049737,0.0,0.0,0.0,0.0,-0.03698272570967674,-0.022383751720190047,0.0,0.0044864222407341005,0.0,0.0,0.0,0.0,0.0,0.0,0.0,0.0,0.0,0.0,0.0,0.0,0.0,0.0,0.0,0.0,0.0,0.0,0.0,0.0,0.0,0.0,0.0,0.0,0.0,0.0,0.0,0.0,0.0,0.0,0.0,0.0,0.0,0.0,0.0,0.0,0.0,0.0,0.0,0.011327416487038135,0.0,0.0,0.0,0.0,0.0,0.0,0.0,0.0,0.0,0.0,0.0,0.0,0.0,0.0,0.0,0.0,0.0,0.0,0.0,0.0,-0.12095008671283722,0.0,0.0,0.0,0.0,0.0,0.0,0.0,0.0,-0.060607028622180224,0.0,0.0,0.0,0.0,0.0,0.0,1.0,1.0
Scarb2,-0.20756471753120423,0.0,0.0,0.0,0.0,0.0,0.0,0.0,0.0,0.0,0.0,0.0,0.0,0.0,0.0,0.0,0.0,-0.0378126211464405,0.022307338714599608,-0.003913494274020195,0.0,0.0,0.0,0.0,0.07559686049818992,-0.06416675493121148,0.0,0.0044864222407341005,0.0,0.0,0.0,0.0,0.0,0.0,0.0,0.0,0.0,0.0,0.0,0.0,0.0,0.0,0.0,0.0,0.0,0.0,0.0,0.0,0.0,0.0,0.0,0.0,0.0,0.0,0.0,0.0,0.0,0.0,0.0,0.0,0.0,0.0,0.0,0.0,0.0,0.0,0.0,0.011327416487038135,0.0,0.0,0.0,0.0,0.0,0.0,0.0,0.0,0.0,0.0,0.0,0.0,0.0,0.0,0.0,0.0,0.0,0.0,0.0,0.0,0.03608186662197113,0.0,0.0,0.0,0.0,0.0,0.0,0.0,0.0,-0.11329062547534705,0.0,0.0,0.0,0.0,0.0,0.0,1.0,1.0
Pphln1,0.5176824770122767,0.0,0.0,0.0,0.0,0.0,0.0,0.0,0.0,0.0,0.0,0.0,0.0,0.0,0.0,0.0,0.0,-0.09162932440638542,0.022307338714599608,0.02288539133965969,0.0,0.0,0.0,0.0,-0.10798692744225263,-0.06416675493121148,0.0,0.006729633212089538,0.0,0.0,0.0,0.0,0.0,0.0,0.0,0.0,0.0,0.0,0.0,0.0,0.0,0.0,0.0,0.0,0.0,0.0,0.0,0.0,0.0,0.0,0.0,0.0,0.0,0.0,0.0,0.0,0.0,0.0,0.0,0.0,0.0,0.0,0.0,0.0,0.0,0.0,0.0,0.02718579947948456,0.0,0.0,0.0,0.0,0.0,0.0,0.0,0.0,0.0,0.0,0.0,0.0,0.0,0.0,0.0,0.0,0.0,0.0,0.0,0.0,-0.07537533760070801,0.0,0.0,0.0,0.0,0.0,0.0,0.0,0.0,-0.18156306024640798,0.0,0.0,0.0,0.0,0.0,0.0,1.0,2.0
Timm17a,-0.9812055559456349,0.0,0.0,0.0,0.0,0.0,0.0,0.0,0.0,0.0,0.0,0.0,0.0,0.0,0.0,0.0,0.0,-0.028755243569612503,0.009759460687637328,0.00503903441131115,0.0,0.0,0.0,0.0,0.04591412769630551,0.023876001834869386,0.0,0.0044864222407341005,0.0,0.0,0.0,0.0,0.0,0.0,0.0,0.0,0.0,0.0,0.0,0.0,0.0,0.0,0.0,0.0,0.0,0.0,0.0,0.0,0.0,0.0,0.0,0.0,0.0,0.0,0.0,0.0,0.0,0.0,0.0,0.0,0.0,0.0,0.0,0.0,0.0,0.0,0.0,0.011327416487038135,0.0,0.0,0.0,0.0,0.0,0.0,0.0,0.0,0.0,0.0,0.0,0.0,0.0,0.0,0.0,0.0,0.0,0.0,0.0,0.0,-0.12095008671283722,0.0,0.0,0.0,0.0,0.0,0.0,0.0,0.0,-0.045341163463890555,0.0,0.0,0.0,0.0,0.0,0.0,1.0,1.0
Serpine2,0.495190408565104,0.0,0.0,0.0,0.0,0.0,0.0,0.0,0.0,0.0,0.0,0.0,0.0,0.0,0.0,0.0,0.0,-0.0709997770190239,-0.09062356352806092,-0.12670624546706677,0.0,0.0,0.0,0.0,0.18083072304725648,0.05670550435781479,0.0,0.006729633212089538,0.0,0.0,0.0,0.0,0.0,0.0,0.0,0.0,0.0,0.0,0.0,0.0,0.0,0.0,0.0,0.0,0.0,0.0,0.0,0.0,0.0,0.0,0.0,0.0,0.0,0.0,0.0,0.0,0.0,0.0,0.0,0.0,0.0,0.0,0.0,0.0,0.0,0.0,0.0,0.011327416487038135,0.0,0.0,0.0,0.0,0.0,0.0,0.0,0.0,0.0,0.0,0.0,0.0,0.0,0.0,0.0,0.0,0.0,0.0,0.0,0.0,0.13102926060557366,0.0,0.0,0.0,0.0,0.0,0.0,0.0,0.0,-0.11637369103729725,0.0,0.0,0.0,0.0,0.0,0.0,1.0,1.0
Syt1,0.5277638108283281,0.0,0.0,0.0,0.0,0.0,0.0,0.0,0.0,0.0,0.0,0.0,0.0,0.0,0.0,0.0,0.0,0.336241864413023,-0.09062356352806092,-0.20896679393947123,0.0,0.0,0.0,0.0,-0.09943753156810999,-0.06416675493121148,0.0,0.006729633212089538,0.0,0.0,0.0,0.0,0.0,0.0,0.0,0.0,0.0,0.0,0.0,0.0,0.0,0.0,0.0,0.0,0.0,0.0,0.0,0.0,0.0,0.0,0.0,0.0,0.0,0.0,0.0,0.0,0.0,0.0,0.0,0.0,0.0,0.0,0.0,0.0,0.0,0.0,0.0,0.011327416487038135,0.0,0.0,0.0,0.0,0.0,0.0,0.0,0.0,0.0,0.0,0.0,0.0,0.0,0.0,0.0,0.0,0.0,0.0,0.0,0.0,-0.07537533760070801,0.0,0.0,0.0,0.0,0.0,0.0,0.0,0.0,-0.11077253391966224,0.0,0.0,0.0,0.0,0.0,0.0,1.0,0.0
Socs7,-0.8790894363075494,0.0,0.0,0.0,0.0,0.0,0.0,0.0,0.0,0.0,0.0,0.0,0.0,0.0,0.0,0.0,0.0,0.08243525810539723,0.009759460687637328,-0.00816919818520546,0.0,0.0,0.0,0.0,-0.051851950623095035,0.023876001834869386,0.0,0.0044864222407341005,0.0,0.0,0.0,0.0,0.0,0.0,0.0,0.0,0.0,0.0,0.0,0.0,0.0,0.0,0.0,0.0,0.0,0.0,0.0,0.0,0.0,0.0,0.0,0.0,0.0,0.0,0.0,0.0,0.0,0.0,0.0,0.0,0.0,0.0,0.0,0.0,0.0,0.0,0.0,0.011327416487038135,0.0,0.0,0.0,0.0,0.0,0.0,0.0,0.0,0.0,0.0,0.0,0.0,0.0,0.0,0.0,0.0,0.0,0.0,0.0,0.0,-0.12095008671283722,0.0,0.0,0.0,0.0,0.0,0.0,0.0,0.0,-0.030301606543362142,0.0,0.0,0.0,0.0,0.0,0.0,1.0,1.0
Ing3,-0.8947091263532638,0.0,0.0,0.0,0.0,0.0,0.0,0.0,0.0,0.0,0.0,0.0,0.0,0.0,0.0,0.0,0.0,-0.0378126211464405,0.009759460687637328,0.00503903441131115,0.0,0.0,0.0,0.0,0.03642453582957387,0.023876001834869386,0.0,0.0044864222407341005,0.0,0.0,0.0,0.0,0.0,0.0,0.0,0.0,0.0,0.0,0.0,0.0,0.0,0.0,0.0,0.0,0.0,0.0,0.0,0.0,0.0,0.0,0.0,0.0,0.0,0.0,0.0,0.0,0.0,0.0,0.0,0.0,0.0,0.0,0.0,0.0,0.0,0.0,0.0,0.011327416487038135,0.0,0.0,0.0,0.0,0.0,0.0,0.0,0.0,0.0,0.0,0.0,0.0,0.0,0.0,0.0,0.0,0.0,0.0,0.0,0.0,-0.12095008671283722,0.0,0.0,0.0,0.0,0.0,0.0,0.0,0.0,-0.11329062547534705,0.0,0.0,0.0,0.0,0.0,0.0,1.0,1.0
Pex5,-0.8342059066146612,0.0,0.0,0.0,0.0,0.0,0.0,0.0,0.0,0.0,0.0,0.0,0.0,0.0,0.0,0.0,0.0,-0.03411892585456371,0.009759460687637328,0.007825544998049737,0.0,0.0,0.0,0.0,-0.03698272570967674,-0.022383751720190047,0.0,0.0044864222407341005,0.0,0.0,0.0,0.0,0.0,0.0,0.0,0.0,0.0,0.0,0.0,0.0,0.0,0.0,0.0,0.0,0.0,0.0,0.0,0.0,0.0,0.0,0.0,0.0,0.0,0.0,0.0,0.0,0.0,0.0,0.0,0.0,0.0,0.0,0.0,0.0,0.0,0.0,0.0,0.011327416487038135,0.0,0.0,0.0,0.0,0.0,0.0,0.0,0.0,0.0,0.0,0.0,0.0,0.0,0.0,0.0,0.0,0.0,0.0,0.0,0.0,-0.12095008671283722,0.0,0.0,0.0,0.0,0.0,0.0,0.0,0.0,-0.060607028622180224,0.0,0.0,0.0,0.0,0.0,0.0,1.0,1.0
Esrrg,0.6184350537508726,0.0,0.0,0.0,0.0,0.0,0.0,0.0,0.0,0.0,0.0,0.0,0.0,0.0,0.0,0.0,0.0,0.2888463931530714,0.022307338714599608,0.02288539133965969,0.0,0.0,0.0,0.0,-0.06569635499268771,-0.06416675493121148,0.0,-0.058323488011956214,0.0,0.0,0.0,0.0,0.0,0.0,0.0,0.0,0.0,0.0,0.0,0.0,0.0,0.0,0.0,0.0,0.0,0.0,0.0,0.0,0.0,0.0,0.0,0.0,0.0,0.0,0.0,0.0,0.0,0.0,0.0,0.0,0.0,0.0,0.0,0.0,0.0,0.0,0.0,0.02718579947948456,0.0,0.0,0.0,0.0,0.0,0.0,0.0,0.0,0.0,0.0,0.0,0.0,0.0,0.0,0.0,0.0,0.0,0.0,0.0,0.0,-0.07537533760070801,0.0,0.0,0.0,0.0,0.0,0.0,0.0,0.0,0.01321264609694481,0.0,0.0,0.0,0.0,0.0,0.0,1.0,2.0
A430106G13Rik,-0.9142636264488101,0.0,0.0,0.0,0.0,0.0,0.0,0.0,0.0,0.0,0.0,0.0,0.0,0.0,0.0,0.0,0.0,0.09463931769132614,0.009759460687637328,0.0017842565849423408,0.0,0.0,0.0,0.0,-0.023573519811034203,-0.022383751720190047,0.0,0.0044864222407341005,0.0,0.0,0.0,0.0,0.0,0.0,0.0,0.0,0.0,0.0,0.0,0.0,0.0,0.0,0.0,0.0,0.0,0.0,0.0,0.0,0.0,0.0,0.0,0.0,0.0,0.0,0.0,0.0,0.0,0.0,0.0,0.0,0.0,0.0,0.0,0.0,0.0,0.0,0.0,-0.04568724650889635,0.0,0.0,0.0,0.0,0.0,0.0,0.0,0.0,0.0,0.0,0.0,0.0,0.0,0.0,0.0,0.0,0.0,0.0,0.0,0.0,-0.12095008671283722,0.0,0.0,0.0,0.0,0.0,0.0,0.0,0.0,-0.05966081093996763,0.0,0.0,0.0,0.0,0.0,0.0,1.0,1.0
Rrp1b,-1.0505621252954007,0.0,0.0,0.0,0.0,0.0,0.0,0.0,0.0,0.0,0.0,0.0,0.0,0.0,0.0,0.0,0.0,-0.013845537528395653,0.009759460687637328,0.00503903441131115,0.0,0.0,0.0,0.0,0.03642453582957387,-0.022383751720190047,0.0,0.008972844332456589,0.0,0.0,0.0,0.0,0.0,0.0,0.0,0.0,0.0,0.0,0.0,0.0,0.0,0.0,0.0,0.0,0.0,0.0,0.0,0.0,0.0,0.0,0.0,0.0,0.0,0.0,0.0,0.0,0.0,0.0,0.0,0.0,0.0,0.0,0.0,0.0,0.0,0.0,0.0,0.011327416487038135,0.0,0.0,0.0,0.0,0.0,0.0,0.0,0.0,0.0,0.0,0.0,0.0,0.0,0.0,0.0,0.0,0.0,0.0,0.0,0.0,-0.12095008671283722,0.0,0.0,0.0,0.0,0.0,0.0,0.0,0.0,0.06036862403154373,0.0,0.0,0.0,0.0,0.0,0.0,1.0,1.0
Cntnap5a,0.4503014841675758,0.0,0.0,0.0,0.0,0.0,0.0,0.0,0.0,0.0,0.0,0.0,0.0,0.0,0.0,0.0,0.0,-0.10333395764231681,-0.09062356352806092,-0.12670624546706677,0.0,0.0,0.0,0.0,0.13255758181214333,-0.06416675493121148,0.0,-0.058323488011956214,0.0,0.0,0.0,0.0,0.0,0.0,0.0,0.0,0.0,0.0,0.0,0.0,0.0,0.0,0.0,0.0,0.0,0.0,0.0,0.0,0.0,0.0,0.0,0.0,0.0,0.0,0.0,0.0,0.0,0.0,0.0,0.0,0.0,0.0,0.0,0.0,0.0,0.0,0.0,0.011327416487038135,0.0,0.0,0.0,0.0,0.0,0.0,0.0,0.0,0.0,0.0,0.0,0.0,0.0,0.0,0.0,0.0,0.0,0.0,0.0,0.0,-0.07537533760070801,0.0,0.0,0.0,0.0,0.0,0.0,0.0,0.0,-0.2559728021919727,0.0,0.0,0.0,0.0,0.0,0.0,0.0,0.0
Tspan3,-0.8032417765259743,0.0,0.0,0.0,0.0,0.0,0.0,0.0,0.0,0.0,0.0,0.0,0.0,0.0,0.0,0.0,0.0,-0.03411892585456371,0.009759460687637328,0.007825544998049737,0.0,0.0,0.0,0.0,-0.03698272570967674,0.023876001834869386,0.0,0.0044864222407341005,0.0,0.0,0.0,0.0,0.0,0.0,0.0,0.0,0.0,0.0,0.0,0.0,0.0,0.0,0.0,0.0,0.0,0.0,0.0,0.0,0.0,0.0,0.0,0.0,0.0,0.0,0.0,0.0,0.0,0.0,0.0,0.0,0.0,0.0,0.0,0.0,0.0,0.0,0.0,0.011327416487038135,0.0,0.0,0.0,0.0,0.0,0.0,0.0,0.0,0.0,0.0,0.0,0.0,0.0,0.0,0.0,0.0,0.0,0.0,0.0,0.0,0.21205103680491447,0.0,0.0,0.0,0.0,0.0,0.0,0.0,0.0,-0.060607028622180224,0.0,0.0,0.0,0.0,0.0,0.0,0.0,1.0
Celf4,0.5854423942416906,0.0,0.0,0.0,0.0,0.0,0.0,0.0,0.0,0.0,0.0,0.0,0.0,0.0,0.0,0.0,0.0,-0.02695858642458916,0.022307338714599608,0.02288539133965969,0.0,0.0,0.0,0.0,-0.057031945027410984,-0.06416675493121148,0.0,0.020188899636268617,0.0,0.0,0.0,0.0,0.0,0.0,0.0,0.0,0.0,0.0,0.0,0.0,0.0,0.0,0.0,0.0,0.0,0.0,0.0,0.0,0.0,0.0,0.0,0.0,0.0,0.0,0.0,0.0,0.0,0.0,0.0,0.0,0.0,0.0,0.0,0.0,0.0,0.0,0.0,0.02718579947948456,0.0,0.0,0.0,0.0,0.0,0.0,0.0,0.0,0.0,0.0,0.0,0.0,0.0,0.0,0.0,0.0,0.0,0.0,0.0,0.0,0.13102926060557366,0.0,0.0,0.0,0.0,0.0,0.0,0.0,0.0,0.22456053011119365,0.0,0.0,0.0,0.0,0.0,0.0,0.0,2.0
Crebrf,-0.30410083461552856,0.0,0.0,0.0,0.0,0.0,0.0,0.0,0.0,0.0,0.0,0.0,0.0,0.0,0.0,0.0,0.0,-0.013845537528395653,0.022307338714599608,-0.003913494274020195,0.0,0.0,0.0,0.0,0.07559686049818992,0.05670550435781479,0.0,0.008972844332456589,0.0,0.0,0.0,0.0,0.0,0.0,0.0,0.0,0.0,0.0,0.0,0.0,0.0,0.0,0.0,0.0,0.0,0.0,0.0,0.0,0.0,0.0,0.0,0.0,0.0,0.0,0.0,0.0,0.0,0.0,0.0,0.0,0.0,0.0,0.0,0.0,0.0,0.0,0.0,0.011327416487038135,0.0,0.0,0.0,0.0,0.0,0.0,0.0,0.0,0.0,0.0,0.0,0.0,0.0,0.0,0.0,0.0,0.0,0.0,0.0,0.0,0.21205103680491447,0.0,0.0,0.0,0.0,0.0,0.0,0.0,0.0,0.06036862403154373,0.0,0.0,0.0,0.0,0.0,0.0,2.0,1.0
Arhgef28,0.6459034769982099,0.0,0.0,0.0,0.0,0.0,0.0,0.0,0.0,0.0,0.0,0.0,0.0,0.0,0.0,0.0,0.0,0.07843410246074199,0.022307338714599608,0.003119457811117172,0.0,0.0,0.0,0.0,-0.021555341444909573,0.05670550435781479,0.0,0.020188899636268617,0.0,0.0,0.0,0.0,0.0,0.0,0.0,0.0,0.0,0.0,0.0,0.0,0.0,0.0,0.0,0.0,0.0,0.0,0.0,0.0,0.0,0.0,0.0,0.0,0.0,0.0,0.0,0.0,0.0,0.0,0.0,0.0,0.0,0.0,0.0,0.0,0.0,0.0,0.0,0.02718579947948456,0.0,0.0,0.0,0.0,0.0,0.0,0.0,0.0,0.0,0.0,0.0,0.0,0.0,0.0,0.0,0.0,0.0,0.0,0.0,0.0,0.13102926060557366,0.0,0.0,0.0,0.0,0.0,0.0,0.0,0.0,0.07134884484112262,0.0,0.0,0.0,0.0,0.0,0.0,2.0,2.0
Cpq,0.6631677954643965,0.0,0.0,0.0,0.0,0.0,0.0,0.0,0.0,0.0,0.0,0.0,0.0,0.0,0.0,0.0,0.0,-0.02695858642458916,0.022307338714599608,0.02288539133965969,0.0,0.0,0.0,0.0,-0.057031945027410984,0.05670550435781479,0.0,0.020188899636268617,0.0,0.0,0.0,0.0,0.0,0.0,0.0,0.0,0.0,0.0,0.0,0.0,0.0,0.0,0.0,0.0,0.0,0.0,0.0,0.0,0.0,0.0,0.0,0.0,0.0,0.0,0.0,0.0,0.0,0.0,0.0,0.0,0.0,0.0,0.0,0.0,0.0,0.0,0.0,0.02718579947948456,0.0,0.0,0.0,0.0,0.0,0.0,0.0,0.0,0.0,0.0,0.0,0.0,0.0,0.0,0.0,0.0,0.0,0.0,0.0,0.0,-0.07537533760070801,0.0,0.0,0.0,0.0,0.0,0.0,0.0,0.0,0.22456053011119365,0.0,0.0,0.0,0.0,0.0,0.0,2.0,2.0
Adk,0.6245554931461811,0.0,0.0,0.0,0.0,0.0,0.0,0.0,0.0,0.0,0.0,0.0,0.0,0.0,0.0,0.0,0.0,-0.023864154294133185,0.022307338714599608,0.1645403151214123,0.0,0.0,0.0,0.0,0.006832968536764383,-0.06416675493121148,0.0,0.020188899636268617,0.0,0.0,0.0,0.0,0.0,0.0,0.0,0.0,0.0,0.0,0.0,0.0,0.0,0.0,0.0,0.0,0.0,0.0,0.0,0.0,0.0,0.0,0.0,0.0,0.0,0.0,0.0,0.0,0.0,0.0,0.0,0.0,0.0,0.0,0.0,0.0,0.0,0.0,0.0,0.02718579947948456,0.0,0.0,0.0,0.0,0.0,0.0,0.0,0.0,0.0,0.0,0.0,0.0,0.0,0.0,0.0,0.0,0.0,0.0,0.0,0.0,0.13102926060557366,0.0,0.0,0.0,0.0,0.0,0.0,0.0,0.0,0.1905217759311199,0.0,0.0,0.0,0.0,0.0,0.0,2.0,2.0
Phldb2,0.6164035824686289,0.0,0.0,0.0,0.0,0.0,0.0,0.0,0.0,0.0,0.0,0.0,0.0,0.0,0.0,0.0,0.0,-0.023864154294133185,0.022307338714599608,0.09410030145198106,0.0,0.0,0.0,0.0,0.04996653931215406,0.05670550435781479,0.0,0.020188899636268617,0.0,0.0,0.0,0.0,0.0,0.0,0.0,0.0,0.0,0.0,0.0,0.0,0.0,0.0,0.0,0.0,0.0,0.0,0.0,0.0,0.0,0.0,0.0,0.0,0.0,0.0,0.0,0.0,0.0,0.0,0.0,0.0,0.0,0.0,0.0,0.0,0.0,0.0,0.0,-0.1355514169484377,0.0,0.0,0.0,0.0,0.0,0.0,0.0,0.0,0.0,0.0,0.0,0.0,0.0,0.0,0.0,0.0,0.0,0.0,0.0,0.0,0.13102926060557366,0.0,0.0,0.0,0.0,0.0,0.0,0.0,0.0,0.1905217759311199,0.0,0.0,0.0,0.0,0.0,0.0,2.0,2.0
Plp1,-1.0830356812849642,0.0,0.0,0.0,0.0,0.0,0.0,0.0,0.0,0.0,0.0,0.0,0.0,0.0,0.0,0.0,0.0,0.03939019821584225,0.009759460687637328,0.05257336899638176,0.0,0.0,0.0,0.0,0.024678534157574178,0.023876001834869386,0.0,0.008972844332456589,0.0,0.0,0.0,0.0,0.0,0.0,0.0,0.0,0.0,0.0,0.0,0.0,0.0,0.0,0.0,0.0,0.0,0.0,0.0,0.0,0.0,0.0,0.0,0.0,0.0,0.0,0.0,0.0,0.0,0.0,0.0,0.0,0.0,0.0,0.0,0.0,0.0,0.0,0.0,0.011327416487038135,0.0,0.0,0.0,0.0,0.0,0.0,0.0,0.0,0.0,0.0,0.0,0.0,0.0,0.0,0.0,0.0,0.0,0.0,0.0,0.0,0.21205103680491447,0.0,0.0,0.0,0.0,0.0,0.0,0.0,0.0,0.03478223271667957,0.0,0.0,0.0,0.0,0.0,0.0,2.0,1.0
Pld5,0.4021831802278757,0.0,0.0,0.0,0.0,0.0,0.0,0.0,0.0,0.0,0.0,0.0,0.0,0.0,0.0,0.0,0.0,-0.10642838954925538,-0.09062356352806092,-0.20896679393947123,0.0,0.0,0.0,0.0,-0.10397603202611208,-0.06416675493121148,0.0,0.006729633212089538,0.0,0.0,0.0,0.0,0.0,0.0,0.0,0.0,0.0,0.0,0.0,0.0,0.0,0.0,0.0,0.0,0.0,0.0,0.0,0.0,0.0,0.0,0.0,0.0,0.0,0.0,0.0,0.0,0.0,0.0,0.0,0.0,0.0,0.0,0.0,0.0,0.0,0.0,0.0,0.011327416487038135,0.0,0.0,0.0,0.0,0.0,0.0,0.0,0.0,0.0,0.0,0.0,0.0,0.0,0.0,0.0,0.0,0.0,0.0,0.0,0.0,-0.07537533760070801,0.0,0.0,0.0,0.0,0.0,0.0,0.0,0.0,-0.29483841467648747,0.0,0.0,0.0,0.0,0.0,0.0,0.0,0.0
Plce1,0.6137951453775168,0.0,0.0,0.0,0.0,0.0,0.0,0.0,0.0,0.0,0.0,0.0,0.0,0.0,0.0,0.0,0.0,-0.02695858642458916,0.022307338714599608,0.02288539133965969,0.0,0.0,0.0,0.0,-0.057031945027410984,0.05670550435781479,0.0,0.020188899636268617,0.0,0.0,0.0,0.0,0.0,0.0,0.0,0.0,0.0,0.0,0.0,0.0,0.0,0.0,0.0,0.0,0.0,0.0,0.0,0.0,0.0,0.0,0.0,0.0,0.0,0.0,0.0,0.0,0.0,0.0,0.0,0.0,0.0,0.0,0.0,0.0,0.0,0.0,0.0,0.02718579947948456,0.0,0.0,0.0,0.0,0.0,0.0,0.0,0.0,0.0,0.0,0.0,0.0,0.0,0.0,0.0,0.0,0.0,0.0,0.0,0.0,0.13102926060557366,0.0,0.0,0.0,0.0,0.0,0.0,0.0,0.0,0.22456053011119365,0.0,0.0,0.0,0.0,0.0,0.0,2.0,2.0
Kansl1l,0.595157472640276,0.0,0.0,0.0,0.0,0.0,0.0,0.0,0.0,0.0,0.0,0.0,0.0,0.0,0.0,0.0,0.0,0.3281963407993317,-0.09062356352806092,-0.04930223369970918,0.0,0.0,0.0,0.0,0.12595612660050393,0.05670550435781479,0.0,0.006729633212089538,0.0,0.0,0.0,0.0,0.0,0.0,0.0,0.0,0.0,0.0,0.0,0.0,0.0,0.0,0.0,0.0,0.0,0.0,0.0,0.0,0.0,0.0,0.0,0.0,0.0,0.0,0.0,0.0,0.0,0.0,0.0,0.0,0.0,0.0,0.0,0.0,0.0,0.0,0.0,-0.052861277163028714,0.0,0.0,0.0,0.0,0.0,0.0,0.0,0.0,0.0,0.0,0.0,0.0,0.0,0.0,0.0,0.0,0.0,0.0,0.0,0.0,-0.07537533760070801,0.0,0.0,0.0,0.0,0.0,0.0,0.0,0.0,-0.11881805766373872,0.0,0.0,0.0,0.0,0.0,0.0,2.0,2.0
Rorb,0.6262862911075353,0.0,0.0,0.0,0.0,0.0,0.0,0.0,0.0,0.0,0.0,0.0,0.0,0.0,0.0,0.0,0.0,0.2888463931530714,0.022307338714599608,0.02288539133965969,0.0,0.0,0.0,0.0,-0.06569635499268771,-0.06416675493121148,0.0,0.006729633212089538,0.0,0.0,0.0,0.0,0.0,0.0,0.0,0.0,0.0,0.0,0.0,0.0,0.0,0.0,0.0,0.0,0.0,0.0,0.0,0.0,0.0,0.0,0.0,0.0,0.0,0.0,0.0,0.0,0.0,0.0,0.0,0.0,0.0,0.0,0.0,0.0,0.0,0.0,0.0,0.02718579947948456,0.0,0.0,0.0,0.0,0.0,0.0,0.0,0.0,0.0,0.0,0.0,0.0,0.0,0.0,0.0,0.0,0.0,0.0,0.0,0.0,-0.07537533760070801,0.0,0.0,0.0,0.0,0.0,0.0,0.0,0.0,-0.05969171352684498,0.0,0.0,0.0,0.0,0.0,0.0,2.0,2.0
4732471J01Rik,0.6348150443285704,0.0,0.0,0.0,0.0,0.0,0.0,0.0,0.0,0.0,0.0,0.0,0.0,0.0,0.0,0.0,0.0,-0.02695858642458916,0.022307338714599608,0.02288539133965969,0.0,0.0,0.0,0.0,-0.057031945027410984,-0.06416675493121148,0.0,0.020188899636268617,0.0,0.0,0.0,0.0,0.0,0.0,0.0,0.0,0.0,0.0,0.0,0.0,0.0,0.0,0.0,0.0,0.0,0.0,0.0,0.0,0.0,0.0,0.0,0.0,0.0,0.0,0.0,0.0,0.0,0.0,0.0,0.0,0.0,0.0,0.0,0.0,0.0,0.0,0.0,0.02718579947948456,0.0,0.0,0.0,0.0,0.0,0.0,0.0,0.0,0.0,0.0,0.0,0.0,0.0,0.0,0.0,0.0,0.0,0.0,0.0,0.0,-0.07537533760070801,0.0,0.0,0.0,0.0,0.0,0.0,0.0,0.0,0.22456053011119365,0.0,0.0,0.0,0.0,0.0,0.0,2.0,2.0
Rgs20,0.4835202669352293,0.0,0.0,0.0,0.0,0.0,0.0,0.0,0.0,0.0,0.0,0.0,0.0,0.0,0.0,0.0,0.0,-0.09162932440638542,0.022307338714599608,-0.20896679393947123,0.0,0.0,0.0,0.0,-0.15493101444095372,0.05670550435781479,0.0,0.006729633212089538,0.0,0.0,0.0,0.0,0.0,0.0,0.0,0.0,0.0,0.0,0.0,0.0,0.0,0.0,0.0,0.0,0.0,0.0,0.0,0.0,0.0,0.0,0.0,0.0,0.0,0.0,0.0,0.0,0.0,0.0,0.0,0.0,0.0,0.0,0.0,0.0,0.0,0.0,0.0,0.011327416487038135,0.0,0.0,0.0,0.0,0.0,0.0,0.0,0.0,0.0,0.0,0.0,0.0,0.0,0.0,0.0,0.0,0.0,0.0,0.0,0.0,0.08165661573410034,0.0,0.0,0.0,0.0,0.0,0.0,0.0,0.0,-0.18156306024640798,0.0,0.0,0.0,0.0,0.0,0.0,2.0,2.0
Gm21860,-0.8342059066146612,0.0,0.0,0.0,0.0,0.0,0.0,0.0,0.0,0.0,0.0,0.0,0.0,0.0,0.0,0.0,0.0,-0.03411892585456371,0.009759460687637328,0.007825544998049737,0.0,0.0,0.0,0.0,-0.03698272570967674,-0.022383751720190047,0.0,0.0044864222407341005,0.0,0.0,0.0,0.0,0.0,0.0,0.0,0.0,0.0,0.0,0.0,0.0,0.0,0.0,0.0,0.0,0.0,0.0,0.0,0.0,0.0,0.0,0.0,0.0,0.0,0.0,0.0,0.0,0.0,0.0,0.0,0.0,0.0,0.0,0.0,0.0,0.0,0.0,0.0,0.011327416487038135,0.0,0.0,0.0,0.0,0.0,0.0,0.0,0.0,0.0,0.0,0.0,0.0,0.0,0.0,0.0,0.0,0.0,0.0,0.0,0.0,-0.12095008671283722,0.0,0.0,0.0,0.0,0.0,0.0,0.0,0.0,-0.060607028622180224,0.0,0.0,0.0,0.0,0.0,0.0,0.0,0.0
Peg3,-0.872516604103148,0.0,0.0,0.0,0.0,0.0,0.0,0.0,0.0,0.0,0.0,0.0,0.0,0.0,0.0,0.0,0.0,-0.015289606153964996,0.009759460687637328,-0.0687536932528019,0.0,0.0,0.0,0.0,-0.036871664598584174,0.023876001834869386,0.0,0.008972844332456589,0.0,0.0,0.0,0.0,0.0,0.0,0.0,0.0,0.0,0.0,0.0,0.0,0.0,0.0,0.0,0.0,0.0,0.0,0.0,0.0,0.0,0.0,0.0,0.0,0.0,0.0,0.0,0.0,0.0,0.0,0.0,0.0,0.0,0.0,0.0,0.0,0.0,0.0,0.0,0.006796450093388557,0.0,0.0,0.0,0.0,0.0,0.0,0.0,0.0,0.0,0.0,0.0,0.0,0.0,0.0,0.0,0.0,0.0,0.0,0.0,0.0,0.21205103680491447,0.0,0.0,0.0,0.0,0.0,0.0,0.0,0.0,0.06635119281709194,0.0,0.0,0.0,0.0,0.0,0.0,2.0,1.0
Cdk19,0.6590701818466187,0.0,0.0,0.0,0.0,0.0,0.0,0.0,0.0,0.0,0.0,0.0,0.0,0.0,0.0,0.0,0.0,-0.023864154294133185,0.022307338714599608,0.1152448120713234,0.0,0.0,0.0,0.0,0.04996653931215406,0.05670550435781479,0.0,0.020188899636268617,0.0,0.0,0.0,0.0,0.0,0.0,0.0,0.0,0.0,0.0,0.0,0.0,0.0,0.0,0.0,0.0,0.0,0.0,0.0,0.0,0.0,0.0,0.0,0.0,0.0,0.0,0.0,0.0,0.0,0.0,0.0,0.0,0.0,0.0,0.0,0.0,0.0,0.0,0.0,0.02718579947948456,0.0,0.0,0.0,0.0,0.0,0.0,0.0,0.0,0.0,0.0,0.0,0.0,0.0,0.0,0.0,0.0,0.0,0.0,0.0,0.0,0.13102926060557366,0.0,0.0,0.0,0.0,0.0,0.0,0.0,0.0,0.1905217759311199,0.0,0.0,0.0,0.0,0.0,0.0,2.0,2.0
Rab11fip4,0.6590701818466187,0.0,0.0,0.0,0.0,0.0,0.0,0.0,0.0,0.0,0.0,0.0,0.0,0.0,0.0,0.0,0.0,-0.023864154294133185,0.022307338714599608,0.1152448120713234,0.0,0.0,0.0,0.0,0.04996653931215406,0.05670550435781479,0.0,0.020188899636268617,0.0,0.0,0.0,0.0,0.0,0.0,0.0,0.0,0.0,0.0,0.0,0.0,0.0,0.0,0.0,0.0,0.0,0.0,0.0,0.0,0.0,0.0,0.0,0.0,0.0,0.0,0.0,0.0,0.0,0.0,0.0,0.0,0.0,0.0,0.0,0.0,0.0,0.0,0.0,0.02718579947948456,0.0,0.0,0.0,0.0,0.0,0.0,0.0,0.0,0.0,0.0,0.0,0.0,0.0,0.0,0.0,0.0,0.0,0.0,0.0,0.0,0.13102926060557366,0.0,0.0,0.0,0.0,0.0,0.0,0.0,0.0,0.1905217759311199,0.0,0.0,0.0,0.0,0.0,0.0,2.0,2.0
A230006K03Rik,0.6584380351006984,0.0,0.0,0.0,0.0,0.0,0.0,0.0,0.0,0.0,0.0,0.0,0.0,0.0,0.0,0.0,0.0,0.22386332005262374,0.022307338714599608,0.013022572100162506,0.0,0.0,0.0,0.0,0.09232940152287483,-0.06416675493121148,0.0,0.006729633212089538,0.0,0.0,0.0,0.0,0.0,0.0,0.0,0.0,0.0,0.0,0.0,0.0,0.0,0.0,0.0,0.0,0.0,0.0,0.0,0.0,0.0,0.0,0.0,0.0,0.0,0.0,0.0,0.0,0.0,0.0,0.0,0.0,0.0,0.0,0.0,0.0,0.0,0.0,0.0,0.02718579947948456,0.0,0.0,0.0,0.0,0.0,0.0,0.0,0.0,0.0,0.0,0.0,0.0,0.0,0.0,0.0,0.0,0.0,0.0,0.0,0.0,-0.07537533760070801,0.0,0.0,0.0,0.0,0.0,0.0,0.0,0.0,-0.04298177998512984,0.0,0.0,0.0,0.0,0.0,0.0,0.0,2.0
Schip1,0.6024548885971308,0.0,0.0,0.0,0.0,0.0,0.0,0.0,0.0,0.0,0.0,0.0,0.0,0.0,0.0,0.0,0.0,0.336241864413023,0.022307338714599608,0.0017408786714076996,0.0,0.0,0.0,0.0,-0.052493444569408895,0.05670550435781479,0.0,0.006729633212089538,0.0,0.0,0.0,0.0,0.0,0.0,0.0,0.0,0.0,0.0,0.0,0.0,0.0,0.0,0.0,0.0,0.0,0.0,0.0,0.0,0.0,0.0,0.0,0.0,0.0,0.0,0.0,0.0,0.0,0.0,0.0,0.0,0.0,0.0,0.0,0.0,0.0,0.0,0.0,-0.1355514169484377,0.0,0.0,0.0,0.0,0.0,0.0,0.0,0.0,0.0,0.0,0.0,0.0,0.0,0.0,0.0,0.0,0.0,0.0,0.0,0.0,0.08165661573410034,0.0,0.0,0.0,0.0,0.0,0.0,0.0,0.0,-0.11077253391966224,0.0,0.0,0.0,0.0,0.0,0.0,0.0,2.0
Slit3,0.4800574802607298,0.0,0.0,0.0,0.0,0.0,0.0,0.0,0.0,0.0,0.0,0.0,0.0,0.0,0.0,0.0,0.0,0.2888463931530714,-0.09062356352806092,-0.20896679393947123,0.0,0.0,0.0,0.0,-0.1126404419913888,-0.06416675493121148,0.0,-0.058323488011956214,0.0,0.0,0.0,0.0,0.0,0.0,0.0,0.0,0.0,0.0,0.0,0.0,0.0,0.0,0.0,0.0,0.0,0.0,0.0,0.0,0.0,0.0,0.0,0.0,0.0,0.0,0.0,0.0,0.0,0.0,0.0,0.0,0.0,0.0,0.0,0.0,0.0,0.0,0.0,0.011327416487038135,0.0,0.0,0.0,0.0,0.0,0.0,0.0,0.0,0.0,0.0,0.0,0.0,0.0,0.0,0.0,0.0,0.0,0.0,0.0,0.0,0.13102926060557366,0.0,0.0,0.0,0.0,0.0,0.0,0.0,0.0,0.01321264609694481,0.0,0.0,0.0,0.0,0.0,0.0,0.0,2.0
Kctd8,0.6825463205575943,0.0,0.0,0.0,0.0,0.0,0.0,0.0,0.0,0.0,0.0,0.0,0.0,0.0,0.0,0.0,0.0,0.07843410246074199,0.022307338714599608,0.1152448120713234,0.0,0.0,0.0,0.0,0.04336508410051465,0.05670550435781479,0.0,0.020188899636268617,0.0,0.0,0.0,0.0,0.0,0.0,0.0,0.0,0.0,0.0,0.0,0.0,0.0,0.0,0.0,0.0,0.0,0.0,0.0,0.0,0.0,0.0,0.0,0.0,0.0,0.0,0.0,0.0,0.0,0.0,0.0,0.0,0.0,0.0,0.0,0.0,0.0,0.0,0.0,0.02718579947948456,0.0,0.0,0.0,0.0,0.0,0.0,0.0,0.0,0.0,0.0,0.0,0.0,0.0,0.0,0.0,0.0,0.0,0.0,0.0,0.0,0.13102926060557366,0.0,0.0,0.0,0.0,0.0,0.0,0.0,0.0,0.07134884484112262,0.0,0.0,0.0,0.0,0.0,0.0,2.0,2.0
Nr6a1,0.6422335685789585,0.0,0.0,0.0,0.0,0.0,0.0,0.0,0.0,0.0,0.0,0.0,0.0,0.0,0.0,0.0,0.0,-0.023864154294133185,0.022307338714599608,0.013022572100162506,0.0,0.0,0.0,0.0,0.08737831011414528,0.05670550435781479,0.0,0.020188899636268617,0.0,0.0,0.0,0.0,0.0,0.0,0.0,0.0,0.0,0.0,0.0,0.0,0.0,0.0,0.0,0.0,0.0,0.0,0.0,0.0,0.0,0.0,0.0,0.0,0.0,0.0,0.0,0.0,0.0,0.0,0.0,0.0,0.0,0.0,0.0,0.0,0.0,0.0,0.0,0.02718579947948456,0.0,0.0,0.0,0.0,0.0,0.0,0.0,0.0,0.0,0.0,0.0,0.0,0.0,0.0,0.0,0.0,0.0,0.0,0.0,0.0,0.13102926060557366,0.0,0.0,0.0,0.0,0.0,0.0,0.0,0.0,0.1905217759311199,0.0,0.0,0.0,0.0,0.0,0.0,2.0,2.0
Rpsa,-1.0424984701722861,0.0,0.0,0.0,0.0,0.0,0.0,0.0,0.0,0.0,0.0,0.0,0.0,0.0,0.0,0.0,0.0,-0.015289606153964996,0.009759460687637328,0.007825544998049737,0.0,0.0,0.0,0.0,-0.025223883613944054,0.023876001834869386,0.0,0.008972844332456589,0.0,0.0,0.0,0.0,0.0,0.0,0.0,0.0,0.0,0.0,0.0,0.0,0.0,0.0,0.0,0.0,0.0,0.0,0.0,0.0,0.0,0.0,0.0,0.0,0.0,0.0,0.0,0.0,0.0,0.0,0.0,0.0,0.0,0.0,0.0,0.0,0.0,0.0,0.0,0.011327416487038135,0.0,0.0,0.0,0.0,0.0,0.0,0.0,0.0,0.0,0.0,0.0,0.0,0.0,0.0,0.0,0.0,0.0,0.0,0.0,0.0,-0.12095008671283722,0.0,0.0,0.0,0.0,0.0,0.0,0.0,0.0,0.06635119281709194,0.0,0.0,0.0,0.0,0.0,0.0,0.0,0.0
Gria1,0.4021831802278757,0.0,0.0,0.0,0.0,0.0,0.0,0.0,0.0,0.0,0.0,0.0,0.0,0.0,0.0,0.0,0.0,-0.10642838954925538,-0.09062356352806092,-0.20896679393947123,0.0,0.0,0.0,0.0,-0.10397603202611208,-0.06416675493121148,0.0,0.006729633212089538,0.0,0.0,0.0,0.0,0.0,0.0,0.0,0.0,0.0,0.0,0.0,0.0,0.0,0.0,0.0,0.0,0.0,0.0,0.0,0.0,0.0,0.0,0.0,0.0,0.0,0.0,0.0,0.0,0.0,0.0,0.0,0.0,0.0,0.0,0.0,0.0,0.0,0.0,0.0,0.011327416487038135,0.0,0.0,0.0,0.0,0.0,0.0,0.0,0.0,0.0,0.0,0.0,0.0,0.0,0.0,0.0,0.0,0.0,0.0,0.0,0.0,-0.07537533760070801,0.0,0.0,0.0,0.0,0.0,0.0,0.0,0.0,-0.29483841467648747,0.0,0.0,0.0,0.0,0.0,0.0,0.0,0.0
2610316D01Rik,0.5176824770122767,0.0,0.0,0.0,0.0,0.0,0.0,0.0,0.0,0.0,0.0,0.0,0.0,0.0,0.0,0.0,0.0,-0.09162932440638542,0.022307338714599608,0.02288539133965969,0.0,0.0,0.0,0.0,-0.10798692744225263,-0.06416675493121148,0.0,0.006729633212089538,0.0,0.0,0.0,0.0,0.0,0.0,0.0,0.0,0.0,0.0,0.0,0.0,0.0,0.0,0.0,0.0,0.0,0.0,0.0,0.0,0.0,0.0,0.0,0.0,0.0,0.0,0.0,0.0,0.0,0.0,0.0,0.0,0.0,0.0,0.0,0.0,0.0,0.0,0.0,0.02718579947948456,0.0,0.0,0.0,0.0,0.0,0.0,0.0,0.0,0.0,0.0,0.0,0.0,0.0,0.0,0.0,0.0,0.0,0.0,0.0,0.0,-0.07537533760070801,0.0,0.0,0.0,0.0,0.0,0.0,0.0,0.0,-0.18156306024640798,0.0,0.0,0.0,0.0,0.0,0.0,2.0,2.0
Hcn1,0.6620044942945242,0.0,0.0,0.0,0.0,0.0,0.0,0.0,0.0,0.0,0.0,0.0,0.0,0.0,0.0,0.0,0.0,0.08647962599992752,0.022307338714599608,0.02288539133965969,0.0,0.0,0.0,0.0,-0.052493444569408895,-0.06416675493121148,0.0,0.020188899636268617,0.0,0.0,0.0,0.0,0.0,0.0,0.0,0.0,0.0,0.0,0.0,0.0,0.0,0.0,0.0,0.0,0.0,0.0,0.0,0.0,0.0,0.0,0.0,0.0,0.0,0.0,0.0,0.0,0.0,0.0,0.0,0.0,0.0,0.0,0.0,0.0,0.0,0.0,0.0,0.02718579947948456,0.0,0.0,0.0,0.0,0.0,0.0,0.0,0.0,0.0,0.0,0.0,0.0,0.0,0.0,0.0,0.0,0.0,0.0,0.0,0.0,-0.07537533760070801,0.0,0.0,0.0,0.0,0.0,0.0,0.0,0.0,0.07939436838030815,0.0,0.0,0.0,0.0,0.0,0.0,0.0,2.0
Scrg1,-1.0487981314957142,0.0,0.0,0.0,0.0,0.0,0.0,0.0,0.0,0.0,0.0,0.0,0.0,0.0,0.0,0.0,0.0,0.07150159776210785,0.009759460687637328,0.00503903441131115,0.0,0.0,0.0,0.0,0.03807489963248372,-0.022383751720190047,0.0,0.0044864222407341005,0.0,0.0,0.0,0.0,0.0,0.0,0.0,0.0,0.0,0.0,0.0,0.0,0.0,0.0,0.0,0.0,0.0,0.0,0.0,0.0,0.0,0.0,0.0,0.0,0.0,0.0,0.0,0.0,0.0,0.0,0.0,0.0,0.0,0.0,0.0,0.0,0.0,0.0,0.0,0.011327416487038135,0.0,0.0,0.0,0.0,0.0,0.0,0.0,0.0,0.0,0.0,0.0,0.0,0.0,0.0,0.0,0.0,0.0,0.0,0.0,0.0,-0.12095008671283722,0.0,0.0,0.0,0.0,0.0,0.0,0.0,0.0,-0.02390644669532776,0.0,0.0,0.0,0.0,0.0,0.0,0.0,1.0
Efemp1,0.6620044942945242,0.0,0.0,0.0,0.0,0.0,0.0,0.0,0.0,0.0,0.0,0.0,0.0,0.0,0.0,0.0,0.0,0.08647962599992752,0.022307338714599608,0.02288539133965969,0.0,0.0,0.0,0.0,-0.052493444569408895,-0.06416675493121148,0.0,0.020188899636268617,0.0,0.0,0.0,0.0,0.0,0.0,0.0,0.0,0.0,0.0,0.0,0.0,0.0,0.0,0.0,0.0,0.0,0.0,0.0,0.0,0.0,0.0,0.0,0.0,0.0,0.0,0.0,0.0,0.0,0.0,0.0,0.0,0.0,0.0,0.0,0.0,0.0,0.0,0.0,0.02718579947948456,0.0,0.0,0.0,0.0,0.0,0.0,0.0,0.0,0.0,0.0,0.0,0.0,0.0,0.0,0.0,0.0,0.0,0.0,0.0,0.0,-0.07537533760070801,0.0,0.0,0.0,0.0,0.0,0.0,0.0,0.0,0.07939436838030815,0.0,0.0,0.0,0.0,0.0,0.0,2.0,2.0
Cobl,0.6974654619395733,0.0,0.0,0.0,0.0,0.0,0.0,0.0,0.0,0.0,0.0,0.0,0.0,0.0,0.0,0.0,0.0,0.22386332005262374,0.022307338714599608,0.1645403151214123,0.0,0.0,0.0,0.0,0.011784059945493936,0.05670550435781479,0.0,0.006729633212089538,0.0,0.0,0.0,0.0,0.0,0.0,0.0,0.0,0.0,0.0,0.0,0.0,0.0,0.0,0.0,0.0,0.0,0.0,0.0,0.0,0.0,0.0,0.0,0.0,0.0,0.0,0.0,0.0,0.0,0.0,0.0,0.0,0.0,0.0,0.0,0.0,0.0,0.0,0.0,0.02718579947948456,0.0,0.0,0.0,0.0,0.0,0.0,0.0,0.0,0.0,0.0,0.0,0.0,0.0,0.0,0.0,0.0,0.0,0.0,0.0,0.0,0.08165661573410034,0.0,0.0,0.0,0.0,0.0,0.0,0.0,0.0,-0.04298177998512984,0.0,0.0,0.0,0.0,0.0,0.0,2.0,2.0
Maf,-1.05744928304106,0.0,0.0,0.0,0.0,0.0,0.0,0.0,0.0,0.0,0.0,0.0,0.0,0.0,0.0,0.0,0.0,-0.013845537528395653,0.009759460687637328,0.05257336899638176,0.0,0.0,0.0,0.0,0.02674148891121149,0.023876001834869386,0.0,0.008972844332456589,0.0,0.0,0.0,0.0,0.0,0.0,0.0,0.0,0.0,0.0,0.0,0.0,0.0,0.0,0.0,0.0,0.0,0.0,0.0,0.0,0.0,0.0,0.0,0.0,0.0,0.0,0.0,0.0,0.0,0.0,0.0,0.0,0.0,0.0,0.0,0.0,0.0,0.0,0.0,0.011327416487038135,0.0,0.0,0.0,0.0,0.0,0.0,0.0,0.0,0.0,0.0,0.0,0.0,0.0,0.0,0.0,0.0,0.0,0.0,0.0,0.0,0.21205103680491447,0.0,0.0,0.0,0.0,0.0,0.0,0.0,0.0,0.06036862403154373,0.0,0.0,0.0,0.0,0.0,0.0,2.0,1.0
Wls,0.5283114619553089,0.0,0.0,0.0,0.0,0.0,0.0,0.0,0.0,0.0,0.0,0.0,0.0,0.0,0.0,0.0,0.0,-0.0709997770190239,0.022307338714599608,0.013022572100162506,0.0,0.0,0.0,0.0,0.13565145134925843,-0.06416675493121148,0.0,0.006729633212089538,0.0,0.0,0.0,0.0,0.0,0.0,0.0,0.0,0.0,0.0,0.0,0.0,0.0,0.0,0.0,0.0,0.0,0.0,0.0,0.0,0.0,0.0,0.0,0.0,0.0,0.0,0.0,0.0,0.0,0.0,0.0,0.0,0.0,0.0,0.0,0.0,0.0,0.0,0.0,0.02718579947948456,0.0,0.0,0.0,0.0,0.0,0.0,0.0,0.0,0.0,0.0,0.0,0.0,0.0,0.0,0.0,0.0,0.0,0.0,0.0,0.0,0.13102926060557366,0.0,0.0,0.0,0.0,0.0,0.0,0.0,0.0,-0.11637369103729725,0.0,0.0,0.0,0.0,0.0,0.0,2.0,2.0
Kdm6a,0.6546390422433614,0.0,0.0,0.0,0.0,0.0,0.0,0.0,0.0,0.0,0.0,0.0,0.0,0.0,0.0,0.0,0.0,0.2888463931530714,0.022307338714599608,0.02288539133965969,0.0,0.0,0.0,0.0,-0.06569635499268771,0.05670550435781479,0.0,0.006729633212089538,0.0,0.0,0.0,0.0,0.0,0.0,0.0,0.0,0.0,0.0,0.0,0.0,0.0,0.0,0.0,0.0,0.0,0.0,0.0,0.0,0.0,0.0,0.0,0.0,0.0,0.0,0.0,0.0,0.0,0.0,0.0,0.0,0.0,0.0,0.0,0.0,0.0,0.0,0.0,0.02718579947948456,0.0,0.0,0.0,0.0,0.0,0.0,0.0,0.0,0.0,0.0,0.0,0.0,0.0,0.0,0.0,0.0,0.0,0.0,0.0,0.0,-0.07537533760070801,0.0,0.0,0.0,0.0,0.0,0.0,0.0,0.0,-0.05969171352684498,0.0,0.0,0.0,0.0,0.0,0.0,2.0,2.0
Ttc32,-0.684272648319602,0.0,0.0,0.0,0.0,0.0,0.0,0.0,0.0,0.0,0.012566314898431302,0.0,0.0,0.0,0.0,0.0,0.0,0.0,-0.01975653726607561,-0.042669021040201184,0.0,0.0,-0.009720832407474518,0.0,-0.010726910531520844,-0.08452894654124975,0.0,0.0,-0.007663879469037056,0.0,0.0,0.0,0.0,0.0,0.0,0.0,0.0,0.0,0.0,0.0,0.0,0.0,0.0,0.0,0.0,0.0,-0.018395540714263917,0.0,0.0,0.0,0.0,0.0,0.0,0.02979563869535923,0.0,0.0,0.0,0.0,0.0,0.0,0.0,0.0,0.0,0.0,0.0,0.0,0.0,0.0,0.0,0.0,0.0,0.0,0.0,0.0,0.0,0.0,0.0,0.0,0.0,0.0,0.0,0.0,-0.0135257513448596,0.0,0.0,0.0,0.0,0.0,-0.2663346562534571,0.0,0.0,0.0,0.0,0.0,0.0,-0.07338824339210986,0.0,-0.11006115816533565,0.0,0.0,0.12025137275457382,0.0,0.0,0.02557127594947815,1.0,1.0
Lsm14b,-0.6697654365748167,0.0,0.0,0.0,0.0,0.0,0.0,0.0,0.0,0.0,-0.02771033514291048,0.0,0.0,0.0,0.0,0.0,0.0,0.0,-0.038399318046867845,-0.042669021040201184,0.0,0.0,-0.009720832407474518,0.0,-0.010726910531520844,-0.07699000291526317,0.0,0.0,-0.007663879469037056,0.0,0.0,0.0,0.0,0.0,0.0,0.0,0.0,0.0,0.0,0.0,0.0,0.0,0.0,0.0,0.0,0.0,0.013596704006195068,0.0,0.0,0.0,0.0,0.0,0.0,0.02979563869535923,0.0,0.0,0.0,0.0,0.0,0.0,0.0,0.0,0.0,0.0,0.0,0.0,0.0,0.0,0.0,0.0,0.0,0.0,0.0,0.0,0.0,0.0,0.0,0.0,0.0,0.0,0.0,0.0,0.00997801337391138,0.0,0.0,0.0,0.0,0.0,-0.2983269028365612,0.0,0.0,0.0,0.0,0.0,0.0,-0.07338824339210986,0.0,-0.11843870177865029,0.0,0.0,-0.0531862536072731,0.0,0.0,0.02557127594947815,1.0,0.0
Churc1,-0.7184196283668279,0.0,0.0,0.0,0.0,0.0,0.0,0.0,0.0,0.0,0.012566314898431302,0.0,0.0,0.0,0.0,0.0,0.0,0.0,-0.038399318046867845,-0.042669021040201184,0.0,0.0,-0.009720832407474518,0.0,-0.010726910531520844,-0.07699000291526317,0.0,0.0,-0.007663879469037056,0.0,0.0,0.0,0.0,0.0,0.0,0.0,0.0,0.0,0.0,0.0,0.0,0.0,0.0,0.0,0.0,0.0,0.013596704006195068,0.0,0.0,0.0,0.0,0.0,0.0,0.02979563869535923,0.0,0.0,0.0,0.0,0.0,0.0,0.0,0.0,0.0,0.0,0.0,0.0,0.0,0.0,0.0,0.0,0.0,0.0,0.0,0.0,0.0,0.0,0.0,0.0,0.0,0.0,0.0,0.0,0.00997801337391138,0.0,0.0,0.0,0.0,0.0,-0.2983269028365612,0.0,0.0,0.0,0.0,0.0,0.0,-0.07338824339210986,0.0,-0.11006115816533565,0.0,0.0,-0.0531862536072731,0.0,0.0,0.02557127594947815,1.0,1.0
Slc15a4,-0.8597516451776027,0.0,0.0,0.0,0.0,0.0,0.0,0.0,0.0,0.0,-0.02771033514291048,0.0,0.0,0.0,0.0,0.0,0.0,0.0,-0.02435472320765257,-0.03678367927670479,0.0,0.0,-0.0038883331418037414,0.0,-0.010726910531520844,0.1076279865205288,0.0,0.0,0.009432466998696327,0.0,0.0,0.0,0.0,0.0,0.0,0.0,0.0,0.0,0.0,0.0,0.0,0.0,0.0,0.0,0.0,0.0,-0.018395540714263917,0.0,0.0,0.0,0.0,0.0,0.0,0.02979563869535923,0.0,0.0,0.0,0.0,0.0,0.0,0.0,0.0,0.0,0.0,0.0,0.0,0.0,0.0,0.0,0.0,0.0,0.0,0.0,0.0,0.0,0.0,0.0,0.0,0.0,0.0,0.0,0.0,-0.006430275477468967,0.0,0.0,0.0,0.0,0.0,-0.2502650413662195,0.0,0.0,0.0,0.0,0.0,0.0,-0.07338824339210986,0.0,-0.14378845572471619,0.0,0.0,-0.0531862536072731,0.0,0.0,0.013769148588180543,1.0,1.0
Nek7,0.5030086831748486,0.0,0.0,0.0,0.0,0.0,0.0,0.0,0.0,0.0,-0.08538649760186673,0.0,0.0,0.0,0.0,0.0,0.0,0.0,-0.10300853699445725,-0.02780207574367523,0.0,0.0,-0.023978052586317064,0.0,-0.01640586316585541,-0.11539999399334193,0.0,0.0,-0.0023581168055534364,0.0,0.0,0.0,0.0,0.0,0.0,0.0,0.0,0.0,0.0,0.0,0.0,0.0,0.0,0.0,0.0,0.0,0.0375908875465393,0.0,0.0,0.0,0.0,0.0,0.0,0.06775635443627834,0.0,0.0,0.0,0.0,0.0,0.0,0.0,0.0,0.0,0.0,0.0,0.0,0.0,0.0,0.0,0.0,0.0,0.0,0.0,0.0,0.0,0.0,0.0,0.0,0.0,0.0,0.0,0.0,0.061863682195544244,0.0,0.0,0.0,0.0,0.0,0.49953627221286295,0.0,0.0,0.0,0.0,0.0,0.0,0.12883881874382497,0.0,-0.1309857575595379,0.0,0.0,0.12025137275457382,0.0,0.0,-0.0019670212268829345,1.0,2.0
Pstk,-0.7429524307698011,0.0,0.0,0.0,0.0,0.0,0.0,0.0,0.0,0.0,-0.016110660508275032,0.0,0.0,0.0,0.0,0.0,0.0,0.0,-0.016652266569435595,-0.042669021040201184,0.0,0.0,-0.009720832407474518,0.0,-0.010726910531520844,-0.07699000291526317,0.0,0.0,-0.007663879469037056,0.0,0.0,0.0,0.0,0.0,0.0,0.0,0.0,0.0,0.0,0.0,0.0,0.0,0.0,0.0,0.0,0.0,0.013596704006195068,0.0,0.0,0.0,0.0,0.0,0.0,0.02979563869535923,0.0,0.0,0.0,0.0,0.0,0.0,0.0,0.0,0.0,0.0,0.0,0.0,0.0,0.0,0.0,0.0,0.0,0.0,0.0,0.0,0.0,0.0,0.0,0.0,0.0,0.0,0.0,0.0,0.00997801337391138,0.0,0.0,0.0,0.0,0.0,-0.2983269028365612,0.0,0.0,0.0,0.0,0.0,0.0,-0.07338824339210986,0.0,0.062400155812501905,0.0,0.0,0.12025137275457382,0.0,0.0,0.02557127594947815,1.0,1.0
Usp2,-0.9384819789230824,0.0,0.0,0.0,0.0,0.0,0.0,0.0,0.0,0.0,-0.016110660508275032,0.0,0.0,0.0,0.0,0.0,0.0,0.0,-0.023689522333443166,-0.03678367927670479,0.0,0.0,-0.0038883331418037414,0.0,0.005678952634334564,0.10208464581519365,0.0,0.0,0.009432466998696327,0.0,0.0,0.0,0.0,0.0,0.0,0.0,0.0,0.0,0.0,0.0,0.0,0.0,0.0,0.0,0.0,0.0,0.013596704006195068,0.0,0.0,0.0,0.0,0.0,0.0,0.02159270841628313,0.0,0.0,0.0,0.0,0.0,0.0,0.0,0.0,0.0,0.0,0.0,0.0,0.0,0.0,0.0,0.0,0.0,0.0,0.0,0.0,0.0,0.0,0.0,0.0,0.0,0.0,0.0,0.0,0.003991205468773842,0.0,0.0,0.0,0.0,0.0,-0.28225728794932364,0.0,0.0,0.0,0.0,0.0,0.0,-0.08159117497503758,0.0,0.037050401866436,0.0,0.0,-0.0531862536072731,0.0,0.0,0.013769148588180543,1.0,1.0
Psmd1,0.7767545878514648,0.0,0.0,0.0,0.0,0.0,0.0,0.0,0.0,0.0,0.010310822427272796,0.0,0.0,0.0,0.0,0.0,0.0,0.0,0.015638923570513726,-0.008968988358974457,0.0,0.0,-0.005832499265670777,0.0,0.005678952634334564,0.26538637235760687,0.0,0.0,0.0035371752083301544,0.0,0.0,0.0,0.0,0.0,0.0,0.0,0.0,0.0,0.0,0.0,0.0,0.0,0.0,0.0,0.0,0.0,-0.018395540714263917,0.0,0.0,0.0,0.0,0.0,0.0,0.02159270841628313,0.0,0.0,0.0,0.0,0.0,0.0,0.0,0.0,0.0,0.0,0.0,0.0,0.0,0.0,0.0,0.0,0.0,0.0,0.0,0.0,0.0,0.0,0.0,0.0,0.0,0.0,0.0,0.0,0.01374748520553112,0.0,0.0,0.0,0.0,0.0,-0.1088083754479885,0.0,0.0,0.0,0.0,0.0,0.0,-0.08159117497503758,0.0,0.11811370968818664,0.0,0.0,0.12025137275457382,0.0,0.0,0.013769148588180543,1.0,2.0
Zfp568,-0.9329386393725873,0.0,0.0,0.0,0.0,0.0,0.0,0.0,0.0,0.0,-0.016110660508275032,0.0,0.0,0.0,0.0,0.0,0.0,0.0,-0.02435472320765257,-0.03678367927670479,0.0,0.0,-0.0038883331418037414,0.0,-0.010726910531520844,0.1076279865205288,0.0,0.0,0.009432466998696327,0.0,0.0,0.0,0.0,0.0,0.0,0.0,0.0,0.0,0.0,0.0,0.0,0.0,0.0,0.0,0.0,0.0,-0.018395540714263917,0.0,0.0,0.0,0.0,0.0,0.0,0.02979563869535923,0.0,0.0,0.0,0.0,0.0,0.0,0.0,0.0,0.0,0.0,0.0,0.0,0.0,0.0,0.0,0.0,0.0,0.0,0.0,0.0,0.0,0.0,0.0,0.0,0.0,0.0,0.0,0.0,-0.006430275477468967,0.0,0.0,0.0,0.0,0.0,-0.2502650413662195,0.0,0.0,0.0,0.0,0.0,0.0,-0.07338824339210986,0.0,0.037050401866436,0.0,0.0,-0.0531862536072731,0.0,0.0,0.013769148588180543,1.0,1.0
Rmdn3,-0.9084058369696141,0.0,0.0,0.0,0.0,0.0,0.0,0.0,0.0,0.0,0.012566314898431302,0.0,0.0,0.0,0.0,0.0,0.0,0.0,-0.02435472320765257,-0.03678367927670479,0.0,0.0,-0.0038883331418037414,0.0,0.005678952634334564,0.1076279865205288,0.0,0.0,0.009432466998696327,0.0,0.0,0.0,0.0,0.0,0.0,0.0,0.0,0.0,0.0,0.0,0.0,0.0,0.0,0.0,0.0,0.0,0.013596704006195068,0.0,0.0,0.0,0.0,0.0,0.0,0.02159270841628313,0.0,0.0,0.0,0.0,0.0,0.0,0.0,0.0,0.0,0.0,0.0,0.0,0.0,0.0,0.0,0.0,0.0,0.0,0.0,0.0,0.0,0.0,0.0,0.0,0.0,0.0,0.0,0.0,-0.006430275477468967,0.0,0.0,0.0,0.0,0.0,-0.28225728794932364,0.0,0.0,0.0,0.0,0.0,0.0,-0.08159117497503758,0.0,-0.13541091211140155,0.0,0.0,-0.0531862536072731,0.0,0.0,0.013769148588180543,1.0,1.0
Kcnmb4,-0.5280111885070801,0.0,0.0,0.0,0.0,0.0,0.0,0.0,0.0,0.0,0.012566314898431302,0.0,0.0,0.0,0.0,0.0,0.0,0.0,-0.02058630932122469,-0.042669021040201184,0.0,0.0,-0.009720832407474518,0.0,0.005678952634334564,-0.06898461401462555,0.0,0.0,-0.007663879469037056,0.0,0.0,0.0,0.0,0.0,0.0,0.0,0.0,0.0,0.0,0.0,0.0,0.0,0.0,0.0,0.0,0.0,0.0375908875465393,0.0,0.0,0.0,0.0,0.0,0.0,0.02159270841628313,0.0,0.0,0.0,0.0,0.0,0.0,0.0,0.0,0.0,0.0,0.0,0.0,0.0,0.0,0.0,0.0,0.0,0.0,0.0,0.0,0.0,0.0,0.0,0.0,0.0,0.0,0.0,0.0,0.00997801337391138,0.0,0.0,0.0,0.0,0.0,0.46224063754081723,0.0,0.0,0.0,0.0,0.0,0.0,-0.08159117497503758,0.0,-0.11006115816533565,0.0,0.0,0.12025137275457382,0.0,0.0,-0.0019670212268829345,1.0,1.0
Pramef8,-0.6356184565275907,0.0,0.0,0.0,0.0,0.0,0.0,0.0,0.0,0.0,-0.02771033514291048,0.0,0.0,0.0,0.0,0.0,0.0,0.0,-0.04150358874350786,-0.042669021040201184,0.0,0.0,-0.009720832407474518,0.0,-0.010726910531520844,-0.08452894654124975,0.0,0.0,-0.007663879469037056,0.0,0.0,0.0,0.0,0.0,0.0,0.0,0.0,0.0,0.0,0.0,0.0,0.0,0.0,0.0,0.0,0.0,0.013596704006195068,0.0,0.0,0.0,0.0,0.0,0.0,0.02979563869535923,0.0,0.0,0.0,0.0,0.0,0.0,0.0,0.0,0.0,0.0,0.0,0.0,0.0,0.0,0.0,0.0,0.0,0.0,0.0,0.0,0.0,0.0,0.0,0.0,0.0,0.0,0.0,0.0,-0.0135257513448596,0.0,0.0,0.0,0.0,0.0,-0.2983269028365612,0.0,0.0,0.0,0.0,0.0,0.0,-0.07338824339210986,0.0,-0.11843870177865029,0.0,0.0,-0.0531862536072731,0.0,0.0,0.02557127594947815,1.0,0.0
Sae1,0.632267000451684,0.0,0.0,0.0,0.0,0.0,0.0,0.0,0.0,0.0,0.039632223397493366,0.0,0.0,0.0,0.0,0.0,0.0,0.0,-0.006763801649212837,-0.008968988358974457,0.0,0.0,-0.005832499265670777,0.0,-0.010726910531520844,0.21939952604472637,0.0,0.0,-0.0023581168055534364,0.0,0.0,0.0,0.0,0.0,0.0,0.0,0.0,0.0,0.0,0.0,0.0,0.0,0.0,0.0,0.0,0.0,-0.07438196897506714,0.0,0.0,0.0,0.0,0.0,0.0,0.02979563869535923,0.0,0.0,0.0,0.0,0.0,0.0,0.0,0.0,0.0,0.0,0.0,0.0,0.0,0.0,0.0,0.0,0.0,0.0,0.0,0.0,0.0,0.0,0.0,0.0,0.0,0.0,0.0,0.0,0.01374748520553112,0.0,0.0,0.0,0.0,0.0,0.20808694034814834,0.0,0.0,0.0,0.0,0.0,0.0,-0.07338824339210986,0.0,-0.09876443475484847,0.0,0.0,-0.0531862536072731,0.0,0.0,-0.001311347484588623,1.0,2.0
Carm1,-0.9060810916125774,0.0,0.0,0.0,0.0,0.0,0.0,0.0,0.0,0.0,0.012566314898431302,0.0,0.0,0.0,0.0,0.0,0.0,0.0,-0.024345196075737475,-0.03678367927670479,0.0,0.0,-0.0038883331418037414,0.0,0.005678952634334564,0.1099527307972312,0.0,0.0,0.009432466998696327,0.0,0.0,0.0,0.0,0.0,0.0,0.0,0.0,0.0,0.0,0.0,0.0,0.0,0.0,0.0,0.0,0.0,0.013596704006195068,0.0,0.0,0.0,0.0,0.0,0.0,0.02159270841628313,0.0,0.0,0.0,0.0,0.0,0.0,0.0,0.0,0.0,0.0,0.0,0.0,0.0,0.0,0.0,0.0,0.0,0.0,0.0,0.0,0.0,0.0,0.0,0.0,0.0,0.0,0.0,0.0,0.003991205468773842,0.0,0.0,0.0,0.0,0.0,-0.28225728794932364,0.0,0.0,0.0,0.0,0.0,0.0,-0.08159117497503758,0.0,-0.13541091211140155,0.0,0.0,-0.0531862536072731,0.0,0.0,-0.001311347484588623,1.0,1.0
Slc4a4,0.6348579515516758,0.0,0.0,0.0,0.0,0.0,0.0,0.0,0.0,0.0,0.010310822427272796,0.0,0.0,0.0,0.0,0.0,0.0,0.0,0.13942927174270153,-0.008968988358974457,0.0,0.0,0.027542358040809633,0.0,0.041961150020360945,0.1633243852108717,0.0,0.0,0.0035371752083301544,0.0,0.0,0.0,0.0,0.0,0.0,0.0,0.0,0.0,0.0,0.0,0.0,0.0,0.0,0.0,0.0,0.0,0.0375908875465393,0.0,0.0,0.0,0.0,0.0,0.0,-0.06896796159446239,0.0,0.0,0.0,0.0,0.0,0.0,0.0,0.0,0.0,0.0,0.0,0.0,0.0,0.0,0.0,0.0,0.0,0.0,0.0,0.0,0.0,0.0,0.0,0.0,0.0,0.0,0.0,0.0,-0.004656406119465828,0.0,0.0,0.0,0.0,0.0,0.2560753079503775,0.0,0.0,0.0,0.0,0.0,0.0,0.08478261593729258,0.0,0.11811370968818664,0.0,0.0,0.058792314752936364,0.0,0.0,-0.005901063680648804,1.0,2.0
Zc3h11a,-0.9329386393725873,0.0,0.0,0.0,0.0,0.0,0.0,0.0,0.0,0.0,-0.016110660508275032,0.0,0.0,0.0,0.0,0.0,0.0,0.0,-0.02435472320765257,-0.03678367927670479,0.0,0.0,-0.0038883331418037414,0.0,0.005678952634334564,0.1076279865205288,0.0,0.0,0.009432466998696327,0.0,0.0,0.0,0.0,0.0,0.0,0.0,0.0,0.0,0.0,0.0,0.0,0.0,0.0,0.0,0.0,0.0,0.013596704006195068,0.0,0.0,0.0,0.0,0.0,0.0,0.02159270841628313,0.0,0.0,0.0,0.0,0.0,0.0,0.0,0.0,0.0,0.0,0.0,0.0,0.0,0.0,0.0,0.0,0.0,0.0,0.0,0.0,0.0,0.0,0.0,0.0,0.0,0.0,0.0,0.0,-0.006430275477468967,0.0,0.0,0.0,0.0,0.0,-0.28225728794932364,0.0,0.0,0.0,0.0,0.0,0.0,-0.08159117497503758,0.0,0.037050401866436,0.0,0.0,-0.0531862536072731,0.0,0.0,0.013769148588180543,1.0,1.0
Papss1,0.5646541934460402,0.0,0.0,0.0,0.0,0.0,0.0,0.0,0.0,0.0,0.039632223397493366,0.0,0.0,0.0,0.0,0.0,0.0,0.0,-0.21164145581424237,-0.008968988358974457,0.0,0.0,-0.005832499265670777,0.0,0.005678952634334564,0.15473436176776886,0.0,0.0,0.0035371752083301544,0.0,0.0,0.0,0.0,0.0,0.0,0.0,0.0,0.0,0.0,0.0,0.0,0.0,0.0,0.0,0.0,0.0,0.0375908875465393,0.0,0.0,0.0,0.0,0.0,0.0,0.02159270841628313,0.0,0.0,0.0,0.0,0.0,0.0,0.0,0.0,0.0,0.0,0.0,0.0,0.0,0.0,0.0,0.0,0.0,0.0,0.0,0.0,0.0,0.0,0.0,0.0,0.0,0.0,0.0,0.0,0.01374748520553112,0.0,0.0,0.0,0.0,0.0,0.2560753079503775,0.0,0.0,0.0,0.0,0.0,0.0,-0.08159117497503758,0.0,-0.10171208068728448,0.0,0.0,0.12025137275457382,0.0,0.0,-0.001311347484588623,1.0,2.0
St6gal1,0.7767545878514648,0.0,0.0,0.0,0.0,0.0,0.0,0.0,0.0,0.0,0.010310822427272796,0.0,0.0,0.0,0.0,0.0,0.0,0.0,0.015638923570513726,-0.008968988358974457,0.0,0.0,-0.005832499265670777,0.0,0.041961150020360945,0.26538637235760687,0.0,0.0,0.0035371752083301544,0.0,0.0,0.0,0.0,0.0,0.0,0.0,0.0,0.0,0.0,0.0,0.0,0.0,0.0,0.0,0.0,0.0,-0.018395540714263917,0.0,0.0,0.0,0.0,0.0,0.0,-0.06896796159446239,0.0,0.0,0.0,0.0,0.0,0.0,0.0,0.0,0.0,0.0,0.0,0.0,0.0,0.0,0.0,0.0,0.0,0.0,0.0,0.0,0.0,0.0,0.0,0.0,0.0,0.0,0.0,0.0,0.01374748520553112,0.0,0.0,0.0,0.0,0.0,-0.1088083754479885,0.0,0.0,0.0,0.0,0.0,0.0,0.08478261593729258,0.0,0.11811370968818664,0.0,0.0,0.12025137275457382,0.0,0.0,0.013769148588180543,2.0,2.0
Sik2,0.6408426114544272,0.0,0.0,0.0,0.0,0.0,0.0,0.0,0.0,0.0,0.010310822427272796,0.0,0.0,0.0,0.0,0.0,0.0,0.0,0.012987647093832494,-0.008968988358974457,0.0,0.0,-0.005832499265670777,0.0,0.008833926320075989,0.25997678078711034,0.0,0.0,0.0035371752083301544,0.0,0.0,0.0,0.0,0.0,0.0,0.0,0.0,0.0,0.0,0.0,0.0,0.0,0.0,0.0,0.0,0.0,-0.07438196897506714,0.0,0.0,0.0,0.0,0.0,0.0,0.04188557293266058,0.0,0.0,0.0,0.0,0.0,0.0,0.0,0.0,0.0,0.0,0.0,0.0,0.0,0.0,0.0,0.0,0.0,0.0,0.0,0.0,0.0,0.0,0.0,0.0,0.0,0.0,0.0,0.0,-0.0135257513448596,0.0,0.0,0.0,0.0,0.0,0.39161257714033126,0.0,0.0,0.0,0.0,0.0,0.0,0.12946981348097325,0.0,0.11811370968818664,0.0,0.0,0.12025137275457382,0.0,0.0,-0.001311347484588623,2.0,2.0
Ryr2,0.42722144551575186,0.0,0.0,0.0,0.0,0.0,0.0,0.0,0.0,0.0,0.039632223397493366,0.0,0.0,0.0,0.0,0.0,0.0,0.0,-0.15974492624402045,-0.02780207574367523,0.0,0.0,-0.023978052586317064,0.0,0.041961150020360945,-0.276428594365716,0.0,0.0,-0.0023581168055534364,0.0,0.0,0.0,0.0,0.0,0.0,0.0,0.0,0.0,0.0,0.0,0.0,0.0,0.0,0.0,0.0,0.0,-0.018395540714263917,0.0,0.0,0.0,0.0,0.0,0.0,-0.06896796159446239,0.0,0.0,0.0,0.0,0.0,0.0,0.0,0.0,0.0,0.0,0.0,0.0,0.0,0.0,0.0,0.0,0.0,0.0,0.0,0.0,0.0,0.0,0.0,0.0,0.0,0.0,0.0,0.0,-0.0135257513448596,0.0,0.0,0.0,0.0,0.0,-0.1186299017071724,0.0,0.0,0.0,0.0,0.0,0.0,0.08478261593729258,0.0,-0.09876443475484847,0.0,0.0,-0.0531862536072731,0.0,0.0,-0.056060104966163635,0.0,0.0
2210408F21Rik,0.5069527500122786,0.0,0.0,0.0,0.0,0.0,0.0,0.0,0.0,0.0,-0.03125468045473099,0.0,0.0,0.0,0.0,0.0,0.0,0.0,0.19389698568731548,0.08209900379180908,0.0,0.0,0.027542358040809633,0.0,0.041961150020360945,0.1084976490586996,0.0,0.0,0.014738229811191559,0.0,0.0,0.0,0.0,0.0,0.0,0.0,0.0,0.0,0.0,0.0,0.0,0.0,0.0,0.0,0.0,0.0,0.0375908875465393,0.0,0.0,0.0,0.0,0.0,0.0,-0.06896796159446239,0.0,0.0,0.0,0.0,0.0,0.0,0.0,0.0,0.0,0.0,0.0,0.0,0.0,0.0,0.0,0.0,0.0,0.0,0.0,0.0,0.0,0.0,0.0,0.0,0.0,0.0,0.0,0.0,0.007095476388931274,0.0,0.0,0.0,0.0,0.0,0.2560753079503775,0.0,0.0,0.0,0.0,0.0,0.0,0.08478261593729258,0.0,0.24895393520593642,0.0,0.0,-0.02009291559457779,0.0,0.0,-0.0009835106134414673,2.0,2.0
Klhl4,0.7455621495377273,0.0,0.0,0.0,0.0,0.0,0.0,0.0,0.0,0.0,0.039632223397493366,0.0,0.0,0.0,0.0,0.0,0.0,0.0,-0.008103730343282222,-0.008968988358974457,0.0,0.0,-0.005832499265670777,0.0,0.005678952634334564,0.3059636256098747,0.0,0.0,-0.0023581168055534364,0.0,0.0,0.0,0.0,0.0,0.0,0.0,0.0,0.0,0.0,0.0,0.0,0.0,0.0,0.0,0.0,0.0,0.013596704006195068,0.0,0.0,0.0,0.0,0.0,0.0,0.02159270841628313,0.0,0.0,0.0,0.0,0.0,0.0,0.0,0.0,0.0,0.0,0.0,0.0,0.0,0.0,0.0,0.0,0.0,0.0,0.0,0.0,0.0,0.0,0.0,0.0,0.0,0.0,0.0,0.0,-0.0135257513448596,0.0,0.0,0.0,0.0,0.0,-0.1408006201684475,0.0,0.0,0.0,0.0,0.0,0.0,-0.08159117497503758,0.0,-0.09876443475484847,0.0,0.0,-0.0531862536072731,0.0,0.0,0.013769148588180543,2.0,2.0
Robo2,0.4248291866481304,0.0,0.0,0.0,0.0,0.0,0.0,0.0,0.0,0.0,0.039632223397493366,0.0,0.0,0.0,0.0,0.0,0.0,0.0,-0.13489360362291336,-0.02780207574367523,0.0,0.0,0.09331998944282532,0.0,0.041961150020360945,-0.2235257636010647,0.0,0.0,-0.0023581168055534364,0.0,0.0,0.0,0.0,0.0,0.0,0.0,0.0,0.0,0.0,0.0,0.0,0.0,0.0,0.0,0.0,0.0,0.013596704006195068,0.0,0.0,0.0,0.0,0.0,0.0,-0.06896796159446239,0.0,0.0,0.0,0.0,0.0,0.0,0.0,0.0,0.0,0.0,0.0,0.0,0.0,0.0,0.0,0.0,0.0,0.0,0.0,0.0,0.0,0.0,0.0,0.0,0.0,0.0,0.0,0.0,0.00997801337391138,0.0,0.0,0.0,0.0,0.0,-0.1506221464276314,0.0,0.0,0.0,0.0,0.0,0.0,0.08478261593729258,0.0,-0.09876443475484847,0.0,0.0,0.12025137275457382,0.0,0.0,-0.056060104966163635,0.0,0.0
Itm2b,-0.9084058369696141,0.0,0.0,0.0,0.0,0.0,0.0,0.0,0.0,0.0,0.012566314898431302,0.0,0.0,0.0,0.0,0.0,0.0,0.0,-0.02435472320765257,-0.03678367927670479,0.0,0.0,-0.0038883331418037414,0.0,-0.010726910531520844,0.1076279865205288,0.0,0.0,0.009432466998696327,0.0,0.0,0.0,0.0,0.0,0.0,0.0,0.0,0.0,0.0,0.0,0.0,0.0,0.0,0.0,0.0,0.0,-0.018395540714263917,0.0,0.0,0.0,0.0,0.0,0.0,0.02979563869535923,0.0,0.0,0.0,0.0,0.0,0.0,0.0,0.0,0.0,0.0,0.0,0.0,0.0,0.0,0.0,0.0,0.0,0.0,0.0,0.0,0.0,0.0,0.0,0.0,0.0,0.0,0.0,0.0,-0.006430275477468967,0.0,0.0,0.0,0.0,0.0,-0.2502650413662195,0.0,0.0,0.0,0.0,0.0,0.0,-0.07338824339210986,0.0,-0.13541091211140155,0.0,0.0,-0.0531862536072731,0.0,0.0,0.013769148588180543,0.0,1.0
Pde8a,0.4528002116084099,0.0,0.0,0.0,0.0,0.0,0.0,0.0,0.0,0.0,-0.03125468045473099,0.0,0.0,0.0,0.0,0.0,0.0,0.0,0.19389698568731548,0.08209900379180908,0.0,0.0,-0.005832499265670777,0.0,0.008833926320075989,0.14705695457756518,0.0,0.0,0.014738229811191559,0.0,0.0,0.0,0.0,0.0,0.0,0.0,0.0,0.0,0.0,0.0,0.0,0.0,0.0,0.0,0.0,0.0,0.0375908875465393,0.0,0.0,0.0,0.0,0.0,0.0,0.04188557293266058,0.0,0.0,0.0,0.0,0.0,0.0,0.0,0.0,0.0,0.0,0.0,0.0,0.0,0.0,0.0,0.0,0.0,0.0,0.0,0.0,0.0,0.0,0.0,0.0,0.0,0.0,0.0,0.0,0.007095476388931274,0.0,0.0,0.0,0.0,0.0,0.2560753079503775,0.0,0.0,0.0,0.0,0.0,0.0,0.12946981348097325,0.0,0.29792203366756437,0.0,0.0,-0.02009291559457779,0.0,0.0,-0.0009835106134414673,2.0,2.0
Pbx3,0.4202117731049657,0.0,0.0,0.0,0.0,0.0,0.0,0.0,0.0,0.0,0.010310822427272796,0.0,0.0,0.0,0.0,0.0,0.0,0.0,-0.07151909913867711,-0.02780207574367523,0.0,0.0,-0.023978052586317064,0.0,0.041961150020360945,-0.2604873587936163,0.0,0.0,-0.015327759087085724,0.0,0.0,0.0,0.0,0.0,0.0,0.0,0.0,0.0,0.0,0.0,0.0,0.0,0.0,0.0,0.0,0.0,-0.07438196897506714,0.0,0.0,0.0,0.0,0.0,0.0,-0.06896796159446239,0.0,0.0,0.0,0.0,0.0,0.0,0.0,0.0,0.0,0.0,0.0,0.0,0.0,0.0,0.0,0.0,0.0,0.0,0.0,0.0,0.0,0.0,0.0,0.0,0.0,0.0,0.0,0.0,-0.06208541601896286,0.0,0.0,0.0,0.0,0.0,0.4515479046106339,0.0,0.0,0.0,0.0,0.0,0.0,0.08478261593729258,0.0,0.2254670824110508,0.0,0.0,-0.0531862536072731,0.0,0.0,-0.0019670212268829345,2.0,2.0
Xist,-0.9222025834023952,0.0,0.0,0.0,0.0,0.0,0.0,0.0,0.0,0.0,0.012566314898431302,0.0,0.0,0.0,0.0,0.0,0.0,0.0,-0.023689522333443166,-0.03678367927670479,0.0,0.0,-0.0038883331418037414,0.0,-0.010726910531520844,0.10208464581519365,0.0,0.0,-0.007663879469037056,0.0,0.0,0.0,0.0,0.0,0.0,0.0,0.0,0.0,0.0,0.0,0.0,0.0,0.0,0.0,0.0,0.0,0.013596704006195068,0.0,0.0,0.0,0.0,0.0,0.0,0.02979563869535923,0.0,0.0,0.0,0.0,0.0,0.0,0.0,0.0,0.0,0.0,0.0,0.0,0.0,0.0,0.0,0.0,0.0,0.0,0.0,0.0,0.0,0.0,0.0,0.0,0.0,0.0,0.0,0.0,0.003991205468773842,0.0,0.0,0.0,0.0,0.0,-0.28225728794932364,0.0,0.0,0.0,0.0,0.0,0.0,-0.07338824339210986,0.0,-0.11006115816533565,0.0,0.0,-0.0531862536072731,0.0,0.0,0.013769148588180543,0.0,1.0
Ralyl,0.40909243889153,0.0,0.0,0.0,0.0,0.0,0.0,0.0,0.0,0.0,0.039632223397493366,0.0,0.0,0.0,0.0,0.0,0.0,0.0,-0.06192282121628523,-0.02780207574367523,0.0,0.0,-0.023978052586317064,0.0,0.008833926320075989,-0.3578784067183733,0.0,0.0,-0.0023581168055534364,0.0,0.0,0.0,0.0,0.0,0.0,0.0,0.0,0.0,0.0,0.0,0.0,0.0,0.0,0.0,0.0,0.0,0.013596704006195068,0.0,0.0,0.0,0.0,0.0,0.0,0.04188557293266058,0.0,0.0,0.0,0.0,0.0,0.0,0.0,0.0,0.0,0.0,0.0,0.0,0.0,0.0,0.0,0.0,0.0,0.0,0.0,0.0,0.0,0.0,0.0,0.0,0.0,0.0,0.0,0.0,0.00997801337391138,0.0,0.0,0.0,0.0,0.0,-0.1506221464276314,0.0,0.0,0.0,0.0,0.0,0.0,0.12946981348097325,0.0,-0.09876443475484847,0.0,0.0,0.12025137275457382,0.0,0.0,-0.056060104966163635,2.0,0.0
Gulp1,0.44520615343004466,0.0,0.0,0.0,0.0,0.0,0.0,0.0,0.0,0.0,0.010310822427272796,0.0,0.0,0.0,0.0,0.0,0.0,0.0,0.13699020139873028,0.08209900379180908,0.0,0.0,0.027542358040809633,0.0,-0.01640586316585541,0.12439620845019818,0.0,0.0,0.014738229811191559,0.0,0.0,0.0,0.0,0.0,0.0,0.0,0.0,0.0,0.0,0.0,0.0,0.0,0.0,0.0,0.0,0.0,0.0375908875465393,0.0,0.0,0.0,0.0,0.0,0.0,0.06775635443627834,0.0,0.0,0.0,0.0,0.0,0.0,0.0,0.0,0.0,0.0,0.0,0.0,0.0,0.0,0.0,0.0,0.0,0.0,0.0,0.0,0.0,0.0,0.0,0.0,0.0,0.0,0.0,0.0,0.002660803496837616,0.0,0.0,0.0,0.0,0.0,0.2560753079503775,0.0,0.0,0.0,0.0,0.0,0.0,0.12883881874382497,0.0,0.24669013395905495,0.0,0.0,0.058792314752936364,0.0,0.0,-0.005901063680648804,2.0,2.0
A830018L16Rik,0.48545261070132256,0.0,0.0,0.0,0.0,0.0,0.0,0.0,0.0,0.0,-0.08538649760186673,0.0,0.0,0.0,0.0,0.0,0.0,0.0,-0.033401011340320114,-0.02780207574367523,0.0,0.0,-0.023978052586317064,0.0,0.041961150020360945,-0.28149241507053374,0.0,0.0,-0.0023581168055534364,0.0,0.0,0.0,0.0,0.0,0.0,0.0,0.0,0.0,0.0,0.0,0.0,0.0,0.0,0.0,0.0,0.0,-0.018395540714263917,0.0,0.0,0.0,0.0,0.0,0.0,-0.06896796159446239,0.0,0.0,0.0,0.0,0.0,0.0,0.0,0.0,0.0,0.0,0.0,0.0,0.0,0.0,0.0,0.0,0.0,0.0,0.0,0.0,0.0,0.0,0.0,0.0,0.0,0.0,0.0,0.0,0.00997801337391138,0.0,0.0,0.0,0.0,0.0,-0.1186299017071724,0.0,0.0,0.0,0.0,0.0,0.0,0.08478261593729258,0.0,-0.1309857575595379,0.0,0.0,0.12025137275457382,0.0,0.0,0.11998829483985901,0.0,2.0
Tuba1a,-0.6356184565275907,0.0,0.0,0.0,0.0,0.0,0.0,0.0,0.0,0.0,-0.02771033514291048,0.0,0.0,0.0,0.0,0.0,0.0,0.0,-0.04150358874350786,-0.042669021040201184,0.0,0.0,-0.009720832407474518,0.0,-0.010726910531520844,-0.08452894654124975,0.0,0.0,-0.007663879469037056,0.0,0.0,0.0,0.0,0.0,0.0,0.0,0.0,0.0,0.0,0.0,0.0,0.0,0.0,0.0,0.0,0.0,0.013596704006195068,0.0,0.0,0.0,0.0,0.0,0.0,0.02979563869535923,0.0,0.0,0.0,0.0,0.0,0.0,0.0,0.0,0.0,0.0,0.0,0.0,0.0,0.0,0.0,0.0,0.0,0.0,0.0,0.0,0.0,0.0,0.0,0.0,0.0,0.0,0.0,0.0,-0.0135257513448596,0.0,0.0,0.0,0.0,0.0,-0.2983269028365612,0.0,0.0,0.0,0.0,0.0,0.0,-0.07338824339210986,0.0,-0.11843870177865029,0.0,0.0,-0.0531862536072731,0.0,0.0,0.02557127594947815,0.0,0.0
Gpr37l1,-0.8597516451776027,0.0,0.0,0.0,0.0,0.0,0.0,0.0,0.0,0.0,-0.02771033514291048,0.0,0.0,0.0,0.0,0.0,0.0,0.0,-0.02435472320765257,-0.03678367927670479,0.0,0.0,-0.0038883331418037414,0.0,0.005678952634334564,0.1076279865205288,0.0,0.0,0.009432466998696327,0.0,0.0,0.0,0.0,0.0,0.0,0.0,0.0,0.0,0.0,0.0,0.0,0.0,0.0,0.0,0.0,0.0,0.013596704006195068,0.0,0.0,0.0,0.0,0.0,0.0,0.02159270841628313,0.0,0.0,0.0,0.0,0.0,0.0,0.0,0.0,0.0,0.0,0.0,0.0,0.0,0.0,0.0,0.0,0.0,0.0,0.0,0.0,0.0,0.0,0.0,0.0,0.0,0.0,0.0,0.0,-0.006430275477468967,0.0,0.0,0.0,0.0,0.0,-0.28225728794932364,0.0,0.0,0.0,0.0,0.0,0.0,-0.08159117497503758,0.0,-0.14378845572471619,0.0,0.0,-0.0531862536072731,0.0,0.0,0.013769148588180543,0.0,0.0
Rasgef1b,0.6949785002879798,0.0,0.0,0.0,0.0,0.0,0.0,0.0,0.0,0.0,0.039632223397493366,0.0,0.0,0.0,0.0,0.0,0.0,0.0,-0.006927204430103302,-0.008968988358974457,0.0,0.0,-0.005832499265670777,0.0,-0.010726910531520844,0.277750858515501,0.0,0.0,0.0035371752083301544,0.0,0.0,0.0,0.0,0.0,0.0,0.0,0.0,0.0,0.0,0.0,0.0,0.0,0.0,0.0,0.0,0.0,-0.018395540714263917,0.0,0.0,0.0,0.0,0.0,0.0,0.02979563869535923,0.0,0.0,0.0,0.0,0.0,0.0,0.0,0.0,0.0,0.0,0.0,0.0,0.0,0.0,0.0,0.0,0.0,0.0,0.0,0.0,0.0,0.0,0.0,0.0,0.0,0.0,0.0,0.0,0.003991205468773842,0.0,0.0,0.0,0.0,0.0,-0.06607791230082512,0.0,0.0,0.0,0.0,0.0,0.0,-0.07338824339210986,0.0,-0.10171208068728448,0.0,0.0,-0.0531862536072731,0.0,0.0,0.028193970918655397,2.0,2.0
Cpeb1,0.5724437012150884,0.0,0.0,0.0,0.0,0.0,0.0,0.0,0.0,0.0,0.010310822427272796,0.0,0.0,0.0,0.0,0.0,0.0,0.0,-0.06758505668491126,-0.02780207574367523,0.0,0.0,-0.023978052586317064,0.0,0.005678952634334564,-0.31453002713620665,0.0,0.0,-0.0023581168055534364,0.0,0.0,0.0,0.0,0.0,0.0,0.0,0.0,0.0,0.0,0.0,0.0,0.0,0.0,0.0,0.0,0.0,-0.018395540714263917,0.0,0.0,0.0,0.0,0.0,0.0,0.02159270841628313,0.0,0.0,0.0,0.0,0.0,0.0,0.0,0.0,0.0,0.0,0.0,0.0,0.0,0.0,0.0,0.0,0.0,0.0,0.0,0.0,0.0,0.0,0.0,0.0,0.0,0.0,0.0,0.0,-0.06208541601896286,0.0,0.0,0.0,0.0,0.0,-0.16136036485433577,0.0,0.0,0.0,0.0,0.0,0.0,-0.08159117497503758,0.0,0.12106135562062263,0.0,0.0,-0.0531862536072731,0.0,0.0,0.02557127594947815,2.0,1.0
Rabac1,-0.949115013629198,0.0,0.0,0.0,0.0,0.0,0.0,0.0,0.0,0.0,0.00515541136264801,0.0,0.0,0.0,0.0,0.0,0.0,0.0,-0.023689522333443166,-0.03678367927670479,0.0,0.0,-0.0038883331418037414,0.0,-0.010726910531520844,0.10208464581519365,0.0,0.0,0.009432466998696327,0.0,0.0,0.0,0.0,0.0,0.0,0.0,0.0,0.0,0.0,0.0,0.0,0.0,0.0,0.0,0.0,0.0,0.013596704006195068,0.0,0.0,0.0,0.0,0.0,0.0,0.02979563869535923,0.0,0.0,0.0,0.0,0.0,0.0,0.0,0.0,0.0,0.0,0.0,0.0,0.0,0.0,0.0,0.0,0.0,0.0,0.0,0.0,0.0,0.0,0.0,0.0,0.0,0.0,0.0,0.0,0.003991205468773842,0.0,0.0,0.0,0.0,0.0,-0.28225728794932364,0.0,0.0,0.0,0.0,0.0,0.0,-0.07338824339210986,0.0,0.026417366564273834,0.0,0.0,-0.0531862536072731,0.0,0.0,0.013769148588180543,0.0,1.0
Cdh18,0.40544958993792535,0.0,0.0,0.0,0.0,0.0,0.0,0.0,0.0,0.0,0.010310822427272796,0.0,0.0,0.0,0.0,0.0,0.0,0.0,0.13942927174270153,0.1400696024298668,0.0,0.0,0.09331998944282532,0.0,0.008833926320075989,-0.021113271787762643,0.0,0.0,-0.0023581168055534364,0.0,0.0,0.0,0.0,0.0,0.0,0.0,0.0,0.0,0.0,0.0,0.0,0.0,0.0,0.0,0.0,0.0,0.0375908875465393,0.0,0.0,0.0,0.0,0.0,0.0,0.04188557293266058,0.0,0.0,0.0,0.0,0.0,0.0,0.0,0.0,0.0,0.0,0.0,0.0,0.0,0.0,0.0,0.0,0.0,0.0,0.0,0.0,0.0,0.0,0.0,0.0,0.0,0.0,0.0,0.0,-0.004656406119465828,0.0,0.0,0.0,0.0,0.0,0.2570019005984068,0.0,0.0,0.0,0.0,0.0,0.0,0.12946981348097325,0.0,0.12106135562062263,0.0,0.0,0.058792314752936364,0.0,0.0,-0.005901063680648804,2.0,2.0
Fmn1,0.436498092468828,0.0,0.0,0.0,0.0,0.0,0.0,0.0,0.0,0.0,0.039632223397493366,0.0,0.0,0.0,0.0,0.0,0.0,0.0,-0.23617460541427135,-0.02780207574367523,0.0,0.0,-0.023978052586317064,0.0,0.041961150020360945,-0.08977835074067116,0.0,0.0,-0.0023581168055534364,0.0,0.0,0.0,0.0,0.0,0.0,0.0,0.0,0.0,0.0,0.0,0.0,0.0,0.0,0.0,0.0,0.0,0.0375908875465393,0.0,0.0,0.0,0.0,0.0,0.0,-0.06896796159446239,0.0,0.0,0.0,0.0,0.0,0.0,0.0,0.0,0.0,0.0,0.0,0.0,0.0,0.0,0.0,0.0,0.0,0.0,0.0,0.0,0.0,0.0,0.0,0.0,0.0,0.0,0.0,0.0,0.003991205468773842,0.0,0.0,0.0,0.0,0.0,0.31601063542068003,0.0,0.0,0.0,0.0,0.0,0.0,0.08478261593729258,0.0,-0.09876443475484847,0.0,0.0,-0.0531862536072731,0.0,0.0,-0.011802127361297607,2.0,2.0
Adcy8,0.4511136670410633,0.0,0.0,0.0,0.0,0.0,0.0,0.0,0.0,0.0,0.039632223397493366,0.0,0.0,0.0,0.0,0.0,0.0,0.0,-0.08677414383739233,-0.02780207574367523,0.0,0.0,-0.023978052586317064,0.0,-0.06025999739766121,-0.3067849665135145,0.0,0.0,-0.0023581168055534364,0.0,0.0,0.0,0.0,0.0,0.0,0.0,0.0,0.0,0.0,0.0,0.0,0.0,0.0,0.0,0.0,0.0,0.013596704006195068,0.0,0.0,0.0,0.0,0.0,0.0,-0.12007853046059608,0.0,0.0,0.0,0.0,0.0,0.0,0.0,0.0,0.0,0.0,0.0,0.0,0.0,0.0,0.0,0.0,0.0,0.0,0.0,0.0,0.0,0.0,0.0,0.0,0.0,0.0,0.0,0.0,-0.0135257513448596,0.0,0.0,0.0,0.0,0.0,0.02675007551908493,0.0,0.0,0.0,0.0,0.0,0.0,0.048815920017659664,0.0,-0.09876443475484847,0.0,0.0,-0.0531862536072731,0.0,0.0,-0.056060104966163635,2.0,2.0
Btaf1,0.7647386483848095,0.0,0.0,0.0,0.0,0.0,0.0,0.0,0.0,0.0,0.039632223397493366,0.0,0.0,0.0,0.0,0.0,0.0,0.0,0.014983249828219414,-0.008968988358974457,0.0,0.0,-0.005832499265670777,0.0,0.005678952634334564,0.27325445726513864,0.0,0.0,-0.0023581168055534364,0.0,0.0,0.0,0.0,0.0,0.0,0.0,0.0,0.0,0.0,0.0,0.0,0.0,0.0,0.0,0.0,0.0,-0.018395540714263917,0.0,0.0,0.0,0.0,0.0,0.0,0.02159270841628313,0.0,0.0,0.0,0.0,0.0,0.0,0.0,0.0,0.0,0.0,0.0,0.0,0.0,0.0,0.0,0.0,0.0,0.0,0.0,0.0,0.0,0.0,0.0,0.0,0.0,0.0,0.0,0.0,0.01374748520553112,0.0,0.0,0.0,0.0,0.0,-0.1088083754479885,0.0,0.0,0.0,0.0,0.0,0.0,-0.08159117497503758,0.0,-0.09876443475484847,0.0,0.0,0.12025137275457382,0.0,0.0,-0.001311347484588623,2.0,2.0
Ubb,-0.684272648319602,0.0,0.0,0.0,0.0,0.0,0.0,0.0,0.0,0.0,0.012566314898431302,0.0,0.0,0.0,0.0,0.0,0.0,0.0,-0.04150358874350786,-0.042669021040201184,0.0,0.0,-0.009720832407474518,0.0,-0.010726910531520844,-0.08452894654124975,0.0,0.0,-0.007663879469037056,0.0,0.0,0.0,0.0,0.0,0.0,0.0,0.0,0.0,0.0,0.0,0.0,0.0,0.0,0.0,0.0,0.0,0.013596704006195068,0.0,0.0,0.0,0.0,0.0,0.0,0.02979563869535923,0.0,0.0,0.0,0.0,0.0,0.0,0.0,0.0,0.0,0.0,0.0,0.0,0.0,0.0,0.0,0.0,0.0,0.0,0.0,0.0,0.0,0.0,0.0,0.0,0.0,0.0,0.0,0.0,-0.0135257513448596,0.0,0.0,0.0,0.0,0.0,-0.2983269028365612,0.0,0.0,0.0,0.0,0.0,0.0,-0.07338824339210986,0.0,-0.11006115816533565,0.0,0.0,-0.0531862536072731,0.0,0.0,0.02557127594947815,0.0,0.0
C1ql3,-0.6994353567808866,0.0,0.0,0.0,0.0,0.0,0.0,0.0,0.0,0.0,0.012566314898431302,0.0,0.0,0.0,0.0,0.0,0.0,0.0,-0.07636785585433245,-0.042669021040201184,0.0,0.0,-0.009720832407474518,0.0,-0.010726910531520844,-0.05800573520362377,0.0,0.0,-0.007663879469037056,0.0,0.0,0.0,0.0,0.0,0.0,0.0,0.0,0.0,0.0,0.0,0.0,0.0,0.0,0.0,0.0,0.0,0.013596704006195068,0.0,0.0,0.0,0.0,0.0,0.0,0.02979563869535923,0.0,0.0,0.0,0.0,0.0,0.0,0.0,0.0,0.0,0.0,0.0,0.0,0.0,0.0,0.0,0.0,0.0,0.0,0.0,0.0,0.0,0.0,0.0,0.0,0.0,0.0,0.0,0.0,0.00997801337391138,0.0,0.0,0.0,0.0,0.0,-0.2983269028365612,0.0,0.0,0.0,0.0,0.0,0.0,-0.07338824339210986,0.0,-0.11006115816533565,0.0,0.0,-0.0531862536072731,0.0,0.0,0.02557127594947815,0.0,0.0
Tmem117,0.5688527419418097,0.0,0.0,0.0,0.0,0.0,0.0,0.0,0.0,0.0,-0.03125468045473099,0.0,0.0,0.0,0.0,0.0,0.0,0.0,-0.03650528196245432,-0.02780207574367523,0.0,0.0,-0.023978052586317064,0.0,-0.06025999739766121,-0.28903135791420936,0.0,0.0,-0.0023581168055534364,0.0,0.0,0.0,0.0,0.0,0.0,0.0,0.0,0.0,0.0,0.0,0.0,0.0,0.0,0.0,0.0,0.0,-0.018395540714263917,0.0,0.0,0.0,0.0,0.0,0.0,-0.12007853046059608,0.0,0.0,0.0,0.0,0.0,0.0,0.0,0.0,0.0,0.0,0.0,0.0,0.0,0.0,0.0,0.0,0.0,0.0,0.0,0.0,0.0,0.0,0.0,0.0,0.0,0.0,0.0,0.0,-0.0135257513448596,0.0,0.0,0.0,0.0,0.0,-0.1186299017071724,0.0,0.0,0.0,0.0,0.0,0.0,0.048815920017659664,0.0,0.1722932553291321,0.0,0.0,0.12025137275457382,0.0,0.0,0.11998829483985901,2.0,0.0
Slc8a3,0.5285663164407015,0.0,0.0,0.0,0.0,0.0,0.0,0.0,0.0,0.0,-0.08538649760186673,0.0,0.0,0.0,0.0,0.0,0.0,0.0,-0.21164145581424237,-0.008968988358974457,0.0,0.0,-0.005832499265670777,0.0,0.009780418425798416,0.15473436176776886,0.0,0.0,0.0035371752083301544,0.0,0.0,0.0,0.0,0.0,0.0,0.0,0.0,0.0,0.0,0.0,0.0,0.0,0.0,0.0,0.0,0.0,-0.07438196897506714,0.0,0.0,0.0,0.0,0.0,0.0,-0.013541194573044778,0.0,0.0,0.0,0.0,0.0,0.0,0.0,0.0,0.0,0.0,0.0,0.0,0.0,0.0,0.0,0.0,0.0,0.0,0.0,0.0,0.0,0.0,0.0,0.0,0.0,0.0,0.0,0.0,0.01374748520553112,0.0,0.0,0.0,0.0,0.0,0.20808694034814834,0.0,0.0,0.0,0.0,0.0,0.0,-0.050558737255632875,0.0,-0.13393340349197388,0.0,0.0,0.12025137275457382,0.0,0.0,-0.001311347484588623,2.0,2.0
Prr5l,0.5613416513055562,0.0,0.0,0.0,0.0,0.0,0.0,0.0,0.0,0.0,0.010310822427272796,0.0,0.0,0.0,0.0,0.0,0.0,0.0,-0.006763801649212837,-0.008968988358974457,0.0,0.0,-0.005832499265670777,0.0,0.041961150020360945,0.21939952604472637,0.0,0.0,0.014738229811191559,0.0,0.0,0.0,0.0,0.0,0.0,0.0,0.0,0.0,0.0,0.0,0.0,0.0,0.0,0.0,0.0,0.0,0.0375908875465393,0.0,0.0,0.0,0.0,0.0,0.0,-0.06896796159446239,0.0,0.0,0.0,0.0,0.0,0.0,0.0,0.0,0.0,0.0,0.0,0.0,0.0,0.0,0.0,0.0,0.0,0.0,0.0,0.0,0.0,0.0,0.0,0.0,0.0,0.0,0.0,0.0,0.01374748520553112,0.0,0.0,0.0,0.0,0.0,0.4396009447425604,0.0,0.0,0.0,0.0,0.0,0.0,0.08478261593729258,0.0,0.19772203549742698,0.0,0.0,-0.0531862536072731,0.0,0.0,-0.001311347484588623,2.0,2.0
Atp6v0c,-0.949115013629198,0.0,0.0,0.0,0.0,0.0,0.0,0.0,0.0,0.0,0.00515541136264801,0.0,0.0,0.0,0.0,0.0,0.0,0.0,-0.023689522333443166,-0.03678367927670479,0.0,0.0,-0.0038883331418037414,0.0,0.005678952634334564,0.10208464581519365,0.0,0.0,0.009432466998696327,0.0,0.0,0.0,0.0,0.0,0.0,0.0,0.0,0.0,0.0,0.0,0.0,0.0,0.0,0.0,0.0,0.0,0.013596704006195068,0.0,0.0,0.0,0.0,0.0,0.0,0.02159270841628313,0.0,0.0,0.0,0.0,0.0,0.0,0.0,0.0,0.0,0.0,0.0,0.0,0.0,0.0,0.0,0.0,0.0,0.0,0.0,0.0,0.0,0.0,0.0,0.0,0.0,0.0,0.0,0.0,0.003991205468773842,0.0,0.0,0.0,0.0,0.0,-0.28225728794932364,0.0,0.0,0.0,0.0,0.0,0.0,-0.08159117497503758,0.0,0.026417366564273834,0.0,0.0,-0.0531862536072731,0.0,0.0,0.013769148588180543,0.0,1.0
Unc13b,0.3205075667798519,0.0,0.0,0.0,0.0,0.0,0.0,0.0,0.0,0.0,0.010310822427272796,0.0,0.0,0.0,0.0,0.0,0.0,0.0,-0.06502709235996008,-0.02780207574367523,0.0,0.0,-0.023978052586317064,0.0,0.041961150020360945,-0.3067849665135145,0.0,0.0,-0.015327759087085724,0.0,0.0,0.0,0.0,0.0,0.0,0.0,0.0,0.0,0.0,0.0,0.0,0.0,0.0,0.0,0.0,0.0,-0.07438196897506714,0.0,0.0,0.0,0.0,0.0,0.0,-0.06896796159446239,0.0,0.0,0.0,0.0,0.0,0.0,0.0,0.0,0.0,0.0,0.0,0.0,0.0,0.0,0.0,0.0,0.0,0.0,0.0,0.0,0.0,0.0,0.0,0.0,0.0,0.0,0.0,0.0,-0.0135257513448596,0.0,0.0,0.0,0.0,0.0,0.26802226781845095,0.0,0.0,0.0,0.0,0.0,0.0,0.08478261593729258,0.0,0.2254670824110508,0.0,0.0,0.12025137275457382,0.0,0.0,-0.056060104966163635,2.0,2.0
Tjp2,0.5112975365668535,0.0,0.0,0.0,0.0,0.0,0.0,0.0,0.0,0.0,0.010310822427272796,0.0,0.0,0.0,0.0,0.0,0.0,0.0,0.1312913866341114,0.08209900379180908,0.0,0.0,0.027542358040809633,0.0,0.008833926320075989,0.11869739420711994,0.0,0.0,0.014738229811191559,0.0,0.0,0.0,0.0,0.0,0.0,0.0,0.0,0.0,0.0,0.0,0.0,0.0,0.0,0.0,0.0,0.0,0.0375908875465393,0.0,0.0,0.0,0.0,0.0,0.0,0.04188557293266058,0.0,0.0,0.0,0.0,0.0,0.0,0.0,0.0,0.0,0.0,0.0,0.0,0.0,0.0,0.0,0.0,0.0,0.0,0.0,0.0,0.0,0.0,0.0,0.0,0.0,0.0,0.0,0.0,-0.007982410937547684,0.0,0.0,0.0,0.0,0.0,0.2560753079503775,0.0,0.0,0.0,0.0,0.0,0.0,0.12946981348097325,0.0,0.19772203549742698,0.0,0.0,0.058792314752936364,0.0,0.0,-0.0009835106134414673,2.0,2.0
Plekhg1,0.4200773516856134,0.0,0.0,0.0,0.0,0.0,0.0,0.0,0.0,0.0,0.010310822427272796,0.0,0.0,0.0,0.0,0.0,0.0,0.0,0.2646508290246129,0.1400696024298668,0.0,0.0,0.09331998944282532,0.0,0.041961150020360945,-0.09590457953512668,0.0,0.0,-0.015327759087085724,0.0,0.0,0.0,0.0,0.0,0.0,0.0,0.0,0.0,0.0,0.0,0.0,0.0,0.0,0.0,0.0,0.0,-0.07438196897506714,0.0,0.0,0.0,0.0,0.0,0.0,-0.06896796159446239,0.0,0.0,0.0,0.0,0.0,0.0,0.0,0.0,0.0,0.0,0.0,0.0,0.0,0.0,0.0,0.0,0.0,0.0,0.0,0.0,0.0,0.0,0.0,0.0,0.0,0.0,0.0,0.0,0.004878140017390251,0.0,0.0,0.0,0.0,0.0,0.4515479046106339,0.0,0.0,0.0,0.0,0.0,0.0,0.08478261593729258,0.0,0.2254670824110508,0.0,0.0,0.058792314752936364,0.0,0.0,-0.016391843557357788,2.0,2.0
Rps8,-0.6697654365748167,0.0,0.0,0.0,0.0,0.0,0.0,0.0,0.0,0.0,-0.02771033514291048,0.0,0.0,0.0,0.0,0.0,0.0,0.0,-0.038399318046867845,-0.042669021040201184,0.0,0.0,-0.009720832407474518,0.0,-0.010726910531520844,-0.07699000291526317,0.0,0.0,-0.007663879469037056,0.0,0.0,0.0,0.0,0.0,0.0,0.0,0.0,0.0,0.0,0.0,0.0,0.0,0.0,0.0,0.0,0.0,0.013596704006195068,0.0,0.0,0.0,0.0,0.0,0.0,0.02979563869535923,0.0,0.0,0.0,0.0,0.0,0.0,0.0,0.0,0.0,0.0,0.0,0.0,0.0,0.0,0.0,0.0,0.0,0.0,0.0,0.0,0.0,0.0,0.0,0.0,0.0,0.0,0.0,0.0,0.00997801337391138,0.0,0.0,0.0,0.0,0.0,-0.2983269028365612,0.0,0.0,0.0,0.0,0.0,0.0,-0.07338824339210986,0.0,-0.11843870177865029,0.0,0.0,-0.0531862536072731,0.0,0.0,0.02557127594947815,0.0,0.0
Ar,0.4529670121148229,0.0,0.0,0.0,0.0,0.0,0.0,0.0,0.0,0.0,-0.03125468045473099,0.0,0.0,0.0,0.0,0.0,0.0,0.0,0.22275771278887987,0.1400696024298668,0.0,0.0,0.09331998944282532,0.0,-0.010726910531520844,-0.08681384518742562,0.0,0.0,-0.015327759087085724,0.0,0.0,0.0,0.0,0.0,0.0,0.0,0.0,0.0,0.0,0.0,0.0,0.0,0.0,0.0,0.0,0.0,0.0375908875465393,0.0,0.0,0.0,0.0,0.0,0.0,0.02979563869535923,0.0,0.0,0.0,0.0,0.0,0.0,0.0,0.0,0.0,0.0,0.0,0.0,0.0,0.0,0.0,0.0,0.0,0.0,0.0,0.0,0.0,0.0,0.0,0.0,0.0,0.0,0.0,0.0,-0.019956026822328568,0.0,0.0,0.0,0.0,0.0,0.49953627221286295,0.0,0.0,0.0,0.0,0.0,0.0,-0.07338824339210986,0.0,0.27669898211956023,0.0,0.0,0.058792314752936364,0.0,0.0,-0.001311347484588623,2.0,2.0
Xrcc4,0.5966807835688814,0.0,0.0,0.0,0.0,0.0,0.0,0.0,0.0,0.0,0.039632223397493366,0.0,0.0,0.0,0.0,0.0,0.0,0.0,-0.010215100869536399,-0.008968988358974457,0.0,0.0,-0.005832499265670777,0.0,-0.06025999739766121,0.28910558015108107,0.0,0.0,-0.0023581168055534364,0.0,0.0,0.0,0.0,0.0,0.0,0.0,0.0,0.0,0.0,0.0,0.0,0.0,0.0,0.0,0.0,0.0,-0.07438196897506714,0.0,0.0,0.0,0.0,0.0,0.0,-0.12007853046059608,0.0,0.0,0.0,0.0,0.0,0.0,0.0,0.0,0.0,0.0,0.0,0.0,0.0,0.0,0.0,0.0,0.0,0.0,0.0,0.0,0.0,0.0,0.0,0.0,0.0,0.0,0.0,0.0,-0.006430275477468967,0.0,0.0,0.0,0.0,0.0,0.20808694034814834,0.0,0.0,0.0,0.0,0.0,0.0,0.048815920017659664,0.0,-0.09876443475484847,0.0,0.0,-0.0531862536072731,0.0,0.0,-0.011802127361297607,2.0,2.0
Atcay,-0.8598347189277411,0.0,0.0,0.0,0.0,0.0,0.0,0.0,0.0,0.0,0.034871915634721515,0.0,0.0,0.0,0.0,0.0,0.0,0.0,-0.09173765808343887,-0.14729562386870385,0.0,0.0,0.0,0.008882106319069862,-0.033855097107589244,0.0766440862417221,0.0,0.0,-0.0028688742220401766,0.0,0.0,0.0,0.0,0.0,0.0,0.0,0.0,0.0,0.0,0.0,0.0,0.0,0.0,0.0,0.0,0.0,0.0,0.0,0.0,0.0,0.0,0.0,0.0,0.0,0.0,0.0,0.0,0.0,0.0,0.0,0.0,0.0,0.0,0.0,0.0,0.0,0.0,0.0,0.0,0.0,0.0,0.0,0.0,0.0,0.0,0.0,0.0,0.0,0.0,0.0,0.0,0.0,0.0,0.0,0.0,0.0,0.0,0.0,-0.17897173810750247,0.0,0.0,0.0,0.004830687046051025,0.0,0.0,0.0,0.0,-0.1709154486656189,0.0,0.0,0.0,0.0035654420778155325,0.0,0.0,1.0,1.0
Nt5c,-1.0048600501567124,0.0,0.0,0.0,0.0,0.0,0.0,0.0,0.0,0.0,0.03444368429481983,0.0,0.0,0.0,0.0,0.0,0.0,0.0,-0.041468195617198944,-0.07082099914550781,0.0,0.0,0.0,0.008882106319069862,-0.033855097107589244,0.0766440862417221,0.0,0.0,0.012909933999180794,0.0,0.0,0.0,0.0,0.0,0.0,0.0,0.0,0.0,0.0,0.0,0.0,0.0,0.0,0.0,0.0,0.0,0.0,0.0,0.0,0.0,0.0,0.0,0.0,0.0,0.0,0.0,0.0,0.0,0.0,0.0,0.0,0.0,0.0,0.0,0.0,0.0,0.0,0.0,0.0,0.0,0.0,0.0,0.0,0.0,0.0,0.0,0.0,0.0,0.0,0.0,0.0,0.0,0.0,0.0,0.0,0.0,0.0,0.0,-0.18064144372940064,0.0,0.0,0.0,0.007040333747863769,0.0,0.0,0.0,0.0,-0.16852472126483917,0.0,0.0,0.0,0.0035654420778155325,0.0,0.0,1.0,0.0
Ptpn23,-0.9660724874585866,0.0,0.0,0.0,0.0,0.0,0.0,0.0,0.0,0.0,-0.05176511079072952,0.0,0.0,0.0,0.0,0.0,0.0,0.0,-0.041468195617198944,-0.07600512200966478,0.0,0.0,0.0,0.004770020060241222,0.005199002488516271,0.05498589534312487,0.0,0.0,0.030840396992862226,0.0,0.0,0.0,0.0,0.0,0.0,0.0,0.0,0.0,0.0,0.0,0.0,0.0,0.0,0.0,0.0,0.0,0.0,0.0,0.0,0.0,0.0,0.0,0.0,0.0,0.0,0.0,0.0,0.0,0.0,0.0,0.0,0.0,0.0,0.0,0.0,0.0,0.0,0.0,0.0,0.0,0.0,0.0,0.0,0.0,0.0,0.0,0.0,0.0,0.0,0.0,0.0,0.0,0.0,0.0,0.0,0.0,0.0,0.0,-0.18861892614513637,0.0,0.0,0.0,0.007040333747863769,0.0,0.0,0.0,0.0,-0.13696205912157894,0.0,0.0,0.0,0.0013713238760828972,0.0,0.0,1.0,1.0
Wipi1,-1.0230770904570818,0.0,0.0,0.0,0.0,0.0,0.0,0.0,0.0,0.0,0.03444368429481983,0.0,0.0,0.0,0.0,0.0,0.0,0.0,-0.041468195617198944,-0.07082099914550781,0.0,0.0,0.0,0.008882106319069862,0.002578974664211273,0.0766440862417221,0.0,0.0,0.012909933999180794,0.0,0.0,0.0,0.0,0.0,0.0,0.0,0.0,0.0,0.0,0.0,0.0,0.0,0.0,0.0,0.0,0.0,0.0,0.0,0.0,0.0,0.0,0.0,0.0,0.0,0.0,0.0,0.0,0.0,0.0,0.0,0.0,0.0,0.0,0.0,0.0,0.0,0.0,0.0,0.0,0.0,0.0,0.0,0.0,0.0,0.0,0.0,0.0,0.0,0.0,0.0,0.0,0.0,0.0,0.0,0.0,0.0,0.0,0.0,-0.18064144372940064,0.0,0.0,0.0,0.007040333747863769,0.0,0.0,0.0,0.0,-0.18674175508320331,0.0,0.0,0.0,0.0035654420778155325,0.0,0.0,1.0,1.0
Stard5,-0.8503666518256068,0.0,0.0,0.0,0.0,0.0,0.0,0.0,0.0,0.0,0.043528452459722755,0.0,0.0,0.0,0.0,0.0,0.0,0.0,-0.041468195617198944,-0.07082099914550781,0.0,0.0,0.0,0.008882106319069862,-0.033855097107589244,-0.04530743584036827,0.0,0.0,-0.0028688742220401766,0.0,0.0,0.0,0.0,0.0,0.0,0.0,0.0,0.0,0.0,0.0,0.0,0.0,0.0,0.0,0.0,0.0,0.0,0.0,0.0,0.0,0.0,0.0,0.0,0.0,0.0,0.0,0.0,0.0,0.0,0.0,0.0,0.0,0.0,0.0,0.0,0.0,0.0,0.0,0.0,0.0,0.0,0.0,0.0,0.0,0.0,0.0,0.0,0.0,0.0,0.0,0.0,0.0,0.0,0.0,0.0,0.0,0.0,0.0,-0.18064144372940064,0.0,0.0,0.0,0.007040333747863769,0.0,0.0,0.0,0.0,-0.1910813895240426,0.0,0.0,0.0,0.00027426477521657944,0.0,0.0,1.0,1.0
Spag1,-0.8685836878418922,0.0,0.0,0.0,0.0,0.0,0.0,0.0,0.0,0.0,0.043528452459722755,0.0,0.0,0.0,0.0,0.0,0.0,0.0,-0.041468195617198944,-0.07082099914550781,0.0,0.0,0.0,0.008882106319069862,0.002578974664211273,-0.04530743584036827,0.0,0.0,-0.0028688742220401766,0.0,0.0,0.0,0.0,0.0,0.0,0.0,0.0,0.0,0.0,0.0,0.0,0.0,0.0,0.0,0.0,0.0,0.0,0.0,0.0,0.0,0.0,0.0,0.0,0.0,0.0,0.0,0.0,0.0,0.0,0.0,0.0,0.0,0.0,0.0,0.0,0.0,0.0,0.0,0.0,0.0,0.0,0.0,0.0,0.0,0.0,0.0,0.0,0.0,0.0,0.0,0.0,0.0,0.0,0.0,0.0,0.0,0.0,0.0,-0.18064144372940064,0.0,0.0,0.0,0.007040333747863769,0.0,0.0,0.0,0.0,-0.20929842337965965,0.0,0.0,0.0,0.00027426477521657944,0.0,0.0,1.0,1.0
Iscu,-0.6478381893783808,0.0,0.0,0.0,0.0,0.0,0.0,0.0,0.0,0.0,-0.04491779681295156,0.0,0.0,0.0,0.0,0.0,0.0,0.0,-0.041468195617198944,-0.07600512200966478,0.0,0.0,0.0,0.002960702106356621,-0.06819072268903255,0.05498589534312487,0.0,0.0,0.016256953924894332,0.0,0.0,0.0,0.0,0.0,0.0,0.0,0.0,0.0,0.0,0.0,0.0,0.0,0.0,0.0,0.0,0.0,0.0,0.0,0.0,0.0,0.0,0.0,0.0,0.0,0.0,0.0,0.0,0.0,0.0,0.0,0.0,0.0,0.0,0.0,0.0,0.0,0.0,0.0,0.0,0.0,0.0,0.0,0.0,0.0,0.0,0.0,0.0,0.0,0.0,0.0,0.0,0.0,0.0,0.0,0.0,0.0,0.0,0.0,-0.18861892614513637,0.0,0.0,0.0,0.007040333747863769,0.0,0.0,0.0,0.0,0.5476361545920372,0.0,0.0,0.0,0.0013713238760828972,0.0,0.0,1.0,0.0
Pea15a,-1.0230770904570818,0.0,0.0,0.0,0.0,0.0,0.0,0.0,0.0,0.0,0.03444368429481983,0.0,0.0,0.0,0.0,0.0,0.0,0.0,-0.041468195617198944,-0.07082099914550781,0.0,0.0,0.0,0.008882106319069862,0.002578974664211273,0.0766440862417221,0.0,0.0,0.012909933999180794,0.0,0.0,0.0,0.0,0.0,0.0,0.0,0.0,0.0,0.0,0.0,0.0,0.0,0.0,0.0,0.0,0.0,0.0,0.0,0.0,0.0,0.0,0.0,0.0,0.0,0.0,0.0,0.0,0.0,0.0,0.0,0.0,0.0,0.0,0.0,0.0,0.0,0.0,0.0,0.0,0.0,0.0,0.0,0.0,0.0,0.0,0.0,0.0,0.0,0.0,0.0,0.0,0.0,0.0,0.0,0.0,0.0,0.0,0.0,-0.18064144372940064,0.0,0.0,0.0,0.007040333747863769,0.0,0.0,0.0,0.0,-0.18674175508320331,0.0,0.0,0.0,0.0035654420778155325,0.0,0.0,1.0,1.0
Elovl4,-0.714426088295877,0.0,0.0,0.0,0.0,0.0,0.0,0.0,0.0,0.0,0.034871915634721515,0.0,0.0,0.0,0.0,0.0,0.0,0.0,-0.09173765808343887,-0.14729562386870385,0.0,0.0,0.0,0.008882106319069862,-0.033855097107589244,-0.04530743584036827,0.0,0.0,-0.0028688742220401766,0.0,0.0,0.0,0.0,0.0,0.0,0.0,0.0,0.0,0.0,0.0,0.0,0.0,0.0,0.0,0.0,0.0,0.0,0.0,0.0,0.0,0.0,0.0,0.0,0.0,0.0,0.0,0.0,0.0,0.0,0.0,0.0,0.0,0.0,0.0,0.0,0.0,0.0,0.0,0.0,0.0,0.0,0.0,0.0,0.0,0.0,0.0,0.0,0.0,0.0,0.0,0.0,0.0,0.0,0.0,0.0,0.0,0.0,0.0,-0.17897173810750247,0.0,0.0,0.0,0.004830687046051025,0.0,0.0,0.0,0.0,-0.1910813895240426,0.0,0.0,0.0,0.00027426477521657944,0.0,0.0,1.0,1.0
Tiprl,-0.9957752824574709,0.0,0.0,0.0,0.0,0.0,0.0,0.0,0.0,0.0,0.043528452459722755,0.0,0.0,0.0,0.0,0.0,0.0,0.0,-0.041468195617198944,-0.07082099914550781,0.0,0.0,0.0,0.008882106319069862,-0.033855097107589244,0.0766440862417221,0.0,0.0,-0.0028688742220401766,0.0,0.0,0.0,0.0,0.0,0.0,0.0,0.0,0.0,0.0,0.0,0.0,0.0,0.0,0.0,0.0,0.0,0.0,0.0,0.0,0.0,0.0,0.0,0.0,0.0,0.0,0.0,0.0,0.0,0.0,0.0,0.0,0.0,0.0,0.0,0.0,0.0,0.0,0.0,0.0,0.0,0.0,0.0,0.0,0.0,0.0,0.0,0.0,0.0,0.0,0.0,0.0,0.0,0.0,0.0,0.0,0.0,0.0,0.0,-0.18064144372940064,0.0,0.0,0.0,0.007040333747863769,0.0,0.0,0.0,0.0,-0.1709154486656189,0.0,0.0,0.0,0.0035654420778155325,0.0,0.0,1.0,1.0
Myo1b,0.6015589337050915,0.0,0.0,0.0,0.0,0.0,0.0,0.0,0.0,0.0,0.13042419284582138,0.0,0.0,0.0,0.0,0.0,0.0,0.0,-0.005149699598550796,-0.03071335017681122,0.0,0.0,0.0,0.0223697492480278,0.005157949179410934,-0.1666966585814953,0.0,0.0,-0.008128476813435554,0.0,0.0,0.0,0.0,0.0,0.0,0.0,0.0,0.0,0.0,0.0,0.0,0.0,0.0,0.0,0.0,0.0,0.0,0.0,0.0,0.0,0.0,0.0,0.0,0.0,0.0,0.0,0.0,0.0,0.0,0.0,0.0,0.0,0.0,0.0,0.0,0.0,0.0,0.0,0.0,0.0,0.0,0.0,0.0,0.0,0.0,0.0,0.0,0.0,0.0,0.0,0.0,0.0,0.0,0.0,0.0,0.0,0.0,0.0,-0.13597488783299924,0.0,0.0,0.0,0.014633079171180724,0.0,0.0,0.0,0.0,-0.1890235570818186,0.0,0.0,0.0,0.0005485295504331589,0.0,0.0,1.0,0.0
Pias4,-1.054795435294509,0.0,0.0,0.0,0.0,0.0,0.0,0.0,0.0,0.0,0.03444368429481983,0.0,0.0,0.0,0.0,0.0,0.0,0.0,-0.041468195617198944,-0.07082099914550781,0.0,0.0,0.0,0.008882106319069862,0.005199002488516271,0.05498589534312487,0.0,0.0,0.012909933999180794,0.0,0.0,0.0,0.0,0.0,0.0,0.0,0.0,0.0,0.0,0.0,0.0,0.0,0.0,0.0,0.0,0.0,0.0,0.0,0.0,0.0,0.0,0.0,0.0,0.0,0.0,0.0,0.0,0.0,0.0,0.0,0.0,0.0,0.0,0.0,0.0,0.0,0.0,0.0,0.0,0.0,0.0,0.0,0.0,0.0,0.0,0.0,0.0,0.0,0.0,0.0,0.0,0.0,0.0,0.0,0.0,0.0,0.0,0.0,-0.18064144372940064,0.0,0.0,0.0,0.007040333747863769,0.0,0.0,0.0,0.0,-0.13379113195464015,0.0,0.0,0.0,0.0013713238760828972,0.0,0.0,1.0,1.0
D430041D05Rik,0.5865281628072262,0.0,0.0,0.0,0.0,0.0,0.0,0.0,0.0,0.0,0.06744026737287641,0.0,0.0,0.0,0.0,0.0,0.0,0.0,-0.005149699598550796,-0.02867259845137596,0.0,0.0,0.0,-0.09079486459493637,0.027120286673307417,-0.08179799005389214,0.0,0.0,-0.008128476813435554,0.0,0.0,0.0,0.0,0.0,0.0,0.0,0.0,0.0,0.0,0.0,0.0,0.0,0.0,0.0,0.0,0.0,0.0,0.0,0.0,0.0,0.0,0.0,0.0,0.0,0.0,0.0,0.0,0.0,0.0,0.0,0.0,0.0,0.0,0.0,0.0,0.0,0.0,0.0,0.0,0.0,0.0,0.0,0.0,0.0,0.0,0.0,0.0,0.0,0.0,0.0,0.0,0.0,0.0,0.0,0.0,0.0,0.0,0.0,0.2248956163600087,0.0,0.0,0.0,0.014633079171180724,0.0,0.0,0.0,0.0,0.057155131325125695,0.0,0.0,0.0,0.0,0.0,0.0,1.0,2.0
Lyplal1,-1.0230770904570818,0.0,0.0,0.0,0.0,0.0,0.0,0.0,0.0,0.0,0.03444368429481983,0.0,0.0,0.0,0.0,0.0,0.0,0.0,-0.041468195617198944,-0.07082099914550781,0.0,0.0,0.0,0.008882106319069862,0.002578974664211273,0.0766440862417221,0.0,0.0,0.012909933999180794,0.0,0.0,0.0,0.0,0.0,0.0,0.0,0.0,0.0,0.0,0.0,0.0,0.0,0.0,0.0,0.0,0.0,0.0,0.0,0.0,0.0,0.0,0.0,0.0,0.0,0.0,0.0,0.0,0.0,0.0,0.0,0.0,0.0,0.0,0.0,0.0,0.0,0.0,0.0,0.0,0.0,0.0,0.0,0.0,0.0,0.0,0.0,0.0,0.0,0.0,0.0,0.0,0.0,0.0,0.0,0.0,0.0,0.0,0.0,-0.18064144372940064,0.0,0.0,0.0,0.007040333747863769,0.0,0.0,0.0,0.0,-0.18674175508320331,0.0,0.0,0.0,0.0035654420778155325,0.0,0.0,1.0,1.0
Adamts9,0.46007597899064423,0.0,0.0,0.0,0.0,0.0,0.0,0.0,0.0,0.0,-0.1526625704020262,0.0,0.0,0.0,0.0,0.0,0.0,0.0,-0.1360712641477585,-0.1631617650203407,0.0,0.0,0.0,0.007730722166597843,0.005157949179410934,-0.1666966585814953,0.0,0.0,-0.04948807880282402,0.0,0.0,0.0,0.0,0.0,0.0,0.0,0.0,0.0,0.0,0.0,0.0,0.0,0.0,0.0,0.0,0.0,0.0,0.0,0.0,0.0,0.0,0.0,0.0,0.0,0.0,0.0,0.0,0.0,0.0,0.0,0.0,0.0,0.0,0.0,0.0,0.0,0.0,0.0,0.0,0.0,0.0,0.0,0.0,0.0,0.0,0.0,0.0,0.0,0.0,0.0,0.0,0.0,0.0,0.0,0.0,0.0,0.0,0.0,0.13467994078993797,0.0,0.0,0.0,0.008004139065742493,0.0,0.0,0.0,0.0,-0.22571122244000436,0.0,0.0,0.0,0.0005485295504331589,0.0,0.0,1.0,2.0
Pafah2,-0.6247192388400435,0.0,0.0,0.0,0.0,0.0,0.0,0.0,0.0,0.0,0.0326172985509038,0.0,0.0,0.0,0.0,0.0,0.0,0.0,0.21697511464357377,0.33043563961982725,0.0,0.0,0.0,0.004441053159534931,0.005199002488516271,-0.02875119149684906,0.0,0.0,-0.0014344370365142823,0.0,0.0,0.0,0.0,0.0,0.0,0.0,0.0,0.0,0.0,0.0,0.0,0.0,0.0,0.0,0.0,0.0,0.0,0.0,0.0,0.0,0.0,0.0,0.0,0.0,0.0,0.0,0.0,0.0,0.0,0.0,0.0,0.0,0.0,0.0,0.0,0.0,0.0,0.0,0.0,0.0,0.0,0.0,0.0,0.0,0.0,0.0,0.0,0.0,0.0,0.0,0.0,0.0,0.0,0.0,0.0,0.0,0.0,0.0,0.09483697891235351,0.0,0.0,0.0,0.004325281381607055,0.0,0.0,0.0,0.0,0.5789204967394471,0.0,0.0,0.0,0.0,0.0,0.0,1.0,2.0
Nrep,-0.8685836878418922,0.0,0.0,0.0,0.0,0.0,0.0,0.0,0.0,0.0,0.043528452459722755,0.0,0.0,0.0,0.0,0.0,0.0,0.0,-0.041468195617198944,-0.07082099914550781,0.0,0.0,0.0,0.008882106319069862,0.002578974664211273,-0.04530743584036827,0.0,0.0,-0.0028688742220401766,0.0,0.0,0.0,0.0,0.0,0.0,0.0,0.0,0.0,0.0,0.0,0.0,0.0,0.0,0.0,0.0,0.0,0.0,0.0,0.0,0.0,0.0,0.0,0.0,0.0,0.0,0.0,0.0,0.0,0.0,0.0,0.0,0.0,0.0,0.0,0.0,0.0,0.0,0.0,0.0,0.0,0.0,0.0,0.0,0.0,0.0,0.0,0.0,0.0,0.0,0.0,0.0,0.0,0.0,0.0,0.0,0.0,0.0,0.0,-0.18064144372940064,0.0,0.0,0.0,0.007040333747863769,0.0,0.0,0.0,0.0,-0.20929842337965965,0.0,0.0,0.0,0.00027426477521657944,0.0,0.0,1.0,1.0
Rassf3,-0.20500257849693299,0.0,0.0,0.0,0.0,0.0,0.0,0.0,0.0,0.0,-0.03267328891903162,0.0,0.0,0.0,0.0,0.0,0.0,0.0,0.13961987376213073,0.27769153647124767,0.0,0.0,0.0,0.002960702106356621,0.005199002488516271,0.08914537031203508,0.0,0.0,0.016256953924894332,0.0,0.0,0.0,0.0,0.0,0.0,0.0,0.0,0.0,0.0,0.0,0.0,0.0,0.0,0.0,0.0,0.0,0.0,0.0,0.0,0.0,0.0,0.0,0.0,0.0,0.0,0.0,0.0,0.0,0.0,0.0,0.0,0.0,0.0,0.0,0.0,0.0,0.0,0.0,0.0,0.0,0.0,0.0,0.0,0.0,0.0,0.0,0.0,0.0,0.0,0.0,0.0,0.0,0.0,0.0,0.0,0.0,0.0,0.0,0.3302477077767253,0.0,0.0,0.0,0.006487922072410584,0.0,0.0,0.0,0.0,0.5663747722096741,0.0,0.0,0.0,0.0013713238760828972,0.0,0.0,2.0,2.0
Fam135b,0.5494096850417555,0.0,0.0,0.0,0.0,0.0,0.0,0.0,0.0,0.0,-0.1526625704020262,0.0,0.0,0.0,0.0,0.0,0.0,0.0,-0.1360712641477585,-0.1631617650203407,0.0,0.0,0.0,0.007730722166597843,0.005157949179410934,0.18999720945954324,0.0,0.0,-0.04948807880282402,0.0,0.0,0.0,0.0,0.0,0.0,0.0,0.0,0.0,0.0,0.0,0.0,0.0,0.0,0.0,0.0,0.0,0.0,0.0,0.0,0.0,0.0,0.0,0.0,0.0,0.0,0.0,0.0,0.0,0.0,0.0,0.0,0.0,0.0,0.0,0.0,0.0,0.0,0.0,0.0,0.0,0.0,0.0,0.0,0.0,0.0,0.0,0.0,0.0,0.0,0.0,0.0,0.0,0.0,0.0,0.0,0.0,0.0,0.0,0.13467994078993797,0.0,0.0,0.0,0.008004139065742493,0.0,0.0,0.0,0.0,-0.14524504587054252,0.0,0.0,0.0,0.010970590561628342,0.0,0.0,0.0,0.0
Skap2,0.398175475038588,0.0,0.0,0.0,0.0,0.0,0.0,0.0,0.0,0.0,0.042831750242039564,0.0,0.0,0.0,0.0,0.0,0.0,0.0,0.13961987376213073,0.3073284085094929,0.0,0.0,0.0,-0.029771504513919352,0.027120286673307417,-0.08179799005389214,0.0,0.0,-0.0035860927775502203,0.0,0.0,0.0,0.0,0.0,0.0,0.0,0.0,0.0,0.0,0.0,0.0,0.0,0.0,0.0,0.0,0.0,0.0,0.0,0.0,0.0,0.0,0.0,0.0,0.0,0.0,0.0,0.0,0.0,0.0,0.0,0.0,0.0,0.0,0.0,0.0,0.0,0.0,0.0,0.0,0.0,0.0,0.0,0.0,0.0,0.0,0.0,0.0,0.0,0.0,0.0,0.0,0.0,0.0,0.0,0.0,0.0,0.0,0.0,0.2248956163600087,0.0,0.0,0.0,0.006487922072410584,0.0,0.0,0.0,0.0,0.4441468034684658,0.0,0.0,0.0,0.0,0.0,0.0,2.0,2.0
Pabpn1,-0.9553336961567402,0.0,0.0,0.0,0.0,0.0,0.0,0.0,0.0,0.0,0.03444368429481983,0.0,0.0,0.0,0.0,0.0,0.0,0.0,-0.041468195617198944,-0.07082099914550781,0.0,0.0,0.0,0.008882106319069862,0.002578974664211273,0.05991393616423011,0.0,0.0,0.012909933999180794,0.0,0.0,0.0,0.0,0.0,0.0,0.0,0.0,0.0,0.0,0.0,0.0,0.0,0.0,0.0,0.0,0.0,0.0,0.0,0.0,0.0,0.0,0.0,0.0,0.0,0.0,0.0,0.0,0.0,0.0,0.0,0.0,0.0,0.0,0.0,0.0,0.0,0.0,0.0,0.0,0.0,0.0,0.0,0.0,0.0,0.0,0.0,0.0,0.0,0.0,0.0,0.0,0.0,0.0,0.0,0.0,0.0,0.0,0.0,-0.18064144372940064,0.0,0.0,0.0,0.007040333747863769,0.0,0.0,0.0,0.0,-0.20127778686583042,0.0,0.0,0.0,-0.0329117726534605,0.0,0.0,0.0,0.0
Cspg4,-0.8400942623615265,0.0,0.0,0.0,0.0,0.0,0.0,0.0,0.0,0.0,0.019536776468157768,0.0,0.0,0.0,0.0,0.0,0.0,0.0,-0.09173765808343887,-0.14729562386870385,0.0,0.0,0.0,-0.025659418255090712,0.002578974664211273,0.0766440862417221,0.0,0.0,0.012909933999180794,0.0,0.0,0.0,0.0,0.0,0.0,0.0,0.0,0.0,0.0,0.0,0.0,0.0,0.0,0.0,0.0,0.0,0.0,0.0,0.0,0.0,0.0,0.0,0.0,0.0,0.0,0.0,0.0,0.0,0.0,0.0,0.0,0.0,0.0,0.0,0.0,0.0,0.0,0.0,0.0,0.0,0.0,0.0,0.0,0.0,0.0,0.0,0.0,0.0,0.0,0.0,0.0,0.0,0.0,0.0,0.0,0.0,0.0,0.0,-0.17897173810750247,0.0,0.0,0.0,0.004830687046051025,0.0,0.0,0.0,0.0,-0.19299212731420995,0.0,0.0,0.0,0.0035654420778155325,0.0,0.0,0.0,1.0
Rin2,0.585373751334846,0.0,0.0,0.0,0.0,0.0,0.0,0.0,0.0,0.0,0.02345999952405691,0.0,0.0,0.0,0.0,0.0,0.0,0.0,-0.1360712641477585,-0.24215224862098694,0.0,0.0,0.0,-0.09079486459493637,0.005157949179410934,0.18999720945954324,0.0,0.0,0.02247284717857838,0.0,0.0,0.0,0.0,0.0,0.0,0.0,0.0,0.0,0.0,0.0,0.0,0.0,0.0,0.0,0.0,0.0,0.0,0.0,0.0,0.0,0.0,0.0,0.0,0.0,0.0,0.0,0.0,0.0,0.0,0.0,0.0,0.0,0.0,0.0,0.0,0.0,0.0,0.0,0.0,0.0,0.0,0.0,0.0,0.0,0.0,0.0,0.0,0.0,0.0,0.0,0.0,0.0,0.0,0.0,0.0,0.0,0.0,0.0,-0.13263547658920288,0.0,0.0,0.0,0.008004139065742493,0.0,0.0,0.0,0.0,-0.1281194756180048,0.0,0.0,0.0,0.010970590561628342,0.0,0.0,2.0,2.0
Zbtb16,0.5007461114227771,0.0,0.0,0.0,0.0,0.0,0.0,0.0,0.0,0.0,0.03326883708126843,0.0,0.0,0.0,0.0,0.0,0.0,0.0,0.13961987376213073,0.3073284085094929,0.0,0.0,0.0,-0.029771504513919352,0.027120286673307417,0.10913584411144256,0.0,0.0,0.012670861147344113,0.0,0.0,0.0,0.0,0.0,0.0,0.0,0.0,0.0,0.0,0.0,0.0,0.0,0.0,0.0,0.0,0.0,0.0,0.0,0.0,0.0,0.0,0.0,0.0,0.0,0.0,0.0,0.0,0.0,0.0,0.0,0.0,0.0,0.0,0.0,0.0,0.0,0.0,0.0,0.0,0.0,0.0,0.0,0.0,0.0,0.0,0.0,0.0,0.0,0.0,0.0,0.0,0.0,0.0,0.0,0.0,0.0,0.0,0.0,0.2248956163600087,0.0,0.0,0.0,0.006487922072410584,0.0,0.0,0.0,0.0,0.28972510904073717,0.0,0.0,0.0,0.0027426477521657945,0.0,0.0,0.0,2.0
Grm1,0.6015589337050915,0.0,0.0,0.0,0.0,0.0,0.0,0.0,0.0,0.0,0.13042419284582138,0.0,0.0,0.0,0.0,0.0,0.0,0.0,-0.005149699598550796,-0.03071335017681122,0.0,0.0,0.0,0.0223697492480278,0.005157949179410934,-0.1666966585814953,0.0,0.0,-0.008128476813435554,0.0,0.0,0.0,0.0,0.0,0.0,0.0,0.0,0.0,0.0,0.0,0.0,0.0,0.0,0.0,0.0,0.0,0.0,0.0,0.0,0.0,0.0,0.0,0.0,0.0,0.0,0.0,0.0,0.0,0.0,0.0,0.0,0.0,0.0,0.0,0.0,0.0,0.0,0.0,0.0,0.0,0.0,0.0,0.0,0.0,0.0,0.0,0.0,0.0,0.0,0.0,0.0,0.0,0.0,0.0,0.0,0.0,0.0,0.0,-0.13597488783299924,0.0,0.0,0.0,0.014633079171180724,0.0,0.0,0.0,0.0,-0.1890235570818186,0.0,0.0,0.0,0.0005485295504331589,0.0,0.0,0.0,0.0
Mcc,0.47396547671407463,0.0,0.0,0.0,0.0,0.0,0.0,0.0,0.0,0.0,-0.1091944999434054,0.0,0.0,0.0,0.0,0.0,0.0,0.0,0.1985474145412445,0.29962051764130593,0.0,0.0,0.0,-0.0281266700103879,0.027120286673307417,-0.08179799005389214,0.0,0.0,-0.04948807880282402,0.0,0.0,0.0,0.0,0.0,0.0,0.0,0.0,0.0,0.0,0.0,0.0,0.0,0.0,0.0,0.0,0.0,0.0,0.0,0.0,0.0,0.0,0.0,0.0,0.0,0.0,0.0,0.0,0.0,0.0,0.0,0.0,0.0,0.0,0.0,0.0,0.0,0.0,0.0,0.0,0.0,0.0,0.0,0.0,0.0,0.0,0.0,0.0,0.0,0.0,0.0,0.0,0.0,0.0,0.0,0.0,0.0,0.0,0.0,0.29057070415467023,0.0,0.0,0.0,-0.04336299553513527,0.0,0.0,0.0,0.0,0.03921858042478561,0.0,0.0,0.0,0.0,0.0,0.0,2.0,2.0
9330111N05Rik,0.5894730173051357,0.0,0.0,0.0,0.0,0.0,0.0,0.0,0.0,0.0,0.13042419284582138,0.0,0.0,0.0,0.0,0.0,0.0,0.0,-0.005149699598550796,-0.03071335017681122,0.0,0.0,0.0,0.0223697492480278,-0.06157907269895077,-0.1666966585814953,0.0,0.0,-0.008128476813435554,0.0,0.0,0.0,0.0,0.0,0.0,0.0,0.0,0.0,0.0,0.0,0.0,0.0,0.0,0.0,0.0,0.0,0.0,0.0,0.0,0.0,0.0,0.0,0.0,0.0,0.0,0.0,0.0,0.0,0.0,0.0,0.0,0.0,0.0,0.0,0.0,0.0,0.0,0.0,0.0,0.0,0.0,0.0,0.0,0.0,0.0,0.0,0.0,0.0,0.0,0.0,0.0,0.0,0.0,0.0,0.0,0.0,0.0,0.0,-0.13597488783299924,0.0,0.0,0.0,0.014633079171180724,0.0,0.0,0.0,0.0,-0.1102006165869534,0.0,0.0,0.0,0.0005485295504331589,0.0,0.0,2.0,2.0
Megf10,0.5596363412216305,0.0,0.0,0.0,0.0,0.0,0.0,0.0,0.0,0.0,0.042831750242039564,0.0,0.0,0.0,0.0,0.0,0.0,0.0,-0.005149699598550796,-0.02867259845137596,0.0,0.0,0.0,-0.029771504513919352,0.027120286673307417,0.10913584411144256,0.0,0.0,-0.0035860927775502203,0.0,0.0,0.0,0.0,0.0,0.0,0.0,0.0,0.0,0.0,0.0,0.0,0.0,0.0,0.0,0.0,0.0,0.0,0.0,0.0,0.0,0.0,0.0,0.0,0.0,0.0,0.0,0.0,0.0,0.0,0.0,0.0,0.0,0.0,0.0,0.0,0.0,0.0,0.0,0.0,0.0,0.0,0.0,0.0,0.0,0.0,0.0,0.0,0.0,0.0,0.0,0.0,0.0,0.0,0.0,0.0,0.0,0.0,0.0,0.2248956163600087,0.0,0.0,0.0,0.014633079171180724,0.0,0.0,0.0,0.0,0.29928802251815795,0.0,0.0,0.0,0.0027426477521657945,0.0,0.0,2.0,2.0
Rhoj,0.4497343177348375,0.0,0.0,0.0,0.0,0.0,0.0,0.0,0.0,0.0,0.03984817499294877,0.0,0.0,0.0,0.0,0.0,0.0,0.0,0.13961987376213073,0.3073284085094929,0.0,0.0,0.0,0.0070727883651852605,0.027120286673307417,0.10913584411144256,0.0,0.0,0.012670861147344113,0.0,0.0,0.0,0.0,0.0,0.0,0.0,0.0,0.0,0.0,0.0,0.0,0.0,0.0,0.0,0.0,0.0,0.0,0.0,0.0,0.0,0.0,0.0,0.0,0.0,0.0,0.0,0.0,0.0,0.0,0.0,0.0,0.0,0.0,0.0,0.0,0.0,0.0,0.0,0.0,0.0,0.0,0.0,0.0,0.0,0.0,0.0,0.0,0.0,0.0,0.0,0.0,0.0,0.0,0.0,0.0,0.0,0.0,0.0,0.2248956163600087,0.0,0.0,0.0,0.006487922072410584,0.0,0.0,0.0,0.0,0.2973132602125406,0.0,0.0,0.0,0.0027426477521657945,0.0,0.0,2.0,2.0
Dach2,0.6015589337050915,0.0,0.0,0.0,0.0,0.0,0.0,0.0,0.0,0.0,0.13042419284582138,0.0,0.0,0.0,0.0,0.0,0.0,0.0,-0.005149699598550796,-0.03071335017681122,0.0,0.0,0.0,0.0223697492480278,0.005157949179410934,-0.1666966585814953,0.0,0.0,-0.008128476813435554,0.0,0.0,0.0,0.0,0.0,0.0,0.0,0.0,0.0,0.0,0.0,0.0,0.0,0.0,0.0,0.0,0.0,0.0,0.0,0.0,0.0,0.0,0.0,0.0,0.0,0.0,0.0,0.0,0.0,0.0,0.0,0.0,0.0,0.0,0.0,0.0,0.0,0.0,0.0,0.0,0.0,0.0,0.0,0.0,0.0,0.0,0.0,0.0,0.0,0.0,0.0,0.0,0.0,0.0,0.0,0.0,0.0,0.0,0.0,-0.13597488783299924,0.0,0.0,0.0,0.014633079171180724,0.0,0.0,0.0,0.0,-0.1890235570818186,0.0,0.0,0.0,0.0005485295504331589,0.0,0.0,2.0,2.0
Rbfox3,0.346049131937325,0.0,0.0,0.0,0.0,0.0,0.0,0.0,0.0,0.0,-0.04932777158915996,0.0,0.0,0.0,0.0,0.0,0.0,0.0,-0.09394846439361572,-0.22679609999060632,0.0,0.0,0.0,-0.015132477432489395,0.027120286673307417,-0.07494137048721314,0.0,0.0,-0.01099735103547573,0.0,0.0,0.0,0.0,0.0,0.0,0.0,0.0,0.0,0.0,0.0,0.0,0.0,0.0,0.0,0.0,0.0,0.0,0.0,0.0,0.0,0.0,0.0,0.0,0.0,0.0,0.0,0.0,0.0,0.0,0.0,0.0,0.0,0.0,0.0,0.0,0.0,0.0,0.0,0.0,0.0,0.0,0.0,0.0,0.0,0.0,0.0,0.0,0.0,0.0,0.0,0.0,0.0,0.0,0.0,0.0,0.0,0.0,0.0,0.23268757592886685,0.0,0.0,0.0,-0.05865151688456535,0.0,0.0,0.0,0.0,0.49733781181275843,0.0,0.0,0.0,-0.00959926713258028,0.0,0.0,0.0,2.0
Maml3,0.4048677334189415,0.0,0.0,0.0,0.0,0.0,0.0,0.0,0.0,0.0,-0.06953207336366177,0.0,0.0,0.0,0.0,0.0,0.0,0.0,0.1985474145412445,0.29962051764130593,0.0,0.0,0.0,-0.015132477432489395,0.027120286673307417,0.10913584411144256,0.0,0.0,-0.01099735103547573,0.0,0.0,0.0,0.0,0.0,0.0,0.0,0.0,0.0,0.0,0.0,0.0,0.0,0.0,0.0,0.0,0.0,0.0,0.0,0.0,0.0,0.0,0.0,0.0,0.0,0.0,0.0,0.0,0.0,0.0,0.0,0.0,0.0,0.0,0.0,0.0,0.0,0.0,0.0,0.0,0.0,0.0,0.0,0.0,0.0,0.0,0.0,0.0,0.0,0.0,0.0,0.0,0.0,0.0,0.0,0.0,0.0,0.0,0.0,0.29057070415467023,0.0,0.0,0.0,-0.04336299553513527,0.0,0.0,0.0,0.0,0.40518733590841294,0.0,0.0,0.0,0.0027426477521657945,0.0,0.0,2.0,2.0
Plxna4,0.4629769888520241,0.0,0.0,0.0,0.0,0.0,0.0,0.0,0.0,0.0,-0.06953207336366177,0.0,0.0,0.0,0.0,0.0,0.0,0.0,-0.03649765014648437,-0.03638048931956291,0.0,0.0,0.0,-0.015132477432489395,0.027120286673307417,-0.08179799005389214,0.0,0.0,-0.01099735103547573,0.0,0.0,0.0,0.0,0.0,0.0,0.0,0.0,0.0,0.0,0.0,0.0,0.0,0.0,0.0,0.0,0.0,0.0,0.0,0.0,0.0,0.0,0.0,0.0,0.0,0.0,0.0,0.0,0.0,0.0,0.0,0.0,0.0,0.0,0.0,0.0,0.0,0.0,0.0,0.0,0.0,0.0,0.0,0.0,0.0,0.0,0.0,0.0,0.0,0.0,0.0,0.0,0.0,0.0,0.0,0.0,0.0,0.0,0.0,0.29057070415467023,0.0,0.0,0.0,-0.12549332961440085,0.0,0.0,0.0,0.0,0.4309162689745426,0.0,0.0,0.0,0.0,0.0,0.0,0.0,2.0
St5,0.6639835669845343,0.0,0.0,0.0,0.0,0.0,0.0,0.0,0.0,0.0,0.0546108914539218,0.0,0.0,0.0,0.0,0.0,0.0,0.0,-0.005149699598550796,-0.02867259845137596,0.0,0.0,0.0,0.0223697492480278,0.027120286673307417,0.10913584411144256,0.0,0.0,0.02247284717857838,0.0,0.0,0.0,0.0,0.0,0.0,0.0,0.0,0.0,0.0,0.0,0.0,0.0,0.0,0.0,0.0,0.0,0.0,0.0,0.0,0.0,0.0,0.0,0.0,0.0,0.0,0.0,0.0,0.0,0.0,0.0,0.0,0.0,0.0,0.0,0.0,0.0,0.0,0.0,0.0,0.0,0.0,0.0,0.0,0.0,0.0,0.0,0.0,0.0,0.0,0.0,0.0,0.0,0.0,0.0,0.0,0.0,0.0,0.0,0.2248956163600087,0.0,0.0,0.0,0.014633079171180724,0.0,0.0,0.0,0.0,0.0009862828999757766,0.0,0.0,0.0,0.0027426477521657945,0.0,0.0,2.0,2.0
Zfp385b,0.4654106108471751,0.0,0.0,0.0,0.0,0.0,0.0,0.0,0.0,0.0,0.06458052849397063,0.0,0.0,0.0,0.0,0.0,0.0,0.0,-0.09394846439361572,-0.24215224862098694,0.0,0.0,0.0,-0.09079486459493637,0.005157949179410934,-0.10910105446353555,0.0,0.0,-0.008128476813435554,0.0,0.0,0.0,0.0,0.0,0.0,0.0,0.0,0.0,0.0,0.0,0.0,0.0,0.0,0.0,0.0,0.0,0.0,0.0,0.0,0.0,0.0,0.0,0.0,0.0,0.0,0.0,0.0,0.0,0.0,0.0,0.0,0.0,0.0,0.0,0.0,0.0,0.0,0.0,0.0,0.0,0.0,0.0,0.0,0.0,0.0,0.0,0.0,0.0,0.0,0.0,0.0,0.0,0.0,0.0,0.0,0.0,0.0,0.0,-0.13263547658920288,0.0,0.0,0.0,-0.05865151688456535,0.0,0.0,0.0,0.0,-0.22817740254104138,0.0,0.0,0.0,-0.030717654451727867,0.0,0.0,0.0,0.0
Gsg1l,0.44118118062615397,0.0,0.0,0.0,0.0,0.0,0.0,0.0,0.0,0.0,0.03326883708126843,0.0,0.0,0.0,0.0,0.0,0.0,0.0,0.13961987376213073,0.3073284085094929,0.0,0.0,0.0,-0.029771504513919352,0.027120286673307417,0.10913584411144256,0.0,0.0,0.012670861147344113,0.0,0.0,0.0,0.0,0.0,0.0,0.0,0.0,0.0,0.0,0.0,0.0,0.0,0.0,0.0,0.0,0.0,0.0,0.0,0.0,0.0,0.0,0.0,0.0,0.0,0.0,0.0,0.0,0.0,0.0,0.0,0.0,0.0,0.0,0.0,0.0,0.0,0.0,0.0,0.0,0.0,0.0,0.0,0.0,0.0,0.0,0.0,0.0,0.0,0.0,0.0,0.0,0.0,0.0,0.0,0.0,0.0,0.0,0.0,0.2248956163600087,0.0,0.0,0.0,0.006487922072410584,0.0,0.0,0.0,0.0,0.34929003298282624,0.0,0.0,0.0,0.0027426477521657945,0.0,0.0,2.0,2.0
Oxr1,0.5744171898066998,0.0,0.0,0.0,0.0,0.0,0.0,0.0,0.0,0.0,0.06744026737287641,0.0,0.0,0.0,0.0,0.0,0.0,0.0,-0.03649765014648437,-0.02867259845137596,0.0,0.0,0.0,-0.09079486459493637,0.005157949179410934,0.18999720945954324,0.0,0.0,-0.008128476813435554,0.0,0.0,0.0,0.0,0.0,0.0,0.0,0.0,0.0,0.0,0.0,0.0,0.0,0.0,0.0,0.0,0.0,0.0,0.0,0.0,0.0,0.0,0.0,0.0,0.0,0.0,0.0,0.0,0.0,0.0,0.0,0.0,0.0,0.0,0.0,0.0,0.0,0.0,0.0,0.0,0.0,0.0,0.0,0.0,0.0,0.0,0.0,0.0,0.0,0.0,0.0,0.0,0.0,0.0,0.0,0.0,0.0,0.0,0.0,0.2248956163600087,0.0,0.0,0.0,-0.12549332961440085,0.0,0.0,0.0,0.0,-0.13290093205869197,0.0,0.0,0.0,0.010970590561628342,0.0,0.0,2.0,2.0
Cd81,-1.0230770904570818,0.0,0.0,0.0,0.0,0.0,0.0,0.0,0.0,0.0,0.03444368429481983,0.0,0.0,0.0,0.0,0.0,0.0,0.0,-0.041468195617198944,-0.07082099914550781,0.0,0.0,0.0,0.008882106319069862,0.002578974664211273,0.0766440862417221,0.0,0.0,0.012909933999180794,0.0,0.0,0.0,0.0,0.0,0.0,0.0,0.0,0.0,0.0,0.0,0.0,0.0,0.0,0.0,0.0,0.0,0.0,0.0,0.0,0.0,0.0,0.0,0.0,0.0,0.0,0.0,0.0,0.0,0.0,0.0,0.0,0.0,0.0,0.0,0.0,0.0,0.0,0.0,0.0,0.0,0.0,0.0,0.0,0.0,0.0,0.0,0.0,0.0,0.0,0.0,0.0,0.0,0.0,0.0,0.0,0.0,0.0,0.0,-0.18064144372940064,0.0,0.0,0.0,0.007040333747863769,0.0,0.0,0.0,0.0,-0.18674175508320331,0.0,0.0,0.0,0.0035654420778155325,0.0,0.0,0.0,1.0
Manf,-0.9343541426211596,0.0,0.0,0.0,0.0,0.0,0.0,0.0,0.0,0.0,-0.05176511079072952,0.0,0.0,0.0,0.0,0.0,0.0,0.0,-0.041468195617198944,-0.07600512200966478,0.0,0.0,0.0,0.004770020060241222,0.002578974664211273,0.0766440862417221,0.0,0.0,0.030840396992862226,0.0,0.0,0.0,0.0,0.0,0.0,0.0,0.0,0.0,0.0,0.0,0.0,0.0,0.0,0.0,0.0,0.0,0.0,0.0,0.0,0.0,0.0,0.0,0.0,0.0,0.0,0.0,0.0,0.0,0.0,0.0,0.0,0.0,0.0,0.0,0.0,0.0,0.0,0.0,0.0,0.0,0.0,0.0,0.0,0.0,0.0,0.0,0.0,0.0,0.0,0.0,0.0,0.0,0.0,0.0,0.0,0.0,0.0,0.0,-0.18861892614513637,0.0,0.0,0.0,0.007040333747863769,0.0,0.0,0.0,0.0,-0.1899126822501421,0.0,0.0,0.0,0.0035654420778155325,0.0,0.0,0.0,1.0
Ppp2r3a,0.6331466604024172,0.0,0.0,0.0,0.0,0.0,0.0,0.0,0.0,0.0,-0.08696686085313558,0.0,0.0,0.0,0.0,0.0,0.0,0.0,-0.005149699598550796,-0.03638048931956291,0.0,0.0,0.0,0.007730722166597843,0.027120286673307417,0.10913584411144256,0.0,0.0,0.09347748085856437,0.0,0.0,0.0,0.0,0.0,0.0,0.0,0.0,0.0,0.0,0.0,0.0,0.0,0.0,0.0,0.0,0.0,0.0,0.0,0.0,0.0,0.0,0.0,0.0,0.0,0.0,0.0,0.0,0.0,0.0,0.0,0.0,0.0,0.0,0.0,0.0,0.0,0.0,0.0,0.0,0.0,0.0,0.0,0.0,0.0,0.0,0.0,0.0,0.0,0.0,0.0,0.0,0.0,0.0,0.0,0.0,0.0,0.0,0.0,0.29057070415467023,0.0,0.0,0.0,0.014633079171180724,0.0,0.0,0.0,0.0,-0.008447078764438629,0.0,0.0,0.0,0.0027426477521657945,0.0,0.0,2.0,2.0
Arap2,0.592504276111722,0.0,0.0,0.0,0.0,0.0,0.0,0.0,0.0,0.0,-0.15821056727319957,0.0,0.0,0.0,0.0,0.0,0.0,0.0,-0.005149699598550796,-0.03638048931956291,0.0,0.0,0.0,0.007730722166597843,0.027120286673307417,0.10913584411144256,0.0,0.0,-0.04948807880282402,0.0,0.0,0.0,0.0,0.0,0.0,0.0,0.0,0.0,0.0,0.0,0.0,0.0,0.0,0.0,0.0,0.0,0.0,0.0,0.0,0.0,0.0,0.0,0.0,0.0,0.0,0.0,0.0,0.0,0.0,0.0,0.0,0.0,0.0,0.0,0.0,0.0,0.0,0.0,0.0,0.0,0.0,0.0,0.0,0.0,0.0,0.0,0.0,0.0,0.0,0.0,0.0,0.0,0.0,0.0,0.0,0.0,0.0,0.0,0.29057070415467023,0.0,0.0,0.0,0.014633079171180724,0.0,0.0,0.0,0.0,-0.04048283949494362,0.0,0.0,0.0,0.0027426477521657945,0.0,0.0,2.0,2.0
Nfib,0.546519087292254,0.0,0.0,0.0,0.0,0.0,0.0,0.0,0.0,0.0,0.01399833433330059,0.0,0.0,0.0,0.0,0.0,0.0,0.0,-0.03649765014648437,-0.2516139157116413,0.0,0.0,0.0,-0.09079486459493637,0.027120286673307417,0.10913584411144256,0.0,0.0,0.02247284717857838,0.0,0.0,0.0,0.0,0.0,0.0,0.0,0.0,0.0,0.0,0.0,0.0,0.0,0.0,0.0,0.0,0.0,0.0,0.0,0.0,0.0,0.0,0.0,0.0,0.0,0.0,0.0,0.0,0.0,0.0,0.0,0.0,0.0,0.0,0.0,0.0,0.0,0.0,0.0,0.0,0.0,0.0,0.0,0.0,0.0,0.0,0.0,0.0,0.0,0.0,0.0,0.0,0.0,0.0,0.0,0.0,0.0,0.0,0.0,0.21673261109739542,0.0,0.0,0.0,-0.12549332961440085,0.0,0.0,0.0,0.0,-0.02335726924240589,0.0,0.0,0.0,0.0027426477521657945,0.0,0.0,2.0,2.0
9930021J03Rik,0.5710583528131247,0.0,0.0,0.0,0.0,0.0,0.0,0.0,0.0,0.0,0.03984817499294877,0.0,0.0,0.0,0.0,0.0,0.0,0.0,-0.005149699598550796,-0.02867259845137596,0.0,0.0,0.0,0.0070727883651852605,0.027120286673307417,0.10913584411144256,0.0,0.0,0.012670861147344113,0.0,0.0,0.0,0.0,0.0,0.0,0.0,0.0,0.0,0.0,0.0,0.0,0.0,0.0,0.0,0.0,0.0,0.0,0.0,0.0,0.0,0.0,0.0,0.0,0.0,0.0,0.0,0.0,0.0,0.0,0.0,0.0,0.0,0.0,0.0,0.0,0.0,0.0,0.0,0.0,0.0,0.0,0.0,0.0,0.0,0.0,0.0,0.0,0.0,0.0,0.0,0.0,0.0,0.0,0.0,0.0,0.0,0.0,0.0,0.2248956163600087,0.0,0.0,0.0,0.014633079171180724,0.0,0.0,0.0,0.0,0.23774833627045155,0.0,0.0,0.0,0.0027426477521657945,0.0,0.0,2.0,2.0
Rps16,-0.7080913867428899,0.0,0.0,0.0,0.0,0.0,0.0,0.0,0.0,0.0,-0.06658762714825571,0.0,0.0,0.0,0.0,0.0,0.0,0.0,-0.041468195617198944,-0.07600512200966478,0.0,0.0,0.0,0.004770020060241222,-0.033855097107589244,-0.04530743584036827,0.0,0.0,-0.008845695368945599,0.0,0.0,0.0,0.0,0.0,0.0,0.0,0.0,0.0,0.0,0.0,0.0,0.0,0.0,0.0,0.0,0.0,0.0,0.0,0.0,0.0,0.0,0.0,0.0,0.0,0.0,0.0,0.0,0.0,0.0,0.0,0.0,0.0,0.0,0.0,0.0,0.0,0.0,0.0,0.0,0.0,0.0,0.0,0.0,0.0,0.0,0.0,0.0,0.0,0.0,0.0,0.0,0.0,0.0,0.0,0.0,0.0,0.0,0.0,-0.18861892614513637,0.0,0.0,0.0,0.007040333747863769,0.0,0.0,0.0,0.0,-0.19999006871134042,0.0,0.0,0.0,0.00027426477521657944,0.0,0.0,0.0,0.0
Gm16759,0.40750293897464873,0.0,0.0,0.0,0.0,0.0,0.0,0.0,0.0,0.0,-0.13730141744017602,0.0,0.0,0.0,0.0,0.0,0.0,0.0,-0.005149699598550796,-0.051407839562743904,0.0,0.0,0.0,0.003947602808475495,0.027120286673307417,-0.08179799005389214,0.0,0.0,-0.01099735103547573,0.0,0.0,0.0,0.0,0.0,0.0,0.0,0.0,0.0,0.0,0.0,0.0,0.0,0.0,0.0,0.0,0.0,0.0,0.0,0.0,0.0,0.0,0.0,0.0,0.0,0.0,0.0,0.0,0.0,0.0,0.0,0.0,0.0,0.0,0.0,0.0,0.0,0.0,0.0,0.0,0.0,0.0,0.0,0.0,0.0,0.0,0.0,0.0,0.0,0.0,0.0,0.0,0.0,0.0,0.0,0.0,0.0,0.0,0.0,0.17090846791863443,0.0,0.0,0.0,0.014633079171180724,0.0,0.0,0.0,0.0,0.4792963169515133,0.0,0.0,0.0,0.0,0.0,0.0,2.0,2.0
Camk2a,-0.1758283107727766,0.0,0.0,0.0,0.0,0.0,0.0,0.0,0.0,0.0,0.024268770441412926,0.0,0.0,0.0,0.0,0.0,0.0,0.0,-0.005149699598550796,-0.05553714506328106,0.0,0.0,0.0,0.004441053159534931,0.005199002488516271,-0.06885144472122193,0.0,0.0,-0.0014344370365142823,0.0,0.0,0.0,0.0,0.0,0.0,0.0,0.0,0.0,0.0,0.0,0.0,0.0,0.0,0.0,0.0,0.0,0.0,0.0,0.0,0.0,0.0,0.0,0.0,0.0,0.0,0.0,0.0,0.0,0.0,0.0,0.0,0.0,0.0,0.0,0.0,0.0,0.0,0.0,0.0,0.0,0.0,0.0,0.0,0.0,0.0,0.0,0.0,0.0,0.0,0.0,0.0,0.0,0.0,0.0,0.0,0.0,0.0,0.0,0.3176321541890502,0.0,0.0,0.0,0.014633079171180724,0.0,0.0,0.0,0.0,0.5789204967394471,0.0,0.0,0.0,0.0,0.0,0.0,0.0,1.0
Ttyh2,-0.5817310990020633,0.0,0.0,0.0,0.0,0.0,0.0,0.0,0.0,0.0,-0.03267328891903162,0.0,0.0,0.0,0.0,0.0,0.0,0.0,0.21697511464357377,0.3285909282416105,0.0,0.0,0.0,0.002960702106356621,0.005199002488516271,0.05498589534312487,0.0,0.0,0.016256953924894332,0.0,0.0,0.0,0.0,0.0,0.0,0.0,0.0,0.0,0.0,0.0,0.0,0.0,0.0,0.0,0.0,0.0,0.0,0.0,0.0,0.0,0.0,0.0,0.0,0.0,0.0,0.0,0.0,0.0,0.0,0.0,0.0,0.0,0.0,0.0,0.0,0.0,0.0,0.0,0.0,0.0,0.0,0.0,0.0,0.0,0.0,0.0,0.0,0.0,0.0,0.0,0.0,0.0,0.0,0.0,0.0,0.0,0.0,0.0,0.3302477077767253,0.0,0.0,0.0,0.004325281381607055,0.0,0.0,0.0,0.0,0.5663747722096741,0.0,0.0,0.0,0.0013713238760828972,0.0,0.0,2.0,2.0
Scd2,-0.8455502454563976,0.0,0.0,0.0,0.0,0.0,0.0,0.0,0.0,0.0,-0.03889406893402338,0.0,0.0,0.0,0.0,0.0,0.0,0.0,-0.09173765808343887,-0.13095217043533922,0.0,0.0,0.0,0.004770020060241222,0.002578974664211273,0.0766440862417221,0.0,0.0,0.030840396992862226,0.0,0.0,0.0,0.0,0.0,0.0,0.0,0.0,0.0,0.0,0.0,0.0,0.0,0.0,0.0,0.0,0.0,0.0,0.0,0.0,0.0,0.0,0.0,0.0,0.0,0.0,0.0,0.0,0.0,0.0,0.0,0.0,0.0,0.0,0.0,0.0,0.0,0.0,0.0,0.0,0.0,0.0,0.0,0.0,0.0,0.0,0.0,0.0,0.0,0.0,0.0,0.0,0.0,0.0,0.0,0.0,0.0,0.0,0.0,-0.18286771789193154,0.0,0.0,0.0,0.004830687046051025,0.0,0.0,0.0,0.0,-0.1899126822501421,0.0,0.0,0.0,0.0035654420778155325,0.0,0.0,0.0,1.0
Grb14,0.571659419350326,0.0,0.0,0.0,0.0,0.0,0.0,0.0,0.0,0.0,0.0422894873842597,0.0,0.0,0.0,0.0,0.0,0.0,0.0,-0.1360712641477585,-0.2516139157116413,0.0,0.0,0.0,0.0223697492480278,0.027120286673307417,0.09322848843410611,0.0,0.0,0.02247284717857838,0.0,0.0,0.0,0.0,0.0,0.0,0.0,0.0,0.0,0.0,0.0,0.0,0.0,0.0,0.0,0.0,0.0,0.0,0.0,0.0,0.0,0.0,0.0,0.0,0.0,0.0,0.0,0.0,0.0,0.0,0.0,0.0,0.0,0.0,0.0,0.0,0.0,0.0,0.0,0.0,0.0,0.0,0.0,0.0,0.0,0.0,0.0,0.0,0.0,0.0,0.0,0.0,0.0,0.0,0.0,0.0,0.0,0.0,0.0,0.21673261109739542,0.0,0.0,0.0,0.008004139065742493,0.0,0.0,0.0,0.0,0.059678938761353495,0.0,0.0,0.0,-0.029620595350861548,0.0,0.0,2.0,2.0
Utrn,0.42196339685469864,0.0,0.0,0.0,0.0,0.0,0.0,0.0,0.0,0.0,0.05511886330321431,0.0,0.0,0.0,0.0,0.0,0.0,0.0,-0.09394846439361572,-0.2516139157116413,0.0,0.0,0.0,-0.09079486459493637,0.005157949179410934,-0.1666966585814953,0.0,0.0,-0.008128476813435554,0.0,0.0,0.0,0.0,0.0,0.0,0.0,0.0,0.0,0.0,0.0,0.0,0.0,0.0,0.0,0.0,0.0,0.0,0.0,0.0,0.0,0.0,0.0,0.0,0.0,0.0,0.0,0.0,0.0,0.0,0.0,0.0,0.0,0.0,0.0,0.0,0.0,0.0,0.0,0.0,0.0,0.0,0.0,0.0,0.0,0.0,0.0,0.0,0.0,0.0,0.0,0.0,0.0,0.0,0.0,0.0,0.0,0.0,0.0,0.21673261109739542,0.0,0.0,0.0,-0.05865151688456535,0.0,0.0,0.0,0.0,-0.2133671086281538,0.0,0.0,0.0,0.0005485295504331589,0.0,0.0,2.0,0.0
Sncaip,0.5268903482705355,0.0,0.0,0.0,0.0,0.0,0.0,0.0,0.0,0.0,-0.06445999536663294,0.0,0.0,0.0,0.0,0.0,0.0,0.0,-0.005149699598550796,0.29962051764130593,0.0,0.0,0.0,0.003947602808475495,0.027120286673307417,0.10913584411144256,0.0,0.0,0.031079469844698906,0.0,0.0,0.0,0.0,0.0,0.0,0.0,0.0,0.0,0.0,0.0,0.0,0.0,0.0,0.0,0.0,0.0,0.0,0.0,0.0,0.0,0.0,0.0,0.0,0.0,0.0,0.0,0.0,0.0,0.0,0.0,0.0,0.0,0.0,0.0,0.0,0.0,0.0,0.0,0.0,0.0,0.0,0.0,0.0,0.0,0.0,0.0,0.0,0.0,0.0,0.0,0.0,0.0,0.0,0.0,0.0,0.0,0.0,0.0,0.29057070415467023,0.0,0.0,0.0,0.014633079171180724,0.0,0.0,0.0,0.0,0.26558455705642703,0.0,0.0,0.0,0.0027426477521657945,0.0,0.0,2.0,2.0
Txndc17,-0.7924490881152451,0.006769835948944092,0.0,0.0,0.0,0.0,0.0,0.0,0.0,0.0,0.0,0.0,0.0,0.0,0.0,0.0,0.0,0.0,0.012944477424025536,-0.030541308969259263,0.0,0.0,0.0,0.0,0.0,-0.1081832683738321,0.0,0.0,0.008054396882653237,0.0,0.0,0.0,0.0,0.0,0.0,0.0,0.0,0.0,0.0,0.0,0.0,0.0,0.0,0.0,0.0,0.0,0.0,0.0,0.0,0.0,0.0,0.0,0.0,0.0,0.0,0.0009686224907636642,0.0,0.0,0.0,0.0,0.0,0.0,0.0,0.0,0.0,0.0,0.0,0.0,0.0,0.0,0.0,0.0,0.0,0.0,0.0,0.013103323765099048,0.0,0.0,0.0,0.0,0.0,0.0,0.0,0.0,0.0,0.0,0.0,0.0,-0.26382920444011687,0.0,0.0,0.0,0.0,0.0,0.0,0.0,-0.026530835032463073,-0.15174112918786706,0.0,0.0,0.0,0.0,0.0,0.0,1.0,0.0
4932443L11Rik,-0.9674783153831958,-0.04197298280894756,0.0,0.0,0.0,0.0,0.0,0.0,0.0,0.0,0.0,0.0,0.0,0.0,0.0,0.0,0.0,0.0,0.009392862021923066,-0.027132718861103057,0.0,0.0,0.0,0.0,0.0,0.13306997504085302,0.0,0.0,0.004090869426727295,0.0,0.0,0.0,0.0,0.0,0.0,0.0,0.0,0.0,0.0,0.0,0.0,0.0,0.0,0.0,0.0,0.0,0.0,0.0,0.0,0.0,0.0,0.0,0.0,0.0,0.0,-0.042296516075730324,0.0,0.0,0.0,0.0,0.0,0.0,0.0,0.0,0.0,0.0,0.0,0.0,0.0,0.0,0.0,0.0,0.0,0.0,0.0,-0.019654985647648573,0.0,0.0,0.0,0.0,0.0,0.0,0.0,0.0,0.0,0.0,0.0,0.0,-0.2057405980117619,0.0,0.0,0.0,0.0,0.0,0.0,0.0,-0.026530835032463073,-0.1471809326298535,0.0,0.0,0.0,0.0,0.0,0.0,1.0,1.0
Ttpal,-1.0700005734711886,0.006769835948944092,0.0,0.0,0.0,0.0,0.0,0.0,0.0,0.0,0.0,0.0,0.0,0.0,0.0,0.0,0.0,0.0,0.012944477424025536,-0.027132718861103057,0.0,0.0,0.0,0.0,0.0,0.12332680499181152,0.0,0.0,0.0034783974289894102,0.0,0.0,0.0,0.0,0.0,0.0,0.0,0.0,0.0,0.0,0.0,0.0,0.0,0.0,0.0,0.0,0.0,0.0,0.0,0.0,0.0,0.0,0.0,0.0,0.0,0.0,0.0009686224907636642,0.0,0.0,0.0,0.0,0.0,0.0,0.0,0.0,0.0,0.0,0.0,0.0,0.0,0.0,0.0,0.0,0.0,0.0,0.0,0.013103323765099048,0.0,0.0,0.0,0.0,0.0,0.0,0.0,0.0,0.0,0.0,0.0,0.0,-0.24676825143396855,0.0,0.0,0.0,0.0,0.0,0.0,0.0,-0.026530835032463073,0.1169956892170012,0.0,0.0,0.0,0.0,0.0,0.0,1.0,1.0
Mt3,-0.7924490881152451,0.006769835948944092,0.0,0.0,0.0,0.0,0.0,0.0,0.0,0.0,0.0,0.0,0.0,0.0,0.0,0.0,0.0,0.0,0.012944477424025536,-0.030541308969259263,0.0,0.0,0.0,0.0,0.0,-0.1081832683738321,0.0,0.0,0.008054396882653237,0.0,0.0,0.0,0.0,0.0,0.0,0.0,0.0,0.0,0.0,0.0,0.0,0.0,0.0,0.0,0.0,0.0,0.0,0.0,0.0,0.0,0.0,0.0,0.0,0.0,0.0,0.0009686224907636642,0.0,0.0,0.0,0.0,0.0,0.0,0.0,0.0,0.0,0.0,0.0,0.0,0.0,0.0,0.0,0.0,0.0,0.0,0.0,0.013103323765099048,0.0,0.0,0.0,0.0,0.0,0.0,0.0,0.0,0.0,0.0,0.0,0.0,-0.26382920444011687,0.0,0.0,0.0,0.0,0.0,0.0,0.0,-0.026530835032463073,0.08684782234020531,0.0,0.0,0.0,0.0,0.0,0.0,1.0,0.0
Flcn,-1.0602574067562818,0.006769835948944092,0.0,0.0,0.0,0.0,0.0,0.0,0.0,0.0,0.0,0.0,0.0,0.0,0.0,0.0,0.0,0.0,0.012944477424025536,-0.027132718861103057,0.0,0.0,0.0,0.0,0.0,0.13306997504085302,0.0,0.0,0.009579730033874512,0.0,0.0,0.0,0.0,0.0,0.0,0.0,0.0,0.0,0.0,0.0,0.0,0.0,0.0,0.0,0.0,0.0,0.0,0.0,0.0,0.0,0.0,0.0,0.0,0.0,0.0,0.0009686224907636642,0.0,0.0,0.0,0.0,0.0,0.0,0.0,0.0,0.0,0.0,0.0,0.0,0.0,0.0,0.0,0.0,0.0,0.0,0.0,0.013103323765099048,0.0,0.0,0.0,0.0,0.0,0.0,0.0,0.0,0.0,0.0,0.0,0.0,-0.24676825143396855,0.0,0.0,0.0,0.0,0.0,0.0,0.0,-0.026530835032463073,-0.1471809326298535,0.0,0.0,0.0,0.0,0.0,0.0,1.0,1.0
Nipal2,0.635502644777298,0.0027174750715494157,0.0,0.0,0.0,0.0,0.0,0.0,0.0,0.0,0.0,0.0,0.0,0.0,0.0,0.0,0.0,0.0,0.017999178767204284,-0.022265156358480455,0.0,0.0,0.0,0.0,0.0,-0.34594190899282695,0.0,0.0,-0.07366140231490136,0.0,0.0,0.0,0.0,0.0,0.0,0.0,0.0,0.0,0.0,0.0,0.0,0.0,0.0,0.0,0.0,0.0,0.0,0.0,0.0,0.0,0.0,0.0,0.0,0.0,0.0,0.0024215563386678694,0.0,0.0,0.0,0.0,0.0,0.0,0.0,0.0,0.0,0.0,0.0,0.0,0.0,0.0,0.0,0.0,0.0,0.0,0.0,0.03365171764045954,0.0,0.0,0.0,0.0,0.0,0.0,0.0,0.0,0.0,0.0,0.0,0.0,-0.1608950312435627,0.0,0.0,0.0,0.0,0.0,0.0,0.0,-0.026530835032463073,-0.15374220378696918,0.0,0.0,0.0,0.0,0.0,0.0,1.0,2.0
Rplp2,-0.8165601157583297,0.0008300791122019291,0.0,0.0,0.0,0.0,0.0,0.0,0.0,0.0,0.0,0.0,0.0,0.0,0.0,0.0,0.0,0.0,0.012944477424025536,-0.030541308969259263,0.0,0.0,0.0,0.0,0.0,-0.09982527469284833,0.0,0.0,0.008054396882653237,0.0,0.0,0.0,0.0,0.0,0.0,0.0,0.0,0.0,0.0,0.0,0.0,0.0,0.0,0.0,0.0,0.0,0.0,0.0,0.0,0.0,0.0,0.0,0.0,0.0,0.0,0.0009686224907636642,0.0,0.0,0.0,0.0,0.0,0.0,0.0,0.0,0.0,0.0,0.0,0.0,0.0,0.0,0.0,0.0,0.0,0.0,0.0,-0.019654985647648573,0.0,0.0,0.0,0.0,0.0,0.0,0.0,0.0,0.0,0.0,0.0,0.0,-0.20937810748815536,0.0,0.0,0.0,0.0,0.0,0.0,0.0,-0.026530835032463073,-0.15174112918786706,0.0,0.0,0.0,0.0,0.0,0.0,1.0,0.0
Ppwd1,-0.9916217748820781,0.006769835948944092,0.0,0.0,0.0,0.0,0.0,0.0,0.0,0.0,0.0,0.0,0.0,0.0,0.0,0.0,0.0,0.0,0.012944477424025536,-0.027132718861103057,0.0,0.0,0.0,0.0,0.0,0.13306997504085302,0.0,0.0,0.009579730033874512,0.0,0.0,0.0,0.0,0.0,0.0,0.0,0.0,0.0,0.0,0.0,0.0,0.0,0.0,0.0,0.0,0.0,0.0,0.0,0.0,0.0,0.0,0.0,0.0,0.0,0.0,0.0009686224907636642,0.0,0.0,0.0,0.0,0.0,0.0,0.0,0.0,0.0,0.0,0.0,0.0,0.0,0.0,0.0,0.0,0.0,0.0,0.0,0.013103323765099048,0.0,0.0,0.0,0.0,0.0,0.0,0.0,0.0,0.0,0.0,0.0,0.0,-0.24676825143396855,0.0,0.0,0.0,0.0,0.0,0.0,0.0,-0.026530835032463073,-0.2158165686018765,0.0,0.0,0.0,0.0,0.0,0.0,1.0,1.0
Ptpn14,0.6758602180704475,0.027420220747590065,0.0,0.0,0.0,0.0,0.0,0.0,0.0,0.0,0.0,0.0,0.0,0.0,0.0,0.0,0.0,0.0,-0.14038402624428273,-0.010990587696433067,0.0,0.0,0.0,0.0,0.0,0.246363639049232,0.0,0.0,0.007571718981489539,0.0,0.0,0.0,0.0,0.0,0.0,0.0,0.0,0.0,0.0,0.0,0.0,0.0,0.0,0.0,0.0,0.0,0.0,0.0,0.0,0.0,0.0,0.0,0.0,0.0,0.0,0.0024215563386678694,0.0,0.0,0.0,0.0,0.0,0.0,0.0,0.0,0.0,0.0,0.0,0.0,0.0,0.0,0.0,0.0,0.0,0.0,0.0,-0.023228619452565907,0.0,0.0,0.0,0.0,0.0,0.0,0.0,0.0,0.0,0.0,0.0,0.0,0.32488161139190197,0.0,0.0,0.0,0.0,0.0,0.0,0.0,-0.026530835032463073,-0.08931496130302548,0.0,0.0,0.0,0.0,0.0,0.0,1.0,2.0
Uqcr11,-1.0700005734711886,0.006769835948944092,0.0,0.0,0.0,0.0,0.0,0.0,0.0,0.0,0.0,0.0,0.0,0.0,0.0,0.0,0.0,0.0,0.012944477424025536,-0.027132718861103057,0.0,0.0,0.0,0.0,0.0,0.12332680499181152,0.0,0.0,0.0034783974289894102,0.0,0.0,0.0,0.0,0.0,0.0,0.0,0.0,0.0,0.0,0.0,0.0,0.0,0.0,0.0,0.0,0.0,0.0,0.0,0.0,0.0,0.0,0.0,0.0,0.0,0.0,0.0009686224907636642,0.0,0.0,0.0,0.0,0.0,0.0,0.0,0.0,0.0,0.0,0.0,0.0,0.0,0.0,0.0,0.0,0.0,0.0,0.0,0.013103323765099048,0.0,0.0,0.0,0.0,0.0,0.0,0.0,0.0,0.0,0.0,0.0,0.0,-0.24676825143396855,0.0,0.0,0.0,0.0,0.0,0.0,0.0,-0.026530835032463073,0.1169956892170012,0.0,0.0,0.0,0.0,0.0,0.0,1.0,0.0
Plxna3,-1.0758822410553694,-0.02044481525197625,0.0,0.0,0.0,0.0,0.0,0.0,0.0,0.0,0.0,0.0,0.0,0.0,0.0,0.0,0.0,0.0,0.012944477424025536,-0.027132718861103057,0.0,0.0,0.0,0.0,0.0,0.12015307640656829,0.0,0.0,0.009579730033874512,0.0,0.0,0.0,0.0,0.0,0.0,0.0,0.0,0.0,0.0,0.0,0.0,0.0,0.0,0.0,0.0,0.0,0.0,0.0,0.0,0.0,0.0,0.0,0.0,0.0,0.0,0.0009686224907636642,0.0,0.0,0.0,0.0,0.0,0.0,0.0,0.0,0.0,0.0,0.0,0.0,0.0,0.0,0.0,0.0,0.0,0.0,0.0,0.013103323765099048,0.0,0.0,0.0,0.0,0.0,0.0,0.0,0.0,0.0,0.0,0.0,0.0,-0.19101186411455273,0.0,0.0,0.0,0.0,0.0,0.0,0.0,-0.026530835032463073,-0.1471809326298535,0.0,0.0,0.0,0.0,0.0,0.0,1.0,1.0
Ddx18,-1.0602574067562818,0.006769835948944092,0.0,0.0,0.0,0.0,0.0,0.0,0.0,0.0,0.0,0.0,0.0,0.0,0.0,0.0,0.0,0.0,0.012944477424025536,-0.027132718861103057,0.0,0.0,0.0,0.0,0.0,0.13306997504085302,0.0,0.0,0.009579730033874512,0.0,0.0,0.0,0.0,0.0,0.0,0.0,0.0,0.0,0.0,0.0,0.0,0.0,0.0,0.0,0.0,0.0,0.0,0.0,0.0,0.0,0.0,0.0,0.0,0.0,0.0,0.0009686224907636642,0.0,0.0,0.0,0.0,0.0,0.0,0.0,0.0,0.0,0.0,0.0,0.0,0.0,0.0,0.0,0.0,0.0,0.0,0.0,0.013103323765099048,0.0,0.0,0.0,0.0,0.0,0.0,0.0,0.0,0.0,0.0,0.0,0.0,-0.24676825143396855,0.0,0.0,0.0,0.0,0.0,0.0,0.0,-0.026530835032463073,-0.1471809326298535,0.0,0.0,0.0,0.0,0.0,0.0,1.0,1.0
Cnot10,-0.9086758098006249,0.006769835948944092,0.0,0.0,0.0,0.0,0.0,0.0,0.0,0.0,0.0,0.0,0.0,0.0,0.0,0.0,0.0,0.0,-0.03649141266942024,-0.027132718861103057,0.0,0.0,0.0,0.0,0.0,0.0818871059641242,0.0,0.0,0.001669217459857464,0.0,0.0,0.0,0.0,0.0,0.0,0.0,0.0,0.0,0.0,0.0,0.0,0.0,0.0,0.0,0.0,0.0,0.0,0.0,0.0,0.0,0.0,0.0,0.0,0.0,0.0,-0.025022749602794648,0.0,0.0,0.0,0.0,0.0,0.0,0.0,0.0,0.0,0.0,0.0,0.0,0.0,0.0,0.0,0.0,0.0,0.0,0.0,0.013103323765099048,0.0,0.0,0.0,0.0,0.0,0.0,0.0,0.0,0.0,0.0,0.0,0.0,-0.26382920444011687,0.0,0.0,0.0,0.0,0.0,0.0,0.0,-0.026530835032463073,-0.1471809326298535,0.0,0.0,0.0,0.0,0.0,0.0,1.0,1.0
Pgbd5,0.31954501539468766,0.027926765866577625,0.0,0.0,0.0,0.0,0.0,0.0,0.0,0.0,0.0,0.0,0.0,0.0,0.0,0.0,0.0,0.0,0.03141568623483181,-0.010990587696433067,0.0,0.0,0.0,0.0,0.0,0.18715548838488757,0.0,0.0,0.013038076870143413,0.0,0.0,0.0,0.0,0.0,0.0,0.0,0.0,0.0,0.0,0.0,0.0,0.0,0.0,0.0,0.0,0.0,0.0,0.0,0.0,0.0,0.0,0.0,0.0,0.0,0.0,0.007103231698274612,0.0,0.0,0.0,0.0,0.0,0.0,0.0,0.0,0.0,0.0,0.0,0.0,0.0,0.0,0.0,0.0,0.0,0.0,0.0,0.009827492777258157,0.0,0.0,0.0,0.0,0.0,0.0,0.0,0.0,0.0,0.0,0.0,0.0,0.21336731411516666,0.0,0.0,0.0,0.0,0.0,0.0,0.0,-0.026530835032463073,0.34182329672388734,0.0,0.0,0.0,0.0,0.0,0.0,1.0,2.0
Ncl,-0.7401434725709259,0.006769835948944092,0.0,0.0,0.0,0.0,0.0,0.0,0.0,0.0,0.0,0.0,0.0,0.0,0.0,0.0,0.0,0.0,0.009392862021923066,-0.030541308969259263,0.0,0.0,0.0,0.0,0.0,-0.1081832683738321,0.0,0.0,0.0025655362755060197,0.0,0.0,0.0,0.0,0.0,0.0,0.0,0.0,0.0,0.0,0.0,0.0,0.0,0.0,0.0,0.0,0.0,0.0,0.0,0.0,0.0,0.0,0.0,0.0,0.0,0.0,-0.042296516075730324,0.0,0.0,0.0,0.0,0.0,0.0,0.0,0.0,0.0,0.0,0.0,0.0,0.0,0.0,0.0,0.0,0.0,0.0,0.0,0.013103323765099048,0.0,0.0,0.0,0.0,0.0,0.0,0.0,0.0,0.0,0.0,0.0,0.0,-0.26382920444011687,0.0,0.0,0.0,0.0,0.0,0.0,0.0,-0.026530835032463073,-0.15174112918786706,0.0,0.0,0.0,0.0,0.0,0.0,1.0,1.0
Cpne7,-0.5663961574807763,0.028433310985565185,0.0,0.0,0.0,0.0,0.0,0.0,0.0,0.0,0.0,0.0,0.0,0.0,0.0,0.0,0.0,0.0,0.009188875406980514,-0.030541308969259263,0.0,0.0,0.0,0.0,0.0,-0.07812428740784526,0.0,0.0,-0.010274669714272022,0.0,0.0,0.0,0.0,0.0,0.0,0.0,0.0,0.0,0.0,0.0,0.0,0.0,0.0,0.0,0.0,0.0,0.0,0.0,0.0,0.0,0.0,0.0,0.0,0.0,0.0,0.0006457483768463135,0.0,0.0,0.0,0.0,0.0,0.0,0.0,0.0,0.0,0.0,0.0,0.0,0.0,0.0,0.0,0.0,0.0,0.0,0.0,0.013103323765099048,0.0,0.0,0.0,0.0,0.0,0.0,0.0,0.0,0.0,0.0,0.0,0.0,0.0849485182762146,0.0,0.0,0.0,0.0,0.0,0.0,0.0,-0.026530835032463073,0.6627907132357359,0.0,0.0,0.0,0.0,0.0,0.0,1.0,1.0
Lrrc29,-1.0629653408378363,-0.04197298280894756,0.0,0.0,0.0,0.0,0.0,0.0,0.0,0.0,0.0,0.0,0.0,0.0,0.0,0.0,0.0,0.0,0.012944477424025536,-0.027132718861103057,0.0,0.0,0.0,0.0,0.0,0.13306997504085302,0.0,0.0,0.009579730033874512,0.0,0.0,0.0,0.0,0.0,0.0,0.0,0.0,0.0,0.0,0.0,0.0,0.0,0.0,0.0,0.0,0.0,0.0,0.0,0.0,0.0,0.0,0.0,0.0,0.0,0.0,0.0009686224907636642,0.0,0.0,0.0,0.0,0.0,0.0,0.0,0.0,0.0,0.0,0.0,0.0,0.0,0.0,0.0,0.0,0.0,0.0,0.0,0.013103323765099048,0.0,0.0,0.0,0.0,0.0,0.0,0.0,0.0,0.0,0.0,0.0,0.0,-0.19531749876216054,0.0,0.0,0.0,0.0,0.0,0.0,0.0,-0.026530835032463073,-0.1471809326298535,0.0,0.0,0.0,0.0,0.0,0.0,1.0,1.0
Dcaf6,0.5445534411072731,0.027420220747590065,0.0,0.0,0.0,0.0,0.0,0.0,0.0,0.0,0.0,0.0,0.0,0.0,0.0,0.0,0.0,0.0,0.017999178767204284,-0.022265156358480455,0.0,0.0,0.0,0.0,0.0,-0.2881242262199521,0.0,0.0,-0.07366140231490136,0.0,0.0,0.0,0.0,0.0,0.0,0.0,0.0,0.0,0.0,0.0,0.0,0.0,0.0,0.0,0.0,0.0,0.0,0.0,0.0,0.0,0.0,0.0,0.0,0.0,0.0,0.0024215563386678694,0.0,0.0,0.0,0.0,0.0,0.0,0.0,0.0,0.0,0.0,0.0,0.0,0.0,0.0,0.0,0.0,0.0,0.0,0.0,0.009827492777258157,0.0,0.0,0.0,0.0,0.0,0.0,0.0,0.0,0.0,0.0,0.0,0.0,0.28110459715127945,0.0,0.0,0.0,0.0,0.0,0.0,0.0,-0.026530835032463073,-0.15374220378696918,0.0,0.0,0.0,0.0,0.0,0.0,2.0,2.0
Ppfibp2,0.583131497129798,0.027420220747590065,0.0,0.0,0.0,0.0,0.0,0.0,0.0,0.0,0.0,0.0,0.0,0.0,0.0,0.0,0.0,0.0,0.03141568623483181,-0.022265156358480455,0.0,0.0,0.0,0.0,0.0,-0.2832070999220014,0.0,0.0,-0.022959785498678685,0.0,0.0,0.0,0.0,0.0,0.0,0.0,0.0,0.0,0.0,0.0,0.0,0.0,0.0,0.0,0.0,0.0,0.0,0.0,0.0,0.0,0.0,0.0,0.0,0.0,0.0,0.007103231698274612,0.0,0.0,0.0,0.0,0.0,0.0,0.0,0.0,0.0,0.0,0.0,0.0,0.0,0.0,0.0,0.0,0.0,0.0,0.0,0.009827492777258157,0.0,0.0,0.0,0.0,0.0,0.0,0.0,0.0,0.0,0.0,0.0,0.0,0.28110459715127945,0.0,0.0,0.0,0.0,0.0,0.0,0.0,0.10612334012985229,0.2187239471822977,0.0,0.0,0.0,0.0,0.0,0.0,2.0,2.0
Tpk1,0.8165563783794642,0.0027174750715494157,0.0,0.0,0.0,0.0,0.0,0.0,0.0,0.0,0.0,0.0,0.0,0.0,0.0,0.0,0.0,0.0,0.03141568623483181,-0.010990587696433067,0.0,0.0,0.0,0.0,0.0,0.18854595627635717,0.0,0.0,0.026766075231134893,0.0,0.0,0.0,0.0,0.0,0.0,0.0,0.0,0.0,0.0,0.0,0.0,0.0,0.0,0.0,0.0,0.0,0.0,0.0,0.0,0.0,0.0,0.0,0.0,0.0,0.0,0.007103231698274612,0.0,0.0,0.0,0.0,0.0,0.0,0.0,0.0,0.0,0.0,0.0,0.0,0.0,0.0,0.0,0.0,0.0,0.0,0.0,0.03365171764045954,0.0,0.0,0.0,0.0,0.0,0.0,0.0,0.0,0.0,0.0,0.0,0.0,-0.1608950312435627,0.0,0.0,0.0,0.0,0.0,0.0,0.0,0.10612334012985229,-0.08931496130302548,0.0,0.0,0.0,0.0,0.0,0.0,2.0,0.0
Arl6ip1,-0.7924490881152451,0.006769835948944092,0.0,0.0,0.0,0.0,0.0,0.0,0.0,0.0,0.0,0.0,0.0,0.0,0.0,0.0,0.0,0.0,0.012944477424025536,-0.030541308969259263,0.0,0.0,0.0,0.0,0.0,-0.1081832683738321,0.0,0.0,0.008054396882653237,0.0,0.0,0.0,0.0,0.0,0.0,0.0,0.0,0.0,0.0,0.0,0.0,0.0,0.0,0.0,0.0,0.0,0.0,0.0,0.0,0.0,0.0,0.0,0.0,0.0,0.0,0.0009686224907636642,0.0,0.0,0.0,0.0,0.0,0.0,0.0,0.0,0.0,0.0,0.0,0.0,0.0,0.0,0.0,0.0,0.0,0.0,0.0,0.013103323765099048,0.0,0.0,0.0,0.0,0.0,0.0,0.0,0.0,0.0,0.0,0.0,0.0,-0.26382920444011687,0.0,0.0,0.0,0.0,0.0,0.0,0.0,-0.026530835032463073,-0.15174112918786706,0.0,0.0,0.0,0.0,0.0,0.0,0.0,1.0
Hs3st4,0.5338325391337275,0.027420220747590065,0.0,0.0,0.0,0.0,0.0,0.0,0.0,0.0,0.0,0.0,0.0,0.0,0.0,0.0,0.0,0.0,0.017999178767204284,-0.022265156358480455,0.0,0.0,0.0,0.0,0.0,-0.2881242262199521,0.0,0.0,-0.07366140231490136,0.0,0.0,0.0,0.0,0.0,0.0,0.0,0.0,0.0,0.0,0.0,0.0,0.0,0.0,0.0,0.0,0.0,0.0,0.0,0.0,0.0,0.0,0.0,0.0,0.0,0.0,0.0024215563386678694,0.0,0.0,0.0,0.0,0.0,0.0,0.0,0.0,0.0,0.0,0.0,0.0,0.0,0.0,0.0,0.0,0.0,0.0,0.0,-0.023228619452565907,0.0,0.0,0.0,0.0,0.0,0.0,0.0,0.0,0.0,0.0,0.0,0.0,0.32488161139190197,0.0,0.0,0.0,0.0,0.0,0.0,0.0,0.10612334012985229,-0.15374220378696918,0.0,0.0,0.0,0.0,0.0,0.0,0.0,0.0
Bcl2,0.7009556591510773,0.027926765866577625,0.0,0.0,0.0,0.0,0.0,0.0,0.0,0.0,0.0,0.0,0.0,0.0,0.0,0.0,0.0,0.0,0.03141568623483181,0.10070404984056949,0.0,0.0,0.0,0.0,0.0,0.23651351863518358,0.0,0.0,0.013038076870143413,0.0,0.0,0.0,0.0,0.0,0.0,0.0,0.0,0.0,0.0,0.0,0.0,0.0,0.0,0.0,0.0,0.0,0.0,0.0,0.0,0.0,0.0,0.0,0.0,0.0,0.0,0.007103231698274612,0.0,0.0,0.0,0.0,0.0,0.0,0.0,0.0,0.0,0.0,0.0,0.0,0.0,0.0,0.0,0.0,0.0,0.0,0.0,0.009827492777258157,0.0,0.0,0.0,0.0,0.0,0.0,0.0,0.0,0.0,0.0,0.0,0.0,0.21336731411516666,0.0,0.0,0.0,0.0,0.0,0.0,0.0,-0.026530835032463073,0.1880724750738591,0.0,0.0,0.0,0.0,0.0,0.0,2.0,2.0
Arhgef12,0.7456292285770177,0.027926765866577625,0.0,0.0,0.0,0.0,0.0,0.0,0.0,0.0,0.0,0.0,0.0,0.0,0.0,0.0,0.0,0.0,0.03141568623483181,-0.010990587696433067,0.0,0.0,0.0,0.0,0.0,0.2685018290579319,0.0,0.0,0.013038076870143413,0.0,0.0,0.0,0.0,0.0,0.0,0.0,0.0,0.0,0.0,0.0,0.0,0.0,0.0,0.0,0.0,0.0,0.0,0.0,0.0,0.0,0.0,0.0,0.0,0.0,0.0,0.007103231698274612,0.0,0.0,0.0,0.0,0.0,0.0,0.0,0.0,0.0,0.0,0.0,0.0,0.0,0.0,0.0,0.0,0.0,0.0,0.0,0.009827492777258157,0.0,0.0,0.0,0.0,0.0,0.0,0.0,0.0,0.0,0.0,0.0,0.0,0.21336731411516666,0.0,0.0,0.0,0.0,0.0,0.0,0.0,-0.026530835032463073,0.1880724750738591,0.0,0.0,0.0,0.0,0.0,0.0,2.0,2.0
Klhl29,0.5178893598541617,0.027420220747590065,0.0,0.0,0.0,0.0,0.0,0.0,0.0,0.0,0.0,0.0,0.0,0.0,0.0,0.0,0.0,0.0,-0.14038402624428273,-0.022265156358480455,0.0,0.0,0.0,0.0,0.0,-0.30124208990484475,0.0,0.0,0.003910919418558478,0.0,0.0,0.0,0.0,0.0,0.0,0.0,0.0,0.0,0.0,0.0,0.0,0.0,0.0,0.0,0.0,0.0,0.0,0.0,0.0,0.0,0.0,0.0,0.0,0.0,0.0,0.0024215563386678694,0.0,0.0,0.0,0.0,0.0,0.0,0.0,0.0,0.0,0.0,0.0,0.0,0.0,0.0,0.0,0.0,0.0,0.0,0.0,-0.023228619452565907,0.0,0.0,0.0,0.0,0.0,0.0,0.0,0.0,0.0,0.0,0.0,0.0,0.32488161139190197,0.0,0.0,0.0,0.0,0.0,0.0,0.0,-0.026530835032463073,-0.10523660818114877,0.0,0.0,0.0,0.0,0.0,0.0,0.0,0.0
Gpc5,0.33411659594625237,0.010721291936933995,0.0,0.0,0.0,0.0,0.0,0.0,0.0,0.0,0.0,0.0,0.0,0.0,0.0,0.0,0.0,0.0,-0.14038402624428273,-0.022265156358480455,0.0,0.0,0.0,0.0,0.0,-0.30124208990484475,0.0,0.0,0.003910919418558478,0.0,0.0,0.0,0.0,0.0,0.0,0.0,0.0,0.0,0.0,0.0,0.0,0.0,0.0,0.0,0.0,0.0,0.0,0.0,0.0,0.0,0.0,0.0,0.0,0.0,0.0,0.0024215563386678694,0.0,0.0,0.0,0.0,0.0,0.0,0.0,0.0,0.0,0.0,0.0,0.0,0.0,0.0,0.0,0.0,0.0,0.0,0.0,-0.023228619452565907,0.0,0.0,0.0,0.0,0.0,0.0,0.0,0.0,0.0,0.0,0.0,0.0,0.24605737797915936,0.0,0.0,0.0,0.0,0.0,0.0,0.0,-0.026530835032463073,-0.10523660818114877,0.0,0.0,0.0,0.0,0.0,0.0,2.0,0.0
Chd3,-0.9619604075700044,0.006769835948944092,0.0,0.0,0.0,0.0,0.0,0.0,0.0,0.0,0.0,0.0,0.0,0.0,0.0,0.0,0.0,0.0,0.009188875406980514,-0.027132718861103057,0.0,0.0,0.0,0.0,0.0,0.06055140463635325,0.0,0.0,-0.027358401007950305,0.0,0.0,0.0,0.0,0.0,0.0,0.0,0.0,0.0,0.0,0.0,0.0,0.0,0.0,0.0,0.0,0.0,0.0,0.0,0.0,0.0,0.0,0.0,0.0,0.0,0.0,0.0006457483768463135,0.0,0.0,0.0,0.0,0.0,0.0,0.0,0.0,0.0,0.0,0.0,0.0,0.0,0.0,0.0,0.0,0.0,0.0,0.0,0.013103323765099048,0.0,0.0,0.0,0.0,0.0,0.0,0.0,0.0,0.0,0.0,0.0,0.0,-0.26382920444011687,0.0,0.0,0.0,0.0,0.0,0.0,0.0,-0.026530835032463073,0.12370715521275998,0.0,0.0,0.0,0.0,0.0,0.0,0.0,1.0
Fstl4,0.21223819021135568,0.010721291936933995,0.0,0.0,0.0,0.0,0.0,0.0,0.0,0.0,0.0,0.0,0.0,0.0,0.0,0.0,0.0,0.0,0.03141568623483181,0.15707689061760902,0.0,0.0,0.0,0.0,0.0,-0.2475479999370873,0.0,0.0,-0.022959785498678685,0.0,0.0,0.0,0.0,0.0,0.0,0.0,0.0,0.0,0.0,0.0,0.0,0.0,0.0,0.0,0.0,0.0,0.0,0.0,0.0,0.0,0.0,0.0,0.0,0.0,0.0,0.007103231698274612,0.0,0.0,0.0,0.0,0.0,0.0,0.0,0.0,0.0,0.0,0.0,0.0,0.0,0.0,0.0,0.0,0.0,0.0,0.0,-0.023228619452565907,0.0,0.0,0.0,0.0,0.0,0.0,0.0,0.0,0.0,0.0,0.0,0.0,0.4062320607155561,0.0,0.0,0.0,0.0,0.0,0.0,0.0,-0.026530835032463073,0.37247476883232594,0.0,0.0,0.0,0.0,0.0,0.0,2.0,2.0
Unc5d,0.5726944306865335,0.0004608629643917084,0.0,0.0,0.0,0.0,0.0,0.0,0.0,0.0,0.0,0.0,0.0,0.0,0.0,0.0,0.0,0.0,0.03141568623483181,-0.022265156358480455,0.0,0.0,0.0,0.0,0.0,-0.3590597726777196,0.0,0.0,0.02310527566820383,0.0,0.0,0.0,0.0,0.0,0.0,0.0,0.0,0.0,0.0,0.0,0.0,0.0,0.0,0.0,0.0,0.0,0.0,0.0,0.0,0.0,0.0,0.0,0.0,0.0,0.0,0.007103231698274612,0.0,0.0,0.0,0.0,0.0,0.0,0.0,0.0,0.0,0.0,0.0,0.0,0.0,0.0,0.0,0.0,0.0,0.0,0.0,-0.0768331252411008,0.0,0.0,0.0,0.0,0.0,0.0,0.0,0.0,0.0,0.0,0.0,0.0,-0.14094417367130518,0.0,0.0,0.0,0.0,0.0,0.0,0.0,0.10612334012985229,-0.10523660818114877,0.0,0.0,0.0,0.0,0.0,0.0,0.0,0.0
Phyhipl,0.5811575178429484,0.027926765866577625,0.0,0.0,0.0,0.0,0.0,0.0,0.0,0.0,0.0,0.0,0.0,0.0,0.0,0.0,0.0,0.0,0.03141568623483181,-0.010990587696433067,0.0,0.0,0.0,0.0,0.0,0.2685018290579319,0.0,0.0,0.013038076870143413,0.0,0.0,0.0,0.0,0.0,0.0,0.0,0.0,0.0,0.0,0.0,0.0,0.0,0.0,0.0,0.0,0.0,0.0,0.0,0.0,0.0,0.0,0.0,0.0,0.0,0.0,0.007103231698274612,0.0,0.0,0.0,0.0,0.0,0.0,0.0,0.0,0.0,0.0,0.0,0.0,0.0,0.0,0.0,0.0,0.0,0.0,0.0,-0.023228619452565907,0.0,0.0,0.0,0.0,0.0,0.0,0.0,0.0,0.0,0.0,0.0,0.0,0.2571443283557892,0.0,0.0,0.0,0.0,0.0,0.0,0.0,-0.026530835032463073,0.34182329672388734,0.0,0.0,0.0,0.0,0.0,0.0,2.0,2.0
Olig1,-0.9223290289193392,0.006769835948944092,0.0,0.0,0.0,0.0,0.0,0.0,0.0,0.0,0.0,0.0,0.0,0.0,0.0,0.0,0.0,0.0,-0.05053643725812435,-0.027132718861103057,0.0,0.0,0.0,0.0,0.0,0.13306997504085302,0.0,0.0,0.004090773873031139,0.0,0.0,0.0,0.0,0.0,0.0,0.0,0.0,0.0,0.0,0.0,0.0,0.0,0.0,0.0,0.0,0.0,0.0,0.0,0.0,0.0,0.0,0.0,0.0,0.0,0.0,0.0006457483768463135,0.0,0.0,0.0,0.0,0.0,0.0,0.0,0.0,0.0,0.0,0.0,0.0,0.0,0.0,0.0,0.0,0.0,0.0,0.0,0.013103323765099048,0.0,0.0,0.0,0.0,0.0,0.0,0.0,0.0,0.0,0.0,0.0,0.0,-0.24676825143396855,0.0,0.0,0.0,0.0,0.0,0.0,0.0,-0.026530835032463073,-0.2158165686018765,0.0,0.0,0.0,0.0,0.0,0.0,0.0,0.0
Sema3e,0.5125412613898516,0.027420220747590065,0.0,0.0,0.0,0.0,0.0,0.0,0.0,0.0,0.0,0.0,0.0,0.0,0.0,0.0,0.0,0.0,0.01444756269454956,0.15707689061760902,0.0,0.0,0.0,0.0,0.0,-0.25246512623503803,0.0,0.0,-0.013606808008626103,0.0,0.0,0.0,0.0,0.0,0.0,0.0,0.0,0.0,0.0,0.0,0.0,0.0,0.0,0.0,0.0,0.0,0.0,0.0,0.0,0.0,0.0,0.0,0.0,0.0,0.0,-0.044718072488904,0.0,0.0,0.0,0.0,0.0,0.0,0.0,0.0,0.0,0.0,0.0,0.0,0.0,0.0,0.0,0.0,0.0,0.0,0.0,0.009827492777258157,0.0,0.0,0.0,0.0,0.0,0.0,0.0,0.0,0.0,0.0,0.0,0.0,0.28110459715127945,0.0,0.0,0.0,0.0,0.0,0.0,0.0,-0.026530835032463073,-0.15374220378696918,0.0,0.0,0.0,0.0,0.0,0.0,2.0,2.0
Gm15398,0.6585855201631784,0.0027174750715494157,0.0,0.0,0.0,0.0,0.0,0.0,0.0,0.0,0.0,0.0,0.0,0.0,0.0,0.0,0.0,0.0,0.03141568623483181,-0.022265156358480455,0.0,0.0,0.0,0.0,0.0,-0.3590597726777196,0.0,0.0,0.02310527566820383,0.0,0.0,0.0,0.0,0.0,0.0,0.0,0.0,0.0,0.0,0.0,0.0,0.0,0.0,0.0,0.0,0.0,0.0,0.0,0.0,0.0,0.0,0.0,0.0,0.0,0.0,0.007103231698274612,0.0,0.0,0.0,0.0,0.0,0.0,0.0,0.0,0.0,0.0,0.0,0.0,0.0,0.0,0.0,0.0,0.0,0.0,0.0,0.03365171764045954,0.0,0.0,0.0,0.0,0.0,0.0,0.0,0.0,0.0,0.0,0.0,0.0,-0.1608950312435627,0.0,0.0,0.0,0.0,0.0,0.0,0.0,-0.026530835032463073,-0.10523660818114877,0.0,0.0,0.0,0.0,0.0,0.0,0.0,2.0
Etl4,0.510901800841093,0.0004608629643917084,0.0,0.0,0.0,0.0,0.0,0.0,0.0,0.0,0.0,0.0,0.0,0.0,0.0,0.0,0.0,0.0,-0.06284215494990349,-0.022265156358480455,0.0,0.0,0.0,0.0,0.0,-0.34594190899282695,0.0,0.0,-0.0018973809201270342,0.0,0.0,0.0,0.0,0.0,0.0,0.0,0.0,0.0,0.0,0.0,0.0,0.0,0.0,0.0,0.0,0.0,0.0,0.0,0.0,0.0,0.0,0.0,0.0,0.0,0.0,-0.026314246356487273,0.0,0.0,0.0,0.0,0.0,0.0,0.0,0.0,0.0,0.0,0.0,0.0,0.0,0.0,0.0,0.0,0.0,0.0,0.0,0.03365171764045954,0.0,0.0,0.0,0.0,0.0,0.0,0.0,0.0,0.0,0.0,0.0,0.0,-0.10729245688766241,0.0,0.0,0.0,0.0,0.0,0.0,0.0,0.10612334012985229,-0.34071514315903184,0.0,0.0,0.0,0.0,0.0,0.0,0.0,0.0
Rreb1,0.4018052215501666,-0.1508521257340908,0.0,0.0,0.0,0.0,0.0,0.0,0.0,0.0,0.0,0.0,0.0,0.0,0.0,0.0,0.0,0.0,0.017999178767204284,0.15707689061760902,0.0,0.0,0.0,0.0,0.0,-0.17646747725084425,0.0,0.0,0.012672454044222832,0.0,0.0,0.0,0.0,0.0,0.0,0.0,0.0,0.0,0.0,0.0,0.0,0.0,0.0,0.0,0.0,0.0,0.0,0.0,0.0,0.0,0.0,0.0,0.0,0.0,0.0,0.0024215563386678694,0.0,0.0,0.0,0.0,0.0,0.0,0.0,0.0,0.0,0.0,0.0,0.0,0.0,0.0,0.0,0.0,0.0,0.0,0.0,-0.023228619452565907,0.0,0.0,0.0,0.0,0.0,0.0,0.0,0.0,0.0,0.0,0.0,0.0,0.2468028374016285,0.0,0.0,0.0,0.0,0.0,0.0,0.0,-0.026530835032463073,0.4563680948317051,0.0,0.0,0.0,0.0,0.0,0.0,2.0,2.0
Elavl2,0.566606563180685,0.0027174750715494157,0.0,0.0,0.0,0.0,0.0,0.0,0.0,0.0,0.0,0.0,0.0,0.0,0.0,0.0,0.0,0.0,-0.07882442727684974,-0.022265156358480455,0.0,0.0,0.0,0.0,0.0,-0.34594190899282695,0.0,0.0,-0.017879651673138142,0.0,0.0,0.0,0.0,0.0,0.0,0.0,0.0,0.0,0.0,0.0,0.0,0.0,0.0,0.0,0.0,0.0,0.0,0.0,0.0,0.0,0.0,0.0,0.0,0.0,0.0,0.001291496753692627,0.0,0.0,0.0,0.0,0.0,0.0,0.0,0.0,0.0,0.0,0.0,0.0,0.0,0.0,0.0,0.0,0.0,0.0,0.0,0.03365171764045954,0.0,0.0,0.0,0.0,0.0,0.0,0.0,0.0,0.0,0.0,0.0,0.0,-0.1608950312435627,0.0,0.0,0.0,0.0,0.0,0.0,0.0,-0.026530835032463073,-0.34071514315903184,0.0,0.0,0.0,0.0,0.0,0.0,0.0,1.0
Mgat4c,0.549611555300653,0.0004608629643917084,0.0,0.0,0.0,0.0,0.0,0.0,0.0,0.0,0.0,0.0,0.0,0.0,0.0,0.0,0.0,0.0,0.017999178767204284,-0.022265156358480455,0.0,0.0,0.0,0.0,0.0,-0.34594190899282695,0.0,0.0,-0.07366140231490136,0.0,0.0,0.0,0.0,0.0,0.0,0.0,0.0,0.0,0.0,0.0,0.0,0.0,0.0,0.0,0.0,0.0,0.0,0.0,0.0,0.0,0.0,0.0,0.0,0.0,0.0,0.0024215563386678694,0.0,0.0,0.0,0.0,0.0,0.0,0.0,0.0,0.0,0.0,0.0,0.0,0.0,0.0,0.0,0.0,0.0,0.0,0.0,-0.0768331252411008,0.0,0.0,0.0,0.0,0.0,0.0,0.0,0.0,0.0,0.0,0.0,0.0,-0.14094417367130518,0.0,0.0,0.0,0.0,0.0,0.0,0.0,0.10612334012985229,-0.15374220378696918,0.0,0.0,0.0,0.0,0.0,0.0,2.0,0.0
Mpped1,0.27487144596874713,0.027926765866577625,0.0,0.0,0.0,0.0,0.0,0.0,0.0,0.0,0.0,0.0,0.0,0.0,0.0,0.0,0.0,0.0,0.03141568623483181,0.10070404984056949,0.0,0.0,0.0,0.0,0.0,0.15516717796213925,0.0,0.0,0.013038076870143413,0.0,0.0,0.0,0.0,0.0,0.0,0.0,0.0,0.0,0.0,0.0,0.0,0.0,0.0,0.0,0.0,0.0,0.0,0.0,0.0,0.0,0.0,0.0,0.0,0.0,0.0,0.007103231698274612,0.0,0.0,0.0,0.0,0.0,0.0,0.0,0.0,0.0,0.0,0.0,0.0,0.0,0.0,0.0,0.0,0.0,0.0,0.0,0.009827492777258157,0.0,0.0,0.0,0.0,0.0,0.0,0.0,0.0,0.0,0.0,0.0,0.0,0.3735419968515635,0.0,0.0,0.0,0.0,0.0,0.0,0.0,-0.026530835032463073,0.34182329672388734,0.0,0.0,0.0,0.0,0.0,0.0,2.0,2.0
Cdh19,0.5084827657043934,0.027420220747590065,0.0,0.0,0.0,0.0,0.0,0.0,0.0,0.0,0.0,0.0,0.0,0.0,0.0,0.0,0.0,0.0,0.017999178767204284,0.10070404984056949,0.0,0.0,0.0,0.0,0.0,0.1284846702031791,0.0,0.0,-0.07976273491978646,0.0,0.0,0.0,0.0,0.0,0.0,0.0,0.0,0.0,0.0,0.0,0.0,0.0,0.0,0.0,0.0,0.0,0.0,0.0,0.0,0.0,0.0,0.0,0.0,0.0,0.0,0.0024215563386678694,0.0,0.0,0.0,0.0,0.0,0.0,0.0,0.0,0.0,0.0,0.0,0.0,0.0,0.0,0.0,0.0,0.0,0.0,0.0,0.009827492777258157,0.0,0.0,0.0,0.0,0.0,0.0,0.0,0.0,0.0,0.0,0.0,0.0,0.28110459715127945,0.0,0.0,0.0,0.0,0.0,0.0,0.0,-0.026530835032463073,0.35890702836215493,0.0,0.0,0.0,0.0,0.0,0.0,2.0,2.0
Pard3b,0.549611555300653,0.0004608629643917084,0.0,0.0,0.0,0.0,0.0,0.0,0.0,0.0,0.0,0.0,0.0,0.0,0.0,0.0,0.0,0.0,0.017999178767204284,-0.022265156358480455,0.0,0.0,0.0,0.0,0.0,-0.34594190899282695,0.0,0.0,-0.07366140231490136,0.0,0.0,0.0,0.0,0.0,0.0,0.0,0.0,0.0,0.0,0.0,0.0,0.0,0.0,0.0,0.0,0.0,0.0,0.0,0.0,0.0,0.0,0.0,0.0,0.0,0.0,0.0024215563386678694,0.0,0.0,0.0,0.0,0.0,0.0,0.0,0.0,0.0,0.0,0.0,0.0,0.0,0.0,0.0,0.0,0.0,0.0,0.0,-0.0768331252411008,0.0,0.0,0.0,0.0,0.0,0.0,0.0,0.0,0.0,0.0,0.0,0.0,-0.14094417367130518,0.0,0.0,0.0,0.0,0.0,0.0,0.0,0.10612334012985229,-0.15374220378696918,0.0,0.0,0.0,0.0,0.0,0.0,2.0,0.0
Scel,0.7009556591510773,0.027926765866577625,0.0,0.0,0.0,0.0,0.0,0.0,0.0,0.0,0.0,0.0,0.0,0.0,0.0,0.0,0.0,0.0,0.03141568623483181,0.10070404984056949,0.0,0.0,0.0,0.0,0.0,0.23651351863518358,0.0,0.0,0.013038076870143413,0.0,0.0,0.0,0.0,0.0,0.0,0.0,0.0,0.0,0.0,0.0,0.0,0.0,0.0,0.0,0.0,0.0,0.0,0.0,0.0,0.0,0.0,0.0,0.0,0.0,0.0,0.007103231698274612,0.0,0.0,0.0,0.0,0.0,0.0,0.0,0.0,0.0,0.0,0.0,0.0,0.0,0.0,0.0,0.0,0.0,0.0,0.0,0.009827492777258157,0.0,0.0,0.0,0.0,0.0,0.0,0.0,0.0,0.0,0.0,0.0,0.0,0.3735419968515635,0.0,0.0,0.0,0.0,0.0,0.0,0.0,-0.026530835032463073,0.1880724750738591,0.0,0.0,0.0,0.0,0.0,0.0,2.0,2.0
Hs6st3,0.4839667120948434,0.0004608629643917084,0.0,0.0,0.0,0.0,0.0,0.0,0.0,0.0,0.0,0.0,0.0,0.0,0.0,0.0,0.0,0.0,-0.14038402624428273,-0.022265156358480455,0.0,0.0,0.0,0.0,0.0,-0.3590597726777196,0.0,0.0,0.003910919418558478,0.0,0.0,0.0,0.0,0.0,0.0,0.0,0.0,0.0,0.0,0.0,0.0,0.0,0.0,0.0,0.0,0.0,0.0,0.0,0.0,0.0,0.0,0.0,0.0,0.0,0.0,0.0024215563386678694,0.0,0.0,0.0,0.0,0.0,0.0,0.0,0.0,0.0,0.0,0.0,0.0,0.0,0.0,0.0,0.0,0.0,0.0,0.0,-0.0768331252411008,0.0,0.0,0.0,0.0,0.0,0.0,0.0,0.0,0.0,0.0,0.0,0.0,-0.14094417367130518,0.0,0.0,0.0,0.0,0.0,0.0,0.0,0.10612334012985229,-0.29220954755321144,0.0,0.0,0.0,0.0,0.0,0.0,0.0,0.0
Pak1,0.8737318510562182,0.005503473151475191,0.0,0.0,0.0,0.0,0.0,0.0,0.0,0.0,0.0,0.0,0.0,0.0,0.0,0.0,0.0,0.0,0.03141568623483181,-0.010990587696433067,0.0,0.0,0.0,0.0,0.0,0.33314234126359227,0.0,0.0,0.013038076870143413,0.0,0.0,0.0,0.0,0.0,0.0,0.0,0.0,0.0,0.0,0.0,0.0,0.0,0.0,0.0,0.0,0.0,0.0,0.0,0.0,0.0,0.0,0.0,0.0,0.0,0.0,0.007103231698274612,0.0,0.0,0.0,0.0,0.0,0.0,0.0,0.0,0.0,0.0,0.0,0.0,0.0,0.0,0.0,0.0,0.0,0.0,0.0,0.03365171764045954,0.0,0.0,0.0,0.0,0.0,0.0,0.0,0.0,0.0,0.0,0.0,0.0,-0.10617410965263843,0.0,0.0,0.0,0.0,0.0,0.0,0.0,-0.026530835032463073,0.1880724750738591,0.0,0.0,0.0,0.0,0.0,0.0,2.0,2.0
Tle1,0.5988237543404102,0.0027174750715494157,0.0,0.0,0.0,0.0,0.0,0.0,0.0,0.0,0.0,0.0,0.0,0.0,0.0,0.0,0.0,0.0,0.017999178767204284,-0.022265156358480455,0.0,0.0,0.0,0.0,0.0,-0.17445072744041681,0.0,0.0,0.012672454044222832,0.0,0.0,0.0,0.0,0.0,0.0,0.0,0.0,0.0,0.0,0.0,0.0,0.0,0.0,0.0,0.0,0.0,0.0,0.0,0.0,0.0,0.0,0.0,0.0,0.0,0.0,0.0024215563386678694,0.0,0.0,0.0,0.0,0.0,0.0,0.0,0.0,0.0,0.0,0.0,0.0,0.0,0.0,0.0,0.0,0.0,0.0,0.0,0.03365171764045954,0.0,0.0,0.0,0.0,0.0,0.0,0.0,0.0,0.0,0.0,0.0,0.0,-0.1608950312435627,0.0,0.0,0.0,0.0,0.0,0.0,0.0,-0.026530835032463073,0.30261727318167686,0.0,0.0,0.0,0.0,0.0,0.0,2.0,1.0
Sema3a,0.4999098913744092,0.0004608629643917084,0.0,0.0,0.0,0.0,0.0,0.0,0.0,0.0,0.0,0.0,0.0,0.0,0.0,0.0,0.0,0.0,0.017999178767204284,-0.022265156358480455,0.0,0.0,0.0,0.0,0.0,-0.34594190899282695,0.0,0.0,-0.07366140231490136,0.0,0.0,0.0,0.0,0.0,0.0,0.0,0.0,0.0,0.0,0.0,0.0,0.0,0.0,0.0,0.0,0.0,0.0,0.0,0.0,0.0,0.0,0.0,0.0,0.0,0.0,0.0024215563386678694,0.0,0.0,0.0,0.0,0.0,0.0,0.0,0.0,0.0,0.0,0.0,0.0,0.0,0.0,0.0,0.0,0.0,0.0,0.0,-0.0768331252411008,0.0,0.0,0.0,0.0,0.0,0.0,0.0,0.0,0.0,0.0,0.0,0.0,-0.14094417367130518,0.0,0.0,0.0,0.0,0.0,0.0,0.0,-0.026530835032463073,-0.34071514315903184,0.0,0.0,0.0,0.0,0.0,0.0,2.0,0.0
Stk33,0.5301111260056496,-0.1508521257340908,0.0,0.0,0.0,0.0,0.0,0.0,0.0,0.0,0.0,0.0,0.0,0.0,0.0,0.0,0.0,0.0,0.017999178767204284,-0.022265156358480455,0.0,0.0,0.0,0.0,0.0,-0.2881242262199521,0.0,0.0,-0.07366140231490136,0.0,0.0,0.0,0.0,0.0,0.0,0.0,0.0,0.0,0.0,0.0,0.0,0.0,0.0,0.0,0.0,0.0,0.0,0.0,0.0,0.0,0.0,0.0,0.0,0.0,0.0,0.0024215563386678694,0.0,0.0,0.0,0.0,0.0,0.0,0.0,0.0,0.0,0.0,0.0,0.0,0.0,0.0,0.0,0.0,0.0,0.0,0.0,0.009827492777258157,0.0,0.0,0.0,0.0,0.0,0.0,0.0,0.0,0.0,0.0,0.0,0.0,0.20302582316100598,0.0,0.0,0.0,0.0,0.0,0.0,0.0,-0.026530835032463073,0.08484674774110318,0.0,0.0,0.0,0.0,0.0,0.0,2.0,2.0
Tnc,0.620916192419827,0.027420220747590065,0.0,0.0,0.0,0.0,0.0,0.0,0.0,0.0,0.0,0.0,0.0,0.0,0.0,0.0,0.0,0.0,0.03141568623483181,-0.022265156358480455,0.0,0.0,0.0,0.0,0.0,-0.2121265772357583,0.0,0.0,0.13964072842150926,0.0,0.0,0.0,0.0,0.0,0.0,0.0,0.0,0.0,0.0,0.0,0.0,0.0,0.0,0.0,0.0,0.0,0.0,0.0,0.0,0.0,0.0,0.0,0.0,0.0,0.0,0.007103231698274612,0.0,0.0,0.0,0.0,0.0,0.0,0.0,0.0,0.0,0.0,0.0,0.0,0.0,0.0,0.0,0.0,0.0,0.0,0.0,-0.023228619452565907,0.0,0.0,0.0,0.0,0.0,0.0,0.0,0.0,0.0,0.0,0.0,0.0,0.32488161139190197,0.0,0.0,0.0,0.0,0.0,0.0,0.0,-0.026530835032463073,0.30261727318167686,0.0,0.0,0.0,0.0,0.0,0.0,2.0,2.0
Ano3,0.5698578015714884,0.0027174750715494157,0.0,0.0,0.0,0.0,0.0,0.0,0.0,0.0,0.0,0.0,0.0,0.0,0.0,0.0,0.0,0.0,-0.14038402624428273,-0.022265156358480455,0.0,0.0,0.0,0.0,0.0,-0.3590597726777196,0.0,0.0,0.003910919418558478,0.0,0.0,0.0,0.0,0.0,0.0,0.0,0.0,0.0,0.0,0.0,0.0,0.0,0.0,0.0,0.0,0.0,0.0,0.0,0.0,0.0,0.0,0.0,0.0,0.0,0.0,0.0024215563386678694,0.0,0.0,0.0,0.0,0.0,0.0,0.0,0.0,0.0,0.0,0.0,0.0,0.0,0.0,0.0,0.0,0.0,0.0,0.0,0.03365171764045954,0.0,0.0,0.0,0.0,0.0,0.0,0.0,0.0,0.0,0.0,0.0,0.0,-0.1608950312435627,0.0,0.0,0.0,0.0,0.0,0.0,0.0,-0.026530835032463073,-0.29220954755321144,0.0,0.0,0.0,0.0,0.0,0.0,0.0,0.0
Aff3,0.38904968582093713,0.010721291936933995,0.0,0.0,0.0,0.0,0.0,0.0,0.0,0.0,0.0,0.0,0.0,0.0,0.0,0.0,0.0,0.0,0.03141568623483181,-0.022265156358480455,0.0,0.0,0.0,0.0,0.0,-0.2881242262199521,0.0,0.0,0.05330687206238508,0.0,0.0,0.0,0.0,0.0,0.0,0.0,0.0,0.0,0.0,0.0,0.0,0.0,0.0,0.0,0.0,0.0,0.0,0.0,0.0,0.0,0.0,0.0,0.0,0.0,0.0,0.007103231698274612,0.0,0.0,0.0,0.0,0.0,0.0,0.0,0.0,0.0,0.0,0.0,0.0,0.0,0.0,0.0,0.0,0.0,0.0,0.0,0.009827492777258157,0.0,0.0,0.0,0.0,0.0,0.0,0.0,0.0,0.0,0.0,0.0,0.0,0.20228036373853683,0.0,0.0,0.0,0.0,0.0,0.0,0.0,-0.026530835032463073,0.08484674774110318,0.0,0.0,0.0,0.0,0.0,0.0,0.0,0.0
Col27a1,0.8290582816302776,0.005503473151475191,0.0,0.0,0.0,0.0,0.0,0.0,0.0,0.0,0.0,0.0,0.0,0.0,0.0,0.0,0.0,0.0,0.03141568623483181,0.10070404984056949,0.0,0.0,0.0,0.0,0.0,0.3011540308408439,0.0,0.0,0.013038076870143413,0.0,0.0,0.0,0.0,0.0,0.0,0.0,0.0,0.0,0.0,0.0,0.0,0.0,0.0,0.0,0.0,0.0,0.0,0.0,0.0,0.0,0.0,0.0,0.0,0.0,0.0,0.007103231698274612,0.0,0.0,0.0,0.0,0.0,0.0,0.0,0.0,0.0,0.0,0.0,0.0,0.0,0.0,0.0,0.0,0.0,0.0,0.0,0.03365171764045954,0.0,0.0,0.0,0.0,0.0,0.0,0.0,0.0,0.0,0.0,0.0,0.0,-0.10617410965263843,0.0,0.0,0.0,0.0,0.0,0.0,0.0,-0.026530835032463073,0.1880724750738591,0.0,0.0,0.0,0.0,0.0,0.0,2.0,2.0
Cd9,-0.9769196335971355,0.006769835948944092,0.0,0.0,0.0,0.0,0.0,0.0,0.0,0.0,0.0,0.0,0.0,0.0,0.0,0.0,0.0,0.0,-0.03649141266942024,-0.027132718861103057,0.0,0.0,0.0,0.0,0.0,0.13306997504085302,0.0,0.0,0.001669217459857464,0.0,0.0,0.0,0.0,0.0,0.0,0.0,0.0,0.0,0.0,0.0,0.0,0.0,0.0,0.0,0.0,0.0,0.0,0.0,0.0,0.0,0.0,0.0,0.0,0.0,0.0,-0.025022749602794648,0.0,0.0,0.0,0.0,0.0,0.0,0.0,0.0,0.0,0.0,0.0,0.0,0.0,0.0,0.0,0.0,0.0,0.0,0.0,0.013103323765099048,0.0,0.0,0.0,0.0,0.0,0.0,0.0,0.0,0.0,0.0,0.0,0.0,-0.24676825143396855,0.0,0.0,0.0,0.0,0.0,0.0,0.0,-0.026530835032463073,-0.1471809326298535,0.0,0.0,0.0,0.0,0.0,0.0,0.0,1.0
Ppp5c,-0.8155295757204294,0.0,0.0,0.0,0.02397673958912492,0.0,0.0,0.0,0.0,0.0,0.02064530910924077,0.0,0.009554490111768246,0.0,0.0,0.0,0.0,0.0,0.013484478667378426,0.2737079706043005,0.0,0.0,-0.01838025212287903,0.0,0.0,0.09717955231666565,0.016807843744754792,0.0040181340649724,0.0,0.0,0.0,0.0,0.0,0.0,0.0,0.0,0.0,0.0,0.0,0.0,0.0,0.0,0.0,0.0,0.0,0.0,0.0,0.0,0.0,0.0,0.0,0.0,0.0,0.0,0.0,0.0,0.0,0.0,0.0,0.0,0.0,0.0,0.0,0.0,0.0,0.0,0.0,0.02170903354883194,0.0,0.0,0.0,0.0,0.0,0.0,0.0,0.0,0.0,0.0,0.0,0.0,0.0,0.0,0.0,0.0,0.0,0.0,0.0,0.0,0.19125502333045005,0.0,0.0,0.0,0.0,0.0,0.0,0.0,0.0,0.010229821912944317,0.0,0.0,0.0,0.0,0.0,0.0,1.0,1.0
Crnde,-0.8911663141846656,0.0,0.0,0.0,0.06662987925112247,0.0,0.0,0.0,0.0,0.0,0.05523039728403092,0.0,0.03382182627916336,0.0,0.0,0.0,0.0,0.0,0.013484478667378426,-0.04616017758846283,0.0,0.0,-0.01838025212287903,0.0,0.0,0.10852136626839638,0.016807843744754792,0.0040181340649724,0.0,0.0,0.0,0.0,0.0,0.0,0.0,0.0,0.0,0.0,0.0,0.0,0.0,0.0,0.0,0.0,0.0,0.0,0.0,0.0,0.0,0.0,0.0,0.0,0.0,0.0,0.0,0.0,0.0,0.0,0.0,0.0,0.0,0.0,0.0,0.0,0.0,0.0,0.0,0.0031769317388534546,0.0,0.0,0.0,0.0,0.0,0.0,0.0,0.0,0.0,0.0,0.0,0.0,0.0,0.0,0.0,0.0,0.0,0.0,0.0,0.0,0.1626212316006422,0.0,0.0,0.0,0.0,0.0,0.0,0.0,0.0,0.010229821912944317,0.0,0.0,0.0,0.0,0.0,0.0,1.0,1.0
Tab3,-0.8888722245395183,0.0,0.0,0.0,-0.03014438522979617,0.0,0.0,0.0,0.0,0.0,0.009825220927596093,0.0,0.0035275656543672083,0.0,0.0,0.0,0.0,0.0,0.014562556631863116,-0.045648357570171355,0.0,0.0,-0.01838025212287903,0.0,0.0,0.12593985706567765,0.034035884328186515,0.0016072535514831544,0.0,0.0,0.0,0.0,0.0,0.0,0.0,0.0,0.0,0.0,0.0,0.0,0.0,0.0,0.0,0.0,0.0,0.0,0.0,0.0,0.0,0.0,0.0,0.0,0.0,0.0,0.0,0.0,0.0,0.0,0.0,0.0,0.0,0.0,0.0,0.0,0.0,0.0,0.0,0.0021179544925689696,0.0,0.0,0.0,0.0,0.0,0.0,0.0,0.0,0.0,0.0,0.0,0.0,0.0,0.0,0.0,0.0,0.0,0.0,0.0,0.0,-0.0677613501995802,0.0,0.0,0.0,0.0,0.0,0.0,0.0,0.0,-0.10733691804111004,0.0,0.0,0.0,0.0,0.0,0.0,1.0,1.0
Nmd3,-0.7061342808976769,0.0,0.0,0.0,0.014486719071865082,0.0,0.0,0.0,0.0,0.0,0.015156383477151394,0.0,0.007923171706497669,0.0,0.0,0.0,0.0,0.0,0.017026734557002782,-0.04346745029091835,0.0,0.0,-0.021382219195365905,0.0,0.0,-0.060860957801342014,-0.013026079051196576,0.0024108804389834405,0.0,0.0,0.0,0.0,0.0,0.0,0.0,0.0,0.0,0.0,0.0,0.0,0.0,0.0,0.0,0.0,0.0,0.0,0.0,0.0,0.0,0.0,0.0,0.0,0.0,0.0,0.0,0.0,0.0,0.0,0.0,0.0,0.0,0.0,0.0,0.0,0.0,0.0,0.0,0.0021179544925689696,0.0,0.0,0.0,0.0,0.0,0.0,0.0,0.0,0.0,0.0,0.0,0.0,0.0,0.0,0.0,0.0,0.0,0.0,0.0,0.0,-0.1438420370221138,0.0,0.0,0.0,0.0,0.0,0.0,0.0,0.0,-0.036936009861528875,0.0,0.0,0.0,0.0,0.0,0.0,1.0,1.0
Trappc5,-0.974185687303543,0.0,0.0,0.0,-0.03014438522979617,0.0,0.0,0.0,0.0,0.0,0.011076120287179947,0.0,0.0035275656543672083,0.0,0.0,0.0,0.0,0.0,0.014562556631863116,-0.045648357570171355,0.0,0.0,-0.01838025212287903,0.0,0.0,0.12593985706567765,0.034035884328186515,0.0016072535514831544,0.0,0.0,0.0,0.0,0.0,0.0,0.0,0.0,0.0,0.0,0.0,0.0,0.0,0.0,0.0,0.0,0.0,0.0,0.0,0.0,0.0,0.0,0.0,0.0,0.0,0.0,0.0,0.0,0.0,0.0,0.0,0.0,0.0,0.0,0.0,0.0,0.0,0.0,0.0,0.0021179544925689696,0.0,0.0,0.0,0.0,0.0,0.0,0.0,0.0,0.0,0.0,0.0,0.0,0.0,0.0,0.0,0.0,0.0,0.0,0.0,0.0,-0.0677613501995802,0.0,0.0,0.0,0.0,0.0,0.0,0.0,0.0,-0.023274354562163355,0.0,0.0,0.0,0.0,0.0,0.0,1.0,0.0
Zfp595,-0.7676748006418347,0.0,0.0,0.0,0.00962926311418414,0.0,0.0,0.0,0.0,0.0,-0.04275098403915763,0.0,0.0033085881476290525,0.0,0.0,0.0,0.0,0.0,0.01471656776033342,-0.049053524509072306,0.0,0.0,-0.021382219195365905,0.0,0.0,-0.047848918437957765,-0.013026079051196576,0.007768392376601696,0.0,0.0,0.0,0.0,0.0,0.0,0.0,0.0,0.0,0.0,0.0,0.0,0.0,0.0,0.0,0.0,0.0,0.0,0.0,0.0,0.0,0.0,0.0,0.0,0.0,0.0,0.0,0.0,0.0,0.0,0.0,0.0,0.0,0.0,0.0,0.0,0.0,0.0,0.0,0.0021179544925689696,0.0,0.0,0.0,0.0,0.0,0.0,0.0,0.0,0.0,0.0,0.0,0.0,0.0,0.0,0.0,0.0,0.0,0.0,0.0,0.0,-0.09453885784372687,0.0,0.0,0.0,0.0,0.0,0.0,0.0,0.0,0.03220743656158447,0.0,0.0,0.0,0.0,0.0,0.0,1.0,1.0
Micall1,-0.9731506150960922,0.0,0.0,0.0,-0.0189722361555323,0.0,0.0,0.0,0.0,0.0,-0.030801641959697007,0.0,0.001827455907186959,0.0,0.0,0.0,0.0,0.0,0.013484478667378426,-0.04807708606123924,0.0,0.0,-0.01838025212287903,0.0,0.0,0.10852136626839638,0.034035884328186515,0.0040181340649724,0.0,0.0,0.0,0.0,0.0,0.0,0.0,0.0,0.0,0.0,0.0,0.0,0.0,0.0,0.0,0.0,0.0,0.0,0.0,0.0,0.0,0.0,0.0,0.0,0.0,0.0,0.0,0.0,0.0,0.0,0.0,0.0,0.0,0.0,0.0,0.0,0.0,0.0,0.0,0.0021179544925689696,0.0,0.0,0.0,0.0,0.0,0.0,0.0,0.0,0.0,0.0,0.0,0.0,0.0,0.0,0.0,0.0,0.0,0.0,0.0,0.0,-0.05658920273184776,0.0,0.0,0.0,0.0,0.0,0.0,0.0,0.0,0.015438563302159309,0.0,0.0,0.0,0.0,0.0,0.0,1.0,1.0
Zcchc3,-0.6320429318025709,0.0,0.0,0.0,-0.0189722361555323,0.0,0.0,0.0,0.0,0.0,-0.048264596853405235,0.0,0.001827455907186959,0.0,0.0,0.0,0.0,0.0,0.017026734557002782,-0.052062049657106396,0.0,0.0,-0.021382219195365905,0.0,0.0,-0.060860957801342014,-0.013026079051196576,0.0024108804389834405,0.0,0.0,0.0,0.0,0.0,0.0,0.0,0.0,0.0,0.0,0.0,0.0,0.0,0.0,0.0,0.0,0.0,0.0,0.0,0.0,0.0,0.0,0.0,0.0,0.0,0.0,0.0,0.0,0.0,0.0,0.0,0.0,0.0,0.0,0.0,0.0,0.0,0.0,0.0,0.0021179544925689696,0.0,0.0,0.0,0.0,0.0,0.0,0.0,0.0,0.0,0.0,0.0,0.0,0.0,0.0,0.0,0.0,0.0,0.0,0.0,0.0,-0.07339704468846321,0.0,0.0,0.0,0.0,0.0,0.0,0.0,0.0,-0.06990210253745317,0.0,0.0,0.0,0.0,0.0,0.0,1.0,0.0
Nxpe3,-0.9046496525406837,0.0,0.0,0.0,0.014486719071865082,0.0,0.0,0.0,0.0,0.0,0.02206034239381552,0.0,0.007923171706497669,0.0,0.0,0.0,0.0,0.0,0.014562556631863116,-0.03154015745967627,0.0,0.0,0.18955175936222077,0.0,0.0,0.11168051347136497,0.034035884328186515,0.0016072535514831544,0.0,0.0,0.0,0.0,0.0,0.0,0.0,0.0,0.0,0.0,0.0,0.0,0.0,0.0,0.0,0.0,0.0,0.0,0.0,0.0,0.0,0.0,0.0,0.0,0.0,0.0,0.0,0.0,0.0,0.0,0.0,0.0,0.0,0.0,0.0,0.0,0.0,0.0,0.0,-0.013766704201698303,0.0,0.0,0.0,0.0,0.0,0.0,0.0,0.0,0.0,0.0,0.0,0.0,0.0,0.0,0.0,0.0,0.0,0.0,0.0,0.0,-0.11909186452627182,0.0,0.0,0.0,0.0,0.0,0.0,0.0,0.0,-0.03708227291703224,0.0,0.0,0.0,0.0,0.0,0.0,1.0,1.0
Tti1,-0.9557321253418922,0.0,0.0,0.0,-0.014724977021105588,0.0,0.0,0.0,0.0,0.0,-0.026721378434449435,0.0,-0.009686298630258534,0.0,0.0,0.0,0.0,0.0,0.014562556631863116,-0.04913811281323433,0.0,0.0,-0.01838025212287903,0.0,0.0,0.12593985706567765,0.034035884328186515,0.0016072535514831544,0.0,0.0,0.0,0.0,0.0,0.0,0.0,0.0,0.0,0.0,0.0,0.0,0.0,0.0,0.0,0.0,0.0,0.0,0.0,0.0,0.0,0.0,0.0,0.0,0.0,0.0,0.0,0.0,0.0,0.0,0.0,0.0,0.0,0.0,0.0,0.0,0.0,0.0,0.0,0.0021179544925689696,0.0,0.0,0.0,0.0,0.0,0.0,0.0,0.0,0.0,0.0,0.0,0.0,0.0,0.0,0.0,0.0,0.0,0.0,0.0,0.0,-0.052341942749917506,0.0,0.0,0.0,0.0,0.0,0.0,0.0,0.0,-0.01806561317294836,0.0,0.0,0.0,0.0,0.0,0.0,1.0,1.0
Urm1,-0.7170254499465227,0.0,0.0,0.0,-0.022358760130591692,0.0,0.0,0.0,0.0,0.0,-0.032841773610562085,0.0,0.0019826321964501402,0.0,0.0,0.0,0.0,0.0,0.014562556631863116,0.386926054880023,0.0,0.0,0.18955175936222077,0.0,0.0,0.10033869951963424,0.016807843744754792,0.0016072535514831544,0.0,0.0,0.0,0.0,0.0,0.0,0.0,0.0,0.0,0.0,0.0,0.0,0.0,0.0,0.0,0.0,0.0,0.0,0.0,0.0,0.0,0.0,0.0,0.0,0.0,0.0,0.0,0.0,0.0,0.0,0.0,0.0,0.0,0.0,0.0,0.0,0.0,0.0,0.0,0.02170903354883194,0.0,0.0,0.0,0.0,0.0,0.0,0.0,0.0,0.0,0.0,0.0,0.0,0.0,0.0,0.0,0.0,0.0,0.0,0.0,0.0,0.16176907762885093,0.0,0.0,0.0,0.0,0.0,0.0,0.0,0.0,-0.01806561317294836,0.0,0.0,0.0,0.0,0.0,0.0,1.0,1.0
Sntb2,0.600532157048583,0.0,0.0,0.0,0.014310401626862585,0.0,0.0,0.0,0.0,0.0,-0.07296271778643132,0.0,0.0037741170192020944,0.0,0.0,0.0,0.0,0.0,0.027375362925231458,0.24465189069509508,0.0,0.0,-0.007065998315811157,0.0,0.0,0.19837294168770314,-0.012605882957577705,0.006964765563607216,0.0,0.0,0.0,0.0,0.0,0.0,0.0,0.0,0.0,0.0,0.0,0.0,0.0,0.0,0.0,0.0,0.0,0.0,0.0,0.0,0.0,0.0,0.0,0.0,0.0,0.0,0.0,0.0,0.0,0.0,0.0,0.0,0.0,0.0,0.0,0.0,0.0,0.0,0.0,0.02170903354883194,0.0,0.0,0.0,0.0,0.0,0.0,0.0,0.0,0.0,0.0,0.0,0.0,0.0,0.0,0.0,0.0,0.0,0.0,0.0,0.0,0.1424768191576004,0.0,0.0,0.0,0.0,0.0,0.0,0.0,0.0,0.11066609635949134,0.0,0.0,0.0,0.0,0.0,0.0,1.0,2.0
Atp6v0a4,-0.23245366029441356,0.0,0.0,0.0,-0.0189722361555323,0.0,0.0,0.0,0.0,0.0,-0.12718547770753502,0.0,0.001827455907186959,0.0,0.0,0.0,0.0,0.0,0.014562556631863116,-0.04013475649058819,0.0,0.0,-0.019881235361099245,0.0,0.0,0.17996896006166935,0.09454412378370762,0.0016072535514831544,0.0,0.0,0.0,0.0,0.0,0.0,0.0,0.0,0.0,0.0,0.0,0.0,0.0,0.0,0.0,0.0,0.0,0.0,0.0,0.0,0.0,0.0,0.0,0.0,0.0,0.0,0.0,0.0,0.0,0.0,0.0,0.0,0.0,0.0,0.0,0.0,0.0,0.0,0.0,-0.013766704201698303,0.0,0.0,0.0,0.0,0.0,0.0,0.0,0.0,0.0,0.0,0.0,0.0,0.0,0.0,0.0,0.0,0.0,0.0,0.0,0.0,0.025840791445225476,0.0,0.0,0.0,0.0,0.0,0.0,0.0,0.0,-0.08946679294109344,0.0,0.0,0.0,0.0,0.0,0.0,1.0,1.0
Uqcrq,-0.6992303201928735,0.0,0.0,0.0,-0.03014438522979617,0.0,0.0,0.0,0.0,0.0,0.01798007920384407,0.0,0.0035275656543672083,0.0,0.0,0.0,0.0,0.0,0.017026734557002782,-0.04963332116603851,0.0,0.0,-0.021382219195365905,0.0,0.0,-0.060860957801342014,-0.013026079051196576,0.0024108804389834405,0.0,0.0,0.0,0.0,0.0,0.0,0.0,0.0,0.0,0.0,0.0,0.0,0.0,0.0,0.0,0.0,0.0,0.0,0.0,0.0,0.0,0.0,0.0,0.0,0.0,0.0,0.0,0.0,0.0,0.0,0.0,0.0,0.0,0.0,0.0,0.0,0.0,0.0,0.0,0.0021179544925689696,0.0,0.0,0.0,0.0,0.0,0.0,0.0,0.0,0.0,0.0,0.0,0.0,0.0,0.0,0.0,0.0,0.0,0.0,0.0,0.0,-0.08456919476389885,0.0,0.0,0.0,0.0,0.0,0.0,0.0,0.0,-0.05074392821639776,0.0,0.0,0.0,0.0,0.0,0.0,1.0,1.0
Cyp2j6,-0.8282263265550136,0.0,0.0,0.0,-0.03014438522979617,0.0,0.0,0.0,0.0,0.0,0.009825220927596093,0.0,0.0035275656543672083,0.0,0.0,0.0,0.0,0.0,-0.054091926058754326,-0.045648357570171355,0.0,0.0,-0.01838025212287903,0.0,0.0,0.135334535241127,0.034035884328186515,0.0016072535514831544,0.0,0.0,0.0,0.0,0.0,0.0,0.0,0.0,0.0,0.0,0.0,0.0,0.0,0.0,0.0,0.0,0.0,0.0,0.0,0.0,0.0,0.0,0.0,0.0,0.0,0.0,0.0,0.0,0.0,0.0,0.0,0.0,0.0,0.0,0.0,0.0,0.0,0.0,0.0,0.0021179544925689696,0.0,0.0,0.0,0.0,0.0,0.0,0.0,0.0,0.0,0.0,0.0,0.0,0.0,0.0,0.0,0.0,0.0,0.0,0.0,0.0,-0.0677613501995802,0.0,0.0,0.0,0.0,0.0,0.0,0.0,0.0,-0.10872301802039147,0.0,0.0,0.0,0.0,0.0,0.0,1.0,1.0
Gdpd5,0.433761121481657,0.0,0.0,0.0,-0.04722149951383472,0.0,0.0,0.0,0.0,0.0,-0.012758687194436789,0.0,0.0033337950706481935,0.0,0.0,0.0,0.0,0.0,0.029993551978841425,-0.052020555064082145,0.0,0.0,-0.01682239204645157,0.0,0.0,-0.11373593837022782,-0.012605882957577705,0.020358545035123826,0.0,0.0,0.0,0.0,0.0,0.0,0.0,0.0,0.0,0.0,0.0,0.0,0.0,0.0,0.0,0.0,0.0,0.0,0.0,0.0,0.0,0.0,0.0,0.0,0.0,0.0,0.0,0.0,0.0,0.0,0.0,0.0,0.0,0.0,0.0,0.0,0.0,0.0,0.0,-0.020650056302547456,0.0,0.0,0.0,0.0,0.0,0.0,0.0,0.0,0.0,0.0,0.0,0.0,0.0,0.0,0.0,0.0,0.0,0.0,0.0,0.0,0.04288594409823418,0.0,0.0,0.0,0.0,0.0,0.0,0.0,0.0,0.1624514703080058,0.0,0.0,0.0,0.0,0.0,0.0,1.0,1.0
Rab10,-0.5695695959404111,0.0,0.0,0.0,-0.03014438522979617,0.0,0.0,0.0,0.0,0.0,0.009825220927596093,0.0,0.0035275656543672083,0.0,0.0,0.0,0.0,0.0,-0.03422449061647057,-0.04963332116603851,0.0,0.0,-0.021382219195365905,0.0,0.0,-0.060860957801342014,-0.013026079051196576,0.0024108804389834405,0.0,0.0,0.0,0.0,0.0,0.0,0.0,0.0,0.0,0.0,0.0,0.0,0.0,0.0,0.0,0.0,0.0,0.0,0.0,0.0,0.0,0.0,0.0,0.0,0.0,0.0,0.0,0.0,0.0,0.0,0.0,0.0,0.0,0.0,0.0,0.0,0.0,0.0,0.0,0.0021179544925689696,0.0,0.0,0.0,0.0,0.0,0.0,0.0,0.0,0.0,0.0,0.0,0.0,0.0,0.0,0.0,0.0,0.0,0.0,0.0,0.0,-0.08456919476389885,0.0,0.0,0.0,0.0,0.0,0.0,0.0,0.0,-0.12099857334047556,0.0,0.0,0.0,0.0,0.0,0.0,1.0,1.0
Fgd4,0.6051708345115184,0.0,0.0,0.0,0.00962926311418414,0.0,0.0,0.0,0.0,0.0,-0.13913481978699566,0.0,0.0033085881476290525,0.0,0.0,0.0,0.0,0.0,0.02953151859343052,-0.037669075056910514,0.0,0.0,-0.01682239204645157,0.0,0.0,0.026212561279535293,0.09454412378370762,0.002143004834651947,0.0,0.0,0.0,0.0,0.0,0.0,0.0,0.0,0.0,0.0,0.0,0.0,0.0,0.0,0.0,0.0,0.0,0.0,0.0,0.0,0.0,0.0,0.0,0.0,0.0,0.0,0.0,0.0,0.0,0.0,0.0,0.0,0.0,0.0,0.0,0.0,0.0,0.0,0.0,0.0021179544925689696,0.0,0.0,0.0,0.0,0.0,0.0,0.0,0.0,0.0,0.0,0.0,0.0,0.0,0.0,0.0,0.0,0.0,0.0,0.0,0.0,-0.003243351448327303,0.0,0.0,0.0,0.0,0.0,0.0,0.0,0.0,-0.07974454209208488,0.0,0.0,0.0,0.0,0.0,0.0,2.0,2.0
Rpl41,-0.7061342808976769,0.0,0.0,0.0,-0.03014438522979617,0.0,0.0,0.0,0.0,0.0,0.011076120287179947,0.0,0.0035275656543672083,0.0,0.0,0.0,0.0,0.0,0.017026734557002782,-0.04963332116603851,0.0,0.0,-0.021382219195365905,0.0,0.0,-0.060860957801342014,-0.013026079051196576,0.0024108804389834405,0.0,0.0,0.0,0.0,0.0,0.0,0.0,0.0,0.0,0.0,0.0,0.0,0.0,0.0,0.0,0.0,0.0,0.0,0.0,0.0,0.0,0.0,0.0,0.0,0.0,0.0,0.0,0.0,0.0,0.0,0.0,0.0,0.0,0.0,0.0,0.0,0.0,0.0,0.0,0.0021179544925689696,0.0,0.0,0.0,0.0,0.0,0.0,0.0,0.0,0.0,0.0,0.0,0.0,0.0,0.0,0.0,0.0,0.0,0.0,0.0,0.0,-0.08456919476389885,0.0,0.0,0.0,0.0,0.0,0.0,0.0,0.0,-0.036936009861528875,0.0,0.0,0.0,0.0,0.0,0.0,0.0,0.0
Ndst3,0.34885604977607726,0.0,0.0,0.0,0.014310401626862585,0.0,0.0,0.0,0.0,0.0,-0.07296271778643132,0.0,0.0037741170192020944,0.0,0.0,0.0,0.0,0.0,0.029993551978841425,0.3108635613322258,0.0,0.0,0.034438556134700773,0.0,0.0,-0.11772090002894402,-0.012605882957577705,0.020358545035123826,0.0,0.0,0.0,0.0,0.0,0.0,0.0,0.0,0.0,0.0,0.0,0.0,0.0,0.0,0.0,0.0,0.0,0.0,0.0,0.0,0.0,0.0,0.0,0.0,0.0,0.0,0.0,0.0,0.0,0.0,0.0,0.0,0.0,0.0,0.0,0.0,0.0,0.0,0.0,0.02170903354883194,0.0,0.0,0.0,0.0,0.0,0.0,0.0,0.0,0.0,0.0,0.0,0.0,0.0,0.0,0.0,0.0,0.0,0.0,0.0,0.0,0.1424768191576004,0.0,0.0,0.0,0.0,0.0,0.0,0.0,0.0,0.31579450964927674,0.0,0.0,0.0,0.0,0.0,0.0,2.0,2.0
Fign,0.5687380309402943,0.0,0.0,0.0,-0.037611172664910555,0.0,0.0,0.0,0.0,0.0,0.05429810272529721,0.0,0.003974189329892397,0.0,0.0,0.0,0.0,0.0,0.02953151859343052,0.1552651275880635,0.0,0.0,0.09335216477513314,0.0,0.0,0.21142585158348084,0.030254119485616685,0.002143004834651947,0.0,0.0,0.0,0.0,0.0,0.0,0.0,0.0,0.0,0.0,0.0,0.0,0.0,0.0,0.0,0.0,0.0,0.0,0.0,0.0,0.0,0.0,0.0,0.0,0.0,0.0,0.0,0.0,0.0,0.0,0.0,0.0,0.0,0.0,0.0,0.0,0.0,0.0,0.0,-0.1323721557855606,0.0,0.0,0.0,0.0,0.0,0.0,0.0,0.0,0.0,0.0,0.0,0.0,0.0,0.0,0.0,0.0,0.0,0.0,0.0,0.0,0.02511324418708682,0.0,0.0,0.0,0.0,0.0,0.0,0.0,0.0,0.0005431920662522316,0.0,0.0,0.0,0.0,0.0,0.0,2.0,2.0
Ebf1,0.38525490649044514,0.0,0.0,0.0,0.014310401626862585,0.0,0.0,0.0,0.0,0.0,-0.07296271778643132,0.0,0.0037741170192020944,0.0,0.0,0.0,0.0,0.0,0.029993551978841425,0.3108635613322258,0.0,0.0,0.18115970879793167,0.0,0.0,-0.07569335766136646,-0.012605882957577705,0.020358545035123826,0.0,0.0,0.0,0.0,0.0,0.0,0.0,0.0,0.0,0.0,0.0,0.0,0.0,0.0,0.0,0.0,0.0,0.0,0.0,0.0,0.0,0.0,0.0,0.0,0.0,0.0,0.0,0.0,0.0,0.0,0.0,0.0,0.0,0.0,0.0,0.0,0.0,0.0,0.0,0.02170903354883194,0.0,0.0,0.0,0.0,0.0,0.0,0.0,0.0,0.0,0.0,0.0,0.0,0.0,0.0,0.0,0.0,0.0,0.0,0.0,0.0,0.1424768191576004,0.0,0.0,0.0,0.0,0.0,0.0,0.0,0.0,0.31579450964927674,0.0,0.0,0.0,0.0,0.0,0.0,2.0,2.0
Plscr4,-0.739475596472621,0.0,0.0,0.0,0.06662987925112247,0.0,0.0,0.0,0.0,0.0,0.05523039728403092,0.0,0.03382182627916336,0.0,0.0,0.0,0.0,0.0,0.01471656776033342,-0.02631815314292908,0.0,0.0,-0.021382219195365905,0.0,0.0,-0.047848918437957765,-0.0033615687489509582,0.007768392376601696,0.0,0.0,0.0,0.0,0.0,0.0,0.0,0.0,0.0,0.0,0.0,0.0,0.0,0.0,0.0,0.0,0.0,0.0,0.0,0.0,0.0,0.0,0.0,0.0,0.0,0.0,0.0,0.0,0.0,0.0,0.0,0.0,0.0,0.0,0.0,0.0,0.0,0.0,0.0,-0.020650056302547456,0.0,0.0,0.0,0.0,0.0,0.0,0.0,0.0,0.0,0.0,0.0,0.0,0.0,0.0,0.0,0.0,0.0,0.0,0.0,0.0,0.17270593836903572,0.0,0.0,0.0,0.0,0.0,0.0,0.0,0.0,0.02699869517236948,0.0,0.0,0.0,0.0,0.0,0.0,2.0,1.0
Eya1,0.5775060116499663,0.0,0.0,0.0,0.028984592985361813,0.0,0.0,0.0,0.0,0.0,-0.2112680445611477,0.0,0.007834434778196737,0.0,0.0,0.0,0.0,0.0,0.02953151859343052,-0.02021101027727127,0.0,0.0,0.09335216477513314,0.0,0.0,0.2564865718781948,0.030254119485616685,0.002143004834651947,0.0,0.0,0.0,0.0,0.0,0.0,0.0,0.0,0.0,0.0,0.0,0.0,0.0,0.0,0.0,0.0,0.0,0.0,0.0,0.0,0.0,0.0,0.0,0.0,0.0,0.0,0.0,0.0,0.0,0.0,0.0,0.0,0.0,0.0,0.0,0.0,0.0,0.0,0.0,-0.020650056302547456,0.0,0.0,0.0,0.0,0.0,0.0,0.0,0.0,0.0,0.0,0.0,0.0,0.0,0.0,0.0,0.0,0.0,0.0,0.0,0.0,0.013882841784507036,0.0,0.0,0.0,0.0,0.0,0.0,0.0,0.0,-0.07974454209208488,0.0,0.0,0.0,0.0,0.0,0.0,2.0,2.0
Mitf,0.6616246104985476,0.0,0.0,0.0,0.028461548797786236,0.0,0.0,0.0,0.0,0.0,0.028286818079650403,0.0,-0.10939836025238037,0.0,0.0,0.0,0.0,0.0,0.02953151859343052,-0.04382322758436203,0.0,0.0,-0.007065998315811157,0.0,0.0,0.31202296681702135,-0.012605882957577705,0.002143004834651947,0.0,0.0,0.0,0.0,0.0,0.0,0.0,0.0,0.0,0.0,0.0,0.0,0.0,0.0,0.0,0.0,0.0,0.0,0.0,0.0,0.0,0.0,0.0,0.0,0.0,0.0,0.0,0.0,0.0,0.0,0.0,0.0,0.0,0.0,0.0,0.0,0.0,0.0,0.0,0.0031769317388534546,0.0,0.0,0.0,0.0,0.0,0.0,0.0,0.0,0.0,0.0,0.0,0.0,0.0,0.0,0.0,0.0,0.0,0.0,0.0,0.0,0.07284449534490704,0.0,0.0,0.0,0.0,0.0,0.0,0.0,0.0,0.026940683610737325,0.0,0.0,0.0,0.0,0.0,0.0,2.0,2.0
Rcan2,0.5819241607189178,0.0,0.0,0.0,-0.023057965822517873,0.0,0.0,0.0,0.0,0.0,0.019300523959100247,0.0,-0.01677687354385853,0.0,0.0,0.0,0.0,0.0,0.027375362925231458,0.16981833450496198,0.0,0.0,0.09335216477513314,0.0,0.0,0.14283654674887658,0.030254119485616685,0.006964765563607216,0.0,0.0,0.0,0.0,0.0,0.0,0.0,0.0,0.0,0.0,0.0,0.0,0.0,0.0,0.0,0.0,0.0,0.0,0.0,0.0,0.0,0.0,0.0,0.0,0.0,0.0,0.0,0.0,0.0,0.0,0.0,0.0,0.0,0.0,0.0,0.0,0.0,0.0,0.0,-0.1323721557855606,0.0,0.0,0.0,0.0,0.0,0.0,0.0,0.0,0.0,0.0,0.0,0.0,0.0,0.0,0.0,0.0,0.0,0.0,0.0,0.0,0.019672366213053464,0.0,0.0,0.0,0.0,0.0,0.0,0.0,0.0,0.08536386545747518,0.0,0.0,0.0,0.0,0.0,0.0,2.0,2.0
Pcsk1n,-0.6992303201928735,0.0,0.0,0.0,0.014486719071865082,0.0,0.0,0.0,0.0,0.0,0.02206034239381552,0.0,0.007923171706497669,0.0,0.0,0.0,0.0,0.0,0.017026734557002782,-0.04346745029091835,0.0,0.0,-0.021382219195365905,0.0,0.0,-0.060860957801342014,-0.013026079051196576,0.0024108804389834405,0.0,0.0,0.0,0.0,0.0,0.0,0.0,0.0,0.0,0.0,0.0,0.0,0.0,0.0,0.0,0.0,0.0,0.0,0.0,0.0,0.0,0.0,0.0,0.0,0.0,0.0,0.0,0.0,0.0,0.0,0.0,0.0,0.0,0.0,0.0,0.0,0.0,0.0,0.0,0.0021179544925689696,0.0,0.0,0.0,0.0,0.0,0.0,0.0,0.0,0.0,0.0,0.0,0.0,0.0,0.0,0.0,0.0,0.0,0.0,0.0,0.0,-0.1438420370221138,0.0,0.0,0.0,0.0,0.0,0.0,0.0,0.0,-0.05074392821639776,0.0,0.0,0.0,0.0,0.0,0.0,0.0,0.0
Etv5,-0.8911663141846656,0.0,0.0,0.0,0.06662987925112247,0.0,0.0,0.0,0.0,0.0,0.05523039728403092,0.0,0.03382182627916336,0.0,0.0,0.0,0.0,0.0,0.013484478667378426,-0.04616017758846283,0.0,0.0,-0.01838025212287903,0.0,0.0,0.10852136626839638,0.016807843744754792,0.0040181340649724,0.0,0.0,0.0,0.0,0.0,0.0,0.0,0.0,0.0,0.0,0.0,0.0,0.0,0.0,0.0,0.0,0.0,0.0,0.0,0.0,0.0,0.0,0.0,0.0,0.0,0.0,0.0,0.0,0.0,0.0,0.0,0.0,0.0,0.0,0.0,0.0,0.0,0.0,0.0,0.0031769317388534546,0.0,0.0,0.0,0.0,0.0,0.0,0.0,0.0,0.0,0.0,0.0,0.0,0.0,0.0,0.0,0.0,0.0,0.0,0.0,0.0,0.1626212316006422,0.0,0.0,0.0,0.0,0.0,0.0,0.0,0.0,0.010229821912944317,0.0,0.0,0.0,0.0,0.0,0.0,2.0,1.0
Syt14,0.6817310076206923,0.0,0.0,0.0,0.06662987925112247,0.0,0.0,0.0,0.0,0.0,0.06447486683726311,0.0,0.03382182627916336,0.0,0.0,0.0,0.0,0.0,0.027375362925231458,-0.025579664707183838,0.0,0.0,-0.007065998315811157,0.0,0.0,0.24343366198241712,0.030254119485616685,0.006964765563607216,0.0,0.0,0.0,0.0,0.0,0.0,0.0,0.0,0.0,0.0,0.0,0.0,0.0,0.0,0.0,0.0,0.0,0.0,0.0,0.0,0.0,0.0,0.0,0.0,0.0,0.0,0.0,0.0,0.0,0.0,0.0,0.0,0.0,0.0,0.0,0.0,0.0,0.0,0.0,0.0031769317388534546,0.0,0.0,0.0,0.0,0.0,0.0,0.0,0.0,0.0,0.0,0.0,0.0,0.0,0.0,0.0,0.0,0.0,0.0,0.0,0.0,0.07678689867258072,0.0,0.0,0.0,0.0,0.0,0.0,0.0,0.0,0.08536386545747518,0.0,0.0,0.0,0.0,0.0,0.0,2.0,2.0
6030407O03Rik,0.6131380391865968,0.0,0.0,0.0,0.014310401626862585,0.0,0.0,0.0,0.0,0.0,-0.07296271778643132,0.0,0.0037741170192020944,0.0,0.0,0.0,0.0,0.0,0.027375362925231458,0.1382246761803981,0.0,0.0,-0.007065998315811157,0.0,0.0,0.19837294168770314,0.030254119485616685,0.006964765563607216,0.0,0.0,0.0,0.0,0.0,0.0,0.0,0.0,0.0,0.0,0.0,0.0,0.0,0.0,0.0,0.0,0.0,0.0,0.0,0.0,0.0,0.0,0.0,0.0,0.0,0.0,0.0,0.0,0.0,0.0,0.0,0.0,0.0,0.0,0.0,0.0,0.0,0.0,0.0,-0.1323721557855606,0.0,0.0,0.0,0.0,0.0,0.0,0.0,0.0,0.0,0.0,0.0,0.0,0.0,0.0,0.0,0.0,0.0,0.0,0.0,0.0,0.029826163910329342,0.0,0.0,0.0,0.0,0.0,0.0,0.0,0.0,0.11066609635949134,0.0,0.0,0.0,0.0,0.0,0.0,2.0,2.0
Caln1,0.622852870374918,0.0,0.0,0.0,0.019718128889799118,0.0,0.0,0.0,0.0,0.0,-0.07315701603889466,0.0,-0.03459353093290701,0.0,0.0,0.0,0.0,0.0,-0.13747860702686013,-0.04819493785500526,0.0,0.0,-0.007065998315811157,0.0,0.0,0.34944767467677595,0.030254119485616685,0.002143004834651947,0.0,0.0,0.0,0.0,0.0,0.0,0.0,0.0,0.0,0.0,0.0,0.0,0.0,0.0,0.0,0.0,0.0,0.0,0.0,0.0,0.0,0.0,0.0,0.0,0.0,0.0,0.0,0.0,0.0,0.0,0.0,0.0,0.0,0.0,0.0,0.0,0.0,0.0,0.0,0.0031769317388534546,0.0,0.0,0.0,0.0,0.0,0.0,0.0,0.0,0.0,0.0,0.0,0.0,0.0,0.0,0.0,0.0,0.0,0.0,0.0,0.0,0.0013490064907819032,0.0,0.0,0.0,0.0,0.0,0.0,0.0,0.0,0.04870065905153751,0.0,0.0,0.0,0.0,0.0,0.0,0.0,2.0
Cst3,-0.6876807189360261,0.0,0.0,0.0,-0.0189722361555323,0.0,0.0,0.0,0.0,0.0,-0.030801641959697007,0.0,0.001827455907186959,0.0,0.0,0.0,0.0,0.0,0.017026734557002782,-0.052062049657106396,0.0,0.0,-0.021382219195365905,0.0,0.0,-0.060860957801342014,-0.013026079051196576,0.0024108804389834405,0.0,0.0,0.0,0.0,0.0,0.0,0.0,0.0,0.0,0.0,0.0,0.0,0.0,0.0,0.0,0.0,0.0,0.0,0.0,0.0,0.0,0.0,0.0,0.0,0.0,0.0,0.0,0.0,0.0,0.0,0.0,0.0,0.0,0.0,0.0,0.0,0.0,0.0,0.0,0.0021179544925689696,0.0,0.0,0.0,0.0,0.0,0.0,0.0,0.0,0.0,0.0,0.0,0.0,0.0,0.0,0.0,0.0,0.0,0.0,0.0,0.0,-0.07339704468846321,0.0,0.0,0.0,0.0,0.0,0.0,0.0,0.0,-0.03172726847231388,0.0,0.0,0.0,0.0,0.0,0.0,0.0,1.0
Tmsb4x,-0.6992303201928735,0.0,0.0,0.0,-0.03014438522979617,0.0,0.0,0.0,0.0,0.0,0.01798007920384407,0.0,0.0035275656543672083,0.0,0.0,0.0,0.0,0.0,0.017026734557002782,-0.04963332116603851,0.0,0.0,-0.021382219195365905,0.0,0.0,-0.060860957801342014,-0.013026079051196576,0.0024108804389834405,0.0,0.0,0.0,0.0,0.0,0.0,0.0,0.0,0.0,0.0,0.0,0.0,0.0,0.0,0.0,0.0,0.0,0.0,0.0,0.0,0.0,0.0,0.0,0.0,0.0,0.0,0.0,0.0,0.0,0.0,0.0,0.0,0.0,0.0,0.0,0.0,0.0,0.0,0.0,0.0021179544925689696,0.0,0.0,0.0,0.0,0.0,0.0,0.0,0.0,0.0,0.0,0.0,0.0,0.0,0.0,0.0,0.0,0.0,0.0,0.0,0.0,-0.08456919476389885,0.0,0.0,0.0,0.0,0.0,0.0,0.0,0.0,-0.05074392821639776,0.0,0.0,0.0,0.0,0.0,0.0,0.0,0.0
Nova1,0.6685448778420686,0.0,0.0,0.0,0.06662987925112247,0.0,0.0,0.0,0.0,0.0,0.0965579717606306,0.0,0.03382182627916336,0.0,0.0,0.0,0.0,0.0,0.02953151859343052,-0.025579664707183838,0.0,0.0,-0.007065998315811157,0.0,0.0,0.31202296681702135,0.030254119485616685,0.002143004834651947,0.0,0.0,0.0,0.0,0.0,0.0,0.0,0.0,0.0,0.0,0.0,0.0,0.0,0.0,0.0,0.0,0.0,0.0,0.0,0.0,0.0,0.0,0.0,0.0,0.0,0.0,0.0,0.0,0.0,0.0,0.0,0.0,0.0,0.0,0.0,0.0,0.0,0.0,0.0,0.0031769317388534546,0.0,0.0,0.0,0.0,0.0,0.0,0.0,0.0,0.0,0.0,0.0,0.0,0.0,0.0,0.0,0.0,0.0,0.0,0.0,0.0,0.07678689867258072,0.0,0.0,0.0,0.0,0.0,0.0,0.0,0.0,0.0005431920662522316,0.0,0.0,0.0,0.0,0.0,0.0,2.0,2.0
Pls1,0.5132957164943218,0.0,0.0,0.0,0.014310401626862585,0.0,0.0,0.0,0.0,0.0,-0.07296271778643132,0.0,0.0037741170192020944,0.0,0.0,0.0,0.0,0.0,0.029993551978841425,0.3108635613322258,0.0,0.0,0.18115970879793167,0.0,0.0,-0.07569335766136646,-0.012605882957577705,0.020358545035123826,0.0,0.0,0.0,0.0,0.0,0.0,0.0,0.0,0.0,0.0,0.0,0.0,0.0,0.0,0.0,0.0,0.0,0.0,0.0,0.0,0.0,0.0,0.0,0.0,0.0,0.0,0.0,0.0,0.0,0.0,0.0,0.0,0.0,0.0,0.0,0.0,0.0,0.0,0.0,0.02170903354883194,0.0,0.0,0.0,0.0,0.0,0.0,0.0,0.0,0.0,0.0,0.0,0.0,0.0,0.0,0.0,0.0,0.0,0.0,0.0,0.0,0.1424768191576004,0.0,0.0,0.0,0.0,0.0,0.0,0.0,0.0,0.18775370121002197,0.0,0.0,0.0,0.0,0.0,0.0,2.0,2.0
Lin52,0.6822719040513039,0.0,0.0,0.0,-0.014724977021105588,0.0,0.0,0.0,0.0,0.0,-0.12310521418228745,0.0,-0.009686298630258534,0.0,0.0,0.0,0.0,0.0,0.02953151859343052,-0.0206152705848217,0.0,0.0,-0.007065998315811157,0.0,0.0,0.31202296681702135,0.09454412378370762,0.002143004834651947,0.0,0.0,0.0,0.0,0.0,0.0,0.0,0.0,0.0,0.0,0.0,0.0,0.0,0.0,0.0,0.0,0.0,0.0,0.0,0.0,0.0,0.0,0.0,0.0,0.0,0.0,0.0,0.0,0.0,0.0,0.0,0.0,0.0,0.0,0.0,0.0,0.0,0.0,0.0,-0.013766704201698303,0.0,0.0,0.0,0.0,0.0,0.0,0.0,0.0,0.0,0.0,0.0,0.0,0.0,0.0,0.0,0.0,0.0,0.0,0.0,0.0,0.030088050849735738,0.0,0.0,0.0,0.0,0.0,0.0,0.0,0.0,-0.07974454209208488,0.0,0.0,0.0,0.0,0.0,0.0,2.0,2.0
Cmss1,0.5154146233946085,0.0,0.0,0.0,0.06662987925112247,0.0,0.0,0.0,0.0,0.0,0.0965579717606306,0.0,0.03382182627916336,0.0,0.0,0.0,0.0,0.0,0.03754009712487459,-0.0387606917321682,0.0,0.0,-0.01682239204645157,0.0,0.0,-0.21948380872607232,-0.012605882957577705,0.0037502583116292955,0.0,0.0,0.0,0.0,0.0,0.0,0.0,0.0,0.0,0.0,0.0,0.0,0.0,0.0,0.0,0.0,0.0,0.0,0.0,0.0,0.0,0.0,0.0,0.0,0.0,0.0,0.0,0.0,0.0,0.0,0.0,0.0,0.0,0.0,0.0,0.0,0.0,0.0,0.0,0.0031769317388534546,0.0,0.0,0.0,0.0,0.0,0.0,0.0,0.0,0.0,0.0,0.0,0.0,0.0,0.0,0.0,0.0,0.0,0.0,0.0,0.0,0.13225278314203023,0.0,0.0,0.0,0.0,0.0,0.0,0.0,0.0,-0.05838943857699633,0.0,0.0,0.0,0.0,0.0,0.0,0.0,2.0
St18,0.5394192452356219,0.0,0.0,0.0,-0.0189722361555323,0.0,0.0,0.0,0.0,0.0,0.03418823359534144,0.0,0.001827455907186959,0.0,0.0,0.0,0.0,0.0,0.03754009712487459,-0.04067760020494461,0.0,0.0,-0.01682239204645157,0.0,0.0,-0.23207395881414414,-0.05924765087664127,-0.025983933098614215,0.0,0.0,0.0,0.0,0.0,0.0,0.0,0.0,0.0,0.0,0.0,0.0,0.0,0.0,0.0,0.0,0.0,0.0,0.0,0.0,0.0,0.0,0.0,0.0,0.0,0.0,0.0,0.0,0.0,0.0,0.0,0.0,0.0,0.0,0.0,0.0,0.0,0.0,0.0,0.0021179544925689696,0.0,0.0,0.0,0.0,0.0,0.0,0.0,0.0,0.0,0.0,0.0,0.0,0.0,0.0,0.0,0.0,0.0,0.0,0.0,0.0,-0.037567422874271866,0.0,0.0,0.0,0.0,0.0,0.0,0.0,0.0,-0.010439707711338998,0.0,0.0,0.0,0.0,0.0,0.0,2.0,2.0
Kcnmb2,0.41152009896934033,0.0,0.0,0.0,0.00962926311418414,0.0,0.0,0.0,0.0,0.0,-0.05230955732986331,0.0,0.0033085881476290525,0.0,0.0,0.0,0.0,0.0,-0.19877503525465726,-0.037669075056910514,0.0,0.0,0.18115970879793167,0.0,0.0,-0.20933657057583333,-0.05924765087664127,0.0037502583116292955,0.0,0.0,0.0,0.0,0.0,0.0,0.0,0.0,0.0,0.0,0.0,0.0,0.0,0.0,0.0,0.0,0.0,0.0,0.0,0.0,0.0,0.0,0.0,0.0,0.0,0.0,0.0,0.0,0.0,0.0,0.0,0.0,0.0,0.0,0.0,0.0,0.0,0.0,0.0,0.0021179544925689696,0.0,0.0,0.0,0.0,0.0,0.0,0.0,0.0,0.0,0.0,0.0,0.0,0.0,0.0,0.0,0.0,0.0,0.0,0.0,0.0,-0.058709235917776825,0.0,0.0,0.0,0.0,0.0,0.0,0.0,0.0,-0.2411817516759038,0.0,0.0,0.0,0.0,0.0,0.0,0.0,0.0
Clstn2,0.5235041396692395,0.0,0.0,0.0,0.007173488717526198,0.0,0.0,0.0,0.0,0.0,-0.04133170651271939,0.0,-0.01490819986211136,0.0,0.0,0.0,0.0,0.0,0.03754009712487459,-0.03170937806367874,0.0,0.0,-0.01682239204645157,0.0,0.0,-0.23207395881414414,0.09454412378370762,-0.025983933098614215,0.0,0.0,0.0,0.0,0.0,0.0,0.0,0.0,0.0,0.0,0.0,0.0,0.0,0.0,0.0,0.0,0.0,0.0,0.0,0.0,0.0,0.0,0.0,0.0,0.0,0.0,0.0,0.0,0.0,0.0,0.0,0.0,0.0,0.0,0.0,0.0,0.0,0.0,0.0,-0.013766704201698303,0.0,0.0,0.0,0.0,0.0,0.0,0.0,0.0,0.0,0.0,0.0,0.0,0.0,0.0,0.0,0.0,0.0,0.0,0.0,0.0,0.016376321092247962,0.0,0.0,0.0,0.0,0.0,0.0,0.0,0.0,-0.1656640277057886,0.0,0.0,0.0,0.0,0.0,0.0,0.0,0.0
Sfmbt2,0.4341634844616056,0.0,0.0,0.0,0.014486719071865082,0.0,0.0,0.0,0.0,0.0,0.01858784906566143,0.0,0.007923171706497669,0.0,0.0,0.0,0.0,0.0,-0.19877503525465726,-0.024140671603381635,0.0,0.0,-0.01682239204645157,0.0,0.0,-0.2513641129434109,-0.05924765087664127,0.0037502583116292955,0.0,0.0,0.0,0.0,0.0,0.0,0.0,0.0,0.0,0.0,0.0,0.0,0.0,0.0,0.0,0.0,0.0,0.0,0.0,0.0,0.0,0.0,0.0,0.0,0.0,0.0,0.0,0.0,0.0,0.0,0.0,0.0,0.0,0.0,0.0,0.0,0.0,0.0,0.0,-0.013766704201698303,0.0,0.0,0.0,0.0,0.0,0.0,0.0,0.0,0.0,0.0,0.0,0.0,0.0,0.0,0.0,0.0,0.0,0.0,0.0,0.0,-0.10007008876651526,0.0,0.0,0.0,0.0,0.0,0.0,0.0,0.0,-0.28561538845300677,0.0,0.0,0.0,0.0,0.0,0.0,0.0,0.0
Arhgap5,-0.7833005658909679,0.0,0.0,0.0,0.00962926311418414,0.0,0.0,0.0,0.0,0.0,-0.04275098403915763,0.0,0.0033085881476290525,0.0,0.0,0.0,0.0,0.0,0.013484478667378426,-0.045068560913205144,0.0,0.0,-0.01838025212287903,0.0,0.0,0.10852136626839638,-0.05924765087664127,0.0040181340649724,0.0,0.0,0.0,0.0,0.0,0.0,0.0,0.0,0.0,0.0,0.0,0.0,0.0,0.0,0.0,0.0,0.0,0.0,0.0,0.0,0.0,0.0,0.0,0.0,0.0,0.0,0.0,0.0,0.0,0.0,0.0,0.0,0.0,0.0,0.0,0.0,0.0,0.0,0.0,0.0021179544925689696,0.0,0.0,0.0,0.0,0.0,0.0,0.0,0.0,0.0,0.0,0.0,0.0,0.0,0.0,0.0,0.0,0.0,0.0,0.0,0.0,-0.058709235917776825,0.0,0.0,0.0,0.0,0.0,0.0,0.0,0.0,0.015438563302159309,0.0,0.0,0.0,0.0,0.0,0.0,2.0,1.0
Abca8a,-0.7102442890033126,0.0,0.0,0.0,0.00962926311418414,0.0,0.0,0.0,0.0,0.0,-0.060213938932865856,0.0,0.0033085881476290525,0.0,0.0,0.0,0.0,0.0,0.014562556631863116,-0.045068560913205144,0.0,0.0,-0.01838025212287903,0.0,0.0,0.12593985706567765,-0.05924765087664127,0.0016072535514831544,0.0,0.0,0.0,0.0,0.0,0.0,0.0,0.0,0.0,0.0,0.0,0.0,0.0,0.0,0.0,0.0,0.0,0.0,0.0,0.0,0.0,0.0,0.0,0.0,0.0,0.0,0.0,0.0,0.0,0.0,0.0,0.0,0.0,0.0,0.0,0.0,0.0,0.0,0.0,0.0021179544925689696,0.0,0.0,0.0,0.0,0.0,0.0,0.0,0.0,0.0,0.0,0.0,0.0,0.0,0.0,0.0,0.0,0.0,0.0,0.0,0.0,-0.058709235917776825,0.0,0.0,0.0,0.0,0.0,0.0,0.0,0.0,-0.05624044723808765,0.0,0.0,0.0,0.0,0.0,0.0,2.0,1.0
Pou6f2,0.4341634844616056,0.0,0.0,0.0,0.014486719071865082,0.0,0.0,0.0,0.0,0.0,0.01858784906566143,0.0,0.007923171706497669,0.0,0.0,0.0,0.0,0.0,-0.19877503525465726,-0.024140671603381635,0.0,0.0,-0.01682239204645157,0.0,0.0,-0.2513641129434109,-0.05924765087664127,0.0037502583116292955,0.0,0.0,0.0,0.0,0.0,0.0,0.0,0.0,0.0,0.0,0.0,0.0,0.0,0.0,0.0,0.0,0.0,0.0,0.0,0.0,0.0,0.0,0.0,0.0,0.0,0.0,0.0,0.0,0.0,0.0,0.0,0.0,0.0,0.0,0.0,0.0,0.0,0.0,0.0,-0.013766704201698303,0.0,0.0,0.0,0.0,0.0,0.0,0.0,0.0,0.0,0.0,0.0,0.0,0.0,0.0,0.0,0.0,0.0,0.0,0.0,0.0,-0.10007008876651526,0.0,0.0,0.0,0.0,0.0,0.0,0.0,0.0,-0.28561538845300677,0.0,0.0,0.0,0.0,0.0,0.0,2.0,0.0
Rpl13,-0.900094338208437,0.0,0.0,0.0,0.007173488717526198,0.0,0.0,0.0,0.0,0.0,-0.04923608811572194,0.0,-0.01490819986211136,0.0,0.0,0.0,0.0,0.0,0.014562556631863116,-0.04705119363963604,0.0,0.0,-0.01838025212287903,0.0,0.0,0.12593985706567765,0.034035884328186515,0.0016072535514831544,0.0,0.0,0.0,0.0,0.0,0.0,0.0,0.0,0.0,0.0,0.0,0.0,0.0,0.0,0.0,0.0,0.0,0.0,0.0,0.0,0.0,0.0,0.0,0.0,0.0,0.0,0.0,0.0,0.0,0.0,0.0,0.0,0.0,0.0,0.0,0.0,0.0,0.0,0.0,0.0021179544925689696,0.0,0.0,0.0,0.0,0.0,0.0,0.0,0.0,0.0,0.0,0.0,0.0,0.0,0.0,0.0,0.0,0.0,0.0,0.0,0.0,-0.06605367152020335,0.0,0.0,0.0,0.0,0.0,0.0,0.0,0.0,-0.05624044723808765,0.0,0.0,0.0,0.0,0.0,0.0,0.0,1.0
Nell2,0.4818634031713009,0.0,0.0,0.0,0.019718128889799118,0.0,0.0,0.0,0.0,0.0,-0.1466638770699501,0.0,-0.03459353093290701,0.0,0.0,0.0,0.0,0.0,0.03754009712487459,-0.03754897624254227,0.0,0.0,-0.01682239204645157,0.0,0.0,-0.21948380872607232,0.030254119485616685,0.0037502583116292955,0.0,0.0,0.0,0.0,0.0,0.0,0.0,0.0,0.0,0.0,0.0,0.0,0.0,0.0,0.0,0.0,0.0,0.0,0.0,0.0,0.0,0.0,0.0,0.0,0.0,0.0,0.0,0.0,0.0,0.0,0.0,0.0,0.0,0.0,0.0,0.0,0.0,0.0,0.0,-0.020650056302547456,0.0,0.0,0.0,0.0,0.0,0.0,0.0,0.0,0.0,0.0,0.0,0.0,0.0,0.0,0.0,0.0,0.0,0.0,0.0,0.0,0.0013490064907819032,0.0,0.0,0.0,0.0,0.0,0.0,0.0,0.0,-0.13867717273533345,0.0,0.0,0.0,0.0,0.0,0.0,0.0,0.0
Atp13a4,0.5579469751566648,0.0,0.0,0.0,0.019718128889799118,0.0,0.0,0.0,0.0,0.0,-0.07315701603889466,0.0,-0.03459353093290701,0.0,0.0,0.0,0.0,0.0,0.029993551978841425,-0.06137596487998962,0.0,0.0,-0.01682239204645157,0.0,0.0,-0.15205287739634513,-0.012605882957577705,0.020358545035123826,0.0,0.0,0.0,0.0,0.0,0.0,0.0,0.0,0.0,0.0,0.0,0.0,0.0,0.0,0.0,0.0,0.0,0.0,0.0,0.0,0.0,0.0,0.0,0.0,0.0,0.0,0.0,0.0,0.0,0.0,0.0,0.0,0.0,0.0,0.0,0.0,0.0,0.0,0.0,0.0031769317388534546,0.0,0.0,0.0,0.0,0.0,0.0,0.0,0.0,0.0,0.0,0.0,0.0,0.0,0.0,0.0,0.0,0.0,0.0,0.0,0.0,0.056814890056848526,0.0,0.0,0.0,0.0,0.0,0.0,0.0,0.0,0.18775370121002197,0.0,0.0,0.0,0.0,0.0,0.0,2.0,2.0
Fnip1,0.4428467682003975,0.0,0.0,0.0,0.019718128889799118,0.0,0.0,0.0,0.0,0.0,-0.07315701603889466,0.0,-0.03459353093290701,0.0,0.0,0.0,0.0,0.0,0.027375362925231458,-0.0449484620988369,0.0,0.0,-0.007065998315811157,0.0,0.0,0.19438798002898694,0.030254119485616685,0.006964765563607216,0.0,0.0,0.0,0.0,0.0,0.0,0.0,0.0,0.0,0.0,0.0,0.0,0.0,0.0,0.0,0.0,0.0,0.0,0.0,0.0,0.0,0.0,0.0,0.0,0.0,0.0,0.0,0.0,0.0,0.0,0.0,0.0,0.0,0.0,0.0,0.0,0.0,0.0,0.0,-0.020650056302547456,0.0,0.0,0.0,0.0,0.0,0.0,0.0,0.0,0.0,0.0,0.0,0.0,0.0,0.0,0.0,0.0,0.0,0.0,0.0,0.0,0.0013490064907819032,0.0,0.0,0.0,0.0,0.0,0.0,0.0,0.0,0.11066609635949134,0.0,0.0,0.0,0.0,0.0,0.0,2.0,2.0
C1ql1,-0.8362245353683829,0.0,0.0,0.0,-0.0189722361555323,0.0,0.0,0.0,0.0,0.0,-0.048264596853405235,0.0,0.001827455907186959,0.0,0.0,0.0,0.0,0.0,0.014562556631863116,-0.04807708606123924,0.0,0.0,-0.01838025212287903,0.0,0.0,0.12593985706567765,-0.013026079051196576,0.0016072535514831544,0.0,0.0,0.0,0.0,0.0,0.0,0.0,0.0,0.0,0.0,0.0,0.0,0.0,0.0,0.0,0.0,0.0,0.0,0.0,0.0,0.0,0.0,0.0,0.0,0.0,0.0,0.0,0.0,0.0,0.0,0.0,0.0,0.0,0.0,0.0,0.0,0.0,0.0,0.0,0.0021179544925689696,0.0,0.0,0.0,0.0,0.0,0.0,0.0,0.0,0.0,0.0,0.0,0.0,0.0,0.0,0.0,0.0,0.0,0.0,0.0,0.0,-0.07339704468846321,0.0,0.0,0.0,0.0,0.0,0.0,0.0,0.0,-0.05624044723808765,0.0,0.0,0.0,0.0,0.0,0.0,0.0,1.0
Tenm4,0.463632130920887,0.0,0.0,0.0,0.019718128889799118,0.0,0.0,0.0,0.0,0.0,-0.1466638770699501,0.0,-0.03459353093290701,0.0,0.0,0.0,0.0,0.0,0.03754009712487459,-0.06137596487998962,0.0,0.0,-0.01682239204645157,0.0,0.0,-0.23207395881414414,-0.012605882957577705,-0.025983933098614215,0.0,0.0,0.0,0.0,0.0,0.0,0.0,0.0,0.0,0.0,0.0,0.0,0.0,0.0,0.0,0.0,0.0,0.0,0.0,0.0,0.0,0.0,0.0,0.0,0.0,0.0,0.0,0.0,0.0,0.0,0.0,0.0,0.0,0.0,0.0,0.0,0.0,0.0,0.0,0.0031769317388534546,0.0,0.0,0.0,0.0,0.0,0.0,0.0,0.0,0.0,0.0,0.0,0.0,0.0,0.0,0.0,0.0,0.0,0.0,0.0,0.0,0.056814890056848526,0.0,0.0,0.0,0.0,0.0,0.0,0.0,0.0,-0.09072744186967611,0.0,0.0,0.0,0.0,0.0,0.0,0.0,0.0
Myo6,0.4341634844616056,0.0,0.0,0.0,0.014486719071865082,0.0,0.0,0.0,0.0,0.0,0.01858784906566143,0.0,0.007923171706497669,0.0,0.0,0.0,0.0,0.0,-0.19877503525465726,-0.032083000838756565,0.0,0.0,-0.01682239204645157,0.0,0.0,-0.2513641129434109,-0.05924765087664127,0.0037502583116292955,0.0,0.0,0.0,0.0,0.0,0.0,0.0,0.0,0.0,0.0,0.0,0.0,0.0,0.0,0.0,0.0,0.0,0.0,0.0,0.0,0.0,0.0,0.0,0.0,0.0,0.0,0.0,0.0,0.0,0.0,0.0,0.0,0.0,0.0,0.0,0.0,0.0,0.0,0.0,0.0021179544925689696,0.0,0.0,0.0,0.0,0.0,0.0,0.0,0.0,0.0,0.0,0.0,0.0,0.0,0.0,0.0,0.0,0.0,0.0,0.0,0.0,-0.10801241677254439,0.0,0.0,0.0,0.0,0.0,0.0,0.0,0.0,-0.28561538845300677,0.0,0.0,0.0,0.0,0.0,0.0,2.0,0.0
