{"test_accuracy":0.5709876543209876,"_wandb":{"runtime":152},"train_loss":0.8967611789703369,"_runtime":152.079253984,"LR":0.0001,"_timestamp":1.7293813638350632e+09,"train_accuracy":0.5748456790123457,"epoch":199,"_step":199}