{"_wandb":{"runtime":37},"_step":49,"train_loss":0.9269924396421851,"train_accuracy":0.5424382716049383,"test_accuracy":0.5740740740740741,"_timestamp":1.7293799113816884e+09,"_runtime":37.008686281}