{"train_accuracy":0.5138888888888888,"train_loss":0.9805303681187514,"epoch":7,"_timestamp":1.7293808048731391e+09,"_runtime":7.014014717,"_step":7,"_wandb":{"runtime":10},"test_accuracy":0.5154320987654321,"LR":0.009960967771506667}