{"_timestamp":1.7293802945417912e+09,"_step":63,"epoch":63,"_runtime":47.523577089,"train_loss":0.9097937083825832,"train_accuracy":0.5563271604938271,"LR":0.00013160058135031012,"test_accuracy":0.5432098765432098,"_wandb":{"runtime":48}}